"delta","n","p_exp","method","target","n_sim","n_valid","n_valid_se","n_valid_ci","nonest_rate","bias","bias_mcse","emp_se","emp_se_mcse","mod_se","se_ratio","se_ratio_mcse","rmse","coverage","coverage_mcse","ci_width","study","nrep"
0,25,0.15,"biserial_split_p","own",1000,1000,1000,1000,0,-0.032706998871242,0.0119352716212282,0.377426428158516,0.00844373442187964,0.363859507831464,0.964054132633885,0.0215676922890445,0.378652882913872,0.945,0.00720936890441875,1.50504879290712,"02a_cor_to_smd_GROUPS",1000
0.2,25,0.15,"biserial_split_p","own",1000,1000,1000,1000,0,-0.00382493376495219,0.0114754447617674,0.362885426106334,0.00811842503600626,0.363657161646248,1.0021266644632,0.0224194459648637,0.362724105576403,0.96,0.00619677335393187,1.50410329531137,"02a_cor_to_smd_GROUPS",1000
0.5,25,0.15,"biserial_split_p","own",1000,1000,1000,1000,0,0.0249745353265076,0.011899167171341,0.376284705205407,0.0084181919461011,0.358765276494435,0.953441028910785,0.0213302573280988,0.376924815589162,0.941,0.00745110730026082,1.48315417743388,"02a_cor_to_smd_GROUPS",1000
0.8,25,0.15,"biserial_split_p","own",1000,1000,1000,1000,0,0.0215530046160718,0.0111685277656431,0.353179858502634,0.00790129335378916,0.352433820203229,0.997887653326076,0.0223246113651036,0.353660583678007,0.939,0.00756828910652864,1.45610103791262,"02a_cor_to_smd_GROUPS",1000
1.2,25,0.15,"biserial_split_p","own",1000,1000,1000,1000,0,0.0251760014754209,0.0105586635458829,0.333894258523797,0.00746983844698144,0.338974026047814,1.01521370132711,0.022712227432731,0.334675546685998,0.953,0.00669260786241059,1.39875396338457,"02a_cor_to_smd_GROUPS",1000
0,50,0.15,"biserial_split_p","own",1000,1000,1000,1000,0,0.0098025328674549,0.00854188605742156,0.270118154550879,0.00604304783500201,0.256630845210977,0.95006885278656,0.0212548154472647,0.270160958043853,0.935,0.0077958322198467,1.03192396838713,"02a_cor_to_smd_GROUPS",1000
0.2,50,0.15,"biserial_split_p","own",1000,1000,1000,1000,0,-0.00242186165503769,0.0081322757145218,0.257165138183621,0.00575326465606295,0.256352138360898,0.996838607952596,0.0223011422599501,0.257047932889141,0.955,0.00655553201502365,1.03078359484788,"02a_cor_to_smd_GROUPS",1000
0.5,50,0.15,"biserial_split_p","own",1000,1000,1000,1000,0,0.00911809886749137,0.00820119833790337,0.259344662905619,0.00580202469655153,0.253576322708332,0.977758014633269,0.021874273735172,0.25937527686811,0.943,0.00733150734842434,1.0193909080263,"02a_cor_to_smd_GROUPS",1000
0.8,50,0.15,"biserial_split_p","own",1000,1000,1000,1000,0,-0.00131072144027144,0.00799230888488996,0.252738998398528,0.00565424363879665,0.249251743804817,0.986202150772901,0.0220631848385442,0.252615997713671,0.944,0.00727076337120113,1.00175704805791,"02a_cor_to_smd_GROUPS",1000
1.2,50,0.15,"biserial_split_p","own",1000,1000,1000,1000,0,0.0153577321454211,0.00755520623457861,0.238916598935728,0.00534501073556181,0.239516832970198,1.00251231616867,0.0224280737141079,0.239290451214458,0.947,0.00708456067798138,0.962015495607532,"02a_cor_to_smd_GROUPS",1000
0,100,0.15,"biserial_split_p","own",1000,1000,1000,1000,0,-0.00579808112409459,0.00606171838360664,0.191688366267112,0.00428842692447521,0.183056931366792,0.954971524519686,0.0213644973746118,0.191680210447281,0.94,0.00750999334220744,0.726530577184021,"02a_cor_to_smd_GROUPS",1000
0.2,100,0.15,"biserial_split_p","own",1000,1000,1000,1000,0,0.00948728020385823,0.00578913013183967,0.183068368877242,0.00409558147633719,0.182727291761951,0.998136886686747,0.0223301871810761,0.183222602703261,0.948,0.00702111102319284,0.725210346149206,"02a_cor_to_smd_GROUPS",1000
0.5,100,0.15,"biserial_split_p","own",1000,1000,1000,1000,0,0.00286195612978429,0.0058331408201602,0.184460109042088,0.00412671730430123,0.180941238834524,0.980923408178395,0.0219450895033369,0.184390067760929,0.942,0.00739161687318817,0.718062329061669,"02a_cor_to_smd_GROUPS",1000
0.8,100,0.15,"biserial_split_p","own",1000,1000,1000,1000,0,0.0107270859252301,0.00555386460892681,0.175628619804091,0.00392914038834657,0.177547374392927,1.01092506785612,0.0226162826886428,0.175868237765217,0.956,0.00648567652600714,0.704490701640788,"02a_cor_to_smd_GROUPS",1000
1.2,100,0.15,"biserial_split_p","own",1000,1000,1000,1000,0,0.0088243353700539,0.00526714832668851,0.166561854862803,0.003726299915295,0.171102381258598,1.02726030158306,0.0229817323896153,0.166712259712852,0.953,0.00669260786241059,0.678704842714516,"02a_cor_to_smd_GROUPS",1000
0,300,0.15,"biserial_split_p","own",1000,1000,1000,1000,0,-0.00499117549444467,0.00335911701066186,0.106224606807076,0.00237644293570992,0.105627127146336,0.994375317747003,0.0222460338553757,0.106288735325259,0.957,0.00641490451994416,0.415738652294708,"02a_cor_to_smd_GROUPS",1000
0.2,300,0.15,"biserial_split_p","own",1000,1000,1000,1000,0,0.00211831749778182,0.00333975730015022,0.105612399006493,0.00236274670329625,0.105427192545774,0.998246356843886,0.0223326362330371,0.105580832133982,0.952,0.00675988165576884,0.414949816376964,"02a_cor_to_smd_GROUPS",1000
0.5,300,0.15,"biserial_split_p","own",1000,1000,1000,1000,0,-0.00227774909471999,0.00331105964203462,0.104704899374912,0.00234244424086824,0.104433891623138,0.997411699420069,0.022313963386903,0.104677318355486,0.949,0.00695693898205238,0.41103033807056,"02a_cor_to_smd_GROUPS",1000
0.8,300,0.15,"biserial_split_p","own",1000,1000,1000,1000,0,0.00136133893162862,0.0031765675149562,0.100451884885626,0.00224729635995499,0.102547108476294,1.0208579818393,0.0228385005341672,0.100410875106159,0.957,0.00641490451994416,0.403586090496376,"02a_cor_to_smd_GROUPS",1000
1.2,300,0.15,"biserial_split_p","own",1000,1000,1000,1000,0,0.00657451001608712,0.00300515377972942,0.095031306630089,0.0021260278959895,0.0987575151985325,1.03921032658162,0.0232490767775398,0.0952110417574233,0.968,0.00556560868189635,0.388633628009431,"02a_cor_to_smd_GROUPS",1000
0,25,0.3,"biserial_split_p","own",1000,1000,1000,1000,0,-0.0244953703163309,0.010674106124856,0.337544873408985,0.00755150952316304,0.333501195070752,0.988020323646472,0.022103860762995,0.338264139674984,0.957,0.00641490451994416,1.3797339408053,"02a_cor_to_smd_GROUPS",1000
0.2,25,0.3,"biserial_split_p","own",1000,1000,1000,1000,0,-0.00402751557026915,0.0106299810123909,0.336149514834979,0.0075202927446251,0.333080655457387,0.990870552411479,0.022167625706141,0.336005536723931,0.958,0.00634318531969546,1.37794601012205,"02a_cor_to_smd_GROUPS",1000
0.5,25,0.3,"biserial_split_p","own",1000,1000,1000,1000,0,0.0274531542239016,0.0111723793476963,0.353301656221466,0.00790401819633934,0.329882238642165,0.933712686688849,0.0208888974500459,0.354190505103374,0.936,0.0077397674383666,1.36441159024756,"02a_cor_to_smd_GROUPS",1000
0.8,25,0.3,"biserial_split_p","own",1000,1000,1000,1000,0,0.0304294534123954,0.0102421210610525,0.323884306241064,0.00724589711074946,0.325295039315713,1.00435566974832,0.022469312978004,0.325149341719161,0.955,0.00655553201502365,1.34508903782522,"02a_cor_to_smd_GROUPS",1000
1.2,25,0.3,"biserial_split_p","own",1000,1000,1000,1000,0,0.0365316925957319,0.00982833855061904,0.310799354351943,0.00695316228766385,0.314589347647106,1.01219434095372,0.0226446786994819,0.312784601588422,0.945,0.00720936890441875,1.29940323116333,"02a_cor_to_smd_GROUPS",1000
0,50,0.3,"biserial_split_p","own",1000,1000,1000,1000,0,0.00229216790061812,0.0076302950959513,0.241291117224191,0.0053981331464791,0.235793605093702,0.977216268075954,0.0218621538524276,0.241181334024281,0.944,0.00727076337120113,0.948179975774925,"02a_cor_to_smd_GROUPS",1000
0.2,50,0.3,"biserial_split_p","own",1000,1000,1000,1000,0,0.0108462748732617,0.00750647474558109,0.237375573945692,0.00531053512711852,0.235456062099752,0.991913608405305,0.0221909608176804,0.237504647578878,0.953,0.00669260786241059,0.946807553082397,"02a_cor_to_smd_GROUPS",1000
0.5,50,0.3,"biserial_split_p","own",1000,1000,1000,1000,0,0.00369055531978901,0.00730319680065182,0.230947360905144,0.00516672399023954,0.233856915582573,1.01259834564043,0.0226537170392093,0.230861358880412,0.956,0.00648567652600714,0.94033017210524,"02a_cor_to_smd_GROUPS",1000
0.8,50,0.3,"biserial_split_p","own",1000,1000,1000,1000,0,0.0258220273057966,0.00693413643994162,0.219276647565869,0.00490562832602881,0.230274220731691,1.05015387314565,0.0234939043622721,0.220682901498371,0.958,0.00634318531969546,0.925806898252885,"02a_cor_to_smd_GROUPS",1000
1.2,50,0.3,"biserial_split_p","own",1000,1000,1000,1000,0,0.0153080669670494,0.00690656765159497,0.218404845930803,0.00488612449448483,0.223289112128863,1.02236336001266,0.022872178656715,0.218831700088446,0.951,0.00682634602111555,0.897342875511116,"02a_cor_to_smd_GROUPS",1000
0,100,0.3,"biserial_split_p","own",1000,1000,1000,1000,0,0.00888858728803562,0.00524619295955708,0.1658991879694,0.00371147481869175,0.166165525554175,1.00160541825452,0.0224077847132231,0.166054283330224,0.949,0.00695693898205238,0.659498676705666,"02a_cor_to_smd_GROUPS",1000
0.2,100,0.3,"biserial_split_p","own",1000,1000,1000,1000,0,-0.005879742480872,0.00518467490730218,0.163953816345972,0.00366795322053491,0.165983812686959,1.01238151319822,0.0226488660923241,0.163977267973813,0.963,0.00596917079668525,0.658775433134715,"02a_cor_to_smd_GROUPS",1000
0.5,100,0.3,"biserial_split_p","own",1000,1000,1000,1000,0,0.00372418181014517,0.00531027245169216,0.167925559433937,0.00375680853464297,0.164814086363363,0.981471116838545,0.021957342769462,0.167882887894641,0.942,0.00739161687318817,0.654113047616618,"02a_cor_to_smd_GROUPS",1000
0.8,100,0.3,"biserial_split_p","own",1000,1000,1000,1000,0,0.00904653972190038,0.00488116557157314,0.154356008425688,0.00345323232378558,0.162607241499501,1.05345585933434,0.0235677759630978,0.154543817219304,0.966,0.00573096850453743,0.645323164199627,"02a_cor_to_smd_GROUPS",1000
1.2,100,0.3,"biserial_split_p","own",1000,1000,1000,1000,0,0.000245282672474101,0.00456563036744284,0.144377909155508,0.00323000359896199,0.158006015282091,1.09439190667254,0.0244835918313498,0.14430591060332,0.967,0.00564898220921256,0.626966941377057,"02a_cor_to_smd_GROUPS",1000
0,300,0.3,"biserial_split_p","own",1000,1000,1000,1000,0,-0.00123614342808188,0.00306842166605482,0.097032012865418,0.00217078743280768,0.0957049845499932,0.986323809264213,0.0220659065663146,0.0969913622946328,0.955,0.00655553201502365,0.376686398845707,"02a_cor_to_smd_GROUPS",1000
0.2,300,0.3,"biserial_split_p","own",1000,1000,1000,1000,0,-0.00211050251892202,0.00311509451599074,0.0985079379723054,0.00220380663522534,0.0955936469511199,0.970415673283052,0.0217100118399505,0.0984812888349578,0.949,0.00695693898205238,0.376247736271105,"02a_cor_to_smd_GROUPS",1000
0.5,300,0.3,"biserial_split_p","own",1000,1000,1000,1000,0,-0.000640268464333849,0.00304886067586122,0.0964134400424182,0.00215694880294944,0.0949813663194033,0.985146534317364,0.022039568726007,0.096367348272631,0.949,0.00695693898205238,0.373835177010498,"02a_cor_to_smd_GROUPS",1000
0.8,300,0.3,"biserial_split_p","own",1000,1000,1000,1000,0,0.00408843789397954,0.00288058011336607,0.0910919414082282,0.00203789693524445,0.0937390257200704,1.02905947848865,0.0230219833387682,0.0911381334686173,0.958,0.00634318531969546,0.368938549597291,"02a_cor_to_smd_GROUPS",1000
1.2,300,0.3,"biserial_split_p","own",1000,1000,1000,1000,0,0.00465408474830752,0.00263412210642708,0.0832982549131004,0.00186353760578962,0.0910277447632189,1.09279293855774,0.0244478199269386,0.0833865767203614,0.958,0.00634318531969546,0.358250312161811,"02a_cor_to_smd_GROUPS",1000
0,25,0.5,"biserial_split_p","own",1000,1000,1000,1000,0,0.018444767693474,0.0107975276293871,0.341447804074618,0.00763882537480706,0.324847709196602,0.951383213832623,0.0212842201597581,0.341775109918405,0.945,0.00720936890441875,1.34397734172417,"02a_cor_to_smd_GROUPS",1000
0.2,25,0.5,"biserial_split_p","own",1000,1000,1000,1000,0,0.0156351724276179,0.0106461932218573,0.336662189913153,0.00753176224406089,0.324513029553467,0.96391290520976,0.0215645327676824,0.336856864712364,0.954,0.00662449998113065,1.34256375570573,"02a_cor_to_smd_GROUPS",1000
0.5,25,0.5,"biserial_split_p","own",1000,1000,1000,1000,0,0.0382655438789346,0.00980155307532088,0.309952323250419,0.00693421261923911,0.322849808212174,1.04161118983236,0.0233027885744891,0.312151604343137,0.957,0.00641490451994416,1.33558674466839,"02a_cor_to_smd_GROUPS",1000
0.8,25,0.5,"biserial_split_p","own",1000,1000,1000,1000,0,0.0374318124017197,0.0102280417341905,0.323439078833003,0.00723593654172054,0.319059891416049,0.986460549440239,0.0220689656995523,0.325437191264771,0.954,0.00662449998113065,1.3195656960937,"02a_cor_to_smd_GROUPS",1000
1.2,25,0.5,"biserial_split_p","own",1000,1000,1000,1000,0,0.0382020639544291,0.00966137749327473,0.305519582134362,0.00683504391786453,0.310856579730397,1.01746859418552,0.0227626735992571,0.307747088601771,0.958,0.00634318531969546,1.28481714369635,"02a_cor_to_smd_GROUPS",1000
0,50,0.5,"biserial_split_p","own",1000,1000,1000,1000,0,0.0118040836829353,0.00747439930389131,0.236361259418736,0.00528784301589658,0.227681783395604,0.96327877062224,0.0215503459920746,0.236537765907795,0.946,0.00714730718522718,0.915567231671785,"02a_cor_to_smd_GROUPS",1000
0.2,50,0.5,"biserial_split_p","own",1000,1000,1000,1000,0,0.00791183634581466,0.0073368450501564,0.232011411982265,0.00519052880102177,0.227534909848758,0.980705681262566,0.0219402185454055,0.232030306531447,0.942,0.00739161687318817,0.914974972678493,"02a_cor_to_smd_GROUPS",1000
0.5,50,0.5,"biserial_split_p","own",1000,1000,1000,1000,0,0.0209167103573448,0.00684491158062429,0.21645510977236,0.00484250525352453,0.226608926581592,1.04690957316697,0.0234213233097514,0.217355631406667,0.96,0.00619677335393187,0.911234967896736,"02a_cor_to_smd_GROUPS",1000
0.8,50,0.5,"biserial_split_p","own",1000,1000,1000,1000,0,0.0116756425872739,0.00679121348289877,0.214757026824051,0.00480451596509074,0.224677977703754,1.04619616422531,0.0234053630187168,0.214966929129951,0.962,0.00604615580348373,0.90342080360414,"02a_cor_to_smd_GROUPS",1000
1.2,50,0.5,"biserial_split_p","own",1000,1000,1000,1000,0,0.0164453162840176,0.00666251803895698,0.210687319550625,0.00471346900910714,0.219468972303779,1.04168097430773,0.0233043497835959,0.211223118764233,0.965,0.00581162627841812,0.882259042522441,"02a_cor_to_smd_GROUPS",1000
0,100,0.5,"biserial_split_p","own",1000,1000,1000,1000,0,0.00227923217349855,0.00501260287690715,0.158512420969392,0.00354621903867474,0.160300888323187,1.01128282151554,0.0226242863064693,0.158449538696952,0.948,0.00702111102319284,0.636223541089147,"02a_cor_to_smd_GROUPS",1000
0.2,100,0.5,"biserial_split_p","own",1000,1000,1000,1000,0,0.00220456171359217,0.00520342379069803,0.16454670809713,0.00368121731683079,0.160200392636477,0.973586129367669,0.0217809408665832,0.164479189014312,0.948,0.00702111102319284,0.635824058960085,"02a_cor_to_smd_GROUPS",1000
0.5,100,0.5,"biserial_split_p","own",1000,1000,1000,1000,0,0.00645786092815214,0.00504171771498888,0.159433112989845,0.00356681663949187,0.159646018199542,1.001335388902,0.0224017436520555,0.159484176543889,0.953,0.00669260786241059,0.633619317622997,"02a_cor_to_smd_GROUPS",1000
0.8,100,0.5,"biserial_split_p","own",1000,1000,1000,1000,0,0.00702955274600102,0.00479788593028559,0.151722474933783,0.00339431525879555,0.158372273831241,1.04382870039762,0.0233523984292683,0.151809434168108,0.956,0.00648567652600714,0.628548165774055,"02a_cor_to_smd_GROUPS",1000
1.2,100,0.5,"biserial_split_p","own",1000,1000,1000,1000,0,0.011421168068766,0.00458732912440056,0.145064084099317,0.00324535461457776,0.154938817806624,1.06807152692976,0.0238947557566866,0.145440668271062,0.961,0.00612200947402077,0.614856555724551,"02a_cor_to_smd_GROUPS",1000
0,300,0.5,"biserial_split_p","own",1000,1000,1000,1000,0,0.00101235369654328,0.00280976214137771,0.088852480500656,0.00198779601029338,0.0922723819993177,1.03848965700667,0.023232954052572,0.0888138130463682,0.949,0.00695693898205238,0.363176060863423,"02a_cor_to_smd_GROUPS",1000
0.2,300,0.5,"biserial_split_p","own",1000,1000,1000,1000,0,0.00336481934521586,0.00286748463788027,0.0906778261124479,0.00202863240230046,0.0922237497031541,1.01704852946948,0.0227532759666653,0.0906949154559218,0.961,0.00612200947402077,0.362984570214788,"02a_cor_to_smd_GROUPS",1000
0.5,300,0.5,"biserial_split_p","own",1000,1000,1000,1000,0,-0.000277131116446372,0.00286278069282297,0.0905290743087545,0.00202530454650803,0.09194461139939,1.01563627046277,0.0227216810938691,0.0904842228433249,0.947,0.00708456067798138,0.361885321563996,"02a_cor_to_smd_GROUPS",1000
0.8,300,0.5,"biserial_split_p","own",1000,1000,1000,1000,0,0.0125364528500447,0.00279329932434728,0.0883318805154683,0.00197614921587994,0.0912097169185566,1.03257981587502,0.0231007398638767,0.0891733213710523,0.962,0.00604615580348373,0.358990072632337,"02a_cor_to_smd_GROUPS",1000
1.2,300,0.5,"biserial_split_p","own",1000,1000,1000,1000,0,0.00484776603305234,0.00256831010869851,0.0812170968112191,0.00181697821039178,0.0893796361299624,1.10050272220043,0.0246203021928112,0.0813211007865715,0.966,0.00573096850453743,0.351777089451737,"02a_cor_to_smd_GROUPS",1000
0,25,0.15,"cooper","own",1000,1000,1000,1000,0,-0.0380662334043122,0.0136667879349014,0.432181781727974,0.00966871399199719,0.417734133425531,0.966570436530948,0.0216239867089536,0.433639653964787,0.972,0.0052168956286282,1.7275046190678,"02a_cor_to_smd_GROUPS",1000
0.2,25,0.15,"cooper","own",1000,1000,1000,1000,0,0.00131770384140989,0.0132314742539659,0.418415954444095,0.00936074671411032,0.41817007295338,0.999412351541323,0.0223587217130882,0.418208770072847,0.971,0.00530650544143696,1.72905735245657,"02a_cor_to_smd_GROUPS",1000
0.5,25,0.15,"cooper","own",1000,1000,1000,1000,0,0.0442059242638655,0.014185538144687,0.448586103724102,0.0100357093266432,0.426702215922625,0.951215858851177,0.0212804761161192,0.450535710795425,0.963,0.00596917079668525,1.76281460877164,"02a_cor_to_smd_GROUPS",1000
0.8,25,0.15,"cooper","own",1000,1000,1000,1000,0,0.0489057900766581,0.0139249746381513,0.44034636216637,0.0098513709119809,0.437680443655536,0.993945860032275,0.0222364260838524,0.442834946743711,0.965,0.00581162627841812,1.80650367730742,"02a_cor_to_smd_GROUPS",1000
1.2,25,0.15,"cooper","own",1000,1000,1000,1000,0,0.0666429780581562,0.0143090059584952,0.452490498817656,0.0101230579402761,0.46099532007408,1.01879557974951,0.0227923607458056,0.457147886786312,0.973,0.00512552436341883,1.89985059510646,"02a_cor_to_smd_GROUPS",1000
0,50,0.15,"cooper","own",1000,1000,1000,1000,0,0.0110450497343104,0.00960652954160894,0.303785137611775,0.00679624115307228,0.288992448088167,0.951305420535377,0.0212824797783414,0.303834029607621,0.954,0.00662449998113065,1.16198319545067,"02a_cor_to_smd_GROUPS",1000
0.2,50,0.15,"cooper","own",1000,1000,1000,1000,0,-0.000144091927546279,0.00917566187371399,0.290159905605045,0.00649141925423852,0.289460100483847,0.997588208750833,0.0223179122304411,0.290014825159665,0.961,0.00612200947402077,1.16381946608176,"02a_cor_to_smd_GROUPS",1000
0.5,50,0.15,"cooper","own",1000,1000,1000,1000,0,0.0178078060506589,0.00958436420973207,0.303084208273531,0.00678056005408429,0.294144980020576,0.970505793410102,0.0217120279955827,0.303455590200323,0.954,0.00662449998113065,1.1821490528779,"02a_cor_to_smd_GROUPS",1000
0.8,50,0.15,"cooper","own",1000,1000,1000,1000,0,0.00931025775491708,0.00968494353151695,0.306264805697083,0.00685171596141813,0.301316067155191,0.983841634919074,0.0220103756882534,0.306253186068205,0.954,0.00662449998113065,1.21048751167452,"02a_cor_to_smd_GROUPS",1000
1.2,50,0.15,"cooper","own",1000,1000,1000,1000,0,0.0363896854015704,0.0099683361746648,0.315226467941908,0.00705220509076471,0.317476395616549,1.00713749606539,0.0225315476305791,0.31716331371813,0.962,0.00604615580348373,1.27439282353985,"02a_cor_to_smd_GROUPS",1000
0,100,0.15,"cooper","own",1000,1000,1000,1000,0,-0.00644316708999308,0.006688159254881,0.211498165993586,0.00473160915910853,0.202128278529449,0.955697547446247,0.021380739864058,0.211490560419564,0.946,0.00714730718522718,0.802212311936244,"02a_cor_to_smd_GROUPS",1000
0.2,100,0.15,"cooper","own",1000,1000,1000,1000,0,0.0117992804823223,0.00642184725710302,0.203076641181505,0.00454320391338309,0.202636876144192,0.997834487340571,0.0223234219426669,0.203317744162354,0.952,0.00675988165576884,0.804206527918139,"02a_cor_to_smd_GROUPS",1000
0.5,100,0.15,"cooper","own",1000,1000,1000,1000,0,0.00658805351921171,0.00662838719428117,0.209608007474215,0.00468932278125553,0.205385564859152,0.979855528107232,0.0219211990308035,0.209606735888152,0.951,0.00682634602111555,0.814998236383243,"02a_cor_to_smd_GROUPS",1000
0.8,100,0.15,"cooper","own",1000,1000,1000,1000,0,0.017774616221648,0.00659378715462092,0.208513858149629,0.00466484461643873,0.210589846751517,1.00995611812236,0.0225946054726091,0.209166173157206,0.961,0.00612200947402077,0.835465735439227,"02a_cor_to_smd_GROUPS",1000
1.2,100,0.15,"cooper","own",1000,1000,1000,1000,0,0.0189863714601276,0.00680476986485812,0.215185717262279,0.00481410657120504,0.220503570264003,1.02471285301544,0.0229247412052317,0.215914497711454,0.957,0.00641490451994416,0.874463577367856,"02a_cor_to_smd_GROUPS",1000
0,300,0.15,"cooper","own",1000,1000,1000,1000,0,-0.00547467432623596,0.00368345210204377,0.116480982945933,0.00260589723404814,0.11585921891438,0.994662098345779,0.0222524496732219,0.116551377630816,0.957,0.00641490451994416,0.456010693932877,"02a_cor_to_smd_GROUPS",1000
0.2,300,0.15,"cooper","own",1000,1000,1000,1000,0,0.0027419630728472,0.00367882561197693,0.116334680484099,0.00260262417460973,0.11616374966032,0.998530697612542,0.0223389974673247,0.1163088237708,0.954,0.00662449998113065,0.457205334485137,"02a_cor_to_smd_GROUPS",1000
0.5,300,0.15,"cooper","own",1000,1000,1000,1000,0,-0.00151749209721984,0.00373051766148121,0.117969326617656,0.00263919426296536,0.117674249106383,0.997498692925241,0.0223159095941617,0.117920091769239,0.952,0.00675988165576884,0.463130583521119,"02a_cor_to_smd_GROUPS",1000
0.8,300,0.15,"cooper","own",1000,1000,1000,1000,0,0.00322833248210298,0.00373217373804266,0.118021696356794,0.00264036587188311,0.1205341289833,1.02128788777031,0.0228481183331262,0.118006838025342,0.957,0.00641490451994416,0.474353180101217,"02a_cor_to_smd_GROUPS",1000
1.2,300,0.15,"cooper","own",1000,1000,1000,1000,0,0.0108234216455041,0.00383275005312888,0.121202198700186,0.00271151965209611,0.12627600437907,1.04186232373089,0.0233084069090448,0.121624131869075,0.968,0.00556560868189635,0.496891056241825,"02a_cor_to_smd_GROUPS",1000
0,25,0.3,"cooper","own",1000,1000,1000,1000,0,-0.0306322439556496,0.0133703958578037,0.422809041287406,0.00945902827530929,0.417309190542952,0.986992116517407,0.0220808578483055,0.423706327871958,0.973,0.00512552436341883,1.72568616270417,"02a_cor_to_smd_GROUPS",1000
0.2,25,0.3,"cooper","own",1000,1000,1000,1000,0,4.56294704044771e-05,0.0134358936615711,0.424880263703842,0.00950536539085883,0.419085102006761,0.986360482723857,0.0220667270201315,0.42466777288677,0.97,0.00539444158370447,1.73258344927349,"02a_cor_to_smd_GROUPS",1000
0.5,25,0.3,"cooper","own",1000,1000,1000,1000,0,0.0512141996933118,0.014692247737766,0.464609667987968,0.0103941863993701,0.432225326134687,0.930297744354904,0.0208124988091914,0.467192867769327,0.956,0.00648567652600714,1.78438041687689,"02a_cor_to_smd_GROUPS",1000
0.8,25,0.3,"cooper","own",1000,1000,1000,1000,0,0.0633371325815376,0.014174093146282,0.448224181096333,0.010027612441205,0.449829432577697,1.00358135850109,0.0224519901885975,0.452455085026801,0.975,0.00493710441453288,1.85495504123412,"02a_cor_to_smd_GROUPS",1000
1.2,25,0.3,"cooper","own",1000,1000,1000,1000,0,0.0912048709854666,0.0155076312523846,0.49039435871545,0.0109710381098224,0.487602808629302,0.994307540377382,0.0222445175489748,0.498562402237025,0.973,0.00512552436341883,2.00466876493832,"02a_cor_to_smd_GROUPS",1000
0,50,0.3,"cooper","own",1000,1000,1000,1000,0,0.00287532271800646,0.00934075046133512,0.295380465130875,0.00660821292548407,0.288810743660841,0.97775844293859,0.0218742833171624,0.295246739258004,0.956,0.00648567652600714,1.16126057888001,"02a_cor_to_smd_GROUPS",1000
0.2,50,0.3,"cooper","own",1000,1000,1000,1000,0,0.0159777926299148,0.00927021896720683,0.293150063448673,0.00655831467233175,0.290164058736193,0.989814074479969,0.0221439903207765,0.29343877146278,0.958,0.00634318531969546,1.16655024803961,"02a_cor_to_smd_GROUPS",1000
0.5,50,0.3,"cooper","own",1000,1000,1000,1000,0,0.0106816978115588,0.00925629445659818,0.292709731760408,0.00654846362970236,0.296424177058745,1.01268985925407,0.0226557643697402,0.292758273577913,0.962,0.00604615580348373,1.19128163443077,"02a_cor_to_smd_GROUPS",1000
0.8,50,0.3,"cooper","own",1000,1000,1000,1000,0,0.0437521359132052,0.00927838559607972,0.29340831492911,0.00656409224049385,0.309366561261499,1.05438920957726,0.0235886567520035,0.296507335874237,0.966,0.00573096850453743,1.24252271394709,"02a_cor_to_smd_GROUPS",1000
1.2,50,0.3,"cooper","own",1000,1000,1000,1000,0,0.0386981921849965,0.0102756856979324,0.324945713254835,0.00726964276889408,0.33202236298234,1.02177794455764,0.0228590818191332,0.327080535838679,0.963,0.00596917079668525,1.33186496905525,"02a_cor_to_smd_GROUPS",1000
0,100,0.3,"cooper","own",1000,1000,1000,1000,0,0.0107774304555712,0.00637956672133286,0.201739613244245,0.00451329210018035,0.202029458940207,1.00143673169241,0.0224040108796367,0.201926535372671,0.951,0.00682634602111555,0.80182052826572,"02a_cor_to_smd_GROUPS",1000
0.2,100,0.3,"cooper","own",1000,1000,1000,1000,0,-0.00604044795417506,0.00633211910317897,0.200239187815083,0.00447972477977437,0.202795554580845,1.01276656579392,0.0226574804383633,0.200230176586833,0.968,0.00556560868189635,0.804834333513486,"02a_cor_to_smd_GROUPS",1000
0.5,100,0.3,"cooper","own",1000,1000,1000,1000,0,0.0079439833052628,0.00670179953661208,0.211929509575552,0.00474125912100567,0.207491343150217,0.979058289550032,0.021903363314633,0.211972426939589,0.946,0.00714730718522718,0.823260143018846,"02a_cor_to_smd_GROUPS",1000
0.8,100,0.3,"cooper","own",1000,1000,1000,1000,0,0.0165319021023671,0.00646214127672337,0.204350849962343,0.00457171034467863,0.215646399592945,1.0552752759907,0.0236084797132936,0.204916603518538,0.967,0.00564898220921256,0.855402475050093,"02a_cor_to_smd_GROUPS",1000
1.2,100,0.3,"cooper","own",1000,1000,1000,1000,0,0.00725103400872149,0.00667954185011924,0.211225659727918,0.00472551268476565,0.23072511692453,1.09231575946658,0.0244371445390566,0.211244504170789,0.967,0.00564898220921256,0.914805782489116,"02a_cor_to_smd_GROUPS",1000
0,300,0.3,"cooper","own",1000,1000,1000,1000,0,-0.00151049028462691,0.00371516187090848,0.117483733882832,0.00262833064615387,0.115862202015095,0.986197818079612,0.0220630879080997,0.117434691979096,0.956,0.00648567652600714,0.456022082577001,"02a_cor_to_smd_GROUPS",1000
0.2,300,0.3,"cooper","own",1000,1000,1000,1000,0,-0.00215014151289733,0.00379115765112932,0.119886931463427,0.00268209466642358,0.116343035511096,0.97043968088038,0.0217105489347611,0.11984626221917,0.952,0.00675988165576884,0.457908040997588,"02a_cor_to_smd_GROUPS",1000
0.5,300,0.3,"cooper","own",1000,1000,1000,1000,0,0.000221652843078569,0.00381106065179624,0.12051631960722,0.00269617525521647,0.118867465844119,0.986318419210987,0.0220657859807526,0.120456250308403,0.95,0.00689202437604511,0.467812017597909,"02a_cor_to_smd_GROUPS",1000
0.8,300,0.3,"cooper","own",1000,1000,1000,1000,0,0.00697382809460278,0.00379935739218899,0.120146230043148,0.0026878956601532,0.123525360701523,1.02812514930482,0.0230010806491251,0.120288468920677,0.962,0.00604615580348373,0.486090682357324,"02a_cor_to_smd_GROUPS",1000
1.2,300,0.3,"cooper","own",1000,1000,1000,1000,0,0.00903212151471119,0.00383469239752487,0.121263621023104,0.00271289378422784,0.13243587610702,1.09213196001946,0.0244330326019941,0.121539047786742,0.959,0.00627048642451286,0.521083286315224,"02a_cor_to_smd_GROUPS",1000
0,25,0.5,"cooper","own",1000,1000,1000,1000,0,0.0237466951934179,0.0138783783657687,0.438872858654344,0.00981840588516504,0.41798029669521,0.952394955515833,0.0213068547116581,0.439295666049622,0.958,0.00634318531969546,1.7284349976176,"02a_cor_to_smd_GROUPS",1000
0.2,25,0.5,"cooper","own",1000,1000,1000,1000,0,0.0260953157172492,0.0138173153237335,0.436941875717446,0.00977520618881126,0.420405261944655,0.962153744715728,0.021525177060427,0.437502285771295,0.968,0.00556560868189635,1.73784754879213,"02a_cor_to_smd_GROUPS",1000
0.5,25,0.5,"cooper","own",1000,1000,1000,1000,0,0.0627332854936802,0.013190632900626,0.417124437451317,0.00933185306577316,0.432533107952739,1.03694022482972,0.0231982903596487,0.421609142016145,0.968,0.00556560868189635,1.78615008737309,"02a_cor_to_smd_GROUPS",1000
0.8,25,0.5,"cooper","own",1000,1000,1000,1000,0,0.0746608000762116,0.0146765399781178,0.464112945013701,0.0103830737783053,0.455480393651055,0.981399891006292,0.0219557493145085,0.46985067837727,0.972,0.0052168956286282,1.87697107365321,"02a_cor_to_smd_GROUPS",1000
1.2,25,0.5,"cooper","own",1000,1000,1000,1000,0,0.0931965154837692,0.0154706403538192,0.489224603793819,0.0109448685065301,0.496192821683334,1.01424339216687,0.0226905198037868,0.497782043411149,0.971,0.00530650544143696,2.0399814391356,"02a_cor_to_smd_GROUPS",1000
0,50,0.5,"cooper","own",1000,1000,1000,1000,0,0.0149955331904458,0.00949906629543582,0.300386851385151,0.00672021514046064,0.288923649763495,0.961838537310149,0.0215181252817969,0.300610868466636,0.951,0.00682634602111555,1.16167116627897,"02a_cor_to_smd_GROUPS",1000
0.2,50,0.5,"cooper","own",1000,1000,1000,1000,0,0.0124453467939448,0.00936059242814154,0.296007923214533,0.00662225033522539,0.290413712475263,0.981101145271658,0.0219490658142162,0.296121523317702,0.95,0.00689202437604511,1.16757115737227,"02a_cor_to_smd_GROUPS",1000
0.5,50,0.5,"cooper","own",1000,1000,1000,1000,0,0.0329087992117553,0.00901500907304141,0.285079617978941,0.0063777637274889,0.29847164793654,1.04697645539355,0.02342281959013,0.286831147653095,0.97,0.00539444158370447,1.19939422299252,"02a_cor_to_smd_GROUPS",1000
0.8,50,0.5,"cooper","own",1000,1000,1000,1000,0,0.0250705705789744,0.00938911963835346,0.296910032810134,0.00664243221247719,0.311965750947618,1.05070801412464,0.0235063015313885,0.297818645361379,0.969,0.00548078461536303,1.25279398205256,"02a_cor_to_smd_GROUPS",1000
1.2,50,0.5,"cooper","own",1000,1000,1000,1000,0,0.0401996972801825,0.0102632169117775,0.324551415615764,0.00726082159396013,0.339366864788147,1.04564900493277,0.0233931220429716,0.326870468868383,0.974,0.00503229569878401,1.36111805774311,"02a_cor_to_smd_GROUPS",1000
0,100,0.5,"cooper","own",1000,1000,1000,1000,0,0.00285801249055832,0.00632158928983272,0.199906205879977,0.00447227535170693,0.202008368085836,1.01051574260342,0.0226071253179126,0.199826667123221,0.954,0.00662449998113065,0.801734349600856,"02a_cor_to_smd_GROUPS",1000
0.2,100,0.5,"cooper","own",1000,1000,1000,1000,0,0.00403275846991671,0.0066011490772431,0.20874666258407,0.00467005288663391,0.203136043395207,0.973122352619157,0.0217705653141488,0.208681233252356,0.953,0.00669260786241059,0.806162609680668,"02a_cor_to_smd_GROUPS",1000
0.5,100,0.5,"cooper","own",1000,1000,1000,1000,0,0.0112883447251973,0.0065815384468971,0.20812652000162,0.00465617913832366,0.208522680091254,1.0019034580006,0.0224144524192324,0.208328486785393,0.955,0.00655553201502365,0.827342652723048,"02a_cor_to_smd_GROUPS",1000
0.8,100,0.5,"cooper","own",1000,1000,1000,1000,0,0.0141528159766912,0.00661145208513904,0.209072472301088,0.00467734185878139,0.218037907813802,1.04288195100024,0.0233312178762408,0.209446627032964,0.956,0.00648567652600714,0.864787107085023,"02a_cor_to_smd_GROUPS",1000
1.2,100,0.5,"cooper","own",1000,1000,1000,1000,0,0.0244372468280284,0.00702029535592401,0.222001231718223,0.00496658236442191,0.236738824547335,1.06638518496067,0.0238570291358961,0.223231810838101,0.963,0.00596917079668525,0.938444470517161,"02a_cor_to_smd_GROUPS",1000
0,300,0.5,"cooper","own",1000,1000,1000,1000,0,0.00126408397817962,0.00352758154116077,0.11155192302035,0.00249562495352923,0.115842601460191,1.03846350940142,0.0232323690817857,0.111503298634222,0.949,0.00695693898205238,0.455945282608747,"02a_cor_to_smd_GROUPS",1000
0.2,300,0.5,"cooper","own",1000,1000,1000,1000,0,0.00461273570200974,0.00362276019442668,0.114561736309827,0.00256296010067244,0.116455133517433,1.01652730893048,0.0227416152893037,0.114597313954354,0.961,0.00612200947402077,0.458347775033744,"02a_cor_to_smd_GROUPS",1000
0.5,300,0.5,"cooper","own",1000,1000,1000,1000,0,0.00055219087464748,0.00371475294546265,0.117470802524812,0.00262804134751262,0.119423616957073,1.01662382813677,0.0227437746042951,0.117413350906699,0.948,0.00702111102319284,0.469996214239286,"02a_cor_to_smd_GROUPS",1000
0.8,300,0.5,"cooper","own",1000,1000,1000,1000,0,0.0186679299186501,0.00383041920819352,0.121128490911502,0.00270987067113972,0.125173787134288,1.03339673591526,0.0231190158915979,0.122498697163011,0.963,0.00596917079668525,0.492562379314721,"02a_cor_to_smd_GROUPS",1000
1.2,300,0.5,"cooper","own",1000,1000,1000,1000,0,0.00951106778743866,0.00389174329474911,0.123067728800952,0.00275325504620655,0.135355935377169,1.09984913751103,0.0246056802820817,0.123373338354807,0.969,0.00548078461536303,0.53255095587853,"02a_cor_to_smd_GROUPS",1000
0,25,0.15,"cooper_g","own",1000,1000,1000,1000,0,-0.0368089864591497,0.0132154029187156,0.417907734199783,0.00934937687763191,0.403937261075143,0.966570436530948,0.0216239867089536,0.419317456008979,0.972,0.0052168956286282,1.67044880579601,"02a_cor_to_smd_GROUPS",1000
0.2,25,0.15,"cooper_g","own",1000,1000,1000,1000,0,-0.00356910527742613,0.0127944667252959,0.404596562991709,0.00905158110568892,0.40435880244508,0.999412351541323,0.0223587217130882,0.404409963920772,0.97,0.00539444158370447,1.67195025569452,"02a_cor_to_smd_GROUPS",1000
0.5,25,0.15,"cooper_g","own",1000,1000,1000,1000,0,0.0306376759628121,0.0137170199094189,0.433770256236402,0.00970425113482668,0.412609146830005,0.951215858851177,0.0212804761161192,0.43463449673099,0.964,0.00589101010014412,1.70459258143771,"02a_cor_to_smd_GROUPS",1000
0.8,25,0.15,"cooper_g","own",1000,1000,1000,1000,0,0.0279173829429253,0.0134650622628098,0.425802655864596,0.00952600102699124,0.423224786987363,0.993945860032275,0.0222364260838524,0.426504365874471,0.963,0.00596917079668525,1.7468386927108,"02a_cor_to_smd_GROUPS",1000
1.2,25,0.15,"cooper_g","own",1000,1000,1000,1000,0,0.0353821729166238,0.0138364098432307,0.437545697441823,0.00978871480903076,0.445769622492147,1.01879557974951,0.0227923607458056,0.438755842437229,0.973,0.00512552436341883,1.83710255981773,"02a_cor_to_smd_GROUPS",1000
0,50,0.15,"cooper_g","own",1000,1000,1000,1000,0,0.010871415215897,0.00945550938590968,0.299009460965746,0.00668940034311473,0.284449321008076,0.951305420535377,0.0212824797783414,0.299057584351368,0.954,0.00662449998113065,1.14371615298369,"02a_cor_to_smd_GROUPS",1000
0.2,50,0.15,"cooper_g","own",1000,1000,1000,1000,0,-0.00244712972672514,0.00903141520494458,0.285598425423013,0.0063893704194082,0.284909621639802,0.997588208750833,0.0223179122304411,0.285466079574088,0.961,0.00612200947402077,1.14552355638698,"02a_cor_to_smd_GROUPS",1000
0.5,50,0.15,"cooper_g","own",1000,1000,1000,1000,0,0.0117645996057665,0.00943369250576627,0.298319550638825,0.00667396575999914,0.289520852182478,0.970505793410102,0.0217120279955827,0.29840235512298,0.954,0.00662449998113065,1.16356499156293,"02a_cor_to_smd_GROUPS",1000
0.8,50,0.15,"cooper_g","own",1000,1000,1000,1000,0,-5.73168661071103e-05,0.00953269066290992,0.301450147246157,0.00674400305564726,0.296579205713255,0.983841634919074,0.0220103756882534,0.301299389924172,0.953,0.00669260786241059,1.19145795352937,"02a_cor_to_smd_GROUPS",1000
1.2,50,0.15,"cooper_g","own",1000,1000,1000,1000,0,0.0219858006284707,0.00981162821112397,0.310270927019152,0.00694134038085908,0.312485484539955,1.00713749606539,0.0225315476305791,0.31089412270811,0.959,0.00627048642451286,1.25435863722944,"02a_cor_to_smd_GROUPS",1000
0,100,0.15,"cooper_g","own",1000,1000,1000,1000,0,-0.00639370990267557,0.00663682152912316,0.209874724560707,0.00469528974084314,0.200576759533624,0.955697547446247,0.021380739864058,0.209867177366407,0.946,0.00714730718522718,0.796054600359671,"02a_cor_to_smd_GROUPS",1000
0.2,100,0.15,"cooper_g","own",1000,1000,1000,1000,0,0.0106123706306432,0.00637255371895898,0.201517842636869,0.00450833067731339,0.201081453197538,0.997834487340571,0.0223234219426669,0.201696439905416,0.952,0.00675988165576884,0.798033508914024,"02a_cor_to_smd_GROUPS",1000
0.5,100,0.15,"cooper_g","own",1000,1000,1000,1000,0,0.00379663518083836,0.00657750827363519,0.207999074732892,0.00465332794952984,0.203809043218214,0.979855528107232,0.0219211990308035,0.207929713877902,0.95,0.00689202437604511,0.808742381168367,"02a_cor_to_smd_GROUPS",1000
0.8,100,0.15,"cooper_g","own",1000,1000,1000,1000,0,0.0132528213966116,0.00654317382085461,0.206913324002871,0.00462903767696628,0.208973377497734,1.00995611812236,0.0225946054726091,0.207234041125578,0.961,0.00612200947402077,0.829052773490877,"02a_cor_to_smd_GROUPS",1000
1.2,100,0.15,"cooper_g","own",1000,1000,1000,1000,0,0.01226259609542,0.00675253704625227,0.213533970508229,0.00477715391001636,0.218811004135202,1.02471285301544,0.0229247412052317,0.213779164250045,0.956,0.00648567652600714,0.867751271394076,"02a_cor_to_smd_GROUPS",1000
0,300,0.15,"cooper_g","own",1000,1000,1000,1000,0,-0.00546088228323227,0.00367417258571712,0.116187538874163,0.00259933234186032,0.115567341218207,0.994662098345779,0.0222524496732219,0.116257756217626,0.957,0.00641490451994416,0.454861891515403,"02a_cor_to_smd_GROUPS",1000
0.2,300,0.15,"cooper_g","own",1000,1000,1000,1000,0,0.00237523531648035,0.00366955775090978,0.116041604983997,0.00259606752805879,0.11587110477675,0.998530697612542,0.0223389974673247,0.116007888421363,0.954,0.00662449998113065,0.456053522476062,"02a_cor_to_smd_GROUPS",1000
0.5,300,0.15,"cooper_g","own",1000,1000,1000,1000,0,-0.00241321936631938,0.00372111957550436,0.117672133044327,0.00263254548742168,0.117377798905441,0.997498692925241,0.0223159095941617,0.117638037181928,0.952,0.00675988165576884,0.461963844361195,"02a_cor_to_smd_GROUPS",1000
0.8,300,0.15,"cooper_g","own",1000,1000,1000,1000,0,0.00178091919909048,0.0037227714800041,0.11772437085129,0.00263371414477015,0.120230474045803,1.02128788777031,0.0228481183331262,0.117678970670351,0.955,0.00655553201502365,0.473158168476957,"02a_cor_to_smd_GROUPS",1000
1.2,300,0.15,"cooper_g","own",1000,1000,1000,1000,0,0.00863723431400712,0.00382309441876506,0.120896860731752,0.00270468867121606,0.125957884253753,1.04186232373089,0.0233084069090448,0.121144693240987,0.969,0.00548078461536303,0.495639266197805,"02a_cor_to_smd_GROUPS",1000
0,25,0.3,"cooper_g","own",1000,1000,1000,1000,0,-0.0296205259133714,0.0129288000432325,0.40884455549498,0.00914661663539141,0.403526353154609,0.986992116517407,0.0220808578483055,0.409712206606924,0.973,0.00512552436341883,1.66869040918884,"02a_cor_to_smd_GROUPS",1000
0.2,25,0.3,"cooper_g","own",1000,1000,1000,1000,0,-0.00611856470268049,0.012992134593472,0.410847369828374,0.0091914233343023,0.405243610029742,0.986360482723857,0.0220667270201315,0.410687475542679,0.969,0.00548078461536303,1.67535989301296,"02a_cor_to_smd_GROUPS",1000
0.5,25,0.3,"cooper_g","own",1000,1000,1000,1000,0,0.0341159854892681,0.0142069939594454,0.449264596161012,0.0100508884702249,0.417949840427106,0.930297744354904,0.0208124988091914,0.450334030639766,0.957,0.00641490451994416,1.72544611664554,"02a_cor_to_smd_GROUPS",1000
0.8,25,0.3,"cooper_g","own",1000,1000,1000,1000,0,0.0365944929260553,0.0137059529150346,0.433420287145336,0.00969642167233978,0.43497252057525,1.00358135850109,0.0224519901885975,0.434746419279505,0.972,0.0052168956286282,1.7936898108596,"02a_cor_to_smd_GROUPS",1000
1.2,25,0.3,"cooper_g","own",1000,1000,1000,1000,0,0.0512164447852203,0.0149954470861267,0.474197673246956,0.0106086879922699,0.471498322138858,0.994307540377382,0.0222445175489748,0.476719722788927,0.971,0.00530650544143696,1.93845880783508,"02a_cor_to_smd_GROUPS",1000
0,50,0.3,"cooper_g","own",1000,1000,1000,1000,0,0.00283012099529503,0.00919390850525632,0.290736914758041,0.00650432802713676,0.284270473078592,0.97775844293859,0.0218742833171624,0.290605291132611,0.956,0.00648567652600714,1.14300489636009,"02a_cor_to_smd_GROUPS",1000
0.2,50,0.3,"cooper_g","own",1000,1000,1000,1000,0,0.0128449838045653,0.00912448580667993,0.288541576269874,0.00645521420315084,0.285602513264556,0.989814074479969,0.0221439903207765,0.288683180327512,0.959,0.00627048642451286,1.14821140888579,"02a_cor_to_smd_GROUPS",1000
0.5,50,0.3,"cooper_g","own",1000,1000,1000,1000,0,0.00330970349712124,0.00911078019736659,0.288108166848368,0.00644551802456316,0.291764218935622,1.01268985925407,0.0226557643697402,0.287983096077116,0.963,0.00596917079668525,1.17255400369439,"02a_cor_to_smd_GROUPS",1000
0.8,50,0.3,"cooper_g","own",1000,1000,1000,1000,0,0.0315378122011408,0.00913252405146171,0.288795767888878,0.00646090094462681,0.304503141433611,1.05438920957726,0.0235886567520035,0.290369120523189,0.966,0.00573096850453743,1.2229895440435,"02a_cor_to_smd_GROUPS",1000
1.2,50,0.3,"cooper_g","own",1000,1000,1000,1000,0,0.0208000618504426,0.0101141460235582,0.319837380219788,0.00715535981394337,0.326802780953674,1.02177794455764,0.0228590818191332,0.32035339300381,0.962,0.00604615580348373,1.31092728764534,"02a_cor_to_smd_GROUPS",1000
0,100,0.3,"cooper_g","own",1000,1000,1000,1000,0,0.0106947038415632,0.0063305977248852,0.200191077609172,0.00447864846457389,0.20047869847491,1.00143673169241,0.0224040108796367,0.200376564939681,0.951,0.00682634602111555,0.795665823986352,"02a_cor_to_smd_GROUPS",1000
0.2,100,0.3,"cooper_g","own",1000,1000,1000,1000,0,-0.0074011000206641,0.00628351431050036,0.198702169314436,0.00444533880398487,0.201238913632383,1.01276656579392,0.0226574804383633,0.198740649640904,0.967,0.00564898220921256,0.798656495528504,"02a_cor_to_smd_GROUPS",1000
0.5,100,0.3,"cooper_g","own",1000,1000,1000,1000,0,0.00436546094156421,0.00665035710924411,0.210302757187046,0.00470486563047636,0.205898657739205,0.979058289550032,0.021903363314633,0.210242906372666,0.948,0.00702111102319284,0.816940870130896,"02a_cor_to_smd_GROUPS",1000
0.8,100,0.3,"cooper_g","own",1000,1000,1000,1000,0,0.0107769325993537,0.00641253844520724,0.202782270702497,0.00453661829573435,0.213991116681598,1.0552752759907,0.0236084797132936,0.20296716714336,0.965,0.00581162627841812,0.848836480431372,"02a_cor_to_smd_GROUPS",1000
1.2,100,0.3,"cooper_g","own",1000,1000,1000,1000,0,-0.00124673239599566,0.00662827027080701,0.209604310029312,0.00468924006250435,0.228954091097136,1.09231575946658,0.0244371445390566,0.209503191282969,0.969,0.00548078461536303,0.907783813275563,"02a_cor_to_smd_GROUPS",1000
0,300,0.3,"cooper_g","own",1000,1000,1000,1000,0,-0.00150668499033527,0.00370580246992207,0.117187763636314,0.00262170923871673,0.115570316803762,0.986197818079612,0.0220630879080997,0.117138845281122,0.956,0.00648567652600714,0.454873251468748,"02a_cor_to_smd_GROUPS",1000
0.2,300,0.3,"cooper_g","own",1000,1000,1000,1000,0,-0.00260650991930944,0.00378160679819409,0.1195849069747,0.00267533781427587,0.116049938962638,0.97043968088038,0.0217105489347611,0.11955351655276,0.953,0.00669260786241059,0.456754458699019,"02a_cor_to_smd_GROUPS",1000
0.5,300,0.3,"cooper_g","own",1000,1000,1000,1000,0,-0.00093336840092299,0.00380145965833671,0.120212709535895,0.00268938293062335,0.118568009638513,0.986318419210987,0.0220657859807526,0.120156213384907,0.951,0.00682634602111555,0.466633484761091,"02a_cor_to_smd_GROUPS",1000
0.8,300,0.3,"cooper_g","own",1000,1000,1000,1000,0,0.00510911876267837,0.00378978588210147,0.11984355231791,0.00268112419388413,0.123214170120071,1.02812514930482,0.0230010806491251,0.119892525412031,0.964,0.00589101010014412,0.484866101095452,"02a_cor_to_smd_GROUPS",1000
1.2,300,0.3,"cooper_g","own",1000,1000,1000,1000,0,0.00623865656143473,0.00382503186992068,0.120958128316822,0.00270605934157301,0.132102237758937,1.09213196001946,0.0244330326019941,0.121058493187362,0.958,0.00634318531969546,0.519770550129453,"02a_cor_to_smd_GROUPS",1000
0,25,0.5,"cooper_g","own",1000,1000,1000,1000,0,0.0229623922214762,0.0134200049664663,0.42437781904805,0.00949412476508735,0.404175294094174,0.952394955515833,0.0213068547116581,0.424786662011901,0.958,0.00634318531969546,1.67134845591577,"02a_cor_to_smd_GROUPS",1000
0.2,25,0.5,"cooper_g","own",1000,1000,1000,1000,0,0.0186331535972267,0.0133609587071857,0.422510612381655,0.00945235186307111,0.406520167885145,0.962153744715728,0.021525177060427,0.422710180585379,0.969,0.00548078461536303,1.68045013049044,"02a_cor_to_smd_GROUPS",1000
0.5,25,0.5,"cooper_g","own",1000,1000,1000,1000,0,0.0441606151556313,0.0127549742752262,0.403347702065701,0.00902364175326858,0.41824745686456,1.03694022482972,0.0231982903596487,0.405557442693194,0.968,0.00556560868189635,1.72715733867899,"02a_cor_to_smd_GROUPS",1000
0.8,25,0.5,"cooper_g","own",1000,1000,1000,1000,0,0.0457937554406146,0.0141918049937799,0.448784278892961,0.0100401428754623,0.440436842390889,0.981399891006292,0.0219557493145085,0.450891328026886,0.972,0.0052168956286282,1.81497870042719,"02a_cor_to_smd_GROUPS",1000
1.2,25,0.5,"cooper_g","own",1000,1000,1000,1000,0,0.0505166970973799,0.0149596779184777,0.473066552849162,0.0105833827154647,0.479804625282419,1.01424339216687,0.0226905198037868,0.475520880873587,0.967,0.00564898220921256,1.97260517930709,"02a_cor_to_smd_GROUPS",1000
0,50,0.5,"cooper_g","own",1000,1000,1000,1000,0,0.0147597948056935,0.00934973552361851,0.295664597748215,0.00661456950303778,0.284381604232537,0.961838537310149,0.0215181252817969,0.29588509315266,0.951,0.00682634602111555,1.14340902908958,"02a_cor_to_smd_GROUPS",1000
0.2,50,0.5,"cooper_g","own",1000,1000,1000,1000,0,0.00910558406158253,0.00921343854496113,0.291354508840648,0.00651814476074363,0.285848242303621,0.981101145271658,0.0219490658142162,0.291351118125632,0.95,0.00689202437604511,1.14921626893805,"02a_cor_to_smd_GROUPS",1000
0.5,50,0.5,"cooper_g","own",1000,1000,1000,1000,0,0.024531167156196,0.00887328795846574,0.280598002832973,0.00627750162274373,0.293779502396577,1.04697645539355,0.02342281959013,0.281528474788439,0.97,0.00539444158370447,1.18053905770972,"02a_cor_to_smd_GROUPS",1000
0.8,50,0.5,"cooper_g","own",1000,1000,1000,1000,0,0.0120999878631232,0.00924151729106233,0.292242436755862,0.00653800936730661,0.307061470366698,1.05070801412464,0.0235063015313885,0.292346790482555,0.968,0.00556560868189635,1.23309934192168,"02a_cor_to_smd_GROUPS",1000
1.2,50,0.5,"cooper_g","own",1000,1000,1000,1000,0,0.020703046531316,0.010101873253875,0.319449281165814,0.00714667731294012,0.334031822977523,1.04564900493277,0.0233931220429716,0.319960015517246,0.971,0.00530650544143696,1.33972050099641,"02a_cor_to_smd_GROUPS",1000
0,100,0.5,"cooper_g","own",1000,1000,1000,1000,0,0.00283607463652984,0.00627306532308084,0.198371743319555,0.00443794655707605,0.200457769512094,1.01051574260342,0.0226071253179126,0.198292815095342,0.954,0.00662449998113065,0.795580306821386,"02a_cor_to_smd_GROUPS",1000
0.2,100,0.5,"cooper_g","own",1000,1000,1000,1000,0,0.00246662085255958,0.00655047923400233,0.207144341450824,0.00463420596893474,0.201576788884372,0.973122352619157,0.0217705653141488,0.207055436140496,0.953,0.00669260786241059,0.799974575963946,"02a_cor_to_smd_GROUPS",1000
0.5,100,0.5,"cooper_g","own",1000,1000,1000,1000,0,0.0073637400882,0.00653101913314049,0.206528959028624,0.00462043871430368,0.206922078228043,1.0019034580006,0.0224144524192324,0.206556968835758,0.954,0.00662449998113065,0.820992042847503,"02a_cor_to_smd_GROUPS",1000
0.8,100,0.5,"cooper_g","own",1000,1000,1000,1000,0,0.007903450134949,0.00656070315691035,0.207467650280938,0.00464143899156923,0.216364267894419,1.04288195100024,0.0233312178762408,0.207514451571971,0.955,0.00655553201502365,0.858149076851212,"02a_cor_to_smd_GROUPS",1000
1.2,100,0.5,"cooper_g","own",1000,1000,1000,1000,0,0.015038573562366,0.00696640818249009,0.220297169671026,0.00492845931237402,0.23492163802595,1.06638518496067,0.0238570291358961,0.220699956540301,0.964,0.00589101010014412,0.931241052800812,"02a_cor_to_smd_GROUPS",1000
0,300,0.5,"cooper_g","own",1000,1000,1000,1000,0,0.00126089944161207,0.00351869470088215,0.111270896455525,0.00248933786417394,0.115550765627447,1.03846350940142,0.0232323690817857,0.111222394566112,0.949,0.00695693898205238,0.454796644978389,"02a_cor_to_smd_GROUPS",1000
0.2,300,0.5,"cooper_g","own",1000,1000,1000,1000,0,0.00409726619976363,0.00361363357585247,0.114273127289526,0.00255650337762029,0.116161754566693,1.01652730893048,0.0227416152893037,0.114289443358604,0.96,0.00619677335393187,0.457193084937638,"02a_cor_to_smd_GROUPS",1000
0.5,300,0.5,"cooper_g","own",1000,1000,1000,1000,0,-0.000708822462538569,0.0037053945746594,0.117174864855545,0.00262142066888948,0.119122759670853,1.01662382813677,0.0227437746042951,0.117118407751492,0.947,0.00708456067798138,0.468812178877165,"02a_cor_to_smd_GROUPS",1000
0.8,300,0.5,"cooper_g","own",1000,1000,1000,1000,0,0.0166055052660878,0.0038207694457979,0.120823338631006,0.00270304384444581,0.124858443763666,1.03339673591526,0.0231190158915979,0.121899235780734,0.964,0.00589101010014412,0.491321494266098,"02a_cor_to_smd_GROUPS",1000
1.2,300,0.5,"cooper_g","own",1000,1000,1000,1000,0,0.00646401372242898,0.00388193904198776,0.122757691106133,0.00274631892366581,0.135014940685927,1.09984913751103,0.0246056802820817,0.122866450865917,0.969,0.00548078461536303,0.531209329829665,"02a_cor_to_smd_GROUPS",1000
0,25,0.15,"mathur_2sd","own",1000,1000,1000,1000,0,-0.0380662334043122,0.0136667879349014,0.432181781727974,0.00966871399199719,0.440775653338621,1.01988485395263,0.0228167298450459,0.433639653964787,0.984,0.00396787096564392,1.82196426942434,"02a_cor_to_smd_GROUPS",1000
0.2,25,0.15,"mathur_2sd","own",1000,1000,1000,1000,0,0.00131770384140989,0.0132314742539659,0.418415954444095,0.00936074671411032,0.441432791839714,1.05500946403012,0.0236025330030638,0.418208770072847,0.983,0.00408790900094413,1.82419034903214,"02a_cor_to_smd_GROUPS",1000
0.5,25,0.15,"mathur_2sd","own",1000,1000,1000,1000,0,0.0442059242638655,0.014185538144687,0.448586103724102,0.0100357093266432,0.454236822705324,1.01259673211968,0.0226536809417351,0.450535710795425,0.979,0.00453420334788814,1.87410501802512,"02a_cor_to_smd_GROUPS",1000
0.8,25,0.15,"mathur_2sd","own",1000,1000,1000,1000,0,0.0489057900766581,0.0139249746381513,0.44034636216637,0.0098513709119809,0.470561204753257,1.06861608311748,0.023906938496113,0.442834946743711,0.984,0.00396787096564392,1.93834540085115,"02a_cor_to_smd_GROUPS",1000
1.2,25,0.15,"mathur_2sd","own",1000,1000,1000,1000,0,0.0666429780581562,0.0143090059584952,0.452490498817656,0.0101230579402761,0.504738935500494,1.11546858291912,0.0249551164609057,0.457147886786312,0.987,0.00358203852575597,2.07422971095689,"02a_cor_to_smd_GROUPS",1000
0,50,0.15,"mathur_2sd","own",1000,1000,1000,1000,0,0.0110450497343104,0.00960652954160894,0.303785137611775,0.00679624115307228,0.296669050309078,0.976575261849079,0.0218478133454077,0.303834029607621,0.964,0.00589101010014412,1.1926972631351,"02a_cor_to_smd_GROUPS",1000
0.2,50,0.15,"mathur_2sd","own",1000,1000,1000,1000,0,-0.000144091927546279,0.00917566187371399,0.290159905605045,0.00649141925423852,0.297371499569422,1.02485386100929,0.0229278958175287,0.290014825159665,0.969,0.00548078461536303,1.19542848127205,"02a_cor_to_smd_GROUPS",1000
0.5,50,0.15,"mathur_2sd","own",1000,1000,1000,1000,0,0.0178078060506589,0.00958436420973207,0.303084208273531,0.00678056005408429,0.304380244949553,1.00427616035624,0.0224675342043394,0.303455590200323,0.961,0.00612200947402077,1.22256368459509,"02a_cor_to_smd_GROUPS",1000
0.8,50,0.15,"mathur_2sd","own",1000,1000,1000,1000,0,0.00931025775491708,0.00968494353151695,0.306264805697083,0.00685171596141813,0.315014594281534,1.02856935704557,0.0230110184062909,0.306253186068205,0.964,0.00589101010014412,1.26434857772579,"02a_cor_to_smd_GROUPS",1000
1.2,50,0.15,"mathur_2sd","own",1000,1000,1000,1000,0,0.0363896854015704,0.0099683361746648,0.315226467941908,0.00705220509076471,0.338614169804825,1.07419333159304,0.0240317119656398,0.31716331371813,0.977,0.00474035863622153,1.35726740550871,"02a_cor_to_smd_GROUPS",1000
0,100,0.15,"mathur_2sd","own",1000,1000,1000,1000,0,-0.00644316708999308,0.006688159254881,0.211498165993586,0.00473160915910853,0.204753827177268,0.968111596690997,0.0216584653414027,0.211490560419564,0.95,0.00689202437604511,0.812606793660892,"02a_cor_to_smd_GROUPS",1000
0.2,100,0.15,"mathur_2sd","own",1000,1000,1000,1000,0,0.0117992804823223,0.00642184725710302,0.203076641181505,0.00454320391338309,0.205516831966546,1.01201610766676,0.0226406912878225,0.203317744162354,0.955,0.00655553201502365,0.815581924213268,"02a_cor_to_smd_GROUPS",1000
0.5,100,0.15,"mathur_2sd","own",1000,1000,1000,1000,0,0.00658805351921171,0.00662838719428117,0.209608007474215,0.00468932278125553,0.209624861363206,1.00008040670389,0.0223736673553407,0.209606735888152,0.958,0.00634318531969546,0.831636122198147,"02a_cor_to_smd_GROUPS",1000
0.8,100,0.15,"mathur_2sd","own",1000,1000,1000,1000,0,0.017774616221648,0.00659378715462092,0.208513858149629,0.00466484461643873,0.217334991673173,1.04230478300974,0.0233183055498508,0.209166173157206,0.968,0.00556560868189635,0.861856500475623,"02a_cor_to_smd_GROUPS",1000
1.2,100,0.15,"mathur_2sd","own",1000,1000,1000,1000,0,0.0189863714601276,0.00680476986485812,0.215185717262279,0.00481410657120504,0.231804288985519,1.07722897195349,0.0240996249126188,0.215914497711454,0.964,0.00589101010014412,0.918634225826468,"02a_cor_to_smd_GROUPS",1000
0,300,0.15,"mathur_2sd","own",1000,1000,1000,1000,0,-0.00547467432623596,0.00368345210204377,0.116480982945933,0.00260589723404814,0.116346326490047,0.998843961885624,0.0223460057744501,0.116551377630816,0.96,0.00619677335393187,0.457926530714309,"02a_cor_to_smd_GROUPS",1000
0.2,300,0.15,"mathur_2sd","own",1000,1000,1000,1000,0,0.0027419630728472,0.00367882561197693,0.116334680484099,0.00260262417460973,0.116802956690227,1.00402525028804,0.0224619208772865,0.1163088237708,0.956,0.00648567652600714,0.459714976786256,"02a_cor_to_smd_GROUPS",1000
0.5,300,0.15,"mathur_2sd","own",1000,1000,1000,1000,0,-0.00151749209721984,0.00373051766148121,0.117969326617656,0.00263919426296536,0.119059344346013,1.00923984021618,0.0225785809974775,0.117920091769239,0.955,0.00655553201502365,0.468552581366605,"02a_cor_to_smd_GROUPS",1000
0.8,300,0.15,"mathur_2sd","own",1000,1000,1000,1000,0,0.00322833248210298,0.00373217373804266,0.118021696356794,0.00264036587188311,0.123294712055475,1.0446783588226,0.0233714068758279,0.118006838025342,0.963,0.00596917079668525,0.485153216008923,"02a_cor_to_smd_GROUPS",1000
1.2,300,0.15,"mathur_2sd","own",1000,1000,1000,1000,0,0.0108234216455041,0.00383275005312888,0.121202198700186,0.00271151965209611,0.131669505532505,1.08636235105117,0.0243039556688179,0.121624131869075,0.976,0.00483983470792134,0.517999046082598,"02a_cor_to_smd_GROUPS",1000
0,25,0.3,"mathur_2sd","own",1000,1000,1000,1000,0,-0.0306322439556496,0.0133703958578037,0.422809041287406,0.00945902827530929,0.440134808097224,1.04097775855753,0.0232886175333004,0.423706327871958,0.982,0.00420428352992517,1.81919069159063,"02a_cor_to_smd_GROUPS",1000
0.2,25,0.3,"mathur_2sd","own",1000,1000,1000,1000,0,4.56294704044771e-05,0.0134358936615711,0.424880263703842,0.00950536539085883,0.442811162399713,1.04220223961349,0.0233160114624736,0.42466777288677,0.978,0.00463853425124791,1.82936730360519,"02a_cor_to_smd_GROUPS",1000
0.5,25,0.3,"mathur_2sd","own",1000,1000,1000,1000,0,0.0512141996933118,0.014692247737766,0.464609667987968,0.0103941863993701,0.462469768348304,0.995394199072674,0.022268828134418,0.467192867769327,0.975,0.00493710441453288,1.90570719047575,"02a_cor_to_smd_GROUPS",1000
0.8,25,0.3,"mathur_2sd","own",1000,1000,1000,1000,0,0.0633371325815376,0.014174093146282,0.448224181096333,0.010027612441205,0.488448136780137,1.08974070873512,0.0243795358426933,0.452455085026801,0.983,0.00408790900094413,2.00905938274113,"02a_cor_to_smd_GROUPS",1000
1.2,25,0.3,"mathur_2sd","own",1000,1000,1000,1000,0,0.0912048709854666,0.0155076312523846,0.49039435871545,0.0109710381098224,0.543061361470076,1.10739724431697,0.0247745455350219,0.498562402237025,0.987,0.00358203852575597,2.22410864903746,"02a_cor_to_smd_GROUPS",1000
0,50,0.3,"mathur_2sd","own",1000,1000,1000,1000,0,0.00287532271800646,0.00934075046133512,0.295380465130875,0.00660821292548407,0.296395974466987,1.00343797053627,0.0224487823319031,0.295246739258004,0.964,0.00589101010014412,1.19161654146918,"02a_cor_to_smd_GROUPS",1000
0.2,50,0.3,"mathur_2sd","own",1000,1000,1000,1000,0,0.0159777926299148,0.00927021896720683,0.293150063448673,0.00655831467233175,0.298427911901013,1.01800391373022,0.0227746496977205,0.29343877146278,0.967,0.00564898220921256,1.19946935081221,"02a_cor_to_smd_GROUPS",1000
0.5,50,0.3,"mathur_2sd","own",1000,1000,1000,1000,0,0.0106816978115588,0.00925629445659818,0.292709731760408,0.00654846362970236,0.307772068779229,1.05145827208489,0.0235230862038215,0.292758273577913,0.969,0.00548078461536303,1.23613776303912,"02a_cor_to_smd_GROUPS",1000
0.8,50,0.3,"mathur_2sd","own",1000,1000,1000,1000,0,0.0437521359132052,0.00927838559607972,0.29340831492911,0.00656409224049385,0.326829992634003,1.11390842046507,0.024920212711634,0.296507335874237,0.978,0.00463853425124791,1.31123600809328,"02a_cor_to_smd_GROUPS",1000
1.2,50,0.3,"mathur_2sd","own",1000,1000,1000,1000,0,0.0386981921849965,0.0102756856979324,0.324945713254835,0.00726964276889408,0.359489864423408,1.10630745308981,0.0247501648689877,0.327080535838679,0.981,0.00431729081716764,1.43950612405513,"02a_cor_to_smd_GROUPS",1000
0,100,0.3,"mathur_2sd","own",1000,1000,1000,1000,0,0.0107774304555712,0.00637956672133286,0.201739613244245,0.00451329210018035,0.204605469655496,1.01420571976502,0.0226896770017663,0.201926535372671,0.953,0.00669260786241059,0.812018922941355,"02a_cor_to_smd_GROUPS",1000
0.2,100,0.3,"mathur_2sd","own",1000,1000,1000,1000,0,-0.00604044795417506,0.00633211910317897,0.200239187815083,0.00447972477977437,0.20575469559529,1.02754459724088,0.022988092614689,0.200230176586833,0.969,0.00548078461536303,0.816521843753243,"02a_cor_to_smd_GROUPS",1000
0.5,100,0.3,"mathur_2sd","own",1000,1000,1000,1000,0,0.0079439833052628,0.00670179953661208,0.211929509575552,0.00474125912100567,0.212754905186296,1.00389467050812,0.0224589995636204,0.211972426939589,0.953,0.00669260786241059,0.843861305357825,"02a_cor_to_smd_GROUPS",1000
0.8,100,0.3,"mathur_2sd","own",1000,1000,1000,1000,0,0.0165319021023671,0.00646214127672337,0.204350849962343,0.00457171034467863,0.22474845193716,1.09981657516265,0.0246049518015054,0.204916603518538,0.976,0.00483983470792134,0.891030199890044,"02a_cor_to_smd_GROUPS",1000
1.2,100,0.3,"mathur_2sd","own",1000,1000,1000,1000,0,0.00725103400872149,0.00667954185011924,0.211225659727918,0.00472551268476565,0.246468474771077,1.166849118088,0.0261045950375301,0.211244504170789,0.976,0.00483983470792134,0.976468629929341,"02a_cor_to_smd_GROUPS",1000
0,300,0.3,"mathur_2sd","own",1000,1000,1000,1000,0,-0.00151049028462691,0.00371516187090848,0.117483733882832,0.00262833064615387,0.116350802382726,0.990356694814995,0.022156129751561,0.117434691979096,0.958,0.00634318531969546,0.457943364852878,"02a_cor_to_smd_GROUPS",1000
0.2,300,0.3,"mathur_2sd","own",1000,1000,1000,1000,0,-0.00215014151289733,0.00379115765112932,0.119886931463427,0.00268209466642358,0.117071513038084,0.976516052325507,0.021846488717732,0.11984626221917,0.956,0.00648567652600714,0.460765489304026,"02a_cor_to_smd_GROUPS",1000
0.5,300,0.3,"mathur_2sd","own",1000,1000,1000,1000,0,0.000221652843078569,0.00381106065179624,0.12051631960722,0.00269617525521647,0.120832100120801,1.0026202303108,0.0224304879551058,0.120456250308403,0.953,0.00669260786241059,0.475498501345949,"02a_cor_to_smd_GROUPS",1000
0.8,300,0.3,"mathur_2sd","own",1000,1000,1000,1000,0,0.00697382809460278,0.00379935739218899,0.120146230043148,0.0026878956601532,0.127677561987006,1.06268471296314,0.0237742426629529,0.120288468920677,0.97,0.00539444158370447,0.502334526698303,"02a_cor_to_smd_GROUPS",1000
1.2,300,0.3,"mathur_2sd","own",1000,1000,1000,1000,0,0.00903212151471119,0.00383469239752487,0.121263621023104,0.00271289378422784,0.140492128652175,1.15856781668599,0.0259193268514964,0.121539047786742,0.976,0.00483983470792134,0.552636840692184,"02a_cor_to_smd_GROUPS",1000
0,25,0.5,"mathur_2sd","own",1000,1000,1000,1000,0,0.0237466951934179,0.0138783783657687,0.438872858654344,0.00981840588516504,0.441146757767661,1.00518122519649,0.022487782195936,0.439295666049622,0.978,0.00463853425124791,1.82331866580414,"02a_cor_to_smd_GROUPS",1000
0.2,25,0.5,"mathur_2sd","own",1000,1000,1000,1000,0,0.0260953157172492,0.0138173153237335,0.436941875717446,0.00977520618881126,0.444797559475762,1.01797878435299,0.0227740875065974,0.437502285771295,0.984,0.00396787096564392,1.83719187170587,"02a_cor_to_smd_GROUPS",1000
0.5,25,0.5,"mathur_2sd","own",1000,1000,1000,1000,0,0.0627332854936802,0.013190632900626,0.417124437451317,0.00933185306577316,0.462927335663573,1.10980631701206,0.0248284409925806,0.421609142016145,0.988,0.00344325427466518,1.90855880167797,"02a_cor_to_smd_GROUPS",1000
0.8,25,0.5,"mathur_2sd","own",1000,1000,1000,1000,0,0.0746608000762116,0.0146765399781178,0.464112945013701,0.0103830737783053,0.496709640886214,1.07023440354923,0.0239431433480145,0.46985067837727,0.987,0.00358203852575597,2.04087561571298,"02a_cor_to_smd_GROUPS",1000
1.2,25,0.5,"mathur_2sd","own",1000,1000,1000,1000,0,0.0931965154837692,0.0154706403538192,0.489224603793819,0.0109448685065301,0.555301831800389,1.13506521849914,0.0253935298152843,0.497782043411149,0.983,0.00408790900094413,2.27450718264895,"02a_cor_to_smd_GROUPS",1000
0,50,0.5,"mathur_2sd","own",1000,1000,1000,1000,0,0.0149955331904458,0.00949906629543582,0.300386851385151,0.00672021514046064,0.296565665615379,0.987279117737173,0.0220872786018554,0.300610868466636,0.958,0.00634318531969546,1.19220750321455,"02a_cor_to_smd_GROUPS",1000
0.2,50,0.5,"mathur_2sd","own",1000,1000,1000,1000,0,0.0124453467939448,0.00936059242814154,0.296007923214533,0.00662225033522539,0.298802278310332,1.00944013614721,0.022583061991709,0.296121523317702,0.962,0.00604615580348373,1.20100640926332,"02a_cor_to_smd_GROUPS",1000
0.5,50,0.5,"mathur_2sd","own",1000,1000,1000,1000,0,0.0329087992117553,0.00901500907304141,0.285079617978941,0.0063777637274889,0.310809467809217,1.09025496109714,0.0243910406289158,0.286831147653095,0.979,0.00453420334788814,1.24810588212612,"02a_cor_to_smd_GROUPS",1000
0.8,50,0.5,"mathur_2sd","own",1000,1000,1000,1000,0,0.0250705705789744,0.00938911963835346,0.296910032810134,0.00664243221247719,0.330619126210907,1.11353302238301,0.0249118143551044,0.297818645361379,0.975,0.00493710441453288,1.32614096692967,"02a_cor_to_smd_GROUPS",1000
1.2,50,0.5,"mathur_2sd","own",1000,1000,1000,1000,0,0.0401996972801825,0.0102632169117775,0.324551415615764,0.00726082159396013,0.369917994060015,1.13978240815304,0.0254990621619446,0.326870468868383,0.985,0.00384382621875652,1.48102417437986,"02a_cor_to_smd_GROUPS",1000
0,100,0.5,"mathur_2sd","own",1000,1000,1000,1000,0,0.00285801249055832,0.00632158928983272,0.199906205879977,0.00447227535170693,0.204573801493248,1.02334892802714,0.02289422765474,0.199826667123221,0.955,0.00655553201502365,0.811887978762501,"02a_cor_to_smd_GROUPS",1000
0.2,100,0.5,"mathur_2sd","own",1000,1000,1000,1000,0,0.00403275846991671,0.0066011490772431,0.20874666258407,0.00467005288663391,0.206264799007392,0.988110643083082,0.0221058813775545,0.208681233252356,0.962,0.00604615580348373,0.818496574719662,"02a_cor_to_smd_GROUPS",1000
0.5,100,0.5,"mathur_2sd","own",1000,1000,1000,1000,0,0.0112883447251973,0.0065815384468971,0.20812652000162,0.00465617913832366,0.214282691860105,1.0295789881003,0.0230336057394882,0.208328486785393,0.96,0.00619677335393187,0.849904594954599,"02a_cor_to_smd_GROUPS",1000
0.8,100,0.5,"mathur_2sd","own",1000,1000,1000,1000,0,0.0141528159766912,0.00661145208513904,0.209072472301088,0.00467734185878139,0.228230126761391,1.09163164451757,0.0244218396093737,0.209446627032964,0.969,0.00548078461536303,0.90464868828389,"02a_cor_to_smd_GROUPS",1000
1.2,100,0.5,"mathur_2sd","own",1000,1000,1000,1000,0,0.0244372468280284,0.00702029535592401,0.222001231718223,0.00496658236442191,0.254993056707412,1.14861099974014,0.0256965742520344,0.223231810838101,0.975,0.00493710441453288,1.00992144946582,"02a_cor_to_smd_GROUPS",1000
0,300,0.5,"mathur_2sd","own",1000,1000,1000,1000,0,0.00126408397817962,0.00352758154116077,0.11155192302035,0.00249562495352923,0.116321392349996,1.04275559937031,0.0233283911541904,0.111503298634222,0.951,0.00682634602111555,0.457828377225334,"02a_cor_to_smd_GROUPS",1000
0.2,300,0.5,"mathur_2sd","own",1000,1000,1000,1000,0,0.00461273570200974,0.00362276019442668,0.114561736309827,0.00256296010067244,0.117239324516243,1.02337244784047,0.022894753836911,0.114597313954354,0.963,0.00596917079668525,0.461422758114308,"02a_cor_to_smd_GROUPS",1000
0.5,300,0.5,"mathur_2sd","own",1000,1000,1000,1000,0,0.00055219087464748,0.00371475294546265,0.117470802524812,0.00262804134751262,0.121655569646177,1.0356238914813,0.0231688415230663,0.117413350906699,0.951,0.00682634602111555,0.478729893418644,"02a_cor_to_smd_GROUPS",1000
0.8,300,0.5,"mathur_2sd","own",1000,1000,1000,1000,0,0.0186679299186501,0.00383041920819352,0.121128490911502,0.00270987067113972,0.130074070810212,1.07385198834224,0.0240240754793172,0.122498697163011,0.972,0.0052168956286282,0.511736618446508,"02a_cor_to_smd_GROUPS",1000
1.2,300,0.5,"mathur_2sd","own",1000,1000,1000,1000,0,0.00951106778743866,0.00389174329474911,0.123067728800952,0.00275325504620655,0.144624534340235,1.17516213022952,0.0262905726520584,0.123373338354807,0.978,0.00463853425124791,0.568861252870219,"02a_cor_to_smd_GROUPS",1000
0,25,0.15,"mathur_raw_1unit","own",1000,1000,1000,1000,0,-0.0190331167021561,0.0068333939674507,0.216090890863987,0.00483435699599859,0.22038782666931,1.01988485395263,0.0228167298450459,0.216819826982394,0.984,0.00396787096564392,0.91098213471217,"02a_cor_to_smd_GROUPS",1000
0.2,25,0.15,"mathur_raw_1unit","own",1000,1000,1000,1000,0,0.000658851920704943,0.00661573712698295,0.209207977222047,0.00468037335705516,0.220716395919857,1.05500946403012,0.0236025330030638,0.209104385036423,0.983,0.00408790900094413,0.91209517451607,"02a_cor_to_smd_GROUPS",1000
0.5,25,0.15,"mathur_raw_1unit","own",1000,1000,1000,1000,0,0.0221029621319327,0.00709276907234352,0.224293051862051,0.00501785466332162,0.227118411352662,1.01259673211968,0.0226536809417351,0.225267855397713,0.979,0.00453420334788814,0.937052509012558,"02a_cor_to_smd_GROUPS",1000
0.8,25,0.15,"mathur_raw_1unit","own",1000,1000,1000,1000,0,0.024452895038329,0.00696248731907563,0.220173181083185,0.00492568545599045,0.235280602376629,1.06861608311748,0.023906938496113,0.221417473371855,0.984,0.00396787096564392,0.969172700425573,"02a_cor_to_smd_GROUPS",1000
1.2,25,0.15,"mathur_raw_1unit","own",1000,1000,1000,1000,0,0.0333214890290781,0.0071545029792476,0.226245249408828,0.00506152897013807,0.252369467750247,1.11546858291912,0.0249551164609057,0.228573943393156,0.987,0.00358203852575597,1.03711485547845,"02a_cor_to_smd_GROUPS",1000
0,50,0.15,"mathur_raw_1unit","own",1000,1000,1000,1000,0,0.0055225248671552,0.00480326477080447,0.151892568805888,0.00339812057653614,0.148334525154539,0.976575261849079,0.0218478133454077,0.151917014803811,0.964,0.00589101010014412,0.596348631567551,"02a_cor_to_smd_GROUPS",1000
0.2,50,0.15,"mathur_raw_1unit","own",1000,1000,1000,1000,0,-7.20459637731397e-05,0.00458783093685699,0.145079952802522,0.00324570962711926,0.148685749784711,1.02485386100929,0.0229278958175287,0.145007412579833,0.969,0.00548078461536303,0.597714240636026,"02a_cor_to_smd_GROUPS",1000
0.5,50,0.15,"mathur_raw_1unit","own",1000,1000,1000,1000,0,0.00890390302532944,0.00479218210486604,0.151542104136765,0.00339028002704215,0.152190122474776,1.00427616035624,0.0224675342043394,0.151727795100161,0.961,0.00612200947402077,0.611281842297544,"02a_cor_to_smd_GROUPS",1000
0.8,50,0.15,"mathur_raw_1unit","own",1000,1000,1000,1000,0,0.00465512887745854,0.00484247176575847,0.153132402848541,0.00342585798070906,0.157507297140767,1.02856935704557,0.0230110184062909,0.153126593034102,0.964,0.00589101010014412,0.632174288862897,"02a_cor_to_smd_GROUPS",1000
1.2,50,0.15,"mathur_raw_1unit","own",1000,1000,1000,1000,0,0.0181948427007852,0.0049841680873324,0.157613233970954,0.00352610254538235,0.169307084902412,1.07419333159304,0.0240317119656398,0.158581656859065,0.977,0.00474035863622153,0.678633702754355,"02a_cor_to_smd_GROUPS",1000
0,100,0.15,"mathur_raw_1unit","own",1000,1000,1000,1000,0,-0.00322158354499654,0.0033440796274405,0.105749082996793,0.00236580457955427,0.102376913588634,0.968111596690997,0.0216584653414027,0.105745280209782,0.95,0.00689202437604511,0.406303396830446,"02a_cor_to_smd_GROUPS",1000
0.2,100,0.15,"mathur_raw_1unit","own",1000,1000,1000,1000,0,0.00589964024116113,0.00321092362855151,0.101538320590752,0.00227160195669154,0.102758415983273,1.01201610766676,0.0226406912878225,0.101658872081177,0.955,0.00655553201502365,0.407790962106634,"02a_cor_to_smd_GROUPS",1000
0.5,100,0.15,"mathur_raw_1unit","own",1000,1000,1000,1000,0,0.00329402675960586,0.00331419359714059,0.104804003737108,0.00234466139062777,0.104812430681603,1.00008040670389,0.0223736673553407,0.104803367944076,0.958,0.00634318531969546,0.415818061099073,"02a_cor_to_smd_GROUPS",1000
0.8,100,0.15,"mathur_raw_1unit","own",1000,1000,1000,1000,0,0.008887308110824,0.00329689357731046,0.104256929074815,0.00233242230821937,0.108667495836586,1.04230478300974,0.0233183055498508,0.104583086578603,0.968,0.00556560868189635,0.430928250237811,"02a_cor_to_smd_GROUPS",1000
1.2,100,0.15,"mathur_raw_1unit","own",1000,1000,1000,1000,0,0.0094931857300638,0.00340238493242906,0.107592858631139,0.00240705328560252,0.115902144492759,1.07722897195349,0.0240996249126188,0.107957248855727,0.964,0.00589101010014412,0.459317112913234,"02a_cor_to_smd_GROUPS",1000
0,300,0.15,"mathur_raw_1unit","own",1000,1000,1000,1000,0,-0.00273733716311798,0.00184172605102189,0.0582404914729664,0.00130294861702407,0.0581731632450236,0.998843961885624,0.0223460057744501,0.0582756888154078,0.96,0.00619677335393187,0.228963265357154,"02a_cor_to_smd_GROUPS",1000
0.2,300,0.15,"mathur_raw_1unit","own",1000,1000,1000,1000,0,0.0013709815364236,0.00183941280598847,0.0581673402420496,0.00130131208730487,0.0584014783451136,1.00402525028804,0.0224619208772865,0.0581544118853999,0.956,0.00648567652600714,0.229857488393128,"02a_cor_to_smd_GROUPS",1000
0.5,300,0.15,"mathur_raw_1unit","own",1000,1000,1000,1000,0,-0.000758746048609922,0.0018652588307406,0.058984663308828,0.00131959713148268,0.0595296721730067,1.00923984021618,0.0225785809974775,0.0589600458846194,0.955,0.00655553201502365,0.234276290683303,"02a_cor_to_smd_GROUPS",1000
0.8,300,0.15,"mathur_raw_1unit","own",1000,1000,1000,1000,0,0.00161416624105149,0.00186608686902133,0.0590108481783971,0.00132018293594156,0.0616473560277375,1.0446783588226,0.0233714068758279,0.0590034190126712,0.963,0.00596917079668525,0.242576608004462,"02a_cor_to_smd_GROUPS",1000
1.2,300,0.15,"mathur_raw_1unit","own",1000,1000,1000,1000,0,0.00541171082275206,0.00191637502656444,0.0606010993500932,0.00135575982604806,0.0658347527662527,1.08636235105117,0.0243039556688179,0.0608120659345373,0.976,0.00483983470792134,0.258999523041299,"02a_cor_to_smd_GROUPS",1000
0,25,0.3,"mathur_raw_1unit","own",1000,1000,1000,1000,0,-0.0153161219778248,0.00668519792890187,0.211404520643703,0.00472951413765465,0.220067404048612,1.04097775855753,0.0232886175333004,0.211853163935979,0.982,0.00420428352992517,0.909595345795314,"02a_cor_to_smd_GROUPS",1000
0.2,25,0.3,"mathur_raw_1unit","own",1000,1000,1000,1000,0,2.28147352022385e-05,0.00671794683078554,0.212440131851921,0.00475268269542941,0.221405581199856,1.04220223961349,0.0233160114624736,0.212333886443385,0.978,0.00463853425124791,0.914683651802597,"02a_cor_to_smd_GROUPS",1000
0.5,25,0.3,"mathur_raw_1unit","own",1000,1000,1000,1000,0,0.0256070998466559,0.00734612386888299,0.232304833993984,0.00519709319968503,0.231234884174152,0.995394199072674,0.022268828134418,0.233596433884664,0.975,0.00493710441453288,0.952853595237877,"02a_cor_to_smd_GROUPS",1000
0.8,25,0.3,"mathur_raw_1unit","own",1000,1000,1000,1000,0,0.0316685662907688,0.00708704657314099,0.224112090548166,0.00501380622060252,0.244224068390068,1.08974070873512,0.0243795358426933,0.226227542513401,0.983,0.00408790900094413,1.00452969137057,"02a_cor_to_smd_GROUPS",1000
1.2,25,0.3,"mathur_raw_1unit","own",1000,1000,1000,1000,0,0.0456024354927333,0.00775381562619232,0.245197179357725,0.00548551905491121,0.271530680735038,1.10739724431697,0.0247745455350219,0.249281201118512,0.987,0.00358203852575597,1.11205432451873,"02a_cor_to_smd_GROUPS",1000
0,50,0.3,"mathur_raw_1unit","own",1000,1000,1000,1000,0,0.00143766135900323,0.00467037523066756,0.147690232565438,0.00330410646274203,0.148197987233493,1.00343797053627,0.0224487823319031,0.147623369629002,0.964,0.00589101010014412,0.595808270734591,"02a_cor_to_smd_GROUPS",1000
0.2,50,0.3,"mathur_raw_1unit","own",1000,1000,1000,1000,0,0.0079888963149574,0.00463510948360342,0.146575031724337,0.00327915733616588,0.149213955950506,1.01800391373022,0.0227746496977205,0.14671938573139,0.967,0.00564898220921256,0.599734675406103,"02a_cor_to_smd_GROUPS",1000
0.5,50,0.3,"mathur_raw_1unit","own",1000,1000,1000,1000,0,0.00534084890577941,0.00462814722829909,0.146354865880204,0.00327423181485118,0.153886034389615,1.05145827208489,0.0235230862038215,0.146379136788957,0.969,0.00548078461536303,0.61806888151956,"02a_cor_to_smd_GROUPS",1000
0.8,50,0.3,"mathur_raw_1unit","own",1000,1000,1000,1000,0,0.0218760679566026,0.00463919279803986,0.146704157464555,0.00328204612024692,0.163414996317001,1.11390842046507,0.024920212711634,0.148253667937119,0.978,0.00463853425124791,0.655618004046638,"02a_cor_to_smd_GROUPS",1000
1.2,50,0.3,"mathur_raw_1unit","own",1000,1000,1000,1000,0,0.0193490960924982,0.00513784284896622,0.162472856627417,0.00363482138444704,0.179744932211704,1.10630745308981,0.0247501648689877,0.16354026791934,0.981,0.00431729081716764,0.719753062027567,"02a_cor_to_smd_GROUPS",1000
0,100,0.3,"mathur_raw_1unit","own",1000,1000,1000,1000,0,0.00538871522778559,0.00318978336066643,0.100869806622123,0.00225664605009018,0.102302734827748,1.01420571976502,0.0226896770017663,0.100963267686335,0.953,0.00669260786241059,0.406009461470677,"02a_cor_to_smd_GROUPS",1000
0.2,100,0.3,"mathur_raw_1unit","own",1000,1000,1000,1000,0,-0.00302022397708753,0.00316605955158948,0.100119593907541,0.00223986238988718,0.102877347797645,1.02754459724088,0.022988092614689,0.100115088293416,0.969,0.00548078461536303,0.408260921876621,"02a_cor_to_smd_GROUPS",1000
0.5,100,0.3,"mathur_raw_1unit","own",1000,1000,1000,1000,0,0.0039719916526314,0.00335089976830604,0.105964754787776,0.00237062956050284,0.106377452593148,1.00389467050812,0.0224589995636204,0.105986213469794,0.953,0.00669260786241059,0.421930652678912,"02a_cor_to_smd_GROUPS",1000
0.8,100,0.3,"mathur_raw_1unit","own",1000,1000,1000,1000,0,0.00826595105118357,0.00323107063836168,0.102175424981171,0.00228585517233931,0.11237422596858,1.09981657516265,0.0246049518015054,0.102458301759269,0.976,0.00483983470792134,0.445515099945022,"02a_cor_to_smd_GROUPS",1000
1.2,100,0.3,"mathur_raw_1unit","own",1000,1000,1000,1000,0,0.00362551700436075,0.00333977092505962,0.105612829863959,0.00236275634238282,0.123234237385538,1.166849118088,0.0261045950375301,0.105622252085394,0.976,0.00483983470792134,0.48823431496467,"02a_cor_to_smd_GROUPS",1000
0,300,0.3,"mathur_raw_1unit","own",1000,1000,1000,1000,0,-0.000755245142313456,0.00185758093545424,0.0587418669414162,0.00131416532307693,0.0581754011913631,0.990356694814995,0.022156129751561,0.0587173459895478,0.958,0.00634318531969546,0.228971682426439,"02a_cor_to_smd_GROUPS",1000
0.2,300,0.3,"mathur_raw_1unit","own",1000,1000,1000,1000,0,-0.00107507075644866,0.00189557882556466,0.0599434657317133,0.00134104733321179,0.058535756519042,0.976516052325507,0.021846488717732,0.0599231311095851,0.956,0.00648567652600714,0.230382744652013,"02a_cor_to_smd_GROUPS",1000
0.5,300,0.3,"mathur_raw_1unit","own",1000,1000,1000,1000,0,0.000110826421539285,0.00190553032589812,0.0602581598036099,0.00134808762760824,0.0604160500604004,1.0026202303108,0.0224304879551058,0.0602281251542017,0.953,0.00669260786241059,0.237749250672975,"02a_cor_to_smd_GROUPS",1000
0.8,300,0.3,"mathur_raw_1unit","own",1000,1000,1000,1000,0,0.00348691404730139,0.00189967869609449,0.0600731150215741,0.0013439478300766,0.0638387809935031,1.06268471296314,0.0237742426629529,0.0601442344603383,0.97,0.00539444158370447,0.251167263349151,"02a_cor_to_smd_GROUPS",1000
1.2,300,0.3,"mathur_raw_1unit","own",1000,1000,1000,1000,0,0.0045160607573556,0.00191734619876244,0.0606318105115521,0.00135644689211392,0.0702460643260874,1.15856781668599,0.0259193268514964,0.060769523893371,0.976,0.00483983470792134,0.276318420346092,"02a_cor_to_smd_GROUPS",1000
0,25,0.5,"mathur_raw_1unit","own",1000,1000,1000,1000,0,0.011873347596709,0.00693918918288433,0.219436429327172,0.00490920294258252,0.22057337888383,1.00518122519649,0.022487782195936,0.219647833024811,0.978,0.00463853425124791,0.911659332902072,"02a_cor_to_smd_GROUPS",1000
0.2,25,0.5,"mathur_raw_1unit","own",1000,1000,1000,1000,0,0.0130476578586246,0.00690865766186674,0.218470937858723,0.00488760309440563,0.222398779737881,1.01797878435299,0.0227740875065974,0.218751142885647,0.984,0.00396787096564392,0.918595935852935,"02a_cor_to_smd_GROUPS",1000
0.5,25,0.5,"mathur_raw_1unit","own",1000,1000,1000,1000,0,0.0313666427468401,0.00659531645031301,0.208562218725658,0.00466592653288658,0.231463667831786,1.10980631701206,0.0248284409925806,0.210804571008072,0.988,0.00344325427466518,0.954279400838984,"02a_cor_to_smd_GROUPS",1000
0.8,25,0.5,"mathur_raw_1unit","own",1000,1000,1000,1000,0,0.0373304000381058,0.00733826998905891,0.23205647250685,0.00519153688915265,0.248354820443107,1.07023440354923,0.0239431433480145,0.234925339188635,0.987,0.00358203852575597,1.02043780785649,"02a_cor_to_smd_GROUPS",1000
1.2,25,0.5,"mathur_raw_1unit","own",1000,1000,1000,1000,0,0.0465982577418846,0.00773532017690961,0.24461230189691,0.00547243425326506,0.277650915900194,1.13506521849914,0.0253935298152843,0.248891021705574,0.983,0.00408790900094413,1.13725359132447,"02a_cor_to_smd_GROUPS",1000
0,50,0.5,"mathur_raw_1unit","own",1000,1000,1000,1000,0,0.00749776659522291,0.00474953314771791,0.150193425692575,0.00336010757023032,0.14828283280769,0.987279117737173,0.0220872786018554,0.150305434233318,0.958,0.00634318531969546,0.596103751607274,"02a_cor_to_smd_GROUPS",1000
0.2,50,0.5,"mathur_raw_1unit","own",1000,1000,1000,1000,0,0.00622267339697242,0.00468029621407077,0.148003961607266,0.0033111251676127,0.149401139155166,1.00944013614721,0.022583061991709,0.148060761658851,0.962,0.00604615580348373,0.600503204631658,"02a_cor_to_smd_GROUPS",1000
0.5,50,0.5,"mathur_raw_1unit","own",1000,1000,1000,1000,0,0.0164543996058777,0.00450750453652071,0.14253980898947,0.00318888186374445,0.155404733904609,1.09025496109714,0.0243910406289158,0.143415573826547,0.979,0.00453420334788814,0.624052941063062,"02a_cor_to_smd_GROUPS",1000
0.8,50,0.5,"mathur_raw_1unit","own",1000,1000,1000,1000,0,0.0125352852894872,0.00469455981917673,0.148455016405067,0.0033212161062386,0.165309563105453,1.11353302238301,0.0249118143551044,0.148909322680689,0.975,0.00493710441453288,0.663070483464834,"02a_cor_to_smd_GROUPS",1000
1.2,50,0.5,"mathur_raw_1unit","own",1000,1000,1000,1000,0,0.0200998486400912,0.00513160845588877,0.162275707807882,0.00363041079698006,0.184958997030007,1.13978240815304,0.0254990621619446,0.163435234434192,0.985,0.00384382621875652,0.740512087189932,"02a_cor_to_smd_GROUPS",1000
0,100,0.5,"mathur_raw_1unit","own",1000,1000,1000,1000,0,0.00142900624527916,0.00316079464491636,0.0999531029399886,0.00223613767585347,0.102286900746624,1.02334892802714,0.02289422765474,0.0999133335616106,0.955,0.00655553201502365,0.405943989381251,"02a_cor_to_smd_GROUPS",1000
0.2,100,0.5,"mathur_raw_1unit","own",1000,1000,1000,1000,0,0.00201637923495835,0.00330057453862155,0.104373331292035,0.00233502644331695,0.103132399503696,0.988110643083082,0.0221058813775545,0.104340616626178,0.962,0.00604615580348373,0.409248287359831,"02a_cor_to_smd_GROUPS",1000
0.5,100,0.5,"mathur_raw_1unit","own",1000,1000,1000,1000,0,0.00564417236259866,0.00329076922344855,0.10406326000081,0.00232808956916183,0.107141345930053,1.0295789881003,0.0230336057394882,0.104164243392696,0.96,0.00619677335393187,0.4249522974773,"02a_cor_to_smd_GROUPS",1000
0.8,100,0.5,"mathur_raw_1unit","own",1000,1000,1000,1000,0,0.00707640798834559,0.00330572604256952,0.104536236150544,0.0023386709293907,0.114115063380696,1.09163164451757,0.0244218396093737,0.104723313516482,0.969,0.00548078461536303,0.452324344141945,"02a_cor_to_smd_GROUPS",1000
1.2,100,0.5,"mathur_raw_1unit","own",1000,1000,1000,1000,0,0.0122186234140142,0.00351014767796201,0.111000615859112,0.00248329118221095,0.127496528353706,1.14861099974014,0.0256965742520344,0.111615905419051,0.975,0.00493710441453288,0.50496072473291,"02a_cor_to_smd_GROUPS",1000
0,300,0.5,"mathur_raw_1unit","own",1000,1000,1000,1000,0,0.000632041989089811,0.00176379077058039,0.0557759615101752,0.00124781247676462,0.0581606961749982,1.04275559937031,0.0233283911541904,0.0557516493171111,0.951,0.00682634602111555,0.228914188612667,"02a_cor_to_smd_GROUPS",1000
0.2,300,0.5,"mathur_raw_1unit","own",1000,1000,1000,1000,0,0.00230636785100487,0.00181138009721334,0.0572808681549137,0.00128148005033622,0.0586196622581213,1.02337244784047,0.022894753836911,0.0572986569771769,0.963,0.00596917079668525,0.230711379057154,"02a_cor_to_smd_GROUPS",1000
0.5,300,0.5,"mathur_raw_1unit","own",1000,1000,1000,1000,0,0.00027609543732374,0.00185737647273132,0.058735401262406,0.00131402067375631,0.0608277848230887,1.0356238914813,0.0231688415230663,0.0587066754533495,0.951,0.00682634602111555,0.239364946709322,"02a_cor_to_smd_GROUPS",1000
0.8,300,0.5,"mathur_raw_1unit","own",1000,1000,1000,1000,0,0.00933396495932503,0.00191520960409676,0.060564245455751,0.00135493533556986,0.0650370354051059,1.07385198834224,0.0240240754793172,0.0612493485815053,0.972,0.0052168956286282,0.255868309223254,"02a_cor_to_smd_GROUPS",1000
1.2,300,0.5,"mathur_raw_1unit","own",1000,1000,1000,1000,0,0.00475553389371933,0.00194587164737456,0.061533864400476,0.00137662752310327,0.0723122671701176,1.17516213022952,0.0262905726520584,0.0616866691774036,0.978,0.00463853425124791,0.284430626435109,"02a_cor_to_smd_GROUPS",1000
0,25,0.15,"metafor_rtod_np","own",1000,1000,1000,1000,0,-0.0313714512439312,0.0114479103760772,0.362014712378787,0.00809894554298622,0.349001779543199,0.964054132634332,0.0215676922890545,0.363191086454318,0.945,0.00720936890441875,1.44359208903021,"02a_cor_to_smd_GROUPS",1000
0.2,25,0.15,"metafor_rtod_np","own",1000,1000,1000,1000,0,-0.00908077413063139,0.0110068599465036,0.348067473174305,0.007786919741466,0.348807695900259,1.00212666446308,0.0224194459648609,0.34801188970332,0.958,0.00634318531969546,1.4426851995944,"02a_cor_to_smd_GROUPS",1000
0.5,25,0.15,"metafor_rtod_np","own",1000,1000,1000,1000,0,0.0105299370977439,0.011413280204297,0.360919610192905,0.00807444606088178,0.344115564496636,0.953441028911432,0.0213302573281132,0.360892756413951,0.941,0.00745110730026082,1.42259151161502,"02a_cor_to_smd_GROUPS",1000
0.8,25,0.15,"metafor_rtod_np","own",1000,1000,1000,1000,0,-0.000504112712945394,0.0107124755054929,0.338758219761211,0.00757865434820867,0.338042644962526,0.997887653326348,0.0223246113651097,0.338589173562825,0.941,0.00745110730026082,1.39664305175034,"02a_cor_to_smd_GROUPS",1000
1.2,25,0.15,"metafor_rtod_np","own",1000,1000,1000,1000,0,-0.00674340105992788,0.0101275142954796,0.320260122096311,0.00716481733961739,0.325132463940933,1.01521370132731,0.0227122274327356,0.320170974195341,0.952,0.00675988165576884,1.34163767019196,"02a_cor_to_smd_GROUPS",1000
0,50,0.15,"metafor_rtod_np","own",1000,1000,1000,1000,0,0.00960448148485031,0.0083693049126707,0.26466065956476,0.00592095347479421,0.251445849210418,0.950068852786529,0.021254815447264,0.264702598251558,0.935,0.0077958322198467,1.01107487035852,"02a_cor_to_smd_GROUPS",1000
0.2,50,0.15,"metafor_rtod_np","own",1000,1000,1000,1000,0,-0.00505074656461217,0.00796797037928235,0.25196934727288,0.00563702510501728,0.251172773382334,0.996838607953041,0.0223011422599601,0.251893972643285,0.956,0.00648567652600714,1.00995753704407,"02a_cor_to_smd_GROUPS",1000
0.5,50,0.15,"metafor_rtod_np","own",1000,1000,1000,1000,0,0.00229142161836825,0.0080355004828899,0.254104836653149,0.00568479999263106,0.248453040594737,0.977758014633436,0.0218742737351758,0.253988089003296,0.946,0.00714730718522718,0.998795029238925,"02a_cor_to_smd_GROUPS",1000
0.8,50,0.15,"metafor_rtod_np","own",1000,1000,1000,1000,0,-0.0117624207858539,0.00783083145387712,0.247632633671395,0.00554000471857177,0.244215835928162,0.986202150772393,0.0220631848385329,0.24778812296096,0.943,0.00733150734842434,0.981517445590928,"02a_cor_to_smd_GROUPS",1000
1.2,50,0.15,"metafor_rtod_np","own",1000,1000,1000,1000,0,-0.000237298750403286,0.00740256007048473,0.234089503389483,0.00523701958872985,0.234677610233679,1.0025123161683,0.0224280737140998,0.23397254969811,0.956,0.00648567652600714,0.942578835555291,"02a_cor_to_smd_GROUPS",1000
0,100,0.15,"metafor_rtod_np","own",1000,1000,1000,1000,0,-0.0057398074730038,0.00600079504456797,0.189761801126864,0.00424532606248715,0.181217116517754,0.954971524519848,0.0213644973746155,0.189753727277152,0.94,0.00750999334220744,0.7192285770128,"02a_cor_to_smd_GROUPS",1000
0.2,100,0.15,"metafor_rtod_np","own",1000,1000,1000,1000,0,0.00808129771053073,0.00573094644275328,0.181228439075401,0.00405441880874805,0.180890789957846,0.99813688668689,0.0223301871810794,0.181317982437658,0.948,0.00702111102319284,0.717921614968346,"02a_cor_to_smd_GROUPS",1000
0.5,100,0.15,"metafor_rtod_np","own",1000,1000,1000,1000,0,-0.00041858012443745,0.00577451480137187,0.182606191546899,0.00408524170587577,0.179122687766651,0.98092340817834,0.0219450895033357,0.182515345599739,0.943,0.00733150734842434,0.710845439071717,"02a_cor_to_smd_GROUPS",1000
0.8,100,0.15,"metafor_rtod_np","own",1000,1000,1000,1000,0,0.00548781084961534,0.00549804545746977,0.173863463247469,0.00388965053796732,0.175762933381048,1.01092506785555,0.02261628268863,0.173863139901685,0.959,0.00627048642451286,0.697410213377906,"02a_cor_to_smd_GROUPS",1000
1.2,100,0.15,"metafor_rtod_np","own",1000,1000,1000,1000,0,0.00124494665809179,0.00521421081904355,0.164887823884697,0.00368884871437593,0.169382715691213,1.02726030158334,0.0229817323896213,0.164810061474252,0.955,0.00655553201502365,0.671883515390792,"02a_cor_to_smd_GROUPS",1000
0,300,0.15,"metafor_rtod_np","own",1000,1000,1000,1000,0,-0.00497451042122767,0.0033479012297322,0.105869932672324,0.00236850821260437,0.105274447940884,0.99437531774689,0.0222460338553732,0.105933847071317,0.957,0.00641490451994416,0.41435053939674,"02a_cor_to_smd_GROUPS",1000
0.2,300,0.15,"metafor_rtod_np","own",1000,1000,1000,1000,0,0.00167583631315016,0.0033286061595029,0.105259768976949,0.00235485771064362,0.105075180903522,0.998246356844399,0.0223326362330486,0.105220472216504,0.952,0.00675988165576884,0.413564337329406,"02a_cor_to_smd_GROUPS",1000
0.5,300,0.15,"metafor_rtod_np","own",1000,1000,1000,1000,0,-0.00335042443550474,0.00330000432021278,0.10435529940268,0.00233462303625937,0.10408519652074,0.997411699420288,0.0223139633869079,0.1043569059948,0.95,0.00689202437604511,0.409657945798334,"02a_cor_to_smd_GROUPS",1000
0.8,300,0.15,"metafor_rtod_np","own",1000,1000,1000,1000,0,-0.000347944278289687,0.00316596124990412,0.100116485335306,0.00223979284531788,0.102204713168233,1.02085798183919,0.0228385005341648,0.100067019494334,0.957,0.00641490451994416,0.402238553877962,"02a_cor_to_smd_GROUPS",1000
1.2,300,0.15,"metafor_rtod_np","own",1000,1000,1000,1000,0,0.00406405155138269,0.00299511984928091,0.0947140058890791,0.00211892928553441,0.0984277729918005,1.03921032658117,0.0232490767775298,0.0947538320262419,0.966,0.00573096850453743,0.38733601627981,"02a_cor_to_smd_GROUPS",1000
0,25,0.3,"metafor_rtod_np","own",1000,1000,1000,1000,0,-0.0234951338276557,0.0102382429273539,0.323761668885482,0.00724315348395631,0.319883108876384,0.988020323645942,0.0221038607629831,0.324451564851909,0.957,0.00641490451994416,1.32339430541901,"02a_cor_to_smd_GROUPS",1000
0.2,25,0.3,"metafor_rtod_np","own",1000,1000,1000,1000,0,-0.0101126567366161,0.010195919606288,0.322423287958374,0.0072132114018426,0.319479741449631,0.990870552411452,0.0221676257061404,0.322420665695522,0.958,0.00634318531969546,1.32167938255324,"02a_cor_to_smd_GROUPS",1000
0.5,25,0.3,"metafor_rtod_np","own",1000,1000,1000,1000,0,0.0108527607049652,0.010716169813218,0.3388750440291,0.00758126792536831,0.316411927812414,0.933712686689445,0.0208888974500592,0.338879390912427,0.935,0.0077958322198467,1.30869762305733,"02a_cor_to_smd_GROUPS",1000
0.8,25,0.3,"metafor_rtod_np","own",1000,1000,1000,1000,0,0.00483310028773176,0.00982389741003616,0.310658913155433,0.00695002035568256,0.312012040785397,1.00435566974796,0.0224693129779959,0.310541157048439,0.956,0.00648567652600714,1.29016408185244,"02a_cor_to_smd_GROUPS",1000
1.2,25,0.3,"metafor_rtod_np","own",1000,1000,1000,1000,0,-0.000310731698012873,0.00942701116856969,0.298108268205257,0.00666923897717749,0.301743502068935,1.01219434095392,0.0226446786994864,0.297959338814801,0.948,0.00702111102319284,1.24634379550176,"02a_cor_to_smd_GROUPS",1000
0,50,0.3,"metafor_rtod_np","own",1000,1000,1000,1000,0,0.00224585670452038,0.0074761318287766,0.23641604666614,0.00528906870899138,0.231029606836448,0.977216268076342,0.0218621538524363,0.236308481537296,0.944,0.00727076337120113,0.929022849989602,"02a_cor_to_smd_GROUPS",1000
0.2,50,0.3,"metafor_rtod_np","own",1000,1000,1000,1000,0,0.0075667034180299,0.00735481315750474,0.232579613426897,0.00520324052902663,0.230698883595745,0.991913608405135,0.0221909608176766,0.232586410406626,0.949,0.00695693898205238,0.927678155865834,"02a_cor_to_smd_GROUPS",1000
0.5,50,0.3,"metafor_rtod_np","own",1000,1000,1000,1000,0,-0.00396473855109519,0.00715564226108943,0.226281276663998,0.00506233496715341,0.229132046399351,1.01259834564035,0.0226537170392075,0.226202856092267,0.957,0.00641490451994416,0.921331644560457,"02a_cor_to_smd_GROUPS",1000
0.8,50,0.3,"metafor_rtod_np","own",1000,1000,1000,1000,0,0.0133722057966139,0.00679403843387842,0.214846359617791,0.00480651450660567,0.225621736683869,1.05015387314566,0.0234939043622723,0.215154863227962,0.959,0.00627048642451286,0.907101800427352,"02a_cor_to_smd_GROUPS",1000
1.2,50,0.3,"metafor_rtod_np","own",1000,1000,1000,1000,0,-0.00231894395318416,0.00676702664816799,0.213992171952657,0.00478740473248089,0.218777755933888,1.02236336001248,0.0228721786567112,0.213897719736365,0.953,0.00669260786241059,0.879212867729482,"02a_cor_to_smd_GROUPS",1000
0,100,0.3,"metafor_rtod_np","own",1000,1000,1000,1000,0,0.00879925248515395,0.00519346606396231,0.164231817129106,0.00367417261750006,0.164495477886269,1.00160541825434,0.0224077847132192,0.164385353703024,0.949,0.00695693898205238,0.65287038107487,"02a_cor_to_smd_GROUPS",1000
0.2,100,0.3,"metafor_rtod_np","own",1000,1000,1000,1000,0,-0.00734305635786834,0.00513256629928154,0.162305997475511,0.00363108843344138,0.164315591325354,1.01238151319791,0.0226488660923172,0.162390929723242,0.964,0.00589101010014412,0.652154406467927,"02a_cor_to_smd_GROUPS",1000
0.5,100,0.3,"metafor_rtod_np","own",1000,1000,1000,1000,0,-8.42727523122265e-05,0.00525690152475549,0.166237822534394,0.00371905070665176,0.163157621343614,0.981471116838394,0.0219573427694586,0.166154704204342,0.94,0.00750999334220744,0.647538880285134,"02a_cor_to_smd_GROUPS",1000
0.8,100,0.3,"metafor_rtod_np","own",1000,1000,1000,1000,0,0.00302199334102637,0.00483210738605515,0.152804652384568,0.0034185255904259,0.160972956388089,1.05345585933446,0.0235677759631005,0.152758125716217,0.965,0.00581162627841812,0.63883733964732,"02a_cor_to_smd_GROUPS",1000
1.2,100,0.3,"metafor_rtod_np","own",1000,1000,1000,1000,0,-0.0083718638017736,0.00451974347049408,0.142926838064353,0.00319754042731617,0.156417974823916,1.09439190667248,0.0244835918313485,0.1431004579362,0.963,0.00596917079668525,0.62066560615847,"02a_cor_to_smd_GROUPS",1000
0,300,0.3,"metafor_rtod_np","own",1000,1000,1000,1000,0,-0.00123201605953741,0.00305817648998711,0.0967080319513838,0.00216353937440009,0.0953854344607169,0.986323809264035,0.0220659065663106,0.0966675171090937,0.955,0.00655553201502365,0.375428677809062,"02a_cor_to_smd_GROUPS",1000
0.2,300,0.3,"metafor_rtod_np","own",1000,1000,1000,1000,0,-0.00260921935491616,0.00310469350359503,0.0981790290808847,0.00219644832875565,0.0952744686077882,0.970415673282901,0.0217100118399471,0.0981646099933983,0.949,0.00695693898205238,0.374991479888223,"02a_cor_to_smd_GROUPS",1000
0.5,300,0.3,"metafor_rtod_np","own",1000,1000,1000,1000,0,-0.00189091356225706,0.00303868081213008,0.0960915244858127,0.00214974695044666,0.094664232324457,0.985146534317223,0.0220395687260038,0.0960620791521267,0.949,0.00695693898205238,0.372586975939795,"02a_cor_to_smd_GROUPS",1000
0.8,300,0.3,"metafor_rtod_np","own",1000,1000,1000,1000,0,0.00210356073611338,0.00287096212286461,0.0907877938432435,0.00203109258591385,0.0934260397854586,1.0290594784886,0.023021983338767,0.0907667673500763,0.96,0.00619677335393187,0.367706697912541,"02a_cor_to_smd_GROUPS",1000
1.2,300,0.3,"metafor_rtod_np","own",1000,1000,1000,1000,0,0.00177663726538014,0.00262532701640971,0.0830201297462894,0.0018573154261292,0.0907238115449024,1.09279293855786,0.0244478199269412,0.0829976267198067,0.956,0.00648567652600714,0.357054147513092,"02a_cor_to_smd_GROUPS",1000
0,25,0.5,"metafor_rtod_np","own",1000,1000,1000,1000,0,0.0176915996689085,0.010356624675771,0.327505228469392,0.00732690390671616,0.311582976808276,0.951383213832864,0.0212842201597635,0.327819169206071,0.945,0.00720936890441875,1.28909778041208,"02a_cor_to_smd_GROUPS",1000
0.2,25,0.5,"metafor_rtod_np","own",1000,1000,1000,1000,0,0.00849539460934141,0.0102114698113323,0.322915028618599,0.00722421255923275,0.311261963371638,0.963912905209733,0.0215645327676818,0.322865317619609,0.953,0.00669260786241059,1.2877419163341,"02a_cor_to_smd_GROUPS",1000
0.5,25,0.5,"metafor_rtod_np","own",1000,1000,1000,1000,0,0.0206019871448183,0.00940131944320932,0.297295824513675,0.00665106309373996,0.309666657503965,1.04161118983264,0.0233027885744954,0.297860477976363,0.958,0.00634318531969546,1.2810498024402,"02a_cor_to_smd_GROUPS",1000
0.8,25,0.5,"metafor_rtod_np","own",1000,1000,1000,1000,0,0.0105766380469965,0.00981039299411774,0.310231866027709,0.00694046651349476,0.306031497015628,0.986460549440443,0.0220689656995569,0.310257042080776,0.957,0.00641490451994416,1.26568295248191,"02a_cor_to_smd_GROUPS",1000
1.2,25,0.5,"metafor_rtod_np","own",1000,1000,1000,1000,0,-0.000106857009074966,0.00926686774817419,0.293044088597861,0.00655594381690432,0.29816315685994,1.01746859418517,0.0227626735992493,0.2928975493969,0.956,0.00648567652600714,1.23235331188592,"02a_cor_to_smd_GROUPS",1000
0,50,0.5,"metafor_rtod_np","own",1000,1000,1000,1000,0,0.0115655927617217,0.007323385771339,0.231585792215003,0.00518100689155454,0.223081677218431,0.963278770622176,0.0215503459920732,0.231758732548797,0.946,0.00714730718522718,0.897069017123311,"02a_cor_to_smd_GROUPS",1000
0.2,50,0.5,"metafor_rtod_np","own",1000,1000,1000,1000,0,0.00453371840814672,0.00718861067789906,0.227323829543681,0.0050856588230894,0.222937771119869,0.980705681262646,0.0219402185454073,0.227255367279918,0.941,0.00745110730026082,0.896488724191788,"02a_cor_to_smd_GROUPS",1000
0.5,50,0.5,"metafor_rtod_np","own",1000,1000,1000,1000,0,0.0125238354507469,0.0067066162827988,0.212081828464161,0.0047446667791528,0.222030496513859,1.04690957316685,0.0234213233097486,0.212345401921338,0.962,0.00604615580348373,0.892824282851257,"02a_cor_to_smd_GROUPS",1000
0.8,50,0.5,"metafor_rtod_np","own",1000,1000,1000,1000,0,-0.0010973761694396,0.00665400310696454,0.210418053758449,0.00470744503021112,0.220138560725832,1.04619616422525,0.0234053630187154,0.210315681356868,0.964,0.00589101010014412,0.88516799673806,"02a_cor_to_smd_GROUPS",1000
1.2,50,0.5,"metafor_rtod_np","own",1000,1000,1000,1000,0,-0.00207828851561829,0.00652790783901321,0.206430571269495,0.00461823759629373,0.215034798606906,1.04168097430772,0.0233043497835956,0.206337796966648,0.964,0.00589101010014412,0.864433790054563,"02a_cor_to_smd_GROUPS",1000
0,100,0.5,"metafor_rtod_np","own",1000,1000,1000,1000,0,0.00225632473609113,0.00496222367991874,0.156919290877656,0.00351057774174765,0.158689783228967,1.0112828215155,0.0226242863064684,0.156857040603893,0.948,0.00702111102319284,0.629829172356488,"02a_cor_to_smd_GROUPS",1000
0.2,100,0.5,"metafor_rtod_np","own",1000,1000,1000,1000,0,0.000581482065528827,0.00515112674690598,0.162892930364366,0.00364421921885335,0.158590297574753,0.973586129367379,0.0217809408665767,0.162812501907317,0.949,0.00695693898205238,0.629433705224937,"02a_cor_to_smd_GROUPS",1000
0.5,100,0.5,"metafor_rtod_np","own",1000,1000,1000,1000,0,0.00242815430017313,0.00499104589913577,0.157830729477121,0.0035309683262472,0.158041494881661,1.00133538890201,0.0224017436520558,0.157770480640132,0.953,0.00669260786241059,0.627251122654829,"02a_cor_to_smd_GROUPS",1000
0.8,100,0.5,"metafor_rtod_np","own",1000,1000,1000,1000,0,0.000722325699635745,0.00474966474733025,0.150197587237718,0.00336020067177103,0.156780552289274,1.04382870039808,0.0233523984292786,0.150124207412516,0.955,0.00655553201502365,0.622230938449955,"02a_cor_to_smd_GROUPS",1000
1.2,100,0.5,"metafor_rtod_np","own",1000,1000,1000,1000,0,0.00225711868720244,0.00454122414395745,0.143606116602539,0.00321273715745218,0.153381604236131,1.06807152692978,0.0238947557566871,0.143552041412529,0.96,0.00619677335393187,0.60867693601378,"02a_cor_to_smd_GROUPS",1000
0,300,0.5,"metafor_rtod_np","own",1000,1000,1000,1000,0,0.0010089735412085,0.00280038060553299,0.0885558102884578,0.00198115894331609,0.09196429305241,1.03848965700669,0.0232329540525725,0.0885172719412225,0.949,0.00695693898205238,0.361963449595468,"02a_cor_to_smd_GROUPS",1000
0.2,300,0.5,"metafor_rtod_np","own",1000,1000,1000,1000,0,0.00282173741564476,0.00285791037195993,0.0903750612401239,0.00202185898638825,0.0919158231349791,1.01704852946945,0.0227532759666646,0.09037392458284,0.961,0.00612200947402077,0.361772598316373,"02a_cor_to_smd_GROUPS",1000
0.5,300,0.5,"metafor_rtod_np","own",1000,1000,1000,1000,0,-0.00159336397683076,0.00285322213293999,0.0902268061049412,0.00201854224199843,0.091637616848184,1.0156362704627,0.0227216810938677,0.0901957563975236,0.947,0.00708456067798138,0.360677019955117,"02a_cor_to_smd_GROUPS",1000
0.8,300,0.5,"metafor_rtod_np","own",1000,1000,1000,1000,0,0.0104227238657143,0.00278397275632557,0.0880369485384573,0.0019695510364717,0.0909051761120477,1.03257981587512,0.023100739863879,0.0886080525484899,0.961,0.00612200947402077,0.357791437991844,"02a_cor_to_smd_GROUPS",1000
1.2,300,0.5,"metafor_rtod_np","own",1000,1000,1000,1000,0,0.00182529893303837,0.00255973475885295,0.0809459204387719,0.00181091148824515,0.0890812057938622,1.10050272220011,0.0246203021928041,0.0809260249230077,0.968,0.00556560868189635,0.35060253829464,"02a_cor_to_smd_GROUPS",1000
0,25,0.15,"pb_exact_p","own",1000,1000,1000,1000,0,-0.0519170821419991,0.0186396101841056,0.589436228794442,0.0131867898039303,0.569731632972693,0.966570436530428,0.021623986708942,0.591424565067885,0.972,0.0052168956286282,2.35607758341065,"02a_cor_to_smd_GROUPS",1000
0.2,25,0.15,"pb_exact_p","own",1000,1000,1000,1000,0,0.00179716595142704,0.0180459024775768,0.570661542624184,0.0127667649936666,0.570326194248171,0.999412351541212,0.0223587217130857,0.570378971771786,0.971,0.00530650544143696,2.3581952971879,"02a_cor_to_smd_GROUPS",1000
0.5,25,0.15,"pb_exact_p","own",1000,1000,1000,1000,0,0.0602907720549549,0.0193471137862237,0.61180945714911,0.013687320726761,0.581962858235156,0.951215858850838,0.0212804761161116,0.614468451785943,0.963,0.00596917079668525,2.40423553001997,"02a_cor_to_smd_GROUPS",1000
0.8,25,0.15,"pb_exact_p","own",1000,1000,1000,1000,0,0.0667007395678291,0.0189917411695442,0.600571588281497,0.0134359086021544,0.59693564382531,0.993945860032122,0.022236426083849,0.603965673757379,0.965,0.00581162627841812,2.46382138228455,"02a_cor_to_smd_GROUPS",1000
1.2,25,0.15,"pb_exact_p","own",1000,1000,1000,1000,0,0.0908918129430898,0.0195155068227317,0.617134512523879,0.0138064521653985,0.628733913470238,1.01879557974958,0.022792360745807,0.623486546127195,0.973,0.00512552436341883,2.5911336789235,"02a_cor_to_smd_GROUPS",1000
0,50,0.15,"pb_exact_p","own",1000,1000,1000,1000,0,0.0150639215660802,0.0131019788066227,0.414320948841826,0.00926913378724039,0.394145764474577,0.951305420535346,0.0212824797783407,0.414387630767969,0.954,0.00662449998113065,1.58478450875572,"02a_cor_to_smd_GROUPS",1000
0.2,50,0.15,"pb_exact_p","own",1000,1000,1000,1000,0,-0.000196521477682435,0.0125143348475044,0.395738015201297,0.00885339883935768,0.3947835777192,0.997588208750651,0.022317912230437,0.39554014552189,0.961,0.00612200947402077,1.58728892814934,"02a_cor_to_smd_GROUPS",1000
0.5,50,0.15,"pb_exact_p","own",1000,1000,1000,1000,0,0.0242873866631657,0.0130717483568818,0.4133649780831,0.0092477469351295,0.401173106022529,0.970505793410199,0.0217120279955849,0.413871491711452,0.954,0.00662449998113065,1.61228795164698,"02a_cor_to_smd_GROUPS",1000
0.8,50,0.15,"pb_exact_p","own",1000,1000,1000,1000,0,0.0126979050301956,0.0132089246531397,0.41770287345471,0.00934479375998086,0.410953477929826,0.983841634918474,0.02201037568824,0.41768702588659,0.954,0.00662449998113065,1.65093769346541,"02a_cor_to_smd_GROUPS",1000
1.2,50,0.15,"pb_exact_p","own",1000,1000,1000,1000,0,0.0496305023417636,0.0135954330574905,0.429925342380168,0.00961823322761374,0.432993932819934,1.00713749606566,0.0225315476305853,0.432566932373916,0.962,0.00604615580348373,1.73809570803021,"02a_cor_to_smd_GROUPS",1000
0,100,0.15,"pb_exact_p","own",1000,1000,1000,1000,0,-0.00902223855418202,0.00936529620341748,0.296156669649268,0.0066255780709042,0.283036202843581,0.955697547446,0.0213807398640525,0.296146019715438,0.946,0.00714730718522718,1.1233219235661,"02a_cor_to_smd_GROUPS",1000
0.2,100,0.15,"pb_exact_p","own",1000,1000,1000,1000,0,0.0165222974652563,0.00899238481679127,0.284364176177763,0.00636175795758845,0.283748381954414,0.997834487340754,0.022323421942671,0.284701787880047,0.952,0.00675988165576884,1.12611438448929,"02a_cor_to_smd_GROUPS",1000
0.5,100,0.15,"pb_exact_p","own",1000,1000,1000,1000,0,0.00922512013546277,0.00928159857737822,0.293509918318938,0.00656636529817096,0.287597316019149,0.979855528107352,0.0219211990308062,0.293508137742298,0.951,0.00682634602111555,1.14122579892555,"02a_cor_to_smd_GROUPS",1000
0.8,100,0.15,"pb_exact_p","own",1000,1000,1000,1000,0,0.0248894410964149,0.00923314883093539,0.291977802810768,0.00653208901148444,0.294884768304581,1.00995611812209,0.0225946054726031,0.29289122652439,0.961,0.00612200947402077,1.16988603022306,"02a_cor_to_smd_GROUPS",1000
1.2,100,0.15,"pb_exact_p","own",1000,1000,1000,1000,0,0.0265862378235746,0.0095285837181548,0.301320274249651,0.00674109755404679,0.308766757897703,1.02471285301527,0.0229247412052279,0.302340770998261,0.957,0.00641490451994416,1.2244939315959,"02a_cor_to_smd_GROUPS",1000
0,300,0.15,"pb_exact_p","own",1000,1000,1000,1000,0,-0.00766607742556768,0.005157864618963,0.163106000587196,0.00364898599786129,0.162235356796798,0.994662098345473,0.0222524496732151,0.163204572862459,0.957,0.00641490451994416,0.638542692817804,"02a_cor_to_smd_GROUPS",1000
0.2,300,0.15,"pb_exact_p","own",1000,1000,1000,1000,0,0.00383951628204819,0.00515138623706345,0.162901136163646,0.00364440279791585,0.162661785135344,0.998530697612439,0.0223389974673224,0.162864929522975,0.954,0.00662449998113065,0.640215524190836,"02a_cor_to_smd_GROUPS",1000
0.5,300,0.15,"pb_exact_p","own",1000,1000,1000,1000,0,-0.00212491396140688,0.00522376958448688,0.165190098588899,0.00369561116431138,0.164776907426614,0.997498692925212,0.022315909594161,0.16512115601122,0.952,0.00675988165576884,0.648512532408874,"02a_cor_to_smd_GROUPS",1000
0.8,300,0.15,"pb_exact_p","own",1000,1000,1000,1000,0,0.00452056967930955,0.00522608855551351,0.16526343089162,0.00369725174494517,0.168781540260944,1.02128788777011,0.0228481183331217,0.165242625066006,0.957,0.00641490451994416,0.664227310890956,"02a_cor_to_smd_GROUPS",1000
1.2,300,0.15,"pb_exact_p","own",1000,1000,1000,1000,0,0.0151558217712372,0.00536692356645367,0.169717024980276,0.00379688696628075,0.176821774022665,1.04186232373101,0.0233084069090474,0.170307849593462,0.968,0.00556560868189635,0.69578664998715,"02a_cor_to_smd_GROUPS",1000
0,25,0.3,"pb_exact_p","own",1000,1000,1000,1000,0,-0.0328336656133379,0.0143312748275538,0.453194702289067,0.0101388122877408,0.447299598406591,0.986992116517029,0.022080857848297,0.454156473412305,0.973,0.00512552436341883,1.84970459564785,"02a_cor_to_smd_GROUPS",1000
0.2,25,0.3,"pb_exact_p","own",1000,1000,1000,1000,0,4.89086850948412e-05,0.014401479706779,0.455414775501156,0.0101884794737179,0.449203137802772,0.986360482723583,0.0220667270201254,0.455187013785634,0.97,0.00539444158370447,1.85709756369781,"02a_cor_to_smd_GROUPS",1000
0.5,25,0.3,"pb_exact_p","own",1000,1000,1000,1000,0,0.0548947674163055,0.0157481231224381,0.49799937939667,0.0111411766324967,0.463287699342954,0.930297744355084,0.0208124988091954,0.500768223819443,0.956,0.00648567652600714,1.91261698031524,"02a_cor_to_smd_GROUPS",1000
0.8,25,0.3,"pb_exact_p","own",1000,1000,1000,1000,0,0.0678889289044824,0.0151927307516593,0.480436330529254,0.0107482584126505,0.482156945265848,1.00358135850113,0.0224519901885984,0.484971293266437,0.975,0.00493710441453288,1.98826353171648,"02a_cor_to_smd_GROUPS",1000
1.2,25,0.3,"pb_exact_p","own",1000,1000,1000,1000,0,0.0977594145757037,0.0166221051168482,0.525637116759797,0.0117594844586193,0.522644948696614,0.994307540377612,0.0222445175489799,0.534392166180626,0.973,0.00512552436341883,2.14873660541486,"02a_cor_to_smd_GROUPS",1000
0,50,0.3,"pb_exact_p","own",1000,1000,1000,1000,0,0.00313723428635494,0.0101915942944671,0.322286509588929,0.00721015141414674,0.315118355795813,0.977758442938679,0.0218742833171643,0.322140602699689,0.956,0.00648567652600714,1.26703916768723,"02a_cor_to_smd_GROUPS",1000
0.2,50,0.3,"pb_exact_p","own",1000,1000,1000,1000,0,0.017433200991641,0.0101146381252478,0.319852941841584,0.00715570795649994,0.316594943598641,0.989814074480026,0.0221439903207778,0.320167948110247,0.958,0.00634318531969546,1.27281066990746,"02a_cor_to_smd_GROUPS",1000
0.5,50,0.3,"pb_exact_p","own",1000,1000,1000,1000,0,0.0116546878028839,0.0100994452386098,0.319372500581498,0.00714495958780389,0.323425292663481,1.01268985925402,0.0226557643697391,0.319425464046519,0.962,0.00604615580348373,1.29979482471177,"02a_cor_to_smd_GROUPS",1000
0.8,50,0.3,"pb_exact_p","own",1000,1000,1000,1000,0,0.0477374939614903,0.0101235486478627,0.32013471730764,0.00716201180017508,0.337546591539913,1.05438920957623,0.0235886567519806,0.323516026369854,0.966,0.00573096850453743,1.35570342603787,"02a_cor_to_smd_GROUPS",1000
1.2,50,0.3,"pb_exact_p","own",1000,1000,1000,1000,0,0.0422231892727846,0.0112116922686549,0.354544839938499,0.00793183053898702,0.362266097805827,1.0217779445575,0.0228590818191301,0.356874122339872,0.963,0.00596917079668525,1.45318381813211,"02a_cor_to_smd_GROUPS",1000
0,100,0.3,"pb_exact_p","own",1000,1000,1000,1000,0,0.0117591406808994,0.00696067795274501,0.220115963895921,0.00492440540060064,0.220432211477285,1.00143673169254,0.0224040108796398,0.220319912658438,0.951,0.00682634602111555,0.874857920130389,"02a_cor_to_smd_GROUPS",1000
0.2,100,0.3,"pb_exact_p","own",1000,1000,1000,1000,0,-0.00659066904320197,0.00690890835709369,0.21847886553788,0.00488778045140129,0.221268090349298,1.01276656579368,0.0226574804383581,0.218469033481794,0.968,0.00556560868189635,0.878146251243813,"02a_cor_to_smd_GROUPS",1000
0.5,100,0.3,"pb_exact_p","own",1000,1000,1000,1000,0,0.00866759638472196,0.0073122627783202,0.231234052291627,0.00517313781224007,0.226391615722361,0.979058289550021,0.0219033633146327,0.2312808789748,0.946,0.00714730718522718,0.898250457624767,"02a_cor_to_smd_GROUPS",1000
0.8,100,0.3,"pb_exact_p","own",1000,1000,1000,1000,0,0.0180377839918327,0.00705077417906748,0.222965056733571,0.00498814493092916,0.235289511780772,1.05527527599057,0.0236084797132907,0.223582344470704,0.967,0.00564898220921256,0.933320617040271,"02a_cor_to_smd_GROUPS",1000
1.2,100,0.3,"pb_exact_p","own",1000,1000,1000,1000,0,0.00791152671706321,0.00728797765138018,0.23046608914766,0.0051559570417649,0.251741741198666,1.09231575946679,0.0244371445390614,0.230486650120489,0.967,0.00564898220921256,0.998134939152504,"02a_cor_to_smd_GROUPS",1000
0,300,0.3,"pb_exact_p","own",1000,1000,1000,1000,0,-0.00164808001566624,0.00405357392677425,0.128185262724792,0.0028677438422315,0.126416026409136,0.986197818079484,0.0220630879080968,0.128131753620959,0.956,0.00648567652600714,0.497560883804819,"02a_cor_to_smd_GROUPS",1000
0.2,300,0.3,"pb_exact_p","own",1000,1000,1000,1000,0,-0.00234599672326638,0.0041364921209074,0.13080736625408,0.00292640519760081,0.126940658764424,0.970439680880473,0.0217105489347632,0.130762992470684,0.952,0.00675988165576884,0.499618633142997,"02a_cor_to_smd_GROUPS",1000
0.5,300,0.3,"pb_exact_p","own",1000,1000,1000,1000,0,0.000241843078907068,0.0041582080749819,0.13149408501847,0.00294176837949914,0.129695038070998,0.986318419210876,0.0220657859807501,0.131428544040192,0.95,0.00689202437604511,0.510424757536234,"02a_cor_to_smd_GROUPS",1000
0.8,300,0.3,"pb_exact_p","own",1000,1000,1000,1000,0,0.00760907026836362,0.00414543877188001,0.13109028419912,0.00293273460066556,0.134777218014603,1.0281251493046,0.0230010806491202,0.131245479537939,0.962,0.00604615580348373,0.530368415836831,"02a_cor_to_smd_GROUPS",1000
1.2,300,0.3,"pb_exact_p","own",1000,1000,1000,1000,0,0.00985485250647701,0.00418399242345939,0.132309457710194,0.00296000979014268,0.144499387378123,1.09213196001929,0.0244330326019902,0.132609972946571,0.959,0.00627048642451286,0.568548476884639,"02a_cor_to_smd_GROUPS",1000
0,25,0.5,"pb_exact_p","own",1000,1000,1000,1000,0,0.0237657153768384,0.0138894944094937,0.439224378821756,0.009826270048128,0.418315082729426,0.952394955515855,0.0213068547116586,0.439647524869388,0.958,0.00634318531969546,1.72981940712884,"02a_cor_to_smd_GROUPS",1000
0.2,25,0.5,"pb_exact_p","own",1000,1000,1000,1000,0,0.0261162170547749,0.0138283824583261,0.437291849242291,0.00978303575049005,0.420741990282129,0.962153744715714,0.0215251770604267,0.437852708162894,0.968,0.00556560868189635,1.73923949739236,"02a_cor_to_smd_GROUPS",1000
0.5,25,0.5,"pb_exact_p","own",1000,1000,1000,1000,0,0.0627835324264404,0.0132011980868618,0.417458537975405,0.00933932751876624,0.43287955022526,1.03694022482962,0.0231982903596463,0.421946834614951,0.968,0.00556560868189635,1.78758072443636,"02a_cor_to_smd_GROUPS",1000
0.8,25,0.5,"pb_exact_p","own",1000,1000,1000,1000,0,0.0747206004863405,0.014688295318391,0.464484681513036,0.0103913902183877,0.455845215811144,0.981399891006632,0.0219557493145161,0.470227010578876,0.972,0.0052168956286282,1.87847445481097,"02a_cor_to_smd_GROUPS",1000
1.2,25,0.5,"pb_exact_p","own",1000,1000,1000,1000,0,0.0932711622842698,0.0154830317377472,0.489616453759559,0.0109536349224382,0.496590252921715,1.01424339216668,0.0226905198037826,0.498180747554694,0.971,0.00530650544143696,2.04161538528353,"02a_cor_to_smd_GROUPS",1000
0,50,0.5,"pb_exact_p","own",1000,1000,1000,1000,0,0.0149955331904458,0.00949906629543582,0.300386851385151,0.00672021514046064,0.288923649763387,0.961838537309791,0.0215181252817889,0.300610868466636,0.951,0.00682634602111555,1.16167116627853,"02a_cor_to_smd_GROUPS",1000
0.2,50,0.5,"pb_exact_p","own",1000,1000,1000,1000,0,0.0124453467939448,0.00936059242814154,0.296007923214533,0.00662225033522539,0.290413712475257,0.981101145271637,0.0219490658142158,0.296121523317702,0.95,0.00689202437604511,1.16757115737225,"02a_cor_to_smd_GROUPS",1000
0.5,50,0.5,"pb_exact_p","own",1000,1000,1000,1000,0,0.0329087992117553,0.00901500907304141,0.285079617978941,0.0063777637274889,0.298471647936676,1.04697645539403,0.0234228195901406,0.286831147653095,0.97,0.00539444158370447,1.19939422299307,"02a_cor_to_smd_GROUPS",1000
0.8,50,0.5,"pb_exact_p","own",1000,1000,1000,1000,0,0.0250705705789744,0.00938911963835346,0.296910032810134,0.00664243221247719,0.311965750947574,1.05070801412449,0.0235063015313852,0.297818645361379,0.969,0.00548078461536303,1.25279398205241,"02a_cor_to_smd_GROUPS",1000
1.2,50,0.5,"pb_exact_p","own",1000,1000,1000,1000,0,0.0401996972801825,0.0102632169117775,0.324551415615764,0.00726082159396013,0.339366864788301,1.04564900493325,0.0233931220429823,0.326870468868383,0.974,0.00503229569878401,1.36111805774371,"02a_cor_to_smd_GROUPS",1000
0,100,0.5,"pb_exact_p","own",1000,1000,1000,1000,0,0.00285801249055832,0.00632158928983272,0.199906205879977,0.00447227535170693,0.202008368085872,1.01051574260359,0.0226071253179166,0.199826667123221,0.954,0.00662449998113065,0.801734349600998,"02a_cor_to_smd_GROUPS",1000
0.2,100,0.5,"pb_exact_p","own",1000,1000,1000,1000,0,0.00403275846991671,0.0066011490772431,0.20874666258407,0.00467005288663391,0.203136043395201,0.973122352619129,0.0217705653141482,0.208681233252356,0.953,0.00669260786241059,0.806162609680645,"02a_cor_to_smd_GROUPS",1000
0.5,100,0.5,"pb_exact_p","own",1000,1000,1000,1000,0,0.0112883447251973,0.0065815384468971,0.20812652000162,0.00465617913832366,0.208522680091261,1.00190345800063,0.0224144524192331,0.208328486785393,0.955,0.00655553201502365,0.827342652723075,"02a_cor_to_smd_GROUPS",1000
0.8,100,0.5,"pb_exact_p","own",1000,1000,1000,1000,0,0.0141528159766912,0.00661145208513904,0.209072472301088,0.00467734185878139,0.218037907813735,1.04288195099992,0.0233312178762336,0.209446627032964,0.956,0.00648567652600714,0.864787107084754,"02a_cor_to_smd_GROUPS",1000
1.2,100,0.5,"pb_exact_p","own",1000,1000,1000,1000,0,0.0244372468280284,0.00702029535592401,0.222001231718223,0.00496658236442191,0.236738824547426,1.06638518496109,0.0238570291359053,0.223231810838101,0.963,0.00596917079668525,0.938444470517507,"02a_cor_to_smd_GROUPS",1000
0,300,0.5,"pb_exact_p","own",1000,1000,1000,1000,0,0.00126408397817962,0.00352758154116077,0.11155192302035,0.00249562495352923,0.115842601460196,1.03846350940147,0.0232323690817868,0.111503298634222,0.949,0.00695693898205238,0.455945282608768,"02a_cor_to_smd_GROUPS",1000
0.2,300,0.5,"pb_exact_p","own",1000,1000,1000,1000,0,0.00461273570200974,0.00362276019442668,0.114561736309827,0.00256296010067244,0.116455133517409,1.01652730893028,0.0227416152892992,0.114597313954354,0.961,0.00612200947402077,0.458347775033652,"02a_cor_to_smd_GROUPS",1000
0.5,300,0.5,"pb_exact_p","own",1000,1000,1000,1000,0,0.00055219087464748,0.00371475294546265,0.117470802524812,0.00262804134751262,0.119423616957041,1.0166238281365,0.022743774604289,0.117413350906699,0.948,0.00702111102319284,0.46999621423916,"02a_cor_to_smd_GROUPS",1000
0.8,300,0.5,"pb_exact_p","own",1000,1000,1000,1000,0,0.0186679299186501,0.00383041920819352,0.121128490911502,0.00270987067113972,0.125173787134343,1.03339673591572,0.0231190158916082,0.122498697163011,0.963,0.00596917079668525,0.492562379314941,"02a_cor_to_smd_GROUPS",1000
1.2,300,0.5,"pb_exact_p","own",1000,1000,1000,1000,0,0.00951106778743866,0.00389174329474911,0.123067728800952,0.00275325504620655,0.135355935377202,1.0998491375113,0.0246056802820877,0.123373338354807,0.969,0.00548078461536303,0.532550955878664,"02a_cor_to_smd_GROUPS",1000
0,25,0.15,"viechtbauer","own",1000,1000,1000,1000,0,-0.0303342541091214,0.0110106680658764,0.348187896482503,0.00778961383588219,0.335881792502401,0.9646567152264,0.021581173187569,0.349333284154273,0.954,0.00662449998113065,1.3896310225347,"02a_cor_to_smd_GROUPS",1000
0.2,25,0.15,"viechtbauer","own",1000,1000,1000,1000,0,0.00199254024306687,0.0106068961477322,0.335419507316994,0.00750396111242351,0.335802045546722,1.00114047698891,0.0223973831083655,0.335257676809207,0.967,0.00564898220921256,1.3892876118325,"02a_cor_to_smd_GROUPS",1000
0.5,25,0.15,"viechtbauer","own",1000,1000,1000,1000,0,0.0370499365709155,0.0111113136503406,0.351370589315961,0.0078608166214509,0.334626916779913,0.95234754118538,0.0213057939644918,0.353143777440744,0.944,0.00727076337120113,1.38435658015187,"02a_cor_to_smd_GROUPS",1000
0.8,25,0.15,"viechtbauer","own",1000,1000,1000,1000,0,0.0416846896736861,0.0105742839902921,0.334388220347768,0.00748088929595486,0.332964001468421,0.995740822215969,0.0222765827418013,0.336810450815635,0.945,0.00720936890441875,1.37737457861088,"02a_cor_to_smd_GROUPS",1000
1.2,25,0.15,"viechtbauer","own",1000,1000,1000,1000,0,0.0551156932244739,0.0102473984421286,0.324051191683874,0.00724963064993175,0.32889098451257,1.01493527242886,0.0227059984580309,0.328545134337006,0.955,0.00655553201502365,1.36022910380423,"02a_cor_to_smd_GROUPS",1000
0,50,0.15,"viechtbauer","own",1000,1000,1000,1000,0,0.00883720240211086,0.00769649990053948,0.243384696969641,0.00544497043725351,0.231319434702346,0.950427194406555,0.0212628322188679,0.243423439205392,0.945,0.00720936890441875,0.93019603956721,"02a_cor_to_smd_GROUPS",1000
0.2,50,0.15,"viechtbauer","own",1000,1000,1000,1000,0,0.00039471427103266,0.00733517540331531,0.231958613113206,0.00518934759166584,0.231270266994216,0.997032461482023,0.0223054791256201,0.2318429407995,0.96,0.00619677335393187,0.929997409659801,"02a_cor_to_smd_GROUPS",1000
0.5,50,0.15,"viechtbauer","own",1000,1000,1000,1000,0,0.0148591469851037,0.00748108141632142,0.23657256636734,0.00529257034716541,0.23073196730439,0.975311596130375,0.0218195427821119,0.236920676234889,0.947,0.00708456067798138,0.92781763147427,"02a_cor_to_smd_GROUPS",1000
0.8,50,0.15,"viechtbauer","own",1000,1000,1000,1000,0,0.00891833690228436,0.00737548277028826,0.233233243974394,0.00521786346568747,0.229835211765654,0.985430755278127,0.0220459272799681,0.233287130124717,0.949,0.00695693898205238,0.924189890114003,"02a_cor_to_smd_GROUPS",1000
1.2,50,0.15,"viechtbauer","own",1000,1000,1000,1000,0,0.0291683398828459,0.00716425222753606,0.226553547709488,0.00506842617918142,0.227306522721605,1.0033236072431,0.022446223811346,0.228311137532309,0.953,0.00669260786241059,0.913947374722391,"02a_cor_to_smd_GROUPS",1000
0,100,0.15,"viechtbauer","own",1000,1000,1000,1000,0,-0.00512810910013207,0.00534755673807706,0.16910459209304,0.00378318569825804,0.161531935839512,0.955219097483993,0.0213700360444152,0.169097794801793,0.942,0.00739161687318817,0.641109533124471,"02a_cor_to_smd_GROUPS",1000
0.2,100,0.15,"viechtbauer","own",1000,1000,1000,1000,0,0.00963536663301412,0.00511690091002656,0.161810614370722,0.00362000578776039,0.161485994049726,0.997993825545628,0.0223269866360386,0.162016457615454,0.948,0.00702111102319284,0.640926905370673,"02a_cor_to_smd_GROUPS",1000
0.5,100,0.15,"viechtbauer","own",1000,1000,1000,1000,0,0.00568269772544055,0.00519971641286029,0.16442947051599,0.00367859449308141,0.161220372886528,0.980483439985597,0.0219352465927803,0.16444545228383,0.943,0.00733150734842434,0.639870609103712,"02a_cor_to_smd_GROUPS",1000
0.8,100,0.15,"viechtbauer","own",1000,1000,1000,1000,0,0.0145456382503862,0.00502713613534763,0.15897200295435,0.00355650074641046,0.160631475332282,1.01043877127477,0.0226054033254693,0.159556890223223,0.959,0.00627048642451286,0.637527755610003,"02a_cor_to_smd_GROUPS",1000
1.2,100,0.15,"viechtbauer","own",1000,1000,1000,1000,0,0.0152126138072733,0.0049055705384012,0.155127761239663,0.00347049787625984,0.159203870943997,1.02627582369371,0.0229597077797266,0.155794676750433,0.955,0.00655553201502365,0.631840714512387,"02a_cor_to_smd_GROUPS",1000
0,300,0.15,"viechtbauer","own",1000,1000,1000,1000,0,-0.0043710930301098,0.00294148041556371,0.0930177780595994,0.00208098149957514,0.0925042014621376,0.994478726452349,0.0222483473013342,0.0930739554461269,0.957,0.00641490451994416,0.364088482105594,"02a_cor_to_smd_GROUPS",1000
0.2,300,0.15,"viechtbauer","own",1000,1000,1000,1000,0,0.00226429135204667,0.0029293358164187,0.0926337321139196,0.0020723896741777,0.092480365778224,0.998344379178127,0.0223348291758095,0.0926150869586322,0.952,0.00675988165576884,0.363994633631873,"02a_cor_to_smd_GROUPS",1000
0.5,300,0.15,"viechtbauer","own",1000,1000,1000,1000,0,-0.0010013701477413,0.00292793924157699,0.0925895685396925,0.00207140165250228,0.0923503565397669,0.997416426021869,0.0223140691298169,0.0925486797114731,0.95,0.00689202437604511,0.363482687818966,"02a_cor_to_smd_GROUPS",1000
0.8,300,0.15,"viechtbauer","own",1000,1000,1000,1000,0,0.00279853915571153,0.00285123722982229,0.090164037957074,0.00201713800124791,0.0920536751519342,1.02095777027821,0.022840732988001,0.090162386882724,0.957,0.00641490451994416,0.362314203123037,"02a_cor_to_smd_GROUPS",1000
1.2,300,0.15,"viechtbauer","own",1000,1000,1000,1000,0,0.00835068956435514,0.00277533821809905,0.0877639004650615,0.00196344244087756,0.0912723228911031,1.0399756894059,0.023266199374005,0.088116591734001,0.968,0.00556560868189635,0.359235814401865,"02a_cor_to_smd_GROUPS",1000
0,25,0.3,"viechtbauer","own",1000,1000,1000,1000,0,-0.0246734947165774,0.0107532739543588,0.340048379995392,0.0076075176433209,0.335912932674318,0.987838650132283,0.0220997963870243,0.340772723641846,0.958,0.00634318531969546,1.38975748919734,"02a_cor_to_smd_GROUPS",1000
0.2,25,0.3,"viechtbauer","own",1000,1000,1000,1000,0,0.00148522086094963,0.0107183534038722,0.338944095228546,0.00758281272972259,0.335665377155886,0.990326670035515,0.0221554580411426,0.33877783645276,0.958,0.00634318531969546,1.38871247894955,"02a_cor_to_smd_GROUPS",1000
0.5,25,0.3,"viechtbauer","own",1000,1000,1000,1000,0,0.041690280531307,0.0113102534220228,0.357661617273056,0.00800155867168175,0.333771073032636,0.933203499937817,0.0208775059910062,0.359905529450003,0.938,0.00762600813007697,1.38073738709268,"02a_cor_to_smd_GROUPS",1000
0.8,25,0.3,"viechtbauer","own",1000,1000,1000,1000,0,0.052542746167037,0.010423606852225,0.329623390871693,0.0073742911574572,0.330921939546397,1.00393949188882,0.0224600023016557,0.333622044242758,0.952,0.00675988165576884,1.36877619127235,"02a_cor_to_smd_GROUPS",1000
1.2,25,0.3,"viechtbauer","own",1000,1000,1000,1000,0,0.0688709399670358,0.0101237571503153,0.320141310734121,0.00716215930744533,0.323414285809545,1.01022353243922,0.0226005880305427,0.327308989720212,0.941,0.00745110730026082,1.33681679141594,"02a_cor_to_smd_GROUPS",1000
0,50,0.3,"viechtbauer","own",1000,1000,1000,1000,0,0.0022565349614124,0.00748562551989504,0.236716263539504,0.00529578512140589,0.231336567946292,0.977273654489254,0.02186343769372,0.2366086363274,0.947,0.00708456067798138,0.930265044271636,"02a_cor_to_smd_GROUPS",1000
0.2,50,0.3,"viechtbauer","own",1000,1000,1000,1000,0,0.0132734866137295,0.00737260604183854,0.233142273833284,0.0052158282936525,0.231189419776763,0.991623766790924,0.0221844765191956,0.233403406091665,0.956,0.00648567652600714,0.929669437451493,"02a_cor_to_smd_GROUPS",1000
0.5,50,0.3,"viechtbauer","own",1000,1000,1000,1000,0,0.0100694376626151,0.00719796481458355,0.227619633318356,0.00509227650624035,0.230483229468824,1.012580620172,0.0226533204873604,0.227728523354788,0.955,0.00655553201502365,0.926817073896293,"02a_cor_to_smd_GROUPS",1000
0.8,50,0.3,"viechtbauer","own",1000,1000,1000,1000,0,0.0356882145195802,0.00688348638326671,0.217674952138776,0.00486979540654541,0.228684170304333,1.05057641247827,0.0235033573566605,0.220473696978631,0.959,0.00627048642451286,0.91954209944271,"02a_cor_to_smd_GROUPS",1000
1.2,50,0.3,"viechtbauer","own",1000,1000,1000,1000,0,0.0300880497443507,0.00694730272219274,0.219693001968171,0.00491494295196948,0.224526776022097,1.02200240340212,0.0228641033828872,0.221634926931861,0.954,0.00662449998113065,0.902645241851556,"02a_cor_to_smd_GROUPS",1000
0,100,0.3,"viechtbauer","own",1000,1000,1000,1000,0,0.00863788320416168,0.00510029107590264,0.161285365296831,0.00360825498454579,0.161539742801636,1.00157718900495,0.0224071531721637,0.161435959798683,0.949,0.00695693898205238,0.64114052003742,"02a_cor_to_smd_GROUPS",1000
0.2,100,0.3,"viechtbauer","own",1000,1000,1000,1000,0,-0.00446108856088116,0.00504352904057075,0.159490392134074,0.00356809808097476,0.161472713310506,1.01242909463014,0.0226499305778624,0.159473036307225,0.964,0.00589101010014412,0.640874151742219,"02a_cor_to_smd_GROUPS",1000
0.5,100,0.3,"viechtbauer","own",1000,1000,1000,1000,0,0.00679202049092742,0.00518908711358423,0.16409334255955,0.00367107468263837,0.160992627204923,0.98110395396753,0.021949128649991,0.164151850399691,0.942,0.00739161687318817,0.638964334215247,"02a_cor_to_smd_GROUPS",1000
0.8,100,0.3,"viechtbauer","own",1000,1000,1000,1000,0,0.0137781034058944,0.00480082158841942,0.151815308595128,0.00339639212126019,0.159957943159611,1.05363513495334,0.0235717866936727,0.152363631386803,0.966,0.00573096850453743,0.634847847856633,"02a_cor_to_smd_GROUPS",1000
1.2,100,0.3,"viechtbauer","own",1000,1000,1000,1000,0,0.00729091862857981,0.0045489617900706,0.143850802456998,0.00321821123721369,0.15737621287258,1.09402387880057,0.0244753583601913,0.143963598901262,0.969,0.00548078461536303,0.624559091239568,"02a_cor_to_smd_GROUPS",1000
0,300,0.3,"viechtbauer","own",1000,1000,1000,1000,0,-0.00119638759298232,0.0029658455419271,0.0937882710074604,0.00209821886649037,0.0925038981613715,0.986305613353436,0.0220654994897914,0.0937489993656621,0.955,0.00655553201502365,0.36408728520286,"02a_cor_to_smd_GROUPS",1000
0.2,300,0.3,"viechtbauer","own",1000,1000,1000,1000,0,-0.00162514769569239,0.00301316403285581,0.0952846130752278,0.00213169483447215,0.0924658173094632,0.970417093853976,0.0217100436207764,0.0952508238097697,0.949,0.00695693898205238,0.363937343826653,"02a_cor_to_smd_GROUPS",1000
0.5,300,0.3,"viechtbauer","own",1000,1000,1000,1000,0,0.000404687299445685,0.00296021482129615,0.0936102119868413,0.00209423535349457,0.0922343752240627,0.985302492820206,0.0220430578091251,0.0935642703613056,0.949,0.00695693898205238,0.363025922399243,"02a_cor_to_smd_GROUPS",1000
0.8,300,0.3,"viechtbauer","own",1000,1000,1000,1000,0,0.00560211716009335,0.00281751293907972,0.0890975822448714,0.00199327939428583,0.0916756842480533,1.02893571226317,0.0230192144570461,0.0892290563627967,0.958,0.00634318531969546,0.360824967332925,"02a_cor_to_smd_GROUPS",1000
1.2,300,0.3,"viechtbauer","own",1000,1000,1000,1000,0,0.0069146002575668,0.00261026354898224,0.0825437810809838,0.00184665861642544,0.0901933790062516,1.0926732192915,0.0244451415832565,0.0827917508938673,0.959,0.00627048642451286,0.354983508669777,"02a_cor_to_smd_GROUPS",1000
0,25,0.5,"viechtbauer","own",1000,1000,1000,1000,0,0.0190689965893456,0.0111629240373432,0.353002653054471,0.00789732893680411,0.335841029861804,0.951383869089454,0.0212842348190778,0.353341037556291,0.945,0.00720936890441875,1.38945989868197,"02a_cor_to_smd_GROUPS",1000
0.2,25,0.5,"viechtbauer","own",1000,1000,1000,1000,0,0.0216078350609801,0.0110066085949109,0.348059524739039,0.00778674192011738,0.335497940412862,0.963909666498581,0.0215644603116618,0.348555857596493,0.955,0.00655553201502365,1.3880109087297,"02a_cor_to_smd_GROUPS",1000
0.5,25,0.5,"viechtbauer","own",1000,1000,1000,1000,0,0.0530397862333656,0.010133884637298,0.320461569992511,0.00716932410546221,0.333793740672156,1.04160302491171,0.023302605909958,0.324663119476025,0.954,0.00662449998113065,1.38086231212264,"02a_cor_to_smd_GROUPS",1000
0.8,25,0.5,"viechtbauer","own",1000,1000,1000,1000,0,0.0599052486027078,0.0105756996023866,0.334432985932788,0.00748189078573657,0.329902473662051,0.98645315366216,0.0220688002421776,0.339591247631609,0.955,0.00655553201502365,1.3644134055212,"02a_cor_to_smd_GROUPS",1000
1.2,25,0.5,"viechtbauer","own",1000,1000,1000,1000,0,0.0702669807528404,0.00999118358550195,0.315948966510738,0.00706836873374316,0.321465546046552,1.01746034999493,0.0227624891613092,0.323514102125216,0.952,0.00675988165576884,1.32867621213627,"02a_cor_to_smd_GROUPS",1000
0,50,0.5,"viechtbauer","own",1000,1000,1000,1000,0,0.0119926144624975,0.00759377784824707,0.240136340457932,0.00537229863250925,0.23131823881804,0.96327877062224,0.0215503459920746,0.240315666048149,0.946,0.00714730718522718,0.930190357749609,"02a_cor_to_smd_GROUPS",1000
0.2,50,0.5,"viechtbauer","own",1000,1000,1000,1000,0,0.0105822910742421,0.00745402662510857,0.235717018748811,0.00527343014834208,0.231169019457234,0.980705681262566,0.0219402185454055,0.235836670811135,0.942,0.00739161687318817,0.929588639398632,"02a_cor_to_smd_GROUPS",1000
0.5,50,0.5,"viechtbauer","own",1000,1000,1000,1000,0,0.0275514084031143,0.00695423616277678,0.219912256610841,0.00491984808800487,0.230228246702641,1.04690957316697,0.0234213233097514,0.221522277236534,0.96,0.00619677335393187,0.925788900542125,"02a_cor_to_smd_GROUPS",1000
0.8,50,0.5,"viechtbauer","own",1000,1000,1000,1000,0,0.0217729124175585,0.00689968041743564,0.218187052463579,0.00488125204767438,0.228266457371024,1.04619616422531,0.0234053630187168,0.219162140863847,0.963,0.00596917079668525,0.917849931095204,"02a_cor_to_smd_GROUPS",1000
1.2,50,0.5,"viechtbauer","own",1000,1000,1000,1000,0,0.0310885137500176,0.00676892949396455,0.214052345220189,0.00478875092090976,0.222974255521821,1.04168097430773,0.0233043497835959,0.216192238008107,0.962,0.00604615580348373,0.896350181617217,"02a_cor_to_smd_GROUPS",1000
0,100,0.5,"viechtbauer","own",1000,1000,1000,1000,0,0.00229686269071949,0.00505137680365784,0.159738560193,0.00357365006415672,0.161540861856807,1.01128282151554,0.0226242863064693,0.159675191508074,0.948,0.00702111102319284,0.64114491339512,"02a_cor_to_smd_GROUPS",1000
0.2,100,0.5,"viechtbauer","own",1000,1000,1000,1000,0,0.00345375136222872,0.0052436737721683,0.165819524269387,0.00370969259287026,0.16143958880702,0.973586129367669,0.0217809408665832,0.165772575876617,0.948,0.00702111102319284,0.64074234115675,"02a_cor_to_smd_GROUPS",1000
0.5,100,0.5,"viechtbauer","own",1000,1000,1000,1000,0,0.00955929086273353,0.00508071685339644,0.160666374031365,0.00359440699334774,0.160880926124171,1.00133538890199,0.0224017436520555,0.160870289682217,0.953,0.00669260786241059,0.638520545510512,"02a_cor_to_smd_GROUPS",1000
0.8,100,0.5,"viechtbauer","own",1000,1000,1000,1000,0,0.0118838571834457,0.00483499895962133,0.152896091969479,0.00342057126479587,0.159597328976376,1.04382870039762,0.0233523984292683,0.15328099616768,0.958,0.00634318531969546,0.633410166841661,"02a_cor_to_smd_GROUPS",1000
1.2,100,0.5,"viechtbauer","own",1000,1000,1000,1000,0,0.0184742018744099,0.00462281343620795,0.146186196564466,0.0032704583670983,0.156137314180664,1.06807152692976,0.0238947557566866,0.147276372160694,0.958,0.00634318531969546,0.6196126482456,"02a_cor_to_smd_GROUPS",1000
0,300,0.5,"viechtbauer","own",1000,1000,1000,1000,0,0.00101491050421528,0.00281685849655881,0.0890768869552342,0.00199281640198735,0.0925054257813627,1.03848965700667,0.023232954052572,0.0890381218421498,0.949,0.00695693898205238,0.364093300897093,"02a_cor_to_smd_GROUPS",1000
0.2,300,0.5,"viechtbauer","own",1000,1000,1000,1000,0,0.00377561586387392,0.00287472677740771,0.0909068426728422,0.00203375593067556,0.0924566706591273,1.01704852946948,0.0227532759666653,0.0909397892336005,0.962,0.00604615580348373,0.363901326618318,"02a_cor_to_smd_GROUPS",1000
0.5,300,0.5,"viechtbauer","own",1000,1000,1000,1000,0,0.000718490073189348,0.00287001095203343,0.0907577151805389,0.00203041967002695,0.0921768273616846,1.01563627046277,0.0227216810938691,0.0907151703405351,0.947,0.00708456067798138,0.362799301697342,"02a_cor_to_smd_GROUPS",1000
0.8,300,0.5,"viechtbauer","own",1000,1000,1000,1000,0,0.0141353138337554,0.002800354100921,0.0885549721390338,0.00198114019234739,0.0914400768261411,1.03257981587502,0.0231007398638767,0.0896322944291468,0.962,0.00604615580348373,0.359896740504458,"02a_cor_to_smd_GROUPS",1000
1.2,300,0.5,"viechtbauer","own",1000,1000,1000,1000,0,0.00713401216800442,0.00257479665091436,0.0814222192866284,0.00182156718343949,0.0896053739725348,1.10050272220043,0.0246203021928112,0.0816935881534131,0.965,0.00581162627841812,0.352665540162409,"02a_cor_to_smd_GROUPS",1000
0,25,0.15,"viechtbauer_g","own",1000,1000,1000,1000,0,-0.029332378039393,0.0106470090549365,0.33668798882036,0.00753233941382054,0.324788329351631,0.9646567152264,0.021581173187569,0.33779554676687,0.954,0.00662449998113065,1.34373445747589,"02a_cor_to_smd_GROUPS",1000
0.2,25,0.15,"viechtbauer_g","own",1000,1000,1000,1000,0,-0.00193388489931594,0.0102565728667878,0.324341312465322,0.0072561211939055,0.324711216268743,1.00114047698891,0.0223973831083655,0.324184869473515,0.965,0.00581162627841812,1.34340238890076,"02a_cor_to_smd_GROUPS",1000
0.5,25,0.15,"viechtbauer_g","own",1000,1000,1000,1000,0,0.0262237371338966,0.0107443305292302,0.339765564060496,0.00760119052241369,0.323574899512478,0.95234754118538,0.0213057939644918,0.340606638620115,0.945,0.00720936890441875,1.33863421873709,"02a_cor_to_smd_GROUPS",1000
0.8,25,0.15,"viechtbauer_g","own",1000,1000,1000,1000,0,0.0250864483185798,0.0102250378197327,0.323344086717175,0.00723381139059602,0.321966906766432,0.995740822215969,0.0222765827418013,0.324154557126365,0.946,0.00714730718522718,1.33188281789713,"02a_cor_to_smd_GROUPS",1000
1.2,25,0.15,"viechtbauer_g","own",1000,1000,1000,1000,0,0.0308837137213396,0.00990894860785182,0.313348468183664,0.00701019072711683,0.318028412921153,1.01493527242886,0.0227059984580309,0.314710786316194,0.954,0.00662449998113065,1.31530362175521,"02a_cor_to_smd_GROUPS",1000
0,50,0.15,"viechtbauer_g","own",1000,1000,1000,1000,0,0.00869827651041063,0.00757550650658963,0.239558549902486,0.00535937237817814,0.227682960479922,0.950427194406555,0.0212628322188679,0.239596683088064,0.945,0.00720936890441875,0.915572824167953,"02a_cor_to_smd_GROUPS",1000
0.2,50,0.15,"viechtbauer_g","own",1000,1000,1000,1000,0,-0.00144906253907406,0.00721986223775516,0.228312090639464,0.00510776807037499,0.227634565716372,0.997032461482023,0.0223054791256201,0.228202506786567,0.96,0.00619677335393187,0.915377316836643,"02a_cor_to_smd_GROUPS",1000
0.5,50,0.15,"viechtbauer_g","own",1000,1000,1000,1000,0,0.0100549563440296,0.00736347452452994,0.2328535099014,0.00520936810493878,0.227104728406495,0.975311596130375,0.0218195427821119,0.232954155282554,0.947,0.00708456067798138,0.913231806014737,"02a_cor_to_smd_GROUPS",1000
0.8,50,0.15,"viechtbauer_g","own",1000,1000,1000,1000,0,0.00153302997343672,0.0072595359497948,0.229566683572253,0.00513583565849732,0.2262220703793,0.985430755278127,0.0220459272799681,0.229456992756935,0.947,0.00708456067798138,0.909661094829903,"02a_cor_to_smd_GROUPS",1000
1.2,50,0.15,"viechtbauer_g","own",1000,1000,1000,1000,0,0.018042336024285,0.00705162607235849,0.222991995964801,0.00498874761186793,0.223733133777742,1.0033236072431,0.022446223811346,0.223609549714038,0.958,0.00634318531969546,0.899579597656421,"02a_cor_to_smd_GROUPS",1000
0,100,0.15,"viechtbauer_g","own",1000,1000,1000,1000,0,-0.00508874618298163,0.00530650936004198,0.167806560027352,0.00375414629556642,0.16029203082122,0.955219097483993,0.0213700360444153,0.167799814911518,0.942,0.00739161687318817,0.636188432394362,"02a_cor_to_smd_GROUPS",1000
0.2,100,0.15,"viechtbauer_g","own",1000,1000,1000,1000,0,0.00868746339374328,0.00507762402596354,0.160568570240387,0.00359221893979647,0.160246441676596,0.997993825545629,0.0223269866360386,0.160723226397154,0.95,0.00689202437604511,0.636007206475237,"02a_cor_to_smd_GROUPS",1000
0.5,100,0.15,"viechtbauer_g","own",1000,1000,1000,1000,0,0.0034647527937464,0.0051598038442373,0.163167324274825,0.00365035792333731,0.159982859398226,0.980483439985597,0.0219352465927803,0.163122520355764,0.946,0.00714730718522718,0.634959018246079,"02a_cor_to_smd_GROUPS",1000
0.8,100,0.15,"viechtbauer_g","own",1000,1000,1000,1000,0,0.0109857275601429,0.00498854827784775,0.157751747757094,0.0035292013575923,0.159398482170125,1.01043877127477,0.0226054033254693,0.158055099622009,0.96,0.00619677335393187,0.632634148290974,"02a_cor_to_smd_GROUPS",1000
1.2,100,0.15,"viechtbauer_g","own",1000,1000,1000,1000,0,0.0100141096014851,0.00486791580779616,0.153937014105743,0.00344385863795454,0.157981835948322,1.02627582369371,0.0229597077797266,0.154185570331956,0.955,0.00655553201502365,0.626990760423659,"02a_cor_to_smd_GROUPS",1000
0,300,0.15,"viechtbauer_g","own",1000,1000,1000,1000,0,-0.00436008117818,0.00293407010730272,0.0927834435369123,0.00207573899844691,0.092271160764452,0.994478726452349,0.0222483473013342,0.0928394793988697,0.957,0.00641490451994416,0.363171254211638,"02a_cor_to_smd_GROUPS",1000
0.2,300,0.15,"viechtbauer_g","own",1000,1000,1000,1000,0,0.00197175781979069,0.0029219561033719,0.0924003650968561,0.00206716881795805,0.0922473851284531,0.998344379178127,0.0223348291758095,0.0923751994393635,0.952,0.00675988165576884,0.363077642165166,"02a_cor_to_smd_GROUPS",1000
0.5,300,0.15,"viechtbauer_g","own",1000,1000,1000,1000,0,-0.001712463750724,0.00292056304684363,0.0923563127814691,0.00206618328535078,0.0921177034150507,0.997416426021869,0.0223140691298169,0.0923260058389591,0.951,0.00682634602111555,0.362566986068915,"02a_cor_to_smd_GROUPS",1000
0.8,300,0.15,"viechtbauer_g","own",1000,1000,1000,1000,0,0.00165976566319087,0.00284405426620764,0.0899368927033498,0.00201205633749957,0.0918217694401626,1.02095777027821,0.022840732988001,0.0899072346728639,0.958,0.00634318531969546,0.36140144507159,"02a_cor_to_smd_GROUPS",1000
1.2,300,0.15,"viechtbauer_g","own",1000,1000,1000,1000,0,0.00666182060452229,0.00276834646264972,0.0875428017444335,0.00195849604937258,0.0910423855966913,1.0399756894059,0.023266199374005,0.0877522549504841,0.967,0.00564898220921256,0.358330811564171,"02a_cor_to_smd_GROUPS",1000
0,25,0.3,"viechtbauer_g","own",1000,1000,1000,1000,0,-0.0238585815222663,0.0103981161249508,0.328817303297685,0.00735625747224626,0.324818441029723,0.987838650132283,0.0220997963870243,0.329517723409938,0.958,0.00634318531969546,1.34385674721292,"02a_cor_to_smd_GROUPS",1000
0.2,25,0.3,"viechtbauer_g","own",1000,1000,1000,1000,0,-0.00347318807050568,0.010364348926175,0.327749490714334,0.00733236850954127,0.324579061744963,0.990326670035515,0.0221554580411426,0.327603986499272,0.959,0.00627048642451286,1.34284625143699,"02a_cor_to_smd_GROUPS",1000
0.5,25,0.3,"viechtbauer_g","own",1000,1000,1000,1000,0,0.0281402856684968,0.0109366997422347,0.345848812708382,0.00773728416126038,0.3227473224688,0.933203499937816,0.0208775059910062,0.346819355757504,0.938,0.00762600813007697,1.33513455994779,"02a_cor_to_smd_GROUPS",1000
0.8,25,0.3,"viechtbauer_g","own",1000,1000,1000,1000,0,0.0316184619098845,0.0100793372279273,0.318736629451778,0.00713073396250232,0.319992289818173,1.00393949188882,0.0224600023016557,0.320142426193207,0.956,0.00648567652600714,1.32356841705391,"02a_cor_to_smd_GROUPS",1000
1.2,25,0.3,"viechtbauer_g","own",1000,1000,1000,1000,0,0.0386421772659445,0.0097893909256455,0.309567722308238,0.00692560837753292,0.312732597959391,1.01022353243922,0.0226005880305427,0.311816549246938,0.945,0.00720936890441875,1.29266456838409,"02a_cor_to_smd_GROUPS",1000
0,50,0.3,"viechtbauer_g","own",1000,1000,1000,1000,0,0.00222106093723569,0.00736794719218841,0.232994948071578,0.00521253234108388,0.227699824379445,0.977273654489254,0.02186343769372,0.232889012820994,0.947,0.00708456067798138,0.915640744078838,"02a_cor_to_smd_GROUPS",1000
0.2,50,0.3,"viechtbauer_g","own",1000,1000,1000,1000,0,0.0107691137226056,0.0072567044451667,0.229477143533952,0.00513383248053433,0.227554989463559,0.991623766790924,0.0221844765191956,0.229615054940803,0.954,0.00662449998113065,0.91505450053961,"02a_cor_to_smd_GROUPS",1000
0.5,50,0.3,"viechtbauer_g","own",1000,1000,1000,1000,0,0.00421717915072123,0.00708480867819654,0.22404132209628,0.00501222299810246,0.226859900872406,1.012580620172,0.0226533204873604,0.223968980201794,0.956,0.00648567652600714,0.91224697777591,"02a_cor_to_smd_GROUPS",1000
0.8,50,0.3,"viechtbauer_g","own",1000,1000,1000,1000,0,0.026147020720284,0.00677527402823756,0.214252977010147,0.00479323942893304,0.225089123950109,1.05057641247827,0.0235033573566605,0.215736182667859,0.958,0.00634318531969546,0.905086370094419,"02a_cor_to_smd_GROUPS",1000
1.2,50,0.3,"viechtbauer_g","own",1000,1000,1000,1000,0,0.016520512170737,0.00683808713770397,0.21623930193846,0.00483767722904171,0.220997086291103,1.02200240340212,0.0228641033828873,0.216761628498942,0.953,0.00669260786241059,0.888455140798395,"02a_cor_to_smd_GROUPS",1000
0,100,0.3,"viechtbauer_g","own",1000,1000,1000,1000,0,0.00857157956781512,0.00506114168747431,0.160047352932469,0.00358055833472009,0.160299777857785,1.00157718900495,0.0224071531721637,0.16019679148409,0.949,0.00695693898205238,0.636219181454476,"02a_cor_to_smd_GROUPS",1000
0.2,100,0.3,"viechtbauer_g","own",1000,1000,1000,1000,0,-0.00554777413338125,0.00500481535256346,0.158266157826792,0.00354070967203032,0.16023326287917,1.01242909463014,0.0226499305778624,0.158284258011897,0.964,0.00589101010014412,0.635954857779023,"02a_cor_to_smd_GROUPS",1000
0.5,100,0.3,"viechtbauer_g","own",1000,1000,1000,1000,0,0.00395968495033059,0.00514925613453325,0.162833776407195,0.00364289583430185,0.159756861872564,0.98110395396753,0.021949128649991,0.162800500629437,0.941,0.00745110730026082,0.63405969984443,"02a_cor_to_smd_GROUPS",1000
0.8,100,0.3,"viechtbauer_g","own",1000,1000,1000,1000,0,0.00928758777858912,0.00476397090159722,0.150649987558131,0.0033703217122519,0.158730119971531,1.05363513495334,0.0235717866936727,0.150860805444154,0.966,0.00573096850453743,0.62997481127524,"02a_cor_to_smd_GROUPS",1000
1.2,100,0.3,"viechtbauer_g","own",1000,1000,1000,1000,0,0.000841261628651639,0.0045140443570428,0.142746616272856,0.00319350852909467,0.156168206820487,1.09402387880058,0.0244753583601913,0.14267770527318,0.965,0.00581162627841812,0.619765030254518,"02a_cor_to_smd_GROUPS",1000
0,300,0.3,"viechtbauer_g","own",1000,1000,1000,1000,0,-0.0011933736001586,0.00295837385195633,0.0935519954246778,0.00209293294022091,0.0922708582277746,0.986305613353436,0.0220654994897914,0.0935128227177458,0.955,0.00655553201502365,0.363170060324195,"02a_cor_to_smd_GROUPS",1000
0.2,300,0.3,"viechtbauer_g","own",1000,1000,1000,1000,0,-0.00198894373870899,0.00300557313603859,0.0950445678409706,0.00212632457405558,0.0922328733108418,0.970417093853976,0.0217100436207764,0.095017852550963,0.949,0.00695693898205238,0.36302049668697,"02a_cor_to_smd_GROUPS",1000
0.5,300,0.3,"viechtbauer_g","own",1000,1000,1000,1000,0,-0.00050879764565097,0.00295275731648717,0.0933743849782612,0.00208895946266818,0.0920020142846344,0.985302492820207,0.0220430578091251,0.0933290730123399,0.95,0.00689202437604511,0.362111371352948,"02a_cor_to_smd_GROUPS",1000
0.8,300,0.3,"viechtbauer_g","own",1000,1000,1000,1000,0,0.00414892141364291,0.00281041493519791,0.0888731236537992,0.00198825783620107,0.0914447307877748,1.02893571226317,0.0230192144570461,0.0889255150379917,0.959,0.00627048642451286,0.359915961030503,"02a_cor_to_smd_GROUPS",1000
1.2,300,0.3,"viechtbauer_g","own",1000,1000,1000,1000,0,0.00479876250083325,0.00260368765697968,0.08233583311723,0.00184200643192401,0.0899661598352516,1.0926732192915,0.0244451415832565,0.0824344487895239,0.958,0.00634318531969546,0.35408921842977,"02a_cor_to_smd_GROUPS",1000
0,25,0.5,"viechtbauer_g","own",1000,1000,1000,1000,0,0.0184391880801971,0.0107942363346234,0.341343724195575,0.00763649691343887,0.32474891301459,0.951383869089453,0.0212842348190778,0.341670932575064,0.945,0.00720936890441875,1.34356898548104,"02a_cor_to_smd_GROUPS",1000
0.2,25,0.5,"viechtbauer_g","own",1000,1000,1000,1000,0,0.0156374323230366,0.0106430836596862,0.336563856923287,0.00752956235134168,0.324417155082401,0.963909666498581,0.0215644603116618,0.336758791788647,0.954,0.00662449998113065,1.34216785259337,"02a_cor_to_smd_GROUPS",1000
0.5,25,0.5,"viechtbauer_g","own",1000,1000,1000,1000,0,0.0382690964073964,0.00979918392321506,0.309877404082641,0.00693253653746892,0.322769241444268,1.04160302491171,0.023302605909958,0.312077723164077,0.957,0.00641490451994416,1.33525535896899,"02a_cor_to_smd_GROUPS",1000
0.8,25,0.5,"viechtbauer_g","own",1000,1000,1000,1000,0,0.0374476286824962,0.0102264066771625,0.323387373789876,0.00723477980329455,0.319006494729547,0.98645315366216,0.0220688002421776,0.325387674977293,0.954,0.00662449998113065,1.31934972486201,"02a_cor_to_smd_GROUPS",1000
1.2,25,0.5,"viechtbauer_g","own",1000,1000,1000,1000,0,0.0382296652981926,0.00966119598446951,0.305513842321964,0.00683491550753629,0.310848220937201,1.01746034999493,0.0227624891613092,0.307744823597882,0.958,0.00634318531969546,1.28479285517064,"02a_cor_to_smd_GROUPS",1000
0,50,0.5,"viechtbauer_g","own",1000,1000,1000,1000,0,0.0118040836829353,0.00747439930389131,0.236361259418736,0.00528784301589658,0.227681783395604,0.96327877062224,0.0215503459920746,0.236537765907795,0.946,0.00714730718522718,0.915567231671785,"02a_cor_to_smd_GROUPS",1000
0.2,50,0.5,"viechtbauer_g","own",1000,1000,1000,1000,0,0.00791183634581466,0.0073368450501564,0.232011411982265,0.00519052880102177,0.227534909848758,0.980705681262566,0.0219402185454055,0.232030306531447,0.942,0.00739161687318817,0.914974972678493,"02a_cor_to_smd_GROUPS",1000
0.5,50,0.5,"viechtbauer_g","own",1000,1000,1000,1000,0,0.0209167103573448,0.00684491158062429,0.21645510977236,0.00484250525352453,0.226608926581592,1.04690957316697,0.0234213233097514,0.217355631406667,0.96,0.00619677335393187,0.911234967896736,"02a_cor_to_smd_GROUPS",1000
0.8,50,0.5,"viechtbauer_g","own",1000,1000,1000,1000,0,0.0116756425872739,0.00679121348289877,0.214757026824051,0.00480451596509074,0.224677977703754,1.04619616422531,0.0234053630187168,0.214966929129951,0.962,0.00604615580348373,0.90342080360414,"02a_cor_to_smd_GROUPS",1000
1.2,50,0.5,"viechtbauer_g","own",1000,1000,1000,1000,0,0.0164453162840176,0.00666251803895698,0.210687319550625,0.00471346900910714,0.219468972303779,1.04168097430773,0.0233043497835959,0.211223118764233,0.965,0.00581162627841812,0.882259042522441,"02a_cor_to_smd_GROUPS",1000
0,100,0.5,"viechtbauer_g","own",1000,1000,1000,1000,0,0.00227923217349855,0.00501260287690715,0.158512420969392,0.00354621903867474,0.160300888323187,1.01128282151554,0.0226242863064693,0.158449538696952,0.948,0.00702111102319284,0.636223541089147,"02a_cor_to_smd_GROUPS",1000
0.2,100,0.5,"viechtbauer_g","own",1000,1000,1000,1000,0,0.00220456171359217,0.00520342379069803,0.16454670809713,0.00368121731683079,0.160200392636477,0.973586129367669,0.0217809408665832,0.164479189014312,0.948,0.00702111102319284,0.635824058960085,"02a_cor_to_smd_GROUPS",1000
0.5,100,0.5,"viechtbauer_g","own",1000,1000,1000,1000,0,0.00645786092815214,0.00504171771498888,0.159433112989845,0.00356681663949187,0.159646018199542,1.001335388902,0.0224017436520555,0.159484176543889,0.953,0.00669260786241059,0.633619317622997,"02a_cor_to_smd_GROUPS",1000
0.8,100,0.5,"viechtbauer_g","own",1000,1000,1000,1000,0,0.00702955274600102,0.00479788593028559,0.151722474933783,0.00339431525879555,0.158372273831241,1.04382870039762,0.0233523984292683,0.151809434168108,0.956,0.00648567652600714,0.628548165774055,"02a_cor_to_smd_GROUPS",1000
1.2,100,0.5,"viechtbauer_g","own",1000,1000,1000,1000,0,0.011421168068766,0.00458732912440056,0.145064084099317,0.00324535461457776,0.154938817806624,1.06807152692976,0.0238947557566866,0.145440668271062,0.961,0.00612200947402077,0.614856555724551,"02a_cor_to_smd_GROUPS",1000
0,300,0.5,"viechtbauer_g","own",1000,1000,1000,1000,0,0.00101235369654328,0.00280976214137771,0.088852480500656,0.00198779601029338,0.0922723819993177,1.03848965700667,0.023232954052572,0.0888138130463682,0.949,0.00695693898205238,0.363176060863423,"02a_cor_to_smd_GROUPS",1000
0.2,300,0.5,"viechtbauer_g","own",1000,1000,1000,1000,0,0.00336481934521586,0.00286748463788027,0.0906778261124479,0.00202863240230046,0.0922237497031541,1.01704852946948,0.0227532759666653,0.0906949154559218,0.961,0.00612200947402077,0.362984570214788,"02a_cor_to_smd_GROUPS",1000
0.5,300,0.5,"viechtbauer_g","own",1000,1000,1000,1000,0,-0.000277131116446372,0.00286278069282297,0.0905290743087545,0.00202530454650803,0.09194461139939,1.01563627046277,0.0227216810938691,0.0904842228433249,0.947,0.00708456067798138,0.361885321563996,"02a_cor_to_smd_GROUPS",1000
0.8,300,0.5,"viechtbauer_g","own",1000,1000,1000,1000,0,0.0125364528500447,0.00279329932434728,0.0883318805154683,0.00197614921587994,0.0912097169185566,1.03257981587502,0.0231007398638767,0.0891733213710523,0.962,0.00604615580348373,0.358990072632337,"02a_cor_to_smd_GROUPS",1000
1.2,300,0.5,"viechtbauer_g","own",1000,1000,1000,1000,0,0.00484776603305234,0.00256831010869851,0.0812170968112191,0.00181697821039178,0.0893796361299624,1.10050272220043,0.0246203021928112,0.0813211007865715,0.966,0.00573096850453743,0.351777089451737,"02a_cor_to_smd_GROUPS",1000
0,25,0.15,"biserial_split_p","population",1000,1000,1000,1000,0,-0.032706998871242,0.0119352716212282,0.377426428158516,0.00844373442187964,0.363859507831464,0.964054132633885,0.0215676922890445,0.378652882913872,0.945,0.00720936890441875,1.50504879290712,"02a_cor_to_smd_GROUPS",1000
0.2,25,0.15,"biserial_split_p","population",1000,1000,1000,1000,0,-0.0712866831609508,0.0114754447617674,0.362885426106334,0.00811842503600626,0.363657161646248,1.0021266644632,0.0224194459648637,0.369642987007714,0.952,0.00675988165576884,1.50410329531137,"02a_cor_to_smd_GROUPS",1000
0.5,25,0.15,"biserial_split_p","population",1000,1000,1000,1000,0,-0.146257873322723,0.011899167171341,0.376284705205407,0.0084181919461011,0.358765276494435,0.953441028910785,0.0213302573280988,0.403534329024228,0.934,0.00785136930732467,1.48315417743388,"02a_cor_to_smd_GROUPS",1000
0.8,25,0.15,"biserial_split_p","population",1000,1000,1000,1000,0,-0.259830486887515,0.0111685277656431,0.353179858502634,0.00790129335378916,0.352433820203229,0.997887653326076,0.0223246113651036,0.438318558078131,0.913,0.00891240708226459,1.45610103791262,"02a_cor_to_smd_GROUPS",1000
1.2,25,0.15,"biserial_split_p","population",1000,1000,1000,1000,0,-0.418307276097306,0.0105586635458829,0.333894258523797,0.00746983844698144,0.338974026047814,1.01521370132711,0.022712227432731,0.535121357950913,0.838,0.0116514376795312,1.39875396338457,"02a_cor_to_smd_GROUPS",1000
0,50,0.15,"biserial_split_p","population",1000,1000,1000,1000,0,0.0098025328674549,0.00854188605742156,0.270118154550879,0.00604304783500201,0.256630845210977,0.95006885278656,0.0212548154472647,0.270160958043853,0.935,0.0077958322198467,1.03192396838713,"02a_cor_to_smd_GROUPS",1000
0.2,50,0.15,"biserial_split_p","population",1000,1000,1000,1000,0,-0.0698836110510363,0.0081322757145218,0.257165138183621,0.00575326465606295,0.256352138360898,0.996838607952596,0.0223011422599501,0.266367215479376,0.947,0.00708456067798138,1.03078359484788,"02a_cor_to_smd_GROUPS",1000
0.5,50,0.15,"biserial_split_p","population",1000,1000,1000,1000,0,-0.162114309781739,0.00820119833790337,0.259344662905619,0.00580202469655153,0.253576322708332,0.977758014633269,0.021874273735172,0.305734270175034,0.905,0.00927227048785787,1.0193909080263,"02a_cor_to_smd_GROUPS",1000
0.8,50,0.15,"biserial_split_p","population",1000,1000,1000,1000,0,-0.282694212943859,0.00799230888488996,0.252738998398528,0.00565424363879665,0.249251743804817,0.986202150772901,0.0220631848385442,0.379116264940093,0.813,0.0123300851578568,1.00175704805791,"02a_cor_to_smd_GROUPS",1000
1.2,50,0.15,"biserial_split_p","population",1000,1000,1000,1000,0,-0.428125545427306,0.00755520623457861,0.238916598935728,0.00534501073556181,0.239516832970198,1.00251231616867,0.0224280737141079,0.490219892245507,0.61,0.0154240072614091,0.962015495607532,"02a_cor_to_smd_GROUPS",1000
0,100,0.15,"biserial_split_p","population",1000,1000,1000,1000,0,-0.00579808112409459,0.00606171838360664,0.191688366267112,0.00428842692447521,0.183056931366792,0.954971524519686,0.0213644973746118,0.191680210447281,0.94,0.00750999334220744,0.726530577184021,"02a_cor_to_smd_GROUPS",1000
0.2,100,0.15,"biserial_split_p","population",1000,1000,1000,1000,0,-0.0601082924653261,0.00578913013183967,0.183068368877242,0.00409558147633719,0.182727291761951,0.998136886686747,0.0223301871810761,0.19259678210912,0.941,0.00745110730026082,0.725210346149206,"02a_cor_to_smd_GROUPS",1000
0.5,100,0.15,"biserial_split_p","population",1000,1000,1000,1000,0,-0.173594927098723,0.0058331408201602,0.184460109042088,0.00412671730430123,0.180941238834524,0.980923408178395,0.0219450895033369,0.253232511756296,0.847,0.0113838042850358,0.718062329061669,"02a_cor_to_smd_GROUPS",1000
0.8,100,0.15,"biserial_split_p","population",1000,1000,1000,1000,0,-0.278705360806452,0.00555386460892681,0.175628619804091,0.00392914038834657,0.177547374392927,1.01092506785612,0.0226162826886428,0.329380091724516,0.682,0.0147267104269759,0.704490701640788,"02a_cor_to_smd_GROUPS",1000
1.2,100,0.15,"biserial_split_p","population",1000,1000,1000,1000,0,-0.445869963518506,0.00526714832668851,0.166561854862803,0.003726299915295,0.171102381258598,1.02726030158306,0.0229817323896153,0.475936059793578,0.246,0.0136192510807313,0.678704842714516,"02a_cor_to_smd_GROUPS",1000
0,300,0.15,"biserial_split_p","population",1000,1000,1000,1000,0,-0.00499117549444467,0.00335911701066186,0.106224606807076,0.00237644293570992,0.105627127146336,0.994375317747003,0.0222460338553757,0.106288735325259,0.957,0.00641490451994416,0.415738652294708,"02a_cor_to_smd_GROUPS",1000
0.2,300,0.15,"biserial_split_p","population",1000,1000,1000,1000,0,-0.0674772551714025,0.00333975730015022,0.105612399006493,0.00236274670329625,0.105427192545774,0.998246356843886,0.0223326362330371,0.125283697305553,0.906,0.00922843432007835,0.414949816376964,"02a_cor_to_smd_GROUPS",1000
0.5,300,0.15,"biserial_split_p","population",1000,1000,1000,1000,0,-0.178734632323228,0.00331105964203462,0.104704899374912,0.00234244424086824,0.104433891623138,0.997411699420069,0.022313963386903,0.207118858699242,0.604,0.0154655746740947,0.41103033807056,"02a_cor_to_smd_GROUPS",1000
0.8,300,0.15,"biserial_split_p","population",1000,1000,1000,1000,0,-0.288071107800054,0.0031765675149562,0.100451884885626,0.00224729635995499,0.102547108476294,1.0208579818393,0.0228385005341672,0.305066310406522,0.181,0.0121753439376471,0.403586090496376,"02a_cor_to_smd_GROUPS",1000
1.2,300,0.15,"biserial_split_p","population",1000,1000,1000,1000,0,-0.448119788872473,0.00300515377972942,0.095031306630089,0.0021260278959895,0.0987575151985325,1.03921032658162,0.0232490767775398,0.45807560890064,0.001,0.000999499874937461,0.388633628009431,"02a_cor_to_smd_GROUPS",1000
0,25,0.3,"biserial_split_p","population",1000,1000,1000,1000,0,-0.0244953703163309,0.010674106124856,0.337544873408985,0.00755150952316304,0.333501195070752,0.988020323646472,0.022103860762995,0.338264139674984,0.957,0.00641490451994416,1.3797339408053,"02a_cor_to_smd_GROUPS",1000
0.2,25,0.3,"biserial_split_p","population",1000,1000,1000,1000,0,-0.0509774558472257,0.0106299810123909,0.336149514834979,0.0075202927446251,0.333080655457387,0.990870552411479,0.022167625706141,0.339826721774678,0.956,0.00648567652600714,1.37794601012205,"02a_cor_to_smd_GROUPS",1000
0.5,25,0.3,"biserial_split_p","population",1000,1000,1000,1000,0,-0.0934633546695168,0.0111723793476963,0.353301656221466,0.00790401819633934,0.329882238642165,0.933712686688849,0.0208888974500459,0.365284323362804,0.933,0.00790638982089803,1.36441159024756,"02a_cor_to_smd_GROUPS",1000
0.8,25,0.3,"biserial_split_p","population",1000,1000,1000,1000,0,-0.173156092948939,0.0102421210610525,0.323884306241064,0.00724589711074946,0.325295039315713,1.00435566974832,0.022469312978004,0.367122834090673,0.929,0.00812151463706124,1.34508903782522,"02a_cor_to_smd_GROUPS",1000
1.2,25,0.3,"biserial_split_p","population",1000,1000,1000,1000,0,-0.297744546770181,0.00982833855061904,0.310799354351943,0.00695316228766385,0.314589347647106,1.01219434095372,0.0226446786994819,0.430292293166284,0.892,0.00981509042240569,1.29940323116333,"02a_cor_to_smd_GROUPS",1000
0,50,0.3,"biserial_split_p","population",1000,1000,1000,1000,0,0.00229216790061812,0.0076302950959513,0.241291117224191,0.0053981331464791,0.235793605093702,0.977216268075954,0.0218621538524276,0.241181334024281,0.944,0.00727076337120113,0.948179975774925,"02a_cor_to_smd_GROUPS",1000
0.2,50,0.3,"biserial_split_p","population",1000,1000,1000,1000,0,-0.0376779472160564,0.00750647474558109,0.237375573945692,0.00531053512711852,0.235456062099752,0.991913608405305,0.0221909608176804,0.240229980746277,0.941,0.00745110730026082,0.946807553082397,"02a_cor_to_smd_GROUPS",1000
0.5,50,0.3,"biserial_split_p","population",1000,1000,1000,1000,0,-0.121102015080676,0.00730319680065182,0.230947360905144,0.00516672399023954,0.233856915582573,1.01259834564043,0.0226537170392093,0.260670375919747,0.927,0.00822623850857729,0.94033017210524,"02a_cor_to_smd_GROUPS",1000
0.8,50,0.3,"biserial_split_p","population",1000,1000,1000,1000,0,-0.183797361408185,0.00693413643994162,0.219276647565869,0.00490562832602881,0.230274220731691,1.05015387314565,0.0234939043622721,0.286034326576671,0.903,0.00935900635751467,0.925806898252885,"02a_cor_to_smd_GROUPS",1000
1.2,50,0.3,"biserial_split_p","population",1000,1000,1000,1000,0,-0.327552902543764,0.00690656765159497,0.218404845930803,0.00488612449448483,0.223289112128863,1.02236336001266,0.022872178656715,0.393629114794849,0.728,0.0140718158032288,0.897342875511116,"02a_cor_to_smd_GROUPS",1000
0,100,0.3,"biserial_split_p","population",1000,1000,1000,1000,0,0.00888858728803562,0.00524619295955708,0.1658991879694,0.00371147481869175,0.166165525554175,1.00160541825452,0.0224077847132231,0.166054283330224,0.949,0.00695693898205238,0.659498676705666,"02a_cor_to_smd_GROUPS",1000
0.2,100,0.3,"biserial_split_p","population",1000,1000,1000,1000,0,-0.0544039645701901,0.00518467490730218,0.163953816345972,0.00366795322053491,0.165983812686959,1.01238151319822,0.0226488660923241,0.172666627932177,0.939,0.00756828910652864,0.658775433134715,"02a_cor_to_smd_GROUPS",1000
0.5,100,0.3,"biserial_split_p","population",1000,1000,1000,1000,0,-0.12106838859032,0.00531027245169216,0.167925559433937,0.00375680853464297,0.164814086363363,0.981471116838545,0.021957342769462,0.206950112910204,0.895,0.00969407035254026,0.654113047616618,"02a_cor_to_smd_GROUPS",1000
0.8,100,0.3,"biserial_split_p","population",1000,1000,1000,1000,0,-0.200572848992081,0.00488116557157314,0.154356008425688,0.00345323232378558,0.162607241499501,1.05345585933434,0.0235677759630978,0.253044303062871,0.792,0.0128349522788361,0.645323164199627,"02a_cor_to_smd_GROUPS",1000
1.2,100,0.3,"biserial_split_p","population",1000,1000,1000,1000,0,-0.34261568683834,0.00456563036744284,0.144377909155508,0.00323000359896199,0.158006015282091,1.09439190667254,0.0244835918313498,0.371765577399483,0.428,0.0156465970741245,0.626966941377057,"02a_cor_to_smd_GROUPS",1000
0,300,0.3,"biserial_split_p","population",1000,1000,1000,1000,0,-0.00123614342808188,0.00306842166605482,0.097032012865418,0.00217078743280768,0.0957049845499932,0.986323809264213,0.0220659065663146,0.0969913622946328,0.955,0.00655553201502365,0.376686398845707,"02a_cor_to_smd_GROUPS",1000
0.2,300,0.3,"biserial_split_p","population",1000,1000,1000,1000,0,-0.0506347246082402,0.00311509451599074,0.0985079379723054,0.00220380663522534,0.0955936469511199,0.970415673283052,0.0217100118399505,0.110715786434746,0.91,0.00904986187739901,0.376247736271105,"02a_cor_to_smd_GROUPS",1000
0.5,300,0.3,"biserial_split_p","population",1000,1000,1000,1000,0,-0.125432838864799,0.00304886067586122,0.0964134400424182,0.00215694880294944,0.0949813663194033,0.985146534317364,0.022039568726007,0.158176018836847,0.738,0.0139052508067996,0.373835177010498,"02a_cor_to_smd_GROUPS",1000
0.8,300,0.3,"biserial_split_p","population",1000,1000,1000,1000,0,-0.205530950820002,0.00288058011336607,0.0910919414082282,0.00203789693524445,0.0937390257200704,1.02905947848865,0.0230219833387682,0.224794163164226,0.416,0.0155866609637857,0.368938549597291,"02a_cor_to_smd_GROUPS",1000
1.2,300,0.3,"biserial_split_p","population",1000,1000,1000,1000,0,-0.338206884762506,0.00263412210642708,0.0832982549131004,0.00186353760578962,0.0910277447632189,1.09279293855774,0.0244478199269386,0.348303829397633,0.031,0.00548078461536302,0.358250312161811,"02a_cor_to_smd_GROUPS",1000
0,25,0.5,"biserial_split_p","population",1000,1000,1000,1000,0,0.018444767693474,0.0107975276293871,0.341447804074618,0.00763882537480706,0.324847709196602,0.951383213832623,0.0212842201597581,0.341775109918405,0.945,0.00720936890441875,1.34397734172417,"02a_cor_to_smd_GROUPS",1000
0.2,25,0.5,"biserial_split_p","population",1000,1000,1000,1000,0,-0.0251498484456947,0.0106461932218573,0.336662189913153,0.00753176224406089,0.324513029553467,0.96391290520976,0.0215645327676824,0.337432368873889,0.95,0.00689202437604511,1.34256375570573,"02a_cor_to_smd_GROUPS",1000
0.5,25,0.5,"biserial_split_p","population",1000,1000,1000,1000,0,-0.0674269353252999,0.00980155307532088,0.309952323250419,0.00693421261923911,0.322849808212174,1.04161118983236,0.0233027885744891,0.317050096756027,0.954,0.00662449998113065,1.33558674466839,"02a_cor_to_smd_GROUPS",1000
0.8,25,0.5,"biserial_split_p","population",1000,1000,1000,1000,0,-0.142328091229856,0.0102280417341905,0.323439078833003,0.00723593654172054,0.319059891416049,0.986460549440239,0.0220689656995523,0.353221616597512,0.944,0.00727076337120113,1.3195656960937,"02a_cor_to_smd_GROUPS",1000
1.2,25,0.5,"biserial_split_p","population",1000,1000,1000,1000,0,-0.261830661004029,0.00966137749327473,0.305519582134362,0.00683504391786453,0.310856579730397,1.01746859418552,0.0227626735992571,0.402248887996343,0.903,0.00935900635751467,1.28481714369635,"02a_cor_to_smd_GROUPS",1000
0,50,0.5,"biserial_split_p","population",1000,1000,1000,1000,0,0.0118040836829353,0.00747439930389131,0.236361259418736,0.00528784301589658,0.227681783395604,0.96327877062224,0.0215503459920746,0.236537765907795,0.946,0.00714730718522718,0.915567231671785,"02a_cor_to_smd_GROUPS",1000
0.2,50,0.5,"biserial_split_p","population",1000,1000,1000,1000,0,-0.0328003991760072,0.0073368450501564,0.232011411982265,0.00519052880102177,0.227534909848758,0.980705681262566,0.0219402185454055,0.234203612655356,0.942,0.00739161687318817,0.914974972678493,"02a_cor_to_smd_GROUPS",1000
0.5,50,0.5,"biserial_split_p","population",1000,1000,1000,1000,0,-0.0845955173733116,0.00684491158062429,0.21645510977236,0.00484250525352453,0.226608926581592,1.04690957316697,0.0234213233097514,0.232298005354493,0.953,0.00669260786241059,0.911234967896736,"02a_cor_to_smd_GROUPS",1000
0.8,50,0.5,"biserial_split_p","population",1000,1000,1000,1000,0,-0.167800746792695,0.00679121348289877,0.214757026824051,0.00480451596509074,0.224677977703754,1.04619616422531,0.0234053630187168,0.272454676256293,0.903,0.00935900635751467,0.90342080360414,"02a_cor_to_smd_GROUPS",1000
1.2,50,0.5,"biserial_split_p","population",1000,1000,1000,1000,0,-0.283176080448329,0.00666251803895698,0.210687319550625,0.00471346900910714,0.219468972303779,1.04168097430773,0.0233043497835959,0.352892972458912,0.77,0.0133078923951165,0.882259042522441,"02a_cor_to_smd_GROUPS",1000
0,100,0.5,"biserial_split_p","population",1000,1000,1000,1000,0,0.00227923217349855,0.00501260287690715,0.158512420969392,0.00354621903867474,0.160300888323187,1.01128282151554,0.0226242863064693,0.158449538696952,0.948,0.00702111102319284,0.636223541089147,"02a_cor_to_smd_GROUPS",1000
0.2,100,0.5,"biserial_split_p","population",1000,1000,1000,1000,0,-0.0385076738082297,0.00520342379069803,0.16454670809713,0.00368121731683079,0.160200392636477,0.973586129367669,0.0217809408665832,0.168912357359009,0.95,0.00689202437604511,0.635824058960085,"02a_cor_to_smd_GROUPS",1000
0.5,100,0.5,"biserial_split_p","population",1000,1000,1000,1000,0,-0.0990543668025042,0.00504171771498888,0.159433112989845,0.00356681663949187,0.159646018199542,1.001335388902,0.0224017436520555,0.187630664292274,0.9,0.00948683298050514,0.633619317622997,"02a_cor_to_smd_GROUPS",1000
0.8,100,0.5,"biserial_split_p","population",1000,1000,1000,1000,0,-0.172446836633967,0.00479788593028559,0.151722474933783,0.00339431525879555,0.158372273831241,1.04382870039762,0.0233523984292683,0.229640155799665,0.843,0.0115043904662524,0.628548165774055,"02a_cor_to_smd_GROUPS",1000
1.2,100,0.5,"biserial_split_p","population",1000,1000,1000,1000,0,-0.288200228663581,0.00458732912440056,0.145064084099317,0.00324535461457776,0.154938817806624,1.06807152692976,0.0238947557566866,0.322617291397746,0.567,0.0156687906361659,0.614856555724551,"02a_cor_to_smd_GROUPS",1000
0,300,0.5,"biserial_split_p","population",1000,1000,1000,1000,0,0.00101235369654328,0.00280976214137771,0.088852480500656,0.00198779601029338,0.0922723819993177,1.03848965700667,0.023232954052572,0.0888138130463682,0.949,0.00695693898205238,0.363176060863423,"02a_cor_to_smd_GROUPS",1000
0.2,300,0.5,"biserial_split_p","population",1000,1000,1000,1000,0,-0.037347416176606,0.00286748463788027,0.0906778261124479,0.00202863240230046,0.0922237497031541,1.01704852946948,0.0227532759666653,0.0980258903320928,0.935,0.0077958322198467,0.362984570214788,"02a_cor_to_smd_GROUPS",1000
0.5,300,0.5,"biserial_split_p","population",1000,1000,1000,1000,0,-0.105789358847103,0.00286278069282297,0.0905290743087545,0.00202530454650803,0.09194461139939,1.01563627046277,0.0227216810938691,0.139207421595208,0.802,0.012601428490453,0.361885321563996,"02a_cor_to_smd_GROUPS",1000
0.8,300,0.5,"biserial_split_p","population",1000,1000,1000,1000,0,-0.166939936529924,0.00279329932434728,0.0883318805154683,0.00197614921587994,0.0912097169185566,1.03257981587502,0.0231007398638767,0.188848248609561,0.584,0.0155866609637857,0.358990072632337,"02a_cor_to_smd_GROUPS",1000
1.2,300,0.5,"biserial_split_p","population",1000,1000,1000,1000,0,-0.294773630699294,0.00256831010869851,0.0812170968112191,0.00181697821039178,0.0893796361299624,1.10050272220043,0.0246203021928112,0.305746813480161,0.067,0.00790638982089803,0.351777089451737,"02a_cor_to_smd_GROUPS",1000
0,25,0.15,"cooper","population",1000,1000,1000,1000,0,-0.0380662334043122,0.0136667879349014,0.432181781727974,0.00966871399199719,0.417734133425531,0.966570436530948,0.0216239867089536,0.433639653964787,0.972,0.0052168956286282,1.7275046190678,"02a_cor_to_smd_GROUPS",1000
0.2,25,0.15,"cooper","population",1000,1000,1000,1000,0,-0.0520398739200032,0.0132314742539659,0.418415954444095,0.00936074671411032,0.41817007295338,0.999412351541323,0.0223587217130882,0.421432067479492,0.969,0.00548078461536303,1.72905735245657,"02a_cor_to_smd_GROUPS",1000
0.5,25,0.15,"cooper","population",1000,1000,1000,1000,0,-0.0891880201396674,0.014185538144687,0.448586103724102,0.0100357093266432,0.426702215922625,0.951215858851177,0.0212804761161192,0.457146328759567,0.953,0.00669260786241059,1.76281460877164,"02a_cor_to_smd_GROUPS",1000
0.8,25,0.15,"cooper","population",1000,1000,1000,1000,0,-0.164524520968994,0.0139249746381513,0.44034636216637,0.0098513709119809,0.437680443655536,0.993945860032275,0.0222364260838524,0.469871611990509,0.942,0.00739161687318817,1.80650367730742,"02a_cor_to_smd_GROUPS",1000
1.2,25,0.15,"cooper","population",1000,1000,1000,1000,0,-0.253502488510323,0.0143090059584952,0.452490498817656,0.0101230579402761,0.46099532007408,1.01879557974951,0.0227923607458056,0.518465442965736,0.915,0.00881901355027874,1.89985059510646,"02a_cor_to_smd_GROUPS",1000
0,50,0.15,"cooper","population",1000,1000,1000,1000,0,0.0110450497343104,0.00960652954160894,0.303785137611775,0.00679624115307228,0.288992448088167,0.951305420535377,0.0212824797783414,0.303834029607621,0.954,0.00662449998113065,1.16198319545067,"02a_cor_to_smd_GROUPS",1000
0.2,50,0.15,"cooper","population",1000,1000,1000,1000,0,-0.0535016696889594,0.00917566187371399,0.290159905605045,0.00649141925423852,0.289460100483847,0.997588208750833,0.0223179122304411,0.294908471749142,0.958,0.00634318531969546,1.16381946608176,"02a_cor_to_smd_GROUPS",1000
0.5,50,0.15,"cooper","population",1000,1000,1000,1000,0,-0.115586138352874,0.00958436420973207,0.303084208273531,0.00678056005408429,0.294144980020576,0.970505793410102,0.0217120279955827,0.324234996024208,0.933,0.00790638982089803,1.1821490528779,"02a_cor_to_smd_GROUPS",1000
0.8,50,0.15,"cooper","population",1000,1000,1000,1000,0,-0.204120053290735,0.00968494353151695,0.306264805697083,0.00685171596141813,0.301316067155191,0.983841634919074,0.0220103756882534,0.367925711568077,0.894,0.00973468027209934,1.21048751167452,"02a_cor_to_smd_GROUPS",1000
1.2,50,0.15,"cooper","population",1000,1000,1000,1000,0,-0.283755781166908,0.0099683361746648,0.315226467941908,0.00705220509076471,0.317476395616549,1.00713749606539,0.0225315476305791,0.424011440542212,0.854,0.0111661989951818,1.27439282353985,"02a_cor_to_smd_GROUPS",1000
0,100,0.15,"cooper","population",1000,1000,1000,1000,0,-0.00644316708999308,0.006688159254881,0.211498165993586,0.00473160915910853,0.202128278529449,0.955697547446247,0.021380739864058,0.211490560419564,0.946,0.00714730718522718,0.802212311936244,"02a_cor_to_smd_GROUPS",1000
0.2,100,0.15,"cooper","population",1000,1000,1000,1000,0,-0.0453721509468208,0.00642184725710302,0.203076641181505,0.00454320391338309,0.202636876144192,0.997834487340571,0.0223234219426669,0.207984408437049,0.949,0.00695693898205238,0.804206527918139,"02a_cor_to_smd_GROUPS",1000
0.5,100,0.15,"cooper","population",1000,1000,1000,1000,0,-0.136340525053646,0.00662838719428117,0.209608007474215,0.00468932278125553,0.205385564859152,0.979855528107232,0.0219211990308035,0.249960637005944,0.888,0.00997276290703835,0.814998236383243,"02a_cor_to_smd_GROUPS",1000
0.8,100,0.15,"cooper","population",1000,1000,1000,1000,0,-0.210911109494924,0.00659378715462092,0.208513858149629,0.00466484461643873,0.210589846751517,1.00995611812236,0.0225946054726091,0.296509775757534,0.826,0.0119884944842962,0.835465735439227,"02a_cor_to_smd_GROUPS",1000
1.2,100,0.15,"cooper","population",1000,1000,1000,1000,0,-0.32404221711473,0.00680476986485812,0.215185717262279,0.00481410657120504,0.220503570264003,1.02471285301544,0.0229247412052317,0.388924088342954,0.693,0.0145859864253331,0.874463577367856,"02a_cor_to_smd_GROUPS",1000
0,300,0.15,"cooper","population",1000,1000,1000,1000,0,-0.00547467432623596,0.00368345210204377,0.116480982945933,0.00260589723404814,0.11585921891438,0.994662098345779,0.0222524496732219,0.116551377630816,0.957,0.00641490451994416,0.456010693932877,"02a_cor_to_smd_GROUPS",1000
0.2,300,0.15,"cooper","population",1000,1000,1000,1000,0,-0.0544294683562958,0.00367882561197693,0.116334680484099,0.00260262417460973,0.11616374966032,0.998530697612542,0.0223389974673247,0.128385322957895,0.932,0.00796090447122687,0.457205334485137,"02a_cor_to_smd_GROUPS",1000
0.5,300,0.15,"cooper","population",1000,1000,1000,1000,0,-0.144446070670077,0.00373051766148121,0.117969326617656,0.00263919426296536,0.117674249106383,0.997498692925241,0.0223159095941617,0.186460485338384,0.765,0.0134080199880519,0.463130583521119,"02a_cor_to_smd_GROUPS",1000
0.8,300,0.15,"cooper","population",1000,1000,1000,1000,0,-0.225457393234469,0.00373217373804266,0.118021696356794,0.00264036587188311,0.1205341289833,1.02128788777031,0.0228481183331262,0.25445280083781,0.536,0.0157703519301251,0.474353180101217,"02a_cor_to_smd_GROUPS",1000
1.2,300,0.15,"cooper","population",1000,1000,1000,1000,0,-0.332205166929354,0.00383275005312888,0.121202198700186,0.00271151965209611,0.12627600437907,1.04186232373089,0.0233084069090448,0.353603670698353,0.26,0.0138708327075198,0.496891056241825,"02a_cor_to_smd_GROUPS",1000
0,25,0.3,"cooper","population",1000,1000,1000,1000,0,-0.0306322439556496,0.0133703958578037,0.422809041287406,0.00945902827530929,0.417309190542952,0.986992116517407,0.0220808578483055,0.423706327871958,0.973,0.00512552436341883,1.72568616270417,"02a_cor_to_smd_GROUPS",1000
0.2,25,0.3,"cooper","population",1000,1000,1000,1000,0,-0.0133639098945459,0.0134358936615711,0.424880263703842,0.00950536539085883,0.419085102006761,0.986360482723857,0.0220667270201315,0.424877993468985,0.967,0.00564898220921256,1.73258344927349,"02a_cor_to_smd_GROUPS",1000
0.5,25,0.3,"cooper","population",1000,1000,1000,1000,0,0.0176903512809357,0.014692247737766,0.464609667987968,0.0103941863993701,0.432225326134687,0.930297744354904,0.0208124988091914,0.464714137909258,0.956,0.00648567652600714,1.78438041687689,"02a_cor_to_smd_GROUPS",1000
0.8,25,0.3,"cooper","population",1000,1000,1000,1000,0,0.00969897512173609,0.014174093146282,0.448224181096333,0.010027612441205,0.449829432577697,1.00358135850109,0.0224519901885975,0.448104989618918,0.972,0.0052168956286282,1.85495504123412,"02a_cor_to_smd_GROUPS",1000
1.2,25,0.3,"cooper","population",1000,1000,1000,1000,0,0.0107476347957643,0.0155076312523846,0.49039435871545,0.0109710381098224,0.487602808629302,0.994307540377382,0.0222445175489748,0.490266919225212,0.973,0.00512552436341883,2.00466876493832,"02a_cor_to_smd_GROUPS",1000
0,50,0.3,"cooper","population",1000,1000,1000,1000,0,0.00287532271800646,0.00934075046133512,0.295380465130875,0.00660821292548407,0.288810743660841,0.97775844293859,0.0218742833171624,0.295246739258004,0.956,0.00648567652600714,1.16126057888001,"02a_cor_to_smd_GROUPS",1000
0.2,50,0.3,"cooper","population",1000,1000,1000,1000,0,-0.000719179571851581,0.00927021896720683,0.293150063448673,0.00655831467233175,0.290164058736193,0.989814074479969,0.0221439903207765,0.293004334369848,0.954,0.00662449998113065,1.16655024803961,"02a_cor_to_smd_GROUPS",1000
0.5,50,0.3,"cooper","population",1000,1000,1000,1000,0,-0.0310607326928572,0.00925629445659818,0.292709731760408,0.00654846362970236,0.296424177058745,1.01268985925407,0.0226557643697402,0.294207541024359,0.96,0.00619677335393187,1.19128163443077,"02a_cor_to_smd_GROUPS",1000
0.8,50,0.3,"cooper","population",1000,1000,1000,1000,0,-0.0230357528938604,0.00927838559607972,0.29340831492911,0.00656409224049385,0.309366561261499,1.05438920957726,0.0235886567520035,0.29416491419212,0.966,0.00573096850453743,1.24252271394709,"02a_cor_to_smd_GROUPS",1000
1.2,50,0.3,"cooper","population",1000,1000,1000,1000,0,-0.0614836410256019,0.0102756856979324,0.324945713254835,0.00726964276889408,0.33202236298234,1.02177794455764,0.0228590818191332,0.330551607105298,0.952,0.00675988165576884,1.33186496905525,"02a_cor_to_smd_GROUPS",1000
0,100,0.3,"cooper","population",1000,1000,1000,1000,0,0.0107774304555712,0.00637956672133286,0.201739613244245,0.00451329210018035,0.202029458940207,1.00143673169241,0.0224040108796367,0.201926535372671,0.951,0.00682634602111555,0.80182052826572,"02a_cor_to_smd_GROUPS",1000
0.2,100,0.3,"cooper","population",1000,1000,1000,1000,0,-0.0227374201559414,0.00633211910317897,0.200239187815083,0.00447972477977437,0.202795554580845,1.01276656579392,0.0226574804383633,0.201426480086048,0.96,0.00619677335393187,0.804834333513486,"02a_cor_to_smd_GROUPS",1000
0.5,100,0.3,"cooper","population",1000,1000,1000,1000,0,-0.0337984471991533,0.00670179953661208,0.211929509575552,0.00474125912100567,0.207491343150217,0.979058289550032,0.021903363314633,0.214503002181738,0.945,0.00720936890441875,0.823260143018846,"02a_cor_to_smd_GROUPS",1000
0.8,100,0.3,"cooper","population",1000,1000,1000,1000,0,-0.0502559867046985,0.00646214127672337,0.204350849962343,0.00457171034467863,0.215646399592945,1.0552752759907,0.0236084797132936,0.210340616168429,0.954,0.00662449998113065,0.855402475050093,"02a_cor_to_smd_GROUPS",1000
1.2,100,0.3,"cooper","population",1000,1000,1000,1000,0,-0.0929307992018769,0.00667954185011924,0.211225659727918,0.00472551268476565,0.23072511692453,1.09231575946658,0.0244371445390566,0.230668152306439,0.949,0.00695693898205238,0.914805782489116,"02a_cor_to_smd_GROUPS",1000
0,300,0.3,"cooper","population",1000,1000,1000,1000,0,-0.00151049028462691,0.00371516187090848,0.117483733882832,0.00262833064615387,0.115862202015095,0.986197818079612,0.0220630879080997,0.117434691979096,0.956,0.00648567652600714,0.456022082577001,"02a_cor_to_smd_GROUPS",1000
0.2,300,0.3,"cooper","population",1000,1000,1000,1000,0,-0.0188471137146637,0.00379115765112932,0.119886931463427,0.00268209466642358,0.116343035511096,0.97043968088038,0.0217105489347611,0.121300111932158,0.947,0.00708456067798138,0.457908040997588,"02a_cor_to_smd_GROUPS",1000
0.5,300,0.3,"cooper","population",1000,1000,1000,1000,0,-0.0415207776613375,0.00381106065179624,0.12051631960722,0.00269617525521647,0.118867465844119,0.986318419210987,0.0220657859807526,0.127411279272991,0.924,0.00837997613361756,0.467812017597909,"02a_cor_to_smd_GROUPS",1000
0.8,300,0.3,"cooper","population",1000,1000,1000,1000,0,-0.0598140607124629,0.00379935739218899,0.120146230043148,0.0026878956601532,0.123525360701523,1.02812514930482,0.0230010806491251,0.134158128102257,0.923,0.00843036179532053,0.486090682357324,"02a_cor_to_smd_GROUPS",1000
1.2,300,0.3,"cooper","population",1000,1000,1000,1000,0,-0.0911497116958872,0.00383469239752487,0.121263621023104,0.00271289378422784,0.13243587610702,1.09213196001946,0.0244330326019941,0.151652335491725,0.918,0.00867617427210864,0.521083286315224,"02a_cor_to_smd_GROUPS",1000
0,25,0.5,"cooper","population",1000,1000,1000,1000,0,0.0237466951934179,0.0138783783657687,0.438872858654344,0.00981840588516504,0.41798029669521,0.952394955515833,0.0213068547116581,0.439295666049622,0.958,0.00634318531969546,1.7284349976176,"02a_cor_to_smd_GROUPS",1000
0.2,25,0.5,"cooper","population",1000,1000,1000,1000,0,0.0259352516659979,0.0138173153237335,0.436941875717446,0.00977520618881126,0.420405261944655,0.962153744715728,0.021525177060427,0.437492767747883,0.968,0.00556560868189635,1.73784754879213,"02a_cor_to_smd_GROUPS",1000
0.5,25,0.5,"cooper","population",1000,1000,1000,1000,0,0.062333125365552,0.013190632900626,0.417124437451317,0.00933185306577316,0.432533107952739,1.03694022482972,0.0231982903596487,0.421549785957241,0.968,0.00556560868189635,1.78615008737309,"02a_cor_to_smd_GROUPS",1000
0.8,25,0.5,"cooper","population",1000,1000,1000,1000,0,0.0740205438712064,0.0146765399781178,0.464112945013701,0.0103830737783053,0.455480393651055,0.981399891006292,0.0219557493145085,0.469749364894249,0.972,0.0052168956286282,1.87697107365321,"02a_cor_to_smd_GROUPS",1000
1.2,25,0.5,"cooper","population",1000,1000,1000,1000,0,0.0922361311762618,0.0154706403538192,0.489224603793819,0.0109448685065301,0.496192821683334,1.01424339216687,0.0226905198037868,0.497603131158383,0.97,0.00539444158370447,2.0399814391356,"02a_cor_to_smd_GROUPS",1000
0,50,0.5,"cooper","population",1000,1000,1000,1000,0,0.0149955331904458,0.00949906629543582,0.300386851385151,0.00672021514046064,0.288923649763495,0.961838537310149,0.0215181252817969,0.300610868466636,0.951,0.00682634602111555,1.16167116627897,"02a_cor_to_smd_GROUPS",1000
0.2,50,0.5,"cooper","population",1000,1000,1000,1000,0,0.0124453467939449,0.00936059242814154,0.296007923214533,0.00662225033522539,0.290413712475263,0.981101145271658,0.0219490658142162,0.296121523317702,0.95,0.00689202437604511,1.16757115737227,"02a_cor_to_smd_GROUPS",1000
0.5,50,0.5,"cooper","population",1000,1000,1000,1000,0,0.0329087992117553,0.00901500907304141,0.285079617978941,0.0063777637274889,0.29847164793654,1.04697645539355,0.02342281959013,0.286831147653095,0.97,0.00539444158370447,1.19939422299252,"02a_cor_to_smd_GROUPS",1000
0.8,50,0.5,"cooper","population",1000,1000,1000,1000,0,0.0250705705789743,0.00938911963835346,0.296910032810134,0.00664243221247719,0.311965750947618,1.05070801412464,0.0235063015313885,0.297818645361379,0.969,0.00548078461536303,1.25279398205256,"02a_cor_to_smd_GROUPS",1000
1.2,50,0.5,"cooper","population",1000,1000,1000,1000,0,0.0401996972801827,0.0102632169117775,0.324551415615764,0.00726082159396013,0.339366864788147,1.04564900493277,0.0233931220429716,0.326870468868383,0.974,0.00503229569878401,1.36111805774311,"02a_cor_to_smd_GROUPS",1000
0,100,0.5,"cooper","population",1000,1000,1000,1000,0,0.00285801249055832,0.00632158928983272,0.199906205879977,0.00447227535170693,0.202008368085836,1.01051574260342,0.0226071253179126,0.199826667123221,0.954,0.00662449998113065,0.801734349600856,"02a_cor_to_smd_GROUPS",1000
0.2,100,0.5,"cooper","population",1000,1000,1000,1000,0,0.00403275846991673,0.0066011490772431,0.20874666258407,0.00467005288663391,0.203136043395207,0.973122352619157,0.0217705653141488,0.208681233252356,0.953,0.00669260786241059,0.806162609680668,"02a_cor_to_smd_GROUPS",1000
0.5,100,0.5,"cooper","population",1000,1000,1000,1000,0,0.0112883447251973,0.0065815384468971,0.20812652000162,0.00465617913832366,0.208522680091254,1.0019034580006,0.0224144524192324,0.208328486785393,0.955,0.00655553201502365,0.827342652723048,"02a_cor_to_smd_GROUPS",1000
0.8,100,0.5,"cooper","population",1000,1000,1000,1000,0,0.0141528159766911,0.00661145208513904,0.209072472301088,0.00467734185878139,0.218037907813802,1.04288195100024,0.0233312178762408,0.209446627032963,0.956,0.00648567652600714,0.864787107085023,"02a_cor_to_smd_GROUPS",1000
1.2,100,0.5,"cooper","population",1000,1000,1000,1000,0,0.0244372468280286,0.00702029535592401,0.222001231718223,0.00496658236442191,0.236738824547335,1.06638518496067,0.0238570291358961,0.223231810838101,0.963,0.00596917079668525,0.938444470517161,"02a_cor_to_smd_GROUPS",1000
0,300,0.5,"cooper","population",1000,1000,1000,1000,0,0.00126408397817962,0.00352758154116077,0.11155192302035,0.00249562495352923,0.115842601460191,1.03846350940142,0.0232323690817857,0.111503298634222,0.949,0.00695693898205238,0.455945282608747,"02a_cor_to_smd_GROUPS",1000
0.2,300,0.5,"cooper","population",1000,1000,1000,1000,0,0.00461273570200977,0.00362276019442668,0.114561736309827,0.00256296010067244,0.116455133517433,1.01652730893048,0.0227416152893037,0.114597313954354,0.961,0.00612200947402077,0.458347775033744,"02a_cor_to_smd_GROUPS",1000
0.5,300,0.5,"cooper","population",1000,1000,1000,1000,0,0.00055219087464748,0.00371475294546265,0.117470802524812,0.00262804134751262,0.119423616957073,1.01662382813677,0.0227437746042951,0.117413350906699,0.948,0.00702111102319284,0.469996214239286,"02a_cor_to_smd_GROUPS",1000
0.8,300,0.5,"cooper","population",1000,1000,1000,1000,0,0.01866792991865,0.00383041920819352,0.121128490911502,0.00270987067113972,0.125173787134288,1.03339673591526,0.0231190158915979,0.122498697163011,0.963,0.00596917079668525,0.492562379314721,"02a_cor_to_smd_GROUPS",1000
1.2,300,0.5,"cooper","population",1000,1000,1000,1000,0,0.00951106778743889,0.00389174329474911,0.123067728800952,0.00275325504620655,0.135355935377169,1.09984913751103,0.0246056802820817,0.123373338354807,0.969,0.00548078461536303,0.53255095587853,"02a_cor_to_smd_GROUPS",1000
0,25,0.15,"cooper_g","population",1000,1000,1000,1000,0,-0.0368089864591497,0.0132154029187156,0.417907734199783,0.00934937687763191,0.403937261075143,0.966570436530948,0.0216239867089536,0.419317456008979,0.972,0.0052168956286282,1.67044880579601,"02a_cor_to_smd_GROUPS",1000
0.2,25,0.15,"cooper_g","population",1000,1000,1000,1000,0,-0.0569266830388392,0.0127944667252959,0.404596562991709,0.00905158110568892,0.40435880244508,0.999412351541323,0.0223587217130882,0.408381350758973,0.968,0.00556560868189635,1.67195025569452,"02a_cor_to_smd_GROUPS",1000
0.5,25,0.15,"cooper_g","population",1000,1000,1000,1000,0,-0.102756268440721,0.0137170199094189,0.433770256236402,0.00970425113482668,0.412609146830005,0.951215858851177,0.0212804761161192,0.445564057419424,0.949,0.00695693898205238,1.70459258143771,"02a_cor_to_smd_GROUPS",1000
0.8,25,0.15,"cooper_g","population",1000,1000,1000,1000,0,-0.185512928102727,0.0134650622628098,0.425802655864596,0.00952600102699124,0.423224786987363,0.993945860032275,0.0222364260838524,0.464264623176104,0.933,0.00790638982089803,1.7468386927108,"02a_cor_to_smd_GROUPS",1000
1.2,25,0.15,"cooper_g","population",1000,1000,1000,1000,0,-0.284763293651855,0.0138364098432307,0.437545697441823,0.00978871480903076,0.445769622492147,1.01879557974951,0.0227923607458056,0.521866768940075,0.897,0.00961202372032029,1.83710255981773,"02a_cor_to_smd_GROUPS",1000
0,50,0.15,"cooper_g","population",1000,1000,1000,1000,0,0.010871415215897,0.00945550938590968,0.299009460965746,0.00668940034311473,0.284449321008076,0.951305420535377,0.0212824797783414,0.299057584351368,0.954,0.00662449998113065,1.14371615298369,"02a_cor_to_smd_GROUPS",1000
0.2,50,0.15,"cooper_g","population",1000,1000,1000,1000,0,-0.0558047074881383,0.00903141520494458,0.285598425423013,0.0063893704194082,0.284909621639802,0.997588208750833,0.0223179122304411,0.290859174724362,0.958,0.00634318531969546,1.14552355638698,"02a_cor_to_smd_GROUPS",1000
0.5,50,0.15,"cooper_g","population",1000,1000,1000,1000,0,-0.121629344797766,0.00943369250576627,0.298319550638825,0.00667396575999914,0.289520852182478,0.970505793410102,0.0217120279955827,0.322023690518246,0.929,0.00812151463706124,1.16356499156293,"02a_cor_to_smd_GROUPS",1000
0.8,50,0.15,"cooper_g","population",1000,1000,1000,1000,0,-0.21348762791176,0.00953269066290992,0.301450147246157,0.00674400305564726,0.296579205713255,0.983841634919074,0.0220103756882534,0.369267228920798,0.888,0.00997276290703835,1.19145795352937,"02a_cor_to_smd_GROUPS",1000
1.2,50,0.15,"cooper_g","population",1000,1000,1000,1000,0,-0.298159665940008,0.00981162821112397,0.310270927019152,0.00694134038085908,0.312485484539955,1.00713749606539,0.0225315476305791,0.430198752321096,0.836,0.0117091417277271,1.25435863722944,"02a_cor_to_smd_GROUPS",1000
0,100,0.15,"cooper_g","population",1000,1000,1000,1000,0,-0.00639370990267557,0.00663682152912316,0.209874724560707,0.00469528974084314,0.200576759533624,0.955697547446247,0.021380739864058,0.209867177366407,0.946,0.00714730718522718,0.796054600359671,"02a_cor_to_smd_GROUPS",1000
0.2,100,0.15,"cooper_g","population",1000,1000,1000,1000,0,-0.0465590607984998,0.00637255371895898,0.201517842636869,0.00450833067731339,0.201081453197538,0.997834487340571,0.0223234219426669,0.206728269964597,0.949,0.00695693898205238,0.798033508914024,"02a_cor_to_smd_GROUPS",1000
0.5,100,0.15,"cooper_g","population",1000,1000,1000,1000,0,-0.139131943392019,0.00657750827363519,0.207999074732892,0.00465332794952984,0.203809043218214,0.979855528107232,0.0219211990308035,0.25015604959043,0.885,0.0100883596287999,0.808742381168367,"02a_cor_to_smd_GROUPS",1000
0.8,100,0.15,"cooper_g","population",1000,1000,1000,1000,0,-0.21543290431996,0.00654317382085461,0.206913324002871,0.00462903767696628,0.208973377497734,1.00995611812236,0.0225946054726091,0.298632963334593,0.82,0.01214907403879,0.829052773490877,"02a_cor_to_smd_GROUPS",1000
1.2,100,0.15,"cooper_g","population",1000,1000,1000,1000,0,-0.330765992479438,0.00675253704625227,0.213533970508229,0.00477715391001636,0.218811004135202,1.02471285301544,0.0229247412052317,0.393646162924721,0.68,0.0147512711316686,0.867751271394076,"02a_cor_to_smd_GROUPS",1000
0,300,0.15,"cooper_g","population",1000,1000,1000,1000,0,-0.00546088228323227,0.00367417258571712,0.116187538874163,0.00259933234186032,0.115567341218207,0.994662098345779,0.0222524496732219,0.116257756217626,0.957,0.00641490451994416,0.454861891515403,"02a_cor_to_smd_GROUPS",1000
0.2,300,0.15,"cooper_g","population",1000,1000,1000,1000,0,-0.0547961961126627,0.00366955775090978,0.116041604983997,0.00259606752805879,0.11587110477675,0.998530697612542,0.0223389974673247,0.128276309354425,0.931,0.00801492358042171,0.456053522476062,"02a_cor_to_smd_GROUPS",1000
0.5,300,0.15,"cooper_g","population",1000,1000,1000,1000,0,-0.145341797939177,0.00372111957550436,0.117672133044327,0.00263254548742168,0.117377798905441,0.997498692925241,0.0223159095941617,0.186968238993951,0.763,0.0134473417447464,0.461963844361195,"02a_cor_to_smd_GROUPS",1000
0.8,300,0.15,"cooper_g","population",1000,1000,1000,1000,0,-0.226904806517482,0.0037227714800041,0.11772437085129,0.00263371414477015,0.120230474045803,1.02128788777031,0.0228481183331262,0.255599216911115,0.53,0.0157829021412413,0.473158168476957,"02a_cor_to_smd_GROUPS",1000
1.2,300,0.15,"cooper_g","population",1000,1000,1000,1000,0,-0.334391354260851,0.00382309441876506,0.120896860731752,0.00270468867121606,0.125957884253753,1.04186232373089,0.0233084069090448,0.355554514369124,0.253,0.0137473997541353,0.495639266197805,"02a_cor_to_smd_GROUPS",1000
0,25,0.3,"cooper_g","population",1000,1000,1000,1000,0,-0.0296205259133714,0.0129288000432325,0.40884455549498,0.00914661663539141,0.403526353154609,0.986992116517407,0.0220808578483055,0.409712206606924,0.973,0.00512552436341883,1.66869040918884,"02a_cor_to_smd_GROUPS",1000
0.2,25,0.3,"cooper_g","population",1000,1000,1000,1000,0,-0.0195281040676309,0.012992134593472,0.410847369828374,0.0091914233343023,0.405243610029742,0.986360482723857,0.0220667270201315,0.411105962717733,0.969,0.00548078461536303,1.67535989301296,"02a_cor_to_smd_GROUPS",1000
0.5,25,0.3,"cooper_g","population",1000,1000,1000,1000,0,0.000592137076892015,0.0142069939594454,0.449264596161012,0.0100508884702249,0.417949840427106,0.930297744354904,0.0208124988091914,0.44904029809436,0.955,0.00655553201502365,1.72544611664554,"02a_cor_to_smd_GROUPS",1000
0.8,25,0.3,"cooper_g","population",1000,1000,1000,1000,0,-0.0170436645337462,0.0137059529150346,0.433420287145336,0.00969642167233978,0.43497252057525,1.00358135850109,0.0224519901885975,0.433538670322009,0.971,0.00530650544143696,1.7936898108596,"02a_cor_to_smd_GROUPS",1000
1.2,25,0.3,"cooper_g","population",1000,1000,1000,1000,0,-0.0292407914044819,0.0149954470861267,0.474197673246956,0.0106086879922699,0.471498322138858,0.994307540377382,0.0222445175489748,0.474861657497712,0.965,0.00581162627841812,1.93845880783508,"02a_cor_to_smd_GROUPS",1000
0,50,0.3,"cooper_g","population",1000,1000,1000,1000,0,0.00283012099529503,0.00919390850525632,0.290736914758041,0.00650432802713676,0.284270473078592,0.97775844293859,0.0218742833171624,0.290605291132611,0.956,0.00648567652600714,1.14300489636009,"02a_cor_to_smd_GROUPS",1000
0.2,50,0.3,"cooper_g","population",1000,1000,1000,1000,0,-0.00385198839720113,0.00912448580667993,0.288541576269874,0.00645521420315084,0.285602513264556,0.989814074479969,0.0221439903207765,0.28842299285889,0.954,0.00662449998113065,1.14821140888579,"02a_cor_to_smd_GROUPS",1000
0.5,50,0.3,"cooper_g","population",1000,1000,1000,1000,0,-0.0384327270072948,0.00911078019736659,0.288108166848368,0.00644551802456316,0.291764218935622,1.01268985925407,0.0226557643697402,0.290517441807096,0.959,0.00627048642451286,1.17255400369439,"02a_cor_to_smd_GROUPS",1000
0.8,50,0.3,"cooper_g","population",1000,1000,1000,1000,0,-0.0352500766059248,0.00913252405146171,0.288795767888878,0.00646090094462681,0.304503141433611,1.05438920957726,0.0235886567520035,0.290795736653238,0.963,0.00596917079668525,1.2229895440435,"02a_cor_to_smd_GROUPS",1000
1.2,50,0.3,"cooper_g","population",1000,1000,1000,1000,0,-0.0793817713601558,0.0101141460235582,0.319837380219788,0.00715535981394337,0.326802780953674,1.02177794455764,0.0228590818191332,0.329385973381302,0.945,0.00720936890441875,1.31092728764534,"02a_cor_to_smd_GROUPS",1000
0,100,0.3,"cooper_g","population",1000,1000,1000,1000,0,0.0106947038415632,0.0063305977248852,0.200191077609172,0.00447864846457389,0.20047869847491,1.00143673169241,0.0224040108796367,0.200376564939681,0.951,0.00682634602111555,0.795665823986352,"02a_cor_to_smd_GROUPS",1000
0.2,100,0.3,"cooper_g","population",1000,1000,1000,1000,0,-0.0240980722224305,0.00628351431050036,0.198702169314436,0.00444533880398487,0.201238913632383,1.01276656579392,0.0226574804383633,0.200059457719474,0.96,0.00619677335393187,0.798656495528504,"02a_cor_to_smd_GROUPS",1000
0.5,100,0.3,"cooper_g","population",1000,1000,1000,1000,0,-0.0373769695628519,0.00665035710924411,0.210302757187046,0.00470486563047636,0.205898657739205,0.979058289550032,0.021903363314633,0.213494871799057,0.948,0.00702111102319284,0.816940870130896,"02a_cor_to_smd_GROUPS",1000
0.8,100,0.3,"cooper_g","population",1000,1000,1000,1000,0,-0.0560109562077119,0.00641253844520724,0.202782270702497,0.00453661829573435,0.213991116681598,1.0552752759907,0.0236084797132936,0.210277806430569,0.95,0.00689202437604511,0.848836480431372,"02a_cor_to_smd_GROUPS",1000
1.2,100,0.3,"cooper_g","population",1000,1000,1000,1000,0,-0.101428565606594,0.00662827027080701,0.209604310029312,0.00468924006250435,0.228954091097136,1.09231575946658,0.0244371445390566,0.232761222580335,0.946,0.00714730718522718,0.907783813275563,"02a_cor_to_smd_GROUPS",1000
0,300,0.3,"cooper_g","population",1000,1000,1000,1000,0,-0.00150668499033527,0.00370580246992207,0.117187763636314,0.00262170923871673,0.115570316803762,0.986197818079612,0.0220630879080997,0.117138845281122,0.956,0.00648567652600714,0.454873251468748,"02a_cor_to_smd_GROUPS",1000
0.2,300,0.3,"cooper_g","population",1000,1000,1000,1000,0,-0.0193034821210758,0.00378160679819409,0.1195849069747,0.00267533781427587,0.116049938962638,0.97043968088038,0.0217105489347611,0.121073836348611,0.947,0.00708456067798138,0.456754458699019,"02a_cor_to_smd_GROUPS",1000
0.5,300,0.3,"cooper_g","population",1000,1000,1000,1000,0,-0.0426757989053391,0.00380145965833671,0.120212709535895,0.00268938293062335,0.118568009638513,0.986318419210987,0.0220657859807526,0.127506345923003,0.923,0.00843036179532053,0.466633484761091,"02a_cor_to_smd_GROUPS",1000
0.8,300,0.3,"cooper_g","population",1000,1000,1000,1000,0,-0.0616787700443873,0.00378978588210147,0.11984355231791,0.00268112419388413,0.123214170120071,1.02812514930482,0.0230010806491251,0.13473078797859,0.921,0.00852988862764339,0.484866101095452,"02a_cor_to_smd_GROUPS",1000
1.2,300,0.3,"cooper_g","population",1000,1000,1000,1000,0,-0.0939431766491636,0.00382503186992068,0.120958128316822,0.00270605934157301,0.132102237758937,1.09213196001946,0.0244330326019941,0.153106362950855,0.914,0.00886588969026797,0.519770550129453,"02a_cor_to_smd_GROUPS",1000
0,25,0.5,"cooper_g","population",1000,1000,1000,1000,0,0.0229623922214762,0.0134200049664663,0.42437781904805,0.00949412476508735,0.404175294094174,0.952394955515833,0.0213068547116581,0.424786662011901,0.958,0.00634318531969546,1.67134845591577,"02a_cor_to_smd_GROUPS",1000
0.2,25,0.5,"cooper_g","population",1000,1000,1000,1000,0,0.0184730895459754,0.0133609587071857,0.422510612381655,0.00945235186307111,0.406520167885145,0.962153744715728,0.021525177060427,0.422703155175023,0.969,0.00548078461536303,1.68045013049044,"02a_cor_to_smd_GROUPS",1000
0.5,25,0.5,"cooper_g","population",1000,1000,1000,1000,0,0.0437604550275031,0.0127549742752262,0.403347702065701,0.00902364175326858,0.41824745686456,1.03694022482972,0.0231982903596487,0.405514064882014,0.968,0.00556560868189635,1.72715733867899,"02a_cor_to_smd_GROUPS",1000
0.8,25,0.5,"cooper_g","population",1000,1000,1000,1000,0,0.0451534992356094,0.0141918049937799,0.448784278892961,0.0100401428754623,0.440436842390889,0.981399891006292,0.0219557493145085,0.450826751807958,0.972,0.0052168956286282,1.81497870042719,"02a_cor_to_smd_GROUPS",1000
1.2,25,0.5,"cooper_g","population",1000,1000,1000,1000,0,0.0495563127898725,0.0149596779184777,0.473066552849162,0.0105833827154647,0.479804625282419,1.01424339216687,0.0226905198037868,0.475419814057525,0.966,0.00573096850453743,1.97260517930709,"02a_cor_to_smd_GROUPS",1000
0,50,0.5,"cooper_g","population",1000,1000,1000,1000,0,0.0147597948056935,0.00934973552361851,0.295664597748215,0.00661456950303778,0.284381604232537,0.961838537310149,0.0215181252817969,0.29588509315266,0.951,0.00682634602111555,1.14340902908958,"02a_cor_to_smd_GROUPS",1000
0.2,50,0.5,"cooper_g","population",1000,1000,1000,1000,0,0.00910558406158257,0.00921343854496113,0.291354508840648,0.00651814476074363,0.285848242303621,0.981101145271658,0.0219490658142162,0.291351118125632,0.95,0.00689202437604511,1.14921626893805,"02a_cor_to_smd_GROUPS",1000
0.5,50,0.5,"cooper_g","population",1000,1000,1000,1000,0,0.024531167156196,0.00887328795846574,0.280598002832973,0.00627750162274373,0.293779502396577,1.04697645539355,0.02342281959013,0.281528474788439,0.97,0.00539444158370447,1.18053905770972,"02a_cor_to_smd_GROUPS",1000
0.8,50,0.5,"cooper_g","population",1000,1000,1000,1000,0,0.0120999878631231,0.00924151729106233,0.292242436755862,0.00653800936730661,0.307061470366698,1.05070801412464,0.0235063015313885,0.292346790482555,0.968,0.00556560868189635,1.23309934192168,"02a_cor_to_smd_GROUPS",1000
1.2,50,0.5,"cooper_g","population",1000,1000,1000,1000,0,0.0207030465313162,0.010101873253875,0.319449281165814,0.00714667731294012,0.334031822977523,1.04564900493277,0.0233931220429716,0.319960015517246,0.971,0.00530650544143696,1.33972050099641,"02a_cor_to_smd_GROUPS",1000
0,100,0.5,"cooper_g","population",1000,1000,1000,1000,0,0.00283607463652984,0.00627306532308084,0.198371743319555,0.00443794655707605,0.200457769512094,1.01051574260342,0.0226071253179126,0.198292815095342,0.954,0.00662449998113065,0.795580306821386,"02a_cor_to_smd_GROUPS",1000
0.2,100,0.5,"cooper_g","population",1000,1000,1000,1000,0,0.00246662085255961,0.00655047923400233,0.207144341450824,0.00463420596893474,0.201576788884372,0.973122352619157,0.0217705653141488,0.207055436140496,0.953,0.00669260786241059,0.799974575963946,"02a_cor_to_smd_GROUPS",1000
0.5,100,0.5,"cooper_g","population",1000,1000,1000,1000,0,0.0073637400882,0.00653101913314049,0.206528959028624,0.00462043871430368,0.206922078228043,1.0019034580006,0.0224144524192324,0.206556968835758,0.954,0.00662449998113065,0.820992042847503,"02a_cor_to_smd_GROUPS",1000
0.8,100,0.5,"cooper_g","population",1000,1000,1000,1000,0,0.00790345013494889,0.00656070315691035,0.207467650280938,0.00464143899156923,0.216364267894419,1.04288195100024,0.0233312178762408,0.207514451571971,0.955,0.00655553201502365,0.858149076851212,"02a_cor_to_smd_GROUPS",1000
1.2,100,0.5,"cooper_g","population",1000,1000,1000,1000,0,0.0150385735623662,0.00696640818249009,0.220297169671026,0.00492845931237402,0.23492163802595,1.06638518496067,0.0238570291358961,0.220699956540301,0.964,0.00589101010014412,0.931241052800812,"02a_cor_to_smd_GROUPS",1000
0,300,0.5,"cooper_g","population",1000,1000,1000,1000,0,0.00126089944161207,0.00351869470088215,0.111270896455525,0.00248933786417394,0.115550765627447,1.03846350940142,0.0232323690817857,0.111222394566112,0.949,0.00695693898205238,0.454796644978389,"02a_cor_to_smd_GROUPS",1000
0.2,300,0.5,"cooper_g","population",1000,1000,1000,1000,0,0.00409726619976365,0.00361363357585247,0.114273127289526,0.00255650337762029,0.116161754566693,1.01652730893048,0.0227416152893037,0.114289443358604,0.96,0.00619677335393187,0.457193084937638,"02a_cor_to_smd_GROUPS",1000
0.5,300,0.5,"cooper_g","population",1000,1000,1000,1000,0,-0.000708822462538569,0.0037053945746594,0.117174864855545,0.00262142066888948,0.119122759670853,1.01662382813677,0.0227437746042951,0.117118407751492,0.947,0.00708456067798138,0.468812178877165,"02a_cor_to_smd_GROUPS",1000
0.8,300,0.5,"cooper_g","population",1000,1000,1000,1000,0,0.0166055052660877,0.0038207694457979,0.120823338631006,0.00270304384444581,0.124858443763666,1.03339673591526,0.0231190158915979,0.121899235780734,0.964,0.00589101010014412,0.491321494266098,"02a_cor_to_smd_GROUPS",1000
1.2,300,0.5,"cooper_g","population",1000,1000,1000,1000,0,0.0064640137224292,0.00388193904198776,0.122757691106133,0.00274631892366581,0.135014940685927,1.09984913751103,0.0246056802820817,0.122866450865918,0.969,0.00548078461536303,0.531209329829665,"02a_cor_to_smd_GROUPS",1000
0,25,0.15,"mathur_2sd","population",1000,1000,1000,1000,0,-0.0380662334043122,0.0136667879349014,0.432181781727974,0.00966871399199719,0.440775653338621,1.01988485395263,0.0228167298450459,0.433639653964787,0.984,0.00396787096564392,1.82196426942434,"02a_cor_to_smd_GROUPS",1000
0.2,25,0.15,"mathur_2sd","population",1000,1000,1000,1000,0,-0.0520398739200032,0.0132314742539659,0.418415954444095,0.00936074671411032,0.441432791839714,1.05500946403012,0.0236025330030638,0.421432067479492,0.983,0.00408790900094413,1.82419034903214,"02a_cor_to_smd_GROUPS",1000
0.5,25,0.15,"mathur_2sd","population",1000,1000,1000,1000,0,-0.0891880201396674,0.014185538144687,0.448586103724102,0.0100357093266432,0.454236822705324,1.01259673211968,0.0226536809417351,0.457146328759567,0.964,0.00589101010014412,1.87410501802512,"02a_cor_to_smd_GROUPS",1000
0.8,25,0.15,"mathur_2sd","population",1000,1000,1000,1000,0,-0.164524520968994,0.0139249746381513,0.44034636216637,0.0098513709119809,0.470561204753257,1.06861608311748,0.023906938496113,0.469871611990509,0.952,0.00675988165576884,1.93834540085115,"02a_cor_to_smd_GROUPS",1000
1.2,25,0.15,"mathur_2sd","population",1000,1000,1000,1000,0,-0.253502488510323,0.0143090059584952,0.452490498817656,0.0101230579402761,0.504738935500494,1.11546858291912,0.0249551164609057,0.518465442965736,0.928,0.00817410545564467,2.07422971095689,"02a_cor_to_smd_GROUPS",1000
0,50,0.15,"mathur_2sd","population",1000,1000,1000,1000,0,0.0110450497343104,0.00960652954160894,0.303785137611775,0.00679624115307228,0.296669050309078,0.976575261849079,0.0218478133454077,0.303834029607621,0.964,0.00589101010014412,1.1926972631351,"02a_cor_to_smd_GROUPS",1000
0.2,50,0.15,"mathur_2sd","population",1000,1000,1000,1000,0,-0.0535016696889594,0.00917566187371399,0.290159905605045,0.00649141925423852,0.297371499569422,1.02485386100929,0.0229278958175287,0.294908471749142,0.97,0.00539444158370447,1.19542848127205,"02a_cor_to_smd_GROUPS",1000
0.5,50,0.15,"mathur_2sd","population",1000,1000,1000,1000,0,-0.115586138352874,0.00958436420973207,0.303084208273531,0.00678056005408429,0.304380244949553,1.00427616035624,0.0224675342043394,0.324234996024208,0.943,0.00733150734842434,1.22256368459509,"02a_cor_to_smd_GROUPS",1000
0.8,50,0.15,"mathur_2sd","population",1000,1000,1000,1000,0,-0.204120053290735,0.00968494353151695,0.306264805697083,0.00685171596141813,0.315014594281534,1.02856935704557,0.0230110184062909,0.367925711568077,0.906,0.00922843432007835,1.26434857772579,"02a_cor_to_smd_GROUPS",1000
1.2,50,0.15,"mathur_2sd","population",1000,1000,1000,1000,0,-0.283755781166908,0.0099683361746648,0.315226467941908,0.00705220509076471,0.338614169804825,1.07419333159304,0.0240317119656398,0.424011440542212,0.869,0.0106695360723885,1.35726740550871,"02a_cor_to_smd_GROUPS",1000
0,100,0.15,"mathur_2sd","population",1000,1000,1000,1000,0,-0.00644316708999308,0.006688159254881,0.211498165993586,0.00473160915910853,0.204753827177268,0.968111596690997,0.0216584653414027,0.211490560419564,0.95,0.00689202437604511,0.812606793660892,"02a_cor_to_smd_GROUPS",1000
0.2,100,0.15,"mathur_2sd","population",1000,1000,1000,1000,0,-0.0453721509468208,0.00642184725710302,0.203076641181505,0.00454320391338309,0.205516831966546,1.01201610766676,0.0226406912878225,0.207984408437049,0.951,0.00682634602111555,0.815581924213268,"02a_cor_to_smd_GROUPS",1000
0.5,100,0.15,"mathur_2sd","population",1000,1000,1000,1000,0,-0.136340525053646,0.00662838719428117,0.209608007474215,0.00468932278125553,0.209624861363206,1.00008040670389,0.0223736673553407,0.249960637005944,0.895,0.00969407035254026,0.831636122198147,"02a_cor_to_smd_GROUPS",1000
0.8,100,0.15,"mathur_2sd","population",1000,1000,1000,1000,0,-0.210911109494924,0.00659378715462092,0.208513858149629,0.00466484461643873,0.217334991673173,1.04230478300974,0.0233183055498508,0.296509775757534,0.836,0.0117091417277271,0.861856500475623,"02a_cor_to_smd_GROUPS",1000
1.2,100,0.15,"mathur_2sd","population",1000,1000,1000,1000,0,-0.32404221711473,0.00680476986485812,0.215185717262279,0.00481410657120504,0.231804288985519,1.07722897195349,0.0240996249126188,0.388924088342954,0.714,0.0142899965010493,0.918634225826468,"02a_cor_to_smd_GROUPS",1000
0,300,0.15,"mathur_2sd","population",1000,1000,1000,1000,0,-0.00547467432623596,0.00368345210204377,0.116480982945933,0.00260589723404814,0.116346326490047,0.998843961885624,0.0223460057744501,0.116551377630816,0.96,0.00619677335393187,0.457926530714309,"02a_cor_to_smd_GROUPS",1000
0.2,300,0.15,"mathur_2sd","population",1000,1000,1000,1000,0,-0.0544294683562958,0.00367882561197693,0.116334680484099,0.00260262417460973,0.116802956690227,1.00402525028804,0.0224619208772865,0.128385322957895,0.933,0.00790638982089803,0.459714976786256,"02a_cor_to_smd_GROUPS",1000
0.5,300,0.15,"mathur_2sd","population",1000,1000,1000,1000,0,-0.144446070670077,0.00373051766148121,0.117969326617656,0.00263919426296536,0.119059344346013,1.00923984021618,0.0225785809974775,0.186460485338384,0.767,0.0133682833602524,0.468552581366605,"02a_cor_to_smd_GROUPS",1000
0.8,300,0.15,"mathur_2sd","population",1000,1000,1000,1000,0,-0.225457393234469,0.00373217373804266,0.118021696356794,0.00264036587188311,0.123294712055475,1.0446783588226,0.0233714068758279,0.25445280083781,0.556,0.0157119063133663,0.485153216008923,"02a_cor_to_smd_GROUPS",1000
1.2,300,0.15,"mathur_2sd","population",1000,1000,1000,1000,0,-0.332205166929354,0.00383275005312888,0.121202198700186,0.00271151965209611,0.131669505532505,1.08636235105117,0.0243039556688179,0.353603670698353,0.294,0.0144070815920505,0.517999046082598,"02a_cor_to_smd_GROUPS",1000
0,25,0.3,"mathur_2sd","population",1000,1000,1000,1000,0,-0.0306322439556496,0.0133703958578037,0.422809041287406,0.00945902827530929,0.440134808097224,1.04097775855753,0.0232886175333004,0.423706327871958,0.982,0.00420428352992517,1.81919069159063,"02a_cor_to_smd_GROUPS",1000
0.2,25,0.3,"mathur_2sd","population",1000,1000,1000,1000,0,-0.0133639098945459,0.0134358936615711,0.424880263703842,0.00950536539085883,0.442811162399713,1.04220223961349,0.0233160114624736,0.424877993468985,0.978,0.00463853425124791,1.82936730360519,"02a_cor_to_smd_GROUPS",1000
0.5,25,0.3,"mathur_2sd","population",1000,1000,1000,1000,0,0.0176903512809357,0.014692247737766,0.464609667987968,0.0103941863993701,0.462469768348304,0.995394199072674,0.022268828134418,0.464714137909258,0.976,0.00483983470792134,1.90570719047575,"02a_cor_to_smd_GROUPS",1000
0.8,25,0.3,"mathur_2sd","population",1000,1000,1000,1000,0,0.00969897512173609,0.014174093146282,0.448224181096333,0.010027612441205,0.488448136780137,1.08974070873512,0.0243795358426933,0.448104989618918,0.983,0.00408790900094413,2.00905938274113,"02a_cor_to_smd_GROUPS",1000
1.2,25,0.3,"mathur_2sd","population",1000,1000,1000,1000,0,0.0107476347957643,0.0155076312523846,0.49039435871545,0.0109710381098224,0.543061361470076,1.10739724431697,0.0247745455350219,0.490266919225212,0.984,0.00396787096564392,2.22410864903746,"02a_cor_to_smd_GROUPS",1000
0,50,0.3,"mathur_2sd","population",1000,1000,1000,1000,0,0.00287532271800646,0.00934075046133512,0.295380465130875,0.00660821292548407,0.296395974466987,1.00343797053627,0.0224487823319031,0.295246739258004,0.964,0.00589101010014412,1.19161654146918,"02a_cor_to_smd_GROUPS",1000
0.2,50,0.3,"mathur_2sd","population",1000,1000,1000,1000,0,-0.000719179571851581,0.00927021896720683,0.293150063448673,0.00655831467233175,0.298427911901013,1.01800391373022,0.0227746496977205,0.293004334369848,0.967,0.00564898220921256,1.19946935081221,"02a_cor_to_smd_GROUPS",1000
0.5,50,0.3,"mathur_2sd","population",1000,1000,1000,1000,0,-0.0310607326928572,0.00925629445659818,0.292709731760408,0.00654846362970236,0.307772068779229,1.05145827208489,0.0235230862038215,0.294207541024359,0.968,0.00556560868189635,1.23613776303912,"02a_cor_to_smd_GROUPS",1000
0.8,50,0.3,"mathur_2sd","population",1000,1000,1000,1000,0,-0.0230357528938604,0.00927838559607972,0.29340831492911,0.00656409224049385,0.326829992634003,1.11390842046507,0.024920212711634,0.29416491419212,0.968,0.00556560868189635,1.31123600809328,"02a_cor_to_smd_GROUPS",1000
1.2,50,0.3,"mathur_2sd","population",1000,1000,1000,1000,0,-0.0614836410256019,0.0102756856979324,0.324945713254835,0.00726964276889408,0.359489864423408,1.10630745308981,0.0247501648689877,0.330551607105298,0.964,0.00589101010014412,1.43950612405513,"02a_cor_to_smd_GROUPS",1000
0,100,0.3,"mathur_2sd","population",1000,1000,1000,1000,0,0.0107774304555712,0.00637956672133286,0.201739613244245,0.00451329210018035,0.204605469655496,1.01420571976502,0.0226896770017663,0.201926535372671,0.953,0.00669260786241059,0.812018922941355,"02a_cor_to_smd_GROUPS",1000
0.2,100,0.3,"mathur_2sd","population",1000,1000,1000,1000,0,-0.0227374201559414,0.00633211910317897,0.200239187815083,0.00447972477977437,0.20575469559529,1.02754459724088,0.022988092614689,0.201426480086048,0.962,0.00604615580348373,0.816521843753243,"02a_cor_to_smd_GROUPS",1000
0.5,100,0.3,"mathur_2sd","population",1000,1000,1000,1000,0,-0.0337984471991533,0.00670179953661208,0.211929509575552,0.00474125912100567,0.212754905186296,1.00389467050812,0.0224589995636204,0.214503002181738,0.953,0.00669260786241059,0.843861305357825,"02a_cor_to_smd_GROUPS",1000
0.8,100,0.3,"mathur_2sd","population",1000,1000,1000,1000,0,-0.0502559867046985,0.00646214127672337,0.204350849962343,0.00457171034467863,0.22474845193716,1.09981657516265,0.0246049518015054,0.210340616168429,0.961,0.00612200947402077,0.891030199890044,"02a_cor_to_smd_GROUPS",1000
1.2,100,0.3,"mathur_2sd","population",1000,1000,1000,1000,0,-0.0929307992018769,0.00667954185011924,0.211225659727918,0.00472551268476565,0.246468474771077,1.166849118088,0.0261045950375301,0.230668152306439,0.958,0.00634318531969546,0.976468629929341,"02a_cor_to_smd_GROUPS",1000
0,300,0.3,"mathur_2sd","population",1000,1000,1000,1000,0,-0.00151049028462691,0.00371516187090848,0.117483733882832,0.00262833064615387,0.116350802382726,0.990356694814995,0.022156129751561,0.117434691979096,0.958,0.00634318531969546,0.457943364852878,"02a_cor_to_smd_GROUPS",1000
0.2,300,0.3,"mathur_2sd","population",1000,1000,1000,1000,0,-0.0188471137146637,0.00379115765112932,0.119886931463427,0.00268209466642358,0.117071513038084,0.976516052325507,0.021846488717732,0.121300111932158,0.947,0.00708456067798138,0.460765489304026,"02a_cor_to_smd_GROUPS",1000
0.5,300,0.3,"mathur_2sd","population",1000,1000,1000,1000,0,-0.0415207776613375,0.00381106065179624,0.12051631960722,0.00269617525521647,0.120832100120801,1.0026202303108,0.0224304879551058,0.127411279272991,0.927,0.00822623850857729,0.475498501345949,"02a_cor_to_smd_GROUPS",1000
0.8,300,0.3,"mathur_2sd","population",1000,1000,1000,1000,0,-0.0598140607124629,0.00379935739218899,0.120146230043148,0.0026878956601532,0.127677561987006,1.06268471296314,0.0237742426629529,0.134158128102257,0.926,0.00827792244467173,0.502334526698303,"02a_cor_to_smd_GROUPS",1000
1.2,300,0.3,"mathur_2sd","population",1000,1000,1000,1000,0,-0.0911497116958872,0.00383469239752487,0.121263621023104,0.00271289378422784,0.140492128652175,1.15856781668599,0.0259193268514964,0.151652335491725,0.937,0.00768316341099159,0.552636840692184,"02a_cor_to_smd_GROUPS",1000
0,25,0.5,"mathur_2sd","population",1000,1000,1000,1000,0,0.0237466951934179,0.0138783783657687,0.438872858654344,0.00981840588516504,0.441146757767661,1.00518122519649,0.022487782195936,0.439295666049622,0.978,0.00463853425124791,1.82331866580414,"02a_cor_to_smd_GROUPS",1000
0.2,25,0.5,"mathur_2sd","population",1000,1000,1000,1000,0,0.0259352516659979,0.0138173153237335,0.436941875717446,0.00977520618881126,0.444797559475762,1.01797878435299,0.0227740875065974,0.437492767747883,0.984,0.00396787096564392,1.83719187170587,"02a_cor_to_smd_GROUPS",1000
0.5,25,0.5,"mathur_2sd","population",1000,1000,1000,1000,0,0.062333125365552,0.013190632900626,0.417124437451317,0.00933185306577316,0.462927335663573,1.10980631701206,0.0248284409925806,0.421549785957241,0.988,0.00344325427466518,1.90855880167797,"02a_cor_to_smd_GROUPS",1000
0.8,25,0.5,"mathur_2sd","population",1000,1000,1000,1000,0,0.0740205438712064,0.0146765399781178,0.464112945013701,0.0103830737783053,0.496709640886214,1.07023440354923,0.0239431433480145,0.469749364894249,0.987,0.00358203852575597,2.04087561571298,"02a_cor_to_smd_GROUPS",1000
1.2,25,0.5,"mathur_2sd","population",1000,1000,1000,1000,0,0.0922361311762618,0.0154706403538192,0.489224603793819,0.0109448685065301,0.555301831800389,1.13506521849914,0.0253935298152843,0.497603131158383,0.983,0.00408790900094413,2.27450718264895,"02a_cor_to_smd_GROUPS",1000
0,50,0.5,"mathur_2sd","population",1000,1000,1000,1000,0,0.0149955331904458,0.00949906629543582,0.300386851385151,0.00672021514046064,0.296565665615379,0.987279117737173,0.0220872786018554,0.300610868466636,0.958,0.00634318531969546,1.19220750321455,"02a_cor_to_smd_GROUPS",1000
0.2,50,0.5,"mathur_2sd","population",1000,1000,1000,1000,0,0.0124453467939449,0.00936059242814154,0.296007923214533,0.00662225033522539,0.298802278310332,1.00944013614721,0.022583061991709,0.296121523317702,0.962,0.00604615580348373,1.20100640926332,"02a_cor_to_smd_GROUPS",1000
0.5,50,0.5,"mathur_2sd","population",1000,1000,1000,1000,0,0.0329087992117553,0.00901500907304141,0.285079617978941,0.0063777637274889,0.310809467809217,1.09025496109714,0.0243910406289158,0.286831147653095,0.979,0.00453420334788814,1.24810588212612,"02a_cor_to_smd_GROUPS",1000
0.8,50,0.5,"mathur_2sd","population",1000,1000,1000,1000,0,0.0250705705789743,0.00938911963835346,0.296910032810134,0.00664243221247719,0.330619126210907,1.11353302238301,0.0249118143551044,0.297818645361379,0.975,0.00493710441453288,1.32614096692967,"02a_cor_to_smd_GROUPS",1000
1.2,50,0.5,"mathur_2sd","population",1000,1000,1000,1000,0,0.0401996972801827,0.0102632169117775,0.324551415615764,0.00726082159396013,0.369917994060015,1.13978240815304,0.0254990621619446,0.326870468868383,0.985,0.00384382621875652,1.48102417437986,"02a_cor_to_smd_GROUPS",1000
0,100,0.5,"mathur_2sd","population",1000,1000,1000,1000,0,0.00285801249055832,0.00632158928983272,0.199906205879977,0.00447227535170693,0.204573801493248,1.02334892802714,0.02289422765474,0.199826667123221,0.955,0.00655553201502365,0.811887978762501,"02a_cor_to_smd_GROUPS",1000
0.2,100,0.5,"mathur_2sd","population",1000,1000,1000,1000,0,0.00403275846991673,0.0066011490772431,0.20874666258407,0.00467005288663391,0.206264799007392,0.988110643083082,0.0221058813775545,0.208681233252356,0.962,0.00604615580348373,0.818496574719662,"02a_cor_to_smd_GROUPS",1000
0.5,100,0.5,"mathur_2sd","population",1000,1000,1000,1000,0,0.0112883447251973,0.0065815384468971,0.20812652000162,0.00465617913832366,0.214282691860105,1.0295789881003,0.0230336057394882,0.208328486785393,0.96,0.00619677335393187,0.849904594954599,"02a_cor_to_smd_GROUPS",1000
0.8,100,0.5,"mathur_2sd","population",1000,1000,1000,1000,0,0.0141528159766911,0.00661145208513904,0.209072472301088,0.00467734185878139,0.228230126761391,1.09163164451757,0.0244218396093737,0.209446627032963,0.969,0.00548078461536303,0.90464868828389,"02a_cor_to_smd_GROUPS",1000
1.2,100,0.5,"mathur_2sd","population",1000,1000,1000,1000,0,0.0244372468280286,0.00702029535592401,0.222001231718223,0.00496658236442191,0.254993056707412,1.14861099974014,0.0256965742520344,0.223231810838101,0.975,0.00493710441453288,1.00992144946582,"02a_cor_to_smd_GROUPS",1000
0,300,0.5,"mathur_2sd","population",1000,1000,1000,1000,0,0.00126408397817962,0.00352758154116077,0.11155192302035,0.00249562495352923,0.116321392349996,1.04275559937031,0.0233283911541904,0.111503298634222,0.951,0.00682634602111555,0.457828377225334,"02a_cor_to_smd_GROUPS",1000
0.2,300,0.5,"mathur_2sd","population",1000,1000,1000,1000,0,0.00461273570200977,0.00362276019442668,0.114561736309827,0.00256296010067244,0.117239324516243,1.02337244784047,0.022894753836911,0.114597313954354,0.963,0.00596917079668525,0.461422758114308,"02a_cor_to_smd_GROUPS",1000
0.5,300,0.5,"mathur_2sd","population",1000,1000,1000,1000,0,0.00055219087464748,0.00371475294546265,0.117470802524812,0.00262804134751262,0.121655569646177,1.0356238914813,0.0231688415230663,0.117413350906699,0.951,0.00682634602111555,0.478729893418644,"02a_cor_to_smd_GROUPS",1000
0.8,300,0.5,"mathur_2sd","population",1000,1000,1000,1000,0,0.01866792991865,0.00383041920819352,0.121128490911502,0.00270987067113972,0.130074070810212,1.07385198834224,0.0240240754793172,0.122498697163011,0.972,0.0052168956286282,0.511736618446508,"02a_cor_to_smd_GROUPS",1000
1.2,300,0.5,"mathur_2sd","population",1000,1000,1000,1000,0,0.00951106778743889,0.00389174329474911,0.123067728800952,0.00275325504620655,0.144624534340235,1.17516213022952,0.0262905726520584,0.123373338354807,0.978,0.00463853425124791,0.568861252870219,"02a_cor_to_smd_GROUPS",1000
0,25,0.15,"mathur_raw_1unit","population",1000,1000,1000,1000,0,-0.0190331167021561,0.0068333939674507,0.216090890863987,0.00483435699599859,0.22038782666931,1.01988485395263,0.0228167298450459,0.216819826982394,0.984,0.00396787096564392,0.91098213471217,"02a_cor_to_smd_GROUPS",1000
0.2,25,0.15,"mathur_raw_1unit","population",1000,1000,1000,1000,0,-0.126019936960002,0.00661573712698295,0.209207977222047,0.00468037335705516,0.220716395919857,1.05500946403012,0.0236025330030638,0.244141832275852,0.952,0.00675988165576884,0.91209517451607,"02a_cor_to_smd_GROUPS",1000
0.5,25,0.15,"mathur_raw_1unit","population",1000,1000,1000,1000,0,-0.294594010069834,0.00709276907234352,0.224293051862051,0.00501785466332162,0.227118411352662,1.01259673211968,0.0226536809417351,0.370192782897647,0.753,0.0136378517369856,0.937052509012558,"02a_cor_to_smd_GROUPS",1000
0.8,25,0.15,"mathur_raw_1unit","population",1000,1000,1000,1000,0,-0.482262260484497,0.00696248731907563,0.220173181083185,0.00492568545599045,0.235280602376629,1.06861608311748,0.023906938496113,0.530098709040343,0.456,0.0157500476189756,0.969172700425573,"02a_cor_to_smd_GROUPS",1000
1.2,25,0.15,"mathur_raw_1unit","population",1000,1000,1000,1000,0,-0.726751244255161,0.0071545029792476,0.226245249408828,0.00506152897013807,0.252369467750247,1.11546858291912,0.0249551164609057,0.761119633824807,0.221,0.0131209374665075,1.03711485547845,"02a_cor_to_smd_GROUPS",1000
0,50,0.15,"mathur_raw_1unit","population",1000,1000,1000,1000,0,0.0055225248671552,0.00480326477080447,0.151892568805888,0.00339812057653614,0.148334525154539,0.976575261849079,0.0218478133454077,0.151917014803811,0.964,0.00589101010014412,0.596348631567551,"02a_cor_to_smd_GROUPS",1000
0.2,50,0.15,"mathur_raw_1unit","population",1000,1000,1000,1000,0,-0.12675083484448,0.00458783093685699,0.145079952802522,0.00324570962711926,0.148685749784711,1.02485386100929,0.0229278958175287,0.192595219686911,0.871,0.0105999528300837,0.597714240636026,"02a_cor_to_smd_GROUPS",1000
0.5,50,0.15,"mathur_raw_1unit","population",1000,1000,1000,1000,0,-0.307793069176437,0.00479218210486604,0.151542104136765,0.00339028002704215,0.152190122474776,1.00427616035624,0.0224675342043394,0.343043171845648,0.468,0.0157789733506334,0.611281842297544,"02a_cor_to_smd_GROUPS",1000
0.8,50,0.15,"mathur_raw_1unit","population",1000,1000,1000,1000,0,-0.502060026645368,0.00484247176575847,0.153132402848541,0.00342585798070906,0.157507297140767,1.02856935704557,0.0230110184062909,0.524871749691783,0.133,0.0107382959542006,0.632174288862897,"02a_cor_to_smd_GROUPS",1000
1.2,50,0.15,"mathur_raw_1unit","population",1000,1000,1000,1000,0,-0.741877890583454,0.0049841680873324,0.157613233970954,0.00352610254538235,0.169307084902412,1.07419333159304,0.0240317119656398,0.758419339236425,0.021,0.00453420334788814,0.678633702754355,"02a_cor_to_smd_GROUPS",1000
0,100,0.15,"mathur_raw_1unit","population",1000,1000,1000,1000,0,-0.00322158354499654,0.0033440796274405,0.105749082996793,0.00236580457955427,0.102376913588634,0.968111596690997,0.0216584653414027,0.105745280209782,0.95,0.00689202437604511,0.406303396830446,"02a_cor_to_smd_GROUPS",1000
0.2,100,0.15,"mathur_raw_1unit","population",1000,1000,1000,1000,0,-0.12268607547341,0.00321092362855151,0.101538320590752,0.00227160195669154,0.102758415983273,1.01201610766676,0.0226406912878225,0.15922183780157,0.787,0.0129472390879291,0.407790962106634,"02a_cor_to_smd_GROUPS",1000
0.5,100,0.15,"mathur_raw_1unit","population",1000,1000,1000,1000,0,-0.318170262526823,0.00331419359714059,0.104804003737108,0.00234466139062777,0.104812430681603,1.00008040670389,0.0223736673553407,0.334970463289699,0.159,0.0115636931816786,0.415818061099073,"02a_cor_to_smd_GROUPS",1000
0.8,100,0.15,"mathur_raw_1unit","population",1000,1000,1000,1000,0,-0.505455554747462,0.00329689357731046,0.104256929074815,0.00233242230821937,0.108667495836586,1.04230478300974,0.0233183055498508,0.516085221235714,0.006,0.00244213021765835,0.430928250237811,"02a_cor_to_smd_GROUPS",1000
1.2,100,0.15,"mathur_raw_1unit","population",1000,1000,1000,1000,0,-0.762021108557365,0.00340238493242906,0.107592858631139,0.00240705328560252,0.115902144492759,1.07722897195349,0.0240996249126188,0.76957183998129,0,0,0.459317112913234,"02a_cor_to_smd_GROUPS",1000
0,300,0.15,"mathur_raw_1unit","population",1000,1000,1000,1000,0,-0.00273733716311798,0.00184172605102189,0.0582404914729664,0.00130294861702407,0.0581731632450236,0.998843961885624,0.0223460057744501,0.0582756888154078,0.96,0.00619677335393187,0.228963265357154,"02a_cor_to_smd_GROUPS",1000
0.2,300,0.15,"mathur_raw_1unit","population",1000,1000,1000,1000,0,-0.127214734178148,0.00183941280598847,0.0581673402420496,0.00130131208730487,0.0584014783451136,1.00402525028804,0.0224619208772865,0.139870099104063,0.421,0.0156127832240123,0.229857488393128,"02a_cor_to_smd_GROUPS",1000
0.5,300,0.15,"mathur_raw_1unit","population",1000,1000,1000,1000,0,-0.322223035335039,0.0018652588307406,0.058984663308828,0.00131959713148268,0.0595296721730067,1.00923984021618,0.0225785809974775,0.327571970436537,0,0,0.234276290683303,"02a_cor_to_smd_GROUPS",1000
0.8,300,0.15,"mathur_raw_1unit","population",1000,1000,1000,1000,0,-0.512728696617235,0.00186608686902133,0.0590108481783971,0.00132018293594156,0.0616473560277375,1.0446783588226,0.0233714068758279,0.516109982714285,0,0,0.242576608004462,"02a_cor_to_smd_GROUPS",1000
1.2,300,0.15,"mathur_raw_1unit","population",1000,1000,1000,1000,0,-0.766102583464677,0.00191637502656444,0.0606010993500932,0.00135575982604806,0.0658347527662527,1.08636235105117,0.0243039556688179,0.76849332407019,0,0,0.258999523041299,"02a_cor_to_smd_GROUPS",1000
0,25,0.3,"mathur_raw_1unit","population",1000,1000,1000,1000,0,-0.0153161219778248,0.00668519792890187,0.211404520643703,0.00472951413765465,0.220067404048612,1.04097775855753,0.0232886175333004,0.211853163935979,0.982,0.00420428352992517,0.909595345795314,"02a_cor_to_smd_GROUPS",1000
0.2,25,0.3,"mathur_raw_1unit","population",1000,1000,1000,1000,0,-0.106681954947273,0.00671794683078554,0.212440131851921,0.00475268269542941,0.221405581199856,1.04220223961349,0.0233160114624736,0.237627267633604,0.956,0.00648567652600714,0.914683651802597,"02a_cor_to_smd_GROUPS",1000
0.5,25,0.3,"mathur_raw_1unit","population",1000,1000,1000,1000,0,-0.241154824359532,0.00734612386888299,0.232304833993984,0.00519709319968503,0.231234884174152,0.995394199072674,0.022268828134418,0.334764424144729,0.812,0.0123554036761249,0.952853595237877,"02a_cor_to_smd_GROUPS",1000
0.8,25,0.3,"mathur_raw_1unit","population",1000,1000,1000,1000,0,-0.395150512439132,0.00708704657314099,0.224112090548166,0.00501380622060252,0.244224068390068,1.08974070873512,0.0243795358426933,0.454224537405949,0.621,0.0153414145371279,1.00452969137057,"02a_cor_to_smd_GROUPS",1000
1.2,25,0.3,"mathur_raw_1unit","population",1000,1000,1000,1000,0,-0.594626182602118,0.00775381562619232,0.245197179357725,0.00548551905491121,0.271530680735038,1.10739724431697,0.0247745455350219,0.643149929755253,0.415,0.0155812387184075,1.11205432451873,"02a_cor_to_smd_GROUPS",1000
0,50,0.3,"mathur_raw_1unit","population",1000,1000,1000,1000,0,0.00143766135900323,0.00467037523066756,0.147690232565438,0.00330410646274203,0.148197987233493,1.00343797053627,0.0224487823319031,0.147623369629002,0.964,0.00589101010014412,0.595808270734591,"02a_cor_to_smd_GROUPS",1000
0.2,50,0.3,"mathur_raw_1unit","population",1000,1000,1000,1000,0,-0.100359589785926,0.00463510948360342,0.146575031724337,0.00327915733616588,0.149213955950506,1.01800391373022,0.0227746496977205,0.177580412622183,0.898,0.00957057991973318,0.599734675406103,"02a_cor_to_smd_GROUPS",1000
0.5,50,0.3,"mathur_raw_1unit","population",1000,1000,1000,1000,0,-0.265530366346429,0.00462814722829909,0.146354865880204,0.00327423181485118,0.153886034389615,1.05145827208489,0.0235230862038215,0.303157883737359,0.604,0.0154655746740947,0.61806888151956,"02a_cor_to_smd_GROUPS",1000
0.8,50,0.3,"mathur_raw_1unit","population",1000,1000,1000,1000,0,-0.41151787644693,0.00463919279803986,0.146704157464555,0.00328204612024692,0.163414996317001,1.11390842046507,0.024920212711634,0.436861019482121,0.294,0.0144070815920505,0.655618004046638,"02a_cor_to_smd_GROUPS",1000
1.2,50,0.3,"mathur_raw_1unit","population",1000,1000,1000,1000,0,-0.630741820512801,0.00513784284896622,0.162472856627417,0.00363482138444704,0.179744932211704,1.10630745308981,0.0247501648689877,0.651311197397477,0.084,0.00877177291087725,0.719753062027567,"02a_cor_to_smd_GROUPS",1000
0,100,0.3,"mathur_raw_1unit","population",1000,1000,1000,1000,0,0.00538871522778559,0.00318978336066643,0.100869806622123,0.00225664605009018,0.102302734827748,1.01420571976502,0.0226896770017663,0.100963267686335,0.953,0.00669260786241059,0.406009461470677,"02a_cor_to_smd_GROUPS",1000
0.2,100,0.3,"mathur_raw_1unit","population",1000,1000,1000,1000,0,-0.111368710077971,0.00316605955158948,0.100119593907541,0.00223986238988718,0.102877347797645,1.02754459724088,0.022988092614689,0.149722739540652,0.813,0.0123300851578568,0.408260921876621,"02a_cor_to_smd_GROUPS",1000
0.5,100,0.3,"mathur_raw_1unit","population",1000,1000,1000,1000,0,-0.266899223599577,0.00335089976830604,0.105964754787776,0.00237062956050284,0.106377452593148,1.00389467050812,0.0224589995636204,0.287145427067946,0.284,0.0142598737722323,0.421930652678912,"02a_cor_to_smd_GROUPS",1000
0.8,100,0.3,"mathur_raw_1unit","population",1000,1000,1000,1000,0,-0.425127993352349,0.00323107063836168,0.102175424981171,0.00228585517233931,0.11237422596858,1.09981657516265,0.0246049518015054,0.437222127052609,0.038,0.00604615580348373,0.445515099945022,"02a_cor_to_smd_GROUPS",1000
1.2,100,0.3,"mathur_raw_1unit","population",1000,1000,1000,1000,0,-0.646465399600938,0.00333977092505962,0.105612829863959,0.00236275634238282,0.123234237385538,1.166849118088,0.0261045950375301,0.655027044207522,0.002,0.00141279864099595,0.48823431496467,"02a_cor_to_smd_GROUPS",1000
0,300,0.3,"mathur_raw_1unit","population",1000,1000,1000,1000,0,-0.000755245142313456,0.00185758093545424,0.0587418669414162,0.00131416532307693,0.0581754011913631,0.990356694814995,0.022156129751561,0.0587173459895478,0.958,0.00634318531969546,0.228971682426439,"02a_cor_to_smd_GROUPS",1000
0.2,300,0.3,"mathur_raw_1unit","population",1000,1000,1000,1000,0,-0.109423556857332,0.00189557882556466,0.0599434657317133,0.00134104733321179,0.058535756519042,0.976516052325507,0.021846488717732,0.124752317253648,0.54,0.0157607106438764,0.230382744652013,"02a_cor_to_smd_GROUPS",1000
0.5,300,0.3,"mathur_raw_1unit","population",1000,1000,1000,1000,0,-0.270760388830669,0.00190553032589812,0.0602581598036099,0.00134808762760824,0.0604160500604004,1.0026202303108,0.0224304879551058,0.277378086619743,0.009,0.00298646948753876,0.237749250672975,"02a_cor_to_smd_GROUPS",1000
0.8,300,0.3,"mathur_raw_1unit","population",1000,1000,1000,1000,0,-0.429907030356231,0.00189967869609449,0.0600731150215741,0.0013439478300766,0.0638387809935031,1.06268471296314,0.0237742426629529,0.434079745114836,0.001,0.000999499874937461,0.251167263349151,"02a_cor_to_smd_GROUPS",1000
1.2,300,0.3,"mathur_raw_1unit","population",1000,1000,1000,1000,0,-0.645574855847944,0.00191734619876244,0.0606318105115521,0.00135644689211392,0.0702460643260874,1.15856781668599,0.0259193268514964,0.648413012463936,0,0,0.276318420346092,"02a_cor_to_smd_GROUPS",1000
0,25,0.5,"mathur_raw_1unit","population",1000,1000,1000,1000,0,0.011873347596709,0.00693918918288433,0.219436429327172,0.00490920294258252,0.22057337888383,1.00518122519649,0.022487782195936,0.219647833024811,0.978,0.00463853425124791,0.911659332902072,"02a_cor_to_smd_GROUPS",1000
0.2,25,0.5,"mathur_raw_1unit","population",1000,1000,1000,1000,0,-0.0870323741670011,0.00690865766186674,0.218470937858723,0.00488760309440563,0.222398779737881,1.01797878435299,0.0227740875065974,0.23506691662445,0.965,0.00581162627841812,0.918595935852935,"02a_cor_to_smd_GROUPS",1000
0.5,25,0.5,"mathur_raw_1unit","population",1000,1000,1000,1000,0,-0.218833437317224,0.00659531645031301,0.208562218725658,0.00466592653288658,0.231463667831786,1.10980631701206,0.0248284409925806,0.302229671224982,0.875,0.0104582503316759,0.954279400838984,"02a_cor_to_smd_GROUPS",1000
0.8,25,0.5,"mathur_raw_1unit","population",1000,1000,1000,1000,0,-0.362989728064397,0.00733826998905891,0.23205647250685,0.00519153688915265,0.248354820443107,1.07023440354923,0.0239431433480145,0.430764319444119,0.67,0.0148694317309035,1.02043780785649,"02a_cor_to_smd_GROUPS",1000
1.2,25,0.5,"mathur_raw_1unit","population",1000,1000,1000,1000,0,-0.553881934411869,0.00773532017690961,0.24461230189691,0.00547243425326506,0.277650915900194,1.13506521849914,0.0253935298152843,0.6054424335384,0.496,0.0158108823283206,1.13725359132447,"02a_cor_to_smd_GROUPS",1000
0,50,0.5,"mathur_raw_1unit","population",1000,1000,1000,1000,0,0.00749776659522291,0.00474953314771791,0.150193425692575,0.00336010757023032,0.14828283280769,0.987279117737173,0.0220872786018554,0.150305434233318,0.958,0.00634318531969546,0.596103751607274,"02a_cor_to_smd_GROUPS",1000
0.2,50,0.5,"mathur_raw_1unit","population",1000,1000,1000,1000,0,-0.0937773266030276,0.00468029621407077,0.148003961607266,0.0033111251676127,0.149401139155166,1.00944013614721,0.022583061991709,0.175149805776668,0.912,0.00895857131466843,0.600503204631658,"02a_cor_to_smd_GROUPS",1000
0.5,50,0.5,"mathur_raw_1unit","population",1000,1000,1000,1000,0,-0.233545600394122,0.00450750453652071,0.14253980898947,0.00318888186374445,0.155404733904609,1.09025496109714,0.0243910406289158,0.273570515613542,0.672,0.0148464137083674,0.624052941063062,"02a_cor_to_smd_GROUPS",1000
0.8,50,0.5,"mathur_raw_1unit","population",1000,1000,1000,1000,0,-0.387464714710513,0.00469455981917673,0.148455016405067,0.0033212161062386,0.165309563105453,1.11353302238301,0.0249118143551044,0.41490451690676,0.363,0.0152062815967613,0.663070483464834,"02a_cor_to_smd_GROUPS",1000
1.2,50,0.5,"mathur_raw_1unit","population",1000,1000,1000,1000,0,-0.579900151359909,0.00513160845588877,0.162275707807882,0.00363041079698006,0.184958997030007,1.13978240815304,0.0254990621619446,0.602155509388106,0.135,0.0108062481925967,0.740512087189932,"02a_cor_to_smd_GROUPS",1000
0,100,0.5,"mathur_raw_1unit","population",1000,1000,1000,1000,0,0.00142900624527916,0.00316079464491636,0.0999531029399886,0.00223613767585347,0.102286900746624,1.02334892802714,0.02289422765474,0.0999133335616106,0.955,0.00655553201502365,0.405943989381251,"02a_cor_to_smd_GROUPS",1000
0.2,100,0.5,"mathur_raw_1unit","population",1000,1000,1000,1000,0,-0.0979836207650416,0.00330057453862155,0.104373331292035,0.00233502644331695,0.103132399503696,0.988110643083082,0.0221058813775545,0.143121236827172,0.831,0.0118506961820815,0.409248287359831,"02a_cor_to_smd_GROUPS",1000
0.5,100,0.5,"mathur_raw_1unit","population",1000,1000,1000,1000,0,-0.244355827637401,0.00329076922344855,0.10406326000081,0.00232808956916183,0.107141345930053,1.0295789881003,0.0230336057394882,0.265571277476073,0.383,0.0153724103510152,0.4249522974773,"02a_cor_to_smd_GROUPS",1000
0.8,100,0.5,"mathur_raw_1unit","population",1000,1000,1000,1000,0,-0.392923592011654,0.00330572604256952,0.104536236150544,0.0023386709293907,0.114115063380696,1.09163164451757,0.0244218396093737,0.406578216341204,0.086,0.00886588969026798,0.452324344141945,"02a_cor_to_smd_GROUPS",1000
1.2,100,0.5,"mathur_raw_1unit","population",1000,1000,1000,1000,0,-0.587781376585986,0.00351014767796201,0.111000615859112,0.00248329118221095,0.127496528353706,1.14861099974014,0.0256965742520344,0.598160314836831,0.009,0.00298646948753876,0.50496072473291,"02a_cor_to_smd_GROUPS",1000
0,300,0.5,"mathur_raw_1unit","population",1000,1000,1000,1000,0,0.000632041989089811,0.00176379077058039,0.0557759615101752,0.00124781247676462,0.0581606961749982,1.04275559937031,0.0233283911541904,0.0557516493171111,0.951,0.00682634602111555,0.228914188612667,"02a_cor_to_smd_GROUPS",1000
0.2,300,0.5,"mathur_raw_1unit","population",1000,1000,1000,1000,0,-0.0976936321489951,0.00181138009721334,0.0572808681549137,0.00128148005033622,0.0586196622581213,1.02337244784047,0.022894753836911,0.113233663374401,0.626,0.0153011110707687,0.230711379057154,"02a_cor_to_smd_GROUPS",1000
0.5,300,0.5,"mathur_raw_1unit","population",1000,1000,1000,1000,0,-0.249723904562676,0.00185737647273132,0.058735401262406,0.00131402067375631,0.0608277848230887,1.0356238914813,0.0231688415230663,0.256531530272836,0.018,0.00420428352992516,0.239364946709322,"02a_cor_to_smd_GROUPS",1000
0.8,300,0.5,"mathur_raw_1unit","population",1000,1000,1000,1000,0,-0.390666035040675,0.00191520960409676,0.060564245455751,0.00135493533556986,0.0650370354051059,1.07385198834224,0.0240240754793172,0.395328105166074,0,0,0.255868309223254,"02a_cor_to_smd_GROUPS",1000
1.2,300,0.5,"mathur_raw_1unit","population",1000,1000,1000,1000,0,-0.595244466106281,0.00194587164737456,0.061533864400476,0.00137662752310327,0.0723122671701176,1.17516213022952,0.0262905726520584,0.598413406001018,0,0,0.284430626435109,"02a_cor_to_smd_GROUPS",1000
0,25,0.15,"metafor_rtod_np","population",1000,1000,1000,1000,0,-0.0313714512439312,0.0114479103760772,0.362014712378787,0.00809894554298622,0.349001779543199,0.964054132634332,0.0215676922890545,0.363191086454318,0.945,0.00720936890441875,1.44359208903021,"02a_cor_to_smd_GROUPS",1000
0.2,25,0.15,"metafor_rtod_np","population",1000,1000,1000,1000,0,-0.07654252352663,0.0110068599465036,0.348067473174305,0.007786919741466,0.348807695900259,1.00212666446308,0.0224194459648609,0.356214223219524,0.949,0.00695693898205238,1.4426851995944,"02a_cor_to_smd_GROUPS",1000
0.5,25,0.15,"metafor_rtod_np","population",1000,1000,1000,1000,0,-0.160702471551486,0.011413280204297,0.360919610192905,0.00807444606088178,0.344115564496636,0.953441028911432,0.0213302573281132,0.394915163572549,0.926,0.00827792244467173,1.42259151161502,"02a_cor_to_smd_GROUPS",1000
0.8,25,0.15,"metafor_rtod_np","population",1000,1000,1000,1000,0,-0.281887604216532,0.0107124755054929,0.338758219761211,0.00757865434820867,0.338042644962526,0.997887653326348,0.0223246113651097,0.440571215282235,0.908,0.00913980306133562,1.39664305175034,"02a_cor_to_smd_GROUPS",1000
1.2,25,0.15,"metafor_rtod_np","population",1000,1000,1000,1000,0,-0.450226678632655,0.0101275142954796,0.320260122096311,0.00716481733961739,0.325132463940933,1.01521370132731,0.0227122274327356,0.552420167455833,0.795,0.0127661662216971,1.34163767019196,"02a_cor_to_smd_GROUPS",1000
0,50,0.15,"metafor_rtod_np","population",1000,1000,1000,1000,0,0.00960448148485031,0.0083693049126707,0.26466065956476,0.00592095347479421,0.251445849210418,0.950068852786529,0.021254815447264,0.264702598251558,0.935,0.0077958322198467,1.01107487035852,"02a_cor_to_smd_GROUPS",1000
0.2,50,0.15,"metafor_rtod_np","population",1000,1000,1000,1000,0,-0.0725124959606108,0.00796797037928235,0.25196934727288,0.00563702510501728,0.251172773382334,0.996838607953041,0.0223011422599601,0.262074656316847,0.946,0.00714730718522718,1.00995753704407,"02a_cor_to_smd_GROUPS",1000
0.5,50,0.15,"metafor_rtod_np","population",1000,1000,1000,1000,0,-0.168940987030862,0.0080355004828899,0.254104836653149,0.00568479999263106,0.248453040594737,0.977758014633436,0.0218742737351758,0.305034024071865,0.899,0.00952885092757778,0.998795029238925,"02a_cor_to_smd_GROUPS",1000
0.8,50,0.15,"metafor_rtod_np","population",1000,1000,1000,1000,0,-0.293145912289441,0.00783083145387712,0.247632633671395,0.00554000471857177,0.244215835928162,0.986202150772393,0.0220631848385329,0.383660168938321,0.793,0.0128121426779442,0.981517445590928,"02a_cor_to_smd_GROUPS",1000
1.2,50,0.15,"metafor_rtod_np","population",1000,1000,1000,1000,0,-0.44372057632313,0.00740256007048473,0.234089503389483,0.00523701958872985,0.234677610233679,1.0025123161683,0.0224280737140998,0.501628395880923,0.576,0.0156276677722557,0.942578835555291,"02a_cor_to_smd_GROUPS",1000
0,100,0.15,"metafor_rtod_np","population",1000,1000,1000,1000,0,-0.0057398074730038,0.00600079504456797,0.189761801126864,0.00424532606248715,0.181217116517754,0.954971524519848,0.0213644973746155,0.189753727277152,0.94,0.00750999334220744,0.7192285770128,"02a_cor_to_smd_GROUPS",1000
0.2,100,0.15,"metafor_rtod_np","population",1000,1000,1000,1000,0,-0.0615142749586536,0.00573094644275328,0.181228439075401,0.00405441880874805,0.180890789957846,0.99813688668689,0.0223301871810794,0.191297959754582,0.939,0.00756828910652864,0.717921614968346,"02a_cor_to_smd_GROUPS",1000
0.5,100,0.15,"metafor_rtod_np","population",1000,1000,1000,1000,0,-0.176875463352945,0.00577451480137187,0.182606191546899,0.00408524170587577,0.179122687766651,0.98092340817834,0.0219450895033357,0.254158623120268,0.84,0.0115931013969516,0.710845439071717,"02a_cor_to_smd_GROUPS",1000
0.8,100,0.15,"metafor_rtod_np","population",1000,1000,1000,1000,0,-0.283944635882067,0.00549804545746977,0.173863463247469,0.00388965053796732,0.175762933381048,1.01092506785555,0.02261628268863,0.332900633214705,0.663,0.0149476085043729,0.697410213377906,"02a_cor_to_smd_GROUPS",1000
1.2,100,0.15,"metafor_rtod_np","population",1000,1000,1000,1000,0,-0.453449352230468,0.00521421081904355,0.164887823884697,0.00368884871437593,0.169382715691213,1.02726030158334,0.0229817323896213,0.482469814091199,0.209,0.0128576436410409,0.671883515390792,"02a_cor_to_smd_GROUPS",1000
0,300,0.15,"metafor_rtod_np","population",1000,1000,1000,1000,0,-0.00497451042122767,0.0033479012297322,0.105869932672324,0.00236850821260437,0.105274447940884,0.99437531774689,0.0222460338553732,0.105933847071317,0.957,0.00641490451994416,0.41435053939674,"02a_cor_to_smd_GROUPS",1000
0.2,300,0.15,"metafor_rtod_np","population",1000,1000,1000,1000,0,-0.0679197363560342,0.0033286061595029,0.105259768976949,0.00235485771064362,0.105075180903522,0.998246356844399,0.0223326362330486,0.125226314857496,0.906,0.00922843432007835,0.413564337329406,"02a_cor_to_smd_GROUPS",1000
0.5,300,0.15,"metafor_rtod_np","population",1000,1000,1000,1000,0,-0.179807307664012,0.00330000432021278,0.10435529940268,0.00233462303625937,0.10408519652074,0.997411699420288,0.0223139633869079,0.207869686039813,0.597,0.0155109960995418,0.409657945798334,"02a_cor_to_smd_GROUPS",1000
0.8,300,0.15,"metafor_rtod_np","population",1000,1000,1000,1000,0,-0.289780391009972,0.00316596124990412,0.100116485335306,0.00223979284531788,0.102204713168233,1.02085798183919,0.0228385005341648,0.306571300579736,0.176,0.0120425910833176,0.402238553877962,"02a_cor_to_smd_GROUPS",1000
1.2,300,0.15,"metafor_rtod_np","population",1000,1000,1000,1000,0,-0.450630247337177,0.00299511984928091,0.0947140058890791,0.00211892928553441,0.0984277729918005,1.03921032658117,0.0232490767775298,0.46046649387747,0,0,0.38733601627981,"02a_cor_to_smd_GROUPS",1000
0,25,0.3,"metafor_rtod_np","population",1000,1000,1000,1000,0,-0.0234951338276557,0.0102382429273539,0.323761668885482,0.00724315348395631,0.319883108876384,0.988020323645942,0.0221038607629831,0.324451564851909,0.957,0.00641490451994416,1.32339430541901,"02a_cor_to_smd_GROUPS",1000
0.2,25,0.3,"metafor_rtod_np","population",1000,1000,1000,1000,0,-0.0570625970135726,0.010195919606288,0.322423287958374,0.0072132114018426,0.319479741449631,0.990870552411452,0.0221676257061404,0.327275052240778,0.954,0.00662449998113065,1.32167938255324,"02a_cor_to_smd_GROUPS",1000
0.5,25,0.3,"metafor_rtod_np","population",1000,1000,1000,1000,0,-0.110063748188453,0.010716169813218,0.3388750440291,0.00758126792536831,0.316411927812414,0.933712686689445,0.0208888974500592,0.356139702694813,0.928,0.00817410545564467,1.30869762305733,"02a_cor_to_smd_GROUPS",1000
0.8,25,0.3,"metafor_rtod_np","population",1000,1000,1000,1000,0,-0.198752446073603,0.00982389741003616,0.310658913155433,0.00695002035568256,0.312012040785397,1.00435566974796,0.0224693129779959,0.368666497234062,0.917,0.00872416185085994,1.29016408185244,"02a_cor_to_smd_GROUPS",1000
1.2,25,0.3,"metafor_rtod_np","population",1000,1000,1000,1000,0,-0.334586971063926,0.00942701116856969,0.298108268205257,0.00666923897717749,0.301743502068935,1.01219434095392,0.0226446786994864,0.448026910172255,0.86,0.0109726933794762,1.24634379550176,"02a_cor_to_smd_GROUPS",1000
0,50,0.3,"metafor_rtod_np","population",1000,1000,1000,1000,0,0.00224585670452038,0.0074761318287766,0.23641604666614,0.00528906870899138,0.231029606836448,0.977216268076342,0.0218621538524363,0.236308481537296,0.944,0.00727076337120113,0.929022849989602,"02a_cor_to_smd_GROUPS",1000
0.2,50,0.3,"metafor_rtod_np","population",1000,1000,1000,1000,0,-0.0409575186712882,0.00735481315750474,0.232579613426897,0.00520324052902663,0.230698883595745,0.991913608405135,0.0221909608176766,0.236043855333986,0.939,0.00756828910652864,0.927678155865834,"02a_cor_to_smd_GROUPS",1000
0.5,50,0.3,"metafor_rtod_np","population",1000,1000,1000,1000,0,-0.12875730895156,0.00715564226108943,0.226281276663998,0.00506233496715341,0.229132046399351,1.01259834564035,0.0226537170392075,0.260250759001713,0.919,0.00862780389206894,0.921331644560457,"02a_cor_to_smd_GROUPS",1000
0.8,50,0.3,"metafor_rtod_np","population",1000,1000,1000,1000,0,-0.196247182917368,0.00679403843387842,0.214846359617791,0.00480651450660567,0.225621736683869,1.05015387314566,0.0234939043622723,0.290905063699103,0.892,0.00981509042240569,0.907101800427352,"02a_cor_to_smd_GROUPS",1000
1.2,50,0.3,"metafor_rtod_np","population",1000,1000,1000,1000,0,-0.345179913463998,0.00676702664816799,0.213992171952657,0.00478740473248089,0.218777755933888,1.02236336001248,0.0228721786567112,0.406073921431027,0.685,0.0146892818068141,0.879212867729482,"02a_cor_to_smd_GROUPS",1000
0,100,0.3,"metafor_rtod_np","population",1000,1000,1000,1000,0,0.00879925248515395,0.00519346606396231,0.164231817129106,0.00367417261750006,0.164495477886269,1.00160541825434,0.0224077847132192,0.164385353703024,0.949,0.00695693898205238,0.65287038107487,"02a_cor_to_smd_GROUPS",1000
0.2,100,0.3,"metafor_rtod_np","population",1000,1000,1000,1000,0,-0.0558672784471865,0.00513256629928154,0.162305997475511,0.00363108843344138,0.164315591325354,1.01238151319791,0.0226488660923172,0.171575191623963,0.939,0.00756828910652864,0.652154406467927,"02a_cor_to_smd_GROUPS",1000
0.5,100,0.3,"metafor_rtod_np","population",1000,1000,1000,1000,0,-0.124876843152777,0.00525690152475549,0.166237822534394,0.00371905070665176,0.163157621343614,0.981471116838394,0.0219573427694586,0.207849956899536,0.887,0.0100115433375679,0.647538880285134,"02a_cor_to_smd_GROUPS",1000
0.8,100,0.3,"metafor_rtod_np","population",1000,1000,1000,1000,0,-0.206597395372955,0.00483210738605515,0.152804652384568,0.0034185255904259,0.160972956388089,1.05345585933446,0.0235677759631005,0.256920992337076,0.774,0.0132258837133857,0.63883733964732,"02a_cor_to_smd_GROUPS",1000
1.2,100,0.3,"metafor_rtod_np","population",1000,1000,1000,1000,0,-0.351232833312587,0.00451974347049408,0.142926838064353,0.00319754042731617,0.156417974823916,1.09439190667248,0.0244835918313485,0.379172989748508,0.389,0.0154168414404508,0.62066560615847,"02a_cor_to_smd_GROUPS",1000
0,300,0.3,"metafor_rtod_np","population",1000,1000,1000,1000,0,-0.00123201605953741,0.00305817648998711,0.0967080319513838,0.00216353937440009,0.0953854344607169,0.986323809264035,0.0220659065663106,0.0966675171090937,0.955,0.00655553201502365,0.375428677809062,"02a_cor_to_smd_GROUPS",1000
0.2,300,0.3,"metafor_rtod_np","population",1000,1000,1000,1000,0,-0.0511334414442343,0.00310469350359503,0.0981790290808847,0.00219644832875565,0.0952744686077882,0.970415673282901,0.0217100118399471,0.110653113211716,0.909,0.00909499862561837,0.374991479888223,"02a_cor_to_smd_GROUPS",1000
0.5,300,0.3,"metafor_rtod_np","population",1000,1000,1000,1000,0,-0.126683483962722,0.00303868081213008,0.0960915244858127,0.00214974695044666,0.094664232324457,0.985146534317223,0.0220395687260038,0.158975006230108,0.734,0.0139729739139526,0.372586975939795,"02a_cor_to_smd_GROUPS",1000
0.8,300,0.3,"metafor_rtod_np","population",1000,1000,1000,1000,0,-0.207515827977868,0.00287096212286461,0.0907877938432435,0.00203109258591385,0.0934260397854586,1.0290594784886,0.023021983338767,0.226488410186377,0.406,0.0155294558822903,0.367706697912541,"02a_cor_to_smd_GROUPS",1000
1.2,300,0.3,"metafor_rtod_np","population",1000,1000,1000,1000,0,-0.341084332245434,0.00262532701640971,0.0830201297462894,0.0018573154261292,0.0907238115449024,1.09279293855786,0.0244478199269412,0.351032721130753,0.029,0.00530650544143695,0.357054147513092,"02a_cor_to_smd_GROUPS",1000
0,25,0.5,"metafor_rtod_np","population",1000,1000,1000,1000,0,0.0176915996689085,0.010356624675771,0.327505228469392,0.00732690390671616,0.311582976808276,0.951383213832864,0.0212842201597635,0.327819169206071,0.945,0.00720936890441875,1.28909778041208,"02a_cor_to_smd_GROUPS",1000
0.2,25,0.5,"metafor_rtod_np","population",1000,1000,1000,1000,0,-0.0322896262639713,0.0102114698113323,0.322915028618599,0.00722421255923275,0.311261963371638,0.963912905209733,0.0215645327676818,0.324364704547689,0.952,0.00675988165576884,1.2877419163341,"02a_cor_to_smd_GROUPS",1000
0.5,25,0.5,"metafor_rtod_np","population",1000,1000,1000,1000,0,-0.0850904920594163,0.00940131944320932,0.297295824513675,0.00665106309373996,0.309666657503965,1.04161118983264,0.0233027885744954,0.309090301214558,0.95,0.00689202437604511,1.2810498024402,"02a_cor_to_smd_GROUPS",1000
0.8,25,0.5,"metafor_rtod_np","population",1000,1000,1000,1000,0,-0.169183265584579,0.00981039299411774,0.310231866027709,0.00694046651349476,0.306031497015628,0.986460549440443,0.0220689656995569,0.353228742095257,0.926,0.00827792244467173,1.26568295248191,"02a_cor_to_smd_GROUPS",1000
1.2,25,0.5,"metafor_rtod_np","population",1000,1000,1000,1000,0,-0.300139581967533,0.00926686774817419,0.293044088597861,0.00655594381690432,0.29816315685994,1.01746859418517,0.0227626735992493,0.419371829869311,0.875,0.0104582503316759,1.23235331188592,"02a_cor_to_smd_GROUPS",1000
0,50,0.5,"metafor_rtod_np","population",1000,1000,1000,1000,0,0.0115655927617217,0.007323385771339,0.231585792215003,0.00518100689155454,0.223081677218431,0.963278770622176,0.0215503459920732,0.231758732548797,0.946,0.00714730718522718,0.897069017123311,"02a_cor_to_smd_GROUPS",1000
0.2,50,0.5,"metafor_rtod_np","population",1000,1000,1000,1000,0,-0.0361785171136752,0.00718861067789906,0.227323829543681,0.0050856588230894,0.222937771119869,0.980705681262646,0.0219402185454073,0.230072450448702,0.94,0.00750999334220744,0.896488724191788,"02a_cor_to_smd_GROUPS",1000
0.5,50,0.5,"metafor_rtod_np","population",1000,1000,1000,1000,0,-0.0929883922799095,0.0067066162827988,0.212081828464161,0.0047446667791528,0.222030496513859,1.04690957316685,0.0234213233097486,0.231474759664071,0.952,0.00675988165576884,0.892824282851257,"02a_cor_to_smd_GROUPS",1000
0.8,50,0.5,"metafor_rtod_np","population",1000,1000,1000,1000,0,-0.180573765549408,0.00665400310696454,0.210418053758449,0.00470744503021112,0.220138560725832,1.04619616422525,0.0234053630187154,0.277197341969289,0.892,0.00981509042240569,0.88516799673806,"02a_cor_to_smd_GROUPS",1000
1.2,50,0.5,"metafor_rtod_np","population",1000,1000,1000,1000,0,-0.301699685247965,0.00652790783901321,0.206430571269495,0.00461823759629373,0.215034798606906,1.04168097430772,0.0233043497835956,0.365504674734287,0.742,0.0138360398958662,0.864433790054563,"02a_cor_to_smd_GROUPS",1000
0,100,0.5,"metafor_rtod_np","population",1000,1000,1000,1000,0,0.00225632473609113,0.00496222367991874,0.156919290877656,0.00351057774174765,0.158689783228967,1.0112828215155,0.0226242863064684,0.156857040603893,0.948,0.00702111102319284,0.629829172356488,"02a_cor_to_smd_GROUPS",1000
0.2,100,0.5,"metafor_rtod_np","population",1000,1000,1000,1000,0,-0.0401307534562931,0.00515112674690598,0.162892930364366,0.00364421921885335,0.158590297574753,0.973586129367379,0.0217809408665767,0.167684376221809,0.949,0.00695693898205238,0.629433705224937,"02a_cor_to_smd_GROUPS",1000
0.5,100,0.5,"metafor_rtod_np","population",1000,1000,1000,1000,0,-0.103084073430483,0.00499104589913577,0.157830729477121,0.0035309683262472,0.158041494881661,1.00133538890201,0.0224017436520558,0.188446158950333,0.894,0.00973468027209934,0.627251122654829,"02a_cor_to_smd_GROUPS",1000
0.8,100,0.5,"metafor_rtod_np","population",1000,1000,1000,1000,0,-0.178754063680333,0.00474966474733025,0.150197587237718,0.00336020067177103,0.156780552289274,1.04382870039808,0.0233523984292786,0.233430441843073,0.829,0.0119062588582644,0.622230938449955,"02a_cor_to_smd_GROUPS",1000
1.2,100,0.5,"metafor_rtod_np","population",1000,1000,1000,1000,0,-0.297364278045144,0.00454122414395745,0.143606116602539,0.00321273715745218,0.153381604236131,1.06807152692978,0.0238947557566871,0.33019328864507,0.532,0.0157789733506334,0.60867693601378,"02a_cor_to_smd_GROUPS",1000
0,300,0.5,"metafor_rtod_np","population",1000,1000,1000,1000,0,0.0010089735412085,0.00280038060553299,0.0885558102884578,0.00198115894331609,0.09196429305241,1.03848965700669,0.0232329540525725,0.0885172719412225,0.949,0.00695693898205238,0.361963449595468,"02a_cor_to_smd_GROUPS",1000
0.2,300,0.5,"metafor_rtod_np","population",1000,1000,1000,1000,0,-0.0378904981061771,0.00285791037195993,0.0903750612401239,0.00202185898638825,0.0919158231349791,1.01704852946945,0.0227532759666646,0.0979549584717191,0.933,0.00790638982089803,0.361772598316373,"02a_cor_to_smd_GROUPS",1000
0.5,300,0.5,"metafor_rtod_np","population",1000,1000,1000,1000,0,-0.107105591707487,0.00285322213293999,0.0902268061049412,0.00201854224199843,0.091637616848184,1.0156362704627,0.0227216810938677,0.140015511420591,0.797,0.0127197091161709,0.360677019955117,"02a_cor_to_smd_GROUPS",1000
0.8,300,0.5,"metafor_rtod_np","population",1000,1000,1000,1000,0,-0.169053665514254,0.00278397275632557,0.0880369485384573,0.0019695510364717,0.0909051761120477,1.03257981587512,0.023100739863879,0.1905830412903,0.567,0.0156687906361659,0.357791437991844,"02a_cor_to_smd_GROUPS",1000
1.2,300,0.5,"metafor_rtod_np","population",1000,1000,1000,1000,0,-0.297796097799308,0.00255973475885295,0.0809459204387719,0.00181091148824515,0.0890812057938622,1.10050272220011,0.0246203021928041,0.308590676557377,0.061,0.00756828910652864,0.35060253829464,"02a_cor_to_smd_GROUPS",1000
0,25,0.15,"pb_exact_p","population",1000,1000,1000,1000,0,-0.0519170821419991,0.0186396101841056,0.589436228794442,0.0131867898039303,0.569731632972693,0.966570436530428,0.021623986708942,0.591424565067885,0.972,0.0052168956286282,2.35607758341065,"02a_cor_to_smd_GROUPS",1000
0.2,25,0.15,"pb_exact_p","population",1000,1000,1000,1000,0,0.00179716595142708,0.0180459024775768,0.570661542624184,0.0127667649936666,0.570326194248171,0.999412351541212,0.0223587217130857,0.570378971771786,0.971,0.00530650544143696,2.3581952971879,"02a_cor_to_smd_GROUPS",1000
0.5,25,0.15,"pb_exact_p","population",1000,1000,1000,1000,0,0.0602907720549549,0.0193471137862237,0.61180945714911,0.013687320726761,0.581962858235156,0.951215858850838,0.0212804761161116,0.614468451785943,0.963,0.00596917079668525,2.40423553001997,"02a_cor_to_smd_GROUPS",1000
0.8,25,0.15,"pb_exact_p","population",1000,1000,1000,1000,0,0.0667007395678291,0.0189917411695442,0.600571588281497,0.0134359086021544,0.59693564382531,0.993945860032122,0.022236426083849,0.603965673757379,0.965,0.00581162627841812,2.46382138228455,"02a_cor_to_smd_GROUPS",1000
1.2,25,0.15,"pb_exact_p","population",1000,1000,1000,1000,0,0.0908918129430898,0.0195155068227317,0.617134512523879,0.0138064521653985,0.628733913470238,1.01879557974958,0.022792360745807,0.623486546127195,0.973,0.00512552436341883,2.5911336789235,"02a_cor_to_smd_GROUPS",1000
0,50,0.15,"pb_exact_p","population",1000,1000,1000,1000,0,0.0150639215660802,0.0131019788066227,0.414320948841826,0.00926913378724039,0.394145764474577,0.951305420535346,0.0212824797783407,0.414387630767969,0.954,0.00662449998113065,1.58478450875572,"02a_cor_to_smd_GROUPS",1000
0.2,50,0.15,"pb_exact_p","population",1000,1000,1000,1000,0,-0.000196521477682401,0.0125143348475044,0.395738015201297,0.00885339883935768,0.3947835777192,0.997588208750651,0.022317912230437,0.39554014552189,0.961,0.00612200947402077,1.58728892814934,"02a_cor_to_smd_GROUPS",1000
0.5,50,0.15,"pb_exact_p","population",1000,1000,1000,1000,0,0.0242873866631657,0.0130717483568818,0.4133649780831,0.0092477469351295,0.401173106022529,0.970505793410199,0.0217120279955849,0.413871491711452,0.954,0.00662449998113065,1.61228795164698,"02a_cor_to_smd_GROUPS",1000
0.8,50,0.15,"pb_exact_p","population",1000,1000,1000,1000,0,0.0126979050301956,0.0132089246531397,0.41770287345471,0.00934479375998086,0.410953477929826,0.983841634918474,0.02201037568824,0.41768702588659,0.954,0.00662449998113065,1.65093769346541,"02a_cor_to_smd_GROUPS",1000
1.2,50,0.15,"pb_exact_p","population",1000,1000,1000,1000,0,0.0496305023417636,0.0135954330574905,0.429925342380168,0.00961823322761374,0.432993932819934,1.00713749606566,0.0225315476305853,0.432566932373916,0.962,0.00604615580348373,1.73809570803021,"02a_cor_to_smd_GROUPS",1000
0,100,0.15,"pb_exact_p","population",1000,1000,1000,1000,0,-0.00902223855418202,0.00936529620341748,0.296156669649268,0.0066255780709042,0.283036202843581,0.955697547446,0.0213807398640525,0.296146019715438,0.946,0.00714730718522718,1.1233219235661,"02a_cor_to_smd_GROUPS",1000
0.2,100,0.15,"pb_exact_p","population",1000,1000,1000,1000,0,0.0165222974652563,0.00899238481679127,0.284364176177763,0.00636175795758845,0.283748381954414,0.997834487340754,0.022323421942671,0.284701787880047,0.952,0.00675988165576884,1.12611438448929,"02a_cor_to_smd_GROUPS",1000
0.5,100,0.15,"pb_exact_p","population",1000,1000,1000,1000,0,0.00922512013546288,0.00928159857737822,0.293509918318938,0.00656636529817096,0.287597316019149,0.979855528107352,0.0219211990308062,0.293508137742298,0.951,0.00682634602111555,1.14122579892555,"02a_cor_to_smd_GROUPS",1000
0.8,100,0.15,"pb_exact_p","population",1000,1000,1000,1000,0,0.0248894410964148,0.00923314883093539,0.291977802810768,0.00653208901148444,0.294884768304581,1.00995611812209,0.0225946054726031,0.29289122652439,0.961,0.00612200947402077,1.16988603022306,"02a_cor_to_smd_GROUPS",1000
1.2,100,0.15,"pb_exact_p","population",1000,1000,1000,1000,0,0.0265862378235746,0.0095285837181548,0.301320274249651,0.00674109755404679,0.308766757897703,1.02471285301527,0.0229247412052279,0.302340770998261,0.957,0.00641490451994416,1.2244939315959,"02a_cor_to_smd_GROUPS",1000
0,300,0.15,"pb_exact_p","population",1000,1000,1000,1000,0,-0.00766607742556768,0.005157864618963,0.163106000587196,0.00364898599786129,0.162235356796798,0.994662098345473,0.0222524496732151,0.163204572862459,0.957,0.00641490451994416,0.638542692817804,"02a_cor_to_smd_GROUPS",1000
0.2,300,0.15,"pb_exact_p","population",1000,1000,1000,1000,0,0.00383951628204816,0.00515138623706345,0.162901136163646,0.00364440279791585,0.162661785135344,0.998530697612439,0.0223389974673224,0.162864929522975,0.954,0.00662449998113065,0.640215524190836,"02a_cor_to_smd_GROUPS",1000
0.5,300,0.15,"pb_exact_p","population",1000,1000,1000,1000,0,-0.00212491396140676,0.00522376958448688,0.165190098588899,0.00369561116431138,0.164776907426614,0.997498692925212,0.022315909594161,0.16512115601122,0.952,0.00675988165576884,0.648512532408874,"02a_cor_to_smd_GROUPS",1000
0.8,300,0.15,"pb_exact_p","population",1000,1000,1000,1000,0,0.00452056967930944,0.00522608855551351,0.16526343089162,0.00369725174494517,0.168781540260944,1.02128788777011,0.0228481183331217,0.165242625066006,0.957,0.00641490451994416,0.664227310890956,"02a_cor_to_smd_GROUPS",1000
1.2,300,0.15,"pb_exact_p","population",1000,1000,1000,1000,0,0.0151558217712372,0.00536692356645367,0.169717024980276,0.00379688696628075,0.176821774022665,1.04186232373101,0.0233084069090474,0.170307849593462,0.968,0.00556560868189635,0.69578664998715,"02a_cor_to_smd_GROUPS",1000
0,25,0.3,"pb_exact_p","population",1000,1000,1000,1000,0,-0.0328336656133379,0.0143312748275538,0.453194702289067,0.0101388122877408,0.447299598406591,0.986992116517029,0.022080857848297,0.454156473412305,0.973,0.00512552436341883,1.84970459564785,"02a_cor_to_smd_GROUPS",1000
0.2,25,0.3,"pb_exact_p","population",1000,1000,1000,1000,0,4.89086850948412e-05,0.014401479706779,0.455414775501156,0.0101884794737179,0.449203137802772,0.986360482723583,0.0220667270201254,0.455187013785634,0.97,0.00539444158370447,1.85709756369781,"02a_cor_to_smd_GROUPS",1000
0.5,25,0.3,"pb_exact_p","population",1000,1000,1000,1000,0,0.0548947674163054,0.0157481231224381,0.49799937939667,0.0111411766324967,0.463287699342954,0.930297744355084,0.0208124988091954,0.500768223819443,0.956,0.00648567652600714,1.91261698031524,"02a_cor_to_smd_GROUPS",1000
0.8,25,0.3,"pb_exact_p","population",1000,1000,1000,1000,0,0.0678889289044826,0.0151927307516593,0.480436330529254,0.0107482584126505,0.482156945265848,1.00358135850113,0.0224519901885984,0.484971293266437,0.975,0.00493710441453288,1.98826353171648,"02a_cor_to_smd_GROUPS",1000
1.2,25,0.3,"pb_exact_p","population",1000,1000,1000,1000,0,0.0977594145757037,0.0166221051168482,0.525637116759797,0.0117594844586193,0.522644948696614,0.994307540377612,0.0222445175489799,0.534392166180626,0.973,0.00512552436341883,2.14873660541486,"02a_cor_to_smd_GROUPS",1000
0,50,0.3,"pb_exact_p","population",1000,1000,1000,1000,0,0.00313723428635494,0.0101915942944671,0.322286509588929,0.00721015141414674,0.315118355795813,0.977758442938679,0.0218742833171643,0.322140602699689,0.956,0.00648567652600714,1.26703916768723,"02a_cor_to_smd_GROUPS",1000
0.2,50,0.3,"pb_exact_p","population",1000,1000,1000,1000,0,0.017433200991641,0.0101146381252478,0.319852941841584,0.00715570795649994,0.316594943598641,0.989814074480026,0.0221439903207778,0.320167948110247,0.958,0.00634318531969546,1.27281066990746,"02a_cor_to_smd_GROUPS",1000
0.5,50,0.3,"pb_exact_p","population",1000,1000,1000,1000,0,0.0116546878028839,0.0100994452386098,0.319372500581498,0.00714495958780389,0.323425292663481,1.01268985925402,0.0226557643697391,0.319425464046519,0.962,0.00604615580348373,1.29979482471177,"02a_cor_to_smd_GROUPS",1000
0.8,50,0.3,"pb_exact_p","population",1000,1000,1000,1000,0,0.0477374939614902,0.0101235486478627,0.32013471730764,0.00716201180017508,0.337546591539913,1.05438920957623,0.0235886567519806,0.323516026369854,0.966,0.00573096850453743,1.35570342603787,"02a_cor_to_smd_GROUPS",1000
1.2,50,0.3,"pb_exact_p","population",1000,1000,1000,1000,0,0.0422231892727846,0.0112116922686549,0.354544839938499,0.00793183053898702,0.362266097805827,1.0217779445575,0.0228590818191301,0.356874122339872,0.963,0.00596917079668525,1.45318381813211,"02a_cor_to_smd_GROUPS",1000
0,100,0.3,"pb_exact_p","population",1000,1000,1000,1000,0,0.0117591406808994,0.00696067795274501,0.220115963895921,0.00492440540060064,0.220432211477285,1.00143673169254,0.0224040108796398,0.220319912658438,0.951,0.00682634602111555,0.874857920130389,"02a_cor_to_smd_GROUPS",1000
0.2,100,0.3,"pb_exact_p","population",1000,1000,1000,1000,0,-0.00659066904320197,0.00690890835709369,0.21847886553788,0.00488778045140129,0.221268090349298,1.01276656579368,0.0226574804383581,0.218469033481794,0.968,0.00556560868189635,0.878146251243813,"02a_cor_to_smd_GROUPS",1000
0.5,100,0.3,"pb_exact_p","population",1000,1000,1000,1000,0,0.00866759638472191,0.0073122627783202,0.231234052291627,0.00517313781224007,0.226391615722361,0.979058289550021,0.0219033633146327,0.2312808789748,0.946,0.00714730718522718,0.898250457624767,"02a_cor_to_smd_GROUPS",1000
0.8,100,0.3,"pb_exact_p","population",1000,1000,1000,1000,0,0.0180377839918326,0.00705077417906748,0.222965056733571,0.00498814493092916,0.235289511780772,1.05527527599057,0.0236084797132907,0.223582344470704,0.967,0.00564898220921256,0.933320617040271,"02a_cor_to_smd_GROUPS",1000
1.2,100,0.3,"pb_exact_p","population",1000,1000,1000,1000,0,0.00791152671706321,0.00728797765138018,0.23046608914766,0.0051559570417649,0.251741741198666,1.09231575946679,0.0244371445390614,0.230486650120489,0.967,0.00564898220921256,0.998134939152504,"02a_cor_to_smd_GROUPS",1000
0,300,0.3,"pb_exact_p","population",1000,1000,1000,1000,0,-0.00164808001566624,0.00405357392677425,0.128185262724792,0.0028677438422315,0.126416026409136,0.986197818079484,0.0220630879080968,0.128131753620959,0.956,0.00648567652600714,0.497560883804819,"02a_cor_to_smd_GROUPS",1000
0.2,300,0.3,"pb_exact_p","population",1000,1000,1000,1000,0,-0.00234599672326638,0.0041364921209074,0.13080736625408,0.00292640519760081,0.126940658764424,0.970439680880473,0.0217105489347632,0.130762992470684,0.952,0.00675988165576884,0.499618633142997,"02a_cor_to_smd_GROUPS",1000
0.5,300,0.3,"pb_exact_p","population",1000,1000,1000,1000,0,0.000241843078907013,0.0041582080749819,0.13149408501847,0.00294176837949914,0.129695038070998,0.986318419210876,0.0220657859807501,0.131428544040192,0.95,0.00689202437604511,0.510424757536234,"02a_cor_to_smd_GROUPS",1000
0.8,300,0.3,"pb_exact_p","population",1000,1000,1000,1000,0,0.00760907026836351,0.00414543877188001,0.13109028419912,0.00293273460066556,0.134777218014603,1.0281251493046,0.0230010806491202,0.131245479537939,0.962,0.00604615580348373,0.530368415836831,"02a_cor_to_smd_GROUPS",1000
1.2,300,0.3,"pb_exact_p","population",1000,1000,1000,1000,0,0.00985485250647701,0.00418399242345939,0.132309457710194,0.00296000979014268,0.144499387378123,1.09213196001929,0.0244330326019902,0.132609972946571,0.959,0.00627048642451286,0.568548476884639,"02a_cor_to_smd_GROUPS",1000
0,25,0.5,"pb_exact_p","population",1000,1000,1000,1000,0,0.0237657153768384,0.0138894944094937,0.439224378821756,0.009826270048128,0.418315082729426,0.952394955515855,0.0213068547116586,0.439647524869388,0.958,0.00634318531969546,1.72981940712884,"02a_cor_to_smd_GROUPS",1000
0.2,25,0.5,"pb_exact_p","population",1000,1000,1000,1000,0,0.0261162170547749,0.0138283824583261,0.437291849242291,0.00978303575049005,0.420741990282129,0.962153744715714,0.0215251770604267,0.437852708162894,0.968,0.00556560868189635,1.73923949739236,"02a_cor_to_smd_GROUPS",1000
0.5,25,0.5,"pb_exact_p","population",1000,1000,1000,1000,0,0.0627835324264404,0.0132011980868618,0.417458537975405,0.00933932751876624,0.43287955022526,1.03694022482962,0.0231982903596463,0.421946834614951,0.968,0.00556560868189635,1.78758072443636,"02a_cor_to_smd_GROUPS",1000
0.8,25,0.5,"pb_exact_p","population",1000,1000,1000,1000,0,0.0747206004863403,0.014688295318391,0.464484681513036,0.0103913902183877,0.455845215811144,0.981399891006632,0.0219557493145161,0.470227010578876,0.972,0.0052168956286282,1.87847445481097,"02a_cor_to_smd_GROUPS",1000
1.2,25,0.5,"pb_exact_p","population",1000,1000,1000,1000,0,0.09327116228427,0.0154830317377472,0.489616453759559,0.0109536349224382,0.496590252921715,1.01424339216668,0.0226905198037826,0.498180747554694,0.971,0.00530650544143696,2.04161538528353,"02a_cor_to_smd_GROUPS",1000
0,50,0.5,"pb_exact_p","population",1000,1000,1000,1000,0,0.0149955331904458,0.00949906629543582,0.300386851385151,0.00672021514046064,0.288923649763387,0.961838537309791,0.0215181252817889,0.300610868466636,0.951,0.00682634602111555,1.16167116627853,"02a_cor_to_smd_GROUPS",1000
0.2,50,0.5,"pb_exact_p","population",1000,1000,1000,1000,0,0.0124453467939449,0.00936059242814154,0.296007923214533,0.00662225033522539,0.290413712475257,0.981101145271637,0.0219490658142158,0.296121523317702,0.95,0.00689202437604511,1.16757115737225,"02a_cor_to_smd_GROUPS",1000
0.5,50,0.5,"pb_exact_p","population",1000,1000,1000,1000,0,0.0329087992117553,0.00901500907304141,0.285079617978941,0.0063777637274889,0.298471647936676,1.04697645539403,0.0234228195901406,0.286831147653095,0.97,0.00539444158370447,1.19939422299307,"02a_cor_to_smd_GROUPS",1000
0.8,50,0.5,"pb_exact_p","population",1000,1000,1000,1000,0,0.0250705705789743,0.00938911963835346,0.296910032810134,0.00664243221247719,0.311965750947574,1.05070801412449,0.0235063015313852,0.297818645361379,0.969,0.00548078461536303,1.25279398205241,"02a_cor_to_smd_GROUPS",1000
1.2,50,0.5,"pb_exact_p","population",1000,1000,1000,1000,0,0.0401996972801827,0.0102632169117775,0.324551415615764,0.00726082159396013,0.339366864788301,1.04564900493325,0.0233931220429823,0.326870468868383,0.974,0.00503229569878401,1.36111805774371,"02a_cor_to_smd_GROUPS",1000
0,100,0.5,"pb_exact_p","population",1000,1000,1000,1000,0,0.00285801249055832,0.00632158928983272,0.199906205879977,0.00447227535170693,0.202008368085872,1.01051574260359,0.0226071253179166,0.199826667123221,0.954,0.00662449998113065,0.801734349600998,"02a_cor_to_smd_GROUPS",1000
0.2,100,0.5,"pb_exact_p","population",1000,1000,1000,1000,0,0.00403275846991673,0.0066011490772431,0.20874666258407,0.00467005288663391,0.203136043395201,0.973122352619129,0.0217705653141482,0.208681233252356,0.953,0.00669260786241059,0.806162609680645,"02a_cor_to_smd_GROUPS",1000
0.5,100,0.5,"pb_exact_p","population",1000,1000,1000,1000,0,0.0112883447251973,0.0065815384468971,0.20812652000162,0.00465617913832366,0.208522680091261,1.00190345800063,0.0224144524192331,0.208328486785393,0.955,0.00655553201502365,0.827342652723075,"02a_cor_to_smd_GROUPS",1000
0.8,100,0.5,"pb_exact_p","population",1000,1000,1000,1000,0,0.0141528159766911,0.00661145208513904,0.209072472301088,0.00467734185878139,0.218037907813735,1.04288195099992,0.0233312178762336,0.209446627032963,0.956,0.00648567652600714,0.864787107084754,"02a_cor_to_smd_GROUPS",1000
1.2,100,0.5,"pb_exact_p","population",1000,1000,1000,1000,0,0.0244372468280286,0.00702029535592401,0.222001231718223,0.00496658236442191,0.236738824547426,1.06638518496109,0.0238570291359053,0.223231810838101,0.963,0.00596917079668525,0.938444470517507,"02a_cor_to_smd_GROUPS",1000
0,300,0.5,"pb_exact_p","population",1000,1000,1000,1000,0,0.00126408397817962,0.00352758154116077,0.11155192302035,0.00249562495352923,0.115842601460196,1.03846350940147,0.0232323690817868,0.111503298634222,0.949,0.00695693898205238,0.455945282608768,"02a_cor_to_smd_GROUPS",1000
0.2,300,0.5,"pb_exact_p","population",1000,1000,1000,1000,0,0.00461273570200977,0.00362276019442668,0.114561736309827,0.00256296010067244,0.116455133517409,1.01652730893028,0.0227416152892992,0.114597313954354,0.961,0.00612200947402077,0.458347775033652,"02a_cor_to_smd_GROUPS",1000
0.5,300,0.5,"pb_exact_p","population",1000,1000,1000,1000,0,0.00055219087464748,0.00371475294546265,0.117470802524812,0.00262804134751262,0.119423616957041,1.0166238281365,0.022743774604289,0.117413350906699,0.948,0.00702111102319284,0.46999621423916,"02a_cor_to_smd_GROUPS",1000
0.8,300,0.5,"pb_exact_p","population",1000,1000,1000,1000,0,0.01866792991865,0.00383041920819352,0.121128490911502,0.00270987067113972,0.125173787134343,1.03339673591572,0.0231190158916082,0.122498697163011,0.963,0.00596917079668525,0.492562379314941,"02a_cor_to_smd_GROUPS",1000
1.2,300,0.5,"pb_exact_p","population",1000,1000,1000,1000,0,0.00951106778743889,0.00389174329474911,0.123067728800952,0.00275325504620655,0.135355935377202,1.0998491375113,0.0246056802820877,0.123373338354807,0.969,0.00548078461536303,0.532550955878664,"02a_cor_to_smd_GROUPS",1000
0,25,0.15,"viechtbauer","population",1000,1000,1000,1000,0,-0.0303342541091214,0.0110106680658764,0.348187896482503,0.00778961383588219,0.335881792502401,0.9646567152264,0.021581173187569,0.349333284154273,0.954,0.00662449998113065,1.3896310225347,"02a_cor_to_smd_GROUPS",1000
0.2,25,0.15,"viechtbauer","population",1000,1000,1000,1000,0,-0.081117853187397,0.0106068961477322,0.335419507316994,0.00750396111242351,0.335802045546722,1.00114047698891,0.0223973831083655,0.344925855436525,0.952,0.00675988165576884,1.3892876118325,"02a_cor_to_smd_GROUPS",1000
0.5,25,0.15,"viechtbauer","population",1000,1000,1000,1000,0,-0.172210271628116,0.0111113136503406,0.351370589315961,0.0078608166214509,0.334626916779913,0.95234754118538,0.0213057939644918,0.391144739705698,0.924,0.00837997613361756,1.38435658015187,"02a_cor_to_smd_GROUPS",1000
0.8,25,0.15,"viechtbauer","population",1000,1000,1000,1000,0,-0.297447552403539,0.0105742839902921,0.334388220347768,0.00748088929595486,0.332964001468421,0.995740822215969,0.0222765827418013,0.447413357932344,0.899,0.00952885092757778,1.37737457861088,"02a_cor_to_smd_GROUPS",1000
1.2,25,0.15,"viechtbauer","population",1000,1000,1000,1000,0,-0.46631741587123,0.0102473984421286,0.324051191683874,0.00724963064993175,0.32889098451257,1.01493527242886,0.0227059984580309,0.567764121798594,0.761,0.0134862522592453,1.36022910380423,"02a_cor_to_smd_GROUPS",1000
0,50,0.15,"viechtbauer","population",1000,1000,1000,1000,0,0.00883720240211086,0.00769649990053948,0.243384696969641,0.00544497043725351,0.231319434702346,0.950427194406555,0.0212628322188679,0.243423439205392,0.945,0.00720936890441875,0.93019603956721,"02a_cor_to_smd_GROUPS",1000
0.2,50,0.15,"viechtbauer","population",1000,1000,1000,1000,0,-0.0827156791594313,0.00733517540331531,0.231958613113206,0.00518934759166584,0.231270266994216,0.997032461482023,0.0223054791256201,0.24615620442721,0.94,0.00750999334220744,0.929997409659801,"02a_cor_to_smd_GROUPS",1000
0.5,50,0.15,"viechtbauer","population",1000,1000,1000,1000,0,-0.194401061213927,0.00748108141632142,0.23657256636734,0.00529257034716541,0.23073196730439,0.975311596130375,0.0218195427821119,0.306108453296496,0.87,0.0106348483769163,0.92781763147427,"02a_cor_to_smd_GROUPS",1000
0.8,50,0.15,"viechtbauer","population",1000,1000,1000,1000,0,-0.330213905174941,0.00737548277028826,0.233233243974394,0.00521786346568747,0.229835211765654,0.985430755278127,0.0220459272799681,0.404208574277697,0.714,0.0142899965010493,0.924189890114003,"02a_cor_to_smd_GROUPS",1000
1.2,50,0.15,"viechtbauer","population",1000,1000,1000,1000,0,-0.492264769212858,0.00716425222753606,0.226553547709488,0.00506842617918142,0.227306522721605,1.0033236072431,0.022446223811346,0.541848490334673,0.448,0.0157256478403912,0.913947374722391,"02a_cor_to_smd_GROUPS",1000
0,100,0.15,"viechtbauer","population",1000,1000,1000,1000,0,-0.00512810910013207,0.00534755673807706,0.16910459209304,0.00378318569825804,0.161531935839512,0.955219097483993,0.0213700360444152,0.169097794801793,0.942,0.00739161687318817,0.641109533124471,"02a_cor_to_smd_GROUPS",1000
0.2,100,0.15,"viechtbauer","population",1000,1000,1000,1000,0,-0.0765093753399726,0.00511690091002656,0.161810614370722,0.00362000578776039,0.161485994049726,0.997993825545628,0.0223269866360386,0.178913880856183,0.931,0.00801492358042171,0.640926905370673,"02a_cor_to_smd_GROUPS",1000
0.5,100,0.15,"viechtbauer","population",1000,1000,1000,1000,0,-0.211051303836515,0.00519971641286029,0.16442947051599,0.00367859449308141,0.161220372886528,0.980483439985597,0.0219352465927803,0.26749330192453,0.744,0.0138008695378226,0.639870609103712,"02a_cor_to_smd_GROUPS",1000
0.8,100,0.15,"viechtbauer","population",1000,1000,1000,1000,0,-0.336223132637227,0.00502713613534763,0.15897200295435,0.00355650074641046,0.160631475332282,1.01043877127477,0.0226054033254693,0.3718774267766,0.449,0.0157289224042844,0.637527755610003,"02a_cor_to_smd_GROUPS",1000
1.2,100,0.15,"viechtbauer","population",1000,1000,1000,1000,0,-0.522750988630029,0.0049055705384012,0.155127761239663,0.00347049787625984,0.159203870943997,1.02627582369371,0.0229597077797266,0.545260629239445,0.084,0.00877177291087725,0.631840714512387,"02a_cor_to_smd_GROUPS",1000
0,300,0.15,"viechtbauer","population",1000,1000,1000,1000,0,-0.0043710930301098,0.00294148041556371,0.0930177780595994,0.00208098149957514,0.0925042014621376,0.994478726452349,0.0222483473013342,0.0930739554461269,0.957,0.00641490451994416,0.364088482105594,"02a_cor_to_smd_GROUPS",1000
0.2,300,0.15,"viechtbauer","population",1000,1000,1000,1000,0,-0.08388045062094,0.0029293358164187,0.0926337321139196,0.0020723896741777,0.092480365778224,0.998344379178127,0.0223348291758095,0.124933411517496,0.847,0.0113838042850358,0.363994633631873,"02a_cor_to_smd_GROUPS",1000
0.5,300,0.15,"viechtbauer","population",1000,1000,1000,1000,0,-0.217735371709697,0.00292793924157699,0.0925895685396925,0.00207140165250228,0.0923503565397669,0.997416426021869,0.0223140691298169,0.236586025512337,0.337,0.0149476085043729,0.363482687818966,"02a_cor_to_smd_GROUPS",1000
0.8,300,0.15,"viechtbauer","population",1000,1000,1000,1000,0,-0.347970231731902,0.00285123722982229,0.090164037957074,0.00201713800124791,0.0920536751519342,1.02095777027821,0.022840732988001,0.359450561772461,0.032,0.00556560868189635,0.362314203123037,"02a_cor_to_smd_GROUPS",1000
1.2,300,0.15,"viechtbauer","population",1000,1000,1000,1000,0,-0.529612912872947,0.00277533821809905,0.0877639004650615,0.00196344244087756,0.0912723228911031,1.0399756894059,0.023266199374005,0.536828312595735,0,0,0.359235814401865,"02a_cor_to_smd_GROUPS",1000
0,25,0.3,"viechtbauer","population",1000,1000,1000,1000,0,-0.0246734947165774,0.0107532739543588,0.340048379995392,0.0076075176433209,0.335912932674318,0.987838650132283,0.0220997963870243,0.340772723641846,0.958,0.00634318531969546,1.38975748919734,"02a_cor_to_smd_GROUPS",1000
0.2,25,0.3,"viechtbauer","population",1000,1000,1000,1000,0,-0.0498720140660912,0.0107183534038722,0.338944095228546,0.00758281272972259,0.335665377155886,0.990326670035515,0.0221554580411426,0.342425808574085,0.957,0.00641490451994416,1.38871247894955,"02a_cor_to_smd_GROUPS",1000
0.5,25,0.3,"viechtbauer","population",1000,1000,1000,1000,0,-0.0897406877307609,0.0113102534220228,0.357661617273056,0.00800155867168175,0.333771073032636,0.933203499937817,0.0208775059910062,0.368574689408128,0.935,0.0077958322198467,1.38073738709268,"02a_cor_to_smd_GROUPS",1000
0.8,25,0.3,"viechtbauer","population",1000,1000,1000,1000,0,-0.166465998254625,0.010423606852225,0.329623390871693,0.0073742911574572,0.330921939546397,1.00393949188882,0.0224600023016557,0.369125800784573,0.932,0.00796090447122687,1.36877619127235,"02a_cor_to_smd_GROUPS",1000
1.2,25,0.3,"viechtbauer","population",1000,1000,1000,1000,0,-0.284750103445599,0.0101237571503153,0.320141310734121,0.00716215930744533,0.323414285809545,1.01022353243922,0.0226005880305427,0.428334670312831,0.896,0.00965318600255895,1.33681679141594,"02a_cor_to_smd_GROUPS",1000
0,50,0.3,"viechtbauer","population",1000,1000,1000,1000,0,0.0022565349614124,0.00748562551989504,0.236716263539504,0.00529578512140589,0.231336567946292,0.977273654489254,0.02186343769372,0.2366086363274,0.947,0.00708456067798138,0.930265044271636,"02a_cor_to_smd_GROUPS",1000
0.2,50,0.3,"viechtbauer","population",1000,1000,1000,1000,0,-0.0406945612630872,0.00737260604183854,0.233142273833284,0.0052158282936525,0.231189419776763,0.991623766790924,0.0221844765191956,0.236552344830275,0.941,0.00745110730026082,0.929669437451493,"02a_cor_to_smd_GROUPS",1000
0.5,50,0.3,"viechtbauer","population",1000,1000,1000,1000,0,-0.127732510145205,0.00719796481458355,0.227619633318356,0.00509227650624035,0.230483229468824,1.012580620172,0.0226533204873604,0.260910867773854,0.919,0.00862780389206894,0.926817073896293,"02a_cor_to_smd_GROUPS",1000
0.8,50,0.3,"viechtbauer","population",1000,1000,1000,1000,0,-0.193075979356783,0.00688348638326671,0.217674952138776,0.00486979540654541,0.228684170304333,1.05057641247827,0.0235033573566605,0.290883715956068,0.892,0.00981509042240569,0.91954209944271,"02a_cor_to_smd_GROUPS",1000
1.2,50,0.3,"viechtbauer","population",1000,1000,1000,1000,0,-0.336956587653325,0.00694730272219274,0.219693001968171,0.00491494295196948,0.224526776022097,1.02200240340212,0.0228641033828872,0.402189622021311,0.705,0.0144213383567546,0.902645241851556,"02a_cor_to_smd_GROUPS",1000
0,100,0.3,"viechtbauer","population",1000,1000,1000,1000,0,0.00863788320416168,0.00510029107590264,0.161285365296831,0.00360825498454579,0.161539742801636,1.00157718900495,0.0224071531721637,0.161435959798683,0.949,0.00695693898205238,0.64114052003742,"02a_cor_to_smd_GROUPS",1000
0.2,100,0.3,"viechtbauer","population",1000,1000,1000,1000,0,-0.0584291364376979,0.00504352904057075,0.159490392134074,0.00356809808097476,0.161472713310506,1.01242909463014,0.0226499305778624,0.169781365239983,0.938,0.00762600813007697,0.640874151742219,"02a_cor_to_smd_GROUPS",1000
0.5,100,0.3,"viechtbauer","population",1000,1000,1000,1000,0,-0.131009927316893,0.00518908711358423,0.16409334255955,0.00367107468263837,0.160992627204923,0.98110395396753,0.021949128649991,0.20991259967632,0.877,0.0103860964755773,0.638964334215247,"02a_cor_to_smd_GROUPS",1000
0.8,100,0.3,"viechtbauer","population",1000,1000,1000,1000,0,-0.214986090470469,0.00480082158841942,0.151815308595128,0.00339639212126019,0.159957943159611,1.05363513495334,0.0235717866936727,0.263142279255324,0.756,0.0135817524642441,0.634847847856633,"02a_cor_to_smd_GROUPS",1000
1.2,100,0.3,"viechtbauer","population",1000,1000,1000,1000,0,-0.359753718769095,0.0045489617900706,0.143850802456998,0.00321821123721369,0.15737621287258,1.09402387880057,0.0244753583601913,0.387421086780712,0.371,0.0152760924322943,0.624559091239568,"02a_cor_to_smd_GROUPS",1000
0,300,0.3,"viechtbauer","population",1000,1000,1000,1000,0,-0.00119638759298232,0.0029658455419271,0.0937882710074604,0.00209821886649037,0.0925038981613715,0.986305613353436,0.0220654994897914,0.0937489993656621,0.955,0.00655553201502365,0.36408728520286,"02a_cor_to_smd_GROUPS",1000
0.2,300,0.3,"viechtbauer","population",1000,1000,1000,1000,0,-0.0555931955725091,0.00301316403285581,0.0952846130752278,0.00213169483447215,0.0924658173094632,0.970417093853976,0.0217100436207764,0.110275481070681,0.898,0.00957057991973318,0.363937343826653,"02a_cor_to_smd_GROUPS",1000
0.5,300,0.3,"viechtbauer","population",1000,1000,1000,1000,0,-0.137397260508375,0.00296021482129615,0.0936102119868413,0.00209423535349457,0.0922343752240627,0.985302492820206,0.0220430578091251,0.166229107293637,0.685,0.0146892818068141,0.363025922399243,"02a_cor_to_smd_GROUPS",1000
0.8,300,0.3,"viechtbauer","population",1000,1000,1000,1000,0,-0.22316207671627,0.00281751293907972,0.0890975822448714,0.00199327939428583,0.0916756842480533,1.02893571226317,0.0230192144570461,0.240274329188614,0.322,0.0147755202954075,0.360824967332925,"02a_cor_to_smd_GROUPS",1000
1.2,300,0.3,"viechtbauer","population",1000,1000,1000,1000,0,-0.360130037140108,0.00261026354898224,0.0825437810809838,0.00184665861642544,0.0901933790062516,1.0926732192915,0.0244451415832565,0.369459478116188,0.017,0.00408790900094413,0.354983508669777,"02a_cor_to_smd_GROUPS",1000
0,25,0.5,"viechtbauer","population",1000,1000,1000,1000,0,0.0190689965893456,0.0111629240373432,0.353002653054471,0.00789732893680411,0.335841029861804,0.951383869089454,0.0212842348190778,0.353341037556291,0.945,0.00720936890441875,1.38945989868197,"02a_cor_to_smd_GROUPS",1000
0.2,25,0.5,"viechtbauer","population",1000,1000,1000,1000,0,-0.0192314206729454,0.0110066085949109,0.348059524739039,0.00778674192011738,0.335497940412862,0.963909666498581,0.0215644603116618,0.348416611070574,0.951,0.00682634602111555,1.3880109087297,"02a_cor_to_smd_GROUPS",1000
0.5,25,0.5,"viechtbauer","population",1000,1000,1000,1000,0,-0.0527811551887477,0.010133884637298,0.320461569992511,0.00716932410546221,0.333793740672156,1.04160302491171,0.023302605909958,0.324620967541041,0.956,0.00648567652600714,1.38086231212264,"02a_cor_to_smd_GROUPS",1000
0.8,25,0.5,"viechtbauer","population",1000,1000,1000,1000,0,-0.120040502084801,0.0105756996023866,0.334432985932788,0.00748189078573657,0.329902473662051,0.98645315366216,0.0220688002421776,0.355166578943756,0.95,0.00689202437604511,1.3644134055212,"02a_cor_to_smd_GROUPS",1000
1.2,25,0.5,"viechtbauer","population",1000,1000,1000,1000,0,-0.229991735166568,0.00999118358550195,0.315948966510738,0.00706836873374316,0.321465546046552,1.01746034999493,0.0227624891613092,0.390666256457725,0.915,0.00881901355027874,1.32867621213627,"02a_cor_to_smd_GROUPS",1000
0,50,0.5,"viechtbauer","population",1000,1000,1000,1000,0,0.0119926144624975,0.00759377784824707,0.240136340457932,0.00537229863250925,0.23131823881804,0.96327877062224,0.0215503459920746,0.240315666048149,0.946,0.00714730718522718,0.930190357749609,"02a_cor_to_smd_GROUPS",1000
0.2,50,0.5,"viechtbauer","population",1000,1000,1000,1000,0,-0.0301299444475798,0.00745402662510857,0.235717018748811,0.00527343014834208,0.231169019457234,0.980705681262566,0.0219402185454055,0.237517923465396,0.94,0.00750999334220744,0.929588639398632,"02a_cor_to_smd_GROUPS",1000
0.5,50,0.5,"viechtbauer","population",1000,1000,1000,1000,0,-0.0779608193275421,0.00695423616277678,0.219912256610841,0.00491984808800487,0.230228246702641,1.04690957316697,0.0234213233097514,0.233218628238154,0.954,0.00662449998113065,0.925788900542125,"02a_cor_to_smd_GROUPS",1000
0.8,50,0.5,"viechtbauer","population",1000,1000,1000,1000,0,-0.15770347696241,0.00689968041743564,0.218187052463579,0.00488125204767438,0.228266457371024,1.04619616422531,0.0234053630187168,0.269125195622624,0.912,0.00895857131466843,0.917849931095204,"02a_cor_to_smd_GROUPS",1000
1.2,50,0.5,"viechtbauer","population",1000,1000,1000,1000,0,-0.268532882982329,0.00676892949396455,0.214052345220189,0.00478875092090976,0.222974255521821,1.04168097430773,0.0233043497835959,0.343340206399673,0.788,0.0129250145067617,0.896350181617217,"02a_cor_to_smd_GROUPS",1000
0,100,0.5,"viechtbauer","population",1000,1000,1000,1000,0,0.00229686269071949,0.00505137680365784,0.159738560193,0.00357365006415672,0.161540861856807,1.01128282151554,0.0226242863064693,0.159675191508074,0.948,0.00702111102319284,0.64114491339512,"02a_cor_to_smd_GROUPS",1000
0.2,100,0.5,"viechtbauer","population",1000,1000,1000,1000,0,-0.0372584841595932,0.0052436737721683,0.165819524269387,0.00370969259287026,0.16143958880702,0.973586129367669,0.0217809408665832,0.169872932382317,0.95,0.00689202437604511,0.64074234115675,"02a_cor_to_smd_GROUPS",1000
0.5,100,0.5,"viechtbauer","population",1000,1000,1000,1000,0,-0.0959529368679229,0.00508071685339644,0.160666374031365,0.00359440699334774,0.160880926124171,1.00133538890199,0.0224017436520555,0.187069067871259,0.905,0.00927227048785787,0.638520545510512,"02a_cor_to_smd_GROUPS",1000
0.8,100,0.5,"viechtbauer","population",1000,1000,1000,1000,0,-0.167592532196523,0.00483499895962133,0.152896091969479,0.00342057126479587,0.159597328976376,1.04382870039762,0.0233523984292683,0.226806293062257,0.848,0.0113532374237483,0.633410166841661,"02a_cor_to_smd_GROUPS",1000
1.2,100,0.5,"viechtbauer","population",1000,1000,1000,1000,0,-0.281147194857937,0.00462281343620795,0.146186196564466,0.0032704583670983,0.156137314180664,1.06807152692976,0.0238947557566866,0.316848195258243,0.586,0.0155757503832079,0.6196126482456,"02a_cor_to_smd_GROUPS",1000
0,300,0.5,"viechtbauer","population",1000,1000,1000,1000,0,0.00101491050421528,0.00281685849655881,0.0890768869552342,0.00199281640198735,0.0925054257813627,1.03848965700667,0.023232954052572,0.0890381218421498,0.949,0.00695693898205238,0.364093300897093,"02a_cor_to_smd_GROUPS",1000
0.2,300,0.5,"viechtbauer","population",1000,1000,1000,1000,0,-0.036936619657948,0.00287472677740771,0.0909068426728422,0.00203375593067556,0.0924566706591273,1.01704852946948,0.0227532759666653,0.0980821281501174,0.936,0.0077397674383666,0.363901326618318,"02a_cor_to_smd_GROUPS",1000
0.5,300,0.5,"viechtbauer","population",1000,1000,1000,1000,0,-0.104793737657467,0.00287001095203343,0.0907577151805389,0.00203041967002695,0.0921768273616846,1.01563627046277,0.0227216810938691,0.138601779765445,0.804,0.0125532465920175,0.362799301697342,"02a_cor_to_smd_GROUPS",1000
0.8,300,0.5,"viechtbauer","population",1000,1000,1000,1000,0,-0.165341075546213,0.002800354100921,0.0885549721390338,0.00198114019234739,0.0914400768261411,1.03257981587502,0.0231007398638767,0.187541495062381,0.589,0.0155588881350821,0.359896740504458,"02a_cor_to_smd_GROUPS",1000
1.2,300,0.5,"viechtbauer","population",1000,1000,1000,1000,0,-0.292487384564342,0.00257479665091436,0.0814222192866284,0.00182156718343949,0.0896053739725348,1.10050272220043,0.0246203021928112,0.303598119798288,0.072,0.00817410545564467,0.352665540162409,"02a_cor_to_smd_GROUPS",1000
0,25,0.15,"viechtbauer_g","population",1000,1000,1000,1000,0,-0.029332378039393,0.0106470090549365,0.33668798882036,0.00753233941382054,0.324788329351631,0.9646567152264,0.021581173187569,0.33779554676687,0.954,0.00662449998113065,1.34373445747589,"02a_cor_to_smd_GROUPS",1000
0.2,25,0.15,"viechtbauer_g","population",1000,1000,1000,1000,0,-0.0850442783297799,0.0102565728667878,0.324341312465322,0.0072561211939055,0.324711216268743,1.00114047698891,0.0223973831083655,0.335148652035763,0.95,0.00689202437604511,1.34340238890076,"02a_cor_to_smd_GROUPS",1000
0.5,25,0.15,"viechtbauer_g","population",1000,1000,1000,1000,0,-0.183036471065135,0.0107443305292302,0.339765564060496,0.00760119052241369,0.323574899512478,0.95234754118538,0.0213057939644918,0.385781735729938,0.919,0.00862780389206894,1.33863421873709,"02a_cor_to_smd_GROUPS",1000
0.8,25,0.15,"viechtbauer_g","population",1000,1000,1000,1000,0,-0.314045793758645,0.0102250378197327,0.323344086717175,0.00723381139059602,0.321966906766432,0.995740822215969,0.0222765827418013,0.45063467198391,0.887,0.0100115433375679,1.33188281789713,"02a_cor_to_smd_GROUPS",1000
1.2,25,0.15,"viechtbauer_g","population",1000,1000,1000,1000,0,-0.490549395374364,0.00990894860785182,0.313348468183664,0.00701019072711683,0.318028412921153,1.01493527242886,0.0227059984580309,0.582003251324844,0.71,0.0143492160064583,1.31530362175521,"02a_cor_to_smd_GROUPS",1000
0,50,0.15,"viechtbauer_g","population",1000,1000,1000,1000,0,0.00869827651041063,0.00757550650658963,0.239558549902486,0.00535937237817814,0.227682960479922,0.950427194406555,0.0212628322188679,0.239596683088064,0.945,0.00720936890441875,0.915572824167953,"02a_cor_to_smd_GROUPS",1000
0.2,50,0.15,"viechtbauer_g","population",1000,1000,1000,1000,0,-0.084559455969538,0.00721986223775516,0.228312090639464,0.00510776807037499,0.227634565716372,0.997032461482023,0.0223054791256201,0.243361019712063,0.939,0.00756828910652864,0.915377316836643,"02a_cor_to_smd_GROUPS",1000
0.5,50,0.15,"viechtbauer_g","population",1000,1000,1000,1000,0,-0.199205251855002,0.00736347452452994,0.2328535099014,0.00520936810493878,0.227104728406495,0.975311596130375,0.0218195427821119,0.306348280039145,0.864,0.0108399261990108,0.913231806014737,"02a_cor_to_smd_GROUPS",1000
0.8,50,0.15,"viechtbauer_g","population",1000,1000,1000,1000,0,-0.337599212103788,0.0072595359497948,0.229566683572253,0.00513583565849732,0.2262220703793,0.985430755278127,0.0220459272799681,0.408192833544705,0.684,0.0147018366199601,0.909661094829903,"02a_cor_to_smd_GROUPS",1000
1.2,50,0.15,"viechtbauer_g","population",1000,1000,1000,1000,0,-0.503390773071419,0.00705162607235849,0.222991995964801,0.00498874761186793,0.223733133777742,1.0033236072431,0.022446223811346,0.550525181301948,0.414,0.0155757503832079,0.899579597656421,"02a_cor_to_smd_GROUPS",1000
0,100,0.15,"viechtbauer_g","population",1000,1000,1000,1000,0,-0.00508874618298163,0.00530650936004198,0.167806560027352,0.00375414629556642,0.16029203082122,0.955219097483993,0.0213700360444153,0.167799814911518,0.942,0.00739161687318817,0.636188432394362,"02a_cor_to_smd_GROUPS",1000
0.2,100,0.15,"viechtbauer_g","population",1000,1000,1000,1000,0,-0.0774572785792434,0.00507762402596354,0.160568570240387,0.00359221893979647,0.160246441676596,0.997993825545629,0.0223269866360386,0.178202450847893,0.93,0.00806845710157772,0.636007206475237,"02a_cor_to_smd_GROUPS",1000
0.5,100,0.15,"viechtbauer_g","population",1000,1000,1000,1000,0,-0.213269248768209,0.0051598038442373,0.163167324274825,0.00365035792333731,0.159982859398226,0.980483439985597,0.0219352465927803,0.268478536582445,0.736,0.0139392969693597,0.634959018246079,"02a_cor_to_smd_GROUPS",1000
0.8,100,0.15,"viechtbauer_g","population",1000,1000,1000,1000,0,-0.339783043327471,0.00498854827784775,0.157751747757094,0.0035292013575923,0.159398482170125,1.01043877127477,0.0226054033254693,0.374584095817448,0.441,0.0157009235397157,0.632634148290974,"02a_cor_to_smd_GROUPS",1000
1.2,100,0.15,"viechtbauer_g","population",1000,1000,1000,1000,0,-0.527949492835817,0.00486791580779616,0.153937014105743,0.00344385863795454,0.157981835948322,1.02627582369371,0.0229597077797266,0.549912333643351,0.079,0.00852988862764339,0.626990760423659,"02a_cor_to_smd_GROUPS",1000
0,300,0.15,"viechtbauer_g","population",1000,1000,1000,1000,0,-0.00436008117818,0.00293407010730272,0.0927834435369123,0.00207573899844691,0.092271160764452,0.994478726452349,0.0222483473013342,0.0928394793988697,0.957,0.00641490451994416,0.363171254211638,"02a_cor_to_smd_GROUPS",1000
0.2,300,0.15,"viechtbauer_g","population",1000,1000,1000,1000,0,-0.084172984153196,0.0029219561033719,0.0924003650968561,0.00206716881795805,0.0922473851284531,0.998344379178127,0.0223348291758095,0.124957516395839,0.847,0.0113838042850358,0.363077642165166,"02a_cor_to_smd_GROUPS",1000
0.5,300,0.15,"viechtbauer_g","population",1000,1000,1000,1000,0,-0.21844646531268,0.00292056304684363,0.0923563127814691,0.00206618328535078,0.0921177034150507,0.997416426021869,0.0223140691298169,0.237149777629417,0.335,0.0149256490646136,0.362566986068915,"02a_cor_to_smd_GROUPS",1000
0.8,300,0.15,"viechtbauer_g","population",1000,1000,1000,1000,0,-0.349109005224423,0.00284405426620764,0.0899368927033498,0.00201205633749957,0.0918217694401626,1.02095777027821,0.022840732988001,0.360496398807604,0.03,0.00539444158370447,0.36140144507159,"02a_cor_to_smd_GROUPS",1000
1.2,300,0.15,"viechtbauer_g","population",1000,1000,1000,1000,0,-0.53130178183278,0.00276834646264972,0.0875428017444335,0.00195849604937258,0.0910423855966913,1.0399756894059,0.023266199374005,0.538458598012711,0,0,0.358330811564171,"02a_cor_to_smd_GROUPS",1000
0,25,0.3,"viechtbauer_g","population",1000,1000,1000,1000,0,-0.0238585815222663,0.0103981161249508,0.328817303297685,0.00735625747224626,0.324818441029723,0.987838650132283,0.0220997963870243,0.329517723409938,0.958,0.00634318531969546,1.34385674721292,"02a_cor_to_smd_GROUPS",1000
0.2,25,0.3,"viechtbauer_g","population",1000,1000,1000,1000,0,-0.0548304229975465,0.010364348926175,0.327749490714334,0.00733236850954127,0.324579061744963,0.990326670035515,0.0221554580411426,0.332142566108188,0.957,0.00641490451994416,1.34284625143699,"02a_cor_to_smd_GROUPS",1000
0.5,25,0.3,"viechtbauer_g","population",1000,1000,1000,1000,0,-0.103290682593571,0.0109366997422347,0.345848812708382,0.00773728416126038,0.3227473224688,0.933203499937816,0.0208775059910062,0.360777985693683,0.934,0.00785136930732467,1.33513455994779,"02a_cor_to_smd_GROUPS",1000
0.8,25,0.3,"viechtbauer_g","population",1000,1000,1000,1000,0,-0.187390282511778,0.0100793372279273,0.318736629451778,0.00713073396250232,0.319992289818173,1.00393949188882,0.0224600023016557,0.36960325200838,0.922,0.00848033018225116,1.32356841705391,"02a_cor_to_smd_GROUPS",1000
1.2,25,0.3,"viechtbauer_g","population",1000,1000,1000,1000,0,-0.31497886614669,0.0097893909256455,0.309567722308238,0.00692560837753292,0.312732597959391,1.01022353243922,0.0226005880305427,0.441529193417004,0.875,0.0104582503316759,1.29266456838409,"02a_cor_to_smd_GROUPS",1000
0,50,0.3,"viechtbauer_g","population",1000,1000,1000,1000,0,0.00222106093723569,0.00736794719218841,0.232994948071578,0.00521253234108388,0.227699824379445,0.977273654489254,0.02186343769372,0.232889012820994,0.947,0.00708456067798138,0.915640744078838,"02a_cor_to_smd_GROUPS",1000
0.2,50,0.3,"viechtbauer_g","population",1000,1000,1000,1000,0,-0.0431989341542111,0.0072567044451667,0.229477143533952,0.00513383248053433,0.227554989463559,0.991623766790924,0.0221844765191956,0.233395046128142,0.941,0.00745110730026082,0.91505450053961,"02a_cor_to_smd_GROUPS",1000
0.5,50,0.3,"viechtbauer_g","population",1000,1000,1000,1000,0,-0.133584768657099,0.00708480867819654,0.22404132209628,0.00501222299810246,0.226859900872406,1.012580620172,0.0226533204873604,0.260747406333818,0.91,0.00904986187739901,0.91224697777591,"02a_cor_to_smd_GROUPS",1000
0.8,50,0.3,"viechtbauer_g","population",1000,1000,1000,1000,0,-0.20261717315608,0.00677527402823756,0.214252977010147,0.00479323942893304,0.225089123950109,1.05057641247827,0.0235033573566605,0.294808671306177,0.879,0.0103130499853341,0.905086370094419,"02a_cor_to_smd_GROUPS",1000
1.2,50,0.3,"viechtbauer_g","population",1000,1000,1000,1000,0,-0.350524125226938,0.00683808713770397,0.21623930193846,0.00483767722904171,0.220997086291103,1.02200240340212,0.0228641033828873,0.411800726848848,0.675,0.0148113132435986,0.888455140798395,"02a_cor_to_smd_GROUPS",1000
0,100,0.3,"viechtbauer_g","population",1000,1000,1000,1000,0,0.00857157956781512,0.00506114168747431,0.160047352932469,0.00358055833472009,0.160299777857785,1.00157718900495,0.0224071531721637,0.16019679148409,0.949,0.00695693898205238,0.636219181454476,"02a_cor_to_smd_GROUPS",1000
0.2,100,0.3,"viechtbauer_g","population",1000,1000,1000,1000,0,-0.059515822010198,0.00500481535256346,0.158266157826792,0.00354070967203032,0.16023326287917,1.01242909463014,0.0226499305778624,0.169012607831757,0.939,0.00756828910652864,0.635954857779023,"02a_cor_to_smd_GROUPS",1000
0.5,100,0.3,"viechtbauer_g","population",1000,1000,1000,1000,0,-0.13384226285749,0.00514925613453325,0.162833776407195,0.00364289583430185,0.159756861872564,0.98110395396753,0.021949128649991,0.21071799929551,0.874,0.010493998284734,0.63405969984443,"02a_cor_to_smd_GROUPS",1000
0.8,100,0.3,"viechtbauer_g","population",1000,1000,1000,1000,0,-0.219476606097774,0.00476397090159722,0.150649987558131,0.0033703217122519,0.158730119971531,1.05363513495334,0.0235717866936727,0.266162927464948,0.744,0.0138008695378226,0.62997481127524,"02a_cor_to_smd_GROUPS",1000
1.2,100,0.3,"viechtbauer_g","population",1000,1000,1000,1000,0,-0.366203375769024,0.0045140443570428,0.142746616272856,0.00319350852909467,0.156168206820487,1.09402387880058,0.0244753583601913,0.393015435174652,0.346,0.0150427391122761,0.619765030254518,"02a_cor_to_smd_GROUPS",1000
0,300,0.3,"viechtbauer_g","population",1000,1000,1000,1000,0,-0.0011933736001586,0.00295837385195633,0.0935519954246778,0.00209293294022091,0.0922708582277746,0.986305613353436,0.0220654994897914,0.0935128227177458,0.955,0.00655553201502365,0.363170060324195,"02a_cor_to_smd_GROUPS",1000
0.2,300,0.3,"viechtbauer_g","population",1000,1000,1000,1000,0,-0.0559569916155257,0.00300557313603859,0.0950445678409706,0.00212632457405558,0.0922328733108418,0.970417093853976,0.0217100436207764,0.110252534287702,0.897,0.00961202372032029,0.36302049668697,"02a_cor_to_smd_GROUPS",1000
0.5,300,0.3,"viechtbauer_g","population",1000,1000,1000,1000,0,-0.138310745453471,0.00295275731648717,0.0933743849782612,0.00208895946266818,0.0920020142846344,0.985302492820207,0.0220430578091251,0.166852987094009,0.68,0.0147512711316686,0.362111371352948,"02a_cor_to_smd_GROUPS",1000
0.8,300,0.3,"viechtbauer_g","population",1000,1000,1000,1000,0,-0.224615272462721,0.00281041493519791,0.0888731236537992,0.00198825783620107,0.0914447307877748,1.02893571226317,0.0230192144570461,0.241542034228781,0.313,0.0146639353517397,0.359915961030503,"02a_cor_to_smd_GROUPS",1000
1.2,300,0.3,"viechtbauer_g","population",1000,1000,1000,1000,0,-0.362245874896842,0.00260368765697968,0.08233583311723,0.00184200643192401,0.0899661598352516,1.0926732192915,0.0244451415832565,0.371476088201477,0.015,0.00384382621875651,0.35408921842977,"02a_cor_to_smd_GROUPS",1000
0,25,0.5,"viechtbauer_g","population",1000,1000,1000,1000,0,0.0184391880801971,0.0107942363346234,0.341343724195575,0.00763649691343887,0.32474891301459,0.951383869089453,0.0212842348190778,0.341670932575064,0.945,0.00720936890441875,1.34356898548104,"02a_cor_to_smd_GROUPS",1000
0.2,25,0.5,"viechtbauer_g","population",1000,1000,1000,1000,0,-0.0252018234108889,0.0106430836596862,0.336563856923287,0.00752956235134168,0.324417155082401,0.963909666498581,0.0215644603116618,0.337338237471718,0.95,0.00689202437604511,1.34216785259337,"02a_cor_to_smd_GROUPS",1000
0.5,25,0.5,"viechtbauer_g","population",1000,1000,1000,1000,0,-0.0675518450147169,0.00979918392321506,0.309877404082641,0.00693253653746892,0.322769241444268,1.04160302491171,0.023302605909958,0.317003522567696,0.954,0.00662449998113065,1.33525535896899,"02a_cor_to_smd_GROUPS",1000
0.8,25,0.5,"viechtbauer_g","population",1000,1000,1000,1000,0,-0.142498122005013,0.0102264066771625,0.323387373789876,0.00723477980329455,0.319006494729547,0.98645315366216,0.0220688002421776,0.353242875240453,0.944,0.00727076337120113,1.31934972486201,"02a_cor_to_smd_GROUPS",1000
1.2,25,0.5,"viechtbauer_g","population",1000,1000,1000,1000,0,-0.262029050621216,0.00966119598446951,0.305513842321964,0.00683491550753629,0.310848220937201,1.01746034999493,0.0227624891613092,0.40237369758961,0.903,0.00935900635751467,1.28479285517064,"02a_cor_to_smd_GROUPS",1000
0,50,0.5,"viechtbauer_g","population",1000,1000,1000,1000,0,0.0118040836829353,0.00747439930389131,0.236361259418736,0.00528784301589658,0.227681783395604,0.96327877062224,0.0215503459920746,0.236537765907795,0.946,0.00714730718522718,0.915567231671785,"02a_cor_to_smd_GROUPS",1000
0.2,50,0.5,"viechtbauer_g","population",1000,1000,1000,1000,0,-0.0328003991760072,0.0073368450501564,0.232011411982265,0.00519052880102177,0.227534909848758,0.980705681262566,0.0219402185454055,0.234203612655356,0.942,0.00739161687318817,0.914974972678493,"02a_cor_to_smd_GROUPS",1000
0.5,50,0.5,"viechtbauer_g","population",1000,1000,1000,1000,0,-0.0845955173733116,0.00684491158062429,0.21645510977236,0.00484250525352453,0.226608926581592,1.04690957316697,0.0234213233097514,0.232298005354493,0.953,0.00669260786241059,0.911234967896736,"02a_cor_to_smd_GROUPS",1000
0.8,50,0.5,"viechtbauer_g","population",1000,1000,1000,1000,0,-0.167800746792695,0.00679121348289877,0.214757026824051,0.00480451596509074,0.224677977703754,1.04619616422531,0.0234053630187168,0.272454676256293,0.903,0.00935900635751467,0.90342080360414,"02a_cor_to_smd_GROUPS",1000
1.2,50,0.5,"viechtbauer_g","population",1000,1000,1000,1000,0,-0.283176080448329,0.00666251803895698,0.210687319550625,0.00471346900910714,0.219468972303779,1.04168097430773,0.0233043497835959,0.352892972458912,0.77,0.0133078923951165,0.882259042522441,"02a_cor_to_smd_GROUPS",1000
0,100,0.5,"viechtbauer_g","population",1000,1000,1000,1000,0,0.00227923217349855,0.00501260287690715,0.158512420969392,0.00354621903867474,0.160300888323187,1.01128282151554,0.0226242863064693,0.158449538696952,0.948,0.00702111102319284,0.636223541089147,"02a_cor_to_smd_GROUPS",1000
0.2,100,0.5,"viechtbauer_g","population",1000,1000,1000,1000,0,-0.0385076738082297,0.00520342379069803,0.16454670809713,0.00368121731683079,0.160200392636477,0.973586129367669,0.0217809408665832,0.168912357359009,0.95,0.00689202437604511,0.635824058960085,"02a_cor_to_smd_GROUPS",1000
0.5,100,0.5,"viechtbauer_g","population",1000,1000,1000,1000,0,-0.0990543668025042,0.00504171771498888,0.159433112989845,0.00356681663949187,0.159646018199542,1.001335388902,0.0224017436520555,0.187630664292274,0.9,0.00948683298050514,0.633619317622997,"02a_cor_to_smd_GROUPS",1000
0.8,100,0.5,"viechtbauer_g","population",1000,1000,1000,1000,0,-0.172446836633967,0.00479788593028559,0.151722474933783,0.00339431525879555,0.158372273831241,1.04382870039762,0.0233523984292683,0.229640155799665,0.843,0.0115043904662524,0.628548165774055,"02a_cor_to_smd_GROUPS",1000
1.2,100,0.5,"viechtbauer_g","population",1000,1000,1000,1000,0,-0.288200228663581,0.00458732912440056,0.145064084099317,0.00324535461457776,0.154938817806624,1.06807152692976,0.0238947557566866,0.322617291397746,0.567,0.0156687906361659,0.614856555724551,"02a_cor_to_smd_GROUPS",1000
0,300,0.5,"viechtbauer_g","population",1000,1000,1000,1000,0,0.00101235369654328,0.00280976214137771,0.088852480500656,0.00198779601029338,0.0922723819993177,1.03848965700667,0.023232954052572,0.0888138130463682,0.949,0.00695693898205238,0.363176060863423,"02a_cor_to_smd_GROUPS",1000
0.2,300,0.5,"viechtbauer_g","population",1000,1000,1000,1000,0,-0.037347416176606,0.00286748463788027,0.0906778261124479,0.00202863240230046,0.0922237497031541,1.01704852946948,0.0227532759666653,0.0980258903320928,0.935,0.0077958322198467,0.362984570214788,"02a_cor_to_smd_GROUPS",1000
0.5,300,0.5,"viechtbauer_g","population",1000,1000,1000,1000,0,-0.105789358847103,0.00286278069282297,0.0905290743087545,0.00202530454650803,0.09194461139939,1.01563627046277,0.0227216810938691,0.139207421595208,0.802,0.012601428490453,0.361885321563996,"02a_cor_to_smd_GROUPS",1000
0.8,300,0.5,"viechtbauer_g","population",1000,1000,1000,1000,0,-0.166939936529924,0.00279329932434728,0.0883318805154683,0.00197614921587994,0.0912097169185566,1.03257981587502,0.0231007398638767,0.188848248609561,0.584,0.0155866609637857,0.358990072632337,"02a_cor_to_smd_GROUPS",1000
1.2,300,0.5,"viechtbauer_g","population",1000,1000,1000,1000,0,-0.294773630699294,0.00256831010869851,0.0812170968112191,0.00181697821039178,0.0893796361299624,1.10050272220043,0.0246203021928112,0.305746813480161,0.067,0.00790638982089803,0.351777089451737,"02a_cor_to_smd_GROUPS",1000
0,25,0.15,"biserial_split_p","sample",1000,1000,1000,1000,0,0.0170901169557611,0.0119352716212282,0.377426428158516,0.00844373442187964,0.363859507831464,0.964054132633885,0.0215676922890445,0.189046639682671,0.997,0.00172945077987204,1.50504879290712,"02a_cor_to_smd_GROUPS",1000
0.2,25,0.15,"biserial_split_p","sample",1000,1000,1000,1000,0,-0.0648437251179552,0.0114754447617674,0.362885426106334,0.00811842503600626,0.363657161646248,1.0021266644632,0.0224194459648637,0.196339912174267,0.992,0.00281709069786544,1.50410329531137,"02a_cor_to_smd_GROUPS",1000
0.5,25,0.15,"biserial_split_p","sample",1000,1000,1000,1000,0,-0.183669902691197,0.011899167171341,0.376284705205407,0.0084181919461011,0.358765276494435,0.953441028910785,0.0213302573280988,0.280976969598579,0.975,0.00493710441453288,1.48315417743388,"02a_cor_to_smd_GROUPS",1000
0.8,25,0.15,"biserial_split_p","sample",1000,1000,1000,1000,0,-0.291140632507084,0.0111685277656431,0.353179858502634,0.00790129335378916,0.352433820203229,0.997887653326076,0.0223246113651036,0.368482902680249,0.933,0.00790638982089803,1.45610103791262,"02a_cor_to_smd_GROUPS",1000
1.2,25,0.15,"biserial_split_p","sample",1000,1000,1000,1000,0,-0.456487206037061,0.0105586635458829,0.333894258523797,0.00746983844698144,0.338974026047814,1.01521370132711,0.022712227432731,0.526649399022052,0.805,0.0125289664378192,1.39875396338457,"02a_cor_to_smd_GROUPS",1000
0,50,0.15,"biserial_split_p","sample",1000,1000,1000,1000,0,-0.00495703567742656,0.00854188605742156,0.270118154550879,0.00604304783500201,0.256630845210977,0.95006885278656,0.0212548154472647,0.135921938404874,0.999,0.000999499874937461,1.03192396838713,"02a_cor_to_smd_GROUPS",1000
0.2,50,0.15,"biserial_split_p","sample",1000,1000,1000,1000,0,-0.0656502395361627,0.0081322757145218,0.257165138183621,0.00575326465606295,0.256352138360898,0.996838607952596,0.0223011422599501,0.146206605353954,0.999,0.000999499874937461,1.03078359484788,"02a_cor_to_smd_GROUPS",1000
0.5,50,0.15,"biserial_split_p","sample",1000,1000,1000,1000,0,-0.175808940142548,0.00820119833790337,0.259344662905619,0.00580202469655153,0.253576322708332,0.977758014633269,0.021874273735172,0.228767228247037,0.971,0.00530650544143696,1.0193909080263,"02a_cor_to_smd_GROUPS",1000
0.8,50,0.15,"biserial_split_p","sample",1000,1000,1000,1000,0,-0.278972285884995,0.00799230888488996,0.252738998398528,0.00565424363879665,0.249251743804817,0.986202150772901,0.0220631848385442,0.320466879108003,0.904,0.00931579304192617,1.00175704805791,"02a_cor_to_smd_GROUPS",1000
1.2,50,0.15,"biserial_split_p","sample",1000,1000,1000,1000,0,-0.452508384529362,0.00755520623457861,0.238916598935728,0.00534501073556181,0.239516832970198,1.00251231616867,0.0224280737141079,0.488408330729252,0.591,0.0155473148807117,0.962015495607532,"02a_cor_to_smd_GROUPS",1000
0,100,0.15,"biserial_split_p","sample",1000,1000,1000,1000,0,0.00313347936430816,0.00606171838360664,0.191688366267112,0.00428842692447521,0.183056931366792,0.954971524519686,0.0213644973746118,0.101501148123115,0.999,0.000999499874937461,0.726530577184021,"02a_cor_to_smd_GROUPS",1000
0.2,100,0.15,"biserial_split_p","sample",1000,1000,1000,1000,0,-0.074454431207409,0.00578913013183967,0.183068368877242,0.00409558147633719,0.182727291761951,0.998136886686747,0.0223301871810761,0.123409821324318,0.996,0.00199599599197994,0.725210346149206,"02a_cor_to_smd_GROUPS",1000
0.5,100,0.15,"biserial_split_p","sample",1000,1000,1000,1000,0,-0.177702076936371,0.0058331408201602,0.184460109042088,0.00412671730430123,0.180941238834524,0.980923408178395,0.0219450895033369,0.207020753406898,0.945,0.00720936890441875,0.718062329061669,"02a_cor_to_smd_GROUPS",1000
0.8,100,0.15,"biserial_split_p","sample",1000,1000,1000,1000,0,-0.295304245346291,0.00555386460892681,0.175628619804091,0.00392914038834657,0.177547374392927,1.01092506785612,0.0226162826886428,0.316422157055042,0.707,0.0143927412260486,0.704490701640788,"02a_cor_to_smd_GROUPS",1000
1.2,100,0.15,"biserial_split_p","sample",1000,1000,1000,1000,0,-0.460128388583709,0.00526714832668851,0.166561854862803,0.003726299915295,0.171102381258598,1.02726030158306,0.0229817323896153,0.478762660140199,0.194,0.0125045591685593,0.678704842714516,"02a_cor_to_smd_GROUPS",1000
0,300,0.15,"biserial_split_p","sample",1000,1000,1000,1000,0,0.00264930560782673,0.00335911701066186,0.106224606807076,0.00237644293570992,0.105627127146336,0.994375317747003,0.0222460338553757,0.0563715200332571,1,0,0.415738652294708,"02a_cor_to_smd_GROUPS",1000
0.2,300,0.15,"biserial_split_p","sample",1000,1000,1000,1000,0,-0.0706361701668121,0.00333975730015022,0.105612399006493,0.00236274670329625,0.105427192545774,0.998246356843886,0.0223326362330371,0.0905907091524929,0.99,0.00314642654451046,0.414949816376964,"02a_cor_to_smd_GROUPS",1000
0.5,300,0.15,"biserial_split_p","sample",1000,1000,1000,1000,0,-0.174947359510487,0.00331105964203462,0.104704899374912,0.00234244424086824,0.104433891623138,0.997411699420069,0.022313963386903,0.1849256061517,0.701,0.0144775343204566,0.41103033807056,"02a_cor_to_smd_GROUPS",1000
0.8,300,0.15,"biserial_split_p","sample",1000,1000,1000,1000,0,-0.289905457727481,0.0031765675149562,0.100451884885626,0.00224729635995499,0.102547108476294,1.0208579818393,0.0228385005341672,0.296945285540151,0.098,0.00940191469861326,0.403586090496376,"02a_cor_to_smd_GROUPS",1000
1.2,300,0.15,"biserial_split_p","sample",1000,1000,1000,1000,0,-0.459218317775042,0.00300515377972942,0.095031306630089,0.0021260278959895,0.0987575151985325,1.03921032658162,0.0232490767775398,0.465167568031174,0,0,0.388633628009431,"02a_cor_to_smd_GROUPS",1000
0,25,0.3,"biserial_split_p","sample",1000,1000,1000,1000,0,0.00699757539854003,0.010674106124856,0.337544873408985,0.00755150952316304,0.333501195070752,0.988020323646472,0.022103860762995,0.0977432335899193,1,0,1.3797339408053,"02a_cor_to_smd_GROUPS",1000
0.2,25,0.3,"biserial_split_p","sample",1000,1000,1000,1000,0,-0.0428576283424827,0.0106299810123909,0.336149514834979,0.0075202927446251,0.333080655457387,0.990870552411479,0.022167625706141,0.110207902848386,0.999,0.000999499874937461,1.37794601012205,"02a_cor_to_smd_GROUPS",1000
0.5,25,0.3,"biserial_split_p","sample",1000,1000,1000,1000,0,-0.125699718208796,0.0111723793476963,0.353301656221466,0.00790401819633934,0.329882238642165,0.933712686688849,0.0208888974500459,0.17872711658433,0.994,0.00244213021765835,1.36441159024756,"02a_cor_to_smd_GROUPS",1000
0.8,25,0.3,"biserial_split_p","sample",1000,1000,1000,1000,0,-0.205605909743785,0.0102421210610525,0.323884306241064,0.00724589711074946,0.325295039315713,1.00435566974832,0.022469312978004,0.248829691170449,0.986,0.00371537346709587,1.34508903782522,"02a_cor_to_smd_GROUPS",1000
1.2,25,0.3,"biserial_split_p","sample",1000,1000,1000,1000,0,-0.342511648789785,0.00982833855061904,0.310799354351943,0.00695316228766385,0.314589347647106,1.01219434095372,0.0226446786994819,0.39669035263069,0.909,0.00909499862561837,1.29940323116333,"02a_cor_to_smd_GROUPS",1000
0,50,0.3,"biserial_split_p","sample",1000,1000,1000,1000,0,-0.000781681381435532,0.0076302950959513,0.241291117224191,0.0053981331464791,0.235793605093702,0.977216268075954,0.0218621538524276,0.0745023085546055,1,0,0.948179975774925,"02a_cor_to_smd_GROUPS",1000
0.2,50,0.3,"biserial_split_p","sample",1000,1000,1000,1000,0,-0.0507181054438716,0.00750647474558109,0.237375573945692,0.00531053512711852,0.235456062099752,0.991913608405305,0.0221909608176804,0.0915606898401381,0.999,0.000999499874937461,0.946807553082397,"02a_cor_to_smd_GROUPS",1000
0.5,50,0.3,"biserial_split_p","sample",1000,1000,1000,1000,0,-0.122419178928713,0.00730319680065182,0.230947360905144,0.00516672399023954,0.233856915582573,1.01259834564043,0.0226537170392093,0.147611147913292,0.999,0.000999499874937461,0.94033017210524,"02a_cor_to_smd_GROUPS",1000
0.8,50,0.3,"biserial_split_p","sample",1000,1000,1000,1000,0,-0.21440707982074,0.00693413643994162,0.219276647565869,0.00490562832602881,0.230274220731691,1.05015387314565,0.0234939043622721,0.234594159957556,0.979,0.00453420334788814,0.925806898252885,"02a_cor_to_smd_GROUPS",1000
1.2,50,0.3,"biserial_split_p","sample",1000,1000,1000,1000,0,-0.344678086692201,0.00690656765159497,0.218404845930803,0.00488612449448483,0.223289112128863,1.02236336001266,0.022872178656715,0.368571593481524,0.806,0.0125045591685593,0.897342875511116,"02a_cor_to_smd_GROUPS",1000
0,100,0.3,"biserial_split_p","sample",1000,1000,1000,1000,0,-0.00275236807491113,0.00524619295955708,0.1658991879694,0.00371147481869175,0.166165525554175,1.00160541825452,0.0224077847132231,0.0520607164149689,1,0,0.659498676705666,"02a_cor_to_smd_GROUPS",1000
0.2,100,0.3,"biserial_split_p","sample",1000,1000,1000,1000,0,-0.0458694338202173,0.00518467490730218,0.163953816345972,0.00366795322053491,0.165983812686959,1.01238151319822,0.0226488660923241,0.0695894234474674,1,0,0.658775433134715,"02a_cor_to_smd_GROUPS",1000
0.5,100,0.3,"biserial_split_p","sample",1000,1000,1000,1000,0,-0.124623618073218,0.00531027245169216,0.167925559433937,0.00375680853464297,0.164814086363363,0.981471116838545,0.021957342769462,0.138809288444523,0.995,0.00223047080231955,0.654113047616618,"02a_cor_to_smd_GROUPS",1000
0.8,100,0.3,"biserial_split_p","sample",1000,1000,1000,1000,0,-0.210388939050499,0.00488116557157314,0.154356008425688,0.00345323232378558,0.162607241499501,1.05345585933434,0.0235677759630978,0.220681455818261,0.941,0.00745110730026082,0.645323164199627,"02a_cor_to_smd_GROUPS",1000
1.2,100,0.3,"biserial_split_p","sample",1000,1000,1000,1000,0,-0.338387091099383,0.00456563036744284,0.144377909155508,0.00323000359896199,0.158006015282091,1.09439190667254,0.0244835918313498,0.348704806472254,0.424,0.0156276677722557,0.626966941377057,"02a_cor_to_smd_GROUPS",1000
0,300,0.3,"biserial_split_p","sample",1000,1000,1000,1000,0,0.000406433800884293,0.00306842166605482,0.097032012865418,0.00217078743280768,0.0957049845499932,0.986323809264213,0.0220659065663146,0.0307135258102251,1,0,0.376686398845707,"02a_cor_to_smd_GROUPS",1000
0.2,300,0.3,"biserial_split_p","sample",1000,1000,1000,1000,0,-0.0476287794540068,0.00311509451599074,0.0985079379723054,0.00220380663522534,0.0955936469511199,0.970415673283052,0.0217100118399505,0.0572979379045161,1,0,0.376247736271105,"02a_cor_to_smd_GROUPS",1000
0.5,300,0.3,"biserial_split_p","sample",1000,1000,1000,1000,0,-0.124004420709574,0.00304886067586122,0.0964134400424182,0.00215694880294944,0.0949813663194033,0.985146534317364,0.022039568726007,0.12875481553447,0.963,0.00596917079668525,0.373835177010498,"02a_cor_to_smd_GROUPS",1000
0.8,300,0.3,"biserial_split_p","sample",1000,1000,1000,1000,0,-0.210443489118749,0.00288058011336607,0.0910919414082282,0.00203789693524445,0.0937390257200704,1.02905947848865,0.0230219833387682,0.214139853759391,0.271,0.014055568291606,0.368938549597291,"02a_cor_to_smd_GROUPS",1000
1.2,300,0.3,"biserial_split_p","sample",1000,1000,1000,1000,0,-0.344022143846271,0.00263412210642708,0.0832982549131004,0.00186353760578962,0.0910277447632189,1.09279293855774,0.0244478199269386,0.34744250793569,0,0,0.358250312161811,"02a_cor_to_smd_GROUPS",1000
0,25,0.5,"biserial_split_p","sample",1000,1000,1000,1000,0,-0.0043505057021899,0.0107975276293871,0.341447804074618,0.00763882537480706,0.324847709196602,0.951383213832623,0.0212842201597581,0.0802551471606164,1,0,1.34397734172417,"02a_cor_to_smd_GROUPS",1000
0.2,25,0.5,"biserial_split_p","sample",1000,1000,1000,1000,0,-0.0420329047823968,0.0106461932218573,0.336662189913153,0.00753176224406089,0.324513029553467,0.96391290520976,0.0215645327676824,0.0937006215443821,1,0,1.34256375570573,"02a_cor_to_smd_GROUPS",1000
0.5,25,0.5,"biserial_split_p","sample",1000,1000,1000,1000,0,-0.107229936447702,0.00980155307532088,0.309952323250419,0.00693421261923911,0.322849808212174,1.04161118983236,0.0233027885744891,0.141620822997554,0.999,0.000999499874937461,1.33558674466839,"02a_cor_to_smd_GROUPS",1000
0.8,25,0.5,"biserial_split_p","sample",1000,1000,1000,1000,0,-0.18133061721054,0.0102280417341905,0.323439078833003,0.00723593654172054,0.319059891416049,0.986460549440239,0.0220689656995523,0.221437673606357,0.992,0.00281709069786544,1.3195656960937,"02a_cor_to_smd_GROUPS",1000
1.2,25,0.5,"biserial_split_p","sample",1000,1000,1000,1000,0,-0.302292782658865,0.00966137749327473,0.305519582134362,0.00683504391786453,0.310856579730397,1.01746859418552,0.0227626735992571,0.346818433804203,0.946,0.00714730718522718,1.28481714369635,"02a_cor_to_smd_GROUPS",1000
0,50,0.5,"biserial_split_p","sample",1000,1000,1000,1000,0,-0.00288847821208944,0.00747439930389131,0.236361259418736,0.00528784301589658,0.227681783395604,0.96327877062224,0.0215503459920746,0.0580859740349947,1,0,0.915567231671785,"02a_cor_to_smd_GROUPS",1000
0.2,50,0.5,"biserial_split_p","sample",1000,1000,1000,1000,0,-0.0409534783255204,0.0073368450501564,0.232011411982265,0.00519052880102177,0.227534909848758,0.980705681262566,0.0219402185454055,0.0710965577569213,1,0,0.914974972678493,"02a_cor_to_smd_GROUPS",1000
0.5,50,0.5,"biserial_split_p","sample",1000,1000,1000,1000,0,-0.106737372376549,0.00684491158062429,0.21645510977236,0.00484250525352453,0.226608926581592,1.04690957316697,0.0234213233097514,0.124051558073247,1,0,0.911234967896736,"02a_cor_to_smd_GROUPS",1000
0.8,50,0.5,"biserial_split_p","sample",1000,1000,1000,1000,0,-0.176201506674879,0.00679121348289877,0.214757026824051,0.00480451596509074,0.224677977703754,1.04619616422531,0.0234053630187168,0.192265564193624,0.994,0.00244213021765835,0.90342080360414,"02a_cor_to_smd_GROUPS",1000
1.2,50,0.5,"biserial_split_p","sample",1000,1000,1000,1000,0,-0.298318655444573,0.00666251803895698,0.210687319550625,0.00471346900910714,0.219468972303779,1.04168097430773,0.0233043497835959,0.317460983525264,0.893,0.00977501918156686,0.882259042522441,"02a_cor_to_smd_GROUPS",1000
0,100,0.5,"biserial_split_p","sample",1000,1000,1000,1000,0,-0.000550055844406942,0.00501260287690715,0.158512420969392,0.00354621903867474,0.160300888323187,1.01128282151554,0.0226242863064693,0.0393827433451176,1,0,0.636223541089147,"02a_cor_to_smd_GROUPS",1000
0.2,100,0.5,"biserial_split_p","sample",1000,1000,1000,1000,0,-0.0404897997458149,0.00520342379069803,0.16454670809713,0.00368121731683079,0.160200392636477,0.973586129367669,0.0217809408665832,0.0584277079302754,1,0,0.635824058960085,"02a_cor_to_smd_GROUPS",1000
0.5,100,0.5,"biserial_split_p","sample",1000,1000,1000,1000,0,-0.105204004778069,0.00504171771498888,0.159433112989845,0.00356681663949187,0.159646018199542,1.001335388902,0.0224017436520555,0.115121159597087,0.999,0.000999499874937461,0.633619317622997,"02a_cor_to_smd_GROUPS",1000
0.8,100,0.5,"biserial_split_p","sample",1000,1000,1000,1000,0,-0.178417004572906,0.00479788593028559,0.151722474933783,0.00339431525879555,0.158372273831241,1.04382870039762,0.0233523984292683,0.186854586693938,0.974,0.00503229569878401,0.628548165774055,"02a_cor_to_smd_GROUPS",1000
1.2,100,0.5,"biserial_split_p","sample",1000,1000,1000,1000,0,-0.300331261180861,0.00458732912440056,0.145064084099317,0.00324535461457776,0.154938817806624,1.06807152692976,0.0238947557566866,0.309590337170169,0.571,0.0156511660907422,0.614856555724551,"02a_cor_to_smd_GROUPS",1000
0,300,0.5,"biserial_split_p","sample",1000,1000,1000,1000,0,-0.000247509622180015,0.00280976214137771,0.088852480500656,0.00198779601029338,0.0922723819993177,1.03848965700667,0.023232954052572,0.0223175428492404,1,0,0.363176060863423,"02a_cor_to_smd_GROUPS",1000
0.2,300,0.5,"biserial_split_p","sample",1000,1000,1000,1000,0,-0.0412769688838684,0.00286748463788027,0.0906778261124479,0.00202863240230046,0.0922237497031541,1.01704852946948,0.0227532759666653,0.0474957644379748,1,0,0.362984570214788,"02a_cor_to_smd_GROUPS",1000
0.5,300,0.5,"biserial_split_p","sample",1000,1000,1000,1000,0,-0.104670252265041,0.00286278069282297,0.0905290743087545,0.00202530454650803,0.09194461139939,1.01563627046277,0.0227216810938691,0.107987071443991,0.997,0.00172945077987204,0.361885321563996,"02a_cor_to_smd_GROUPS",1000
0.8,300,0.5,"biserial_split_p","sample",1000,1000,1000,1000,0,-0.182874409969696,0.00279329932434728,0.0883318805154683,0.00197614921587994,0.0912097169185566,1.03257981587502,0.0231007398638767,0.185727369356121,0.459,0.0157581407532742,0.358990072632337,"02a_cor_to_smd_GROUPS",1000
1.2,300,0.5,"biserial_split_p","sample",1000,1000,1000,1000,0,-0.300246252929392,0.00256831010869851,0.0812170968112191,0.00181697821039178,0.0893796361299624,1.10050272220043,0.0246203021928112,0.303100028565452,0,0,0.351777089451737,"02a_cor_to_smd_GROUPS",1000
0,25,0.15,"cooper","sample",1000,1000,1000,1000,0,0.0117308824226909,0.0136667879349014,0.432181781727974,0.00966871399199719,0.417734133425531,0.966570436530948,0.0216239867089536,0.133634860598029,1,0,1.7275046190678,"02a_cor_to_smd_GROUPS",1000
0.2,25,0.15,"cooper","sample",1000,1000,1000,1000,0,-0.0455969158770077,0.0132314742539659,0.418415954444095,0.00936074671411032,0.41817007295338,0.999412351541323,0.0223587217130882,0.136707149239191,1,0,1.72905735245657,"02a_cor_to_smd_GROUPS",1000
0.5,25,0.15,"cooper","sample",1000,1000,1000,1000,0,-0.126600049508142,0.014185538144687,0.448586103724102,0.0100357093266432,0.426702215922625,0.951215858851177,0.0212804761161192,0.18740067198339,1,0,1.76281460877164,"02a_cor_to_smd_GROUPS",1000
0.8,25,0.15,"cooper","sample",1000,1000,1000,1000,0,-0.195834666588563,0.0139249746381513,0.44034636216637,0.0098513709119809,0.437680443655536,0.993945860032275,0.0222364260838524,0.238217851186359,1,0,1.80650367730742,"02a_cor_to_smd_GROUPS",1000
1.2,25,0.15,"cooper","sample",1000,1000,1000,1000,0,-0.291682418450078,0.0143090059584952,0.452490498817656,0.0101230579402761,0.46099532007408,1.01879557974951,0.0227923607458056,0.323270558895474,1,0,1.89985059510646,"02a_cor_to_smd_GROUPS",1000
0,50,0.15,"cooper","sample",1000,1000,1000,1000,0,-0.00371451881057106,0.00960652954160894,0.303785137611775,0.00679624115307228,0.288992448088167,0.951305420535377,0.0212824797783414,0.102181270833325,1,0,1.16198319545067,"02a_cor_to_smd_GROUPS",1000
0.2,50,0.15,"cooper","sample",1000,1000,1000,1000,0,-0.0492682981740858,0.00917566187371399,0.290159905605045,0.00649141925423852,0.289460100483847,0.997588208750833,0.0223179122304411,0.109271233079203,1,0,1.16381946608176,"02a_cor_to_smd_GROUPS",1000
0.5,50,0.15,"cooper","sample",1000,1000,1000,1000,0,-0.129280768713683,0.00958436420973207,0.303084208273531,0.00678056005408429,0.294144980020576,0.970505793410102,0.0217120279955827,0.164598509415242,1,0,1.1821490528779,"02a_cor_to_smd_GROUPS",1000
0.8,50,0.15,"cooper","sample",1000,1000,1000,1000,0,-0.200398126231872,0.00968494353151695,0.306264805697083,0.00685171596141813,0.301316067155191,0.983841634919074,0.0220103756882534,0.225294349631502,1,0,1.21048751167452,"02a_cor_to_smd_GROUPS",1000
1.2,50,0.15,"cooper","sample",1000,1000,1000,1000,0,-0.308138620268965,0.0099683361746648,0.315226467941908,0.00705220509076471,0.317476395616549,1.00713749606539,0.0225315476305791,0.325847887710932,1,0,1.27439282353985,"02a_cor_to_smd_GROUPS",1000
0,100,0.15,"cooper","sample",1000,1000,1000,1000,0,0.00248839339840966,0.006688159254881,0.211498165993586,0.00473160915910853,0.202128278529449,0.955697547446247,0.021380739864058,0.0816790418475037,1,0,0.802212311936244,"02a_cor_to_smd_GROUPS",1000
0.2,100,0.15,"cooper","sample",1000,1000,1000,1000,0,-0.0597182896889037,0.00642184725710302,0.203076641181505,0.00454320391338309,0.202636876144192,0.997834487340571,0.0223234219426669,0.0985460007881956,1,0,0.804206527918139,"02a_cor_to_smd_GROUPS",1000
0.5,100,0.15,"cooper","sample",1000,1000,1000,1000,0,-0.140447674891294,0.00662838719428117,0.209608007474215,0.00468932278125553,0.205385564859152,0.979855528107232,0.0219211990308035,0.162087076740873,1,0,0.814998236383243,"02a_cor_to_smd_GROUPS",1000
0.8,100,0.15,"cooper","sample",1000,1000,1000,1000,0,-0.227509994034763,0.00659378715462092,0.208513858149629,0.00466484461643873,0.210589846751517,1.00995611812236,0.0225946054726091,0.241328199488108,0.998,0.00141279864099595,0.835465735439227,"02a_cor_to_smd_GROUPS",1000
1.2,100,0.15,"cooper","sample",1000,1000,1000,1000,0,-0.338300642179933,0.00680476986485812,0.215185717262279,0.00481410657120504,0.220503570264003,1.02471285301544,0.0229247412052317,0.34834903136664,0.939,0.00756828910652864,0.874463577367856,"02a_cor_to_smd_GROUPS",1000
0,300,0.15,"cooper","sample",1000,1000,1000,1000,0,0.00216580677603544,0.00368345210204377,0.116480982945933,0.00260589723404814,0.11585921891438,0.994662098345779,0.0222524496732219,0.0461082702617379,1,0,0.456010693932877,"02a_cor_to_smd_GROUPS",1000
0.2,300,0.15,"cooper","sample",1000,1000,1000,1000,0,-0.0575883833517054,0.00367882561197693,0.116334680484099,0.00260262417460973,0.11616374966032,0.998530697612542,0.0223389974673247,0.0737046699033543,1,0,0.457205334485137,"02a_cor_to_smd_GROUPS",1000
0.5,300,0.15,"cooper","sample",1000,1000,1000,1000,0,-0.140658797857336,0.00373051766148121,0.117969326617656,0.00263919426296536,0.117674249106383,0.997498692925241,0.0223159095941617,0.148191549226787,0.981,0.00431729081716764,0.463130583521119,"02a_cor_to_smd_GROUPS",1000
0.8,300,0.15,"cooper","sample",1000,1000,1000,1000,0,-0.227291743161896,0.00373217373804266,0.118021696356794,0.00264036587188311,0.1205341289833,1.02128788777031,0.0228481183331262,0.232032986041117,0.6,0.0154919333848297,0.474353180101217,"02a_cor_to_smd_GROUPS",1000
1.2,300,0.15,"cooper","sample",1000,1000,1000,1000,0,-0.343303695831923,0.00383275005312888,0.121202198700186,0.00271151965209611,0.12627600437907,1.04186232373089,0.0233084069090448,0.346632592653942,0.011,0.00329833291224521,0.496891056241825,"02a_cor_to_smd_GROUPS",1000
0,25,0.3,"cooper","sample",1000,1000,1000,1000,0,0.000860701759221412,0.0133703958578037,0.422809041287406,0.00945902827530929,0.417309190542952,0.986992116517407,0.0220808578483055,0.0119052584694951,1,0,1.72568616270417,"02a_cor_to_smd_GROUPS",1000
0.2,25,0.3,"cooper","sample",1000,1000,1000,1000,0,-0.00524408238980296,0.0134358936615711,0.424880263703842,0.00950536539085883,0.419085102006761,0.986360482723857,0.0220667270201315,0.0130337845140679,1,0,1.73258344927349,"02a_cor_to_smd_GROUPS",1000
0.5,25,0.3,"cooper","sample",1000,1000,1000,1000,0,-0.0145460122583436,0.014692247737766,0.464609667987968,0.0103941863993701,0.432225326134687,0.930297744354904,0.0208124988091914,0.0195406626259308,1,0,1.78438041687689,"02a_cor_to_smd_GROUPS",1000
0.8,25,0.3,"cooper","sample",1000,1000,1000,1000,0,-0.0227508416731096,0.014174093146282,0.448224181096333,0.010027612441205,0.449829432577697,1.00358135850109,0.0224519901885975,0.0260010579964677,1,0,1.85495504123412,"02a_cor_to_smd_GROUPS",1000
1.2,25,0.3,"cooper","sample",1000,1000,1000,1000,0,-0.0340194672238395,0.0155076312523846,0.49039435871545,0.0109710381098224,0.487602808629302,0.994307540377382,0.0222445175489748,0.0367014518290183,1,0,2.00466876493832,"02a_cor_to_smd_GROUPS",1000
0,50,0.3,"cooper","sample",1000,1000,1000,1000,0,-0.000198526564047195,0.00934075046133512,0.295380465130875,0.00660821292548407,0.288810743660841,0.97775844293859,0.0218742833171624,0.0203853015607476,1,0,1.16126057888001,"02a_cor_to_smd_GROUPS",1000
0.2,50,0.3,"cooper","sample",1000,1000,1000,1000,0,-0.0137593377996667,0.00927021896720683,0.293150063448673,0.00655831467233175,0.290164058736193,0.989814074479969,0.0221439903207765,0.0244660789897582,1,0,1.16655024803961,"02a_cor_to_smd_GROUPS",1000
0.5,50,0.3,"cooper","sample",1000,1000,1000,1000,0,-0.0323778965408945,0.00925629445659818,0.292709731760408,0.00654846362970236,0.296424177058745,1.01268985925407,0.0226557643697402,0.0381624062342163,1,0,1.19128163443077,"02a_cor_to_smd_GROUPS",1000
0.8,50,0.3,"cooper","sample",1000,1000,1000,1000,0,-0.053645471306415,0.00927838559607972,0.29340831492911,0.00656409224049385,0.309366561261499,1.05438920957726,0.0235886567520035,0.0573395818658415,1,0,1.24252271394709,"02a_cor_to_smd_GROUPS",1000
1.2,50,0.3,"cooper","sample",1000,1000,1000,1000,0,-0.0786088251740387,0.0102756856979324,0.324945713254835,0.00726964276889408,0.33202236298234,1.02177794455764,0.0228590818191332,0.0817447987456442,1,0,1.33186496905525,"02a_cor_to_smd_GROUPS",1000
0,100,0.3,"cooper","sample",1000,1000,1000,1000,0,-0.000863524907375573,0.00637956672133286,0.201739613244245,0.00451329210018035,0.202029458940207,1.00143673169241,0.0224040108796367,0.0161790506070229,1,0,0.80182052826572,"02a_cor_to_smd_GROUPS",1000
0.2,100,0.3,"cooper","sample",1000,1000,1000,1000,0,-0.0142028894059686,0.00633211910317897,0.200239187815083,0.00447972477977437,0.202795554580845,1.01276656579392,0.0226574804383633,0.0214212494832109,1,0,0.804834333513486,"02a_cor_to_smd_GROUPS",1000
0.5,100,0.3,"cooper","sample",1000,1000,1000,1000,0,-0.0373536766820514,0.00670179953661208,0.211929509575552,0.00474125912100567,0.207491343150217,0.979058289550032,0.021903363314633,0.0410286119518277,1,0,0.823260143018846,"02a_cor_to_smd_GROUPS",1000
0.8,100,0.3,"cooper","sample",1000,1000,1000,1000,0,-0.0600720767631159,0.00646214127672337,0.204350849962343,0.00457171034467863,0.215646399592945,1.0552752759907,0.0236084797132936,0.062261313131085,1,0,0.855402475050093,"02a_cor_to_smd_GROUPS",1000
1.2,100,0.3,"cooper","sample",1000,1000,1000,1000,0,-0.0887022034629203,0.00667954185011924,0.211225659727918,0.00472551268476565,0.23072511692453,1.09231575946658,0.0244371445390566,0.0903007231396659,1,0,0.914805782489116,"02a_cor_to_smd_GROUPS",1000
0,300,0.3,"cooper","sample",1000,1000,1000,1000,0,0.000132086944339258,0.00371516187090848,0.117483733882832,0.00262833064615387,0.115862202015095,0.986197818079612,0.0220630879080997,0.0102692415706415,1,0,0.456022082577001,"02a_cor_to_smd_GROUPS",1000
0.2,300,0.3,"cooper","sample",1000,1000,1000,1000,0,-0.0158411685604303,0.00379115765112932,0.119886931463427,0.00268209466642358,0.116343035511096,0.97043968088038,0.0217105489347611,0.0189931641155786,1,0,0.457908040997588,"02a_cor_to_smd_GROUPS",1000
0.5,300,0.3,"cooper","sample",1000,1000,1000,1000,0,-0.0400923595061132,0.00381106065179624,0.12051631960722,0.00269617525521647,0.118867465844119,0.986318419210987,0.0220657859807526,0.0414529953161189,1,0,0.467812017597909,"02a_cor_to_smd_GROUPS",1000
0.8,300,0.3,"cooper","sample",1000,1000,1000,1000,0,-0.0647265990112101,0.00379935739218899,0.120146230043148,0.0026878956601532,0.123525360701523,1.02812514930482,0.0230010806491251,0.0655729040745016,1,0,0.486090682357324,"02a_cor_to_smd_GROUPS",1000
1.2,300,0.3,"cooper","sample",1000,1000,1000,1000,0,-0.0969649707796516,0.00383469239752487,0.121263621023104,0.00271289378422784,0.13243587610702,1.09213196001946,0.0244330326019941,0.0975425002895668,1,0,0.521083286315224,"02a_cor_to_smd_GROUPS",1000
0,25,0.5,"cooper","sample",1000,1000,1000,1000,0,0.000951421797754008,0.0138783783657687,0.438872858654344,0.00981840588516504,0.41798029669521,0.952394955515833,0.0213068547116581,0.0176005742666173,1,0,1.7284349976176,"02a_cor_to_smd_GROUPS",1000
0.2,25,0.5,"cooper","sample",1000,1000,1000,1000,0,0.0090521953292958,0.0138173153237335,0.436941875717446,0.00977520618881126,0.420405261944655,0.962153744715728,0.021525177060427,0.0197003860839755,1,0,1.73784754879213,"02a_cor_to_smd_GROUPS",1000
0.5,25,0.5,"cooper","sample",1000,1000,1000,1000,0,0.0225301242431503,0.013190632900626,0.417124437451317,0.00933185306577316,0.432533107952739,1.03694022482972,0.0231982903596487,0.0280468769793469,1,0,1.78615008737309,"02a_cor_to_smd_GROUPS",1000
0.8,25,0.5,"cooper","sample",1000,1000,1000,1000,0,0.035018017890522,0.0146765399781178,0.464112945013701,0.0103830737783053,0.455480393651055,0.981399891006292,0.0219557493145085,0.0396444916934823,1,0,1.87697107365321,"02a_cor_to_smd_GROUPS",1000
1.2,25,0.5,"cooper","sample",1000,1000,1000,1000,0,0.0517740095214254,0.0154706403538192,0.489224603793819,0.0109448685065301,0.496192821683334,1.01424339216687,0.0226905198037868,0.0553566891171752,1,0,2.0399814391356,"02a_cor_to_smd_GROUPS",1000
0,50,0.5,"cooper","sample",1000,1000,1000,1000,0,0.000302971295421125,0.00949906629543582,0.300386851385151,0.00672021514046064,0.288923649763495,0.961838537310149,0.0215181252817969,0.00607357291536882,1,0,1.16167116627897,"02a_cor_to_smd_GROUPS",1000
0.2,50,0.5,"cooper","sample",1000,1000,1000,1000,0,0.00429226764443164,0.00936059242814154,0.296007923214533,0.00662225033522539,0.290413712475263,0.981101145271658,0.0219490658142162,0.00735901257230005,1,0,1.16757115737227,"02a_cor_to_smd_GROUPS",1000
0.5,50,0.5,"cooper","sample",1000,1000,1000,1000,0,0.0107669442085174,0.00901500907304141,0.285079617978941,0.0063777637274889,0.29847164793654,1.04697645539355,0.02342281959013,0.0122093797704819,1,0,1.19939422299252,"02a_cor_to_smd_GROUPS",1000
0.8,50,0.5,"cooper","sample",1000,1000,1000,1000,0,0.0166698106967896,0.00938911963835346,0.296910032810134,0.00664243221247719,0.311965750947618,1.05070801412464,0.0235063015313885,0.0177153101780659,1,0,1.25279398205256,"02a_cor_to_smd_GROUPS",1000
1.2,50,0.5,"cooper","sample",1000,1000,1000,1000,0,0.0250571222839387,0.0102632169117775,0.324551415615764,0.00726082159396013,0.339366864788147,1.04564900493277,0.0233931220429716,0.0259000805355049,1,0,1.36111805774311,"02a_cor_to_smd_GROUPS",1000
0,100,0.5,"cooper","sample",1000,1000,1000,1000,0,2.87244726528231e-05,0.00632158928983272,0.199906205879977,0.00447227535170693,0.202008368085836,1.01051574260342,0.0226071253179126,0.0020083591845899,1,0,0.801734349600856,"02a_cor_to_smd_GROUPS",1000
0.2,100,0.5,"cooper","sample",1000,1000,1000,1000,0,0.00205063253233158,0.0066011490772431,0.20874666258407,0.00467005288663391,0.203136043395207,0.973122352619157,0.0217705653141488,0.00293297402865446,1,0,0.806162609680668,"02a_cor_to_smd_GROUPS",1000
0.5,100,0.5,"cooper","sample",1000,1000,1000,1000,0,0.00513870674963226,0.0065815384468971,0.20812652000162,0.00465617913832366,0.208522680091254,1.0019034580006,0.0224144524192324,0.00554774388046596,1,0,0.827342652723048,"02a_cor_to_smd_GROUPS",1000
0.8,100,0.5,"cooper","sample",1000,1000,1000,1000,0,0.00818264803775285,0.00661145208513904,0.209072472301088,0.00467734185878139,0.218037907813802,1.04288195100024,0.0233312178762408,0.00844788191428988,1,0,0.864787107085023,"02a_cor_to_smd_GROUPS",1000
1.2,100,0.5,"cooper","sample",1000,1000,1000,1000,0,0.0123062143107489,0.00702029535592401,0.222001231718223,0.00496658236442191,0.236738824547335,1.06638518496067,0.0238570291358961,0.0125066500849119,1,0,0.938444470517161,"02a_cor_to_smd_GROUPS",1000
0,300,0.5,"cooper","sample",1000,1000,1000,1000,0,4.22065945632311e-06,0.00352758154116077,0.11155192302035,0.00249562495352923,0.115842601460191,1.03846350940142,0.0232323690817857,0.00037229919840418,1,0,0.455945282608747,"02a_cor_to_smd_GROUPS",1000
0.2,300,0.5,"cooper","sample",1000,1000,1000,1000,0,0.000683182994747422,0.00362276019442668,0.114561736309827,0.00256296010067244,0.116455133517433,1.01652730893048,0.0227416152893037,0.000782884017246761,1,0,0.458347775033744,"02a_cor_to_smd_GROUPS",1000
0.5,300,0.5,"cooper","sample",1000,1000,1000,1000,0,0.00167129745670941,0.00371475294546265,0.117470802524812,0.00262804134751262,0.119423616957073,1.01662382813677,0.0227437746042951,0.00171665987500296,1,0,0.469996214239286,"02a_cor_to_smd_GROUPS",1000
0.8,300,0.5,"cooper","sample",1000,1000,1000,1000,0,0.00273345647887745,0.00383041920819352,0.121128490911502,0.00270987067113972,0.125173787134288,1.03339673591526,0.0231190158915979,0.0027631847383303,1,0,0.492562379314721,"02a_cor_to_smd_GROUPS",1000
1.2,300,0.5,"cooper","sample",1000,1000,1000,1000,0,0.00403844555734108,0.00389174329474911,0.123067728800952,0.00275325504620655,0.135355935377169,1.09984913751103,0.0246056802820817,0.00405927606185326,1,0,0.53255095587853,"02a_cor_to_smd_GROUPS",1000
0,25,0.15,"cooper_g","sample",1000,1000,1000,1000,0,0.0129881293678534,0.0132154029187156,0.417907734199783,0.00934937687763191,0.403937261075143,0.966570436530948,0.0216239867089536,0.147957058553837,1,0,1.67044880579601,"02a_cor_to_smd_GROUPS",1000
0.2,25,0.15,"cooper_g","sample",1000,1000,1000,1000,0,-0.0504837249958437,0.0127944667252959,0.404596562991709,0.00905158110568892,0.40435880244508,0.999412351541323,0.0223587217130882,0.151358617012015,1,0,1.67195025569452,"02a_cor_to_smd_GROUPS",1000
0.5,25,0.15,"cooper_g","sample",1000,1000,1000,1000,0,-0.140168297809195,0.0137170199094189,0.433770256236402,0.00970425113482668,0.412609146830005,0.951215858851177,0.0212804761161192,0.207485173206996,1,0,1.70459258143771,"02a_cor_to_smd_GROUPS",1000
0.8,25,0.15,"cooper_g","sample",1000,1000,1000,1000,0,-0.216823073722296,0.0134650622628098,0.425802655864596,0.00952600102699124,0.423224786987363,0.993945860032275,0.0222364260838524,0.263748638632315,1,0,1.7468386927108,"02a_cor_to_smd_GROUPS",1000
1.2,25,0.15,"cooper_g","sample",1000,1000,1000,1000,0,-0.32294322359161,0.0138364098432307,0.437545697441823,0.00978871480903076,0.445769622492147,1.01879557974951,0.0227923607458056,0.357916795042736,1,0,1.83710255981773,"02a_cor_to_smd_GROUPS",1000
0,50,0.15,"cooper_g","sample",1000,1000,1000,1000,0,-0.00388815332898447,0.00945550938590968,0.299009460965746,0.00668940034311473,0.284449321008076,0.951305420535377,0.0212824797783414,0.106957716089578,1,0,1.14371615298369,"02a_cor_to_smd_GROUPS",1000
0.2,50,0.15,"cooper_g","sample",1000,1000,1000,1000,0,-0.0515713359732647,0.00903141520494458,0.285598425423013,0.0063893704194082,0.284909621639802,0.997588208750833,0.0223179122304411,0.114379097354422,1,0,1.14552355638698,"02a_cor_to_smd_GROUPS",1000
0.5,50,0.15,"cooper_g","sample",1000,1000,1000,1000,0,-0.135323975158575,0.00943369250576627,0.298319550638825,0.00667396575999914,0.289520852182478,0.970505793410102,0.0217120279955827,0.172292637341731,1,0,1.16356499156293,"02a_cor_to_smd_GROUPS",1000
0.8,50,0.15,"cooper_g","sample",1000,1000,1000,1000,0,-0.209765700852896,0.00953269066290992,0.301450147246157,0.00674400305564726,0.296579205713255,0.983841634919074,0.0220103756882534,0.235825693769053,1,0,1.19145795352937,"02a_cor_to_smd_GROUPS",1000
1.2,50,0.15,"cooper_g","sample",1000,1000,1000,1000,0,-0.322542505042064,0.00981162821112397,0.310270927019152,0.00694134038085908,0.312485484539955,1.00713749606539,0.0225315476305791,0.341079589027857,1,0,1.25435863722944,"02a_cor_to_smd_GROUPS",1000
0,100,0.15,"cooper_g","sample",1000,1000,1000,1000,0,0.00253785058572718,0.00663682152912316,0.209874724560707,0.00469528974084314,0.200576759533624,0.955697547446247,0.021380739864058,0.0833024249006611,1,0,0.796054600359671,"02a_cor_to_smd_GROUPS",1000
0.2,100,0.15,"cooper_g","sample",1000,1000,1000,1000,0,-0.0609051995405827,0.00637255371895898,0.201517842636869,0.00450833067731339,0.201081453197538,0.997834487340571,0.0223234219426669,0.100504617148249,1,0,0.798033508914024,"02a_cor_to_smd_GROUPS",1000
0.5,100,0.15,"cooper_g","sample",1000,1000,1000,1000,0,-0.143239093229667,0.00657750827363519,0.207999074732892,0.00465332794952984,0.203809043218214,0.979855528107232,0.0219211990308035,0.165308581395741,1,0,0.808742381168367,"02a_cor_to_smd_GROUPS",1000
0.8,100,0.15,"cooper_g","sample",1000,1000,1000,1000,0,-0.232031788859799,0.00654317382085461,0.206913324002871,0.00462903767696628,0.208973377497734,1.00995611812236,0.0225946054726091,0.246124633192967,0.996,0.00199599599197994,0.829052773490877,"02a_cor_to_smd_GROUPS",1000
1.2,100,0.15,"cooper_g","sample",1000,1000,1000,1000,0,-0.345024417544641,0.00675253704625227,0.213533970508229,0.00477715391001636,0.218811004135202,1.02471285301544,0.0229247412052317,0.355272519954572,0.91,0.00904986187739901,0.867751271394076,"02a_cor_to_smd_GROUPS",1000
0,300,0.15,"cooper_g","sample",1000,1000,1000,1000,0,0.00217959881903913,0.00367417258571712,0.116187538874163,0.00259933234186032,0.115567341218207,0.994662098345779,0.0222524496732219,0.0464018916749277,1,0,0.454861891515403,"02a_cor_to_smd_GROUPS",1000
0.2,300,0.15,"cooper_g","sample",1000,1000,1000,1000,0,-0.0579551111080722,0.00366955775090978,0.116041604983997,0.00259606752805879,0.11587110477675,0.998530697612542,0.0223389974673247,0.0741740275524888,1,0,0.456053522476062,"02a_cor_to_smd_GROUPS",1000
0.5,300,0.15,"cooper_g","sample",1000,1000,1000,1000,0,-0.141554525126436,0.00372111957550436,0.117672133044327,0.00263254548742168,0.117377798905441,0.997498692925241,0.0223159095941617,0.149135245701622,0.979,0.00453420334788814,0.461963844361195,"02a_cor_to_smd_GROUPS",1000
0.8,300,0.15,"cooper_g","sample",1000,1000,1000,1000,0,-0.228739156444909,0.0037227714800041,0.11772437085129,0.00263371414477015,0.120230474045803,1.02128788777031,0.0228481183331262,0.233510591964768,0.575,0.0156324982008635,0.473158168476957,"02a_cor_to_smd_GROUPS",1000
1.2,300,0.15,"cooper_g","sample",1000,1000,1000,1000,0,-0.34548988316342,0.00382309441876506,0.120896860731752,0.00270468867121606,0.125957884253753,1.04186232373089,0.0233084069090448,0.348839978685448,0.009,0.00298646948753876,0.495639266197805,"02a_cor_to_smd_GROUPS",1000
0,25,0.3,"cooper_g","sample",1000,1000,1000,1000,0,0.00187241980149953,0.0129288000432325,0.40884455549498,0.00914661663539141,0.403526353154609,0.986992116517407,0.0220808578483055,0.0258993797345292,1,0,1.66869040918884,"02a_cor_to_smd_GROUPS",1000
0.2,25,0.3,"cooper_g","sample",1000,1000,1000,1000,0,-0.0114082765628879,0.012992134593472,0.410847369828374,0.0091914233343023,0.405243610029742,0.986360482723857,0.0220667270201315,0.0283544397942153,1,0,1.67535989301296,"02a_cor_to_smd_GROUPS",1000
0.5,25,0.3,"cooper_g","sample",1000,1000,1000,1000,0,-0.0316442264623873,0.0142069939594454,0.449264596161012,0.0100508884702249,0.417949840427106,0.930297744354904,0.0208124988091914,0.0425098743475467,1,0,1.72544611664554,"02a_cor_to_smd_GROUPS",1000
0.8,25,0.3,"cooper_g","sample",1000,1000,1000,1000,0,-0.0494934813285919,0.0137059529150346,0.433420287145336,0.00969642167233978,0.43497252057525,1.00358135850109,0.0224519901885975,0.0565641876886183,1,0,1.7936898108596,"02a_cor_to_smd_GROUPS",1000
1.2,25,0.3,"cooper_g","sample",1000,1000,1000,1000,0,-0.0740078934240857,0.0149954470861267,0.474197673246956,0.0106086879922699,0.471498322138858,0.994307540377382,0.0222445175489748,0.0798424360263879,1,0,1.93845880783508,"02a_cor_to_smd_GROUPS",1000
0,50,0.3,"cooper_g","sample",1000,1000,1000,1000,0,-0.000243728286758621,0.00919390850525632,0.290736914758041,0.00650432802713676,0.284270473078592,0.97775844293859,0.0218742833171624,0.0250267496861413,1,0,1.14300489636009,"02a_cor_to_smd_GROUPS",1000
0.2,50,0.3,"cooper_g","sample",1000,1000,1000,1000,0,-0.0168921466250162,0.00912448580667993,0.288541576269874,0.00645521420315084,0.285602513264556,0.989814074479969,0.0221439903207765,0.0300366630757649,1,0,1.14821140888579,"02a_cor_to_smd_GROUPS",1000
0.5,50,0.3,"cooper_g","sample",1000,1000,1000,1000,0,-0.0397498908553321,0.00911078019736659,0.288108166848368,0.00644551802456316,0.291764218935622,1.01268985925407,0.0226557643697402,0.0468514525232044,1,0,1.17255400369439,"02a_cor_to_smd_GROUPS",1000
0.8,50,0.3,"cooper_g","sample",1000,1000,1000,1000,0,-0.0658597950184794,0.00913252405146171,0.288795767888878,0.00646090094462681,0.304503141433611,1.05438920957726,0.0235886567520035,0.0703950028989316,1,0,1.2229895440435,"02a_cor_to_smd_GROUPS",1000
1.2,50,0.3,"cooper_g","sample",1000,1000,1000,1000,0,-0.0965069555085926,0.0101141460235582,0.319837380219788,0.00715535981394337,0.326802780953674,1.02177794455764,0.0228590818191332,0.100356946413316,1,0,1.31092728764534,"02a_cor_to_smd_GROUPS",1000
0,100,0.3,"cooper_g","sample",1000,1000,1000,1000,0,-0.000946251521383534,0.0063305977248852,0.200191077609172,0.00447864846457389,0.20047869847491,1.00143673169241,0.0224040108796367,0.0177290210400127,1,0,0.795665823986352,"02a_cor_to_smd_GROUPS",1000
0.2,100,0.3,"cooper_g","sample",1000,1000,1000,1000,0,-0.0155635414724577,0.00628351431050036,0.198702169314436,0.00444533880398487,0.201238913632383,1.01276656579392,0.0226574804383633,0.0234734282014271,1,0,0.798656495528504,"02a_cor_to_smd_GROUPS",1000
0.5,100,0.3,"cooper_g","sample",1000,1000,1000,1000,0,-0.0409321990457499,0.00665035710924411,0.210302757187046,0.00470486563047636,0.205898657739205,0.979058289550032,0.021903363314633,0.0449591970631904,1,0,0.816940870130896,"02a_cor_to_smd_GROUPS",1000
0.8,100,0.3,"cooper_g","sample",1000,1000,1000,1000,0,-0.0658270462661293,0.00641253844520724,0.202782270702497,0.00453661829573435,0.213991116681598,1.0552752759907,0.0236084797132936,0.0682260138305448,1,0,0.848836480431372,"02a_cor_to_smd_GROUPS",1000
1.2,100,0.3,"cooper_g","sample",1000,1000,1000,1000,0,-0.0971999698676374,0.00662827027080701,0.209604310029312,0.00468924006250435,0.228954091097136,1.09231575946658,0.0244371445390566,0.0989516294470689,1,0,0.907783813275563,"02a_cor_to_smd_GROUPS",1000
0,300,0.3,"cooper_g","sample",1000,1000,1000,1000,0,0.000135892238630901,0.00370580246992207,0.117187763636314,0.00262170923871673,0.115570316803762,0.986197818079612,0.0220630879080997,0.0105650882686156,1,0,0.454873251468748,"02a_cor_to_smd_GROUPS",1000
0.2,300,0.3,"cooper_g","sample",1000,1000,1000,1000,0,-0.0162975369668424,0.00378160679819409,0.1195849069747,0.00267533781427587,0.116049938962638,0.97043968088038,0.0217105489347611,0.0195403383980241,1,0,0.456754458699019,"02a_cor_to_smd_GROUPS",1000
0.5,300,0.3,"cooper_g","sample",1000,1000,1000,1000,0,-0.0412473807501148,0.00380145965833671,0.120212709535895,0.00268938293062335,0.118568009638513,0.986318419210987,0.0220657859807526,0.0426472151327479,1,0,0.466633484761091,"02a_cor_to_smd_GROUPS",1000
0.8,300,0.3,"cooper_g","sample",1000,1000,1000,1000,0,-0.0665913083431345,0.00378978588210147,0.11984355231791,0.00268112419388413,0.123214170120071,1.02812514930482,0.0230010806491251,0.0674619946186831,1,0,0.484866101095452,"02a_cor_to_smd_GROUPS",1000
1.2,300,0.3,"cooper_g","sample",1000,1000,1000,1000,0,-0.0997584357329281,0.00382503186992068,0.120958128316822,0.00270605934157301,0.132102237758937,1.09213196001946,0.0244330326019941,0.100352603297106,1,0,0.519770550129453,"02a_cor_to_smd_GROUPS",1000
0,25,0.5,"cooper_g","sample",1000,1000,1000,1000,0,0.00016711882581228,0.0134200049664663,0.42437781904805,0.00949412476508735,0.404175294094174,0.952394955515833,0.0213068547116581,0.00309157022889599,1,0,1.67134845591577,"02a_cor_to_smd_GROUPS",1000
0.2,25,0.5,"cooper_g","sample",1000,1000,1000,1000,0,0.00159003320927327,0.0133609587071857,0.422510612381655,0.00945235186307111,0.406520167885145,0.962153744715728,0.021525177060427,0.00346040567724503,1,0,1.68045013049044,"02a_cor_to_smd_GROUPS",1000
0.5,25,0.5,"cooper_g","sample",1000,1000,1000,1000,0,0.00395745390510134,0.0127549742752262,0.403347702065701,0.00902364175326858,0.41824745686456,1.03694022482972,0.0231982903596487,0.0049264807255361,1,0,1.72715733867899,"02a_cor_to_smd_GROUPS",1000
0.8,25,0.5,"cooper_g","sample",1000,1000,1000,1000,0,0.00615097325492501,0.0141918049937799,0.448784278892961,0.0100401428754623,0.440436842390889,0.981399891006292,0.0219557493145085,0.0069636210956905,1,0,1.81497870042719,"02a_cor_to_smd_GROUPS",1000
1.2,25,0.5,"cooper_g","sample",1000,1000,1000,1000,0,0.00909419113503611,0.0149596779184777,0.473066552849162,0.0105833827154647,0.479804625282419,1.01424339216687,0.0226905198037868,0.00972349478218476,1,0,1.97260517930709,"02a_cor_to_smd_GROUPS",1000
0,50,0.5,"cooper_g","sample",1000,1000,1000,1000,0,6.7232910668795e-05,0.00934973552361851,0.295664597748215,0.00661456950303778,0.284381604232537,0.961838537310149,0.0215181252817969,0.00134779760139261,1,0,1.14340902908958,"02a_cor_to_smd_GROUPS",1000
0.2,50,0.5,"cooper_g","sample",1000,1000,1000,1000,0,0.000952504912069332,0.00921343854496113,0.291354508840648,0.00651814476074363,0.285848242303621,0.981101145271658,0.0219490658142162,0.00163305185131901,1,0,1.14921626893805,"02a_cor_to_smd_GROUPS",1000
0.5,50,0.5,"cooper_g","sample",1000,1000,1000,1000,0,0.00238931215295808,0.00887328795846574,0.280598002832973,0.00627750162274373,0.293779502396577,1.04697645539355,0.02342281959013,0.00270940564943355,1,0,1.18053905770972,"02a_cor_to_smd_GROUPS",1000
0.8,50,0.5,"cooper_g","sample",1000,1000,1000,1000,0,0.00369922798093839,0.00924151729106233,0.292242436755862,0.00653800936730661,0.307061470366698,1.05070801412464,0.0235063015313885,0.00393123667051149,1,0,1.23309934192168,"02a_cor_to_smd_GROUPS",1000
1.2,50,0.5,"cooper_g","sample",1000,1000,1000,1000,0,0.00556047153507222,0.010101873253875,0.319449281165814,0.00714667731294012,0.334031822977523,1.04564900493277,0.0233931220429716,0.0057475339323409,1,0,1.33972050099641,"02a_cor_to_smd_GROUPS",1000
0,100,0.5,"cooper_g","sample",1000,1000,1000,1000,0,6.78661862434904e-06,0.00627306532308084,0.198371743319555,0.00443794655707605,0.200457769512094,1.01051574260342,0.0226071253179126,0.000474507156711153,1,0,0.795580306821386,"02a_cor_to_smd_GROUPS",1000
0.2,100,0.5,"cooper_g","sample",1000,1000,1000,1000,0,0.000484494914974454,0.00655047923400233,0.207144341450824,0.00463420596893474,0.201576788884372,0.973122352619157,0.0217705653141488,0.000692962283700595,1,0,0.799974575963946,"02a_cor_to_smd_GROUPS",1000
0.5,100,0.5,"cooper_g","sample",1000,1000,1000,1000,0,0.00121410211263495,0.00653101913314049,0.206528959028624,0.00462043871430368,0.206922078228043,1.0019034580006,0.0224144524192324,0.00131074371311679,1,0,0.820992042847503,"02a_cor_to_smd_GROUPS",1000
0.8,100,0.5,"cooper_g","sample",1000,1000,1000,1000,0,0.00193328219601069,0.00656070315691035,0.207467650280938,0.00464143899156923,0.216364267894419,1.04288195100024,0.0233312178762408,0.00199594796495518,1,0,0.858149076851212,"02a_cor_to_smd_GROUPS",1000
1.2,100,0.5,"cooper_g","sample",1000,1000,1000,1000,0,0.00290754104508647,0.00696640818249009,0.220297169671026,0.00492845931237402,0.23492163802595,1.06638518496067,0.0238570291358961,0.00295489722023237,1,0,0.931241052800812,"02a_cor_to_smd_GROUPS",1000
0,300,0.5,"cooper_g","sample",1000,1000,1000,1000,0,1.03612288877281e-06,0.00351869470088215,0.111270896455525,0.00248933786417394,0.115550765627447,1.03846350940142,0.0232323690817857,9.13951302943169e-05,1,0,0.454796644978389,"02a_cor_to_smd_GROUPS",1000
0.2,300,0.5,"cooper_g","sample",1000,1000,1000,1000,0,0.000167713492501303,0.00361363357585247,0.114273127289526,0.00255650337762029,0.116161754566693,1.01652730893048,0.0227416152893037,0.000192188935856706,1,0,0.457193084937638,"02a_cor_to_smd_GROUPS",1000
0.5,300,0.5,"cooper_g","sample",1000,1000,1000,1000,0,0.000410284119523366,0.0037053945746594,0.117174864855545,0.00262142066888948,0.119122759670853,1.01662382813677,0.0227437746042951,0.000421420066493369,1,0,0.468812178877165,"02a_cor_to_smd_GROUPS",1000
0.8,300,0.5,"cooper_g","sample",1000,1000,1000,1000,0,0.000671031826315218,0.0038207694457979,0.120823338631006,0.00270304384444581,0.124858443763666,1.03339673591526,0.0231190158915979,0.00067832976882426,1,0,0.491321494266098,"02a_cor_to_smd_GROUPS",1000
1.2,300,0.5,"cooper_g","sample",1000,1000,1000,1000,0,0.000991391492331387,0.00388193904198776,0.122757691106133,0.00274631892366581,0.135014940685927,1.09984913751103,0.0246056802820817,0.000996505139317865,1,0,0.531209329829665,"02a_cor_to_smd_GROUPS",1000
0,25,0.15,"mathur_2sd","sample",1000,1000,1000,1000,0,0.0117308824226909,0.0136667879349014,0.432181781727974,0.00966871399199719,0.440775653338621,1.01988485395263,0.0228167298450459,0.133634860598029,1,0,1.82196426942434,"02a_cor_to_smd_GROUPS",1000
0.2,25,0.15,"mathur_2sd","sample",1000,1000,1000,1000,0,-0.0455969158770077,0.0132314742539659,0.418415954444095,0.00936074671411032,0.441432791839714,1.05500946403012,0.0236025330030638,0.136707149239191,1,0,1.82419034903214,"02a_cor_to_smd_GROUPS",1000
0.5,25,0.15,"mathur_2sd","sample",1000,1000,1000,1000,0,-0.126600049508142,0.014185538144687,0.448586103724102,0.0100357093266432,0.454236822705324,1.01259673211968,0.0226536809417351,0.18740067198339,1,0,1.87410501802512,"02a_cor_to_smd_GROUPS",1000
0.8,25,0.15,"mathur_2sd","sample",1000,1000,1000,1000,0,-0.195834666588563,0.0139249746381513,0.44034636216637,0.0098513709119809,0.470561204753257,1.06861608311748,0.023906938496113,0.238217851186359,1,0,1.93834540085115,"02a_cor_to_smd_GROUPS",1000
1.2,25,0.15,"mathur_2sd","sample",1000,1000,1000,1000,0,-0.291682418450078,0.0143090059584952,0.452490498817656,0.0101230579402761,0.504738935500494,1.11546858291912,0.0249551164609057,0.323270558895474,1,0,2.07422971095689,"02a_cor_to_smd_GROUPS",1000
0,50,0.15,"mathur_2sd","sample",1000,1000,1000,1000,0,-0.00371451881057106,0.00960652954160894,0.303785137611775,0.00679624115307228,0.296669050309078,0.976575261849079,0.0218478133454077,0.102181270833325,1,0,1.1926972631351,"02a_cor_to_smd_GROUPS",1000
0.2,50,0.15,"mathur_2sd","sample",1000,1000,1000,1000,0,-0.0492682981740858,0.00917566187371399,0.290159905605045,0.00649141925423852,0.297371499569422,1.02485386100929,0.0229278958175287,0.109271233079203,1,0,1.19542848127205,"02a_cor_to_smd_GROUPS",1000
0.5,50,0.15,"mathur_2sd","sample",1000,1000,1000,1000,0,-0.129280768713683,0.00958436420973207,0.303084208273531,0.00678056005408429,0.304380244949553,1.00427616035624,0.0224675342043394,0.164598509415242,1,0,1.22256368459509,"02a_cor_to_smd_GROUPS",1000
0.8,50,0.15,"mathur_2sd","sample",1000,1000,1000,1000,0,-0.200398126231872,0.00968494353151695,0.306264805697083,0.00685171596141813,0.315014594281534,1.02856935704557,0.0230110184062909,0.225294349631502,1,0,1.26434857772579,"02a_cor_to_smd_GROUPS",1000
1.2,50,0.15,"mathur_2sd","sample",1000,1000,1000,1000,0,-0.308138620268965,0.0099683361746648,0.315226467941908,0.00705220509076471,0.338614169804825,1.07419333159304,0.0240317119656398,0.325847887710932,1,0,1.35726740550871,"02a_cor_to_smd_GROUPS",1000
0,100,0.15,"mathur_2sd","sample",1000,1000,1000,1000,0,0.00248839339840966,0.006688159254881,0.211498165993586,0.00473160915910853,0.204753827177268,0.968111596690997,0.0216584653414027,0.0816790418475037,1,0,0.812606793660892,"02a_cor_to_smd_GROUPS",1000
0.2,100,0.15,"mathur_2sd","sample",1000,1000,1000,1000,0,-0.0597182896889037,0.00642184725710302,0.203076641181505,0.00454320391338309,0.205516831966546,1.01201610766676,0.0226406912878225,0.0985460007881956,1,0,0.815581924213268,"02a_cor_to_smd_GROUPS",1000
0.5,100,0.15,"mathur_2sd","sample",1000,1000,1000,1000,0,-0.140447674891294,0.00662838719428117,0.209608007474215,0.00468932278125553,0.209624861363206,1.00008040670389,0.0223736673553407,0.162087076740873,1,0,0.831636122198147,"02a_cor_to_smd_GROUPS",1000
0.8,100,0.15,"mathur_2sd","sample",1000,1000,1000,1000,0,-0.227509994034763,0.00659378715462092,0.208513858149629,0.00466484461643873,0.217334991673173,1.04230478300974,0.0233183055498508,0.241328199488108,0.999,0.000999499874937461,0.861856500475623,"02a_cor_to_smd_GROUPS",1000
1.2,100,0.15,"mathur_2sd","sample",1000,1000,1000,1000,0,-0.338300642179933,0.00680476986485812,0.215185717262279,0.00481410657120504,0.231804288985519,1.07722897195349,0.0240996249126188,0.34834903136664,0.981,0.00431729081716764,0.918634225826468,"02a_cor_to_smd_GROUPS",1000
0,300,0.15,"mathur_2sd","sample",1000,1000,1000,1000,0,0.00216580677603544,0.00368345210204377,0.116480982945933,0.00260589723404814,0.116346326490047,0.998843961885624,0.0223460057744501,0.0461082702617379,1,0,0.457926530714309,"02a_cor_to_smd_GROUPS",1000
0.2,300,0.15,"mathur_2sd","sample",1000,1000,1000,1000,0,-0.0575883833517054,0.00367882561197693,0.116334680484099,0.00260262417460973,0.116802956690227,1.00402525028804,0.0224619208772865,0.0737046699033543,1,0,0.459714976786256,"02a_cor_to_smd_GROUPS",1000
0.5,300,0.15,"mathur_2sd","sample",1000,1000,1000,1000,0,-0.140658797857336,0.00373051766148121,0.117969326617656,0.00263919426296536,0.119059344346013,1.00923984021618,0.0225785809974775,0.148191549226787,0.99,0.00314642654451046,0.468552581366605,"02a_cor_to_smd_GROUPS",1000
0.8,300,0.15,"mathur_2sd","sample",1000,1000,1000,1000,0,-0.227291743161896,0.00373217373804266,0.118021696356794,0.00264036587188311,0.123294712055475,1.0446783588226,0.0233714068758279,0.232032986041117,0.655,0.0150324648677454,0.485153216008923,"02a_cor_to_smd_GROUPS",1000
1.2,300,0.15,"mathur_2sd","sample",1000,1000,1000,1000,0,-0.343303695831923,0.00383275005312888,0.121202198700186,0.00271151965209611,0.131669505532505,1.08636235105117,0.0243039556688179,0.346632592653942,0.016,0.00396787096564392,0.517999046082598,"02a_cor_to_smd_GROUPS",1000
0,25,0.3,"mathur_2sd","sample",1000,1000,1000,1000,0,0.000860701759221412,0.0133703958578037,0.422809041287406,0.00945902827530929,0.440134808097224,1.04097775855753,0.0232886175333004,0.0119052584694951,1,0,1.81919069159063,"02a_cor_to_smd_GROUPS",1000
0.2,25,0.3,"mathur_2sd","sample",1000,1000,1000,1000,0,-0.00524408238980296,0.0134358936615711,0.424880263703842,0.00950536539085883,0.442811162399713,1.04220223961349,0.0233160114624736,0.0130337845140679,1,0,1.82936730360519,"02a_cor_to_smd_GROUPS",1000
0.5,25,0.3,"mathur_2sd","sample",1000,1000,1000,1000,0,-0.0145460122583436,0.014692247737766,0.464609667987968,0.0103941863993701,0.462469768348304,0.995394199072674,0.022268828134418,0.0195406626259308,1,0,1.90570719047575,"02a_cor_to_smd_GROUPS",1000
0.8,25,0.3,"mathur_2sd","sample",1000,1000,1000,1000,0,-0.0227508416731096,0.014174093146282,0.448224181096333,0.010027612441205,0.488448136780137,1.08974070873512,0.0243795358426933,0.0260010579964677,1,0,2.00905938274113,"02a_cor_to_smd_GROUPS",1000
1.2,25,0.3,"mathur_2sd","sample",1000,1000,1000,1000,0,-0.0340194672238395,0.0155076312523846,0.49039435871545,0.0109710381098224,0.543061361470076,1.10739724431697,0.0247745455350219,0.0367014518290183,1,0,2.22410864903746,"02a_cor_to_smd_GROUPS",1000
0,50,0.3,"mathur_2sd","sample",1000,1000,1000,1000,0,-0.000198526564047195,0.00934075046133512,0.295380465130875,0.00660821292548407,0.296395974466987,1.00343797053627,0.0224487823319031,0.0203853015607476,1,0,1.19161654146918,"02a_cor_to_smd_GROUPS",1000
0.2,50,0.3,"mathur_2sd","sample",1000,1000,1000,1000,0,-0.0137593377996667,0.00927021896720683,0.293150063448673,0.00655831467233175,0.298427911901013,1.01800391373022,0.0227746496977205,0.0244660789897582,1,0,1.19946935081221,"02a_cor_to_smd_GROUPS",1000
0.5,50,0.3,"mathur_2sd","sample",1000,1000,1000,1000,0,-0.0323778965408945,0.00925629445659818,0.292709731760408,0.00654846362970236,0.307772068779229,1.05145827208489,0.0235230862038215,0.0381624062342163,1,0,1.23613776303912,"02a_cor_to_smd_GROUPS",1000
0.8,50,0.3,"mathur_2sd","sample",1000,1000,1000,1000,0,-0.053645471306415,0.00927838559607972,0.29340831492911,0.00656409224049385,0.326829992634003,1.11390842046507,0.024920212711634,0.0573395818658415,1,0,1.31123600809328,"02a_cor_to_smd_GROUPS",1000
1.2,50,0.3,"mathur_2sd","sample",1000,1000,1000,1000,0,-0.0786088251740387,0.0102756856979324,0.324945713254835,0.00726964276889408,0.359489864423408,1.10630745308981,0.0247501648689877,0.0817447987456442,1,0,1.43950612405513,"02a_cor_to_smd_GROUPS",1000
0,100,0.3,"mathur_2sd","sample",1000,1000,1000,1000,0,-0.000863524907375573,0.00637956672133286,0.201739613244245,0.00451329210018035,0.204605469655496,1.01420571976502,0.0226896770017663,0.0161790506070229,1,0,0.812018922941355,"02a_cor_to_smd_GROUPS",1000
0.2,100,0.3,"mathur_2sd","sample",1000,1000,1000,1000,0,-0.0142028894059686,0.00633211910317897,0.200239187815083,0.00447972477977437,0.20575469559529,1.02754459724088,0.022988092614689,0.0214212494832109,1,0,0.816521843753243,"02a_cor_to_smd_GROUPS",1000
0.5,100,0.3,"mathur_2sd","sample",1000,1000,1000,1000,0,-0.0373536766820514,0.00670179953661208,0.211929509575552,0.00474125912100567,0.212754905186296,1.00389467050812,0.0224589995636204,0.0410286119518277,1,0,0.843861305357825,"02a_cor_to_smd_GROUPS",1000
0.8,100,0.3,"mathur_2sd","sample",1000,1000,1000,1000,0,-0.0600720767631159,0.00646214127672337,0.204350849962343,0.00457171034467863,0.22474845193716,1.09981657516265,0.0246049518015054,0.062261313131085,1,0,0.891030199890044,"02a_cor_to_smd_GROUPS",1000
1.2,100,0.3,"mathur_2sd","sample",1000,1000,1000,1000,0,-0.0887022034629203,0.00667954185011924,0.211225659727918,0.00472551268476565,0.246468474771077,1.166849118088,0.0261045950375301,0.0903007231396659,1,0,0.976468629929341,"02a_cor_to_smd_GROUPS",1000
0,300,0.3,"mathur_2sd","sample",1000,1000,1000,1000,0,0.000132086944339258,0.00371516187090848,0.117483733882832,0.00262833064615387,0.116350802382726,0.990356694814995,0.022156129751561,0.0102692415706415,1,0,0.457943364852878,"02a_cor_to_smd_GROUPS",1000
0.2,300,0.3,"mathur_2sd","sample",1000,1000,1000,1000,0,-0.0158411685604303,0.00379115765112932,0.119886931463427,0.00268209466642358,0.117071513038084,0.976516052325507,0.021846488717732,0.0189931641155786,1,0,0.460765489304026,"02a_cor_to_smd_GROUPS",1000
0.5,300,0.3,"mathur_2sd","sample",1000,1000,1000,1000,0,-0.0400923595061132,0.00381106065179624,0.12051631960722,0.00269617525521647,0.120832100120801,1.0026202303108,0.0224304879551058,0.0414529953161189,1,0,0.475498501345949,"02a_cor_to_smd_GROUPS",1000
0.8,300,0.3,"mathur_2sd","sample",1000,1000,1000,1000,0,-0.0647265990112101,0.00379935739218899,0.120146230043148,0.0026878956601532,0.127677561987006,1.06268471296314,0.0237742426629529,0.0655729040745016,1,0,0.502334526698303,"02a_cor_to_smd_GROUPS",1000
1.2,300,0.3,"mathur_2sd","sample",1000,1000,1000,1000,0,-0.0969649707796516,0.00383469239752487,0.121263621023104,0.00271289378422784,0.140492128652175,1.15856781668599,0.0259193268514964,0.0975425002895668,1,0,0.552636840692184,"02a_cor_to_smd_GROUPS",1000
0,25,0.5,"mathur_2sd","sample",1000,1000,1000,1000,0,0.000951421797754008,0.0138783783657687,0.438872858654344,0.00981840588516504,0.441146757767661,1.00518122519649,0.022487782195936,0.0176005742666173,1,0,1.82331866580414,"02a_cor_to_smd_GROUPS",1000
0.2,25,0.5,"mathur_2sd","sample",1000,1000,1000,1000,0,0.0090521953292958,0.0138173153237335,0.436941875717446,0.00977520618881126,0.444797559475762,1.01797878435299,0.0227740875065974,0.0197003860839755,1,0,1.83719187170587,"02a_cor_to_smd_GROUPS",1000
0.5,25,0.5,"mathur_2sd","sample",1000,1000,1000,1000,0,0.0225301242431503,0.013190632900626,0.417124437451317,0.00933185306577316,0.462927335663573,1.10980631701206,0.0248284409925806,0.0280468769793469,1,0,1.90855880167797,"02a_cor_to_smd_GROUPS",1000
0.8,25,0.5,"mathur_2sd","sample",1000,1000,1000,1000,0,0.035018017890522,0.0146765399781178,0.464112945013701,0.0103830737783053,0.496709640886214,1.07023440354923,0.0239431433480145,0.0396444916934823,1,0,2.04087561571298,"02a_cor_to_smd_GROUPS",1000
1.2,25,0.5,"mathur_2sd","sample",1000,1000,1000,1000,0,0.0517740095214254,0.0154706403538192,0.489224603793819,0.0109448685065301,0.555301831800389,1.13506521849914,0.0253935298152843,0.0553566891171752,1,0,2.27450718264895,"02a_cor_to_smd_GROUPS",1000
0,50,0.5,"mathur_2sd","sample",1000,1000,1000,1000,0,0.000302971295421125,0.00949906629543582,0.300386851385151,0.00672021514046064,0.296565665615379,0.987279117737173,0.0220872786018554,0.00607357291536882,1,0,1.19220750321455,"02a_cor_to_smd_GROUPS",1000
0.2,50,0.5,"mathur_2sd","sample",1000,1000,1000,1000,0,0.00429226764443164,0.00936059242814154,0.296007923214533,0.00662225033522539,0.298802278310332,1.00944013614721,0.022583061991709,0.00735901257230005,1,0,1.20100640926332,"02a_cor_to_smd_GROUPS",1000
0.5,50,0.5,"mathur_2sd","sample",1000,1000,1000,1000,0,0.0107669442085174,0.00901500907304141,0.285079617978941,0.0063777637274889,0.310809467809217,1.09025496109714,0.0243910406289158,0.0122093797704819,1,0,1.24810588212612,"02a_cor_to_smd_GROUPS",1000
0.8,50,0.5,"mathur_2sd","sample",1000,1000,1000,1000,0,0.0166698106967896,0.00938911963835346,0.296910032810134,0.00664243221247719,0.330619126210907,1.11353302238301,0.0249118143551044,0.0177153101780659,1,0,1.32614096692967,"02a_cor_to_smd_GROUPS",1000
1.2,50,0.5,"mathur_2sd","sample",1000,1000,1000,1000,0,0.0250571222839387,0.0102632169117775,0.324551415615764,0.00726082159396013,0.369917994060015,1.13978240815304,0.0254990621619446,0.0259000805355049,1,0,1.48102417437986,"02a_cor_to_smd_GROUPS",1000
0,100,0.5,"mathur_2sd","sample",1000,1000,1000,1000,0,2.87244726528231e-05,0.00632158928983272,0.199906205879977,0.00447227535170693,0.204573801493248,1.02334892802714,0.02289422765474,0.0020083591845899,1,0,0.811887978762501,"02a_cor_to_smd_GROUPS",1000
0.2,100,0.5,"mathur_2sd","sample",1000,1000,1000,1000,0,0.00205063253233158,0.0066011490772431,0.20874666258407,0.00467005288663391,0.206264799007392,0.988110643083082,0.0221058813775545,0.00293297402865446,1,0,0.818496574719662,"02a_cor_to_smd_GROUPS",1000
0.5,100,0.5,"mathur_2sd","sample",1000,1000,1000,1000,0,0.00513870674963226,0.0065815384468971,0.20812652000162,0.00465617913832366,0.214282691860105,1.0295789881003,0.0230336057394882,0.00554774388046596,1,0,0.849904594954599,"02a_cor_to_smd_GROUPS",1000
0.8,100,0.5,"mathur_2sd","sample",1000,1000,1000,1000,0,0.00818264803775285,0.00661145208513904,0.209072472301088,0.00467734185878139,0.228230126761391,1.09163164451757,0.0244218396093737,0.00844788191428988,1,0,0.90464868828389,"02a_cor_to_smd_GROUPS",1000
1.2,100,0.5,"mathur_2sd","sample",1000,1000,1000,1000,0,0.0123062143107489,0.00702029535592401,0.222001231718223,0.00496658236442191,0.254993056707412,1.14861099974014,0.0256965742520344,0.0125066500849119,1,0,1.00992144946582,"02a_cor_to_smd_GROUPS",1000
0,300,0.5,"mathur_2sd","sample",1000,1000,1000,1000,0,4.22065945632311e-06,0.00352758154116077,0.11155192302035,0.00249562495352923,0.116321392349996,1.04275559937031,0.0233283911541904,0.00037229919840418,1,0,0.457828377225334,"02a_cor_to_smd_GROUPS",1000
0.2,300,0.5,"mathur_2sd","sample",1000,1000,1000,1000,0,0.000683182994747422,0.00362276019442668,0.114561736309827,0.00256296010067244,0.117239324516243,1.02337244784047,0.022894753836911,0.000782884017246761,1,0,0.461422758114308,"02a_cor_to_smd_GROUPS",1000
0.5,300,0.5,"mathur_2sd","sample",1000,1000,1000,1000,0,0.00167129745670941,0.00371475294546265,0.117470802524812,0.00262804134751262,0.121655569646177,1.0356238914813,0.0231688415230663,0.00171665987500296,1,0,0.478729893418644,"02a_cor_to_smd_GROUPS",1000
0.8,300,0.5,"mathur_2sd","sample",1000,1000,1000,1000,0,0.00273345647887745,0.00383041920819352,0.121128490911502,0.00270987067113972,0.130074070810212,1.07385198834224,0.0240240754793172,0.0027631847383303,1,0,0.511736618446508,"02a_cor_to_smd_GROUPS",1000
1.2,300,0.5,"mathur_2sd","sample",1000,1000,1000,1000,0,0.00403844555734108,0.00389174329474911,0.123067728800952,0.00275325504620655,0.144624534340235,1.17516213022952,0.0262905726520584,0.00405927606185326,1,0,0.568861252870219,"02a_cor_to_smd_GROUPS",1000
0,25,0.15,"mathur_raw_1unit","sample",1000,1000,1000,1000,0,0.030763999124847,0.0068333939674507,0.216090890863987,0.00483435699599859,0.22038782666931,1.01988485395263,0.0228167298450459,0.350454687580422,0.812,0.0123554036761249,0.91098213471217,"02a_cor_to_smd_GROUPS",1000
0.2,25,0.15,"mathur_raw_1unit","sample",1000,1000,1000,1000,0,-0.119576978917006,0.00661573712698295,0.209207977222047,0.00468037335705516,0.220716395919857,1.05500946403012,0.0236025330030638,0.358511701678967,0.82,0.01214907403879,0.91209517451607,"02a_cor_to_smd_GROUPS",1000
0.5,25,0.15,"mathur_raw_1unit","sample",1000,1000,1000,1000,0,-0.332006039438308,0.00709276907234352,0.224293051862051,0.00501785466332162,0.227118411352662,1.01259673211968,0.0226536809417351,0.491454427822174,0.647,0.0151126106282138,0.937052509012558,"02a_cor_to_smd_GROUPS",1000
0.8,25,0.15,"mathur_raw_1unit","sample",1000,1000,1000,1000,0,-0.513572406104066,0.00696248731907563,0.220173181083185,0.00492568545599045,0.235280602376629,1.06861608311748,0.023906938496113,0.624721440498337,0.467,0.0157769135131052,0.969172700425573,"02a_cor_to_smd_GROUPS",1000
1.2,25,0.15,"mathur_raw_1unit","sample",1000,1000,1000,1000,0,-0.764931174194917,0.0071545029792476,0.226245249408828,0.00506152897013807,0.252369467750247,1.11546858291912,0.0249551164609057,0.847770426179748,0.208,0.0128349522788361,1.03711485547845,"02a_cor_to_smd_GROUPS",1000
0,50,0.15,"mathur_raw_1unit","sample",1000,1000,1000,1000,0,-0.00923704367772626,0.00480326477080447,0.151892568805888,0.00339812057653614,0.148334525154539,0.976575261849079,0.0218478133454077,0.254098285637135,0.76,0.0135055544129073,0.596348631567551,"02a_cor_to_smd_GROUPS",1000
0.2,50,0.15,"mathur_raw_1unit","sample",1000,1000,1000,1000,0,-0.122517463329606,0.00458783093685699,0.145079952802522,0.00324570962711926,0.148685749784711,1.02485386100929,0.0229278958175287,0.271729180587035,0.726,0.0141040419738457,0.597714240636026,"02a_cor_to_smd_GROUPS",1000
0.5,50,0.15,"mathur_raw_1unit","sample",1000,1000,1000,1000,0,-0.321487699537246,0.00479218210486604,0.151542104136765,0.00339028002704215,0.152190122474776,1.00427616035624,0.0224675342043394,0.409313749180742,0.482,0.0158011391994375,0.611281842297544,"02a_cor_to_smd_GROUPS",1000
0.8,50,0.15,"mathur_raw_1unit","sample",1000,1000,1000,1000,0,-0.498338099586504,0.00484247176575847,0.153132402848541,0.00342585798070906,0.157507297140767,1.02856935704557,0.0230110184062909,0.56024854200999,0.223,0.0131632442809514,0.632174288862897,"02a_cor_to_smd_GROUPS",1000
1.2,50,0.15,"mathur_raw_1unit","sample",1000,1000,1000,1000,0,-0.76626072968551,0.0049841680873324,0.157613233970954,0.00352610254538235,0.169307084902412,1.07419333159304,0.0240317119656398,0.810299078985683,0.041,0.00627048642451285,0.678633702754355,"02a_cor_to_smd_GROUPS",1000
0,100,0.15,"mathur_raw_1unit","sample",1000,1000,1000,1000,0,0.00570997694340621,0.0033440796274405,0.105749082996793,0.00236580457955427,0.102376913588634,0.968111596690997,0.0216584653414027,0.187424322057286,0.711,0.0143345387090063,0.406303396830446,"02a_cor_to_smd_GROUPS",1000
0.2,100,0.15,"mathur_raw_1unit","sample",1000,1000,1000,1000,0,-0.137032214215493,0.00321092362855151,0.101538320590752,0.00227160195669154,0.102758415983273,1.01201610766676,0.0226406912878225,0.226127987931935,0.63,0.0152676127799994,0.407790962106634,"02a_cor_to_smd_GROUPS",1000
0.5,100,0.15,"mathur_raw_1unit","sample",1000,1000,1000,1000,0,-0.322277412364471,0.00331419359714059,0.104804003737108,0.00234466139062777,0.104812430681603,1.00008040670389,0.0223736673553407,0.371932135652663,0.263,0.0139223202089307,0.415818061099073,"02a_cor_to_smd_GROUPS",1000
0.8,100,0.15,"mathur_raw_1unit","sample",1000,1000,1000,1000,0,-0.5220544392873,0.00329689357731046,0.104256929074815,0.00233242230821937,0.108667495836586,1.04230478300974,0.0233183055498508,0.553762301311158,0.038,0.00604615580348373,0.430928250237811,"02a_cor_to_smd_GROUPS",1000
1.2,100,0.15,"mathur_raw_1unit","sample",1000,1000,1000,1000,0,-0.776279533622568,0.00340238493242906,0.107592858631139,0.00240705328560252,0.115902144492759,1.07722897195349,0.0240996249126188,0.799337009426489,0.001,0.000999499874937461,0.459317112913234,"02a_cor_to_smd_GROUPS",1000
0,300,0.15,"mathur_raw_1unit","sample",1000,1000,1000,1000,0,0.00490314393915342,0.00184172605102189,0.0582404914729664,0.00130294861702407,0.0581731632450236,0.998843961885624,0.0223460057744501,0.104383959077146,0.715,0.0142749781085647,0.228963265357154,"02a_cor_to_smd_GROUPS",1000
0.2,300,0.15,"mathur_raw_1unit","sample",1000,1000,1000,1000,0,-0.130373649173557,0.00183941280598847,0.0581673402420496,0.00130131208730487,0.0584014783451136,1.00402525028804,0.0224619208772865,0.166859116668504,0.432,0.0156644821171975,0.229857488393128,"02a_cor_to_smd_GROUPS",1000
0.5,300,0.15,"mathur_raw_1unit","sample",1000,1000,1000,1000,0,-0.318435762522298,0.0018652588307406,0.058984663308828,0.00131959713148268,0.0595296721730067,1.00923984021618,0.0225785809974775,0.33548906784526,0.026,0.00503229569878401,0.234276290683303,"02a_cor_to_smd_GROUPS",1000
0.8,300,0.15,"mathur_raw_1unit","sample",1000,1000,1000,1000,0,-0.514563046544662,0.00186608686902133,0.0590108481783971,0.00132018293594156,0.0616473560277375,1.0446783588226,0.0233714068758279,0.525296689335207,0,0,0.242576608004462,"02a_cor_to_smd_GROUPS",1000
1.2,300,0.15,"mathur_raw_1unit","sample",1000,1000,1000,1000,0,-0.777201112367246,0.00191637502656444,0.0606010993500932,0.00135575982604806,0.0658347527662527,1.08636235105117,0.0243039556688179,0.784737361887541,0,0,0.258999523041299,"02a_cor_to_smd_GROUPS",1000
0,25,0.3,"mathur_raw_1unit","sample",1000,1000,1000,1000,0,0.0161768237370462,0.00668519792890187,0.211404520643703,0.00472951413765465,0.220067404048612,1.04097775855753,0.0232886175333004,0.223758422405474,0.975,0.00493710441453288,0.909595345795314,"02a_cor_to_smd_GROUPS",1000
0.2,25,0.3,"mathur_raw_1unit","sample",1000,1000,1000,1000,0,-0.09856212744253,0.00671794683078554,0.212440131851921,0.00475268269542941,0.221405581199856,1.04220223961349,0.0233160114624736,0.244968983102172,0.958,0.00634318531969546,0.914683651802597,"02a_cor_to_smd_GROUPS",1000
0.5,25,0.3,"mathur_raw_1unit","sample",1000,1000,1000,1000,0,-0.273391187898812,0.00734612386888299,0.232304833993984,0.00519709319968503,0.231234884174152,0.995394199072674,0.022268828134418,0.36726525956066,0.839,0.0116223491601311,0.952853595237877,"02a_cor_to_smd_GROUPS",1000
0.8,25,0.3,"mathur_raw_1unit","sample",1000,1000,1000,1000,0,-0.427600329233978,0.00708704657314099,0.224112090548166,0.00501380622060252,0.244224068390068,1.08974070873512,0.0243795358426933,0.488687896450986,0.659,0.0149906304070242,1.00452969137057,"02a_cor_to_smd_GROUPS",1000
1.2,25,0.3,"mathur_raw_1unit","sample",1000,1000,1000,1000,0,-0.639393284621722,0.00775381562619232,0.245197179357725,0.00548551905491121,0.271530680735038,1.10739724431697,0.0247745455350219,0.689800980154605,0.331,0.0148808265899445,1.11205432451873,"02a_cor_to_smd_GROUPS",1000
0,50,0.3,"mathur_raw_1unit","sample",1000,1000,1000,1000,0,-0.00163618792305042,0.00467037523066756,0.147690232565438,0.00330410646274203,0.148197987233493,1.00343797053627,0.0224487823319031,0.16800867118975,0.933,0.00790638982089803,0.595808270734591,"02a_cor_to_smd_GROUPS",1000
0.2,50,0.3,"mathur_raw_1unit","sample",1000,1000,1000,1000,0,-0.113399748013741,0.00463510948360342,0.146575031724337,0.00327915733616588,0.149213955950506,1.01800391373022,0.0227746496977205,0.201641040631335,0.878,0.0103496859855746,0.599734675406103,"02a_cor_to_smd_GROUPS",1000
0.5,50,0.3,"mathur_raw_1unit","sample",1000,1000,1000,1000,0,-0.266847530194466,0.00462814722829909,0.146354865880204,0.00327423181485118,0.153886034389615,1.05145827208489,0.0235230862038215,0.314521477237297,0.617,0.0153724103510152,0.61806888151956,"02a_cor_to_smd_GROUPS",1000
0.8,50,0.3,"mathur_raw_1unit","sample",1000,1000,1000,1000,0,-0.442127594859485,0.00463919279803986,0.146704157464555,0.00328204612024692,0.163414996317001,1.11390842046507,0.024920212711634,0.472573188439142,0.206,0.0127892142057282,0.655618004046638,"02a_cor_to_smd_GROUPS",1000
1.2,50,0.3,"mathur_raw_1unit","sample",1000,1000,1000,1000,0,-0.647867004661238,0.00513784284896622,0.162472856627417,0.00363482138444704,0.179744932211704,1.10630745308981,0.0247501648689877,0.673712624412388,0.023,0.00474035863622153,0.719753062027567,"02a_cor_to_smd_GROUPS",1000
0,100,0.3,"mathur_raw_1unit","sample",1000,1000,1000,1000,0,-0.00625224013516116,0.00318978336066643,0.100869806622123,0.00225664605009018,0.102302734827748,1.01420571976502,0.0226896770017663,0.117142318293358,0.921,0.00852988862764339,0.406009461470677,"02a_cor_to_smd_GROUPS",1000
0.2,100,0.3,"mathur_raw_1unit","sample",1000,1000,1000,1000,0,-0.102834179327998,0.00316605955158948,0.100119593907541,0.00223986238988718,0.102877347797645,1.02754459724088,0.022988092614689,0.15509777960114,0.814,0.01230463327369,0.408260921876621,"02a_cor_to_smd_GROUPS",1000
0.5,100,0.3,"mathur_raw_1unit","sample",1000,1000,1000,1000,0,-0.270454453082475,0.00335089976830604,0.105964754787776,0.00237062956050284,0.106377452593148,1.00389467050812,0.0224589995636204,0.297062345445007,0.309,0.0146122893483533,0.421930652678912,"02a_cor_to_smd_GROUPS",1000
0.8,100,0.3,"mathur_raw_1unit","sample",1000,1000,1000,1000,0,-0.434944083410767,0.00323107063836168,0.102175424981171,0.00228585517233931,0.11237422596858,1.09981657516265,0.0246049518015054,0.450794965496809,0.027,0.00512552436341883,0.445515099945022,"02a_cor_to_smd_GROUPS",1000
1.2,100,0.3,"mathur_raw_1unit","sample",1000,1000,1000,1000,0,-0.642236803861982,0.00333977092505962,0.105612829863959,0.00236275634238282,0.123234237385538,1.166849118088,0.0261045950375301,0.65381067833211,0,0,0.48823431496467,"02a_cor_to_smd_GROUPS",1000
0,300,0.3,"mathur_raw_1unit","sample",1000,1000,1000,1000,0,0.000887332086652715,0.00185758093545424,0.0587418669414162,0.00131416532307693,0.0581754011913631,0.990356694814995,0.022156129751561,0.0689865875601893,0.905,0.00927227048785787,0.228971682426439,"02a_cor_to_smd_GROUPS",1000
0.2,300,0.3,"mathur_raw_1unit","sample",1000,1000,1000,1000,0,-0.106417611703098,0.00189557882556466,0.0599434657317133,0.00134104733321179,0.058535756519042,0.976516052325507,0.021846488717732,0.127592049548267,0.541,0.0157581407532742,0.230382744652013,"02a_cor_to_smd_GROUPS",1000
0.5,300,0.3,"mathur_raw_1unit","sample",1000,1000,1000,1000,0,-0.269331970675445,0.00190553032589812,0.0602581598036099,0.00134808762760824,0.0604160500604004,1.0026202303108,0.0224304879551058,0.27847243356151,0.015,0.00384382621875651,0.237749250672975,"02a_cor_to_smd_GROUPS",1000
0.8,300,0.3,"mathur_raw_1unit","sample",1000,1000,1000,1000,0,-0.434819568654979,0.00189967869609449,0.0600731150215741,0.0013439478300766,0.0638387809935031,1.06268471296314,0.0237742426629529,0.440504866634364,0,0,0.251167263349151,"02a_cor_to_smd_GROUPS",1000
1.2,300,0.3,"mathur_raw_1unit","sample",1000,1000,1000,1000,0,-0.651390114931708,0.00191734619876244,0.0606318105115521,0.00135644689211392,0.0702460643260874,1.15856781668599,0.0259193268514964,0.655269835730005,0,0,0.276318420346092,"02a_cor_to_smd_GROUPS",1000
0,25,0.5,"mathur_raw_1unit","sample",1000,1000,1000,1000,0,-0.0109219257989549,0.00693918918288433,0.219436429327172,0.00490920294258252,0.22057337888383,1.00518122519649,0.022487782195936,0.202047258758194,0.991,0.00298646948753876,0.911659332902072,"02a_cor_to_smd_GROUPS",1000
0.2,25,0.5,"mathur_raw_1unit","sample",1000,1000,1000,1000,0,-0.103915430503703,0.00690865766186674,0.218470937858723,0.00488760309440563,0.222398779737881,1.01797878435299,0.0227740875065974,0.226152223470053,0.98,0.00442718872423573,0.918595935852935,"02a_cor_to_smd_GROUPS",1000
0.5,25,0.5,"mathur_raw_1unit","sample",1000,1000,1000,1000,0,-0.258636438439626,0.00659531645031301,0.208562218725658,0.00466592653288658,0.231463667831786,1.10980631701206,0.0248284409925806,0.321966461125842,0.933,0.00790638982089803,0.954279400838984,"02a_cor_to_smd_GROUPS",1000
0.8,25,0.5,"mathur_raw_1unit","sample",1000,1000,1000,1000,0,-0.401992254045081,0.00733826998905891,0.23205647250685,0.00519153688915265,0.248354820443107,1.07023440354923,0.0239431433480145,0.455102245539943,0.754,0.0136192510807313,1.02043780785649,"02a_cor_to_smd_GROUPS",1000
1.2,25,0.5,"mathur_raw_1unit","sample",1000,1000,1000,1000,0,-0.594344056066705,0.00773532017690961,0.24461230189691,0.00547243425326506,0.277650915900194,1.13506521849914,0.0253935298152843,0.635471724991867,0.421,0.0156127832240123,1.13725359132447,"02a_cor_to_smd_GROUPS",1000
0,50,0.5,"mathur_raw_1unit","sample",1000,1000,1000,1000,0,-0.00719479529980178,0.00474953314771791,0.150193425692575,0.00336010757023032,0.14828283280769,0.987279117737173,0.0220872786018554,0.144231861317949,0.963,0.00596917079668525,0.596103751607274,"02a_cor_to_smd_GROUPS",1000
0.2,50,0.5,"mathur_raw_1unit","sample",1000,1000,1000,1000,0,-0.101930405752541,0.00468029621407077,0.148003961607266,0.0033111251676127,0.149401139155166,1.00944013614721,0.022583061991709,0.174757773645757,0.934,0.00785136930732467,0.600503204631658,"02a_cor_to_smd_GROUPS",1000
0.5,50,0.5,"mathur_raw_1unit","sample",1000,1000,1000,1000,0,-0.25568745539736,0.00450750453652071,0.14253980898947,0.00318888186374445,0.155404733904609,1.09025496109714,0.0243910406289158,0.28994161992824,0.692,0.0145991780590552,0.624052941063062,"02a_cor_to_smd_GROUPS",1000
0.8,50,0.5,"mathur_raw_1unit","sample",1000,1000,1000,1000,0,-0.395865474592698,0.00469455981917673,0.148455016405067,0.0033212161062386,0.165309563105453,1.11353302238301,0.0249118143551044,0.420693419904732,0.281,0.014214042352547,0.663070483464834,"02a_cor_to_smd_GROUPS",1000
1.2,50,0.5,"mathur_raw_1unit","sample",1000,1000,1000,1000,0,-0.595042726356153,0.00513160845588877,0.162275707807882,0.00363041079698006,0.184958997030007,1.13978240815304,0.0254990621619446,0.615060834203193,0.024,0.00483983470792134,0.740512087189932,"02a_cor_to_smd_GROUPS",1000
0,100,0.5,"mathur_raw_1unit","sample",1000,1000,1000,1000,0,-0.00140028177262634,0.00316079464491636,0.0999531029399886,0.00223613767585347,0.102286900746624,1.02334892802714,0.02289422765474,0.0979049743770207,0.962,0.00604615580348373,0.405943989381251,"02a_cor_to_smd_GROUPS",1000
0.2,100,0.5,"mathur_raw_1unit","sample",1000,1000,1000,1000,0,-0.0999657467026268,0.00330057453862155,0.104373331292035,0.00233502644331695,0.103132399503696,0.988110643083082,0.0221058813775545,0.142978780552403,0.86,0.0109726933794762,0.409248287359831,"02a_cor_to_smd_GROUPS",1000
0.5,100,0.5,"mathur_raw_1unit","sample",1000,1000,1000,1000,0,-0.250505465612966,0.00329076922344855,0.10406326000081,0.00232808956916183,0.107141345930053,1.0295789881003,0.0230336057394882,0.270445509266911,0.322,0.0147755202954075,0.4249522974773,"02a_cor_to_smd_GROUPS",1000
0.8,100,0.5,"mathur_raw_1unit","sample",1000,1000,1000,1000,0,-0.398893759950593,0.00330572604256952,0.104536236150544,0.0023386709293907,0.114115063380696,1.09163164451757,0.0244218396093737,0.411823576531972,0.033,0.00564898220921256,0.452324344141945,"02a_cor_to_smd_GROUPS",1000
1.2,100,0.5,"mathur_raw_1unit","sample",1000,1000,1000,1000,0,-0.599912409103265,0.00351014767796201,0.111000615859112,0.00248329118221095,0.127496528353706,1.14861099974014,0.0256965742520344,0.609683400011786,0,0,0.50496072473291,"02a_cor_to_smd_GROUPS",1000
0,300,0.5,"mathur_raw_1unit","sample",1000,1000,1000,1000,0,-0.000627821329633488,0.00176379077058039,0.0557759615101752,0.00124781247676462,0.0581606961749982,1.04275559937031,0.0233283911541904,0.055379350118707,0.954,0.00662449998113065,0.228914188612667,"02a_cor_to_smd_GROUPS",1000
0.2,300,0.5,"mathur_raw_1unit","sample",1000,1000,1000,1000,0,-0.101623184856257,0.00181138009721334,0.0572808681549137,0.00128148005033622,0.0586196622581213,1.02337244784047,0.022894753836911,0.116453670271888,0.613,0.015402305022301,0.230711379057154,"02a_cor_to_smd_GROUPS",1000
0.5,300,0.5,"mathur_raw_1unit","sample",1000,1000,1000,1000,0,-0.248604797980614,0.00185737647273132,0.058735401262406,0.00131402067375631,0.0608277848230887,1.0356238914813,0.0231688415230663,0.255352438737504,0.008,0.00281709069786544,0.239364946709322,"02a_cor_to_smd_GROUPS",1000
0.8,300,0.5,"mathur_raw_1unit","sample",1000,1000,1000,1000,0,-0.406600508480448,0.00191520960409676,0.060564245455751,0.00135493533556986,0.0650370354051059,1.07385198834224,0.0240240754793172,0.411022574645821,0,0,0.255868309223254,"02a_cor_to_smd_GROUPS",1000
1.2,300,0.5,"mathur_raw_1unit","sample",1000,1000,1000,1000,0,-0.600717088336378,0.00194587164737456,0.061533864400476,0.00137662752310327,0.0723122671701176,1.17516213022952,0.0262905726520584,0.603815617174136,0,0,0.284430626435109,"02a_cor_to_smd_GROUPS",1000
0,25,0.15,"metafor_rtod_np","sample",1000,1000,1000,1000,0,0.0184256645830719,0.0114479103760772,0.362014712378787,0.00809894554298622,0.349001779543199,0.964054132634332,0.0215676922890545,0.204460273348622,0.996,0.00199599599197994,1.44359208903021,"02a_cor_to_smd_GROUPS",1000
0.2,25,0.15,"metafor_rtod_np","sample",1000,1000,1000,1000,0,-0.0700995654836344,0.0110068599465036,0.348067473174305,0.007786919741466,0.348807695900259,1.00212666446308,0.0224194459648609,0.211955950380605,0.989,0.00329833291224522,1.4426851995944,"02a_cor_to_smd_GROUPS",1000
0.5,25,0.15,"metafor_rtod_np","sample",1000,1000,1000,1000,0,-0.198114500919961,0.011413280204297,0.360919610192905,0.00807444606088178,0.344115564496636,0.953441028911432,0.0213302573281132,0.301867855957624,0.965,0.00581162627841812,1.42259151161502,"02a_cor_to_smd_GROUPS",1000
0.8,25,0.15,"metafor_rtod_np","sample",1000,1000,1000,1000,0,-0.313197749836101,0.0107124755054929,0.338758219761211,0.00757865434820867,0.338042644962526,0.997887653326348,0.0223246113651097,0.394565830925755,0.912,0.00895857131466843,1.39664305175034,"02a_cor_to_smd_GROUPS",1000
1.2,25,0.15,"metafor_rtod_np","sample",1000,1000,1000,1000,0,-0.48840660857241,0.0101275142954796,0.320260122096311,0.00716481733961739,0.325132463940933,1.01521370132731,0.0227122274327356,0.56092293216617,0.744,0.0138008695378226,1.34163767019196,"02a_cor_to_smd_GROUPS",1000
0,50,0.15,"metafor_rtod_np","sample",1000,1000,1000,1000,0,-0.00515508706003115,0.0083693049126707,0.26466065956476,0.00592095347479421,0.251445849210418,0.950068852786529,0.021254815447264,0.141376375757247,0.999,0.000999499874937461,1.01107487035852,"02a_cor_to_smd_GROUPS",1000
0.2,50,0.15,"metafor_rtod_np","sample",1000,1000,1000,1000,0,-0.0682791244457372,0.00796797037928235,0.25196934727288,0.00563702510501728,0.251172773382334,0.996838607953041,0.0223011422599601,0.152020744004219,0.998,0.00141279864099595,1.00995753704407,"02a_cor_to_smd_GROUPS",1000
0.5,50,0.15,"metafor_rtod_np","sample",1000,1000,1000,1000,0,-0.182635617391671,0.0080355004828899,0.254104836653149,0.00568479999263106,0.248453040594737,0.977758014633436,0.0218742737351758,0.237337927080041,0.961,0.00612200947402077,0.998795029238925,"02a_cor_to_smd_GROUPS",1000
0.8,50,0.15,"metafor_rtod_np","sample",1000,1000,1000,1000,0,-0.289423985230578,0.00783083145387712,0.247632633671395,0.00554000471857177,0.244215835928162,0.986202150772393,0.0220631848385329,0.332046199723152,0.884,0.0101264011376204,0.981517445590928,"02a_cor_to_smd_GROUPS",1000
1.2,50,0.15,"metafor_rtod_np","sample",1000,1000,1000,1000,0,-0.468103415425186,0.00740256007048473,0.234089503389483,0.00523701958872985,0.234677610233679,1.0025123161683,0.0224280737140998,0.504648225803358,0.543,0.0157528092732693,0.942578835555291,"02a_cor_to_smd_GROUPS",1000
0,100,0.15,"metafor_rtod_np","sample",1000,1000,1000,1000,0,0.00319175301539894,0.00600079504456797,0.189761801126864,0.00424532606248715,0.181217116517754,0.954971524519848,0.0213644973746155,0.103427296365986,0.999,0.000999499874937461,0.7192285770128,"02a_cor_to_smd_GROUPS",1000
0.2,100,0.15,"metafor_rtod_np","sample",1000,1000,1000,1000,0,-0.0758604137007365,0.00573094644275328,0.181228439075401,0.00405441880874805,0.180890789957846,0.99813688668689,0.0223301871810794,0.125723977966155,0.994,0.00244213021765835,0.717921614968346,"02a_cor_to_smd_GROUPS",1000
0.5,100,0.15,"metafor_rtod_np","sample",1000,1000,1000,1000,0,-0.180982613190593,0.00577451480137187,0.182606191546899,0.00408524170587577,0.179122687766651,0.98092340817834,0.0219450895033357,0.210785135762285,0.932,0.00796090447122687,0.710845439071717,"02a_cor_to_smd_GROUPS",1000
0.8,100,0.15,"metafor_rtod_np","sample",1000,1000,1000,1000,0,-0.300543520421906,0.00549804545746977,0.173863463247469,0.00388965053796732,0.175762933381048,1.01092506785555,0.02261628268863,0.321942861817469,0.676,0.014799459449588,0.697410213377906,"02a_cor_to_smd_GROUPS",1000
1.2,100,0.15,"metafor_rtod_np","sample",1000,1000,1000,1000,0,-0.467707777295671,0.00521421081904355,0.164887823884697,0.00368884871437593,0.169382715691213,1.02726030158334,0.0229817323896213,0.486505812134422,0.175,0.0120156148406979,0.671883515390792,"02a_cor_to_smd_GROUPS",1000
0,300,0.15,"metafor_rtod_np","sample",1000,1000,1000,1000,0,0.00266597068104373,0.0033479012297322,0.105869932672324,0.00236850821260437,0.105274447940884,0.99437531774689,0.0222460338553732,0.0567264024712343,1,0,0.41435053939674,"02a_cor_to_smd_GROUPS",1000
0.2,300,0.15,"metafor_rtod_np","sample",1000,1000,1000,1000,0,-0.0710786513514438,0.0033286061595029,0.105259768976949,0.00235485771064362,0.105075180903522,0.998246356844399,0.0223326362330486,0.0911563781505472,0.989,0.00329833291224522,0.413564337329406,"02a_cor_to_smd_GROUPS",1000
0.5,300,0.15,"metafor_rtod_np","sample",1000,1000,1000,1000,0,-0.176020034851271,0.00330000432021278,0.10435529940268,0.00233462303625937,0.10408519652074,0.997411699420288,0.0223139633869079,0.186053571554188,0.692,0.0145991780590552,0.409657945798334,"02a_cor_to_smd_GROUPS",1000
0.8,300,0.15,"metafor_rtod_np","sample",1000,1000,1000,1000,0,-0.291614740937399,0.00316596124990412,0.100116485335306,0.00223979284531788,0.102204713168233,1.02085798183919,0.0228385005341648,0.298686523737718,0.092,0.00913980306133562,0.402238553877962,"02a_cor_to_smd_GROUPS",1000
1.2,300,0.15,"metafor_rtod_np","sample",1000,1000,1000,1000,0,-0.461728776239747,0.00299511984928091,0.0947140058890791,0.00211892928553441,0.0984277729918005,1.03921032658117,0.0232490767775298,0.467696394865625,0,0,0.38733601627981,"02a_cor_to_smd_GROUPS",1000
0,25,0.3,"metafor_rtod_np","sample",1000,1000,1000,1000,0,0.00799781188721526,0.0102382429273539,0.323761668885482,0.00724315348395631,0.319883108876384,0.988020323645942,0.0221038607629831,0.111492653438905,1,0,1.32339430541901,"02a_cor_to_smd_GROUPS",1000
0.2,25,0.3,"metafor_rtod_np","sample",1000,1000,1000,1000,0,-0.0489427695088297,0.010195919606288,0.322423287958374,0.0072132114018426,0.319479741449631,0.990870552411452,0.0221676257061404,0.125083645932556,0.998,0.00141279864099595,1.32167938255324,"02a_cor_to_smd_GROUPS",1000
0.5,25,0.3,"metafor_rtod_np","sample",1000,1000,1000,1000,0,-0.142300111727732,0.010716169813218,0.3388750440291,0.00758126792536831,0.316411927812414,0.933712686689445,0.0208888974500592,0.200391128089383,0.988,0.00344325427466518,1.30869762305733,"02a_cor_to_smd_GROUPS",1000
0.8,25,0.3,"metafor_rtod_np","sample",1000,1000,1000,1000,0,-0.231202262868449,0.00982389741003616,0.310658913155433,0.00695002035568256,0.312012040785397,1.00435566974796,0.0224693129779959,0.277223501265247,0.973,0.00512552436341883,1.29016408185244,"02a_cor_to_smd_GROUPS",1000
1.2,25,0.3,"metafor_rtod_np","sample",1000,1000,1000,1000,0,-0.37935407308353,0.00942701116856969,0.298108268205257,0.00666923897717749,0.301743502068935,1.01219434095392,0.0226446786994864,0.434641009395099,0.877,0.0103860964755773,1.24634379550176,"02a_cor_to_smd_GROUPS",1000
0,50,0.3,"metafor_rtod_np","sample",1000,1000,1000,1000,0,-0.000827992577533278,0.0074761318287766,0.23641604666614,0.00528906870899138,0.231029606836448,0.977216268076342,0.0218621538524363,0.0793710148688381,1,0,0.929022849989602,"02a_cor_to_smd_GROUPS",1000
0.2,50,0.3,"metafor_rtod_np","sample",1000,1000,1000,1000,0,-0.0539976768991033,0.00735481315750474,0.232579613426897,0.00520324052902663,0.230698883595745,0.991913608405135,0.0221909608176766,0.097351854783227,0.998,0.00141279864099595,0.927678155865834,"02a_cor_to_smd_GROUPS",1000
0.5,50,0.3,"metafor_rtod_np","sample",1000,1000,1000,1000,0,-0.130074472799597,0.00715564226108943,0.226281276663998,0.00506233496715341,0.229132046399351,1.01259834564035,0.0226537170392075,0.156544294379207,0.997,0.00172945077987204,0.921331644560457,"02a_cor_to_smd_GROUPS",1000
0.8,50,0.3,"metafor_rtod_np","sample",1000,1000,1000,1000,0,-0.226856901329922,0.00679403843387842,0.214846359617791,0.00480651450660567,0.225621736683869,1.05015387314566,0.0234939043622723,0.24774966554,0.971,0.00530650544143696,0.907101800427352,"02a_cor_to_smd_GROUPS",1000
1.2,50,0.3,"metafor_rtod_np","sample",1000,1000,1000,1000,0,-0.362305097612435,0.00676702664816799,0.213992171952657,0.00478740473248089,0.218777755933888,1.02236336001248,0.0228721786567112,0.386594152052142,0.741,0.0138534833164804,0.879212867729482,"02a_cor_to_smd_GROUPS",1000
0,100,0.3,"metafor_rtod_np","sample",1000,1000,1000,1000,0,-0.00284170287779281,0.00519346606396231,0.164231817129106,0.00367417261750006,0.164495477886269,1.00160541825434,0.0224077847132192,0.0537292619680436,1,0,0.65287038107487,"02a_cor_to_smd_GROUPS",1000
0.2,100,0.3,"metafor_rtod_np","sample",1000,1000,1000,1000,0,-0.0473327476972137,0.00513256629928154,0.162305997475511,0.00363108843344138,0.164315591325354,1.01238151319791,0.0226488660923172,0.0717916382190402,1,0,0.652154406467927,"02a_cor_to_smd_GROUPS",1000
0.5,100,0.3,"metafor_rtod_np","sample",1000,1000,1000,1000,0,-0.128432072635675,0.00525690152475549,0.166237822534394,0.00371905070665176,0.163157621343614,0.981471116838394,0.0219573427694586,0.142968681752092,0.993,0.00263647491928143,0.647538880285134,"02a_cor_to_smd_GROUPS",1000
0.8,100,0.3,"metafor_rtod_np","sample",1000,1000,1000,1000,0,-0.216413485431373,0.00483210738605515,0.152804652384568,0.0034185255904259,0.160972956388089,1.05345585933446,0.0235677759631005,0.226890610105699,0.92,0.00857904423581089,0.63883733964732,"02a_cor_to_smd_GROUPS",1000
1.2,100,0.3,"metafor_rtod_np","sample",1000,1000,1000,1000,0,-0.347004237573631,0.00451974347049408,0.142926838064353,0.00319754042731617,0.156417974823916,1.09439190667248,0.0244835918313485,0.357414813297549,0.386,0.015394934231753,0.62066560615847,"02a_cor_to_smd_GROUPS",1000
0,300,0.3,"metafor_rtod_np","sample",1000,1000,1000,1000,0,0.000410561169428762,0.00305817648998711,0.0967080319513838,0.00216353937440009,0.0953854344607169,0.986323809264035,0.0220659065663106,0.0310373578820275,1,0,0.375428677809062,"02a_cor_to_smd_GROUPS",1000
0.2,300,0.3,"metafor_rtod_np","sample",1000,1000,1000,1000,0,-0.0481274962900009,0.00310469350359503,0.0981790290808847,0.00219644832875565,0.0952744686077882,0.970415673282901,0.0217100118399471,0.0578952050913806,1,0,0.374991479888223,"02a_cor_to_smd_GROUPS",1000
0.5,300,0.3,"metafor_rtod_np","sample",1000,1000,1000,1000,0,-0.125255065807498,0.00303868081213008,0.0960915244858127,0.00214974695044666,0.094664232324457,0.985146534317223,0.0220395687260038,0.130045822731019,0.956,0.00648567652600714,0.372586975939795,"02a_cor_to_smd_GROUPS",1000
0.8,300,0.3,"metafor_rtod_np","sample",1000,1000,1000,1000,0,-0.212428366276616,0.00287096212286461,0.0907877938432435,0.00203109258591385,0.0934260397854586,1.0290594784886,0.023021983338767,0.216146567710829,0.255,0.0137831418769452,0.367706697912541,"02a_cor_to_smd_GROUPS",1000
1.2,300,0.3,"metafor_rtod_np","sample",1000,1000,1000,1000,0,-0.346899591329198,0.00262532701640971,0.0830201297462894,0.0018573154261292,0.0907238115449024,1.09279293855786,0.0244478199269412,0.350330452865283,0,0,0.357054147513092,"02a_cor_to_smd_GROUPS",1000
0,25,0.5,"metafor_rtod_np","sample",1000,1000,1000,1000,0,-0.00510367372675537,0.010356624675771,0.327505228469392,0.00732690390671616,0.311582976808276,0.951383213832864,0.0212842201597635,0.0941497839687835,1,0,1.28909778041208,"02a_cor_to_smd_GROUPS",1000
0.2,25,0.5,"metafor_rtod_np","sample",1000,1000,1000,1000,0,-0.0491726826006734,0.0102114698113323,0.322915028618599,0.00722421255923275,0.311261963371638,0.963912905209733,0.0215645327676818,0.109024924638509,1,0,1.2877419163341,"02a_cor_to_smd_GROUPS",1000
0.5,25,0.5,"metafor_rtod_np","sample",1000,1000,1000,1000,0,-0.124893493181818,0.00940131944320932,0.297295824513675,0.00665106309373996,0.309666657503965,1.04161118983264,0.0233027885744954,0.163059725128054,0.997,0.00172945077987204,1.2810498024402,"02a_cor_to_smd_GROUPS",1000
0.8,25,0.5,"metafor_rtod_np","sample",1000,1000,1000,1000,0,-0.208185791565263,0.00981039299411774,0.310231866027709,0.00694046651349476,0.306031497015628,0.986460549440443,0.0220689656995569,0.250677437542137,0.981,0.00431729081716764,1.26568295248191,"02a_cor_to_smd_GROUPS",1000
1.2,25,0.5,"metafor_rtod_np","sample",1000,1000,1000,1000,0,-0.340601703622369,0.00926686774817419,0.293044088597861,0.00655594381690432,0.29816315685994,1.01746859418517,0.0227626735992493,0.386103538865139,0.901,0.00944452222190196,1.23235331188592,"02a_cor_to_smd_GROUPS",1000
0,50,0.5,"metafor_rtod_np","sample",1000,1000,1000,1000,0,-0.00312696913330302,0.007323385771339,0.231585792215003,0.00518100689155454,0.223081677218431,0.963278770622176,0.0215503459920732,0.0628568227514741,1,0,0.897069017123311,"02a_cor_to_smd_GROUPS",1000
0.2,50,0.5,"metafor_rtod_np","sample",1000,1000,1000,1000,0,-0.0443315962631884,0.00718861067789906,0.227323829543681,0.0050856588230894,0.222937771119869,0.980705681262646,0.0219402185454073,0.0768624486380071,1,0,0.896488724191788,"02a_cor_to_smd_GROUPS",1000
0.5,50,0.5,"metafor_rtod_np","sample",1000,1000,1000,1000,0,-0.115130247283147,0.0067066162827988,0.212081828464161,0.0047446667791528,0.222030496513859,1.04690957316685,0.0234213233097486,0.133485337672329,1,0,0.892824282851257,"02a_cor_to_smd_GROUPS",1000
0.8,50,0.5,"metafor_rtod_np","sample",1000,1000,1000,1000,0,-0.188974525431593,0.00665400310696454,0.210418053758449,0.00470744503021112,0.220138560725832,1.04619616422525,0.0234053630187154,0.205686467029403,0.991,0.00298646948753876,0.88516799673806,"02a_cor_to_smd_GROUPS",1000
1.2,50,0.5,"metafor_rtod_np","sample",1000,1000,1000,1000,0,-0.316842260244209,0.00652790783901321,0.206430571269495,0.00461823759629373,0.215034798606906,1.04168097430772,0.0233043497835956,0.33630562878111,0.842,0.0115341232870123,0.864433790054563,"02a_cor_to_smd_GROUPS",1000
0,100,0.5,"metafor_rtod_np","sample",1000,1000,1000,1000,0,-0.000572963281814362,0.00496222367991874,0.156919290877656,0.00351057774174765,0.158689783228967,1.0112828215155,0.0226242863064684,0.0409745633662102,1,0,0.629829172356488,"02a_cor_to_smd_GROUPS",1000
0.2,100,0.5,"metafor_rtod_np","sample",1000,1000,1000,1000,0,-0.0421128793938782,0.00515112674690598,0.162892930364366,0.00364421921885335,0.158590297574753,0.973586129367379,0.0217809408665767,0.0607427311711882,1,0,0.629433705224937,"02a_cor_to_smd_GROUPS",1000
0.5,100,0.5,"metafor_rtod_np","sample",1000,1000,1000,1000,0,-0.109233711406048,0.00499104589913577,0.157830729477121,0.0035309683262472,0.158041494881661,1.00133538890201,0.0224017436520558,0.119451287947576,0.999,0.000999499874937461,0.627251122654829,"02a_cor_to_smd_GROUPS",1000
0.8,100,0.5,"metafor_rtod_np","sample",1000,1000,1000,1000,0,-0.184724231619271,0.00474966474733025,0.150197587237718,0.00336020067177103,0.156780552289274,1.04382870039808,0.0233523984292786,0.193327114916124,0.968,0.00556560868189635,0.622230938449955,"02a_cor_to_smd_GROUPS",1000
1.2,100,0.5,"metafor_rtod_np","sample",1000,1000,1000,1000,0,-0.309495310562424,0.00454122414395745,0.143606116602539,0.00321273715745218,0.153381604236131,1.06807152692978,0.0238947557566871,0.318831739652975,0.506,0.0158102498398982,0.60867693601378,"02a_cor_to_smd_GROUPS",1000
0,300,0.5,"metafor_rtod_np","sample",1000,1000,1000,1000,0,-0.0002508897775148,0.00280038060553299,0.0885558102884578,0.00198115894331609,0.09196429305241,1.03848965700669,0.0232329540525725,0.0226140781055169,1,0,0.361963449595468,"02a_cor_to_smd_GROUPS",1000
0.2,300,0.5,"metafor_rtod_np","sample",1000,1000,1000,1000,0,-0.0418200508134395,0.00285791037195993,0.0903750612401239,0.00202185898638825,0.0919158231349791,1.01704852946945,0.0227532759666646,0.0481173906322568,1,0,0.361772598316373,"02a_cor_to_smd_GROUPS",1000
0.5,300,0.5,"metafor_rtod_np","sample",1000,1000,1000,1000,0,-0.105986485125425,0.00285322213293999,0.0902268061049412,0.00201854224199843,0.091637616848184,1.0156362704627,0.0227216810938677,0.109337104239878,0.996,0.00199599599197994,0.360677019955117,"02a_cor_to_smd_GROUPS",1000
0.8,300,0.5,"metafor_rtod_np","sample",1000,1000,1000,1000,0,-0.184988138954027,0.00278397275632557,0.0880369485384573,0.0019695510364717,0.0909051761120477,1.03257981587512,0.023100739863879,0.187860003370989,0.421,0.0156127832240123,0.357791437991844,"02a_cor_to_smd_GROUPS",1000
1.2,300,0.5,"metafor_rtod_np","sample",1000,1000,1000,1000,0,-0.303268720029406,0.00255973475885295,0.0809459204387719,0.00181091148824515,0.0890812057938622,1.10050272220011,0.0246203021928041,0.306131077198094,0,0,0.35060253829464,"02a_cor_to_smd_GROUPS",1000
0,25,0.15,"pb_exact_p","sample",1000,1000,1000,1000,0,-0.00211996631499607,0.0186396101841056,0.589436228794442,0.0131867898039303,0.569731632972693,0.966570436530428,0.021623986708942,0.0241500505050695,1,0,2.35607758341065,"02a_cor_to_smd_GROUPS",1000
0.2,25,0.15,"pb_exact_p","sample",1000,1000,1000,1000,0,0.00824012399442264,0.0180459024775768,0.570661542624184,0.0127667649936666,0.570326194248171,0.999412351541212,0.0223587217130857,0.024705264358088,1,0,2.3581952971879,"02a_cor_to_smd_GROUPS",1000
0.5,25,0.15,"pb_exact_p","sample",1000,1000,1000,1000,0,0.0228787426864801,0.0193471137862237,0.61180945714911,0.013687320726761,0.581962858235156,0.951215858850838,0.0212804761161116,0.0338664303074043,1,0,2.40423553001997,"02a_cor_to_smd_GROUPS",1000
0.8,25,0.15,"pb_exact_p","sample",1000,1000,1000,1000,0,0.0353905939482606,0.0189917411695442,0.600571588281497,0.0134359086021544,0.59693564382531,0.993945860032122,0.022236426083849,0.043049943043414,1,0,2.46382138228455,"02a_cor_to_smd_GROUPS",1000
1.2,25,0.15,"pb_exact_p","sample",1000,1000,1000,1000,0,0.0527118830033345,0.0195155068227317,0.617134512523879,0.0138064521653985,0.628733913470238,1.01879557974958,0.022792360745807,0.0584203873838809,1,0,2.5911336789235,"02a_cor_to_smd_GROUPS",1000
0,50,0.15,"pb_exact_p","sample",1000,1000,1000,1000,0,0.000304353021198693,0.0131019788066227,0.414320948841826,0.00926913378724039,0.394145764474577,0.951305420535346,0.0212824797783407,0.00837233032702379,1,0,1.58478450875572,"02a_cor_to_smd_GROUPS",1000
0.2,50,0.15,"pb_exact_p","sample",1000,1000,1000,1000,0,0.00403685003719119,0.0125143348475044,0.395738015201297,0.00885339883935768,0.3947835777192,0.997588208750651,0.022317912230437,0.00895325387049238,1,0,1.58728892814934,"02a_cor_to_smd_GROUPS",1000
0.5,50,0.15,"pb_exact_p","sample",1000,1000,1000,1000,0,0.0105927563023567,0.0130717483568818,0.4133649780831,0.0092477469351295,0.401173106022529,0.970505793410199,0.0217120279955849,0.0134865526815381,1,0,1.61228795164698,"02a_cor_to_smd_GROUPS",1000
0.8,50,0.15,"pb_exact_p","sample",1000,1000,1000,1000,0,0.0164198320890589,0.0132089246531397,0.41770287345471,0.00934479375998086,0.410953477929826,0.983841634918474,0.02201037568824,0.0184597304432014,1,0,1.65093769346541,"02a_cor_to_smd_GROUPS",1000
1.2,50,0.15,"pb_exact_p","sample",1000,1000,1000,1000,0,0.0252476632397074,0.0135954330574905,0.429925342380168,0.00961823322761374,0.432993932819934,1.00713749606566,0.0225315476305853,0.0266986907681829,1,0,1.73809570803021,"02a_cor_to_smd_GROUPS",1000
0,100,0.15,"pb_exact_p","sample",1000,1000,1000,1000,0,-9.06780657792749e-05,0.00936529620341748,0.296156669649268,0.0066255780709042,0.283036202843581,0.955697547446,0.0213807398640525,0.00297641744837034,1,0,1.1233219235661,"02a_cor_to_smd_GROUPS",1000
0.2,100,0.15,"pb_exact_p","sample",1000,1000,1000,1000,0,0.00217615872317336,0.00899238481679127,0.284364176177763,0.00636175795758845,0.283748381954414,0.997834487340754,0.022323421942671,0.00359105628051717,1,0,1.12611438448929,"02a_cor_to_smd_GROUPS",1000
0.5,100,0.15,"pb_exact_p","sample",1000,1000,1000,1000,0,0.00511797029781475,0.00928159857737822,0.293509918318938,0.00656636529817096,0.287597316019149,0.979855528107352,0.0219211990308062,0.00590651888727586,1,0,1.14122579892555,"02a_cor_to_smd_GROUPS",1000
0.8,100,0.15,"pb_exact_p","sample",1000,1000,1000,1000,0,0.0082905565565764,0.00923314883093539,0.291977802810768,0.00653208901148444,0.294884768304581,1.00995611812209,0.0225946054726031,0.00879409757378485,1,0,1.16988603022306,"02a_cor_to_smd_GROUPS",1000
1.2,100,0.15,"pb_exact_p","sample",1000,1000,1000,1000,0,0.0123278127583719,0.0095285837181548,0.301320274249651,0.00674109755404679,0.308766757897703,1.02471285301527,0.0229247412052279,0.0126939801401975,1,0,1.2244939315959,"02a_cor_to_smd_GROUPS",1000
0,300,0.15,"pb_exact_p","sample",1000,1000,1000,1000,0,-2.55963232962797e-05,0.005157864618963,0.163106000587196,0.00364898599786129,0.162235356796798,0.994662098345473,0.0222524496732151,0.00054492496990523,1,0,0.638542692817804,"02a_cor_to_smd_GROUPS",1000
0.2,300,0.15,"pb_exact_p","sample",1000,1000,1000,1000,0,0.000680601286638592,0.00515138623706345,0.162901136163646,0.00364440279791585,0.162661785135344,0.998530697612439,0.0223389974673224,0.000871069654119923,1,0,0.640215524190836,"02a_cor_to_smd_GROUPS",1000
0.5,300,0.15,"pb_exact_p","sample",1000,1000,1000,1000,0,0.00166235885133431,0.00522376958448688,0.165190098588899,0.00369561116431138,0.164776907426614,0.997498692925212,0.022315909594161,0.00175138375489283,1,0,0.648512532408874,"02a_cor_to_smd_GROUPS",1000
0.8,300,0.15,"pb_exact_p","sample",1000,1000,1000,1000,0,0.0026862197518822,0.00522608855551351,0.16526343089162,0.00369725174494517,0.168781540260944,1.02128788777011,0.0228481183331217,0.00274225355272979,1,0,0.664227310890956,"02a_cor_to_smd_GROUPS",1000
1.2,300,0.15,"pb_exact_p","sample",1000,1000,1000,1000,0,0.00405729286866794,0.00536692356645367,0.169717024980276,0.00379688696628075,0.176821774022665,1.04186232373101,0.0233084069090474,0.00409663502985202,1,0,0.69578664998715,"02a_cor_to_smd_GROUPS",1000
0,25,0.3,"pb_exact_p","sample",1000,1000,1000,1000,0,-0.00134071989846695,0.0143312748275538,0.453194702289067,0.0101388122877408,0.447299598406591,0.986992116517029,0.022080857848297,0.0185448870708516,1,0,1.84970459564785,"02a_cor_to_smd_GROUPS",1000
0.2,25,0.3,"pb_exact_p","sample",1000,1000,1000,1000,0,0.00816873618983777,0.014401479706779,0.455414775501156,0.0101884794737179,0.449203137802772,0.986360482723583,0.0220667270201254,0.0203027983423072,1,0,1.85709756369781,"02a_cor_to_smd_GROUPS",1000
0.5,25,0.3,"pb_exact_p","sample",1000,1000,1000,1000,0,0.0226584038770261,0.0157481231224381,0.49799937939667,0.0111411766324967,0.463287699342954,0.930297744355084,0.0208124988091954,0.0304385984240512,1,0,1.91261698031524,"02a_cor_to_smd_GROUPS",1000
0.8,25,0.3,"pb_exact_p","sample",1000,1000,1000,1000,0,0.0354391121096369,0.0151927307516593,0.480436330529254,0.0107482584126505,0.482156945265848,1.00358135850113,0.0224519901885984,0.0405019920821261,1,0,1.98826353171648,"02a_cor_to_smd_GROUPS",1000
1.2,25,0.3,"pb_exact_p","sample",1000,1000,1000,1000,0,0.0529923125560999,0.0166221051168482,0.525637116759797,0.0117594844586193,0.522644948696614,0.994307540377612,0.0222445175489799,0.0571700548332832,1,0,2.14873660541486,"02a_cor_to_smd_GROUPS",1000
0,50,0.3,"pb_exact_p","sample",1000,1000,1000,1000,0,6.33850043012887e-05,0.0101915942944671,0.322286509588929,0.00721015141414674,0.315118355795813,0.977758442938679,0.0218742833171643,0.00650856188093735,1,0,1.26703916768723,"02a_cor_to_smd_GROUPS",1000
0.2,50,0.3,"pb_exact_p","sample",1000,1000,1000,1000,0,0.0043930427638259,0.0101146381252478,0.319852941841584,0.00715570795649994,0.316594943598641,0.989814074480026,0.0221439903207778,0.00781146104776594,1,0,1.27281066990746,"02a_cor_to_smd_GROUPS",1000
0.5,50,0.3,"pb_exact_p","sample",1000,1000,1000,1000,0,0.0103375239548466,0.0100994452386098,0.319372500581498,0.00714495958780389,0.323425292663481,1.01268985925402,0.0226557643697391,0.0121843859783332,1,0,1.29979482471177,"02a_cor_to_smd_GROUPS",1000
0.8,50,0.3,"pb_exact_p","sample",1000,1000,1000,1000,0,0.0171277755489356,0.0101235486478627,0.32013471730764,0.00716201180017508,0.337546591539913,1.05438920957623,0.0235886567519806,0.0183072208026348,1,0,1.35570342603787,"02a_cor_to_smd_GROUPS",1000
1.2,50,0.3,"pb_exact_p","sample",1000,1000,1000,1000,0,0.0250980051243477,0.0112116922686549,0.354544839938499,0.00793183053898702,0.362266097805827,1.0217779445575,0.0228590818191301,0.026099249966714,1,0,1.45318381813211,"02a_cor_to_smd_GROUPS",1000
0,100,0.3,"pb_exact_p","sample",1000,1000,1000,1000,0,0.000118185317952613,0.00696067795274501,0.220115963895921,0.00492440540060064,0.220432211477285,1.00143673169254,0.0224040108796398,0.00221432667874486,1,0,0.874857920130389,"02a_cor_to_smd_GROUPS",1000
0.2,100,0.3,"pb_exact_p","sample",1000,1000,1000,1000,0,0.00194386170677083,0.00690890835709369,0.21847886553788,0.00488778045140129,0.221268090349298,1.01276656579368,0.0226574804383581,0.00293179404495675,1,0,0.878146251243813,"02a_cor_to_smd_GROUPS",1000
0.5,100,0.3,"pb_exact_p","sample",1000,1000,1000,1000,0,0.00511236690182382,0.0073122627783202,0.231234052291627,0.00517313781224007,0.226391615722361,0.979058289550021,0.0219033633146327,0.00561533258307299,1,0,0.898250457624767,"02a_cor_to_smd_GROUPS",1000
0.8,100,0.3,"pb_exact_p","sample",1000,1000,1000,1000,0,0.00822169393341517,0.00705077417906748,0.222965056733571,0.00498814493092916,0.235289511780772,1.05527527599057,0.0236084797132907,0.00852132118679481,1,0,0.933320617040271,"02a_cor_to_smd_GROUPS",1000
1.2,100,0.3,"pb_exact_p","sample",1000,1000,1000,1000,0,0.0121401224560198,0.00728797765138018,0.23046608914766,0.0051559570417649,0.251741741198666,1.09231575946679,0.0244371445390614,0.0123589019661834,1,0,0.998134939152504,"02a_cor_to_smd_GROUPS",1000
0,300,0.3,"pb_exact_p","sample",1000,1000,1000,1000,0,-5.50278670007158e-06,0.00405357392677425,0.128185262724792,0.0028677438422315,0.126416026409136,0.986197818079484,0.0220630879080968,0.000427820071222209,1,0,0.497560883804819,"02a_cor_to_smd_GROUPS",1000
0.2,300,0.3,"pb_exact_p","sample",1000,1000,1000,1000,0,0.000659948430967035,0.0041364921209074,0.13080736625408,0.00292640519760081,0.126940658764424,0.970439680880473,0.0217105489347632,0.000791261630059636,1,0,0.499618633142997,"02a_cor_to_smd_GROUPS",1000
0.5,300,0.3,"pb_exact_p","sample",1000,1000,1000,1000,0,0.00167026123413127,0.0041582080749819,0.13149408501847,0.00294176837949914,0.129695038070998,0.986318419210876,0.0220657859807501,0.00172694578139212,1,0,0.510424757536234,"02a_cor_to_smd_GROUPS",1000
0.8,300,0.3,"pb_exact_p","sample",1000,1000,1000,1000,0,0.00269653196961629,0.00414543877188001,0.13109028419912,0.00293273460066556,0.134777218014603,1.0281251493046,0.0230010806491202,0.00273178932430626,1,0,0.530368415836831,"02a_cor_to_smd_GROUPS",1000
1.2,300,0.3,"pb_exact_p","sample",1000,1000,1000,1000,0,0.0040395934227126,0.00418399242345939,0.132309457710194,0.00296000979014268,0.144499387378123,1.09213196001929,0.0244330326019902,0.00406365349709737,1,0,0.568548476884639,"02a_cor_to_smd_GROUPS",1000
0,25,0.5,"pb_exact_p","sample",1000,1000,1000,1000,0,0.000970441981174516,0.0138894944094937,0.439224378821756,0.009826270048128,0.418315082729426,0.952394955515855,0.0213068547116586,0.0179524330863833,1,0,1.72981940712884,"02a_cor_to_smd_GROUPS",1000
0.2,25,0.5,"pb_exact_p","sample",1000,1000,1000,1000,0,0.00923316071807278,0.0138283824583261,0.437291849242291,0.00978303575049005,0.420741990282129,0.962153744715714,0.0215251770604267,0.0200942229265374,1,0,1.73923949739236,"02a_cor_to_smd_GROUPS",1000
0.5,25,0.5,"pb_exact_p","sample",1000,1000,1000,1000,0,0.0229805313040386,0.0132011980868618,0.417458537975405,0.00933932751876624,0.43287955022526,1.03694022482962,0.0231982903596463,0.0286075712432148,1,0,1.78758072443636,"02a_cor_to_smd_GROUPS",1000
0.8,25,0.5,"pb_exact_p","sample",1000,1000,1000,1000,0,0.0357180745056559,0.014688295318391,0.464484681513036,0.0103913902183877,0.455845215811144,0.981399891006632,0.0219557493145161,0.0404370376551187,1,0,1.87847445481097,"02a_cor_to_smd_GROUPS",1000
1.2,25,0.5,"pb_exact_p","sample",1000,1000,1000,1000,0,0.0528090406294337,0.0154830317377472,0.489616453759559,0.0109536349224382,0.496590252921715,1.01424339216668,0.0226905198037826,0.056463342741305,1,0,2.04161538528353,"02a_cor_to_smd_GROUPS",1000
0,50,0.5,"pb_exact_p","sample",1000,1000,1000,1000,0,0.000302971295421125,0.00949906629543582,0.300386851385151,0.00672021514046064,0.288923649763387,0.961838537309791,0.0215181252817889,0.00607357291536882,1,0,1.16167116627853,"02a_cor_to_smd_GROUPS",1000
0.2,50,0.5,"pb_exact_p","sample",1000,1000,1000,1000,0,0.00429226764443164,0.00936059242814154,0.296007923214533,0.00662225033522539,0.290413712475257,0.981101145271637,0.0219490658142158,0.00735901257230005,1,0,1.16757115737225,"02a_cor_to_smd_GROUPS",1000
0.5,50,0.5,"pb_exact_p","sample",1000,1000,1000,1000,0,0.0107669442085174,0.00901500907304141,0.285079617978941,0.0063777637274889,0.298471647936676,1.04697645539403,0.0234228195901406,0.0122093797704819,1,0,1.19939422299307,"02a_cor_to_smd_GROUPS",1000
0.8,50,0.5,"pb_exact_p","sample",1000,1000,1000,1000,0,0.0166698106967896,0.00938911963835346,0.296910032810134,0.00664243221247719,0.311965750947574,1.05070801412449,0.0235063015313852,0.0177153101780659,1,0,1.25279398205241,"02a_cor_to_smd_GROUPS",1000
1.2,50,0.5,"pb_exact_p","sample",1000,1000,1000,1000,0,0.0250571222839387,0.0102632169117775,0.324551415615764,0.00726082159396013,0.339366864788301,1.04564900493325,0.0233931220429823,0.0259000805355049,1,0,1.36111805774371,"02a_cor_to_smd_GROUPS",1000
0,100,0.5,"pb_exact_p","sample",1000,1000,1000,1000,0,2.87244726528231e-05,0.00632158928983272,0.199906205879977,0.00447227535170693,0.202008368085872,1.01051574260359,0.0226071253179166,0.0020083591845899,1,0,0.801734349600998,"02a_cor_to_smd_GROUPS",1000
0.2,100,0.5,"pb_exact_p","sample",1000,1000,1000,1000,0,0.00205063253233158,0.0066011490772431,0.20874666258407,0.00467005288663391,0.203136043395201,0.973122352619129,0.0217705653141482,0.00293297402865446,1,0,0.806162609680645,"02a_cor_to_smd_GROUPS",1000
0.5,100,0.5,"pb_exact_p","sample",1000,1000,1000,1000,0,0.00513870674963226,0.0065815384468971,0.20812652000162,0.00465617913832366,0.208522680091261,1.00190345800063,0.0224144524192331,0.00554774388046596,1,0,0.827342652723075,"02a_cor_to_smd_GROUPS",1000
0.8,100,0.5,"pb_exact_p","sample",1000,1000,1000,1000,0,0.00818264803775285,0.00661145208513904,0.209072472301088,0.00467734185878139,0.218037907813735,1.04288195099992,0.0233312178762336,0.00844788191428988,1,0,0.864787107084754,"02a_cor_to_smd_GROUPS",1000
1.2,100,0.5,"pb_exact_p","sample",1000,1000,1000,1000,0,0.0123062143107489,0.00702029535592401,0.222001231718223,0.00496658236442191,0.236738824547426,1.06638518496109,0.0238570291359053,0.0125066500849119,1,0,0.938444470517507,"02a_cor_to_smd_GROUPS",1000
0,300,0.5,"pb_exact_p","sample",1000,1000,1000,1000,0,4.22065945632311e-06,0.00352758154116077,0.11155192302035,0.00249562495352923,0.115842601460196,1.03846350940147,0.0232323690817868,0.00037229919840418,1,0,0.455945282608768,"02a_cor_to_smd_GROUPS",1000
0.2,300,0.5,"pb_exact_p","sample",1000,1000,1000,1000,0,0.000683182994747422,0.00362276019442668,0.114561736309827,0.00256296010067244,0.116455133517409,1.01652730893028,0.0227416152892992,0.000782884017246761,1,0,0.458347775033652,"02a_cor_to_smd_GROUPS",1000
0.5,300,0.5,"pb_exact_p","sample",1000,1000,1000,1000,0,0.00167129745670941,0.00371475294546265,0.117470802524812,0.00262804134751262,0.119423616957041,1.0166238281365,0.022743774604289,0.00171665987500296,1,0,0.46999621423916,"02a_cor_to_smd_GROUPS",1000
0.8,300,0.5,"pb_exact_p","sample",1000,1000,1000,1000,0,0.00273345647887745,0.00383041920819352,0.121128490911502,0.00270987067113972,0.125173787134343,1.03339673591572,0.0231190158916082,0.0027631847383303,1,0,0.492562379314941,"02a_cor_to_smd_GROUPS",1000
1.2,300,0.5,"pb_exact_p","sample",1000,1000,1000,1000,0,0.00403844555734108,0.00389174329474911,0.123067728800952,0.00275325504620655,0.135355935377202,1.0998491375113,0.0246056802820877,0.00405927606185326,1,0,0.532550955878664,"02a_cor_to_smd_GROUPS",1000
0,25,0.15,"viechtbauer","sample",1000,1000,1000,1000,0,0.0194628617178817,0.0110106680658764,0.348187896482503,0.00778961383588219,0.335881792502401,0.9646567152264,0.021581173187569,0.218097064987284,0.997,0.00172945077987204,1.3896310225347,"02a_cor_to_smd_GROUPS",1000
0.2,25,0.15,"viechtbauer","sample",1000,1000,1000,1000,0,-0.0746748951444015,0.0106068961477322,0.335419507316994,0.00750396111242351,0.335802045546722,1.00114047698891,0.0223973831083655,0.224953436364083,0.99,0.00314642654451046,1.3892876118325,"02a_cor_to_smd_GROUPS",1000
0.5,25,0.15,"viechtbauer","sample",1000,1000,1000,1000,0,-0.20962230099659,0.0111113136503406,0.351370589315961,0.0078608166214509,0.334626916779913,0.95234754118538,0.0213057939644918,0.315830820437479,0.966,0.00573096850453743,1.38435658015187,"02a_cor_to_smd_GROUPS",1000
0.8,25,0.15,"viechtbauer","sample",1000,1000,1000,1000,0,-0.328757698023107,0.0105742839902921,0.334388220347768,0.00748088929595486,0.332964001468421,0.995740822215969,0.0222765827418013,0.408732580356369,0.919,0.00862780389206894,1.37737457861088,"02a_cor_to_smd_GROUPS",1000
1.2,25,0.15,"viechtbauer","sample",1000,1000,1000,1000,0,-0.504497345810985,0.0102473984421286,0.324051191683874,0.00724963064993175,0.32889098451257,1.01493527242886,0.0227059984580309,0.572198179049837,0.757,0.0135628536820243,1.36022910380423,"02a_cor_to_smd_GROUPS",1000
0,50,0.15,"viechtbauer","sample",1000,1000,1000,1000,0,-0.0059223661427706,0.00769649990053948,0.243384696969641,0.00544497043725351,0.231319434702346,0.950427194406555,0.0212628322188679,0.162614172883027,0.997,0.00172945077987204,0.93019603956721,"02a_cor_to_smd_GROUPS",1000
0.2,50,0.15,"viechtbauer","sample",1000,1000,1000,1000,0,-0.0784823076445577,0.00733517540331531,0.231958613113206,0.00518934759166584,0.231270266994216,0.997032461482023,0.0223054791256201,0.174404717020787,0.987,0.00358203852575597,0.929997409659801,"02a_cor_to_smd_GROUPS",1000
0.5,50,0.15,"viechtbauer","sample",1000,1000,1000,1000,0,-0.208095691574737,0.00748108141632142,0.23657256636734,0.00529257034716541,0.23073196730439,0.975311596130375,0.0218195427821119,0.267852669532859,0.927,0.00822623850857729,0.92781763147427,"02a_cor_to_smd_GROUPS",1000
0.8,50,0.15,"viechtbauer","sample",1000,1000,1000,1000,0,-0.326491978116077,0.00737548277028826,0.233233243974394,0.00521786346568747,0.229835211765654,0.985430755278127,0.0220459272799681,0.371118939899979,0.79,0.0128802173894698,0.924189890114003,"02a_cor_to_smd_GROUPS",1000
1.2,50,0.15,"viechtbauer","sample",1000,1000,1000,1000,0,-0.516647608314914,0.00716425222753606,0.226553547709488,0.00506842617918142,0.227306522721605,1.0033236072431,0.022446223811346,0.552310466373745,0.404,0.0155172162451904,0.913947374722391,"02a_cor_to_smd_GROUPS",1000
0,100,0.15,"viechtbauer","sample",1000,1000,1000,1000,0,0.00380345138827068,0.00534755673807706,0.16910459209304,0.00378318569825804,0.161531935839512,0.955219097483993,0.0213700360444152,0.124075285918806,0.992,0.00281709069786544,0.641109533124471,"02a_cor_to_smd_GROUPS",1000
0.2,100,0.15,"viechtbauer","sample",1000,1000,1000,1000,0,-0.0908555140820555,0.00511690091002656,0.161810614370722,0.00362000578776039,0.161485994049726,0.997993825545628,0.0223269866360386,0.150232099552911,0.967,0.00564898220921256,0.640926905370673,"02a_cor_to_smd_GROUPS",1000
0.5,100,0.15,"viechtbauer","sample",1000,1000,1000,1000,0,-0.215158453674163,0.00519971641286029,0.16442947051599,0.00367859449308141,0.161220372886528,0.980483439985597,0.0219352465927803,0.249396920748808,0.801,0.0126253316788115,0.639870609103712,"02a_cor_to_smd_GROUPS",1000
0.8,100,0.15,"viechtbauer","sample",1000,1000,1000,1000,0,-0.352822017177066,0.00502713613534763,0.15897200295435,0.00355650074641046,0.160631475332282,1.01043877127477,0.0226054033254693,0.37604721507602,0.414,0.0155757503832079,0.637527755610003,"02a_cor_to_smd_GROUPS",1000
1.2,100,0.15,"viechtbauer","sample",1000,1000,1000,1000,0,-0.537009413695231,0.0049055705384012,0.155127761239663,0.00347049787625984,0.159203870943997,1.02627582369371,0.0229597077797266,0.55580699921954,0.058,0.00739161687318817,0.631840714512387,"02a_cor_to_smd_GROUPS",1000
0,300,0.15,"viechtbauer","sample",1000,1000,1000,1000,0,0.0032693880721616,0.00294148041556371,0.0930177780595994,0.00208098149957514,0.0925042014621376,0.994478726452349,0.0222483473013342,0.0695858665481809,0.993,0.00263647491928143,0.364088482105594,"02a_cor_to_smd_GROUPS",1000
0.2,300,0.15,"viechtbauer","sample",1000,1000,1000,1000,0,-0.0870393656163496,0.0029293358164187,0.0926337321139196,0.0020723896741777,0.092480365778224,0.998344379178127,0.0223348291758095,0.111501194051294,0.913,0.00891240708226459,0.363994633631873,"02a_cor_to_smd_GROUPS",1000
0.5,300,0.15,"viechtbauer","sample",1000,1000,1000,1000,0,-0.213948098896956,0.00292793924157699,0.0925895685396925,0.00207140165250228,0.0923503565397669,0.997416426021869,0.0223140691298169,0.225744415701482,0.326,0.0148230900961979,0.363482687818966,"02a_cor_to_smd_GROUPS",1000
0.8,300,0.15,"viechtbauer","sample",1000,1000,1000,1000,0,-0.349804581659329,0.00285123722982229,0.090164037957074,0.00201713800124791,0.0920536751519342,1.02095777027821,0.022840732988001,0.357655333395328,0.009,0.00298646948753876,0.362314203123037,"02a_cor_to_smd_GROUPS",1000
1.2,300,0.15,"viechtbauer","sample",1000,1000,1000,1000,0,-0.540711441775516,0.00277533821809905,0.0877639004650615,0.00196344244087756,0.0912723228911031,1.0399756894059,0.023266199374005,0.546800253593566,0,0,0.359235814401865,"02a_cor_to_smd_GROUPS",1000
0,25,0.3,"viechtbauer","sample",1000,1000,1000,1000,0,0.00681945099829356,0.0107532739543588,0.340048379995392,0.0076075176433209,0.335912932674318,0.987838650132283,0.0220997963870243,0.0951639833409552,1,0,1.38975748919734,"02a_cor_to_smd_GROUPS",1000
0.2,25,0.3,"viechtbauer","sample",1000,1000,1000,1000,0,-0.0417521865613482,0.0107183534038722,0.338944095228546,0.00758281272972259,0.335665377155886,0.990326670035515,0.0221554580411426,0.1070644927918,1,0,1.38871247894955,"02a_cor_to_smd_GROUPS",1000
0.5,25,0.3,"viechtbauer","sample",1000,1000,1000,1000,0,-0.12197705127004,0.0113102534220228,0.357661617273056,0.00800155867168175,0.333771073032636,0.933203499937817,0.0208775059910062,0.172721868633912,0.996,0.00199599599197994,1.38073738709268,"02a_cor_to_smd_GROUPS",1000
0.8,25,0.3,"viechtbauer","sample",1000,1000,1000,1000,0,-0.198915815049471,0.010423606852225,0.329623390871693,0.0073742911574572,0.330921939546397,1.00393949188882,0.0224600023016557,0.239820483651147,0.991,0.00298646948753876,1.36877619127235,"02a_cor_to_smd_GROUPS",1000
1.2,25,0.3,"viechtbauer","sample",1000,1000,1000,1000,0,-0.329517205465202,0.0101237571503153,0.320141310734121,0.00716215930744533,0.323414285809545,1.01022353243922,0.0226005880305427,0.380432679273129,0.929,0.00812151463706124,1.33681679141594,"02a_cor_to_smd_GROUPS",1000
0,50,0.3,"viechtbauer","sample",1000,1000,1000,1000,0,-0.00081731432064125,0.00748562551989504,0.236716263539504,0.00529578512140589,0.231336567946292,0.977273654489254,0.02186343769372,0.0790588180489261,1,0,0.930265044271636,"02a_cor_to_smd_GROUPS",1000
0.2,50,0.3,"viechtbauer","sample",1000,1000,1000,1000,0,-0.0537347194909023,0.00737260604183854,0.233142273833284,0.0052158282936525,0.231189419776763,0.991623766790924,0.0221844765191956,0.0966914915294262,0.999,0.000999499874937461,0.929669437451493,"02a_cor_to_smd_GROUPS",1000
0.5,50,0.3,"viechtbauer","sample",1000,1000,1000,1000,0,-0.129049673993243,0.00719796481458355,0.227619633318356,0.00509227650624035,0.230483229468824,1.012580620172,0.0226533204873604,0.154885777223309,0.999,0.000999499874937461,0.926817073896293,"02a_cor_to_smd_GROUPS",1000
0.8,50,0.3,"viechtbauer","sample",1000,1000,1000,1000,0,-0.223685697769338,0.00688348638326671,0.217674952138776,0.00486979540654541,0.228684170304333,1.05057641247827,0.0235033573566605,0.24364580761526,0.979,0.00453420334788814,0.91954209944271,"02a_cor_to_smd_GROUPS",1000
1.2,50,0.3,"viechtbauer","sample",1000,1000,1000,1000,0,-0.354081771801761,0.00694730272219274,0.219693001968171,0.00491494295196948,0.224526776022097,1.02200240340212,0.0228641033828872,0.376817374585277,0.803,0.0125774003673255,0.902645241851556,"02a_cor_to_smd_GROUPS",1000
0,100,0.3,"viechtbauer","sample",1000,1000,1000,1000,0,-0.00300307215878508,0.00510029107590264,0.161285365296831,0.00360825498454579,0.161539742801636,1.00157718900495,0.0224071531721637,0.0566758293115671,1,0,0.64114052003742,"02a_cor_to_smd_GROUPS",1000
0.2,100,0.3,"viechtbauer","sample",1000,1000,1000,1000,0,-0.0498946056877251,0.00504352904057075,0.159490392134074,0.00356809808097476,0.161472713310506,1.01242909463014,0.0226499305778624,0.0755901112749563,1,0,0.640874151742219,"02a_cor_to_smd_GROUPS",1000
0.5,100,0.3,"viechtbauer","sample",1000,1000,1000,1000,0,-0.134565156799791,0.00518908711358423,0.16409334255955,0.00367107468263837,0.160992627204923,0.98110395396753,0.021949128649991,0.149400473011721,0.99,0.00314642654451046,0.638964334215247,"02a_cor_to_smd_GROUPS",1000
0.8,100,0.3,"viechtbauer","sample",1000,1000,1000,1000,0,-0.224802180528887,0.00480082158841942,0.151815308595128,0.00339639212126019,0.159957943159611,1.05363513495334,0.0235717866936727,0.235173672008987,0.9,0.00948683298050514,0.634847847856633,"02a_cor_to_smd_GROUPS",1000
1.2,100,0.3,"viechtbauer","sample",1000,1000,1000,1000,0,-0.355525123030139,0.0045489617900706,0.143850802456998,0.00321821123721369,0.15737621287258,1.09402387880057,0.0244753583601913,0.365454885423017,0.343,0.0150116954405557,0.624559091239568,"02a_cor_to_smd_GROUPS",1000
0,300,0.3,"viechtbauer","sample",1000,1000,1000,1000,0,0.000446189635983851,0.0029658455419271,0.0937882710074604,0.00209821886649037,0.0925038981613715,0.986305613353436,0.0220654994897914,0.0339555481430977,1,0,0.36408728520286,"02a_cor_to_smd_GROUPS",1000
0.2,300,0.3,"viechtbauer","sample",1000,1000,1000,1000,0,-0.0525872504182757,0.00301316403285581,0.0952846130752278,0.00213169483447215,0.0924658173094632,0.970417093853976,0.0217100436207764,0.0632096207053619,1,0,0.363937343826653,"02a_cor_to_smd_GROUPS",1000
0.5,300,0.3,"viechtbauer","sample",1000,1000,1000,1000,0,-0.13596884235315,0.00296021482129615,0.0936102119868413,0.00209423535349457,0.0922343752240627,0.985302492820206,0.0220430578091251,0.141030418876955,0.887,0.0100115433375679,0.363025922399243,"02a_cor_to_smd_GROUPS",1000
0.8,300,0.3,"viechtbauer","sample",1000,1000,1000,1000,0,-0.228074615015017,0.00281751293907972,0.0890975822448714,0.00199327939428583,0.0916756842480533,1.02893571226317,0.0230192144570461,0.231835051279279,0.12,0.0102761860629321,0.360824967332925,"02a_cor_to_smd_GROUPS",1000
1.2,300,0.3,"viechtbauer","sample",1000,1000,1000,1000,0,-0.365945296223873,0.00261026354898224,0.0825437810809838,0.00184665861642544,0.0901933790062516,1.0926732192915,0.0244451415832565,0.369259683638443,0,0,0.354983508669777,"02a_cor_to_smd_GROUPS",1000
0,25,0.5,"viechtbauer","sample",1000,1000,1000,1000,0,-0.00372627680631827,0.0111629240373432,0.353002653054471,0.00789732893680411,0.335841029861804,0.951383869089454,0.0212842348190778,0.0687576499851989,1,0,1.38945989868197,"02a_cor_to_smd_GROUPS",1000
0.2,25,0.5,"viechtbauer","sample",1000,1000,1000,1000,0,-0.0361144770096475,0.0110066085949109,0.348059524739039,0.00778674192011738,0.335497940412862,0.963909666498581,0.0215644603116618,0.0810393845075431,1,0,1.3880109087297,"02a_cor_to_smd_GROUPS",1000
0.5,25,0.5,"viechtbauer","sample",1000,1000,1000,1000,0,-0.0925841563111494,0.010133884637298,0.320461569992511,0.00716932410546221,0.333793740672156,1.04160302491171,0.023302605909958,0.123906601834944,0.999,0.000999499874937461,1.38086231212264,"02a_cor_to_smd_GROUPS",1000
0.8,25,0.5,"viechtbauer","sample",1000,1000,1000,1000,0,-0.159043028065486,0.0105756996023866,0.334432985932788,0.00748189078573657,0.329902473662051,0.98645315366216,0.0220688002421776,0.19730107886225,0.995,0.00223047080231955,1.3644134055212,"02a_cor_to_smd_GROUPS",1000
1.2,25,0.5,"viechtbauer","sample",1000,1000,1000,1000,0,-0.270453856821404,0.00999118358550195,0.315948966510738,0.00706836873374316,0.321465546046552,1.01746034999493,0.0227624891613092,0.314324508277349,0.967,0.00564898220921256,1.32867621213627,"02a_cor_to_smd_GROUPS",1000
0,50,0.5,"viechtbauer","sample",1000,1000,1000,1000,0,-0.00269994743252717,0.00759377784824707,0.240136340457932,0.00537229863250925,0.23131823881804,0.96327877062224,0.0215503459920746,0.0543155624231033,1,0,0.930190357749609,"02a_cor_to_smd_GROUPS",1000
0.2,50,0.5,"viechtbauer","sample",1000,1000,1000,1000,0,-0.038283023597093,0.00745402662510857,0.235717018748811,0.00527343014834208,0.231169019457234,0.980705681262566,0.0219402185454055,0.0665397826237858,1,0,0.929588639398632,"02a_cor_to_smd_GROUPS",1000
0.5,50,0.5,"viechtbauer","sample",1000,1000,1000,1000,0,-0.10010267433078,0.00695423616277678,0.219912256610841,0.00491984808800487,0.230228246702641,1.04690957316697,0.0234213233097514,0.116597350830297,1,0,0.925788900542125,"02a_cor_to_smd_GROUPS",1000
0.8,50,0.5,"viechtbauer","sample",1000,1000,1000,1000,0,-0.166104236844595,0.00689968041743564,0.218187052463579,0.00488125204767438,0.228266457371024,1.04619616422531,0.0234053630187168,0.181663289486851,0.997,0.00172945077987204,0.917849931095204,"02a_cor_to_smd_GROUPS",1000
1.2,50,0.5,"viechtbauer","sample",1000,1000,1000,1000,0,-0.283675457978573,0.00676892949396455,0.214052345220189,0.00478875092090976,0.222974255521821,1.04168097430773,0.0233043497835959,0.302578278364703,0.911,0.00900438781928011,0.896350181617217,"02a_cor_to_smd_GROUPS",1000
0,100,0.5,"viechtbauer","sample",1000,1000,1000,1000,0,-0.000532425327186001,0.00505137680365784,0.159738560193,0.00357365006415672,0.161540861856807,1.01128282151554,0.0226242863064693,0.0381576509413435,1,0,0.64114491339512,"02a_cor_to_smd_GROUPS",1000
0.2,100,0.5,"viechtbauer","sample",1000,1000,1000,1000,0,-0.0392406100971783,0.0052436737721683,0.165819524269387,0.00370969259287026,0.16143958880702,0.973586129367669,0.0217809408665832,0.0566460574634837,1,0,0.64074234115675,"02a_cor_to_smd_GROUPS",1000
0.5,100,0.5,"viechtbauer","sample",1000,1000,1000,1000,0,-0.102102574843488,0.00508071685339644,0.160666374031365,0.00359440699334774,0.160880926124171,1.00133538890199,0.0224017436520555,0.111788839056914,1,0,0.638520545510512,"02a_cor_to_smd_GROUPS",1000
0.8,100,0.5,"viechtbauer","sample",1000,1000,1000,1000,0,-0.173562700135461,0.00483499895962133,0.152896091969479,0.00342057126479587,0.159597328976376,1.04382870039762,0.0233523984292683,0.18187384758178,0.981,0.00431729081716764,0.633410166841661,"02a_cor_to_smd_GROUPS",1000
1.2,100,0.5,"viechtbauer","sample",1000,1000,1000,1000,0,-0.293278227375217,0.00462281343620795,0.146186196564466,0.0032704583670983,0.156137314180664,1.06807152692976,0.0238947557566866,0.302479344771647,0.615,0.0153874949228261,0.6196126482456,"02a_cor_to_smd_GROUPS",1000
0,300,0.5,"viechtbauer","sample",1000,1000,1000,1000,0,-0.000244952814508013,0.00281685849655881,0.0890768869552342,0.00199281640198735,0.0925054257813627,1.03848965700667,0.023232954052572,0.0220932385819435,1,0,0.364093300897093,"02a_cor_to_smd_GROUPS",1000
0.2,300,0.5,"viechtbauer","sample",1000,1000,1000,1000,0,-0.0408661723652103,0.00287472677740771,0.0909068426728422,0.00203375593067556,0.0924566706591273,1.01704852946948,0.0227532759666653,0.0470255570100886,1,0,0.363901326618318,"02a_cor_to_smd_GROUPS",1000
0.5,300,0.5,"viechtbauer","sample",1000,1000,1000,1000,0,-0.103674631075405,0.00287001095203343,0.0907577151805389,0.00203041967002695,0.0921768273616846,1.01563627046277,0.0227216810938691,0.106965890574899,0.999,0.000999499874937461,0.362799301697342,"02a_cor_to_smd_GROUPS",1000
0.8,300,0.5,"viechtbauer","sample",1000,1000,1000,1000,0,-0.181275548985986,0.002800354100921,0.0885549721390338,0.00198114019234739,0.0914400768261411,1.03257981587502,0.0231007398638767,0.184114232168132,0.487,0.0158060431481127,0.359896740504458,"02a_cor_to_smd_GROUPS",1000
1.2,300,0.5,"viechtbauer","sample",1000,1000,1000,1000,0,-0.29796000679444,0.00257479665091436,0.0814222192866284,0.00182156718343949,0.0896053739725348,1.10050272220043,0.0246203021928112,0.300807338723693,0.002,0.00141279864099595,0.352665540162409,"02a_cor_to_smd_GROUPS",1000
0,25,0.15,"viechtbauer_g","sample",1000,1000,1000,1000,0,0.0204647377876101,0.0106470090549365,0.33668798882036,0.00753233941382054,0.324788329351631,0.9646567152264,0.021581173187569,0.229622085752988,0.993,0.00263647491928143,1.34373445747589,"02a_cor_to_smd_GROUPS",1000
0.2,25,0.15,"viechtbauer_g","sample",1000,1000,1000,1000,0,-0.0786013202867843,0.0102565728667878,0.324341312465322,0.0072561211939055,0.324711216268743,1.00114047698891,0.0223973831083655,0.236673856084633,0.986,0.00371537346709587,1.34340238890076,"02a_cor_to_smd_GROUPS",1000
0.5,25,0.15,"viechtbauer_g","sample",1000,1000,1000,1000,0,-0.220448500433609,0.0107443305292302,0.339765564060496,0.00760119052241369,0.323574899512478,0.95234754118538,0.0213057939644918,0.331640152805329,0.959,0.00627048642451286,1.33863421873709,"02a_cor_to_smd_GROUPS",1000
0.8,25,0.15,"viechtbauer_g","sample",1000,1000,1000,1000,0,-0.345355939378214,0.0102250378197327,0.323344086717175,0.00723381139059602,0.321966906766432,0.995740822215969,0.0222765827418013,0.428584480482551,0.898,0.00957057991973318,1.33188281789713,"02a_cor_to_smd_GROUPS",1000
1.2,25,0.15,"viechtbauer_g","sample",1000,1000,1000,1000,0,-0.52872932531412,0.00990894860785182,0.313348468183664,0.00701019072711683,0.318028412921153,1.01493527242886,0.0227059984580309,0.598540727005847,0.706,0.0144070815920505,1.31530362175521,"02a_cor_to_smd_GROUPS",1000
0,50,0.15,"viechtbauer_g","sample",1000,1000,1000,1000,0,-0.00606129203447083,0.00757550650658963,0.239558549902486,0.00535937237817814,0.227682960479922,0.950427194406555,0.0212628322188679,0.166440073351944,0.995,0.00223047080231955,0.915572824167953,"02a_cor_to_smd_GROUPS",1000
0.2,50,0.15,"viechtbauer_g","sample",1000,1000,1000,1000,0,-0.0803260844546644,0.00721986223775516,0.228312090639464,0.00510776807037499,0.227634565716372,0.997032461482023,0.0223054791256201,0.178487791465878,0.985,0.00384382621875652,0.915377316836643,"02a_cor_to_smd_GROUPS",1000
0.5,50,0.15,"viechtbauer_g","sample",1000,1000,1000,1000,0,-0.212899882215811,0.00736347452452994,0.2328535099014,0.00520936810493878,0.227104728406495,0.975311596130375,0.0218195427821119,0.2739188046117,0.911,0.00900438781928011,0.913231806014737,"02a_cor_to_smd_GROUPS",1000
0.8,50,0.15,"viechtbauer_g","sample",1000,1000,1000,1000,0,-0.333877285044925,0.0072595359497948,0.229566683572253,0.00513583565849732,0.2262220703793,0.985430755278127,0.0220459272799681,0.379350118524411,0.757,0.0135628536820243,0.909661094829903,"02a_cor_to_smd_GROUPS",1000
1.2,50,0.15,"viechtbauer_g","sample",1000,1000,1000,1000,0,-0.527773612173475,0.00705162607235849,0.222991995964801,0.00498874761186793,0.223733133777742,1.0033236072431,0.022446223811346,0.56396904835728,0.375,0.0153093108923949,0.899579597656421,"02a_cor_to_smd_GROUPS",1000
0,100,0.15,"viechtbauer_g","sample",1000,1000,1000,1000,0,0.00384281430542112,0.00530650936004198,0.167806560027352,0.00375414629556642,0.16029203082122,0.955219097483993,0.0213700360444153,0.125373203373392,0.992,0.00281709069786544,0.636188432394362,"02a_cor_to_smd_GROUPS",1000
0.2,100,0.15,"viechtbauer_g","sample",1000,1000,1000,1000,0,-0.0918034173213263,0.00507762402596354,0.160568570240387,0.00359221893979647,0.160246441676596,0.997993825545629,0.0223269866360386,0.151793898131289,0.965,0.00581162627841812,0.636007206475237,"02a_cor_to_smd_GROUPS",1000
0.5,100,0.15,"viechtbauer_g","sample",1000,1000,1000,1000,0,-0.217376398605857,0.0051598038442373,0.163167324274825,0.00365035792333731,0.159982859398226,0.980483439985597,0.0219352465927803,0.251947869057039,0.79,0.0128802173894698,0.634959018246079,"02a_cor_to_smd_GROUPS",1000
0.8,100,0.15,"viechtbauer_g","sample",1000,1000,1000,1000,0,-0.356381927867309,0.00498854827784775,0.157751747757094,0.0035292013575923,0.159398482170125,1.01043877127477,0.0226054033254693,0.3798086591225,0.394,0.0154519901630826,0.632634148290974,"02a_cor_to_smd_GROUPS",1000
1.2,100,0.15,"viechtbauer_g","sample",1000,1000,1000,1000,0,-0.54220791790102,0.00486791580779616,0.153937014105743,0.00344385863795454,0.157981835948322,1.02627582369371,0.0229597077797266,0.561135672608057,0.054,0.00714730718522718,0.626990760423659,"02a_cor_to_smd_GROUPS",1000
0,300,0.15,"viechtbauer_g","sample",1000,1000,1000,1000,0,0.0032803999240914,0.00293407010730272,0.0927834435369123,0.00207573899844691,0.092271160764452,0.994478726452349,0.0222483473013342,0.0698203415736248,0.992,0.00281709069786544,0.363171254211638,"02a_cor_to_smd_GROUPS",1000
0.2,300,0.15,"viechtbauer_g","sample",1000,1000,1000,1000,0,-0.0873318991486056,0.0029219561033719,0.0924003650968561,0.00206716881795805,0.0922473851284531,0.998344379178127,0.0223348291758095,0.111875330172408,0.91,0.00904986187739901,0.363077642165166,"02a_cor_to_smd_GROUPS",1000
0.5,300,0.15,"viechtbauer_g","sample",1000,1000,1000,1000,0,-0.214659192499939,0.00292056304684363,0.0923563127814691,0.00206618328535078,0.0921177034150507,0.997416426021869,0.0223140691298169,0.226492717994449,0.32,0.0147512711316686,0.362566986068915,"02a_cor_to_smd_GROUPS",1000
0.8,300,0.15,"viechtbauer_g","sample",1000,1000,1000,1000,0,-0.35094335515185,0.00284405426620764,0.0899368927033498,0.00201205633749957,0.0918217694401626,1.02095777027821,0.022840732988001,0.358816399867556,0.009,0.00298646948753876,0.36140144507159,"02a_cor_to_smd_GROUPS",1000
1.2,300,0.15,"viechtbauer_g","sample",1000,1000,1000,1000,0,-0.542400310735349,0.00276834646264972,0.0875428017444335,0.00195849604937258,0.0910423855966913,1.0399756894059,0.023266199374005,0.548503182747362,0,0,0.358330811564171,"02a_cor_to_smd_GROUPS",1000
0,25,0.3,"viechtbauer_g","sample",1000,1000,1000,1000,0,0.00763436419260466,0.0103981161249508,0.328817303297685,0.00735625747224626,0.324818441029723,0.987838650132283,0.0220997963870243,0.106375003359594,1,0,1.34385674721292,"02a_cor_to_smd_GROUPS",1000
0.2,25,0.3,"viechtbauer_g","sample",1000,1000,1000,1000,0,-0.0467105954928036,0.010364348926175,0.327749490714334,0.00733236850954127,0.324579061744963,0.990326670035515,0.0221554580411426,0.119209177002998,0.999,0.000999499874937461,1.34284625143699,"02a_cor_to_smd_GROUPS",1000
0.5,25,0.3,"viechtbauer_g","sample",1000,1000,1000,1000,0,-0.13552704613285,0.0109366997422347,0.345848812708382,0.00773728416126038,0.3227473224688,0.933203499937816,0.0208775059910062,0.19045986044439,0.994,0.00244213021765835,1.33513455994779,"02a_cor_to_smd_GROUPS",1000
0.8,25,0.3,"viechtbauer_g","sample",1000,1000,1000,1000,0,-0.219840099306623,0.0100793372279273,0.318736629451778,0.00713073396250232,0.319992289818173,1.00393949188882,0.0224600023016557,0.263103279559536,0.986,0.00371537346709587,1.32356841705391,"02a_cor_to_smd_GROUPS",1000
1.2,25,0.3,"viechtbauer_g","sample",1000,1000,1000,1000,0,-0.359745968166294,0.0097893909256455,0.309567722308238,0.00692560837753292,0.312732597959391,1.01022353243922,0.0226005880305427,0.411688891432766,0.907,0.00918428004799505,1.29266456838409,"02a_cor_to_smd_GROUPS",1000
0,50,0.3,"viechtbauer_g","sample",1000,1000,1000,1000,0,-0.000852788344817959,0.00736794719218841,0.232994948071578,0.00521253234108388,0.227699824379445,0.977273654489254,0.02186343769372,0.0827763186446718,1,0,0.915640744078838,"02a_cor_to_smd_GROUPS",1000
0.2,50,0.3,"viechtbauer_g","sample",1000,1000,1000,1000,0,-0.0562390923820262,0.0072567044451667,0.229477143533952,0.00513383248053433,0.227554989463559,0.991623766790924,0.0221844765191956,0.101120151535411,0.998,0.00141279864099595,0.91505450053961,"02a_cor_to_smd_GROUPS",1000
0.5,50,0.3,"viechtbauer_g","sample",1000,1000,1000,1000,0,-0.134901932505136,0.00708480867819654,0.22404132209628,0.00501222299810246,0.226859900872406,1.012580620172,0.0226533204873604,0.161727880755889,0.997,0.00172945077987204,0.91224697777591,"02a_cor_to_smd_GROUPS",1000
0.8,50,0.3,"viechtbauer_g","sample",1000,1000,1000,1000,0,-0.233226891568634,0.00677527402823756,0.214252977010147,0.00479323942893304,0.225089123950109,1.05057641247827,0.0235033573566605,0.253749570774311,0.971,0.00530650544143696,0.905086370094419,"02a_cor_to_smd_GROUPS",1000
1.2,50,0.3,"viechtbauer_g","sample",1000,1000,1000,1000,0,-0.367649309375375,0.00683808713770397,0.21623930193846,0.00483767722904171,0.220997086291103,1.02200240340212,0.0228641033828873,0.390731749112999,0.751,0.0136747577675073,0.888455140798395,"02a_cor_to_smd_GROUPS",1000
0,100,0.3,"viechtbauer_g","sample",1000,1000,1000,1000,0,-0.00306937579513164,0.00506114168747431,0.160047352932469,0.00358055833472009,0.160299777857785,1.00157718900495,0.0224071531721637,0.0579148183083046,1,0,0.636219181454476,"02a_cor_to_smd_GROUPS",1000
0.2,100,0.3,"viechtbauer_g","sample",1000,1000,1000,1000,0,-0.0509812912602252,0.00500481535256346,0.158266157826792,0.00354070967203032,0.16023326287917,1.01242909463014,0.0226499305778624,0.0772261712818165,1,0,0.635954857779023,"02a_cor_to_smd_GROUPS",1000
0.5,100,0.3,"viechtbauer_g","sample",1000,1000,1000,1000,0,-0.137397492340388,0.00514925613453325,0.162833776407195,0.00364289583430185,0.159756861872564,0.98110395396753,0.021949128649991,0.152497126602982,0.989,0.00329833291224522,0.63405969984443,"02a_cor_to_smd_GROUPS",1000
0.8,100,0.3,"viechtbauer_g","sample",1000,1000,1000,1000,0,-0.229292696156192,0.00476397090159722,0.150649987558131,0.0033703217122519,0.158730119971531,1.05363513495334,0.0235717866936727,0.23980693709434,0.877,0.0103860964755773,0.62997481127524,"02a_cor_to_smd_GROUPS",1000
1.2,100,0.3,"viechtbauer_g","sample",1000,1000,1000,1000,0,-0.361974780030067,0.0045140443570428,0.142746616272856,0.00319350852909467,0.156168206820487,1.09402387880058,0.0244753583601913,0.371983382418324,0.299,0.0144775343204566,0.619765030254518,"02a_cor_to_smd_GROUPS",1000
0,300,0.3,"viechtbauer_g","sample",1000,1000,1000,1000,0,0.000449203628807574,0.00295837385195633,0.0935519954246778,0.00209293294022091,0.0922708582277746,0.986305613353436,0.0220654994897914,0.0341917190141247,1,0,0.363170060324195,"02a_cor_to_smd_GROUPS",1000
0.2,300,0.3,"viechtbauer_g","sample",1000,1000,1000,1000,0,-0.0529510464612923,0.00300557313603859,0.0950445678409706,0.00212632457405558,0.0922328733108418,0.970417093853976,0.0217100436207764,0.0636453857806203,1,0,0.36302049668697,"02a_cor_to_smd_GROUPS",1000
0.5,300,0.3,"viechtbauer_g","sample",1000,1000,1000,1000,0,-0.136882327298247,0.00295275731648717,0.0933743849782612,0.00208895946266818,0.0920020142846344,0.985302492820207,0.0220430578091251,0.141973659560543,0.882,0.0102017645532525,0.362111371352948,"02a_cor_to_smd_GROUPS",1000
0.8,300,0.3,"viechtbauer_g","sample",1000,1000,1000,1000,0,-0.229527810761468,0.00281041493519791,0.0888731236537992,0.00198825783620107,0.0914447307877748,1.02893571226317,0.0230192144570461,0.233304848479913,0.111,0.00993373041711924,0.359915961030503,"02a_cor_to_smd_GROUPS",1000
1.2,300,0.3,"viechtbauer_g","sample",1000,1000,1000,1000,0,-0.368061133980606,0.00260368765697968,0.08233583311723,0.00184200643192401,0.0899661598352516,1.0926732192915,0.0244451415832565,0.37138426569724,0,0,0.35408921842977,"02a_cor_to_smd_GROUPS",1000
0,25,0.5,"viechtbauer_g","sample",1000,1000,1000,1000,0,-0.00435608531546677,0.0107942363346234,0.341343724195575,0.00763649691343887,0.32474891301459,0.951383869089453,0.0212842348190778,0.0803578003200083,1,0,1.34356898548104,"02a_cor_to_smd_GROUPS",1000
0.2,25,0.5,"viechtbauer_g","sample",1000,1000,1000,1000,0,-0.042084879747591,0.0106430836596862,0.336563856923287,0.00752956235134168,0.324417155082401,0.963909666498581,0.0215644603116618,0.0938079741486233,1,0,1.34216785259337,"02a_cor_to_smd_GROUPS",1000
0.5,25,0.5,"viechtbauer_g","sample",1000,1000,1000,1000,0,-0.107354846137119,0.00979918392321506,0.309877404082641,0.00693253653746892,0.322769241444268,1.04160302491171,0.023302605909958,0.141759187957268,0.999,0.000999499874937461,1.33525535896899,"02a_cor_to_smd_GROUPS",1000
0.8,25,0.5,"viechtbauer_g","sample",1000,1000,1000,1000,0,-0.181500647985697,0.0102264066771625,0.323387373789876,0.00723477980329455,0.319006494729547,0.98645315366216,0.0220688002421776,0.221598361260792,0.992,0.00281709069786544,1.31934972486201,"02a_cor_to_smd_GROUPS",1000
1.2,25,0.5,"viechtbauer_g","sample",1000,1000,1000,1000,0,-0.302491172276052,0.00966119598446951,0.305513842321964,0.00683491550753629,0.310848220937201,1.01746034999493,0.0227624891613092,0.346987328789937,0.946,0.00714730718522718,1.28479285517064,"02a_cor_to_smd_GROUPS",1000
0,50,0.5,"viechtbauer_g","sample",1000,1000,1000,1000,0,-0.00288847821208944,0.00747439930389131,0.236361259418736,0.00528784301589658,0.227681783395604,0.96327877062224,0.0215503459920746,0.0580859740349947,1,0,0.915567231671785,"02a_cor_to_smd_GROUPS",1000
0.2,50,0.5,"viechtbauer_g","sample",1000,1000,1000,1000,0,-0.0409534783255204,0.0073368450501564,0.232011411982265,0.00519052880102177,0.227534909848758,0.980705681262566,0.0219402185454055,0.0710965577569213,1,0,0.914974972678493,"02a_cor_to_smd_GROUPS",1000
0.5,50,0.5,"viechtbauer_g","sample",1000,1000,1000,1000,0,-0.106737372376549,0.00684491158062429,0.21645510977236,0.00484250525352453,0.226608926581592,1.04690957316697,0.0234213233097514,0.124051558073247,1,0,0.911234967896736,"02a_cor_to_smd_GROUPS",1000
0.8,50,0.5,"viechtbauer_g","sample",1000,1000,1000,1000,0,-0.176201506674879,0.00679121348289877,0.214757026824051,0.00480451596509074,0.224677977703754,1.04619616422531,0.0234053630187168,0.192265564193624,0.994,0.00244213021765835,0.90342080360414,"02a_cor_to_smd_GROUPS",1000
1.2,50,0.5,"viechtbauer_g","sample",1000,1000,1000,1000,0,-0.298318655444573,0.00666251803895698,0.210687319550625,0.00471346900910714,0.219468972303779,1.04168097430773,0.0233043497835959,0.317460983525264,0.893,0.00977501918156686,0.882259042522441,"02a_cor_to_smd_GROUPS",1000
0,100,0.5,"viechtbauer_g","sample",1000,1000,1000,1000,0,-0.000550055844406941,0.00501260287690715,0.158512420969392,0.00354621903867474,0.160300888323187,1.01128282151554,0.0226242863064693,0.0393827433451176,1,0,0.636223541089147,"02a_cor_to_smd_GROUPS",1000
0.2,100,0.5,"viechtbauer_g","sample",1000,1000,1000,1000,0,-0.0404897997458149,0.00520342379069803,0.16454670809713,0.00368121731683079,0.160200392636477,0.973586129367669,0.0217809408665832,0.0584277079302754,1,0,0.635824058960085,"02a_cor_to_smd_GROUPS",1000
0.5,100,0.5,"viechtbauer_g","sample",1000,1000,1000,1000,0,-0.105204004778069,0.00504171771498888,0.159433112989845,0.00356681663949187,0.159646018199542,1.001335388902,0.0224017436520555,0.115121159597087,0.999,0.000999499874937461,0.633619317622997,"02a_cor_to_smd_GROUPS",1000
0.8,100,0.5,"viechtbauer_g","sample",1000,1000,1000,1000,0,-0.178417004572906,0.00479788593028559,0.151722474933783,0.00339431525879555,0.158372273831241,1.04382870039762,0.0233523984292683,0.186854586693938,0.974,0.00503229569878401,0.628548165774055,"02a_cor_to_smd_GROUPS",1000
1.2,100,0.5,"viechtbauer_g","sample",1000,1000,1000,1000,0,-0.300331261180861,0.00458732912440056,0.145064084099317,0.00324535461457776,0.154938817806624,1.06807152692976,0.0238947557566866,0.309590337170169,0.571,0.0156511660907422,0.614856555724551,"02a_cor_to_smd_GROUPS",1000
0,300,0.5,"viechtbauer_g","sample",1000,1000,1000,1000,0,-0.000247509622180015,0.00280976214137771,0.088852480500656,0.00198779601029338,0.0922723819993177,1.03848965700667,0.023232954052572,0.0223175428492404,1,0,0.363176060863423,"02a_cor_to_smd_GROUPS",1000
0.2,300,0.5,"viechtbauer_g","sample",1000,1000,1000,1000,0,-0.0412769688838684,0.00286748463788027,0.0906778261124479,0.00202863240230046,0.0922237497031541,1.01704852946948,0.0227532759666653,0.0474957644379748,1,0,0.362984570214788,"02a_cor_to_smd_GROUPS",1000
0.5,300,0.5,"viechtbauer_g","sample",1000,1000,1000,1000,0,-0.104670252265041,0.00286278069282297,0.0905290743087545,0.00202530454650803,0.09194461139939,1.01563627046277,0.0227216810938691,0.107987071443991,0.997,0.00172945077987204,0.361885321563996,"02a_cor_to_smd_GROUPS",1000
0.8,300,0.5,"viechtbauer_g","sample",1000,1000,1000,1000,0,-0.182874409969696,0.00279329932434728,0.0883318805154683,0.00197614921587994,0.0912097169185566,1.03257981587502,0.0231007398638767,0.185727369356121,0.459,0.0157581407532742,0.358990072632337,"02a_cor_to_smd_GROUPS",1000
1.2,300,0.5,"viechtbauer_g","sample",1000,1000,1000,1000,0,-0.300246252929392,0.00256831010869851,0.0812170968112191,0.00181697821039178,0.0893796361299624,1.10050272220043,0.0246203021928112,0.303100028565452,0,0,0.351777089451737,"02a_cor_to_smd_GROUPS",1000
