"rho","n","p_exp","p_case","method","target","n_sim","n_valid","n_valid_se","n_valid_ci","nonest_rate","bias","bias_mcse","emp_se","emp_se_mcse","mod_se","se_ratio","se_ratio_mcse","rmse","coverage","coverage_mcse","ci_width","study","nrep"
0,25,0.3,0.1,"phi (r)","own",300,276,133,133,0.08,-0.0148230104894142,0.0122521175242323,0.20354746359613,0.00867929301021247,0.193032003571348,0.948339026981708,0.0404373119800965,0.203718377159645,0.984962406015038,0.0105529330819623,0.75173798932867,"03a_2x2_to_cor_CAT",300
0.1,25,0.3,0.1,"phi (r)","own",300,277,142,142,0.0766666666666667,0.00772060909479265,0.0135386201848215,0.225327547168456,0.00959057730434992,0.192659868548363,0.855021372084297,0.0363921263462532,0.225052920623658,0.985915492957746,0.00988886616196351,0.752594680093434,"03a_2x2_to_cor_CAT",300
0.25,25,0.3,0.1,"phi (r)","own",300,278,150,150,0.0733333333333334,0.00692080595703547,0.0126179168932877,0.21038271751692,0.00893830517110355,0.191472052833383,0.910113031589604,0.0386669975203255,0.210117999129473,1,0,0.751469978575619,"03a_2x2_to_cor_CAT",300
0.5,25,0.3,0.1,"phi (r)","own",300,284,12,12,0.0533333333333333,-0.00149893728310221,0.009113306764256,0.153580175449045,0.00645545627422328,NA,NA,NA,0.153316876904529,NA,NA,NA,"03a_2x2_to_cor_CAT",300
0,50,0.3,0.1,"phi (r)","own",300,299,223,223,0.0033333333333333,-0.00402408405574356,0.0083087449754009,0.143671631426697,0.00588501932688984,0.140371396656478,0.977029322090609,0.0400206803969853,0.143487615097018,0.991031390134529,0.0063132623954833,0.54767701937887,"03a_2x2_to_cor_CAT",300
0.1,50,0.3,0.1,"phi (r)","own",300,298,246,246,0.00666666666666671,-0.0181156119630277,0.00938122567347375,0.161945063989983,0.00664468646109014,0.140947750174579,0.870342983613862,0.0357106051721437,0.1626848848307,0.967479674796748,0.0113091720549653,0.550646178525498,"03a_2x2_to_cor_CAT",300
0.25,50,0.3,0.1,"phi (r)","own",300,297,250,250,0.01,-0.0138327197912062,0.00887056624903146,0.152872570583481,0.00628302394767277,0.142281969832005,0.930722688111712,0.0382524668469214,0.153240595235222,0.964,0.0117820202002882,0.55755561988093,"03a_2x2_to_cor_CAT",300
0.5,50,0.3,0.1,"phi (r)","own",300,297,12,12,0.01,0.000488494705267792,0.00666947785581704,0.114939700087317,0.00472399257388412,NA,NA,NA,0.114747075554762,NA,NA,NA,"03a_2x2_to_cor_CAT",300
0,100,0.3,0.1,"phi (r)","own",300,300,284,284,0,0.0155776929986184,0.00580662607432238,0.100573713812806,0.00411276500302013,0.100043073831924,0.994723870077332,0.0406772840081986,0.101607182437524,0.96830985915493,0.0103946552860162,0.391122183684462,"03a_2x2_to_cor_CAT",300
0.1,100,0.3,0.1,"phi (r)","own",300,300,296,296,0,-0.0192419064964492,0.00605353573977297,0.104850314667208,0.00428764821712327,0.100548277847898,0.958969729056468,0.0392151884533169,0.106429291816107,0.972972972972973,0.00942548422247183,0.393158851812777,"03a_2x2_to_cor_CAT",300
0.25,100,0.3,0.1,"phi (r)","own",300,300,292,292,0,-0.00510818481469052,0.00643157998886612,0.111398233136594,0.00455541251559237,0.103542243855848,0.929478331392271,0.038009195519326,0.111329666652258,0.952054794520548,0.0125029397571878,0.405517241951425,"03a_2x2_to_cor_CAT",300
0.5,100,0.3,0.1,"phi (r)","own",300,300,39,39,0,-0.00985697576405944,0.00470013209285089,0.0814086758710278,0.00332904832059549,0.116198648066199,1.42734968752332,0.0583686693010453,0.0818684385865339,0.948717948717949,0.0353198580369843,0.461051762662956,"03a_2x2_to_cor_CAT",300
0,300,0.3,0.1,"phi (r)","own",300,300,300,300,0,-7.461445445108e-05,0.00332172004781515,0.0575338789133596,0.00235273526960814,0.0577843927903438,1.00435419759133,0.0410710973861246,0.0574379575373105,0.956666666666667,0.0117552194868996,0.22629937434964,"03a_2x2_to_cor_CAT",300
0.1,300,0.3,0.1,"phi (r)","own",300,300,300,300,0,-0.00178210751165713,0.00380358261238478,0.06587998335436,0.00269403286074996,0.0580639519100891,0.881359541300587,0.0360414718629729,0.0657942313068906,0.916666666666667,0.0159571184626056,0.227418958252536,"03a_2x2_to_cor_CAT",300
0.25,300,0.3,0.1,"phi (r)","own",300,300,300,300,0,-0.000257333520924512,0.00353931186259849,0.0613026796985182,0.0025068529946571,0.0596125764966528,0.972430190487967,0.0397656276545878,0.0612009642922346,0.953333333333333,0.0121776966745069,0.233588098548922,"03a_2x2_to_cor_CAT",300
0.5,300,0.3,0.1,"phi (r)","own",300,300,92,92,0,0.000239114956267026,0.00275627791671828,0.0477401339153615,0.00195223925380782,0.0867499024328141,1.81712733748533,0.0743078627239601,0.0476611004306948,1,0,0.342423744588591,"03a_2x2_to_cor_CAT",300
0,25,0.5,0.1,"phi (r)","own",300,274,144,144,0.0866666666666667,-0.00182126183181996,0.0124340998754261,0.205820975804478,0.0088083246174361,0.192987783980697,0.93764876600346,0.040127662770109,0.205453119314493,1,0,0.750138877186169,"03a_2x2_to_cor_CAT",300
0.1,25,0.5,0.1,"phi (r)","own",300,280,155,155,0.0666666666666667,-0.000407401526095128,0.0117970069447147,0.197401682867754,0.00835667959808537,0.192860220117428,0.976993799220198,0.0413594455264546,0.1970492857185,1,0,0.750047568939573,"03a_2x2_to_cor_CAT",300
0.25,25,0.5,0.1,"phi (r)","own",300,287,77,77,0.0433333333333333,0.0106065404836637,0.00901501068529667,0.152723966250474,0.00638570982567755,0.192664928991963,1.26152387030065,0.0527469628486069,0.152826169717923,0.987012987012987,0.0129024061385767,0.750633043996905,"03a_2x2_to_cor_CAT",300
0,50,0.5,0.1,"phi (r)","own",300,299,252,252,0.0033333333333333,0.0033421480241834,0.0082829029987859,0.143224781878353,0.00586671565620617,0.140142457008485,0.978479109345157,0.0400800659968297,0.143024129486706,0.992063492063492,0.00558964454185526,0.546754267562879,"03a_2x2_to_cor_CAT",300
0.1,50,0.5,0.1,"phi (r)","own",300,297,225,225,0.01,0.00555543929050138,0.00797306807279873,0.137405367087914,0.00564732579989347,0.141073064478738,1.02669253369468,0.0421968032033442,0.137286299373904,0.982222222222222,0.00880952222063319,0.550645260315092,"03a_2x2_to_cor_CAT",300
0.25,50,0.5,0.1,"phi (r)","own",300,300,143,143,0,-0.0157037461508083,0.00617507111911311,0.106955369186551,0.00437373029790152,0.142813430487455,1.33526190946394,0.0546029200167599,0.107925562948147,0.972027972027972,0.0137890180340653,0.558335204468279,"03a_2x2_to_cor_CAT",300
0,100,0.5,0.1,"phi (r)","own",300,300,296,296,0,0.0133106356178509,0.00598535146354965,0.103669328360247,0.0042393540956458,0.100370882357678,0.968183009818419,0.0395919475213103,0.104348829562548,0.986486486486487,0.00671094770818588,0.392353683020282,"03a_2x2_to_cor_CAT",300
0.1,100,0.5,0.1,"phi (r)","own",300,300,292,292,0,-0.00151608241608431,0.00528943286655401,0.0916156646809623,0.00374644313254258,0.10094603976176,1.10184257368311,0.0450576935472033,0.0914754088308826,0.982876712328767,0.00759192087938933,0.394665305397473,"03a_2x2_to_cor_CAT",300
0.25,100,0.5,0.1,"phi (r)","own",300,300,211,211,0,-0.00171395265474785,0.00478343079815546,0.08285145176895,0.00338804781455093,0.107039327933455,1.2919426956085,0.0528314656282442,0.0827310067853922,0.971563981042654,0.0114427095072916,0.418741354106274,"03a_2x2_to_cor_CAT",300
0,300,0.5,0.1,"phi (r)","own",300,300,299,299,0,-0.000492275612006413,0.00322339795289643,0.0558308902743013,0.00228309488535926,0.0576847163388744,1.0332043077849,0.0422508661252831,0.0557399349635117,0.969899665551839,0.00988128603776342,0.225913941535332,"03a_2x2_to_cor_CAT",300
0.1,300,0.5,0.1,"phi (r)","own",300,300,300,300,0,0.00291274689945127,0.00315122770021274,0.0545808648298689,0.0022319775436022,0.0583372786331782,1.06882290735074,0.0437074189778864,0.0545676155247607,0.973333333333333,0.00930153312731393,0.228451522480843,"03a_2x2_to_cor_CAT",300
0.25,300,0.5,0.1,"phi (r)","own",300,300,299,299,0,-0.00382191808031106,0.00264084949846237,0.045740855064796,0.00187048266179026,0.0657244202012328,1.43688656690235,0.0587586613005563,0.0458242162376811,0.993311036789298,0.00471396593705836,0.256466568579619,"03a_2x2_to_cor_CAT",300
0,25,0.3,0.3,"phi (r)","own",300,300,271,271,0,0.00410469533863782,0.0124732716212999,0.216043401846985,0.00883467169069139,0.190471055341175,0.881633290870315,0.036052666315353,0.215722083942516,0.970479704797048,0.0102817947831789,0.742530759046464,"03a_2x2_to_cor_CAT",300
0.1,25,0.3,0.3,"phi (r)","own",300,299,280,280,0.0033333333333333,0.000824811389450939,0.0126846618871256,0.219338308350408,0.00898444717966509,0.189172892795737,0.862470829735407,0.0353281817117894,0.218972768116622,0.967857142857143,0.0105406854408374,0.739180716569993,"03a_2x2_to_cor_CAT",300
0.25,25,0.3,0.3,"phi (r)","own",300,300,272,272,0,-0.0123761450015503,0.0124486598973402,0.215617114283383,0.00881723949587291,0.18581497094372,0.861782106495987,0.0352408910187263,0.215612939787373,0.966911764705882,0.0108454049600373,0.730526606105115,"03a_2x2_to_cor_CAT",300
0.5,25,0.3,0.3,"phi (r)","own",300,300,265,265,0,-0.0315712234498395,0.0120980465321087,0.209544312659448,0.00856890417004719,0.173002729115867,0.825614052322347,0.0337618692963154,0.211563698181297,0.928301886792453,0.0158480394323446,0.698215869288317,"03a_2x2_to_cor_CAT",300
0.75,25,0.3,0.3,"phi (r)","own",300,300,160,160,0,0.00128454885931518,0.00929308451231082,0.160960945343538,0.00658218253821356,0.145204721234913,0.902111508633376,0.0368900829140569,0.160697587324466,0.89375,0.0243619756870209,0.628072851269073,"03a_2x2_to_cor_CAT",300
0,50,0.3,0.3,"phi (r)","own",300,300,297,297,0,-0.00144104692846,0.00778956177718209,0.134919167667759,0.00551725505586243,0.138462727635779,1.02626431832685,0.0419670688517974,0.134701823104702,0.962962962962963,0.0109583378345506,0.540366929449047,"03a_2x2_to_cor_CAT",300
0.1,50,0.3,0.3,"phi (r)","own",300,300,298,298,0,-0.00398462569216057,0.00855110054325694,0.148109406015508,0.00605664401348896,0.137325558164182,0.927189986500941,0.0379156181378502,0.147916030475647,0.963087248322148,0.0109222696650304,0.536415968935141,"03a_2x2_to_cor_CAT",300
0.25,50,0.3,0.3,"phi (r)","own",300,300,300,300,0,0.0121964730797142,0.00849917445939966,0.14721001986072,0.00601986537858142,0.134040597683612,0.910539906253881,0.0372347457235627,0.147469684805001,0.936666666666667,0.0140620318852128,0.525984163071465,"03a_2x2_to_cor_CAT",300
0.5,50,0.3,0.3,"phi (r)","own",300,300,296,296,0,-0.00114209644682363,0.00777934325510569,0.134742177673613,0.00551001739677426,0.122841340470509,0.911676971468197,0.0372812437779976,0.134522268219952,0.942567567567568,0.013523496586438,0.491150532293526,"03a_2x2_to_cor_CAT",300
0.75,50,0.3,0.3,"phi (r)","own",300,300,257,257,0,0.0015981842994837,0.00619795377109337,0.107351708344968,0.00438993781135875,0.098238967162642,0.915113216894107,0.0374217623031043,0.107184555075298,0.926070038910506,0.0163217076268157,0.417715121789842,"03a_2x2_to_cor_CAT",300
0,100,0.3,0.3,"phi (r)","own",300,300,297,297,0,0.0116539247309412,0.00595441719286836,0.103133531075097,0.00421744371529351,0.0988114793476953,0.958092662179344,0.0391793225215461,0.103618937021886,0.922558922558923,0.0155097402833199,0.386393092260469,"03a_2x2_to_cor_CAT",300
0.1,100,0.3,0.3,"phi (r)","own",300,300,298,298,0,0.00752186327404788,0.00599934193291767,0.103911650397919,0.00424926338066884,0.0983376628478368,0.946358396496091,0.0386994727137917,0.104010660087823,0.946308724832215,0.0130575034535089,0.384685054363106,"03a_2x2_to_cor_CAT",300
0.25,100,0.3,0.3,"phi (r)","own",300,300,300,300,0,0.000266693012463112,0.00540408047790431,0.0936014195592136,0.00382764668820573,0.0964992238677719,1.03095897821,0.0421590477709055,0.0934456675445746,0.966666666666667,0.010363754503432,0.378180616808196,"03a_2x2_to_cor_CAT",300
0.5,100,0.3,0.3,"phi (r)","own",300,300,300,300,0,-0.00287693475159066,0.00525456829922767,0.091011792661031,0.00372174896926947,0.0880098769074611,0.967016189157483,0.0395442326761766,0.0909055150633236,0.943333333333333,0.0133486023682326,0.348056769186261,"03a_2x2_to_cor_CAT",300
0.75,100,0.3,0.3,"phi (r)","own",300,300,299,299,0,0.00175443756379913,0.00414909615442683,0.0718644534495591,0.00293875604174898,0.0686375953416803,0.955097994168373,0.0390568614397757,0.0717660276305609,0.946488294314381,0.0130150675531153,0.281640936129678,"03a_2x2_to_cor_CAT",300
0,300,0.3,0.3,"phi (r)","own",300,300,299,299,0,-0.00272121127537962,0.00356158614694571,0.0616884816204345,0.00252262960847001,0.0575004008031457,0.932109192716758,0.038116779439348,0.0616456718639502,0.94314381270903,0.0133919010689227,0.225196761015542,"03a_2x2_to_cor_CAT",300
0.1,300,0.3,0.3,"phi (r)","own",300,300,300,300,0,0.00816336517084022,0.00328350443744735,0.0568719651253668,0.00232566760193366,0.0572771398667259,1.00712433165385,0.0411843765919339,0.0573609583841021,0.953333333333333,0.0121776966745069,0.224350014205507,"03a_2x2_to_cor_CAT",300
0.25,300,0.3,0.3,"phi (r)","own",300,300,300,300,0,0.000595933825365316,0.00358126219096762,0.0620292806998135,0.00253656591919769,0.0561807010183859,0.905712598704288,0.0370373424379912,0.0619286796434416,0.92,0.015663120165961,0.220184786522722,"03a_2x2_to_cor_CAT",300
0.5,300,0.3,0.3,"phi (r)","own",300,300,300,300,0,0.00014109456406799,0.00318095662805382,0.055095784964622,0.0022530341937872,0.0511360947467441,0.928130795841815,0.0379540906928049,0.0550040629724233,0.943333333333333,0.0133486023682326,0.200995663084546,"03a_2x2_to_cor_CAT",300
0.75,300,0.3,0.3,"phi (r)","own",300,300,300,300,0,0.000477603851454547,0.00235856586406177,0.0408515590955258,0.00167054448123099,0.0398490186289654,0.975458942357228,0.0398894825289729,0.0407862127812702,0.96,0.0113137084989848,0.158385778697578,"03a_2x2_to_cor_CAT",300
0,25,0.5,0.3,"phi (r)","own",300,300,287,287,0,-0.00757175952099334,0.0121078111235832,0.209713440344937,0.00857582031542505,0.189883729674834,0.905443777768909,0.0370263495324576,0.209500500031262,0.958188153310105,0.0118150108512687,0.740385879024638,"03a_2x2_to_cor_CAT",300
0.1,25,0.5,0.3,"phi (r)","own",300,300,283,283,0,0.0133268170509089,0.010912463841525,0.189009418092795,0.00772916988448992,0.189701365545346,1.00366091520483,0.041042746961065,0.189164167625353,0.982332155477032,0.0078311897459475,0.739907159935919,"03a_2x2_to_cor_CAT",300
0.25,25,0.5,0.3,"phi (r)","own",300,300,268,268,0,0.0156428779862176,0.0110734146740267,0.19179716828693,0.00784316946749173,0.186075557191059,0.970168427683397,0.0396731372954758,0.1921151552638,0.977611940298508,0.00903699578686671,0.731696162379794,"03a_2x2_to_cor_CAT",300
0.5,25,0.5,0.3,"phi (r)","own",300,300,186,186,0,-0.00485048792930201,0.00949596143420066,0.164474876707502,0.00672587787757056,0.176715366852437,1.07442164049591,0.0439363682019707,0.164272149244905,0.967741935483871,0.0129551504661693,0.710214826201312,"03a_2x2_to_cor_CAT",300
0,50,0.5,0.3,"phi (r)","own",300,300,294,294,0,-0.0120716876074166,0.00835731316422103,0.14475291015195,0.00591938669050577,0.137744941973736,0.951586685401643,0.0389132733463949,0.145014778404909,0.945578231292517,0.013230047202243,0.537747996776282,"03a_2x2_to_cor_CAT",300
0.1,50,0.5,0.3,"phi (r)","own",300,300,293,293,0,0.00560837052072648,0.00822089782804261,0.142390127220024,0.00582276531118348,0.137138509411065,0.96311810438343,0.0393848281356684,0.142263203213387,0.938566552901024,0.0140281748034356,0.53575116721501,"03a_2x2_to_cor_CAT",300
0.25,50,0.5,0.3,"phi (r)","own",300,300,297,297,0,-0.00792991266158601,0.00741110064371026,0.128364028549126,0.00524919548308757,0.135811249714444,1.05801641822473,0.0432655087749314,0.128395026879665,0.962962962962963,0.0109583378345506,0.532299204958414,"03a_2x2_to_cor_CAT",300
0.5,50,0.5,0.3,"phi (r)","own",300,300,256,256,0,-0.0126150598423411,0.006730841890385,0.116581601318598,0.00476737620320553,0.131646951053783,1.12922579176121,0.0461774766069327,0.117068805701096,0.97265625,0.0101926883521231,0.525698811119405,"03a_2x2_to_cor_CAT",300
0,100,0.5,0.3,"phi (r)","own",300,300,299,299,0,-0.00573980440085687,0.00589052313537064,0.102026853536219,0.00417218830531634,0.0986579079376575,0.966979814805665,0.0395427452183162,0.102018262748651,0.953177257525084,0.0122174245409932,0.385790562887987,"03a_2x2_to_cor_CAT",300
0.1,100,0.5,0.3,"phi (r)","own",300,300,298,298,0,0.00377894880134812,0.00584603831585541,0.10125635386056,0.00414068023048491,0.0983030615705155,0.970833511405012,0.0397003345913759,0.101158061899127,0.946308724832215,0.0130575034535089,0.384542875136928,"03a_2x2_to_cor_CAT",300
0.25,100,0.5,0.3,"phi (r)","own",300,300,300,300,0,0.00641075855558124,0.00562893671281809,0.0974960437919068,0.00398690971665418,0.0966921079838333,0.991754169945712,0.0405558439389423,0.0975443050711545,0.963333333333333,0.0108508405545718,0.379026021196929,"03a_2x2_to_cor_CAT",300
0.5,100,0.5,0.3,"phi (r)","own",300,300,290,290,0,-0.00729104193859797,0.00452750251635467,0.0784186438972223,0.00320677682048298,0.0960071338846531,1.22428964737624,0.0500649267527369,0.0786266158765221,0.986206896551724,0.00684882414915171,0.380009688233285,"03a_2x2_to_cor_CAT",300
0,300,0.5,0.3,"phi (r)","own",300,300,298,298,0,-0.00418537555754775,0.00320196464911062,0.0554596545629905,0.00226791392819393,0.0574772234556882,1.03637903821428,0.0423806905069128,0.0555251121132573,0.939597315436242,0.0138003745038729,0.225104126934689,"03a_2x2_to_cor_CAT",300
0.1,300,0.5,0.3,"phi (r)","own",300,300,300,300,0,0.000568918185330294,0.00348824699235957,0.060418210201161,0.00247068434723358,0.0572560600648183,0.94766230039231,0.0387527933092869,0.0603201121080985,0.94,0.0137113092008021,0.224264435401435,"03a_2x2_to_cor_CAT",300
0.25,300,0.5,0.3,"phi (r)","own",300,300,300,300,0,-0.000563404191166208,0.00329284355406604,0.0570337233701806,0.0023322823884718,0.0562382352140456,0.986052319415098,0.0403226779313868,0.0569413751772589,0.946666666666667,0.0129729062394013,0.220415832501033,"03a_2x2_to_cor_CAT",300
0.5,300,0.5,0.3,"phi (r)","own",300,300,300,300,0,0.000581969292496443,0.00268646525635182,0.046530943167699,0.00190279176698021,0.0548410711753491,1.17859358615836,0.0481962758475654,0.0464569721867392,0.986666666666667,0.0066220730781117,0.215639710769067,"03a_2x2_to_cor_CAT",300
0,25,0.3,0.5,"phi (r)","own",300,300,280,280,0,-0.00212339516823108,0.0116212085943006,0.201285237306848,0.00823116546298601,0.19031975952847,0.945522692448323,0.0386652982338978,0.200960700326015,0.978571428571429,0.00865393959731266,0.741304186261809,"03a_2x2_to_cor_CAT",300
0.1,25,0.3,0.5,"phi (r)","own",300,300,287,287,0,0.00329801188337936,0.0114712216156176,0.198687386631321,0.00812493144878556,0.189510910161667,0.953814499122278,0.0390043754242254,0.198383380260072,0.979094076655052,0.00844512223688731,0.739505183077359,"03a_2x2_to_cor_CAT",300
0.25,25,0.3,0.5,"phi (r)","own",300,300,267,267,0,-0.000975062156538354,0.0116188583902244,0.201244530578167,0.00822950084106084,0.186329590491149,0.925886482260325,0.0378623138854879,0.200911209153555,0.966292134831461,0.0110449617361946,0.732052391555674,"03a_2x2_to_cor_CAT",300
0.5,25,0.3,0.5,"phi (r)","own",300,300,170,170,0,0.0091456119698054,0.00945996077787696,0.163851327048917,0.00670037903581311,0.176345531053866,1.07625329760813,0.0440112702313687,0.163833478679037,0.970588235294118,0.0129584659592208,0.708626744125951,"03a_2x2_to_cor_CAT",300
0,50,0.3,0.5,"phi (r)","own",300,300,294,294,0,-0.00186109870115211,0.00817189001438022,0.141541286987713,0.00578805365275647,0.137826956120105,0.973757968811388,0.0398199245480136,0.141317443453052,0.965986394557823,0.0105715379799681,0.538018579013558,"03a_2x2_to_cor_CAT",300
0.1,50,0.3,0.5,"phi (r)","own",300,300,296,296,0,0.00344442800851962,0.00854755115707807,0.148047928843534,0.0060541300249745,0.137239260255055,0.926992098620294,0.0379075259006324,0.1478411062201,0.949324324324324,0.0127485626601708,0.536230470931808,"03a_2x2_to_cor_CAT",300
0.25,50,0.3,0.5,"phi (r)","own",300,300,297,297,0,-0.0122779191782029,0.00743131124556919,0.128714086441838,0.00526351041484853,0.135695960912907,1.05424328186662,0.0431112137551199,0.129084619382306,0.976430976430976,0.00880264818912485,0.531802455794149,"03a_2x2_to_cor_CAT",300
0.5,50,0.3,0.5,"phi (r)","own",300,300,246,246,0,0.00496869629714019,0.0062116941798568,0.107589699205919,0.00439966998139452,0.130563621441073,1.21353273040743,0.0496250437060391,0.107525095552291,0.979674796747967,0.00899685793499171,0.522321540019008,"03a_2x2_to_cor_CAT",300
0,100,0.3,0.5,"phi (r)","own",300,300,299,299,0,0.00484598339605428,0.00587349415133064,0.101731902880633,0.00416012687606289,0.0986648813024155,0.969851919689182,0.0396601943210899,0.101677754131588,0.949832775919732,0.0126240299747679,0.385817376562247,"03a_2x2_to_cor_CAT",300
0.1,100,0.3,0.5,"phi (r)","own",300,300,299,299,0,6.75537369712532e-05,0.0058766198899473,0.101786042261586,0.00416234079998818,0.0983211124858508,0.965958694347993,0.0395009884975691,0.101616279706815,0.953177257525084,0.0122174245409932,0.384603420817438,"03a_2x2_to_cor_CAT",300
0.25,100,0.3,0.5,"phi (r)","own",300,300,300,300,0,0.00100334433186504,0.00576827288475511,0.0999094170831774,0.00408559988961563,0.0967159588139646,0.968036463804466,0.0395859548091525,0.0997478087462355,0.946666666666667,0.0129729062394013,0.379053107056233,"03a_2x2_to_cor_CAT",300
0.5,100,0.3,0.5,"phi (r)","own",300,300,289,289,0,-0.000408531378817134,0.00443995000667663,0.076902189946297,0.00314476440688487,0.0955220216856734,1.24212355659025,0.0507942095335135,0.0767749995790428,0.97923875432526,0.00838729809812193,0.37820661695922,"03a_2x2_to_cor_CAT",300
0,300,0.3,0.5,"phi (r)","own",300,300,300,300,0,0.000129154329863912,0.00340844398563169,0.0590359815786664,0.00241416081549496,0.0574705807407636,0.973483953412092,0.0398087192250541,0.0589376476574556,0.933333333333333,0.0144016459964619,0.225079064570426,"03a_2x2_to_cor_CAT",300
0.1,300,0.3,0.5,"phi (r)","own",300,300,300,300,0,-0.000114588954650841,0.0033579169304927,0.0581608273120909,0.00237837309618577,0.0572613560749914,0.984534758553674,0.0402606202528523,0.0580639247566275,0.943333333333333,0.0133486023682326,0.224283826400972,"03a_2x2_to_cor_CAT",300
0.25,300,0.3,0.5,"phi (r)","own",300,300,300,300,0,-0.000381560773085083,0.0031172816661288,0.0539929022723804,0.00220793396662914,0.0562625852001346,1.04203669060619,0.0426120491181699,0.0539041894423095,0.97,0.00984885780179611,0.220512048716439,"03a_2x2_to_cor_CAT",300
0.5,300,0.3,0.5,"phi (r)","own",300,300,300,300,0,0.000603503117581641,0.00257393952926831,0.0445819404030263,0.00182309111700467,0.0548446836446509,1.23019956396801,0.0503066012142633,0.0445116665764335,0.99,0.00574456264653803,0.215682672169917,"03a_2x2_to_cor_CAT",300
0,25,0.5,0.5,"phi (r)","own",300,300,298,298,0,-0.0176250115723543,0.0117073575561981,0.202777381097104,0.00829218376018703,0.188908248043299,0.931604141552832,0.0380961263613917,0.203204933740737,0.966442953020134,0.0104321025533726,0.736471464600904,"03a_2x2_to_cor_CAT",300
0.1,25,0.5,0.5,"phi (r)","own",300,300,296,296,0,0.00584772105512067,0.0125577686641754,0.217506933560482,0.00889451995306424,0.187239302958803,0.86084291610289,0.0352024846674695,0.217222845102902,0.962837837837838,0.0109946448674865,0.731722240519767,"03a_2x2_to_cor_CAT",300
0.25,25,0.5,0.5,"phi (r)","own",300,300,295,295,0,-0.00608219516467421,0.0114745450854278,0.198744950817008,0.00812728542339132,0.183565581524248,0.923623874567075,0.0377697889763085,0.19850663310922,0.949152542372881,0.0127906207267745,0.721704840581103,"03a_2x2_to_cor_CAT",300
0.5,25,0.5,0.5,"phi (r)","own",300,300,282,282,0,-0.00796027825062026,0.0107540265947753,0.186265204480977,0.00761695064473406,0.166825481320931,0.895634167346423,0.0366252047312031,0.186124805821702,0.953900709219858,0.0124874612529957,0.676076497674443,"03a_2x2_to_cor_CAT",300
0.75,25,0.5,0.5,"phi (r)","own",300,300,181,181,0,0.00743106214386878,0.00784612819921379,0.135898926837372,0.0055573203877609,0.136847917454169,1.00698306188932,0.0411785996416601,0.135875594837399,0.94475138121547,0.0169816620149407,0.598277193106031,"03a_2x2_to_cor_CAT",300
0,50,0.5,0.5,"phi (r)","own",300,300,293,293,0,0.000969066590204082,0.00898592576094254,0.155640799709945,0.00636462560466394,0.136994697910831,0.880197854072563,0.0359939669395218,0.155384203710114,0.935153583617747,0.0143863509764825,0.534883396514068,"03a_2x2_to_cor_CAT",300
0.1,50,0.5,0.5,"phi (r)","own",300,300,295,295,0,-0.000624577341432119,0.00780118718970151,0.135120525719185,0.00552548919891617,0.136727473455621,1.01189269896548,0.0413793696319378,0.13489658278072,0.972881355932203,0.00945698974066197,0.533976507275556,"03a_2x2_to_cor_CAT",300
0.25,50,0.5,0.5,"phi (r)","own",300,300,300,300,0,0.00472773223113644,0.00777358435693013,0.134642430631256,0.00550593843688099,0.132984002649925,0.987682723985626,0.040389350132345,0.134500955255298,0.956666666666667,0.0117552194868996,0.52134237739756,"03a_2x2_to_cor_CAT",300
0.5,50,0.5,0.5,"phi (r)","own",300,300,299,299,0,-0.00880243318188625,0.00759006900629236,0.131463851518522,0.0053759566708848,0.12008291759571,0.913429176223332,0.0373528967588994,0.131539415912058,0.949832775919732,0.0126240299747679,0.478526860911307,"03a_2x2_to_cor_CAT",300
0.75,50,0.5,0.5,"phi (r)","own",300,300,285,285,0,-0.00127498365331269,0.00547057189183785,0.0947530846312134,0.0038747417752196,0.0930151941196942,0.981658744743949,0.0401430113021989,0.0946036229413142,0.968421052631579,0.0103587775224556,0.394802335585586,"03a_2x2_to_cor_CAT",300
0,100,0.5,0.5,"phi (r)","own",300,300,296,296,0,-0.00795640663085096,0.00551992680644312,0.0956079368282089,0.00390969928116496,0.0985557910074484,1.03083273499078,0.0421538853017655,0.0957794988453884,0.959459459459459,0.011463367788664,0.385373492958669,"03a_2x2_to_cor_CAT",300
0.1,100,0.5,0.5,"phi (r)","own",300,300,300,300,0,-0.00884988177183742,0.00550278954003647,0.0953111106670174,0.00389756115678386,0.0981589311475162,1.02987920779192,0.0421148926749228,0.0955627936554494,0.956666666666667,0.0117552194868996,0.383922062485172,"03a_2x2_to_cor_CAT",300
0.25,100,0.5,0.5,"phi (r)","own",300,300,300,300,0,0.00573342760765538,0.0054218367381741,0.0939089670086107,0.00384022323866506,0.0953181377240199,1.01500570989435,0.0415066701155025,0.0939274718234295,0.976666666666667,0.0087156734084615,0.373528796056882,"03a_2x2_to_cor_CAT",300
0.5,100,0.5,0.5,"phi (r)","own",300,300,300,300,0,0.00184138698756407,0.00500099322897158,0.0866197436088671,0.00354214472728127,0.0853354243616699,0.985172904078352,0.0402867159639605,0.0864948597063873,0.95,0.0125830573921179,0.337244710751158,"03a_2x2_to_cor_CAT",300
0.75,100,0.5,0.5,"phi (r)","own",300,300,298,298,0,0.00269452155306168,0.00378994327401798,0.0656437430840308,0.00268437227768824,0.0653434597998895,0.995425561218273,0.0407059782927983,0.0655896164225853,0.963087248322148,0.0109222696650304,0.267036064662353,"03a_2x2_to_cor_CAT",300
0,300,0.5,0.5,"phi (r)","own",300,300,300,300,0,-0.00322004006938456,0.00340231370955493,0.0589298020823727,0.00240981881299908,0.0574437717665874,0.974783042479794,0.0398618429275694,0.0589195595107248,0.943333333333333,0.0133486023682326,0.224973986673887,"03a_2x2_to_cor_CAT",300
0.1,300,0.5,0.5,"phi (r)","own",300,300,300,300,0,-0.000521410591244742,0.00326588823027425,0.056566843466762,0.00231319024943667,0.0571669340431956,1.0106085215235,0.0413268557111445,0.0564748937392995,0.95,0.0125830573921179,0.223911975414454,"03a_2x2_to_cor_CAT",300
0.25,300,0.5,0.5,"phi (r)","own",300,300,300,300,0,0.00060294006758089,0.00327894710029929,0.0567930297304901,0.00232243969359418,0.0556163890921996,0.979281953368674,0.0400458170750284,0.056701501466953,0.94,0.0137113092008021,0.217965232316796,"03a_2x2_to_cor_CAT",300
0.5,300,0.5,0.5,"phi (r)","own",300,300,300,300,0,0.00572427063820395,0.00293894772225754,0.0509040677573888,0.00208162213014846,0.0495794332656954,0.973977826329977,0.0398289151905367,0.0511405316248675,0.95,0.0125830573921179,0.194858955147079,"03a_2x2_to_cor_CAT",300
0.75,300,0.5,0.5,"phi (r)","own",300,300,300,300,0,0.00152857417979234,0.00208798679240988,0.0361649920998669,0.00147889650490259,0.0379866834585644,1.05037167860198,0.0429528921240618,0.0361370101663279,0.953333333333333,0.0121776966745069,0.150815604539803,"03a_2x2_to_cor_CAT",300
0,25,0.3,0.1,"phi (z)","own",300,276,133,133,0.08,-0.0136894124120808,0.0126408623763728,0.210005778126883,0.00895467646709379,0.208729568287079,0.993922977495249,0.0423810181608577,0.210071500821143,0.984962406015038,0.0105529330819623,0.817073021660736,"03a_2x2_to_cor_CAT",300
0.1,25,0.3,0.1,"phi (z)","own",300,277,142,142,0.0766666666666667,0.0146908322141735,0.0143158053638711,0.238262486453279,0.0101411248814086,0.213502153338111,0.896079599085259,0.0381396805400504,0.238285313686823,0.985915492957746,0.00988886616196351,0.834541152056112,"03a_2x2_to_cor_CAT",300
0.25,25,0.3,0.1,"phi (z)","own",300,278,150,150,0.0733333333333334,0.0205567838454839,0.0139853490326382,0.23318236756451,0.00990696948119991,0.220128248118834,0.944017553376695,0.0401074626212147,0.233668585645344,1,0,0.859411122199136,"03a_2x2_to_cor_CAT",300
0.5,25,0.3,0.1,"phi (z)","own",300,283,12,12,0.0566666666666666,0.0198040987522784,0.0133088942858359,0.223890256135836,0.00942748046564348,NA,NA,NA,0.224370056943543,NA,NA,NA,"03a_2x2_to_cor_CAT",300
0,50,0.3,0.1,"phi (z)","own",300,299,223,223,0.0033333333333333,-0.00389943440769744,0.00843855561517835,0.145916267222908,0.00597696319159961,0.145859666057697,0.999612098319896,0.0409457069540338,0.145724237545085,0.991031390134529,0.0063132623954833,0.571357771788664,"03a_2x2_to_cor_CAT",300
0.1,50,0.3,0.1,"phi (z)","own",300,298,246,246,0.00666666666666671,-0.0156724192041008,0.00969699617590063,0.167396108022136,0.00686834550686071,0.149596149929494,0.893665639524379,0.0366675453353516,0.167848294509751,0.967479674796748,0.0113091720549653,0.585002648463847,"03a_2x2_to_cor_CAT",300
0.25,50,0.3,0.1,"phi (z)","own",300,297,250,250,0.01,-0.00796232120594331,0.00974047911228661,0.167864377403477,0.00689918341244397,0.157868721396417,0.940453977421105,0.0386524203738313,0.167770589874109,0.964,0.0117820202002882,0.616234840339304,"03a_2x2_to_cor_CAT",300
0.5,50,0.3,0.1,"phi (z)","own",300,297,12,12,0.01,0.0133549274470497,0.00930471824347011,0.160354610573998,0.00659053389702755,NA,NA,NA,0.160640522402861,NA,NA,NA,"03a_2x2_to_cor_CAT",300
0,100,0.3,0.1,"phi (z)","own",300,300,284,284,0,0.0157777436147426,0.0058726152155671,0.101716679266643,0.00415950433619173,0.102096050551266,1.00372968609828,0.0410455592120309,0.102765424268747,0.96830985915493,0.0103946552860162,0.400039587632537,"03a_2x2_to_cor_CAT",300
0.1,100,0.3,0.1,"phi (z)","own",300,300,296,296,0,-0.0184719981814588,0.00615343504979997,0.106580621473287,0.00435840572429629,0.103610057002347,0.972128474858967,0.0397532895849991,0.107994346275792,0.972972972972973,0.00942548422247183,0.405712298075603,"03a_2x2_to_cor_CAT",300
0.25,100,0.3,0.1,"phi (z)","own",300,300,292,292,0,-0.00205272129874784,0.00690189958988339,0.119544407584168,0.0048885343613148,0.113804968703543,0.95198906417614,0.0389297278381201,0.119362652582084,0.952054794520548,0.0125029397571878,0.444033911597925,"03a_2x2_to_cor_CAT",300
0.5,100,0.3,0.1,"phi (z)","own",300,300,39,39,0,-0.00736052391143084,0.00625700330113945,0.108374476206997,0.00443176189947977,0.152817637350043,1.41008882071235,0.0576628199667543,0.108443784123763,0.948717948717949,0.0353198580369843,0.59651757924888,"03a_2x2_to_cor_CAT",300
0,300,0.3,0.1,"phi (z)","own",300,300,300,300,0,-6.47546581814145e-05,0.00333393232314149,0.057745401726772,0.0023613850806906,0.0581776677735403,1.00748572239247,0.0411991549582275,0.0576491154226737,0.956666666666667,0.0117552194868996,0.22803475998687,"03a_2x2_to_cor_CAT",300
0.1,300,0.3,0.1,"phi (z)","own",300,300,300,300,0,-0.00137846243676243,0.00385330473568432,0.0667411957925101,0.00272925045629765,0.059121551317929,0.88583296442171,0.0362244037380998,0.0666441251508165,0.916666666666667,0.0159571184626056,0.231695800289244,"03a_2x2_to_cor_CAT",300
0.25,300,0.3,0.1,"phi (z)","own",300,300,300,300,0,0.000803302389061493,0.00379269354552375,0.0656913791838569,0.00268632026267177,0.0642579390088982,0.978179173694211,0.0400007210605805,0.0655867217466712,0.953333333333333,0.0121776966745069,0.251556924090776,"03a_2x2_to_cor_CAT",300
0.5,300,0.3,0.1,"phi (z)","own",300,300,92,92,0,0.00236453416469487,0.00370266506595891,0.064132040176512,0.00262255414870297,0.116254527452674,1.81273708325361,0.0741283318776378,0.0640687121021414,1,0,0.453651769633158,"03a_2x2_to_cor_CAT",300
0,25,0.5,0.1,"phi (z)","own",300,274,144,144,0.0866666666666667,-0.00174649553152044,0.0128223261830316,0.212247264660517,0.00908334439182088,0.205274691821302,0.967148821209227,0.041390148585605,0.211866796723245,1,0,0.804269238408496,"03a_2x2_to_cor_CAT",300
0.1,25,0.5,0.1,"phi (z)","own",300,280,155,155,0.0666666666666667,0.00301224593675019,0.0122270156607144,0.204597104942518,0.00866128610385703,0.20603437788368,1.00702489383496,0.0426307631364645,0.204253639048306,1,0,0.807026118235542,"03a_2x2_to_cor_CAT",300
0.25,25,0.5,0.1,"phi (z)","own",300,287,77,77,0.0433333333333333,0.017526031117877,0.00975341758203526,0.165233372385793,0.00690875437220728,0.208963236487072,1.26465515694479,0.0528778885204673,0.165873747055396,0.987012987012987,0.0129024061385767,0.818076071888704,"03a_2x2_to_cor_CAT",300
0,50,0.5,0.1,"phi (z)","own",300,299,252,252,0.0033333333333333,0.00308768744538671,0.00844492145732418,0.146026342923775,0.00598147206799081,0.145358911094138,0.995429373794663,0.0407743758817434,0.145814642416432,0.992063492063492,0.00558964454185526,0.569492440151317,"03a_2x2_to_cor_CAT",300
0.1,50,0.5,0.1,"phi (z)","own",300,297,225,225,0.01,0.00720812693150976,0.00815036906972143,0.140460917140262,0.00577290813346019,0.147716029941573,1.05165218161053,0.0432226384135604,0.140409393637932,0.982222222222222,0.00880952222063319,0.578426251961843,"03a_2x2_to_cor_CAT",300
0.25,50,0.5,0.1,"phi (z)","own",300,300,143,143,0,-0.0138191619416525,0.00656038494358633,0.113629200395014,0.00464664355117282,0.153289194374242,1.3490299486519,0.0551659370078379,0.114278282138698,0.972027972027972,0.0137890180340653,0.599745616737829,"03a_2x2_to_cor_CAT",300
0,100,0.5,0.1,"phi (z)","own",300,300,296,296,0,0.0134259226225579,0.00604202594608106,0.104650959192618,0.00427949596552618,0.102587388988986,0.980281401914014,0.0400866875653758,0.105335523830609,0.986486486486487,0.00671094770818588,0.401848319477546,"03a_2x2_to_cor_CAT",300
0.1,100,0.5,0.1,"phi (z)","own",300,300,292,292,0,-0.000725715151300946,0.00537538645584806,0.0931044245184643,0.00380732304962486,0.103990176336148,1.11691981207106,0.0456742476748511,0.0929519539754035,0.982876712328767,0.00759192087938933,0.407182266013701,"03a_2x2_to_cor_CAT",300
0.25,100,0.5,0.1,"phi (z)","own",300,300,211,211,0,2.93312734856054e-06,0.00508590024842,0.0880903763249061,0.00360228337124225,0.115420863903476,1.31025508936148,0.0535803150968933,0.0879434365278611,0.971563981042654,0.0114427095072916,0.450777691721267,"03a_2x2_to_cor_CAT",300
0,300,0.5,0.1,"phi (z)","own",300,300,299,299,0,-0.00050131188633099,0.00323351811433482,0.0560061766122222,0.00229026287676356,0.0580636960251164,1.0367373660791,0.0423953436229825,0.0559150023958783,0.969899665551839,0.00988128603776342,0.227597048693452,"03a_2x2_to_cor_CAT",300
0.1,300,0.5,0.1,"phi (z)","own",300,300,300,300,0,0.00327414005842257,0.00320031417426208,0.0554310675000475,0.00226674491625678,0.0593910733663662,1.07144018769466,0.0438144475303131,0.0554353788343059,0.973333333333333,0.00930153312731393,0.232684226956455,"03a_2x2_to_cor_CAT",300
0.25,300,0.5,0.1,"phi (z)","own",300,300,299,299,0,-0.00349916407864613,0.00280955110890293,0.0486628526708136,0.00198997202971104,0.0707547482988543,1.45397863905522,0.0594576081079722,0.0487075333175173,0.993311036789298,0.00471396593705836,0.275570713969034,"03a_2x2_to_cor_CAT",300
0,25,0.3,0.3,"phi (z)","own",300,300,271,271,0,0.00590131089251498,0.0131009833117901,0.226915687251324,0.00927927250355428,0.207509076774589,0.914476558620466,0.0373957274102138,0.22661403051721,0.970479704797048,0.0102817947831789,0.812570761451306,"03a_2x2_to_cor_CAT",300
0.1,25,0.3,0.3,"phi (z)","own",300,299,280,280,0.0033333333333333,0.00683061467811969,0.0134744083372332,0.232994301070887,0.0095438184368147,0.209986969384777,0.901253671955223,0.0369167888275357,0.232704623822462,0.967857142857143,0.0105406854408374,0.821428906072046,"03a_2x2_to_cor_CAT",300
0.25,25,0.3,0.3,"phi (z)","own",300,300,272,272,0,0.00124005329346459,0.0140961241232479,0.244152031712626,0.00998411904439483,0.217333428702779,0.890156134185222,0.0364011912965128,0.243747926363027,0.966911764705882,0.0108454049600373,0.848248555062601,"03a_2x2_to_cor_CAT",300
0.5,25,0.3,0.3,"phi (z)","own",300,299,265,265,0.0033333333333333,-0.00341029209476447,0.0172321770831514,0.29797219699244,0.0122054167601697,0.24636476007555,0.826804522576986,0.0338672328462286,0.297493045877795,0.928301886792453,0.0158480394323446,0.954734311668862,"03a_2x2_to_cor_CAT",300
0.75,25,0.3,0.3,"phi (z)","own",300,278,160,160,0.0733333333333334,0.0356387966058328,0.0198492847185865,0.3309537140861,0.0140608759546696,0.299837288696594,0.905979525035905,0.038491381654917,0.332274721558918,0.89375,0.0243619756870209,1.1617627923902,"03a_2x2_to_cor_CAT",300
0,50,0.3,0.3,"phi (z)","own",300,300,297,297,0,-0.0012897468779874,0.00795432783563904,0.137772999513862,0.00563395691856786,0.143982600826738,1.04507125006196,0.0427361414824283,0.137549233043078,0.962962962962963,0.0109583378345506,0.56417122999158,"03a_2x2_to_cor_CAT",300
0.1,50,0.3,0.3,"phi (z)","own",300,300,298,298,0,-0.00113869623808933,0.0089908547840356,0.155726172894234,0.00636811677378983,0.145055583651869,0.931478511003978,0.0380909889462059,0.15547058269544,0.963087248322148,0.0109222696650304,0.568100023235375,"03a_2x2_to_cor_CAT",300
0.25,50,0.3,0.3,"phi (z)","own",300,300,300,300,0,0.0199442036606903,0.00938944345194608,0.162629931135655,0.00665043244264817,0.151752017689095,0.933112475848704,0.0381578067376028,0.163579045456653,0.936666666666667,0.0140620318852128,0.593576620090571,"03a_2x2_to_cor_CAT",300
0.5,50,0.3,0.3,"phi (z)","own",300,300,296,296,0,0.0161127535157041,0.0109407504045691,0.189499355736435,0.00774920492464141,0.176511893142321,0.931464344331718,0.0380904096278963,0.189868182250125,0.942567567567568,0.013523496586438,0.685954187449133,"03a_2x2_to_cor_CAT",300
0.75,50,0.3,0.3,"phi (z)","own",300,299,257,257,0.0033333333333333,0.0504529505046157,0.0152118493494783,0.263037464686565,0.0107744343681817,0.240446030574901,0.914113245660332,0.0374435374907104,0.267400089159906,0.926070038910506,0.0163217076268157,0.92775647890569,"03a_2x2_to_cor_CAT",300
0,100,0.3,0.3,"phi (z)","own",300,300,297,297,0,0.011796810867129,0.00602185150578403,0.104301527636531,0.0042652066465745,0.100935265837021,0.967725671178653,0.039573245553561,0.104793657815686,0.922558922558923,0.0155097402833199,0.39562227619543,"03a_2x2_to_cor_CAT",300
0.1,100,0.3,0.3,"phi (z)","own",300,300,298,298,0,0.00884850504668277,0.00614547673577354,0.106442779430923,0.00435276894400563,0.101702163592941,0.955463246419088,0.0390717977150415,0.106632989502458,0.946308724832215,0.0130575034535089,0.39858255167022,"03a_2x2_to_cor_CAT",300
0.25,100,0.3,0.3,"phi (z)","own",300,300,300,300,0,0.00285261603297232,0.00583430377156636,0.101053105591437,0.00413236879068137,0.10529851239028,1.04201164104751,0.0426110247655397,0.100924865456471,0.966666666666667,0.010363754503432,0.41249516949026,"03a_2x2_to_cor_CAT",300
0.5,100,0.3,0.3,"phi (z)","own",300,300,300,300,0,0.00356184043929323,0.00708358997956953,0.122691377446002,0.00501722352891776,0.121255309620017,0.988295283206706,0.0404143995416909,0.12253849827672,0.943333333333333,0.0133486023682326,0.473660560228242,"03a_2x2_to_cor_CAT",300
0.75,100,0.3,0.3,"phi (z)","own",300,300,299,299,0,0.0268691447183211,0.0103370312059987,0.179042632482147,0.00732159771182092,0.171567329149424,0.958248472840852,0.0391856940933162,0.180752208755184,0.946488294314381,0.0130150675531153,0.662744132243653,"03a_2x2_to_cor_CAT",300
0,300,0.3,0.3,"phi (z)","own",300,300,299,299,0,-0.00272968252971392,0.00357470773390484,0.0619157541733259,0.00253192347429482,0.0579156440160829,0.935394307787237,0.0382511177846328,0.061872718108888,0.94314381270903,0.0133919010689227,0.227022850659967,"03a_2x2_to_cor_CAT",300
0.1,300,0.3,0.3,"phi (z)","own",300,300,300,300,0,0.00860973859095865,0.00333261510342433,0.0577225868120234,0.00236045210944625,0.0583510486172633,1.01088762371802,0.0413382690486296,0.0582659274657896,0.953333333333333,0.0121776966745069,0.228722710166537,"03a_2x2_to_cor_CAT",300
0.25,300,0.3,0.3,"phi (z)","own",300,300,300,300,0,0.00175377493909165,0.00384624548189826,0.0666189259303002,0.00272425046980857,0.0604624535815716,0.907586736610407,0.037113981636236,0.066530920738682,0.92,0.015663120165961,0.236954430690805,"03a_2x2_to_cor_CAT",300
0.5,300,0.3,0.3,"phi (z)","own",300,300,300,300,0,0.00291289418743186,0.00427395677092672,0.0740271027659811,0.00302719334892589,0.0690315054142951,0.932516643701722,0.0381334413491839,0.0739610045226033,0.943333333333333,0.0133486023682326,0.270350373860493,"03a_2x2_to_cor_CAT",300
0.75,300,0.3,0.3,"phi (z)","own",300,300,300,300,0,0.00797583889217232,0.00559320382377684,0.0968771319987001,0.00396160053131581,0.0935229663532016,0.965377116598131,0.0394772060147961,0.0970438497861309,0.96,0.0113137084989848,0.365336838007001,"03a_2x2_to_cor_CAT",300
0,25,0.5,0.3,"phi (z)","own",300,300,287,287,0,-0.00741108432656987,0.0126386701536456,0.218908188462186,0.00895182152721875,0.20714673888429,0.94627222645019,0.0386959489585712,0.218668660679666,0.958188153310105,0.0118150108512687,0.811104619031033,"03a_2x2_to_cor_CAT",300
0.1,25,0.5,0.3,"phi (z)","own",300,300,283,283,0,0.0179224237943164,0.0114981149738282,0.19915319325939,0.00814397969832782,0.20747310348775,1.04177643397123,0.0426014064329245,0.199627154996818,0.982332155477032,0.0078311897459475,0.812262790196311,"03a_2x2_to_cor_CAT",300
0.25,25,0.5,0.3,"phi (z)","own",300,300,268,268,0,0.0281434596947765,0.0122871005081577,0.212818823578346,0.00870280887932656,0.216946586485541,1.01939566640672,0.0416861887871749,0.21431969847395,0.977611940298508,0.00903699578686671,0.84766691638885,"03a_2x2_to_cor_CAT",300
0.5,25,0.5,0.3,"phi (z)","own",300,300,186,186,0,0.0209558116611362,0.0138497987625709,0.239885551313774,0.0098096496864955,0.242549324571197,1.01110435056565,0.0413471316684969,0.240400513405705,0.967741935483871,0.0129551504661693,0.94409987362636,"03a_2x2_to_cor_CAT",300
0,50,0.5,0.3,"phi (z)","own",300,300,294,294,0,-0.0122339457426294,0.0085422257104109,0.147955689401528,0.00605035807369025,0.143782606674753,0.971795050642157,0.0397396548548289,0.148214661334928,0.945578231292517,0.013230047202243,0.563447659478543,"03a_2x2_to_cor_CAT",300
0.1,50,0.5,0.3,"phi (z)","own",300,300,293,293,0,0.00815249275882852,0.00852243350706532,0.147612878383645,0.00603633948867884,0.144885483723887,0.981523328522395,0.0401374737210981,0.147591981929932,0.938566552901024,0.0140281748034356,0.567632138556076,"03a_2x2_to_cor_CAT",300
0.25,50,0.5,0.3,"phi (z)","own",300,300,297,297,0,-0.00391894220408153,0.00799324422178985,0.138447051094464,0.00566152093749321,0.150646699678664,1.08811779295954,0.044496445526283,0.138271660551115,0.962962962962963,0.0109583378345506,0.58951018939831,"03a_2x2_to_cor_CAT",300
0.5,50,0.5,0.3,"phi (z)","own",300,300,256,256,0,-0.00500119933685702,0.00902661596174913,0.156345574661617,0.0063934459956623,0.181381303728178,1.16013071761543,0.0474412730071606,0.156164883745858,0.97265625,0.0101926883521231,0.705931471692768,"03a_2x2_to_cor_CAT",300
0,100,0.5,0.3,"phi (z)","own",300,300,299,299,0,-0.00582521994290657,0.00594614841811616,0.102990311695225,0.00421158703931965,0.100722020371585,0.97797568250543,0.0399923996870535,0.102983400650069,0.953177257525084,0.0122174245409932,0.394804223930459,"03a_2x2_to_cor_CAT",300
0.1,100,0.5,0.3,"phi (z)","own",300,300,298,298,0,0.00489298480121654,0.00596753383236088,0.103360717935353,0.00422673407688587,0.101515327374363,0.982146113167053,0.0401629412791097,0.103304248955869,0.946308724832215,0.0130575034535089,0.397859927728562,"03a_2x2_to_cor_CAT",300
0.25,100,0.5,0.3,"phi (z)","own",300,300,300,300,0,0.00966662554105361,0.00608188296306265,0.105341302977121,0.00430772622221372,0.106060039001285,1.0068229270367,0.0411720512405657,0.105608922264608,0.963333333333333,0.0108508405545718,0.415328581938721,"03a_2x2_to_cor_CAT",300
0.5,100,0.5,0.3,"phi (z)","own",300,300,290,290,0,-0.00415387191598761,0.00612766877107135,0.106134336434487,0.00434015577190453,0.131742673486277,1.24128230233575,0.0507598080887881,0.106038689626548,0.986206896551724,0.00684882414915171,0.51190210253516,"03a_2x2_to_cor_CAT",300
0,300,0.5,0.3,"phi (z)","own",300,300,298,298,0,-0.00420806269716922,0.00321384643490158,0.0556654531297364,0.00227632965742274,0.0578498995254808,1.03924240750638,0.0424977823847886,0.05573169345081,0.939597315436242,0.0138003745038729,0.226766296366318,"03a_2x2_to_cor_CAT",300
0.1,300,0.5,0.3,"phi (z)","own",300,300,300,300,0,0.000938978081907835,0.00353421777796138,0.0612144475644229,0.00250324491437954,0.0582590549584356,0.951720668509227,0.0389187523231074,0.061119551496667,0.94,0.0137113092008021,0.228362857692855,"03a_2x2_to_cor_CAT",300
0.25,300,0.5,0.3,"phi (z)","own",300,300,300,300,0,0.000325296434908167,0.0035248924501549,0.0610529281488423,0.00249663989429502,0.0604483588339007,0.990097619667517,0.0404881025604885,0.0609519563798661,0.946666666666667,0.0129729062394013,0.236895167932297,"03a_2x2_to_cor_CAT",300
0.5,300,0.5,0.3,"phi (z)","own",300,300,300,300,0,0.00273661940930569,0.00361932711599933,0.0626885845412257,0.00256352685821963,0.0742507906218492,1.18443878044526,0.0484353036172248,0.0626438200367856,0.986666666666667,0.0066220730781117,0.290200605607383,"03a_2x2_to_cor_CAT",300
0,25,0.3,0.5,"phi (z)","own",300,300,280,280,0,-0.00255576413377587,0.0121650253318298,0.210704419500916,0.00861634446668607,0.205696397047949,0.976232000900462,0.039921095243681,0.210368477881553,0.978571428571429,0.00865393959731266,0.805622635289868,"03a_2x2_to_cor_CAT",300
0.1,25,0.3,0.5,"phi (z)","own",300,300,287,287,0,0.00759253441043327,0.0120208217237672,0.208206739742924,0.00851420674592398,0.207924842032977,0.998646068276678,0.0408376746199961,0.207998059842482,0.979094076655052,0.00844512223688731,0.814036849170572,"03a_2x2_to_cor_CAT",300
0.25,25,0.3,0.5,"phi (z)","own",300,300,267,267,0,0.0103621136467637,0.0127838367849578,0.221422548272149,0.00905464134603008,0.215740645452952,0.97433909570848,0.0398436885940458,0.221295937151173,0.966292134831461,0.0110449617361946,0.843391801241858,"03a_2x2_to_cor_CAT",300
0.5,25,0.3,0.5,"phi (z)","own",300,300,170,170,0,0.0397168353361338,0.0136472962450658,0.236378104823979,0.00966621953336379,0.241448486015381,1.02145029970174,0.0417702089907594,0.239302709459155,0.970588235294118,0.0129584659592208,0.940118746983534,"03a_2x2_to_cor_CAT",300
0,50,0.3,0.5,"phi (z)","own",300,300,294,294,0,-0.00172621374120606,0.0083198349733063,0.14410376884355,0.00589284132836299,0.143675682020913,0.997029315568413,0.0407715606852013,0.143873751444843,0.965986394557823,0.0105715379799681,0.563049380761747,"03a_2x2_to_cor_CAT",300
0.1,50,0.3,0.5,"phi (z)","own",300,300,296,296,0,0.00552715665583382,0.00881597311824705,0.152697133589653,0.00624425014530042,0.145168451023531,0.950695324862126,0.0388768229033018,0.152542593019697,0.949324324324324,0.0127485626601708,0.568653440109953,"03a_2x2_to_cor_CAT",300
0.25,50,0.3,0.5,"phi (z)","own",300,300,297,297,0,-0.00843518516457946,0.00804032140925631,0.139262451900157,0.00569486515607633,0.150277063676472,1.07909247342716,0.0441273727645581,0.139285807208201,0.976430976430976,0.00880264818912485,0.587958968251805,"03a_2x2_to_cor_CAT",300
0.5,50,0.3,0.5,"phi (z)","own",300,300,246,246,0,0.0174189869489904,0.00849544461549913,0.147145417069319,0.00601722357398363,0.183062255389763,1.24409077112829,0.0508746549182841,0.147929112387042,0.979674796747967,0.00899685793499171,0.712710248000911,"03a_2x2_to_cor_CAT",300
0,100,0.3,0.5,"phi (z)","own",300,300,299,299,0,0.00496112784155953,0.00593626494039821,0.102819124839595,0.00420458668821279,0.100726755530158,0.979649998843102,0.040060867573706,0.102767436383312,0.949832775919732,0.0126240299747679,0.394817222693957,"03a_2x2_to_cor_CAT",300
0.1,100,0.3,0.5,"phi (z)","own",300,300,299,299,0,0.00114856047018244,0.00599490801417814,0.103834852672584,0.00424612288813758,0.101452914110349,0.977060317408593,0.0399549676246135,0.103668012899797,0.953177257525084,0.0122174245409932,0.397624946076006,"03a_2x2_to_cor_CAT",300
0.25,100,0.3,0.5,"phi (z)","own",300,300,300,300,0,0.00412601247119692,0.0062872241665378,0.108897916950184,0.00445316698325484,0.10588873495844,0.972366946255545,0.039763041405598,0.108794536201416,0.946666666666667,0.0129729062394013,0.414520363426311,"03a_2x2_to_cor_CAT",300
0.5,100,0.3,0.5,"phi (z)","own",300,300,289,289,0,0.00502755950371038,0.00611950107233136,0.105992867742501,0.00433437068688216,0.132111364656723,1.24641749459665,0.0509698017164841,0.105935433512439,0.97923875432526,0.00838729809812193,0.51337656117108,"03a_2x2_to_cor_CAT",300
0,300,0.3,0.5,"phi (z)","own",300,300,300,300,0,0.0001374552746634,0.00342119246944847,0.0592567917955679,0.00242319041674914,0.0578648978551611,0.976510811702248,0.0399324966652312,0.0591581077278745,0.933333333333333,0.0144016459964619,0.226824966257961,"03a_2x2_to_cor_CAT",300
0.1,300,0.3,0.5,"phi (z)","own",300,300,300,300,0,0.000236126201571202,0.00340545412049352,0.0589841955953957,0.00241204312915756,0.058240292706634,0.987388098095556,0.0403773019837411,0.0588862799627569,0.943333333333333,0.0133486023682326,0.228289561580659,"03a_2x2_to_cor_CAT",300
0.25,300,0.3,0.5,"phi (z)","own",300,300,300,300,0,0.000416497711639254,0.00333200752628099,0.0577120632672056,0.00236002176969649,0.0604528008372819,1.04748985593162,0.0428350456314326,0.0576173015920266,0.97,0.00984885780179611,0.236919261220571,"03a_2x2_to_cor_CAT",300
0.5,300,0.3,0.5,"phi (z)","own",300,300,300,300,0,0.0026147943688522,0.00347769409919451,0.0602354287298738,0.00246320985703319,0.0742124602806755,1.23204004429821,0.050381864051876,0.0601917740859622,0.99,0.00574456264653803,0.290125259246167,"03a_2x2_to_cor_CAT",300
0,25,0.5,0.5,"phi (z)","own",300,300,298,298,0,-0.0180070683782105,0.0121582685340836,0.210587388330987,0.00861155870625527,0.205634550496945,0.976480843068069,0.0399312711566449,0.21100587466205,0.966442953020134,0.0104321025533726,0.805482350579935,"03a_2x2_to_cor_CAT",300
0.1,25,0.5,0.5,"phi (z)","own",300,300,296,296,0,0.0112061353713727,0.0132058440835602,0.228731929095592,0.0093535441557678,0.208002554621727,0.909372624295045,0.0371870120145551,0.228625192268466,0.962837837837838,0.0109946448674865,0.814336978697392,"03a_2x2_to_cor_CAT",300
0.25,25,0.5,0.5,"phi (z)","own",300,300,295,295,0,0.00512363148599271,0.0127315200982392,0.220516396677346,0.00901758605170665,0.21471966957053,0.973712942918717,0.0398180833023383,0.220208176957971,0.949152542372881,0.0127906207267745,0.83899152461448,"03a_2x2_to_cor_CAT",300
0.5,25,0.5,0.5,"phi (z)","own",300,300,282,282,0,0.0253083712897015,0.01595275416665,0.276309807372939,0.0112991482831169,0.245017107494475,0.88674777715643,0.0362618132127731,0.277007460084213,0.953900709219858,0.0124874612529957,0.950701069825271,"03a_2x2_to_cor_CAT",300
0.75,25,0.5,0.5,"phi (z)","own",300,288,181,181,0.04,0.0618148628535686,0.0182922021840014,0.310428964971426,0.0129570546544814,0.300695354703649,0.968644645422591,0.0404304463427455,0.315994643787036,0.94475138121547,0.0169816620149407,1.16606388565115,"03a_2x2_to_cor_CAT",300
0,50,0.5,0.5,"phi (z)","own",300,300,293,293,0,0.000612503419161901,0.00925127318398848,0.160236751893675,0.00655256806577244,0.14345562836804,0.895272942522132,0.0366104331496512,0.159970640313618,0.935153583617747,0.0143863509764825,0.562195302446478,"03a_2x2_to_cor_CAT",300
0.1,50,0.5,0.5,"phi (z)","own",300,300,295,295,0,0.00152716131998813,0.00806776870690205,0.139737853040686,0.00571430575441003,0.143774025549293,1.02888388808601,0.0420741910253754,0.139513120896243,0.972881355932203,0.00945698974066197,0.563419716694915,"03a_2x2_to_cor_CAT",300
0.25,50,0.5,0.5,"phi (z)","own",300,300,300,300,0,0.0105785538812212,0.00851678092019234,0.147514972707063,0.0060323358278317,0.148769815199489,1.00850654323014,0.0412408994266016,0.14764835731474,0.956666666666667,0.0117552194868996,0.582515959994158,"03a_2x2_to_cor_CAT",300
0.5,50,0.5,0.5,"phi (z)","own",300,300,299,299,0,0.00441818239597767,0.010550304581483,0.182736635704553,0.00747265673706909,0.169931286568934,0.929924565557166,0.0380274433913291,0.182485312936522,0.949832775919732,0.0126240299747679,0.661578872364282,"03a_2x2_to_cor_CAT",300
0.75,50,0.5,0.5,"phi (z)","own",300,299,285,285,0.0033333333333333,0.0315810892678083,0.0130760375597394,0.226105826375287,0.00926165551909855,0.233352835843666,1.03205140524044,0.0422744727394751,0.2279259247254,0.968421052631579,0.0103587775224556,0.900235139730296,"03a_2x2_to_cor_CAT",300
0,100,0.5,0.5,"phi (z)","own",300,300,296,296,0,-0.00811006515760968,0.00557030397084864,0.0964804949111251,0.00394538083462931,0.100489071578645,1.04154805249716,0.0425920672199406,0.09666038883032,0.959459459459459,0.011463367788664,0.393900968626366,"03a_2x2_to_cor_CAT",300
0.1,100,0.5,0.5,"phi (z)","own",300,300,300,300,0,-0.00815117138504253,0.0055925883240342,0.0968664712304371,0.00396116458008208,0.100928240244835,1.04193162982819,0.0426077528634672,0.0970478119249646,0.956666666666667,0.0117552194868996,0.395608461187493,"03a_2x2_to_cor_CAT",300
0.25,100,0.5,0.5,"phi (z)","own",300,300,300,300,0,0.00881147841659227,0.00588286513688089,0.101894213111533,0.0041667642349907,0.10424634823476,1.02308408938447,0.0418370196192497,0.102105164978496,0.976666666666667,0.0087156734084615,0.408452283837453,"03a_2x2_to_cor_CAT",300
0.5,100,0.5,0.5,"phi (z)","own",300,300,300,300,0,0.00935213884686589,0.00680374877833984,0.117844385660193,0.00481901529506745,0.117745702348741,0.999162596411367,0.0408587970261884,0.118018942272843,0.95,0.0125830573921179,0.460523244594148,"03a_2x2_to_cor_CAT",300
0.75,100,0.5,0.5,"phi (z)","own",300,300,298,298,0,0.0241311864097149,0.00904362291473968,0.156640143728233,0.00640549182058236,0.161375392457612,1.03023010970671,0.042129242121313,0.158229774913945,0.963087248322148,0.0109222696650304,0.625886226859534,"03a_2x2_to_cor_CAT",300
0,300,0.5,0.5,"phi (z)","own",300,300,300,300,0,-0.00323841398826917,0.003413788680121,0.0591285544027308,0.00241794639978542,0.0578370668462181,0.978157971735344,0.0399998540480072,0.0591186883968478,0.943333333333333,0.0133486023682326,0.226716462306552,"03a_2x2_to_cor_CAT",300
0.1,300,0.5,0.5,"phi (z)","own",300,300,300,300,0,-0.000198064440483602,0.00331147961691362,0.0573565094472311,0.00234548209275662,0.0581249554036533,1.01339771132916,0.0414409141642394,0.0572611780200134,0.95,0.0125830573921179,0.227840951671955,"03a_2x2_to_cor_CAT",300
0.25,300,0.5,0.5,"phi (z)","own",300,300,300,300,0,0.00157599514493172,0.0035168934969628,0.0609143822154815,0.00249097432976096,0.0597898419278592,0.981539002010325,0.0401381146576827,0.0608331914461311,0.94,0.0137113092008021,0.234342052291645,"03a_2x2_to_cor_CAT",300
0.5,300,0.5,0.5,"phi (z)","own",300,300,300,300,0,0.0100071328728845,0.00394689579360999,0.0683622404671239,0.00279553990264835,0.0673144844378676,0.98467346853911,0.0402662925259746,0.0689779721622405,0.95,0.0125830573921179,0.263704670188726,"03a_2x2_to_cor_CAT",300
0.75,300,0.5,0.5,"phi (z)","own",300,300,300,300,0,0.00901681749988894,0.00500796045085119,0.0867404194316981,0.00354707952865266,0.0890430222167548,1.02654590328411,0.0419785837170009,0.0870639057999118,0.953333333333333,0.0121776966745069,0.34818149590292,"03a_2x2_to_cor_CAT",300
0,25,0.3,0.1,"tetrachoric (r)","own",300,172,172,134,0.426666666666667,0.132168598247017,0.0408244264580497,0.535407333577098,0.0289515128455697,8202.37797494111,15319.8834990555,828.404424258169,0.549966287525963,0.992537313432836,0.00743478857580355,1.28808513144967,"03a_2x2_to_cor_CAT",300
0.1,25,0.3,0.1,"tetrachoric (r)","own",300,207,207,143,0.31,0.170790651564354,0.0359991775923471,0.517937972132133,0.0255169724107416,9318.35351341994,17991.2538079805,886.365456394401,0.544181264700281,1,0,1.26146842808001,"03a_2x2_to_cor_CAT",300
0.25,25,0.3,0.1,"tetrachoric (r)","own",300,230,230,151,0.233333333333333,0.116023050735019,0.0230507056484605,0.349581259659543,0.0163348595219172,6874.25349321411,19664.2505948658,918.850087626951,0.367609943249801,1,0,1.22286558148944,"03a_2x2_to_cor_CAT",300
0.5,25,0.3,0.1,"tetrachoric (r)","own",300,225,224,12,0.25,0.0544905082437907,0.00771156083185394,0.115673412477809,0.00546505504854426,8524.44246534316,73694.0519238031,3481.71668741186,0.127632619938888,NA,NA,NA,"03a_2x2_to_cor_CAT",300
0,50,0.3,0.1,"tetrachoric (r)","own",300,240,240,223,0.2,0.0431526443290124,0.0236251444327507,0.365999163759154,0.0167404120983503,4273.17652832255,11675.3723818192,534.019102846825,0.367776278647112,0.991031390134529,0.0063132623954833,1.08400661010605,"03a_2x2_to_cor_CAT",300
0.1,50,0.3,0.1,"tetrachoric (r)","own",300,258,258,248,0.14,0.0189444176028275,0.0195938256981592,0.314723442749948,0.0138818559614552,2553.15147373311,8112.36510195915,357.821085293628,0.314683679858362,0.971774193548387,0.0105167129473429,1.04442913680112,"03a_2x2_to_cor_CAT",300
0.25,50,0.3,0.1,"tetrachoric (r)","own",300,286,286,250,0.0466666666666666,0.00653487156901979,0.0167627828049517,0.283484380145841,0.0118738540563734,2949.26167850575,10403.612632867,435.759381162922,0.283063786885093,0.984,0.00793574193128784,0.963961777087473,"03a_2x2_to_cor_CAT",300
0.5,50,0.3,0.1,"tetrachoric (r)","own",300,248,248,12,0.173333333333333,0.0679500497796417,0.00389764753730358,0.0613802147977023,0.00276162642355249,5510.05097623301,89769.1706422519,4038.90593219813,0.0914852358435109,NA,NA,NA,"03a_2x2_to_cor_CAT",300
0,100,0.3,0.1,"tetrachoric (r)","own",300,289,289,286,0.0366666666666666,0.0332525635511581,0.0135897692686504,0.231026077567057,0.00962608656529402,1006.43945728216,4356.38897513652,181.516207297355,0.233010943240802,0.972027972027972,0.00975030815779114,0.823150458596303,"03a_2x2_to_cor_CAT",300
0.1,100,0.3,0.1,"tetrachoric (r)","own",300,297,297,297,0.01,-0.0439905886994105,0.0127614199362614,0.219926328847899,0.0090389164360949,0.21856342790473,0.993802920503838,0.0408450484279844,0.223919423400127,0.95959595959596,0.0114255832500108,0.805101094440732,"03a_2x2_to_cor_CAT",300
0.25,100,0.3,0.1,"tetrachoric (r)","own",300,300,300,293,0,-0.00813375879362511,0.0119365603184761,0.206747289392111,0.00845452538288271,774.29842092518,3745.14424446295,153.150337160248,0.206562625445315,0.955631399317406,0.0120295466674395,0.696927462838028,"03a_2x2_to_cor_CAT",300
0.5,100,0.3,0.1,"tetrachoric (r)","own",300,274,274,39,0.0866666666666667,0.0523799366633318,0.00459099913434403,0.0759945578059643,0.00325226683867895,3099.80353975792,40789.8095502128,1745.64269845354,0.0921832593691889,0.717948717948718,0.0720573767722301,0.481883570722295,"03a_2x2_to_cor_CAT",300
0,300,0.3,0.1,"tetrachoric (r)","own",300,300,300,300,0,-0.00593764891025656,0.00757611941558202,0.131222237519971,0.00536607633973455,0.130307755925611,0.993031047087417,0.040608059328257,0.131137842398485,0.95,0.0125830573921179,0.499265230632863,"03a_2x2_to_cor_CAT",300
0.1,300,0.3,0.1,"tetrachoric (r)","own",300,300,300,300,0,-0.00753927713064905,0.00773997798143287,0.134060351133061,0.00548213543609286,0.124129638549146,0.925923567259211,0.037863830403868,0.134048913410066,0.933333333333333,0.0144016459964619,0.476073932522746,"03a_2x2_to_cor_CAT",300
0.25,300,0.3,0.1,"tetrachoric (r)","own",300,300,300,300,0,-0.00363576657515933,0.00592093330586842,0.102553573139909,0.00419372747166842,0.104039861233328,1.01449279676869,0.0414856955380226,0.102447043447525,0.966666666666667,0.010363754503432,0.40264196881497,"03a_2x2_to_cor_CAT",300
0.5,300,0.3,0.1,"tetrachoric (r)","own",300,279,279,92,0.07,0.0400072328256768,0.00370175546468883,0.0618315064686172,0.00262223996460583,1658.35793878922,26820.5973540516,1137.44668815552,0.0735527761340536,0.945652173913043,0.0236353962371883,0.222446125008257,"03a_2x2_to_cor_CAT",300
0,25,0.5,0.1,"tetrachoric (r)","own",300,216,216,149,0.28,-0.00209125385427552,0.0407487961204004,0.598882548766102,0.0288806810465575,7687.26873891468,12836.0206099727,619.007880439082,0.597498298051136,1,0,1.28941699334772,"03a_2x2_to_cor_CAT",300
0.1,25,0.5,0.1,"tetrachoric (r)","own",300,229,229,155,0.236666666666667,0.0534464980233433,0.0365022996131408,0.552380026651831,0.0258675647781612,8590.64772599358,15552.0607398941,728.291971492074,0.55375789305236,0.993548387096774,0.00643076757279472,1.28265193267727,"03a_2x2_to_cor_CAT",300
0.25,25,0.5,0.1,"tetrachoric (r)","own",300,222,222,77,0.26,0.137579140347205,0.030329676140902,0.451901996641157,0.0214947859913765,11793.3511783435,26097.1433319607,1241.31452190111,0.471405923989218,0.961038961038961,0.0220516148962829,1.25791093995597,"03a_2x2_to_cor_CAT",300
0,50,0.5,0.1,"tetrachoric (r)","own",300,278,278,258,0.0733333333333334,0.0126238947837038,0.0216517885561377,0.361007459001827,0.0153377372233224,2982.55032918516,8261.74156465302,351.007764426848,0.360578629742232,0.988372093023256,0.00667422984439635,1.04695279941153,"03a_2x2_to_cor_CAT",300
0.1,50,0.5,0.1,"tetrachoric (r)","own",300,264,264,228,0.12,0.0453367491768892,0.0239524379239988,0.38918105115845,0.0169691002213113,4735.94085338902,12168.9913712187,530.593238174923,0.391080032888694,0.973684210526316,0.0106010734101616,1.02236061411643,"03a_2x2_to_cor_CAT",300
0.25,50,0.5,0.1,"tetrachoric (r)","own",300,275,275,146,0.0833333333333334,0.0944951845049597,0.0216538126282446,0.359087858842734,0.0153394730997702,7614.79914168588,21205.949892672,905.873283998112,0.370681187358553,0.965753424657534,0.0150509971953298,0.997256818948742,"03a_2x2_to_cor_CAT",300
0,100,0.5,0.1,"tetrachoric (r)","own",300,298,298,297,0.00666666666666671,0.0283360980490529,0.0136263347758384,0.235227009138237,0.00965148109114492,367.335429125801,1561.6209655156,64.0740843299667,0.236535416547592,0.95959595959596,0.0114255832500108,0.792256424079676,"03a_2x2_to_cor_CAT",300
0.1,100,0.5,0.1,"tetrachoric (r)","own",300,299,299,294,0.0033333333333333,0.00451398649194175,0.0127447540901385,0.22037739967749,0.00902701001883913,942.914947669123,4278.63723344147,175.259809897827,0.220054869534495,0.979591836734694,0.00824614322083438,0.777556585592382,"03a_2x2_to_cor_CAT",300
0.25,100,0.5,0.1,"tetrachoric (r)","own",300,286,286,211,0.0466666666666666,0.0565120048411839,0.0156637854171471,0.264898647878783,0.0110953833965214,4224.68606186256,15948.3111585974,668.00124594306,0.270406261328363,0.938388625592417,0.0165531476297152,0.708508838738457,"03a_2x2_to_cor_CAT",300
0,300,0.5,0.1,"tetrachoric (r)","own",300,300,300,300,0,-0.000866744750286627,0.0069523249677865,0.120417800749359,0.00492425006383283,0.123665505424807,1.0269703038524,0.0419959387468429,0.120220061392917,0.966666666666667,0.010363754503432,0.474997422872328,"03a_2x2_to_cor_CAT",300
0.1,300,0.5,0.1,"tetrachoric (r)","own",300,300,300,300,0,0.00813870801957364,0.00690298556084315,0.119563217152947,0.00488930354178215,0.120253925547943,1.00577693049287,0.0411292772610073,0.119640922156833,0.96,0.0113137084989848,0.462595688634067,"03a_2x2_to_cor_CAT",300
0.25,300,0.5,0.1,"tetrachoric (r)","own",300,300,300,299,0,-0.00350551173576959,0.00625102731619359,0.108270969111482,0.00442752917957852,139.810171765565,1291.29879332296,52.8051345056783,0.108147196091075,0.966555183946488,0.0103978162636377,0.404757507606409,"03a_2x2_to_cor_CAT",300
0,25,0.3,0.3,"tetrachoric (r)","own",300,287,287,273,0.0433333333333333,-0.00354082516716062,0.0231651503478851,0.392442534282046,0.0164088466840148,3270.46058494621,8333.6037744465,348.445478547291,0.391774241069955,0.970695970695971,0.0102076074429357,1.1442530813501,"03a_2x2_to_cor_CAT",300
0.1,25,0.3,0.3,"tetrachoric (r)","own",300,290,290,282,0.0333333333333333,-0.00802206442642322,0.0216331935613218,0.36840001148462,0.0153234203711751,2030.22516016071,5510.92588726879,229.224297970838,0.367851773022597,0.971631205673759,0.00988659200845004,1.1289407534711,"03a_2x2_to_cor_CAT",300
0.25,25,0.3,0.3,"tetrachoric (r)","own",300,287,287,274,0.0433333333333333,-0.0273607965003446,0.0198323103397177,0.335980643920035,0.0140480564497583,3523.24890586893,10486.4639366174,438.461084011189,0.33650896829155,0.978102189781022,0.00884132139251046,1.07582093442964,"03a_2x2_to_cor_CAT",300
0.5,25,0.3,0.3,"tetrachoric (r)","own",300,297,296,267,0.01,-0.054000734662025,0.0143955018829748,0.248087587185315,0.0101963370240738,49.7338116632483,200.468762776504,8.2392153967038,0.253488263604071,0.940074906367041,0.0145254621831152,0.911527396615962,"03a_2x2_to_cor_CAT",300
0.75,25,0.3,0.3,"tetrachoric (r)","own",300,299,277,160,0.0033333333333333,-0.00713110087734792,0.00682419271509728,0.118001323118104,0.00483352252809162,56.8676173600272,481.923556934273,19.7403580545316,0.118019469796866,0.9125,0.0223388325008269,0.657928231446032,"03a_2x2_to_cor_CAT",300
0,50,0.3,0.3,"tetrachoric (r)","own",300,299,299,298,0.0033333333333333,-0.0124339783071671,0.0138253149726247,0.239062044025378,0.00979236287250587,332.793592375461,1392.08042720547,57.0218360948253,0.238985617508758,0.956375838926175,0.0118323146487808,0.890783527504028,"03a_2x2_to_cor_CAT",300
0.1,50,0.3,0.3,"tetrachoric (r)","own",300,300,300,299,0,-0.0175810101096774,0.0142583538871625,0.246961933648627,0.0100990244794851,968.633045879317,3922.19574720966,160.39051152215,0.247176026208801,0.973244147157191,0.00933221435068699,0.861792461095876,"03a_2x2_to_cor_CAT",300
0.25,50,0.3,0.3,"tetrachoric (r)","own",300,300,300,300,0,0.00835653093005256,0.0124449802998959,0.215553381786134,0.00881463328024951,0.208815881695813,0.968743241073313,0.0396148570809892,0.215356017965505,0.953333333333333,0.0121776966745069,0.779850842128859,"03a_2x2_to_cor_CAT",300
0.5,50,0.3,0.3,"tetrachoric (r)","own",300,299,299,296,0.0033333333333333,-0.0107883123259216,0.0085172528893645,0.147277070305038,0.00603270385772069,0.457063579370699,3.10342661233033,0.127121307190464,0.147425844151204,0.959459459459459,0.011463367788664,0.582017570530371,"03a_2x2_to_cor_CAT",300
0.75,50,0.3,0.3,"tetrachoric (r)","own",300,299,298,257,0.0033333333333333,-0.00359430778932905,0.00391181712198899,0.0676416413577464,0.00277070958782834,0.338169160005169,4.99942274044835,0.204784334657203,0.0676240222173935,0.945525291828794,0.0141568773542618,0.325885120524955,"03a_2x2_to_cor_CAT",300
0,100,0.3,0.3,"tetrachoric (r)","own",300,300,300,300,0,0.0153850150915723,0.0103087191807875,0.178552253820838,0.00730154463711578,0.171899039354604,0.962737997847342,0.0393692844235017,0.178917121435374,0.92,0.015663120165961,0.649190120064753,"03a_2x2_to_cor_CAT",300
0.1,100,0.3,0.3,"tetrachoric (r)","own",300,300,300,300,0,0.00742640598877096,0.00992036196455886,0.171825709520898,0.00702647578523316,0.167512471046867,0.974897595441,0.0398665273465093,0.171699773956642,0.96,0.0113137084989848,0.633714534099669,"03a_2x2_to_cor_CAT",300
0.25,100,0.3,0.3,"tetrachoric (r)","own",300,300,300,300,0,-0.00268722479111944,0.00798680883889646,0.138335586993089,0.00565696283142504,0.150513697083945,1.08803309658464,0.0444929820339514,0.138130976577925,0.98,0.00808290376865476,0.574949349420814,"03a_2x2_to_cor_CAT",300
0.5,100,0.3,0.3,"tetrachoric (r)","own",300,300,300,300,0,-0.00678950622588101,0.00574480861518011,0.0995030040125135,0.00406898042325181,0.102551560550516,1.03063783418659,0.0421459152151878,0.0995687821371764,0.943333333333333,0.0133486023682326,0.404269397802646,"03a_2x2_to_cor_CAT",300
0.75,100,0.3,0.3,"tetrachoric (r)","own",300,300,300,299,0,-0.001781001821248,0.00237620687741132,0.0411571104097099,0.00168303940365119,0.0433037470140467,1.05215712626488,0.0430259045085541,0.0411270391061657,0.966555183946488,0.0103978162636377,0.186756144055874,"03a_2x2_to_cor_CAT",300
0,300,0.3,0.3,"tetrachoric (r)","own",300,300,300,300,0,-0.00630511065879725,0.00619984401601064,0.107384448347323,0.00439127664961756,0.0999154848921382,0.930446507197883,0.0380487871722455,0.107390577340173,0.94,0.0137113092008021,0.386669410042498,"03a_2x2_to_cor_CAT",300
0.1,300,0.3,0.3,"tetrachoric (r)","own",300,300,300,300,0,0.0118536070209157,0.00537375070942751,0.0930760925593774,0.00380616446966015,0.096736348617276,1.03932541598224,0.0425011768537955,0.0936738480518497,0.96,0.0113137084989848,0.374669842506656,"03a_2x2_to_cor_CAT",300
0.25,300,0.3,0.3,"tetrachoric (r)","own",300,300,300,300,0,-0.00059112930937492,0.00522886919625907,0.0905666711405256,0.00370354659667902,0.0869911534865429,0.960520602016664,0.0392786083648725,0.0904175330467765,0.93,0.0147309198626562,0.33782300671137,"03a_2x2_to_cor_CAT",300
0.5,300,0.3,0.3,"tetrachoric (r)","own",300,300,300,300,0,-0.00136858994253372,0.00340629133530437,0.0589986965812881,0.00241263611856828,0.058269275194162,0.987636652512805,0.0403874661297177,0.0589161812752721,0.953333333333333,0.0121776966745069,0.228867649361478,"03a_2x2_to_cor_CAT",300
0.75,300,0.3,0.3,"tetrachoric (r)","own",300,300,300,300,0,-0.000542864292802685,0.00132280865374189,0.0229117179697275,0.000936929822441979,0.0240152595161231,1.04816494109493,0.0428626519166981,0.0228799409796074,0.956666666666667,0.0117552194868996,0.0973110163019976,"03a_2x2_to_cor_CAT",300
0,25,0.5,0.3,"tetrachoric (r)","own",300,295,295,290,0.0166666666666667,-0.0115541927669458,0.020483403297131,0.351814005032078,0.014508565036425,2127.23861085566,6046.48644007706,249.352898130708,0.351407204958256,0.958620689655172,0.0116954254275666,1.1085940379141,"03a_2x2_to_cor_CAT",300
0.1,25,0.5,0.3,"tetrachoric (r)","own",300,295,295,286,0.0166666666666667,0.0307267949642101,0.0185936702884768,0.319356774728505,0.0131700514183595,2149.74306899371,6731.47789277767,277.601469531371,0.320292305432037,0.989510489510489,0.0060242750947136,1.10545071040411,"03a_2x2_to_cor_CAT",300
0.25,25,0.5,0.3,"tetrachoric (r)","own",300,293,293,268,0.0233333333333333,0.0315980119703697,0.0187049321042446,0.320176863798977,0.0132490128937136,2640.88993415495,8248.22225697429,341.313865518652,0.321188081951376,0.977611940298508,0.00903699578686671,1.0391601260345,"03a_2x2_to_cor_CAT",300
0.5,25,0.5,0.3,"tetrachoric (r)","own",300,286,286,186,0.0466666666666666,0.0125090300076815,0.013154332249517,0.222459943994814,0.00931782169805794,2513.27792094817,11297.6649900027,473.20711356329,0.222422719291393,0.962365591397849,0.0139542377829767,0.891937980412889,"03a_2x2_to_cor_CAT",300
0,50,0.5,0.3,"tetrachoric (r)","own",300,300,300,300,0,-0.0200120939633599,0.0137758016303337,0.238603883387281,0.00975723838742202,0.228832327303444,0.959046952861298,0.0392183463695344,0.239045025804201,0.946666666666667,0.0129729062394013,0.8423790660644,"03a_2x2_to_cor_CAT",300
0.1,50,0.5,0.3,"tetrachoric (r)","own",300,300,300,300,0,0.00688036590784627,0.0132132394816257,0.228860021147507,0.00935878222929925,0.225164368428201,0.983851907813446,0.0402326964095316,0.228581843148279,0.94,0.0137113092008021,0.830137593201347,"03a_2x2_to_cor_CAT",300
0.25,50,0.5,0.3,"tetrachoric (r)","own",300,300,300,298,0,-0.0102892713024022,0.0117627580116455,0.203736945133079,0.0083314232516575,115.935818760085,569.046613928356,23.2700465173998,0.203657186075162,0.966442953020134,0.0104321025533726,0.778495589090647,"03a_2x2_to_cor_CAT",300
0.5,50,0.5,0.3,"tetrachoric (r)","own",300,297,297,256,0.01,-0.00399066358798869,0.00924527141894073,0.159330122551058,0.00654842769865809,735.926379124229,4618.87788285859,189.834711607266,0.159111716427162,0.94140625,0.0146789233550365,0.581106800432229,"03a_2x2_to_cor_CAT",300
0,100,0.5,0.3,"tetrachoric (r)","own",300,300,300,300,0,-0.00926549039695006,0.00974132584198689,0.16872471291405,0.00689966660383149,0.163300776187725,0.967853335574574,0.0395784661389383,0.168697909385578,0.953333333333333,0.0121776966745069,0.619310251427303,"03a_2x2_to_cor_CAT",300
0.1,100,0.5,0.3,"tetrachoric (r)","own",300,300,300,300,0,0.00577704543973331,0.00955099423388298,0.165428072758827,0.00676485696278367,0.16031722436146,0.96910531379509,0.0396296633356478,0.16525313921332,0.943333333333333,0.0133486023682326,0.608796014701053,"03a_2x2_to_cor_CAT",300
0.25,100,0.5,0.3,"tetrachoric (r)","own",300,300,300,300,0,0.00912549844940081,0.00872578399929201,0.151135012226453,0.00618037025233955,0.144345647872361,0.955077488306152,0.039056022892711,0.151158616480298,0.93,0.0147309198626562,0.552828245196544,"03a_2x2_to_cor_CAT",300
0.5,100,0.5,0.3,"tetrachoric (r)","own",300,298,298,290,0.00666666666666671,-0.00630492952027932,0.00581982103391634,0.100465687805892,0.00412215710143046,158.288804199724,1575.55089361008,64.6456362027618,0.100494956319707,0.96551724137931,0.010714749418377,0.383764496911247,"03a_2x2_to_cor_CAT",300
0,300,0.5,0.3,"tetrachoric (r)","own",300,300,300,300,0,-0.00678820884045207,0.0052745454264667,0.0913578066547038,0.0037358985337012,0.0950178172854815,1.04006237413964,0.0425313133139456,0.0914576830373697,0.94,0.0137113092008021,0.368194981582754,"03a_2x2_to_cor_CAT",300
0.1,300,0.5,0.3,"tetrachoric (r)","own",300,300,300,300,0,0.000623293827895501,0.00570230844347809,0.0987668794453306,0.00403887805114086,0.0931977904126045,0.943613799848676,0.0385872378105454,0.0986041005687887,0.94,0.0137113092008021,0.361328756762182,"03a_2x2_to_cor_CAT",300
0.25,300,0.5,0.3,"tetrachoric (r)","own",300,300,300,300,0,-0.00172700875530626,0.0050644319455302,0.0877185344113321,0.00358707762462291,0.084311685093165,0.961161579579162,0.0393048198866193,0.087589242305103,0.933333333333333,0.0144016459964619,0.327733014640736,"03a_2x2_to_cor_CAT",300
0.5,300,0.5,0.3,"tetrachoric (r)","own",300,300,300,300,0,-0.00162001881900798,0.00322974436744823,0.0559408133987974,0.00228758997619673,0.0535139379471057,0.956617086805822,0.03911898175729,0.0558709926170455,0.94,0.0137113092008021,0.210951321209101,"03a_2x2_to_cor_CAT",300
0,25,0.3,0.5,"tetrachoric (r)","own",300,298,298,285,0.00666666666666671,0.00316904906560167,0.0207547566976673,0.358282650741912,0.0147005152239498,2577.33224810615,7193.5725683874,295.155857636944,0.357695038781714,0.978947368421053,0.00850374907672017,1.11690870300337,"03a_2x2_to_cor_CAT",300
0.1,25,0.3,0.5,"tetrachoric (r)","own",300,298,298,289,0.00666666666666671,0.0115240667138855,0.019705468542937,0.340169128769808,0.0139573084151388,1766.82968896119,5193.97423085033,213.1113440612,0.339793370728653,0.982698961937716,0.00767003610071923,1.09809588305279,"03a_2x2_to_cor_CAT",300
0.25,25,0.3,0.5,"tetrachoric (r)","own",300,295,295,270,0.0166666666666667,0.00821734947694532,0.019445121727097,0.333980933437191,0.0137731415588689,1925.03139503073,5763.89608598048,237.699068344418,0.333515630777662,0.977777777777778,0.00897081586399257,1.04585840583161,"03a_2x2_to_cor_CAT",300
0.5,25,0.3,0.5,"tetrachoric (r)","own",300,279,279,170,0.07,0.0241908719313773,0.0134393419726737,0.224481267886016,0.00952012631707212,2947.3479673903,13129.5942647957,556.818825329467,0.225380615856499,0.923529411764706,0.0203820620919246,0.888223229172024,"03a_2x2_to_cor_CAT",300
0,50,0.3,0.5,"tetrachoric (r)","own",300,300,300,300,0,-0.00339004584717577,0.0135712198439555,0.23506042290418,0.00961233551258528,0.229581548033969,0.976691631868441,0.0399398909517019,0.234692813734645,0.966666666666667,0.010363754503432,0.844827898086372,"03a_2x2_to_cor_CAT",300
0.1,50,0.3,0.5,"tetrachoric (r)","own",300,300,300,300,0,0.00364134033251886,0.0139345088610271,0.241352773258176,0.00986964885363208,0.222525025042549,0.921990752534313,0.0377030056500558,0.240977696025238,0.946666666666667,0.0129729062394013,0.822822278857055,"03a_2x2_to_cor_CAT",300
0.25,50,0.3,0.5,"tetrachoric (r)","own",300,300,300,298,0,-0.0205408915678317,0.0118041628380646,0.204454097763443,0.0083607498035782,42.612322435325,208.419996964933,8.52292748224832,0.205144017846872,0.976510067114094,0.0087734644039506,0.774709497680518,"03a_2x2_to_cor_CAT",300
0.5,50,0.3,0.5,"tetrachoric (r)","own",300,295,295,246,0.0166666666666667,0.0185431830202152,0.00857062767981356,0.147205364554645,0.00607064691798439,1784.99986816034,12125.9158833014,500.064342813914,0.14812094156925,0.971544715447154,0.0106009627829867,0.564295757621841,"03a_2x2_to_cor_CAT",300
0,100,0.3,0.5,"tetrachoric (r)","own",300,300,300,300,0,0.00810560927185646,0.00970866771062822,0.168159057486115,0.00687653523322198,0.163352688764743,0.971417723236414,0.0397242247897533,0.168074124384365,0.946666666666667,0.0129729062394013,0.619436170298611,"03a_2x2_to_cor_CAT",300
0.1,100,0.3,0.5,"tetrachoric (r)","own",300,300,300,300,0,-0.000408482131116693,0.00960928023276538,0.166437615873169,0.00680614025075526,0.160382198351031,0.963617494216255,0.0394052497045799,0.166160490395895,0.946666666666667,0.0129729062394013,0.609022632283472,"03a_2x2_to_cor_CAT",300
0.25,100,0.3,0.5,"tetrachoric (r)","own",300,300,300,300,0,-0.000579014982194127,0.00879716527287048,0.152371372151922,0.00623092876946927,0.145142404577177,0.952556917532138,0.038952949088692,0.152118309854438,0.936666666666667,0.0140620318852128,0.555116405634307,"03a_2x2_to_cor_CAT",300
0.5,100,0.3,0.5,"tetrachoric (r)","own",300,299,299,289,0.0033333333333333,0.0013131288800124,0.00566187948402669,0.0979030485133179,0.00401026512291171,200.66616466336,2049.64163742116,83.9565927500164,0.0977480144880956,0.961937716262976,0.0112556861898624,0.378367705977211,"03a_2x2_to_cor_CAT",300
0,300,0.3,0.5,"tetrachoric (r)","own",300,300,300,300,0,0.000155689887238875,0.00562664433608761,0.0974563386622339,0.00398528605315834,0.0949825929417917,0.97461688224287,0.0398550481301874,0.0972939004167486,0.933333333333333,0.0144016459964619,0.368063826170864,"03a_2x2_to_cor_CAT",300
0.1,300,0.3,0.5,"tetrachoric (r)","own",300,300,300,300,0,-0.000538159266371975,0.00546106631442729,0.0945884432009098,0.00386800908645899,0.0932627470445054,0.985984586366555,0.0403199081210553,0.0944321976726008,0.946666666666667,0.0129729062394013,0.361563710045213,"03a_2x2_to_cor_CAT",300
0.25,300,0.3,0.5,"tetrachoric (r)","own",300,300,300,300,0,-0.000546947921951708,0.00481454913746714,0.0833904372163,0.00341008856855077,0.0844380131854633,1.01256230335435,0.0414067517916693,0.0832531338014246,0.963333333333333,0.0108508405545718,0.328270730399195,"03a_2x2_to_cor_CAT",300
0.5,300,0.3,0.5,"tetrachoric (r)","own",300,300,300,300,0,-0.000982450992153179,0.00308398792746178,0.0534162378029284,0.00218435240283344,0.0534682879469118,1.0009744254954,0.0409328882272166,0.0533361855538456,0.96,0.0113137084989848,0.210966429691984,"03a_2x2_to_cor_CAT",300
0,25,0.5,0.5,"tetrachoric (r)","own",300,300,300,299,0,-0.0258178029988938,0.0184483904141426,0.319535495151617,0.0130667781059403,208.900983770122,653.764564312332,26.7344211363517,0.320045541297806,0.969899665551839,0.00988128603776342,1.06490125705314,"03a_2x2_to_cor_CAT",300
0.1,25,0.5,0.5,"tetrachoric (r)","own",300,300,300,298,0,0.00732560809086136,0.0194923317890547,0.337617090166327,0.0138061895123213,1372.73485499258,4065.95191705581,166.269138470459,0.337133524152826,0.966442953020134,0.0104321025533726,1.04594086949627,"03a_2x2_to_cor_CAT",300
0.25,25,0.5,0.5,"tetrachoric (r)","own",300,299,299,297,0.0033333333333333,-0.016837118061971,0.0168837175469412,0.291946768338446,0.0119586055857616,48.9419297965708,167.639909409217,6.86679824704755,0.291944077127264,0.962962962962963,0.0109583378345506,0.997274370018897,"03a_2x2_to_cor_CAT",300
0.5,25,0.5,0.5,"tetrachoric (r)","own",300,296,296,282,0.0133333333333333,-0.0259875551057222,0.0125555520551378,0.216013885371161,0.00889315092328438,10.8366821926547,50.1666000499679,2.0653262394954,0.217208908210756,0.953900709219858,0.0124874612529957,0.815046070753986,"03a_2x2_to_cor_CAT",300
0.75,25,0.5,0.5,"tetrachoric (r)","own",300,289,277,181,0.0366666666666666,-0.00216192389098445,0.00568414312544716,0.0966304331326017,0.00402626804719174,36.6987451144702,379.784545352396,15.8243560563498,0.0964873309778753,0.950276243093923,0.0161572563629481,0.575279182102747,"03a_2x2_to_cor_CAT",300
0,50,0.5,0.5,"tetrachoric (r)","own",300,300,300,300,0,0.00245620996833343,0.0138455351572834,0.23981170350396,0.00980662982498063,0.216000058642453,0.900706910823834,0.0368326446382351,0.239424282939489,0.94,0.0137113092008021,0.800584274790959,"03a_2x2_to_cor_CAT",300
0.1,50,0.5,0.5,"tetrachoric (r)","own",300,300,300,300,0,-0.00288845823437996,0.0119604693982977,0.207161406802244,0.00847145990311637,0.214685460677087,1.03631976626817,0.0423782666967902,0.206836019181933,0.973333333333333,0.00930153312731393,0.796433584934433,"03a_2x2_to_cor_CAT",300
0.25,50,0.5,0.5,"tetrachoric (r)","own",300,300,300,300,0,0.00316081865054056,0.0112175253146784,0.19429323780213,0.00794524134052932,0.195521699846067,1.00632272156166,0.0411515963175639,0.193994897242147,0.956666666666667,0.0117552194868996,0.734641488481707,"03a_2x2_to_cor_CAT",300
0.5,50,0.5,0.5,"tetrachoric (r)","own",300,300,300,299,0,-0.0173001928974362,0.00867356707297801,0.150230588532544,0.00614338561713819,1.97715863448471,13.1608259928796,0.538186196992768,0.150974486716642,0.94314381270903,0.0133919010689227,0.553969034128496,"03a_2x2_to_cor_CAT",300
0.75,50,0.5,0.5,"tetrachoric (r)","own",300,299,298,285,0.0033333333333333,-0.00535644217139039,0.00358371784006561,0.0619682744120259,0.00253831942289075,0.0729960580392028,1.17795853978204,0.0482510618418723,0.0620960181717185,0.968421052631579,0.0103587775224556,0.293065874942506,"03a_2x2_to_cor_CAT",300
0,100,0.5,0.5,"tetrachoric (r)","own",300,300,300,300,0,-0.0122607346228694,0.00862205269196512,0.149338333280196,0.00610689858651657,0.155537719530583,1.0415123573045,0.0425906075349636,0.149592525240322,0.96,0.0113137084989848,0.591718356237026,"03a_2x2_to_cor_CAT",300
0.1,100,0.5,0.5,"tetrachoric (r)","own",300,300,300,300,0,-0.0143576210186989,0.00852954221807498,0.147736004870096,0.00604137450513812,0.153378335038338,1.03819197746144,0.0424548271058876,0.148186758267545,0.956666666666667,0.0117552194868996,0.584146235304088,"03a_2x2_to_cor_CAT",300
0.25,100,0.5,0.5,"tetrachoric (r)","own",300,300,300,300,0,0.0062889567123863,0.00781577566334024,0.135373205494656,0.00553582204333578,0.138969282477287,1.02656417102255,0.0419793307403782,0.135293641362812,0.973333333333333,0.00930153312731393,0.532864396836937,"03a_2x2_to_cor_CAT",300
0.5,100,0.5,0.5,"tetrachoric (r)","own",300,300,300,300,0,-0.0014247095952652,0.00561136270962835,0.0971916531277367,0.00397446225674259,0.0967303381099432,0.995253553129844,0.0406989443589849,0.0970399909505052,0.946666666666667,0.0129729062394013,0.380565310333563,"03a_2x2_to_cor_CAT",300
0.75,100,0.5,0.5,"tetrachoric (r)","own",300,300,300,298,0,-0.000589185381292184,0.00239238480527953,0.0414373203399992,0.00169449803982065,0.0482207305460105,1.16370291684772,0.0475873510968465,0.0413723960064765,0.946308724832215,0.0130575034535089,0.176161535274727,"03a_2x2_to_cor_CAT",300
0,300,0.5,0.5,"tetrachoric (r)","own",300,300,300,300,0,-0.00504696699397126,0.00533220327979873,0.092356469968968,0.00377673691356207,0.0903128637316109,0.977872625079285,0.0399881853555002,0.0923404409191879,0.943333333333333,0.0133486023682326,0.350386729988496,"03a_2x2_to_cor_CAT",300
0.1,300,0.5,0.5,"tetrachoric (r)","own",300,300,300,300,0,-0.0011143601150708,0.00505558386852198,0.0875652812220569,0.00358081063566966,0.0888436965723712,1.01459956882994,0.0414900617723015,0.0874263195251425,0.95,0.0125830573921179,0.344820503676356,"03a_2x2_to_cor_CAT",300
0.25,300,0.5,0.5,"tetrachoric (r)","own",300,300,300,300,0,2.41407641143533e-05,0.00474674676065398,0.0822160656011568,0.00336206494193705,0.0808875447725201,0.983841104303366,0.0402322546211509,0.0820789279955606,0.936666666666667,0.0140620318852128,0.314630955227424,"03a_2x2_to_cor_CAT",300
0.5,300,0.5,0.5,"tetrachoric (r)","own",300,300,300,300,0,0.00517283222563638,0.0032709501261933,0.0566545180759064,0.00231677553082355,0.0550187996605085,0.971128191167272,0.0397123849429775,0.0567960693791369,0.95,0.0125830573921179,0.216013222490529,"03a_2x2_to_cor_CAT",300
0.75,300,0.5,0.5,"tetrachoric (r)","own",300,300,300,300,0,0.000364449497532705,0.00122360521235774,0.0211934639620971,0.000866665190850126,0.023149979776784,1.09231694347776,0.044668161560613,0.0211612506349046,0.953333333333333,0.0121776966745069,0.0934145201333695,"03a_2x2_to_cor_CAT",300
0,25,0.3,0.1,"tetrachoric (z)","own",300,134,134,134,0.553333333333333,0.187402746798917,0.0266304287591735,0.308269499967566,0.0189012157593474,0.433201689408749,1.40526938102643,0.0861625940080992,0.359778674162512,0.992537313432836,0.00743478857580355,1.69067576320875,"03a_2x2_to_cor_CAT",300
0.1,25,0.3,0.1,"tetrachoric (z)","own",300,143,143,143,0.523333333333333,0.0953301816653479,0.0274789153217218,0.328600034354754,0.0194988246827046,0.442818167013275,1.34759014217026,0.0799647631745256,0.34104359739927,1,0,1.72399280662868,"03a_2x2_to_cor_CAT",300
0.25,25,0.3,0.1,"tetrachoric (z)","own",300,151,151,151,0.496666666666667,-0.0726909686123686,0.0263570234064139,0.323880525981084,0.0186992508860457,0.45571429037197,1.40704443094113,0.0812357480965628,0.330889527402639,1,0,1.77454452845304,"03a_2x2_to_cor_CAT",300
0.5,25,0.3,0.1,"tetrachoric (z)","own",300,12,12,12,0.96,-1.02846856047712,0.0389946311805373,0.1350813648542,0.0287994437532091,NA,NA,NA,1.03656836424803,NA,NA,NA,"03a_2x2_to_cor_CAT",300
0,50,0.3,0.1,"tetrachoric (z)","own",300,223,223,223,0.256666666666667,0.0928954273222763,0.017745055337143,0.26499018572161,0.0125758776786803,0.334320714504288,1.2616343265464,0.0598745154378666,0.280240025615977,0.991031390134529,0.0063132623954833,1.30159113011267,"03a_2x2_to_cor_CAT",300
0.1,50,0.3,0.1,"tetrachoric (z)","own",300,248,248,248,0.173333333333333,0.0330646761303405,0.0189287354575401,0.298090024075515,0.0134117042404869,0.335808056147781,1.12653235273217,0.0506850867587447,0.299320293723837,0.971774193548387,0.0105167129473429,1.30782161979251,"03a_2x2_to_cor_CAT",300
0.25,50,0.3,0.1,"tetrachoric (z)","own",300,250,250,250,0.166666666666667,-0.0506201025552496,0.0181382318569838,0.286790626981471,0.0128513952897116,0.344183237142563,1.20012024369541,0.0537786740426184,0.290658326996203,0.984,0.00793574193128784,1.33970531325651,"03a_2x2_to_cor_CAT",300
0.5,50,0.3,0.1,"tetrachoric (z)","own",300,12,12,12,0.96,-0.656089331285957,0.0390532840337369,0.135284544297702,0.0288427617561123,NA,NA,NA,0.668752539852576,NA,NA,NA,"03a_2x2_to_cor_CAT",300
0,100,0.3,0.1,"tetrachoric (z)","own",300,286,286,286,0.0466666666666666,0.0462494267791205,0.0127859699039612,0.21623037147013,0.00905689361816289,0.23504791425743,1.08702543800559,0.0455304853121135,0.220751221960655,0.972027972027972,0.00975030815779114,0.916185549329654,"03a_2x2_to_cor_CAT",300
0.1,100,0.3,0.1,"tetrachoric (z)","own",300,297,297,297,0.01,-0.0366587004831104,0.0137666445181396,0.237250055601217,0.00975091721974496,0.236898926677594,0.998520004883736,0.0410389194017567,0.239670458552159,0.95959595959596,0.0114255832500108,0.923454096971573,"03a_2x2_to_cor_CAT",300
0.25,100,0.3,0.1,"tetrachoric (z)","own",300,293,293,293,0.0233333333333333,0.00133060955512302,0.0147583951005869,0.252623031812013,0.0104536154362103,0.249568116152341,0.987907216385776,0.0408798914836821,0.25219507627576,0.955631399317406,0.0120295466674395,0.970880403167844,"03a_2x2_to_cor_CAT",300
0.5,100,0.3,0.1,"tetrachoric (z)","own",300,39,39,39,0.87,-0.462523026847405,0.031680820035711,0.197846657710635,0.0226945680862616,0.314367195830515,1.58894367723057,0.18226433989542,0.50206292033292,0.717948717948718,0.0720573767722301,1.22950932752054,"03a_2x2_to_cor_CAT",300
0,300,0.3,0.1,"tetrachoric (z)","own",300,300,300,300,0,-0.00612417223457025,0.00772702972289141,0.133836080716428,0.00547296433674915,0.132661672559383,0.991225025787079,0.0405342056251656,0.13375311210867,0.95,0.0125830573921179,0.519096855116118,"03a_2x2_to_cor_CAT",300
0.1,300,0.3,0.1,"tetrachoric (z)","own",300,300,300,300,0,-0.00412172330229433,0.00816904897617728,0.141492078762576,0.00578604137878812,0.131783966561637,0.931387592253636,0.03808727100202,0.141316183058984,0.933333333333333,0.0144016459964619,0.515575815372597,"03a_2x2_to_cor_CAT",300
0.25,300,0.3,0.1,"tetrachoric (z)","own",300,300,300,300,0,0.00415728977540324,0.00787520307529536,0.136402518463342,0.00557791378077173,0.137954228616317,1.01137596409843,0.0413582387718306,0.136238435391566,0.966666666666667,0.010363754503432,0.539559909956816,"03a_2x2_to_cor_CAT",300
0.5,300,0.3,0.1,"tetrachoric (z)","own",300,92,92,92,0.693333333333333,-0.212741350824432,0.0139840206046053,0.134130013676441,0.00994237809814062,0.226561911943939,1.68912166437609,0.125206027947624,0.251105933994353,0.945652173913043,0.0236353962371883,0.886326663734682,"03a_2x2_to_cor_CAT",300
0,25,0.5,0.1,"tetrachoric (z)","own",300,149,149,149,0.503333333333333,-0.0237652339319188,0.0227791083034986,0.278054452383477,0.0161615867658925,0.418077866199629,1.50358270696935,0.0873939696706135,0.278136975353892,1,0,1.63374880708291,"03a_2x2_to_cor_CAT",300
0.1,25,0.5,0.1,"tetrachoric (z)","own",300,155,155,155,0.483333333333333,-0.109236612850724,0.0228799459461632,0.284853029837141,0.0162310077432575,0.418962799921185,1.47080338292599,0.0838068006885158,0.304220962900321,0.993548387096774,0.00643076757279472,1.63789819102468,"03a_2x2_to_cor_CAT",300
0.25,25,0.5,0.1,"tetrachoric (z)","own",300,77,77,77,0.743333333333333,-0.375987123738302,0.031099884564575,0.272900379506152,0.0221351436953062,0.421232148011333,1.54353815400919,0.125197476456463,0.463544745986483,0.961038961038961,0.0220516148962829,1.64826740755471,"03a_2x2_to_cor_CAT",300
0,50,0.5,0.1,"tetrachoric (z)","own",300,258,258,258,0.14,0.0216495791412822,0.0164461419636173,0.264164155508962,0.0116517814018336,0.317897552482937,1.2034091145729,0.053080100564597,0.264539089261436,0.988372093023256,0.00667422984439635,1.23806050991533,"03a_2x2_to_cor_CAT",300
0.1,50,0.5,0.1,"tetrachoric (z)","own",300,228,228,228,0.24,-0.0358932553457601,0.018496449517139,0.279290262989487,0.0131077415166313,0.318653035911928,1.1409385794589,0.0535469007255108,0.280979106225556,0.973684210526316,0.0106010734101616,1.2421742858157,"03a_2x2_to_cor_CAT",300
0.25,50,0.5,0.1,"tetrachoric (z)","own",300,146,146,146,0.513333333333333,-0.233878364147324,0.0185768084900215,0.224464431027591,0.0131810052461265,0.33280351661199,1.48265591607733,0.0870645532503704,0.323632928174952,0.965753424657534,0.0150509971953298,1.29928254568899,"03a_2x2_to_cor_CAT",300
0,100,0.5,0.1,"tetrachoric (z)","own",300,297,297,297,0.01,0.0334842319769891,0.0139393251000261,0.24022597886268,0.0098732269123657,0.22770104183821,0.947861854559743,0.0389568822487499,0.242147496223639,0.95959595959596,0.0114255832500108,0.886430684176646,"03a_2x2_to_cor_CAT",300
0.1,100,0.5,0.1,"tetrachoric (z)","own",300,294,294,294,0.02,-0.000401779397403099,0.0124605822655605,0.213654479140175,0.00882598518190233,0.229166946402787,1.07260539224377,0.044308920346861,0.213291190096888,0.979591836734694,0.00824614322083438,0.893392584340401,"03a_2x2_to_cor_CAT",300
0.25,100,0.5,0.1,"tetrachoric (z)","own",300,211,211,211,0.296666666666667,-0.0898946984687184,0.0140239312593852,0.203709368270681,0.00993999936778288,0.252812571527405,1.24104538575505,0.0605568141245397,0.222220370097014,0.938388625592417,0.0165531476297152,0.985727607401833,"03a_2x2_to_cor_CAT",300
0,300,0.5,0.1,"tetrachoric (z)","own",300,300,300,300,0,-0.000958608888443871,0.00705952000747349,0.122274473299931,0.00500017505057712,0.125497410449039,1.02635821739507,0.0419709086702445,0.122074276278996,0.966666666666667,0.010363754503432,0.491358673964087,"03a_2x2_to_cor_CAT",300
0.1,300,0.5,0.1,"tetrachoric (z)","own",300,300,300,300,0,0.0125941874105346,0.00751717977044446,0.130201372920387,0.00532433008180275,0.128818470101899,0.989378738584165,0.0404587053268689,0.130592890599697,0.96,0.0113137084989848,0.503960633124263,"03a_2x2_to_cor_CAT",300
0.25,300,0.5,0.1,"tetrachoric (z)","own",300,299,299,299,0.0033333333333333,0.00633094107127671,0.00910011834200545,0.157355756163264,0.00644554291631785,0.156274311851474,0.99312739274267,0.0406800830638323,0.157219918136101,0.966555183946488,0.0103978162636377,0.607463767172868,"03a_2x2_to_cor_CAT",300
0,25,0.3,0.3,"tetrachoric (z)","own",300,273,273,273,0.09,0.0405406036898285,0.0222769576195667,0.368075747005999,0.0157811174592002,0.371628875065878,1.00965325232315,0.043288526064488,0.369630941941792,0.970695970695971,0.0102076074429357,1.45100331496579,"03a_2x2_to_cor_CAT",300
0.1,25,0.3,0.3,"tetrachoric (z)","own",300,282,282,282,0.0600000000000001,0.0294722934389216,0.0227309813215705,0.381718087519216,0.0161018056910167,0.37759092752783,0.989187937050067,0.04172637471227,0.38217877610882,0.971631205673759,0.00988659200845004,1.47261134280227,"03a_2x2_to_cor_CAT",300
0.25,25,0.3,0.3,"tetrachoric (z)","own",300,274,274,274,0.0866666666666667,0.0152482731380847,0.0221881363833019,0.367279009131937,0.0157180905637024,0.392130238737686,1.06766308171133,0.0456917618284899,0.3669251517496,0.978102189781022,0.00884132139251046,1.52359369965969,"03a_2x2_to_cor_CAT",300
0.5,25,0.3,0.3,"tetrachoric (z)","own",300,267,267,267,0.11,-0.0590221424209655,0.0269322795101837,0.440077073314567,0.0190797608815029,0.450532292987281,1.0237577013362,0.0443855254602856,0.443199837627972,0.940074906367041,0.0145254621831152,1.73740983660066,"03a_2x2_to_cor_CAT",300
0.75,25,0.3,0.3,"tetrachoric (z)","own",300,160,160,160,0.466666666666667,-0.231193349591479,0.0328809726699561,0.415915061275236,0.0233233584830639,0.558386122000547,1.34254845277418,0.0752863787835119,0.474715224874018,0.9125,0.0223388325008269,2.15551231159243,"03a_2x2_to_cor_CAT",300
0,50,0.3,0.3,"tetrachoric (z)","own",300,298,298,298,0.00666666666666671,-0.00967916991113142,0.0143273487339335,0.247328386319962,0.0101480066112122,0.259034961829463,1.04733211453681,0.0429725571762911,0.247102699475463,0.956375838926175,0.0118323146487808,1.01191409747721,"03a_2x2_to_cor_CAT",300
0.1,50,0.3,0.3,"tetrachoric (z)","own",300,299,299,299,0.0033333333333333,-0.00187886152245393,0.0154432970383737,0.267039569354838,0.0109383669628571,0.25645696632643,0.960370655727256,0.0393383148350785,0.266599261623926,0.973244147157191,0.00933221435068699,1.00263781864502,"03a_2x2_to_cor_CAT",300
0.25,50,0.3,0.3,"tetrachoric (z)","own",300,300,300,300,0,0.0398677192356623,0.0159574817163733,0.276391690936099,0.0113024967510229,0.268146722501487,0.970169260853365,0.0396731713663295,0.278795912152315,0.953333333333333,0.0121776966745069,1.04637042099974,"03a_2x2_to_cor_CAT",300
0.5,50,0.3,0.3,"tetrachoric (z)","own",300,296,296,296,0.0133333333333333,0.0409472603257434,0.0189255819554059,0.325608023696949,0.0134050701953436,0.317965836292898,0.976529486843471,0.040203082744494,0.327626442113066,0.959459459459459,0.011463367788664,1.23118649124955,"03a_2x2_to_cor_CAT",300
0.75,50,0.3,0.3,"tetrachoric (z)","own",300,257,257,257,0.143333333333333,0.0318144834594705,0.0248725570358227,0.398737422409241,0.0176218709561512,0.450026025712575,1.12862751379953,0.0498787605275852,0.399230571592229,0.945525291828794,0.0141568773542618,1.73022735607721,"03a_2x2_to_cor_CAT",300
0,100,0.3,0.3,"tetrachoric (z)","own",300,300,300,300,0,0.0156720894455153,0.0106650605524769,0.184724267426886,0.00755393704259427,0.177670139496715,0.961812662578491,0.0393314446504088,0.185080862996151,0.92,0.015663120165961,0.695640771596007,"03a_2x2_to_cor_CAT",300
0.1,100,0.3,0.3,"tetrachoric (z)","own",300,300,300,300,0,0.0132473053702179,0.010573503385973,0.183138450785069,0.00748908817763326,0.178343777963041,0.973819409296766,0.0398224370363016,0.183312258950878,0.96,0.0113137084989848,0.698200598691798,"03a_2x2_to_cor_CAT",300
0.25,100,0.3,0.3,"tetrachoric (z)","own",300,300,300,300,0,0.00823301597230149,0.00980813753942042,0.169881925458998,0.0069469885438841,0.183818020719287,1.08203400816559,0.0442476610652355,0.169798267328216,0.98,0.00808290376865476,0.719387942070447,"03a_2x2_to_cor_CAT",300
0.5,100,0.3,0.3,"tetrachoric (z)","own",300,300,300,300,0,0.0170911914023174,0.0123157340741689,0.213314771489678,0.00872308969760126,0.216692218354609,1.0158331598011,0.0415405070584691,0.213643682924299,0.943333333333333,0.0133486023682326,0.845120340150418,"03a_2x2_to_cor_CAT",300
0.75,100,0.3,0.3,"tetrachoric (z)","own",300,299,299,299,0.0033333333333333,0.0744367126329881,0.0191939237924102,0.33189396869197,0.0135949066690105,0.322017473479864,0.970242016596352,0.0397426615312248,0.339596855007763,0.966555183946488,0.0103978162636377,1.2416213030859,"03a_2x2_to_cor_CAT",300
0,300,0.3,0.3,"tetrachoric (z)","own",300,300,300,300,0,-0.0064085523473747,0.0062715772820987,0.108626904961897,0.00444208447890485,0.101089454702486,0.930611571211986,0.0380555371417427,0.108634899287405,0.94,0.0137113092008021,0.396156820993373,"03a_2x2_to_cor_CAT",300
0.1,300,0.3,0.3,"tetrachoric (z)","own",300,300,300,300,0,0.0138980872213419,0.00559930566169462,0.0969828189316315,0.00396592239139791,0.100900342618323,1.04039399689396,0.0425448743768361,0.0978134539439466,0.96,0.0113137084989848,0.395430771289498,"03a_2x2_to_cor_CAT",300
0.25,300,0.3,0.3,"tetrachoric (z)","own",300,300,300,300,0,0.00411754961293717,0.00633347199138288,0.109698952773896,0.00448592377404076,0.104877178773058,0.956045396251178,0.0390956035919965,0.109593346454239,0.93,0.0147309198626562,0.410917534166784,"03a_2x2_to_cor_CAT",300
0.5,300,0.3,0.3,"tetrachoric (z)","own",300,300,300,300,0,0.00827041204986346,0.00723041681851131,0.125234492895621,0.00512121925328069,0.122820345059523,0.980722979905304,0.0401047450322807,0.125298838777255,0.953333333333333,0.0121776966745069,0.480713420959077,"03a_2x2_to_cor_CAT",300
0.75,300,0.3,0.3,"tetrachoric (z)","own",300,300,300,300,0,0.0234990491133109,0.0102569514463,0.177655610357587,0.00726487815920577,0.175843488122379,0.989799802935802,0.0404759239286663,0.178909239973191,0.956666666666667,0.0117552194868996,0.686258447641419,"03a_2x2_to_cor_CAT",300
0,25,0.5,0.3,"tetrachoric (z)","own",300,290,290,290,0.0333333333333333,-0.00767687193228994,0.0216706164984414,0.369037301139778,0.0153499281262776,0.356485714157826,0.965988297271885,0.0401798162086939,0.368480458607744,0.958620689655172,0.0116954254275666,1.39218236345546,"03a_2x2_to_cor_CAT",300
0.1,25,0.5,0.3,"tetrachoric (z)","own",300,286,286,286,0.0466666666666666,0.0298418953816058,0.0190933582639738,0.322897987484882,0.0135247084037566,0.356763441472426,1.10487973075128,0.046278319341745,0.323711434323777,0.989510489510489,0.0060242750947136,1.39336670038644,"03a_2x2_to_cor_CAT",300
0.25,25,0.5,0.3,"tetrachoric (z)","own",300,268,268,268,0.106666666666667,0.0277204817826517,0.0211700749815843,0.346569063862518,0.0149975101570603,0.376205840260132,1.08551477753759,0.0469748185839729,0.347030789789722,0.977611940298508,0.00903699578686671,1.46686607755351,"03a_2x2_to_cor_CAT",300
0.5,25,0.5,0.3,"tetrachoric (z)","own",300,186,186,186,0.38,-0.149095997397526,0.025508002703641,0.347882775599463,0.0180855643164754,0.429265317043881,1.2339366796881,0.0641493133556327,0.377625984006424,0.962365591397849,0.0139542377829767,1.66710331866369,"03a_2x2_to_cor_CAT",300
0,50,0.5,0.3,"tetrachoric (z)","own",300,300,300,300,0,-0.0208461514456578,0.0146730326057209,0.254144379742234,0.0103927365421106,0.243144780649194,0.956719093673462,0.0391231531283112,0.254575391384972,0.946666666666667,0.0129729062394013,0.95169085196071,"03a_2x2_to_cor_CAT",300
0.1,50,0.5,0.3,"tetrachoric (z)","own",300,300,300,300,0,0.0182301136273064,0.0145031344465798,0.251201657304785,0.0102723996728082,0.245622732803832,0.977791052173736,0.0399848495913286,0.251444365152134,0.94,0.0137113092008021,0.960886924145383,"03a_2x2_to_cor_CAT",300
0.25,50,0.5,0.3,"tetrachoric (z)","own",300,298,298,298,0.00666666666666671,0.00489603281845926,0.0140578569175145,0.242676236273283,0.00995712658271042,0.258909004283097,1.0668906369206,0.0437750530701489,0.242318186374883,0.966442953020134,0.0104321025533726,1.0113929613288,"03a_2x2_to_cor_CAT",300
0.5,50,0.5,0.3,"tetrachoric (z)","own",300,256,256,256,0.146666666666667,-0.0396342494111759,0.017651091833147,0.282417469330352,0.0125056557387761,0.317767967314514,1.12517107411232,0.0498234126006503,0.28463826107262,0.94140625,0.0146789233550365,1.23592446064837,"03a_2x2_to_cor_CAT",300
0,100,0.5,0.3,"tetrachoric (z)","own",300,300,300,300,0,-0.00968839374671398,0.0100031252903219,0.173259212373147,0.00708509607615165,0.168159505482503,0.970566027509924,0.0396893963614858,0.173241326276326,0.953333333333333,0.0121776966745069,0.658841405082336,"03a_2x2_to_cor_CAT",300
0.1,100,0.5,0.3,"tetrachoric (z)","own",300,300,300,300,0,0.011025617759871,0.0101271341564975,0.175407108941198,0.00717293009858451,0.170058744818833,0.969508851980689,0.0396461652392188,0.175461275693164,0.943333333333333,0.0133486023682326,0.666079050298505,"03a_2x2_to_cor_CAT",300
0.25,100,0.5,0.3,"tetrachoric (z)","own",300,300,300,300,0,0.0253741696597161,0.010873090482333,0.188327451506943,0.00770128219693032,0.179976509408834,0.955657329660189,0.0390797343689783,0.189717825679041,0.93,0.0147309198626562,0.703988972231067,"03a_2x2_to_cor_CAT",300
0.5,100,0.5,0.3,"tetrachoric (z)","own",300,290,290,290,0.0333333333333333,0.00663462339730069,0.0134364409332632,0.228814344035487,0.00951742201766146,0.228926268312866,1.00048914886805,0.0416148624510679,0.22851582947153,0.96551724137931,0.010714749418377,0.889613774700841,"03a_2x2_to_cor_CAT",300
0,300,0.5,0.3,"tetrachoric (z)","own",300,300,300,300,0,-0.00688629154870556,0.00532767658161456,0.0922780652565129,0.00377353070644062,0.0958206007718344,1.03838978965883,0.0424629162481867,0.0923811571751553,0.94,0.0137113092008021,0.375568683674826,"03a_2x2_to_cor_CAT",300
0.1,300,0.5,0.3,"tetrachoric (z)","own",300,300,300,300,0,0.00231777845173753,0.00591282338735371,0.102413105230781,0.00418798331170052,0.0967995437665842,0.945187078826022,0.0386515739722791,0.102268542277439,0.94,0.0137113092008021,0.379375447389255,"03a_2x2_to_cor_CAT",300
0.25,300,0.5,0.3,"tetrachoric (z)","own",300,300,300,300,0,0.00244479893996631,0.00612786480641557,0.10613773186625,0.00434029462143483,0.101671416338782,0.957919625293141,0.0391722465170632,0.105988888287797,0.933333333333333,0.0144016459964619,0.398341621137032,"03a_2x2_to_cor_CAT",300
0.5,300,0.5,0.3,"tetrachoric (z)","own",300,300,300,300,0,0.0103356596600526,0.00800351320800782,0.138624915153181,0.00566879433973974,0.12895810561659,0.930266434962942,0.0380414234709581,0.138779093303582,0.94,0.0137113092008021,0.503935113876644,"03a_2x2_to_cor_CAT",300
0,25,0.3,0.5,"tetrachoric (z)","own",300,285,285,285,0.05,-0.00921154616767801,0.01948677746985,0.328974666814094,0.0138034703871126,0.352056515726848,1.07016299806999,0.0449030419159618,0.328526177788139,0.978947368421053,0.00850374907672017,1.37609260751349,"03a_2x2_to_cor_CAT",300
0.1,25,0.3,0.5,"tetrachoric (z)","own",300,289,289,289,0.0366666666666666,0.00187295843650056,0.0207073068168458,0.352024215886379,0.0146676756619325,0.356134083843065,1.01167495806031,0.0421531232525128,0.351419640868461,0.982698961937716,0.00767003610071923,1.39154400612006,"03a_2x2_to_cor_CAT",300
0.25,25,0.3,0.5,"tetrachoric (z)","own",300,270,270,270,0.1,-0.0126056138878452,0.0219871339401792,0.361285477017707,0.0155761229376682,0.373351920874623,1.03339864075501,0.0445529790039978,0.360836061593764,0.977777777777778,0.00897081586399257,1.45636727429972,"03a_2x2_to_cor_CAT",300
0.5,25,0.3,0.5,"tetrachoric (z)","own",300,170,170,170,0.433333333333333,-0.156748420763292,0.0264569900350553,0.34495694614191,0.0187631842949498,0.424774575979691,1.23138432413228,0.0669784773723653,0.377975382507411,0.923529411764706,0.0203820620919246,1.64989011541772,"03a_2x2_to_cor_CAT",300
0,50,0.3,0.5,"tetrachoric (z)","own",300,300,300,300,0,-0.00287811232413269,0.0143149952920237,0.247942991558944,0.0101391429208404,0.243396869180817,0.981664646580479,0.0401432526462421,0.247546140150757,0.966666666666667,0.010363754503432,0.952465257126464,"03a_2x2_to_cor_CAT",300
0.1,50,0.3,0.5,"tetrachoric (z)","own",300,300,300,300,0,0.0137347615800907,0.0152834231419823,0.264716653954872,0.0108250689850091,0.244494051320077,0.923606609812156,0.0377690829679777,0.264631758362047,0.946666666666667,0.0129729062394013,0.956431873367105,"03a_2x2_to_cor_CAT",300
0.25,50,0.3,0.5,"tetrachoric (z)","own",300,298,298,298,0.00666666666666671,-0.00654761850917781,0.0142871932042598,0.246635194401452,0.0101195646022841,0.255807283488173,1.03718888988646,0.0425563756277743,0.246308072413245,0.976510067114094,0.0087734644039506,0.998961220470792,"03a_2x2_to_cor_CAT",300
0.5,50,0.3,0.5,"tetrachoric (z)","own",300,246,246,246,0.18,-0.00678439171996979,0.0170017429203236,0.2666619180402,0.0120465575176596,0.320282956849905,1.20108247628228,0.0542593754681024,0.266205836227457,0.971544715447154,0.0106009627829867,1.24592716579413,"03a_2x2_to_cor_CAT",300
0,100,0.3,0.5,"tetrachoric (z)","own",300,300,300,300,0,0.00867355144433388,0.0100094332993487,0.173368470294438,0.00708956396480719,0.168192861001912,0.970146767265492,0.0396722515351183,0.173296474955253,0.946666666666667,0.0129729062394013,0.658938106155178,"03a_2x2_to_cor_CAT",300
0.1,100,0.3,0.5,"tetrachoric (z)","own",300,300,300,300,0,0.0046494682808151,0.010156562338076,0.175916819997883,0.00719377373372645,0.1697786374759,0.965107472258444,0.0394661794377564,0.17568491498969,0.946666666666667,0.0129729062394013,0.665069648479349,"03a_2x2_to_cor_CAT",300
0.25,100,0.3,0.5,"tetrachoric (z)","own",300,300,300,300,0,0.0145082630029163,0.0112059965473021,0.194093553693686,0.00793707565009455,0.179375625939894,0.924170960479093,0.0377921609829422,0.194312179037206,0.936666666666667,0.0140620318852128,0.70141638127969,"03a_2x2_to_cor_CAT",300
0.5,100,0.3,0.5,"tetrachoric (z)","own",300,289,289,289,0.0366666666666666,0.0191989038666778,0.0131716214202261,0.223917564143844,0.0093298985059935,0.229469439526097,1.02479428267934,0.042699761778306,0.224352806603699,0.961937716262976,0.0112556861898624,0.891875229871667,"03a_2x2_to_cor_CAT",300
0,300,0.3,0.5,"tetrachoric (z)","own",300,300,300,300,0,0.000192920236859901,0.0056843932909292,0.0984565799009303,0.00402618895914772,0.0958949183406629,0.973981814492795,0.0398290782786423,0.0982925379513628,0.933333333333333,0.0144016459964619,0.375852637599735,"03a_2x2_to_cor_CAT",300
0.1,300,0.3,0.5,"tetrachoric (z)","own",300,300,300,300,0,0.00104513055437858,0.00567449157529733,0.0982850771553653,0.00401917569034078,0.0967372892848936,0.984252056209662,0.0402490596943063,0.0981266978689984,0.946666666666667,0.0129729062394013,0.379145503747011,"03a_2x2_to_cor_CAT",300
0.25,300,0.3,0.5,"tetrachoric (z)","own",300,300,300,300,0,0.00338774023673324,0.00580515857446573,0.100548295969688,0.00411172559011922,0.101832135012283,1.01276838190258,0.0414151789701925,0.100437725682359,0.963333333333333,0.0108508405545718,0.398986855312309,"03a_2x2_to_cor_CAT",300
0.5,300,0.3,0.5,"tetrachoric (z)","own",300,300,300,300,0,0.0106547252338384,0.00767407494870158,0.132918877122427,0.00543545709256929,0.128974383669196,0.970324053748984,0.0396795013185574,0.133124226341328,0.96,0.0113137084989848,0.504133242690223,"03a_2x2_to_cor_CAT",300
0,25,0.5,0.5,"tetrachoric (z)","own",300,299,299,299,0.0033333333333333,-0.0308425967147612,0.0200813825631837,0.347239565385386,0.0142234868015434,0.334851628566148,0.96432452389033,0.0395002715855142,0.34802775696127,0.969899665551839,0.00988128603776342,1.31008618797432,"03a_2x2_to_cor_CAT",300
0.1,25,0.5,0.5,"tetrachoric (z)","own",300,298,298,298,0.00666666666666671,0.0228874632270151,0.0217902897756112,0.376158723273197,0.0154339793641933,0.340499758682487,0.90520234575336,0.0371409021255902,0.376223875291008,0.966442953020134,0.0104321025533726,1.33141729002052,"03a_2x2_to_cor_CAT",300
0.25,25,0.5,0.5,"tetrachoric (z)","own",300,297,297,297,0.01,0.0213291840871184,0.0213694573306089,0.368274559074613,0.0151359911405483,0.354856010828954,0.963563738208318,0.039602225691403,0.368272224378676,0.962962962962963,0.0109583378345506,1.38299334918613,"03a_2x2_to_cor_CAT",300
0.5,25,0.5,0.5,"tetrachoric (z)","own",300,282,282,282,0.0600000000000001,0.0244265057778551,0.0246647094420107,0.414190904661348,0.0174715888083447,0.421346081356151,1.01727506957366,0.0429111588896507,0.414176788095183,0.953900709219858,0.0124874612529957,1.62515018615475,"03a_2x2_to_cor_CAT",300
0.75,25,0.5,0.5,"tetrachoric (z)","own",300,181,181,181,0.396666666666667,-0.1305736720276,0.0288486876572779,0.388119397992472,0.0204556883624932,0.540429613185468,1.39243133937858,0.0733875752972539,0.408477544236232,0.950276243093923,0.0161572563629481,2.0856635742502,"03a_2x2_to_cor_CAT",300
0,50,0.5,0.5,"tetrachoric (z)","own",300,300,300,300,0,0.00129754107973785,0.0148493189963921,0.257197749595488,0.0105175981207246,0.229415105925832,0.891979444947124,0.0364757520182649,0.256772007304496,0.94,0.0137113092008021,0.89877800369687,"03a_2x2_to_cor_CAT",300
0.1,50,0.5,0.5,"tetrachoric (z)","own",300,300,300,300,0,0.00541202687494594,0.0129613260612996,0.224496752716375,0.00918035491442707,0.230272993473308,1.02572972965997,0.0419452078955214,0.224187613488848,0.973333333333333,0.00930153312731393,0.902037671590023,"03a_2x2_to_cor_CAT",300
0.25,50,0.5,0.5,"tetrachoric (z)","own",300,300,300,300,0,0.025629838213075,0.0139623766818789,0.241835458074293,0.00988938730361026,0.241570113750076,0.998902789829375,0.0408481727449775,0.242788651765738,0.956666666666667,0.0117552194868996,0.944857310179084,"03a_2x2_to_cor_CAT",300
0.5,50,0.5,0.5,"tetrachoric (z)","own",300,299,299,299,0.0033333333333333,0.0267893009065568,0.0182305813968878,0.315236221463361,0.0129125787563297,0.287870467408883,0.913189690171254,0.0374057071838592,0.31584677909944,0.94314381270903,0.0133919010689227,1.11668541198852,"03a_2x2_to_cor_CAT",300
0.75,50,0.5,0.5,"tetrachoric (z)","own",300,285,285,285,0.05,0.0663320904223579,0.023203153463174,0.391714314559918,0.0164359675278324,0.421039128469562,1.07486275793263,0.0451002394592213,0.396612738222452,0.968421052631579,0.0103587775224556,1.61719559897099,"03a_2x2_to_cor_CAT",300
0,100,0.5,0.5,"tetrachoric (z)","own",300,300,300,300,0,-0.0128474042723144,0.00881661555407869,0.152708260904663,0.0062447051750494,0.159110187191598,1.04192259311323,0.0426073833247117,0.152993908490615,0.96,0.0113137084989848,0.623660767241283,"03a_2x2_to_cor_CAT",300
0.1,100,0.5,0.5,"tetrachoric (z)","own",300,300,300,300,0,-0.0116433593833928,0.00887541697860939,0.153726731453109,0.00628635353294988,0.160136450092772,1.04169553713316,0.0425980983152083,0.153911347062012,0.956666666666667,0.0117552194868996,0.627637764431311,"03a_2x2_to_cor_CAT",300
0.25,100,0.5,0.5,"tetrachoric (z)","own",300,300,300,300,0,0.0179812685424454,0.00953967318572456,0.165231986452774,0.00675683839742963,0.167706125938808,1.01497373201854,0.0415053624429156,0.165933510783792,0.973333333333333,0.00930153312731393,0.656783886180934,"03a_2x2_to_cor_CAT",300
0.5,100,0.5,0.5,"tetrachoric (z)","own",300,300,300,300,0,0.0246757901188347,0.0116191462648232,0.20124951671248,0.00822970473925577,0.197913318045561,0.983422575510158,0.0402151397060482,0.202423462165511,0.946666666666667,0.0129729062394013,0.772898649069584,"03a_2x2_to_cor_CAT",300
0.75,100,0.5,0.5,"tetrachoric (z)","own",300,298,298,298,0.00666666666666671,0.0662445761560825,0.0171283751213552,0.295681598718558,0.01213196294714,0.290504868437584,0.98249221357227,0.0403121438147319,0.302526974758555,0.946308724832215,0.0130575034535089,1.12462543569677,"03a_2x2_to_cor_CAT",300
0,300,0.5,0.5,"tetrachoric (z)","own",300,300,300,300,0,-0.00511842829233855,0.00537664982307587,0.0931263066807361,0.00380821787778393,0.0910908948908893,0.97814353578066,0.0399992637179203,0.0931117551164102,0.943333333333333,0.0133486023682326,0.357066941356911,"03a_2x2_to_cor_CAT",300
0.1,300,0.5,0.5,"tetrachoric (z)","own",300,300,300,300,0,0.000132602861313222,0.00523045349620251,0.0905941120204902,0.00370466873770864,0.0917673865899595,1.01295089209776,0.0414226423670876,0.0904430930061771,0.95,0.0125830573921179,0.359704994559511,"03a_2x2_to_cor_CAT",300
0.25,300,0.5,0.5,"tetrachoric (z)","own",300,300,300,300,0,0.00365929889749902,0.00563081608232194,0.0975285954265753,0.00398824085198548,0.0955770581014633,0.979990101194667,0.0400747753931146,0.0974346514570095,0.936666666666667,0.0140620318852128,0.374555811641631,"03a_2x2_to_cor_CAT",300
0.5,300,0.5,0.5,"tetrachoric (z)","own",300,300,300,300,0,0.0196977435021164,0.00661695074214677,0.114608948765788,0.00468670844147393,0.112644548864856,0.98285997802016,0.0401921333838202,0.116100939699686,0.95,0.0125830573921179,0.441066102656596,"03a_2x2_to_cor_CAT",300
0.75,300,0.5,0.5,"tetrachoric (z)","own",300,300,300,300,0,0.024076943810943,0.00913646511038097,0.158248217727602,0.00647125085657842,0.160221724055028,1.01247095452805,0.0414030162603695,0.159808393529641,0.953333333333333,0.0121776966745069,0.625908042720434,"03a_2x2_to_cor_CAT",300
0,25,0.3,0.1,"phi (r)","population",300,276,133,133,0.08,-0.0148230104894142,0.0122521175242323,0.20354746359613,0.00867929301021247,0.193032003571348,0.948339026981708,0.0404373119800965,0.203718377159645,0.984962406015038,0.0105529330819623,0.75173798932867,"03a_2x2_to_cor_CAT",300
0.1,25,0.3,0.1,"phi (r)","population",300,277,142,142,0.0766666666666667,0.00772060909479265,0.0135386201848215,0.225327547168456,0.00959057730434992,0.192659868548363,0.855021372084297,0.0363921263462532,0.225052920623658,0.985915492957746,0.00988886616196351,0.752594680093434,"03a_2x2_to_cor_CAT",300
0.25,25,0.3,0.1,"phi (r)","population",300,278,150,150,0.0733333333333334,0.00692080595703547,0.0126179168932877,0.21038271751692,0.00893830517110355,0.191472052833383,0.910113031589604,0.0386669975203255,0.210117999129473,1,0,0.751469978575619,"03a_2x2_to_cor_CAT",300
0.5,25,0.3,0.1,"phi (r)","population",300,284,12,12,0.0533333333333333,-0.00149893728310221,0.009113306764256,0.153580175449045,0.00645545627422328,NA,NA,NA,0.153316876904529,NA,NA,NA,"03a_2x2_to_cor_CAT",300
0,50,0.3,0.1,"phi (r)","population",300,299,223,223,0.0033333333333333,-0.00402408405574356,0.0083087449754009,0.143671631426697,0.00588501932688984,0.140371396656478,0.977029322090609,0.0400206803969853,0.143487615097018,0.991031390134529,0.0063132623954833,0.54767701937887,"03a_2x2_to_cor_CAT",300
0.1,50,0.3,0.1,"phi (r)","population",300,298,246,246,0.00666666666666671,-0.0181156119630277,0.00938122567347375,0.161945063989983,0.00664468646109014,0.140947750174579,0.870342983613862,0.0357106051721437,0.1626848848307,0.967479674796748,0.0113091720549653,0.550646178525498,"03a_2x2_to_cor_CAT",300
0.25,50,0.3,0.1,"phi (r)","population",300,297,250,250,0.01,-0.0138327197912062,0.00887056624903146,0.152872570583481,0.00628302394767277,0.142281969832005,0.930722688111712,0.0382524668469214,0.153240595235222,0.964,0.0117820202002882,0.55755561988093,"03a_2x2_to_cor_CAT",300
0.5,50,0.3,0.1,"phi (r)","population",300,297,12,12,0.01,0.000488494705267792,0.00666947785581704,0.114939700087317,0.00472399257388412,NA,NA,NA,0.114747075554762,NA,NA,NA,"03a_2x2_to_cor_CAT",300
0,100,0.3,0.1,"phi (r)","population",300,300,284,284,0,0.0155776929986184,0.00580662607432238,0.100573713812806,0.00411276500302013,0.100043073831924,0.994723870077332,0.0406772840081986,0.101607182437524,0.96830985915493,0.0103946552860162,0.391122183684462,"03a_2x2_to_cor_CAT",300
0.1,100,0.3,0.1,"phi (r)","population",300,300,296,296,0,-0.0192419064964492,0.00605353573977297,0.104850314667208,0.00428764821712327,0.100548277847898,0.958969729056468,0.0392151884533169,0.106429291816107,0.972972972972973,0.00942548422247183,0.393158851812777,"03a_2x2_to_cor_CAT",300
0.25,100,0.3,0.1,"phi (r)","population",300,300,292,292,0,-0.00510818481469052,0.00643157998886612,0.111398233136594,0.00455541251559237,0.103542243855848,0.929478331392271,0.038009195519326,0.111329666652258,0.952054794520548,0.0125029397571878,0.405517241951425,"03a_2x2_to_cor_CAT",300
0.5,100,0.3,0.1,"phi (r)","population",300,300,39,39,0,-0.00985697576405944,0.00470013209285089,0.0814086758710278,0.00332904832059549,0.116198648066199,1.42734968752332,0.0583686693010453,0.0818684385865339,0.948717948717949,0.0353198580369843,0.461051762662956,"03a_2x2_to_cor_CAT",300
0,300,0.3,0.1,"phi (r)","population",300,300,300,300,0,-7.461445445108e-05,0.00332172004781515,0.0575338789133596,0.00235273526960814,0.0577843927903438,1.00435419759133,0.0410710973861246,0.0574379575373105,0.956666666666667,0.0117552194868996,0.22629937434964,"03a_2x2_to_cor_CAT",300
0.1,300,0.3,0.1,"phi (r)","population",300,300,300,300,0,-0.00178210751165713,0.00380358261238478,0.06587998335436,0.00269403286074996,0.0580639519100891,0.881359541300587,0.0360414718629729,0.0657942313068906,0.916666666666667,0.0159571184626056,0.227418958252536,"03a_2x2_to_cor_CAT",300
0.25,300,0.3,0.1,"phi (r)","population",300,300,300,300,0,-0.000257333520924512,0.00353931186259849,0.0613026796985182,0.0025068529946571,0.0596125764966528,0.972430190487967,0.0397656276545878,0.0612009642922346,0.953333333333333,0.0121776966745069,0.233588098548922,"03a_2x2_to_cor_CAT",300
0.5,300,0.3,0.1,"phi (r)","population",300,300,92,92,0,0.000239114956267026,0.00275627791671828,0.0477401339153615,0.00195223925380782,0.0867499024328141,1.81712733748533,0.0743078627239601,0.0476611004306948,1,0,0.342423744588591,"03a_2x2_to_cor_CAT",300
0,25,0.5,0.1,"phi (r)","population",300,274,144,144,0.0866666666666667,-0.00182126183181996,0.0124340998754261,0.205820975804478,0.0088083246174361,0.192987783980697,0.93764876600346,0.040127662770109,0.205453119314493,1,0,0.750138877186169,"03a_2x2_to_cor_CAT",300
0.1,25,0.5,0.1,"phi (r)","population",300,280,155,155,0.0666666666666667,-0.000407401526095128,0.0117970069447147,0.197401682867754,0.00835667959808537,0.192860220117428,0.976993799220198,0.0413594455264546,0.1970492857185,1,0,0.750047568939573,"03a_2x2_to_cor_CAT",300
0.25,25,0.5,0.1,"phi (r)","population",300,287,77,77,0.0433333333333333,0.0106065404836637,0.00901501068529667,0.152723966250474,0.00638570982567755,0.192664928991963,1.26152387030065,0.0527469628486069,0.152826169717923,0.987012987012987,0.0129024061385767,0.750633043996905,"03a_2x2_to_cor_CAT",300
0,50,0.5,0.1,"phi (r)","population",300,299,252,252,0.0033333333333333,0.0033421480241834,0.0082829029987859,0.143224781878353,0.00586671565620617,0.140142457008485,0.978479109345157,0.0400800659968297,0.143024129486706,0.992063492063492,0.00558964454185526,0.546754267562879,"03a_2x2_to_cor_CAT",300
0.1,50,0.5,0.1,"phi (r)","population",300,297,225,225,0.01,0.00555543929050138,0.00797306807279873,0.137405367087914,0.00564732579989347,0.141073064478738,1.02669253369468,0.0421968032033442,0.137286299373904,0.982222222222222,0.00880952222063319,0.550645260315092,"03a_2x2_to_cor_CAT",300
0.25,50,0.5,0.1,"phi (r)","population",300,300,143,143,0,-0.0157037461508083,0.00617507111911311,0.106955369186551,0.00437373029790152,0.142813430487455,1.33526190946394,0.0546029200167599,0.107925562948147,0.972027972027972,0.0137890180340653,0.558335204468279,"03a_2x2_to_cor_CAT",300
0,100,0.5,0.1,"phi (r)","population",300,300,296,296,0,0.0133106356178509,0.00598535146354965,0.103669328360247,0.0042393540956458,0.100370882357678,0.968183009818419,0.0395919475213103,0.104348829562548,0.986486486486487,0.00671094770818588,0.392353683020282,"03a_2x2_to_cor_CAT",300
0.1,100,0.5,0.1,"phi (r)","population",300,300,292,292,0,-0.00151608241608431,0.00528943286655401,0.0916156646809623,0.00374644313254258,0.10094603976176,1.10184257368311,0.0450576935472033,0.0914754088308826,0.982876712328767,0.00759192087938933,0.394665305397473,"03a_2x2_to_cor_CAT",300
0.25,100,0.5,0.1,"phi (r)","population",300,300,211,211,0,-0.00171395265474785,0.00478343079815546,0.08285145176895,0.00338804781455093,0.107039327933455,1.2919426956085,0.0528314656282442,0.0827310067853922,0.971563981042654,0.0114427095072916,0.418741354106274,"03a_2x2_to_cor_CAT",300
0,300,0.5,0.1,"phi (r)","population",300,300,299,299,0,-0.000492275612006413,0.00322339795289643,0.0558308902743013,0.00228309488535926,0.0576847163388744,1.0332043077849,0.0422508661252831,0.0557399349635117,0.969899665551839,0.00988128603776342,0.225913941535332,"03a_2x2_to_cor_CAT",300
0.1,300,0.5,0.1,"phi (r)","population",300,300,300,300,0,0.00291274689945127,0.00315122770021274,0.0545808648298689,0.0022319775436022,0.0583372786331782,1.06882290735074,0.0437074189778864,0.0545676155247607,0.973333333333333,0.00930153312731393,0.228451522480843,"03a_2x2_to_cor_CAT",300
0.25,300,0.5,0.1,"phi (r)","population",300,300,299,299,0,-0.00382191808031106,0.00264084949846237,0.045740855064796,0.00187048266179026,0.0657244202012328,1.43688656690235,0.0587586613005563,0.0458242162376811,0.993311036789298,0.00471396593705836,0.256466568579619,"03a_2x2_to_cor_CAT",300
0,25,0.3,0.3,"phi (r)","population",300,300,271,271,0,0.00410469533863782,0.0124732716212999,0.216043401846985,0.00883467169069139,0.190471055341175,0.881633290870315,0.036052666315353,0.215722083942516,0.970479704797048,0.0102817947831789,0.742530759046464,"03a_2x2_to_cor_CAT",300
0.1,25,0.3,0.3,"phi (r)","population",300,299,280,280,0.0033333333333333,0.000824811389450939,0.0126846618871256,0.219338308350408,0.00898444717966509,0.189172892795737,0.862470829735407,0.0353281817117894,0.218972768116622,0.967857142857143,0.0105406854408374,0.739180716569993,"03a_2x2_to_cor_CAT",300
0.25,25,0.3,0.3,"phi (r)","population",300,300,272,272,0,-0.0123761450015503,0.0124486598973402,0.215617114283383,0.00881723949587291,0.18581497094372,0.861782106495987,0.0352408910187263,0.215612939787373,0.966911764705882,0.0108454049600373,0.730526606105115,"03a_2x2_to_cor_CAT",300
0.5,25,0.3,0.3,"phi (r)","population",300,300,265,265,0,-0.0315712234498395,0.0120980465321087,0.209544312659448,0.00856890417004719,0.173002729115867,0.825614052322347,0.0337618692963154,0.211563698181297,0.928301886792453,0.0158480394323446,0.698215869288317,"03a_2x2_to_cor_CAT",300
0.75,25,0.3,0.3,"phi (r)","population",300,300,160,160,0,0.00128454885931518,0.00929308451231082,0.160960945343538,0.00658218253821356,0.145204721234913,0.902111508633376,0.0368900829140569,0.160697587324466,0.89375,0.0243619756870209,0.628072851269073,"03a_2x2_to_cor_CAT",300
0,50,0.3,0.3,"phi (r)","population",300,300,297,297,0,-0.00144104692846,0.00778956177718209,0.134919167667759,0.00551725505586243,0.138462727635779,1.02626431832685,0.0419670688517974,0.134701823104702,0.962962962962963,0.0109583378345506,0.540366929449047,"03a_2x2_to_cor_CAT",300
0.1,50,0.3,0.3,"phi (r)","population",300,300,298,298,0,-0.00398462569216057,0.00855110054325694,0.148109406015508,0.00605664401348896,0.137325558164182,0.927189986500941,0.0379156181378502,0.147916030475647,0.963087248322148,0.0109222696650304,0.536415968935141,"03a_2x2_to_cor_CAT",300
0.25,50,0.3,0.3,"phi (r)","population",300,300,300,300,0,0.0121964730797142,0.00849917445939966,0.14721001986072,0.00601986537858142,0.134040597683612,0.910539906253881,0.0372347457235627,0.147469684805001,0.936666666666667,0.0140620318852128,0.525984163071465,"03a_2x2_to_cor_CAT",300
0.5,50,0.3,0.3,"phi (r)","population",300,300,296,296,0,-0.00114209644682363,0.00777934325510569,0.134742177673613,0.00551001739677426,0.122841340470509,0.911676971468197,0.0372812437779976,0.134522268219952,0.942567567567568,0.013523496586438,0.491150532293526,"03a_2x2_to_cor_CAT",300
0.75,50,0.3,0.3,"phi (r)","population",300,300,257,257,0,0.0015981842994837,0.00619795377109337,0.107351708344968,0.00438993781135875,0.098238967162642,0.915113216894107,0.0374217623031043,0.107184555075298,0.926070038910506,0.0163217076268157,0.417715121789842,"03a_2x2_to_cor_CAT",300
0,100,0.3,0.3,"phi (r)","population",300,300,297,297,0,0.0116539247309412,0.00595441719286836,0.103133531075097,0.00421744371529351,0.0988114793476953,0.958092662179344,0.0391793225215461,0.103618937021886,0.922558922558923,0.0155097402833199,0.386393092260469,"03a_2x2_to_cor_CAT",300
0.1,100,0.3,0.3,"phi (r)","population",300,300,298,298,0,0.00752186327404788,0.00599934193291767,0.103911650397919,0.00424926338066884,0.0983376628478368,0.946358396496091,0.0386994727137917,0.104010660087823,0.946308724832215,0.0130575034535089,0.384685054363106,"03a_2x2_to_cor_CAT",300
0.25,100,0.3,0.3,"phi (r)","population",300,300,300,300,0,0.000266693012463112,0.00540408047790431,0.0936014195592136,0.00382764668820573,0.0964992238677719,1.03095897821,0.0421590477709055,0.0934456675445746,0.966666666666667,0.010363754503432,0.378180616808196,"03a_2x2_to_cor_CAT",300
0.5,100,0.3,0.3,"phi (r)","population",300,300,300,300,0,-0.00287693475159066,0.00525456829922767,0.091011792661031,0.00372174896926947,0.0880098769074611,0.967016189157483,0.0395442326761766,0.0909055150633236,0.943333333333333,0.0133486023682326,0.348056769186261,"03a_2x2_to_cor_CAT",300
0.75,100,0.3,0.3,"phi (r)","population",300,300,299,299,0,0.00175443756379913,0.00414909615442683,0.0718644534495591,0.00293875604174898,0.0686375953416803,0.955097994168373,0.0390568614397757,0.0717660276305609,0.946488294314381,0.0130150675531153,0.281640936129678,"03a_2x2_to_cor_CAT",300
0,300,0.3,0.3,"phi (r)","population",300,300,299,299,0,-0.00272121127537962,0.00356158614694571,0.0616884816204345,0.00252262960847001,0.0575004008031457,0.932109192716758,0.038116779439348,0.0616456718639502,0.94314381270903,0.0133919010689227,0.225196761015542,"03a_2x2_to_cor_CAT",300
0.1,300,0.3,0.3,"phi (r)","population",300,300,300,300,0,0.00816336517084022,0.00328350443744735,0.0568719651253668,0.00232566760193366,0.0572771398667259,1.00712433165385,0.0411843765919339,0.0573609583841021,0.953333333333333,0.0121776966745069,0.224350014205507,"03a_2x2_to_cor_CAT",300
0.25,300,0.3,0.3,"phi (r)","population",300,300,300,300,0,0.000595933825365316,0.00358126219096762,0.0620292806998135,0.00253656591919769,0.0561807010183859,0.905712598704288,0.0370373424379912,0.0619286796434416,0.92,0.015663120165961,0.220184786522722,"03a_2x2_to_cor_CAT",300
0.5,300,0.3,0.3,"phi (r)","population",300,300,300,300,0,0.00014109456406799,0.00318095662805382,0.055095784964622,0.0022530341937872,0.0511360947467441,0.928130795841815,0.0379540906928049,0.0550040629724233,0.943333333333333,0.0133486023682326,0.200995663084546,"03a_2x2_to_cor_CAT",300
0.75,300,0.3,0.3,"phi (r)","population",300,300,300,300,0,0.000477603851454547,0.00235856586406177,0.0408515590955258,0.00167054448123099,0.0398490186289654,0.975458942357228,0.0398894825289729,0.0407862127812702,0.96,0.0113137084989848,0.158385778697578,"03a_2x2_to_cor_CAT",300
0,25,0.5,0.3,"phi (r)","population",300,300,287,287,0,-0.00757175952099334,0.0121078111235832,0.209713440344937,0.00857582031542505,0.189883729674834,0.905443777768909,0.0370263495324576,0.209500500031262,0.958188153310105,0.0118150108512687,0.740385879024638,"03a_2x2_to_cor_CAT",300
0.1,25,0.5,0.3,"phi (r)","population",300,300,283,283,0,0.0133268170509089,0.010912463841525,0.189009418092795,0.00772916988448992,0.189701365545346,1.00366091520483,0.041042746961065,0.189164167625353,0.982332155477032,0.0078311897459475,0.739907159935919,"03a_2x2_to_cor_CAT",300
0.25,25,0.5,0.3,"phi (r)","population",300,300,268,268,0,0.0156428779862176,0.0110734146740267,0.19179716828693,0.00784316946749173,0.186075557191059,0.970168427683397,0.0396731372954758,0.1921151552638,0.977611940298508,0.00903699578686671,0.731696162379794,"03a_2x2_to_cor_CAT",300
0.5,25,0.5,0.3,"phi (r)","population",300,300,186,186,0,-0.00485048792930201,0.00949596143420066,0.164474876707502,0.00672587787757056,0.176715366852437,1.07442164049591,0.0439363682019707,0.164272149244905,0.967741935483871,0.0129551504661693,0.710214826201312,"03a_2x2_to_cor_CAT",300
0,50,0.5,0.3,"phi (r)","population",300,300,294,294,0,-0.0120716876074166,0.00835731316422103,0.14475291015195,0.00591938669050577,0.137744941973736,0.951586685401643,0.0389132733463949,0.145014778404909,0.945578231292517,0.013230047202243,0.537747996776282,"03a_2x2_to_cor_CAT",300
0.1,50,0.5,0.3,"phi (r)","population",300,300,293,293,0,0.00560837052072648,0.00822089782804261,0.142390127220024,0.00582276531118348,0.137138509411065,0.96311810438343,0.0393848281356684,0.142263203213387,0.938566552901024,0.0140281748034356,0.53575116721501,"03a_2x2_to_cor_CAT",300
0.25,50,0.5,0.3,"phi (r)","population",300,300,297,297,0,-0.00792991266158601,0.00741110064371026,0.128364028549126,0.00524919548308757,0.135811249714444,1.05801641822473,0.0432655087749314,0.128395026879665,0.962962962962963,0.0109583378345506,0.532299204958414,"03a_2x2_to_cor_CAT",300
0.5,50,0.5,0.3,"phi (r)","population",300,300,256,256,0,-0.0126150598423411,0.006730841890385,0.116581601318598,0.00476737620320553,0.131646951053783,1.12922579176121,0.0461774766069327,0.117068805701096,0.97265625,0.0101926883521231,0.525698811119405,"03a_2x2_to_cor_CAT",300
0,100,0.5,0.3,"phi (r)","population",300,300,299,299,0,-0.00573980440085687,0.00589052313537064,0.102026853536219,0.00417218830531634,0.0986579079376575,0.966979814805665,0.0395427452183162,0.102018262748651,0.953177257525084,0.0122174245409932,0.385790562887987,"03a_2x2_to_cor_CAT",300
0.1,100,0.5,0.3,"phi (r)","population",300,300,298,298,0,0.00377894880134812,0.00584603831585541,0.10125635386056,0.00414068023048491,0.0983030615705155,0.970833511405012,0.0397003345913759,0.101158061899127,0.946308724832215,0.0130575034535089,0.384542875136928,"03a_2x2_to_cor_CAT",300
0.25,100,0.5,0.3,"phi (r)","population",300,300,300,300,0,0.00641075855558124,0.00562893671281809,0.0974960437919068,0.00398690971665418,0.0966921079838333,0.991754169945712,0.0405558439389423,0.0975443050711545,0.963333333333333,0.0108508405545718,0.379026021196929,"03a_2x2_to_cor_CAT",300
0.5,100,0.5,0.3,"phi (r)","population",300,300,290,290,0,-0.00729104193859797,0.00452750251635467,0.0784186438972223,0.00320677682048298,0.0960071338846531,1.22428964737624,0.0500649267527369,0.0786266158765221,0.986206896551724,0.00684882414915171,0.380009688233285,"03a_2x2_to_cor_CAT",300
0,300,0.5,0.3,"phi (r)","population",300,300,298,298,0,-0.00418537555754775,0.00320196464911062,0.0554596545629905,0.00226791392819393,0.0574772234556882,1.03637903821428,0.0423806905069128,0.0555251121132573,0.939597315436242,0.0138003745038729,0.225104126934689,"03a_2x2_to_cor_CAT",300
0.1,300,0.5,0.3,"phi (r)","population",300,300,300,300,0,0.000568918185330294,0.00348824699235957,0.060418210201161,0.00247068434723358,0.0572560600648183,0.94766230039231,0.0387527933092869,0.0603201121080985,0.94,0.0137113092008021,0.224264435401435,"03a_2x2_to_cor_CAT",300
0.25,300,0.5,0.3,"phi (r)","population",300,300,300,300,0,-0.000563404191166208,0.00329284355406604,0.0570337233701806,0.0023322823884718,0.0562382352140456,0.986052319415098,0.0403226779313868,0.0569413751772589,0.946666666666667,0.0129729062394013,0.220415832501033,"03a_2x2_to_cor_CAT",300
0.5,300,0.5,0.3,"phi (r)","population",300,300,300,300,0,0.000581969292496443,0.00268646525635182,0.046530943167699,0.00190279176698021,0.0548410711753491,1.17859358615836,0.0481962758475654,0.0464569721867392,0.986666666666667,0.0066220730781117,0.215639710769067,"03a_2x2_to_cor_CAT",300
0,25,0.3,0.5,"phi (r)","population",300,300,280,280,0,-0.00212339516823108,0.0116212085943006,0.201285237306848,0.00823116546298601,0.19031975952847,0.945522692448323,0.0386652982338978,0.200960700326015,0.978571428571429,0.00865393959731266,0.741304186261809,"03a_2x2_to_cor_CAT",300
0.1,25,0.3,0.5,"phi (r)","population",300,300,287,287,0,0.00329801188337936,0.0114712216156176,0.198687386631321,0.00812493144878556,0.189510910161667,0.953814499122278,0.0390043754242254,0.198383380260072,0.979094076655052,0.00844512223688731,0.739505183077359,"03a_2x2_to_cor_CAT",300
0.25,25,0.3,0.5,"phi (r)","population",300,300,267,267,0,-0.000975062156538354,0.0116188583902244,0.201244530578167,0.00822950084106084,0.186329590491149,0.925886482260325,0.0378623138854879,0.200911209153555,0.966292134831461,0.0110449617361946,0.732052391555674,"03a_2x2_to_cor_CAT",300
0.5,25,0.3,0.5,"phi (r)","population",300,300,170,170,0,0.0091456119698054,0.00945996077787696,0.163851327048917,0.00670037903581311,0.176345531053866,1.07625329760813,0.0440112702313687,0.163833478679037,0.970588235294118,0.0129584659592208,0.708626744125951,"03a_2x2_to_cor_CAT",300
0,50,0.3,0.5,"phi (r)","population",300,300,294,294,0,-0.00186109870115211,0.00817189001438022,0.141541286987713,0.00578805365275647,0.137826956120105,0.973757968811388,0.0398199245480136,0.141317443453052,0.965986394557823,0.0105715379799681,0.538018579013558,"03a_2x2_to_cor_CAT",300
0.1,50,0.3,0.5,"phi (r)","population",300,300,296,296,0,0.00344442800851962,0.00854755115707807,0.148047928843534,0.0060541300249745,0.137239260255055,0.926992098620294,0.0379075259006324,0.1478411062201,0.949324324324324,0.0127485626601708,0.536230470931808,"03a_2x2_to_cor_CAT",300
0.25,50,0.3,0.5,"phi (r)","population",300,300,297,297,0,-0.0122779191782029,0.00743131124556919,0.128714086441838,0.00526351041484853,0.135695960912907,1.05424328186662,0.0431112137551199,0.129084619382306,0.976430976430976,0.00880264818912485,0.531802455794149,"03a_2x2_to_cor_CAT",300
0.5,50,0.3,0.5,"phi (r)","population",300,300,246,246,0,0.00496869629714019,0.0062116941798568,0.107589699205919,0.00439966998139452,0.130563621441073,1.21353273040743,0.0496250437060391,0.107525095552291,0.979674796747967,0.00899685793499171,0.522321540019008,"03a_2x2_to_cor_CAT",300
0,100,0.3,0.5,"phi (r)","population",300,300,299,299,0,0.00484598339605428,0.00587349415133064,0.101731902880633,0.00416012687606289,0.0986648813024155,0.969851919689182,0.0396601943210899,0.101677754131588,0.949832775919732,0.0126240299747679,0.385817376562247,"03a_2x2_to_cor_CAT",300
0.1,100,0.3,0.5,"phi (r)","population",300,300,299,299,0,6.75537369712532e-05,0.0058766198899473,0.101786042261586,0.00416234079998818,0.0983211124858508,0.965958694347993,0.0395009884975691,0.101616279706815,0.953177257525084,0.0122174245409932,0.384603420817438,"03a_2x2_to_cor_CAT",300
0.25,100,0.3,0.5,"phi (r)","population",300,300,300,300,0,0.00100334433186504,0.00576827288475511,0.0999094170831774,0.00408559988961563,0.0967159588139646,0.968036463804466,0.0395859548091525,0.0997478087462355,0.946666666666667,0.0129729062394013,0.379053107056233,"03a_2x2_to_cor_CAT",300
0.5,100,0.3,0.5,"phi (r)","population",300,300,289,289,0,-0.000408531378817134,0.00443995000667663,0.076902189946297,0.00314476440688487,0.0955220216856734,1.24212355659025,0.0507942095335135,0.0767749995790428,0.97923875432526,0.00838729809812193,0.37820661695922,"03a_2x2_to_cor_CAT",300
0,300,0.3,0.5,"phi (r)","population",300,300,300,300,0,0.000129154329863912,0.00340844398563169,0.0590359815786664,0.00241416081549496,0.0574705807407636,0.973483953412092,0.0398087192250541,0.0589376476574556,0.933333333333333,0.0144016459964619,0.225079064570426,"03a_2x2_to_cor_CAT",300
0.1,300,0.3,0.5,"phi (r)","population",300,300,300,300,0,-0.000114588954650841,0.0033579169304927,0.0581608273120909,0.00237837309618577,0.0572613560749914,0.984534758553674,0.0402606202528523,0.0580639247566275,0.943333333333333,0.0133486023682326,0.224283826400972,"03a_2x2_to_cor_CAT",300
0.25,300,0.3,0.5,"phi (r)","population",300,300,300,300,0,-0.000381560773085083,0.0031172816661288,0.0539929022723804,0.00220793396662914,0.0562625852001346,1.04203669060619,0.0426120491181699,0.0539041894423095,0.97,0.00984885780179611,0.220512048716439,"03a_2x2_to_cor_CAT",300
0.5,300,0.3,0.5,"phi (r)","population",300,300,300,300,0,0.000603503117581641,0.00257393952926831,0.0445819404030263,0.00182309111700467,0.0548446836446509,1.23019956396801,0.0503066012142633,0.0445116665764335,0.99,0.00574456264653803,0.215682672169917,"03a_2x2_to_cor_CAT",300
0,25,0.5,0.5,"phi (r)","population",300,300,298,298,0,-0.0176250115723543,0.0117073575561981,0.202777381097104,0.00829218376018703,0.188908248043299,0.931604141552832,0.0380961263613917,0.203204933740737,0.966442953020134,0.0104321025533726,0.736471464600904,"03a_2x2_to_cor_CAT",300
0.1,25,0.5,0.5,"phi (r)","population",300,300,296,296,0,0.00584772105512067,0.0125577686641754,0.217506933560482,0.00889451995306424,0.187239302958803,0.86084291610289,0.0352024846674695,0.217222845102902,0.962837837837838,0.0109946448674865,0.731722240519767,"03a_2x2_to_cor_CAT",300
0.25,25,0.5,0.5,"phi (r)","population",300,300,295,295,0,-0.00608219516467421,0.0114745450854278,0.198744950817008,0.00812728542339132,0.183565581524248,0.923623874567075,0.0377697889763085,0.19850663310922,0.949152542372881,0.0127906207267745,0.721704840581103,"03a_2x2_to_cor_CAT",300
0.5,25,0.5,0.5,"phi (r)","population",300,300,282,282,0,-0.00796027825062026,0.0107540265947753,0.186265204480977,0.00761695064473406,0.166825481320931,0.895634167346423,0.0366252047312031,0.186124805821702,0.953900709219858,0.0124874612529957,0.676076497674443,"03a_2x2_to_cor_CAT",300
0.75,25,0.5,0.5,"phi (r)","population",300,300,181,181,0,0.00743106214386878,0.00784612819921379,0.135898926837372,0.0055573203877609,0.136847917454169,1.00698306188932,0.0411785996416601,0.135875594837399,0.94475138121547,0.0169816620149407,0.598277193106031,"03a_2x2_to_cor_CAT",300
0,50,0.5,0.5,"phi (r)","population",300,300,293,293,0,0.000969066590204082,0.00898592576094254,0.155640799709945,0.00636462560466394,0.136994697910831,0.880197854072563,0.0359939669395218,0.155384203710114,0.935153583617747,0.0143863509764825,0.534883396514068,"03a_2x2_to_cor_CAT",300
0.1,50,0.5,0.5,"phi (r)","population",300,300,295,295,0,-0.000624577341432119,0.00780118718970151,0.135120525719185,0.00552548919891617,0.136727473455621,1.01189269896548,0.0413793696319378,0.13489658278072,0.972881355932203,0.00945698974066197,0.533976507275556,"03a_2x2_to_cor_CAT",300
0.25,50,0.5,0.5,"phi (r)","population",300,300,300,300,0,0.00472773223113644,0.00777358435693013,0.134642430631256,0.00550593843688099,0.132984002649925,0.987682723985626,0.040389350132345,0.134500955255298,0.956666666666667,0.0117552194868996,0.52134237739756,"03a_2x2_to_cor_CAT",300
0.5,50,0.5,0.5,"phi (r)","population",300,300,299,299,0,-0.00880243318188625,0.00759006900629236,0.131463851518522,0.0053759566708848,0.12008291759571,0.913429176223332,0.0373528967588994,0.131539415912058,0.949832775919732,0.0126240299747679,0.478526860911307,"03a_2x2_to_cor_CAT",300
0.75,50,0.5,0.5,"phi (r)","population",300,300,285,285,0,-0.00127498365331269,0.00547057189183785,0.0947530846312134,0.0038747417752196,0.0930151941196942,0.981658744743949,0.0401430113021989,0.0946036229413142,0.968421052631579,0.0103587775224556,0.394802335585586,"03a_2x2_to_cor_CAT",300
0,100,0.5,0.5,"phi (r)","population",300,300,296,296,0,-0.00795640663085096,0.00551992680644312,0.0956079368282089,0.00390969928116496,0.0985557910074484,1.03083273499078,0.0421538853017655,0.0957794988453884,0.959459459459459,0.011463367788664,0.385373492958669,"03a_2x2_to_cor_CAT",300
0.1,100,0.5,0.5,"phi (r)","population",300,300,300,300,0,-0.00884988177183742,0.00550278954003647,0.0953111106670174,0.00389756115678386,0.0981589311475162,1.02987920779192,0.0421148926749228,0.0955627936554494,0.956666666666667,0.0117552194868996,0.383922062485172,"03a_2x2_to_cor_CAT",300
0.25,100,0.5,0.5,"phi (r)","population",300,300,300,300,0,0.00573342760765538,0.0054218367381741,0.0939089670086107,0.00384022323866506,0.0953181377240199,1.01500570989435,0.0415066701155025,0.0939274718234295,0.976666666666667,0.0087156734084615,0.373528796056882,"03a_2x2_to_cor_CAT",300
0.5,100,0.5,0.5,"phi (r)","population",300,300,300,300,0,0.00184138698756407,0.00500099322897158,0.0866197436088671,0.00354214472728127,0.0853354243616699,0.985172904078352,0.0402867159639605,0.0864948597063873,0.95,0.0125830573921179,0.337244710751158,"03a_2x2_to_cor_CAT",300
0.75,100,0.5,0.5,"phi (r)","population",300,300,298,298,0,0.00269452155306168,0.00378994327401798,0.0656437430840308,0.00268437227768824,0.0653434597998895,0.995425561218273,0.0407059782927983,0.0655896164225853,0.963087248322148,0.0109222696650304,0.267036064662353,"03a_2x2_to_cor_CAT",300
0,300,0.5,0.5,"phi (r)","population",300,300,300,300,0,-0.00322004006938456,0.00340231370955493,0.0589298020823727,0.00240981881299908,0.0574437717665874,0.974783042479794,0.0398618429275694,0.0589195595107248,0.943333333333333,0.0133486023682326,0.224973986673887,"03a_2x2_to_cor_CAT",300
0.1,300,0.5,0.5,"phi (r)","population",300,300,300,300,0,-0.000521410591244742,0.00326588823027425,0.056566843466762,0.00231319024943667,0.0571669340431956,1.0106085215235,0.0413268557111445,0.0564748937392995,0.95,0.0125830573921179,0.223911975414454,"03a_2x2_to_cor_CAT",300
0.25,300,0.5,0.5,"phi (r)","population",300,300,300,300,0,0.00060294006758089,0.00327894710029929,0.0567930297304901,0.00232243969359418,0.0556163890921996,0.979281953368674,0.0400458170750284,0.056701501466953,0.94,0.0137113092008021,0.217965232316796,"03a_2x2_to_cor_CAT",300
0.5,300,0.5,0.5,"phi (r)","population",300,300,300,300,0,0.00572427063820395,0.00293894772225754,0.0509040677573888,0.00208162213014846,0.0495794332656954,0.973977826329977,0.0398289151905367,0.0511405316248675,0.95,0.0125830573921179,0.194858955147079,"03a_2x2_to_cor_CAT",300
0.75,300,0.5,0.5,"phi (r)","population",300,300,300,300,0,0.00152857417979234,0.00208798679240988,0.0361649920998669,0.00147889650490259,0.0379866834585644,1.05037167860198,0.0429528921240618,0.0361370101663279,0.953333333333333,0.0121776966745069,0.150815604539803,"03a_2x2_to_cor_CAT",300
0,25,0.3,0.1,"phi (z)","population",300,276,133,133,0.08,-0.0136894124120808,0.0126408623763728,0.210005778126883,0.00895467646709379,0.208729568287079,0.993922977495249,0.0423810181608577,0.210071500821143,0.984962406015038,0.0105529330819623,0.817073021660736,"03a_2x2_to_cor_CAT",300
0.1,25,0.3,0.1,"phi (z)","population",300,277,142,142,0.0766666666666667,0.0150261799452491,0.0143158053638711,0.238262486453279,0.0101411248814086,0.213502153338111,0.896079599085259,0.0381396805400504,0.238306223694283,0.985915492957746,0.00988886616196351,0.834541152056112,"03a_2x2_to_cor_CAT",300
0.25,25,0.3,0.1,"phi (z)","population",300,278,150,150,0.0733333333333334,0.0259695957284792,0.0139853490326382,0.23318236756451,0.00990696948119991,0.220128248118834,0.944017553376695,0.0401074626212147,0.234206845454453,1,0,0.859411122199136,"03a_2x2_to_cor_CAT",300
0.5,25,0.3,0.1,"phi (z)","population",300,283,12,12,0.0566666666666666,0.0691102430863333,0.0133088942858359,0.223890256135836,0.00942748046564348,NA,NA,NA,0.23393577286279,NA,NA,NA,"03a_2x2_to_cor_CAT",300
0,50,0.3,0.1,"phi (z)","population",300,299,223,223,0.0033333333333333,-0.00389943440769744,0.00843855561517835,0.145916267222908,0.00597696319159961,0.145859666057697,0.999612098319896,0.0409457069540338,0.145724237545085,0.991031390134529,0.0063132623954833,0.571357771788664,"03a_2x2_to_cor_CAT",300
0.1,50,0.3,0.1,"phi (z)","population",300,298,246,246,0.00666666666666671,-0.0153370714730252,0.00969699617590063,0.167396108022136,0.00686834550686071,0.149596149929494,0.893665639524379,0.0366675453353516,0.167817314385292,0.967479674796748,0.0113091720549653,0.585002648463847,"03a_2x2_to_cor_CAT",300
0.25,50,0.3,0.1,"phi (z)","population",300,297,250,250,0.01,-0.00254950932294801,0.00974047911228661,0.167864377403477,0.00689918341244397,0.157868721396417,0.940453977421105,0.0386524203738313,0.167600931577088,0.964,0.0117820202002882,0.616234840339304,"03a_2x2_to_cor_CAT",300
0.5,50,0.3,0.1,"phi (z)","population",300,297,12,12,0.01,0.0626610717811046,0.00930471824347011,0.160354610573998,0.00659053389702755,NA,NA,NA,0.171911120255511,NA,NA,NA,"03a_2x2_to_cor_CAT",300
0,100,0.3,0.1,"phi (z)","population",300,300,284,284,0,0.0157777436147426,0.0058726152155671,0.101716679266643,0.00415950433619173,0.102096050551266,1.00372968609828,0.0410455592120309,0.102765424268747,0.96830985915493,0.0103946552860162,0.400039587632537,"03a_2x2_to_cor_CAT",300
0.1,100,0.3,0.1,"phi (z)","population",300,300,296,296,0,-0.0181366504503833,0.00615343504979997,0.106580621473287,0.00435840572429629,0.103610057002347,0.972128474858967,0.0397532895849991,0.107937492097414,0.972972972972973,0.00942548422247183,0.405712298075603,"03a_2x2_to_cor_CAT",300
0.25,100,0.3,0.1,"phi (z)","population",300,300,292,292,0,0.00336009058424746,0.00690189958988339,0.119544407584168,0.0048885343613148,0.113804968703543,0.95198906417614,0.0389297278381201,0.119392291943137,0.948630136986301,0.0129184746368917,0.444033911597925,"03a_2x2_to_cor_CAT",300
0.5,100,0.3,0.1,"phi (z)","population",300,300,39,39,0,0.041945620422624,0.00625700330113945,0.108374476206997,0.00443176189947977,0.152817637350043,1.41008882071235,0.0576628199667543,0.116040131314427,1,0,0.59651757924888,"03a_2x2_to_cor_CAT",300
0,300,0.3,0.1,"phi (z)","population",300,300,300,300,0,-6.47546581814145e-05,0.00333393232314149,0.057745401726772,0.0023613850806906,0.0581776677735403,1.00748572239247,0.0411991549582275,0.0576491154226737,0.956666666666667,0.0117552194868996,0.22803475998687,"03a_2x2_to_cor_CAT",300
0.1,300,0.3,0.1,"phi (z)","population",300,300,300,300,0,-0.00104311470568686,0.00385330473568432,0.0667411957925101,0.00272925045629765,0.059121551317929,0.88583296442171,0.0362244037380998,0.0666380322842545,0.916666666666667,0.0159571184626056,0.231695800289244,"03a_2x2_to_cor_CAT",300
0.25,300,0.3,0.1,"phi (z)","population",300,300,300,300,0,0.0062161142720568,0.00379269354552375,0.0656913791838569,0.00268632026267177,0.0642579390088982,0.978179173694211,0.0400007210605805,0.0658757379570831,0.956666666666667,0.0117552194868996,0.251556924090776,"03a_2x2_to_cor_CAT",300
0.5,300,0.3,0.1,"phi (z)","population",300,300,92,92,0,0.0516706784987498,0.00370266506595891,0.064132040176512,0.00262255414870297,0.116254527452674,1.81273708325361,0.0741283318776378,0.0822743451212602,1,0,0.453651769633158,"03a_2x2_to_cor_CAT",300
0,25,0.5,0.1,"phi (z)","population",300,274,144,144,0.0866666666666667,-0.00174649553152044,0.0128223261830316,0.212247264660517,0.00908334439182088,0.205274691821302,0.967148821209227,0.041390148585605,0.211866796723245,1,0,0.804269238408496,"03a_2x2_to_cor_CAT",300
0.1,25,0.5,0.1,"phi (z)","population",300,280,155,155,0.0666666666666667,0.00334759366782576,0.0122270156607144,0.204597104942518,0.00866128610385703,0.20603437788368,1.00702489383496,0.0426307631364645,0.204258859837847,1,0,0.807026118235542,"03a_2x2_to_cor_CAT",300
0.25,25,0.5,0.1,"phi (z)","population",300,287,77,77,0.0433333333333333,0.0229388430008723,0.00975341758203526,0.165233372385793,0.00690875437220728,0.208963236487072,1.26465515694479,0.0528778885204673,0.166532665605494,0.987012987012987,0.0129024061385767,0.818076071888704,"03a_2x2_to_cor_CAT",300
0,50,0.5,0.1,"phi (z)","population",300,299,252,252,0.0033333333333333,0.00308768744538671,0.00844492145732418,0.146026342923775,0.00598147206799081,0.145358911094138,0.995429373794663,0.0407743758817434,0.145814642416432,0.992063492063492,0.00558964454185526,0.569492440151317,"03a_2x2_to_cor_CAT",300
0.1,50,0.5,0.1,"phi (z)","population",300,297,225,225,0.01,0.00754347466258534,0.00815036906972143,0.140460917140262,0.00577290813346019,0.147716029941573,1.05165218161053,0.0432226384135604,0.140427008577039,0.982222222222222,0.00880952222063319,0.578426251961843,"03a_2x2_to_cor_CAT",300
0.25,50,0.5,0.1,"phi (z)","population",300,300,143,143,0,-0.00840635005865719,0.00656038494358633,0.113629200395014,0.00464664355117282,0.153289194374242,1.3490299486519,0.0551659370078379,0.113750706604886,0.972027972027972,0.0137890180340653,0.599745616737829,"03a_2x2_to_cor_CAT",300
0,100,0.5,0.1,"phi (z)","population",300,300,296,296,0,0.0134259226225579,0.00604202594608106,0.104650959192618,0.00427949596552618,0.102587388988986,0.980281401914014,0.0400866875653758,0.105335523830609,0.986486486486487,0.00671094770818588,0.401848319477546,"03a_2x2_to_cor_CAT",300
0.1,100,0.5,0.1,"phi (z)","population",300,300,292,292,0,-0.000390367420225371,0.00537538645584806,0.0931044245184643,0.00380732304962486,0.103990176336148,1.11691981207106,0.0456742476748511,0.0929499406782354,0.982876712328767,0.00759192087938933,0.407182266013701,"03a_2x2_to_cor_CAT",300
0.25,100,0.5,0.1,"phi (z)","population",300,300,211,211,0,0.00541574501034387,0.00508590024842,0.0880903763249061,0.00360228337124225,0.115420863903476,1.31025508936148,0.0535803150968933,0.0881100352612787,0.976303317535545,0.0104711632240008,0.450777691721267,"03a_2x2_to_cor_CAT",300
0,300,0.5,0.1,"phi (z)","population",300,300,299,299,0,-0.00050131188633099,0.00323351811433482,0.0560061766122222,0.00229026287676356,0.0580636960251164,1.0367373660791,0.0423953436229825,0.0559150023958783,0.969899665551839,0.00988128603776342,0.227597048693452,"03a_2x2_to_cor_CAT",300
0.1,300,0.5,0.1,"phi (z)","population",300,300,300,300,0,0.00360948778949814,0.00320031417426208,0.0554310675000475,0.00226674491625678,0.0593910733663662,1.07144018769466,0.0438144475303131,0.0554561956456028,0.973333333333333,0.00930153312731393,0.232684226956455,"03a_2x2_to_cor_CAT",300
0.25,300,0.5,0.1,"phi (z)","population",300,300,299,299,0,0.00191364780434917,0.00280955110890293,0.0486628526708136,0.00198997202971104,0.0707547482988543,1.45397863905522,0.0594576081079722,0.0486193552049681,0.996655518394649,0.00333888414267444,0.275570713969034,"03a_2x2_to_cor_CAT",300
0,25,0.3,0.3,"phi (z)","population",300,300,271,271,0,0.00590131089251498,0.0131009833117901,0.226915687251324,0.00927927250355428,0.207509076774589,0.914476558620466,0.0373957274102138,0.22661403051721,0.970479704797048,0.0102817947831789,0.812570761451306,"03a_2x2_to_cor_CAT",300
0.1,25,0.3,0.3,"phi (z)","population",300,299,280,280,0.0033333333333333,0.00716596240919527,0.0134744083372332,0.232994301070887,0.0095438184368147,0.209986969384777,0.901253671955223,0.0369167888275357,0.232714708750269,0.967857142857143,0.0105406854408374,0.821428906072046,"03a_2x2_to_cor_CAT",300
0.25,25,0.3,0.3,"phi (z)","population",300,300,272,272,0,0.00665286517645989,0.0140961241232479,0.244152031712626,0.00998411904439483,0.217333428702779,0.890156134185222,0.0364011912965128,0.243835548042449,0.970588235294118,0.0102445668532241,0.848248555062601,"03a_2x2_to_cor_CAT",300
0.5,25,0.3,0.3,"phi (z)","population",300,299,265,265,0.0033333333333333,0.0458958522392904,0.0172321770831514,0.29797219699244,0.0122054167601697,0.24636476007555,0.826804522576986,0.0338672328462286,0.300993208405517,0.954716981132075,0.012772681205225,0.954734311668862,"03a_2x2_to_cor_CAT",300
0.75,25,0.3,0.3,"phi (z)","population",300,278,160,160,0.0733333333333334,0.258593871133489,0.0198492847185865,0.3309537140861,0.0140608759546696,0.299837288696594,0.905979525035905,0.038491381654917,0.419532069038051,0.96875,0.0137553256731711,1.1617627923902,"03a_2x2_to_cor_CAT",300
0,50,0.3,0.3,"phi (z)","population",300,300,297,297,0,-0.0012897468779874,0.00795432783563904,0.137772999513862,0.00563395691856786,0.143982600826738,1.04507125006196,0.0427361414824283,0.137549233043078,0.962962962962963,0.0109583378345506,0.56417122999158,"03a_2x2_to_cor_CAT",300
0.1,50,0.3,0.3,"phi (z)","population",300,300,298,298,0,-0.000803348507013752,0.0089908547840356,0.155726172894234,0.00636811677378983,0.145055583651869,0.931478511003978,0.0380909889462059,0.155468488200538,0.963087248322148,0.0109222696650304,0.568100023235375,"03a_2x2_to_cor_CAT",300
0.25,50,0.3,0.3,"phi (z)","population",300,300,300,300,0,0.0253570155436856,0.00938944345194608,0.162629931135655,0.00665043244264817,0.151752017689095,0.933112475848704,0.0381578067376028,0.164326842269099,0.94,0.0137113092008021,0.593576620090571,"03a_2x2_to_cor_CAT",300
0.5,50,0.3,0.3,"phi (z)","population",300,300,296,296,0,0.065418897849759,0.0109407504045691,0.189499355736435,0.00774920492464141,0.176511893142321,0.931464344331718,0.0380904096278963,0.200174768642269,0.952702702702703,0.0123381772611378,0.685954187449133,"03a_2x2_to_cor_CAT",300
0.75,50,0.3,0.3,"phi (z)","population",300,299,257,257,0.0033333333333333,0.273408025032272,0.0152118493494783,0.263037464686565,0.0107744343681817,0.240446030574901,0.914113245660332,0.0374435374907104,0.379090036297648,0.961089494163424,0.0120628184516127,0.92775647890569,"03a_2x2_to_cor_CAT",300
0,100,0.3,0.3,"phi (z)","population",300,300,297,297,0,0.011796810867129,0.00602185150578403,0.104301527636531,0.0042652066465745,0.100935265837021,0.967725671178653,0.039573245553561,0.104793657815686,0.922558922558923,0.0155097402833199,0.39562227619543,"03a_2x2_to_cor_CAT",300
0.1,100,0.3,0.3,"phi (z)","population",300,300,298,298,0,0.00918385277775834,0.00614547673577354,0.106442779430923,0.00435276894400563,0.101702163592941,0.955463246419088,0.0390717977150415,0.106661340515267,0.946308724832215,0.0130575034535089,0.39858255167022,"03a_2x2_to_cor_CAT",300
0.25,100,0.3,0.3,"phi (z)","population",300,300,300,300,0,0.00826542791596762,0.00583430377156636,0.101053105591437,0.00413236879068137,0.10529851239028,1.04201164104751,0.0426110247655397,0.101222568371926,0.966666666666667,0.010363754503432,0.41249516949026,"03a_2x2_to_cor_CAT",300
0.5,100,0.3,0.3,"phi (z)","population",300,300,300,300,0,0.0528679847733481,0.00708358997956953,0.122691377446002,0.00501722352891776,0.121255309620017,0.988295283206706,0.0404143995416909,0.133409222569482,0.943333333333333,0.0133486023682326,0.473660560228242,"03a_2x2_to_cor_CAT",300
0.75,100,0.3,0.3,"phi (z)","population",300,300,299,299,0,0.249824219245978,0.0103370312059987,0.179042632482147,0.00732159771182092,0.171567329149424,0.958248472840852,0.0391856940933162,0.307183252398053,0.74247491638796,0.0252880340337708,0.662744132243653,"03a_2x2_to_cor_CAT",300
0,300,0.3,0.3,"phi (z)","population",300,300,299,299,0,-0.00272968252971392,0.00357470773390484,0.0619157541733259,0.00253192347429482,0.0579156440160829,0.935394307787237,0.0382511177846328,0.061872718108888,0.94314381270903,0.0133919010689227,0.227022850659967,"03a_2x2_to_cor_CAT",300
0.1,300,0.3,0.3,"phi (z)","population",300,300,300,300,0,0.00894508632203423,0.00333261510342433,0.0577225868120234,0.00236045210944625,0.0583510486172633,1.01088762371802,0.0413382690486296,0.0583164237085288,0.953333333333333,0.0121776966745069,0.228722710166537,"03a_2x2_to_cor_CAT",300
0.25,300,0.3,0.3,"phi (z)","population",300,300,300,300,0,0.00716658682208696,0.00384624548189826,0.0666189259303002,0.00272425046980857,0.0604624535815716,0.907586736610407,0.037113981636236,0.0668928071953802,0.913333333333333,0.0162435172253995,0.236954430690805,"03a_2x2_to_cor_CAT",300
0.5,300,0.3,0.3,"phi (z)","population",300,300,300,300,0,0.0522190385214867,0.00427395677092672,0.0740271027659811,0.00302719334892589,0.0690315054142951,0.932516643701722,0.0381334413491839,0.090490735556486,0.88,0.0187616630392937,0.270350373860493,"03a_2x2_to_cor_CAT",300
0.75,300,0.3,0.3,"phi (z)","population",300,300,300,300,0,0.230930913419829,0.00559320382377684,0.0968771319987001,0.00396160053131581,0.0935229663532016,0.965377116598131,0.0394772060147961,0.250365695629804,0.266666666666667,0.025531389540169,0.365336838007001,"03a_2x2_to_cor_CAT",300
0,25,0.5,0.3,"phi (z)","population",300,300,287,287,0,-0.00741108432656987,0.0126386701536456,0.218908188462186,0.00895182152721875,0.20714673888429,0.94627222645019,0.0386959489585712,0.218668660679666,0.958188153310105,0.0118150108512687,0.811104619031033,"03a_2x2_to_cor_CAT",300
0.1,25,0.5,0.3,"phi (z)","population",300,300,283,283,0,0.0182577715253919,0.0114981149738282,0.19915319325939,0.00814397969832782,0.20747310348775,1.04177643397123,0.0426014064329245,0.19965754170212,0.982332155477032,0.0078311897459475,0.812262790196311,"03a_2x2_to_cor_CAT",300
0.25,25,0.5,0.3,"phi (z)","population",300,300,268,268,0,0.0335562715777718,0.0122871005081577,0.212818823578346,0.00870280887932656,0.216946586485541,1.01939566640672,0.0416861887871749,0.215097424885968,0.977611940298508,0.00903699578686671,0.84766691638885,"03a_2x2_to_cor_CAT",300
0.5,25,0.5,0.3,"phi (z)","population",300,300,186,186,0,0.0702619559951911,0.0138497987625709,0.239885551313774,0.0098096496864955,0.242549324571197,1.01110435056565,0.0413471316684969,0.249579653144281,0.983870967741935,0.0092366982465175,0.94409987362636,"03a_2x2_to_cor_CAT",300
0,50,0.5,0.3,"phi (z)","population",300,300,294,294,0,-0.0122339457426294,0.0085422257104109,0.147955689401528,0.00605035807369025,0.143782606674753,0.971795050642157,0.0397396548548289,0.148214661334928,0.945578231292517,0.013230047202243,0.563447659478543,"03a_2x2_to_cor_CAT",300
0.1,50,0.5,0.3,"phi (z)","population",300,300,293,293,0,0.00848784048990409,0.00852243350706532,0.147612878383645,0.00603633948867884,0.144885483723887,0.981523328522395,0.0401374737210981,0.147610885194841,0.938566552901024,0.0140281748034356,0.567632138556076,"03a_2x2_to_cor_CAT",300
0.25,50,0.5,0.3,"phi (z)","population",300,300,297,297,0,0.00149386967891377,0.00799324422178985,0.138447051094464,0.00566152093749321,0.150646699678664,1.08811779295954,0.044496445526283,0.138224186198297,0.973063973063973,0.00939418786374256,0.58951018939831,"03a_2x2_to_cor_CAT",300
0.5,50,0.5,0.3,"phi (z)","population",300,300,256,256,0,0.0443049449971979,0.00902661596174913,0.156345574661617,0.0063934459956623,0.181381303728178,1.16013071761543,0.0474412730071606,0.162251000218042,0.98046875,0.00864892069527263,0.705931471692768,"03a_2x2_to_cor_CAT",300
0,100,0.5,0.3,"phi (z)","population",300,300,299,299,0,-0.00582521994290657,0.00594614841811616,0.102990311695225,0.00421158703931965,0.100722020371585,0.97797568250543,0.0399923996870535,0.102983400650069,0.953177257525084,0.0122174245409932,0.394804223930459,"03a_2x2_to_cor_CAT",300
0.1,100,0.5,0.3,"phi (z)","population",300,300,298,298,0,0.00522833253229212,0.00596753383236088,0.103360717935353,0.00422673407688587,0.101515327374363,0.982146113167053,0.0401629412791097,0.103320675632418,0.946308724832215,0.0130575034535089,0.397859927728562,"03a_2x2_to_cor_CAT",300
0.25,100,0.5,0.3,"phi (z)","population",300,300,300,300,0,0.0150794374240489,0.00608188296306265,0.105341302977121,0.00430772622221372,0.106060039001285,1.0068229270367,0.0411720512405657,0.10624118902557,0.95,0.0125830573921179,0.415328581938721,"03a_2x2_to_cor_CAT",300
0.5,100,0.5,0.3,"phi (z)","population",300,300,290,290,0,0.0451522724180673,0.00612766877107135,0.106134336434487,0.00434015577190453,0.131742673486277,1.24128230233575,0.0507598080887881,0.115176719654348,0.986206896551724,0.00684882414915171,0.51190210253516,"03a_2x2_to_cor_CAT",300
0,300,0.5,0.3,"phi (z)","population",300,300,298,298,0,-0.00420806269716922,0.00321384643490158,0.0556654531297364,0.00227632965742274,0.0578498995254808,1.03924240750638,0.0424977823847886,0.05573169345081,0.939597315436242,0.0138003745038729,0.226766296366318,"03a_2x2_to_cor_CAT",300
0.1,300,0.5,0.3,"phi (z)","population",300,300,300,300,0,0.00127432581298341,0.00353421777796138,0.0612144475644229,0.00250324491437954,0.0582590549584356,0.951720668509227,0.0389187523231074,0.0611256231182395,0.94,0.0137113092008021,0.228362857692855,"03a_2x2_to_cor_CAT",300
0.25,300,0.5,0.3,"phi (z)","population",300,300,300,300,0,0.00573810831790347,0.0035248924501549,0.0610529281488423,0.00249663989429502,0.0604483588339007,0.990097619667517,0.0404881025604885,0.0612205933965894,0.936666666666667,0.0140620318852128,0.236895167932297,"03a_2x2_to_cor_CAT",300
0.5,300,0.5,0.3,"phi (z)","population",300,300,300,300,0,0.0520427637433606,0.00361932711599933,0.0626885845412257,0.00256352685821963,0.0742507906218492,1.18443878044526,0.0484353036172248,0.0813953829222336,0.946666666666667,0.0129729062394013,0.290200605607383,"03a_2x2_to_cor_CAT",300
0,25,0.3,0.5,"phi (z)","population",300,300,280,280,0,-0.00255576413377587,0.0121650253318298,0.210704419500916,0.00861634446668607,0.205696397047949,0.976232000900462,0.039921095243681,0.210368477881553,0.978571428571429,0.00865393959731266,0.805622635289868,"03a_2x2_to_cor_CAT",300
0.1,25,0.3,0.5,"phi (z)","population",300,300,287,287,0,0.00792788214150885,0.0120208217237672,0.208206739742924,0.00851420674592398,0.207924842032977,0.998646068276678,0.0408376746199961,0.208010570968672,0.979094076655052,0.00844512223688731,0.814036849170572,"03a_2x2_to_cor_CAT",300
0.25,25,0.3,0.5,"phi (z)","population",300,300,267,267,0,0.015774925529759,0.0127838367849578,0.221422548272149,0.00905464134603008,0.215740645452952,0.97433909570848,0.0398436885940458,0.221615357490985,0.966292134831461,0.0110449617361946,0.843391801241858,"03a_2x2_to_cor_CAT",300
0.5,25,0.3,0.5,"phi (z)","population",300,300,170,170,0,0.0890229796701886,0.0136472962450658,0.236378104823979,0.00966621953336379,0.241448486015381,1.02145029970174,0.0417702089907594,0.252217070506209,0.988235294117647,0.00826982380417419,0.940118746983534,"03a_2x2_to_cor_CAT",300
0,50,0.3,0.5,"phi (z)","population",300,300,294,294,0,-0.00172621374120606,0.0083198349733063,0.14410376884355,0.00589284132836299,0.143675682020913,0.997029315568413,0.0407715606852013,0.143873751444843,0.965986394557823,0.0105715379799681,0.563049380761747,"03a_2x2_to_cor_CAT",300
0.1,50,0.3,0.5,"phi (z)","population",300,300,296,296,0,0.0058625043869094,0.00881597311824705,0.152697133589653,0.00624425014530042,0.145168451023531,0.950695324862126,0.0388768229033018,0.152555111950276,0.949324324324324,0.0127485626601708,0.568653440109953,"03a_2x2_to_cor_CAT",300
0.25,50,0.3,0.5,"phi (z)","population",300,300,297,297,0,-0.00302237328158415,0.00804032140925631,0.139262451900157,0.00569486515607633,0.150277063676472,1.07909247342716,0.0441273727645581,0.139063001841369,0.97979797979798,0.00816370768529641,0.587958968251805,"03a_2x2_to_cor_CAT",300
0.5,50,0.3,0.5,"phi (z)","population",300,300,246,246,0,0.0667251312830452,0.00849544461549913,0.147145417069319,0.00601722357398363,0.183062255389763,1.24409077112829,0.0508746549182841,0.161343869824758,1,0,0.712710248000911,"03a_2x2_to_cor_CAT",300
0,100,0.3,0.5,"phi (z)","population",300,300,299,299,0,0.00496112784155953,0.00593626494039821,0.102819124839595,0.00420458668821279,0.100726755530158,0.979649998843102,0.040060867573706,0.102767436383312,0.949832775919732,0.0126240299747679,0.394817222693957,"03a_2x2_to_cor_CAT",300
0.1,100,0.3,0.5,"phi (z)","population",300,300,299,299,0,0.00148390820125801,0.00599490801417814,0.103834852672584,0.00424612288813758,0.101452914110349,0.977060317408593,0.0399549676246135,0.10367227059821,0.956521739130435,0.0117936411784159,0.397624946076006,"03a_2x2_to_cor_CAT",300
0.25,100,0.3,0.5,"phi (z)","population",300,300,300,300,0,0.00953882435419223,0.0062872241665378,0.108897916950184,0.00445316698325484,0.10588873495844,0.972366946255545,0.039763041405598,0.109133937427497,0.946666666666667,0.0129729062394013,0.414520363426311,"03a_2x2_to_cor_CAT",300
0.5,100,0.3,0.5,"phi (z)","population",300,300,289,289,0,0.0543337038377653,0.00611950107233136,0.105992867742501,0.00433437068688216,0.132111364656723,1.24641749459665,0.0509698017164841,0.118950372389645,0.982698961937716,0.00767003610071923,0.51337656117108,"03a_2x2_to_cor_CAT",300
0,300,0.3,0.5,"phi (z)","population",300,300,300,300,0,0.0001374552746634,0.00342119246944847,0.0592567917955679,0.00242319041674914,0.0578648978551611,0.976510811702248,0.0399324966652312,0.0591581077278745,0.933333333333333,0.0144016459964619,0.226824966257961,"03a_2x2_to_cor_CAT",300
0.1,300,0.3,0.5,"phi (z)","population",300,300,300,300,0,0.000571473932646777,0.00340545412049352,0.0589841955953957,0.00241204312915756,0.058240292706634,0.987388098095556,0.0403773019837411,0.0588885794931819,0.943333333333333,0.0133486023682326,0.228289561580659,"03a_2x2_to_cor_CAT",300
0.25,300,0.3,0.5,"phi (z)","population",300,300,300,300,0,0.00582930959463456,0.00333200752628099,0.0577120632672056,0.00236002176969649,0.0604528008372819,1.04748985593162,0.0428350456314326,0.0579099371675781,0.97,0.00984885780179611,0.236919261220571,"03a_2x2_to_cor_CAT",300
0.5,300,0.3,0.5,"phi (z)","population",300,300,300,300,0,0.0519209387029071,0.00347769409919451,0.0602354287298738,0.00246320985703319,0.0742124602806755,1.23204004429821,0.050381864051876,0.0794480735689366,0.963333333333333,0.0108508405545718,0.290125259246167,"03a_2x2_to_cor_CAT",300
0,25,0.5,0.5,"phi (z)","population",300,300,298,298,0,-0.0180070683782105,0.0121582685340836,0.210587388330987,0.00861155870625527,0.205634550496945,0.976480843068069,0.0399312711566449,0.21100587466205,0.966442953020134,0.0104321025533726,0.805482350579935,"03a_2x2_to_cor_CAT",300
0.1,25,0.5,0.5,"phi (z)","population",300,300,296,296,0,0.0115414831024483,0.0132058440835602,0.228731929095592,0.0093535441557678,0.208002554621727,0.909372624295045,0.0371870120145551,0.228641874778081,0.962837837837838,0.0109946448674865,0.814336978697392,"03a_2x2_to_cor_CAT",300
0.25,25,0.5,0.5,"phi (z)","population",300,300,295,295,0,0.010536443368988,0.0127315200982392,0.220516396677346,0.00901758605170665,0.21471966957053,0.973712942918717,0.0398180833023383,0.22040055861639,0.955932203389831,0.0119498707052213,0.83899152461448,"03a_2x2_to_cor_CAT",300
0.5,25,0.5,0.5,"phi (z)","population",300,300,282,282,0,0.0746145156237564,0.01595275416665,0.276309807372939,0.0112991482831169,0.245017107494475,0.88674777715643,0.0362618132127731,0.285762043012603,0.968085106382979,0.0104671612763892,0.950701069825271,"03a_2x2_to_cor_CAT",300
0.75,25,0.5,0.5,"phi (z)","population",300,288,181,181,0.04,0.284769937381225,0.0182922021840014,0.310428964971426,0.0129570546544814,0.300695354703649,0.968644645422591,0.0404304463427455,0.420862750630888,1,0,1.16606388565115,"03a_2x2_to_cor_CAT",300
0,50,0.5,0.5,"phi (z)","population",300,300,293,293,0,0.000612503419161901,0.00925127318398848,0.160236751893675,0.00655256806577244,0.14345562836804,0.895272942522132,0.0366104331496512,0.159970640313618,0.935153583617747,0.0143863509764825,0.562195302446478,"03a_2x2_to_cor_CAT",300
0.1,50,0.5,0.5,"phi (z)","population",300,300,295,295,0,0.00186250905106371,0.00806776870690205,0.139737853040686,0.00571430575441003,0.143774025549293,1.02888388808601,0.0420741910253754,0.139517194712615,0.972881355932203,0.00945698974066197,0.563419716694915,"03a_2x2_to_cor_CAT",300
0.25,50,0.5,0.5,"phi (z)","population",300,300,300,300,0,0.0159913657642165,0.00851678092019234,0.147514972707063,0.0060323358278317,0.148769815199489,1.00850654323014,0.0412408994266016,0.148134585409782,0.96,0.0113137084989848,0.582515959994158,"03a_2x2_to_cor_CAT",300
0.5,50,0.5,0.5,"phi (z)","population",300,300,299,299,0,0.0537243267300326,0.010550304581483,0.182736635704553,0.00747265673706909,0.169931286568934,0.929924565557166,0.0380274433913291,0.190178001841568,0.939799331103679,0.0137556979207458,0.661578872364282,"03a_2x2_to_cor_CAT",300
0.75,50,0.5,0.5,"phi (z)","population",300,299,285,285,0.0033333333333333,0.254536163795465,0.0130760375597394,0.226105826375287,0.00926165551909855,0.233352835843666,1.03205140524044,0.0422744727394751,0.340208054934476,0.912280701754386,0.0167567344891551,0.900235139730296,"03a_2x2_to_cor_CAT",300
0,100,0.5,0.5,"phi (z)","population",300,300,296,296,0,-0.00811006515760968,0.00557030397084864,0.0964804949111251,0.00394538083462931,0.100489071578645,1.04154805249716,0.0425920672199406,0.09666038883032,0.959459459459459,0.011463367788664,0.393900968626366,"03a_2x2_to_cor_CAT",300
0.1,100,0.5,0.5,"phi (z)","population",300,300,300,300,0,-0.00781582365396695,0.0055925883240342,0.0968664712304371,0.00396116458008208,0.100928240244835,1.04193162982819,0.0426077528634672,0.0970202211081014,0.956666666666667,0.0117552194868996,0.395608461187493,"03a_2x2_to_cor_CAT",300
0.25,100,0.5,0.5,"phi (z)","population",300,300,300,300,0,0.0142242902995876,0.00588286513688089,0.101894213111533,0.0041667642349907,0.10424634823476,1.02308408938447,0.0418370196192497,0.102713937700425,0.966666666666667,0.010363754503432,0.408452283837453,"03a_2x2_to_cor_CAT",300
0.5,100,0.5,0.5,"phi (z)","population",300,300,300,300,0,0.0586582831809208,0.00680374877833984,0.117844385660193,0.00481901529506745,0.117745702348741,0.999162596411367,0.0408587970261884,0.131460269358931,0.936666666666667,0.0140620318852128,0.460523244594148,"03a_2x2_to_cor_CAT",300
0.75,100,0.5,0.5,"phi (z)","population",300,300,298,298,0,0.247086260937372,0.00904362291473968,0.156640143728233,0.00640549182058236,0.161375392457612,1.03023010970671,0.042129242121313,0.292414034984281,0.718120805369127,0.0260628637463631,0.625886226859534,"03a_2x2_to_cor_CAT",300
0,300,0.5,0.5,"phi (z)","population",300,300,300,300,0,-0.00323841398826917,0.003413788680121,0.0591285544027308,0.00241794639978542,0.0578370668462181,0.978157971735344,0.0399998540480072,0.0591186883968478,0.943333333333333,0.0133486023682326,0.226716462306552,"03a_2x2_to_cor_CAT",300
0.1,300,0.5,0.5,"phi (z)","population",300,300,300,300,0,0.000137283290591973,0.00331147961691362,0.0573565094472311,0.00234548209275662,0.0581249554036533,1.01339771132916,0.0414409141642394,0.0572610000385861,0.95,0.0125830573921179,0.227840951671955,"03a_2x2_to_cor_CAT",300
0.25,300,0.5,0.5,"phi (z)","population",300,300,300,300,0,0.00698880702792702,0.0035168934969628,0.0609143822154815,0.00249097432976096,0.0597898419278592,0.981539002010325,0.0401381146576827,0.0612130447249473,0.95,0.0125830573921179,0.234342052291645,"03a_2x2_to_cor_CAT",300
0.5,300,0.5,0.5,"phi (z)","population",300,300,300,300,0,0.0593132772069394,0.00394689579360999,0.0683622404671239,0.00279553990264835,0.0673144844378676,0.98467346853911,0.0402662925259746,0.0904205882988299,0.87,0.0194164878389476,0.263704670188726,"03a_2x2_to_cor_CAT",300
0.75,300,0.5,0.5,"phi (z)","population",300,300,300,300,0,0.231971892027546,0.00500796045085119,0.0867404194316981,0.00354707952865266,0.0890430222167548,1.02654590328411,0.0419785837170009,0.247608116559512,0.216666666666667,0.0237853051428974,0.34818149590292,"03a_2x2_to_cor_CAT",300
0,25,0.3,0.1,"tetrachoric (r)","population",300,172,172,134,0.426666666666667,0.132168598246937,0.0408244264580497,0.535407333577098,0.0289515128455697,8202.37797494111,15319.8834990555,828.404424258169,0.549966287525944,0.992537313432836,0.00743478857580355,1.28808513144967,"03a_2x2_to_cor_CAT",300
0.1,25,0.3,0.1,"tetrachoric (r)","population",300,207,207,143,0.31,0.281688567410133,0.0359991775923471,0.517937972132133,0.0255169724107416,9318.35351341994,17991.2538079805,886.365456394401,0.588483008419609,0.986013986013986,0.00982020373465788,1.26146842808001,"03a_2x2_to_cor_CAT",300
0.25,25,0.3,0.1,"tetrachoric (r)","population",300,230,230,151,0.233333333333333,0.353832011954686,0.0230507056484605,0.349581259659543,0.0163348595219172,6874.25349321411,19664.2505948658,918.850087626951,0.496862973824939,0.993377483443709,0.00660055126673938,1.22286558148944,"03a_2x2_to_cor_CAT",300
0.5,25,0.3,0.1,"tetrachoric (r)","population",300,225,224,12,0.25,0.473086918391796,0.00771156083185394,0.115673412477809,0.00546505504854426,8524.44246534316,73694.0519238031,3481.71668741186,0.486962116121207,NA,NA,NA,"03a_2x2_to_cor_CAT",300
0,50,0.3,0.1,"tetrachoric (r)","population",300,240,240,223,0.2,0.0431526443289325,0.0236251444327507,0.365999163759154,0.0167404120983503,4273.17652832255,11675.3723818192,534.019102846825,0.367776278647102,0.991031390134529,0.0063132623954833,1.08400661010605,"03a_2x2_to_cor_CAT",300
0.1,50,0.3,0.1,"tetrachoric (r)","population",300,258,258,248,0.14,0.129842333448607,0.0195938256981592,0.314723442749948,0.0138818559614552,2553.15147373311,8112.36510195915,357.821085293628,0.339891098686431,0.959677419354839,0.0124913954473824,1.04442913680112,"03a_2x2_to_cor_CAT",300
0.25,50,0.3,0.1,"tetrachoric (r)","population",300,286,286,250,0.0466666666666666,0.244343832788686,0.0167627828049517,0.283484380145841,0.0118738540563734,2949.26167850575,10403.612632867,435.759381162922,0.373880076389704,0.964,0.0117820202002882,0.963961777087473,"03a_2x2_to_cor_CAT",300
0.5,50,0.3,0.1,"tetrachoric (r)","population",300,248,248,12,0.173333333333333,0.486546459927647,0.00389764753730358,0.0613802147977023,0.00276162642355249,5510.05097623301,89769.1706422519,4038.90593219813,0.490387394597794,NA,NA,NA,"03a_2x2_to_cor_CAT",300
0,100,0.3,0.1,"tetrachoric (r)","population",300,289,289,286,0.0366666666666666,0.0332525635510783,0.0135897692686504,0.231026077567057,0.00962608656529402,1006.43945728216,4356.38897513652,181.516207297355,0.233010943240791,0.972027972027972,0.00975030815779114,0.823150458596303,"03a_2x2_to_cor_CAT",300
0.1,100,0.3,0.1,"tetrachoric (r)","population",300,297,297,297,0.01,0.0669073271463685,0.0127614199362614,0.219926328847899,0.0090389164360949,0.21856342790473,0.993802920503838,0.0408450484279844,0.22952413099192,0.956228956228956,0.0118712423788313,0.805101094440732,"03a_2x2_to_cor_CAT",300
0.25,100,0.3,0.1,"tetrachoric (r)","population",300,300,300,293,0,0.229675202426042,0.0119365603184761,0.206747289392111,0.00845452538288271,774.29842092518,3745.14424446295,153.150337160248,0.308792258335911,0.798634812286689,0.0234278537361893,0.696927462838028,"03a_2x2_to_cor_CAT",300
0.5,100,0.3,0.1,"tetrachoric (r)","population",300,274,274,39,0.0866666666666667,0.470976346811337,0.00459099913434403,0.0759945578059643,0.00325226683867895,3099.80353975792,40789.8095502128,1745.64269845354,0.477045925251254,0.615384615384615,0.0779030282372051,0.481883570722295,"03a_2x2_to_cor_CAT",300
0,300,0.3,0.1,"tetrachoric (r)","population",300,300,300,300,0,-0.00593764891033641,0.00757611941558202,0.131222237519971,0.00536607633973455,0.130307755925611,0.993031047087417,0.040608059328257,0.131137842398489,0.95,0.0125830573921179,0.499265230632863,"03a_2x2_to_cor_CAT",300
0.1,300,0.3,0.1,"tetrachoric (r)","population",300,300,300,300,0,0.10335863871513,0.00773997798143287,0.134060351133061,0.00548213543609286,0.124129638549146,0.925923567259211,0.037863830403868,0.169101385812806,0.86,0.0200333056017556,0.476073932522746,"03a_2x2_to_cor_CAT",300
0.25,300,0.3,0.1,"tetrachoric (r)","population",300,300,300,300,0,0.234173194644507,0.00592093330586842,0.102553573139909,0.00419372747166842,0.104039861233328,1.01449279676869,0.0414856955380226,0.255576334981477,0.466666666666667,0.0288032919929238,0.40264196881497,"03a_2x2_to_cor_CAT",300
0.5,300,0.3,0.1,"tetrachoric (r)","population",300,279,279,92,0.07,0.458603642973682,0.00370175546468883,0.0618315064686172,0.00262223996460583,1658.35793878922,26820.5973540516,1137.44668815552,0.462738299200953,0,0,0.222446125008257,"03a_2x2_to_cor_CAT",300
0,25,0.5,0.1,"tetrachoric (r)","population",300,216,216,149,0.28,-0.00209125385427498,0.0407487961204004,0.598882548766102,0.0288806810465575,7687.26873891468,12836.0206099727,619.007880439082,0.597498298051136,1,0,1.28941699334772,"03a_2x2_to_cor_CAT",300
0.1,25,0.5,0.1,"tetrachoric (r)","population",300,229,229,155,0.236666666666667,0.168809338287177,0.0365022996131408,0.552380026651831,0.0258675647781612,8590.64772599358,15552.0607398941,728.291971492074,0.576444159186113,1,0,1.28265193267727,"03a_2x2_to_cor_CAT",300
0.25,25,0.5,0.1,"tetrachoric (r)","population",300,222,222,77,0.26,0.449456899243137,0.030329676140902,0.451901996641157,0.0214947859913765,11793.3511783435,26097.1433319607,1241.31452190111,0.636637282595598,1,0,1.25791093995597,"03a_2x2_to_cor_CAT",300
0,50,0.5,0.1,"tetrachoric (r)","population",300,278,278,258,0.0733333333333334,0.0126238947837043,0.0216517885561377,0.361007459001827,0.0153377372233224,2982.55032918516,8261.74156465302,351.007764426848,0.360578629742232,0.988372093023256,0.00667422984439635,1.04695279941153,"03a_2x2_to_cor_CAT",300
0.1,50,0.5,0.1,"tetrachoric (r)","population",300,264,264,228,0.12,0.160699589440723,0.0239524379239988,0.38918105115845,0.0169691002213113,4735.94085338902,12168.9913712187,530.593238174923,0.420371894094634,0.982456140350877,0.0086946425926904,1.02236061411643,"03a_2x2_to_cor_CAT",300
0.25,50,0.5,0.1,"tetrachoric (r)","population",300,275,275,146,0.0833333333333334,0.406372943400892,0.0216538126282446,0.359087858842734,0.0153394730997702,7614.79914168588,21205.949892672,905.873283998112,0.541861764562904,0.993150684931507,0.00682581820655539,0.997256818948742,"03a_2x2_to_cor_CAT",300
0,100,0.5,0.1,"tetrachoric (r)","population",300,298,298,297,0.00666666666666671,0.0283360980490535,0.0136263347758384,0.235227009138237,0.00965148109114492,367.335429125801,1561.6209655156,64.0740843299667,0.236535416547592,0.95959595959596,0.0114255832500108,0.792256424079676,"03a_2x2_to_cor_CAT",300
0.1,100,0.5,0.1,"tetrachoric (r)","population",300,299,299,294,0.0033333333333333,0.119876826755776,0.0127447540901385,0.22037739967749,0.00902701001883913,942.914947669123,4278.63723344147,175.259809897827,0.250547845979223,0.948979591836735,0.0128329568962529,0.777556585592382,"03a_2x2_to_cor_CAT",300
0.25,100,0.5,0.1,"tetrachoric (r)","population",300,286,286,211,0.0466666666666666,0.368389763737116,0.0156637854171471,0.264898647878783,0.0110953833965214,4224.68606186256,15948.3111585974,668.00124594306,0.453472113255822,0.876777251184834,0.0226281399056689,0.708508838738457,"03a_2x2_to_cor_CAT",300
0,300,0.5,0.1,"tetrachoric (r)","population",300,300,300,300,0,-0.000866744750286072,0.0069523249677865,0.120417800749359,0.00492425006383283,0.123665505424807,1.0269703038524,0.0419959387468429,0.120220061392917,0.966666666666667,0.010363754503432,0.474997422872328,"03a_2x2_to_cor_CAT",300
0.1,300,0.5,0.1,"tetrachoric (r)","population",300,300,300,300,0,0.123501548283408,0.00690298556084315,0.119563217152947,0.00488930354178215,0.120253925547943,1.00577693049287,0.0411292772610073,0.171756642126901,0.846666666666667,0.0208024215114669,0.462595688634067,"03a_2x2_to_cor_CAT",300
0.25,300,0.5,0.1,"tetrachoric (r)","population",300,300,300,299,0,0.308372247160162,0.00625102731619359,0.108270969111482,0.00442752917957852,139.810171765565,1291.29879332296,52.8051345056783,0.326767455889414,0.250836120401338,0.0250696261945859,0.404757507606409,"03a_2x2_to_cor_CAT",300
0,25,0.3,0.3,"tetrachoric (r)","population",300,287,287,273,0.0433333333333333,-0.00354082517130485,0.0231651503478851,0.392442534282046,0.0164088466840148,3270.46058494621,8333.6037744465,348.445478547291,0.391774241069993,0.970695970695971,0.0102076074429357,1.1442530813501,"03a_2x2_to_cor_CAT",300
0.1,25,0.3,0.3,"tetrachoric (r)","population",300,290,290,282,0.0333333333333333,0.0612510503643822,0.0216331935613218,0.36840001148462,0.0153234203711751,2030.22516016071,5510.92588726879,229.224297970838,0.372830074657271,0.971631205673759,0.00988659200845004,1.1289407534711,"03a_2x2_to_cor_CAT",300
0.25,25,0.3,0.3,"tetrachoric (r)","population",300,287,287,274,0.0433333333333333,0.126065095089988,0.0198323103397177,0.335980643920035,0.0140480564497583,3523.24890586893,10486.4639366174,438.461084011189,0.35830445260359,0.974452554744526,0.00953188527250248,1.07582093442964,"03a_2x2_to_cor_CAT",300
0.5,25,0.3,0.3,"tetrachoric (r)","population",300,297,296,267,0.01,0.169225531298471,0.0143955018829748,0.248087587185315,0.0101963370240738,49.7338116632483,200.468762776504,8.2392153967038,0.299962499129839,0.962546816479401,0.0116198271991334,0.911527396615962,"03a_2x2_to_cor_CAT",300
0.75,25,0.3,0.3,"tetrachoric (r)","population",300,299,277,160,0.0033333333333333,0.171858852689567,0.00682419271509728,0.118001323118104,0.00483352252809162,56.8676173600272,481.923556934273,19.7403580545316,0.208358364121013,1,0,0.657928231446032,"03a_2x2_to_cor_CAT",300
0,50,0.3,0.3,"tetrachoric (r)","population",300,299,299,298,0.0033333333333333,-0.0124339783113113,0.0138253149726247,0.239062044025378,0.00979236287250587,332.793592375461,1392.08042720547,57.0218360948253,0.238985617508974,0.956375838926175,0.0118323146487808,0.890783527504028,"03a_2x2_to_cor_CAT",300
0.1,50,0.3,0.3,"tetrachoric (r)","population",300,300,300,299,0,0.051692104681128,0.0142583538871625,0.246961933648627,0.0100990244794851,968.633045879317,3922.19574720966,160.39051152215,0.251910638326891,0.963210702341137,0.0108864380108455,0.861792461095876,"03a_2x2_to_cor_CAT",300
0.25,50,0.3,0.3,"tetrachoric (r)","population",300,300,300,300,0,0.161782422520385,0.0124449802998959,0.215553381786134,0.00881463328024951,0.208815881695813,0.968743241073313,0.0396148570809892,0.269224692592151,0.893333333333333,0.017822166805123,0.779850842128859,"03a_2x2_to_cor_CAT",300
0.5,50,0.3,0.3,"tetrachoric (r)","population",300,299,299,296,0.0033333333333333,0.212437953634575,0.0085172528893645,0.147277070305038,0.00603270385772069,0.457063579370699,3.10342661233033,0.127121307190464,0.258356103054097,0.820945945945946,0.022284531341213,0.582017570530371,"03a_2x2_to_cor_CAT",300
0.75,50,0.3,0.3,"tetrachoric (r)","population",300,299,298,257,0.0033333333333333,0.175395645777586,0.00391181712198899,0.0676416413577464,0.00277070958782834,0.338169160005169,4.99942274044835,0.204784334657203,0.187946061118903,0.727626459143969,0.0277696328767111,0.325885120524955,"03a_2x2_to_cor_CAT",300
0,100,0.3,0.3,"tetrachoric (r)","population",300,300,300,300,0,0.0153850150874281,0.0103087191807875,0.178552253820838,0.00730154463711578,0.171899039354604,0.962737997847342,0.0393692844235017,0.178917121435018,0.92,0.015663120165961,0.649190120064753,"03a_2x2_to_cor_CAT",300
0.1,100,0.3,0.3,"tetrachoric (r)","population",300,300,300,300,0,0.0766995207795764,0.00992036196455886,0.171825709520898,0.00702647578523316,0.167512471046867,0.974897595441,0.0398665273465093,0.187905501139984,0.936666666666667,0.0140620318852128,0.633714534099669,"03a_2x2_to_cor_CAT",300
0.25,100,0.3,0.3,"tetrachoric (r)","population",300,300,300,300,0,0.150738666799213,0.00798680883889646,0.138335586993089,0.00565696283142504,0.150513697083945,1.08803309658464,0.0444929820339514,0.204438477742566,0.893333333333333,0.017822166805123,0.574949349420814,"03a_2x2_to_cor_CAT",300
0.5,100,0.3,0.3,"tetrachoric (r)","population",300,300,300,300,0,0.216436759734615,0.00574480861518011,0.0995030040125135,0.00406898042325181,0.102551560550516,1.03063783418659,0.0421459152151878,0.238144317475578,0.593333333333333,0.0283601180585747,0.404269397802646,"03a_2x2_to_cor_CAT",300
0.75,100,0.3,0.3,"tetrachoric (r)","population",300,300,300,299,0,0.177208951745667,0.00237620687741132,0.0411571104097099,0.00168303940365119,0.0433037470140467,1.05215712626488,0.0430259045085541,0.18191007107071,0.301003344481605,0.0265269681098055,0.186756144055874,"03a_2x2_to_cor_CAT",300
0,300,0.3,0.3,"tetrachoric (r)","population",300,300,300,300,0,-0.00630511066294147,0.00619984401601064,0.107384448347323,0.00439127664961756,0.0999154848921382,0.930446507197883,0.0380487871722455,0.107390577340416,0.94,0.0137113092008021,0.386669410042498,"03a_2x2_to_cor_CAT",300
0.1,300,0.3,0.3,"tetrachoric (r)","population",300,300,300,300,0,0.0811267218117212,0.00537375070942751,0.0930760925593774,0.00380616446966015,0.096736348617276,1.03932541598224,0.0425011768537955,0.123352449515002,0.873333333333333,0.0192026232775822,0.374669842506656,"03a_2x2_to_cor_CAT",300
0.25,300,0.3,0.3,"tetrachoric (r)","population",300,300,300,300,0,0.152834762280958,0.00522886919625907,0.0905666711405256,0.00370354659667902,0.0869911534865429,0.960520602016664,0.0392786083648725,0.177576590264262,0.616666666666667,0.0280706779925773,0.33782300671137,"03a_2x2_to_cor_CAT",300
0.5,300,0.3,0.3,"tetrachoric (r)","population",300,300,300,300,0,0.221857676017962,0.00340629133530437,0.0589986965812881,0.00241263611856828,0.058269275194162,0.987636652512805,0.0403874661297177,0.229543180656105,0.123333333333333,0.0189843990531017,0.228867649361478,"03a_2x2_to_cor_CAT",300
0.75,300,0.3,0.3,"tetrachoric (r)","population",300,300,300,300,0,0.178447089274112,0.00132280865374189,0.0229117179697275,0.000936929822441979,0.0240152595161231,1.04816494109493,0.0428626519166981,0.179907088987602,0.00333333333333333,0.00332777314041599,0.0973110163019976,"03a_2x2_to_cor_CAT",300
0,25,0.5,0.3,"tetrachoric (r)","population",300,295,295,290,0.0166666666666667,-0.0115541927669459,0.020483403297131,0.351814005032078,0.014508565036425,2127.23861085566,6046.48644007706,249.352898130708,0.351407204958256,0.958620689655172,0.0116954254275666,1.1085940379141,"03a_2x2_to_cor_CAT",300
0.1,25,0.5,0.3,"tetrachoric (r)","population",300,295,295,286,0.0166666666666667,0.0953694996665939,0.0185936702884768,0.319356774728505,0.0131700514183595,2149.74306899371,6731.47789277767,277.601469531371,0.332773746646055,0.986013986013986,0.00694393265341005,1.10545071040411,"03a_2x2_to_cor_CAT",300
0.25,25,0.5,0.3,"tetrachoric (r)","population",300,293,293,268,0.0233333333333333,0.186156848621604,0.0187049321042446,0.320176863798977,0.0132490128937136,2640.88993415495,8248.22225697429,341.313865518652,0.36988879668875,0.988805970149254,0.00642660153291468,1.0391601260345,"03a_2x2_to_cor_CAT",300
0.5,25,0.5,0.3,"tetrachoric (r)","population",300,286,286,186,0.0466666666666666,0.274580996269904,0.013154332249517,0.222459943994814,0.00931782169805794,2513.27792094817,11297.6649900027,473.20711356329,0.353143191549572,0.973118279569892,0.0118591857997247,0.891937980412889,"03a_2x2_to_cor_CAT",300
0,50,0.5,0.3,"tetrachoric (r)","population",300,300,300,300,0,-0.02001209396336,0.0137758016303337,0.238603883387281,0.00975723838742202,0.228832327303444,0.959046952861298,0.0392183463695344,0.239045025804201,0.946666666666667,0.0129729062394013,0.8423790660644,"03a_2x2_to_cor_CAT",300
0.1,50,0.5,0.3,"tetrachoric (r)","population",300,300,300,300,0,0.0715230706102301,0.0132132394816257,0.228860021147507,0.00935878222929925,0.225164368428201,0.983851907813446,0.0402326964095316,0.239411506013296,0.95,0.0125830573921179,0.830137593201347,"03a_2x2_to_cor_CAT",300
0.25,50,0.5,0.3,"tetrachoric (r)","population",300,300,300,298,0,0.144269565348832,0.0117627580116455,0.203736945133079,0.0083314232516575,115.935818760085,569.046613928356,23.2700465173998,0.249367375215884,0.949664429530201,0.0126652699591647,0.778495589090647,"03a_2x2_to_cor_CAT",300
0.5,50,0.5,0.3,"tetrachoric (r)","population",300,297,297,256,0.01,0.258081302674233,0.00924527141894073,0.159330122551058,0.00654842769865809,735.926379124229,4618.87788285859,189.834711607266,0.303160966647348,0.85546875,0.0219767248837262,0.581106800432229,"03a_2x2_to_cor_CAT",300
0,100,0.5,0.3,"tetrachoric (r)","population",300,300,300,300,0,-0.00926549039695018,0.00974132584198689,0.16872471291405,0.00689966660383149,0.163300776187725,0.967853335574574,0.0395784661389383,0.168697909385578,0.953333333333333,0.0121776966745069,0.619310251427303,"03a_2x2_to_cor_CAT",300
0.1,100,0.5,0.3,"tetrachoric (r)","population",300,300,300,300,0,0.0704197501421171,0.00955099423388298,0.165428072758827,0.00676485696278367,0.16031722436146,0.96910531379509,0.0396296633356478,0.179538761764479,0.916666666666667,0.0159571184626056,0.608796014701053,"03a_2x2_to_cor_CAT",300
0.25,100,0.5,0.3,"tetrachoric (r)","population",300,300,300,300,0,0.163684335100635,0.00872578399929201,0.151135012226453,0.00618037025233955,0.144345647872361,0.955077488306152,0.039056022892711,0.222616742792686,0.823333333333333,0.0220193517582115,0.552828245196544,"03a_2x2_to_cor_CAT",300
0.5,100,0.5,0.3,"tetrachoric (r)","population",300,298,298,290,0.00666666666666671,0.255767036741943,0.00581982103391634,0.100465687805892,0.00412215710143046,158.288804199724,1575.55089361008,64.6456362027618,0.274729432702793,0.472413793103448,0.029316289527947,0.383764496911247,"03a_2x2_to_cor_CAT",300
0,300,0.5,0.3,"tetrachoric (r)","population",300,300,300,300,0,-0.00678820884045218,0.0052745454264667,0.0913578066547038,0.0037358985337012,0.0950178172854815,1.04006237413964,0.0425313133139456,0.0914576830373697,0.94,0.0137113092008021,0.368194981582754,"03a_2x2_to_cor_CAT",300
0.1,300,0.5,0.3,"tetrachoric (r)","population",300,300,300,300,0,0.0652659985302793,0.00570230844347809,0.0987668794453306,0.00403887805114086,0.0931977904126045,0.943613799848676,0.0385872378105454,0.11824563720467,0.886666666666667,0.0183019934150071,0.361328756762182,"03a_2x2_to_cor_CAT",300
0.25,300,0.5,0.3,"tetrachoric (r)","population",300,300,300,300,0,0.152831827895928,0.0050644319455302,0.0877185344113321,0.00358707762462291,0.084311685093165,0.961161579579162,0.0393048198866193,0.176143295150147,0.586666666666667,0.0284305521630568,0.327733014640736,"03a_2x2_to_cor_CAT",300
0.5,300,0.5,0.3,"tetrachoric (r)","population",300,300,300,300,0,0.260451947443214,0.00322974436744823,0.0559408133987974,0.00228758997619673,0.0535139379471057,0.956617086805822,0.03911898175729,0.266372221303204,0.02,0.00808290376865476,0.210951321209101,"03a_2x2_to_cor_CAT",300
0,25,0.3,0.5,"tetrachoric (r)","population",300,298,298,285,0.00666666666666671,0.00316904906560156,0.0207547566976673,0.358282650741912,0.0147005152239498,2577.33224810615,7193.5725683874,295.155857636944,0.357695038781714,0.978947368421053,0.00850374907672017,1.11690870300337,"03a_2x2_to_cor_CAT",300
0.1,25,0.3,0.5,"tetrachoric (r)","population",300,298,298,289,0.00666666666666671,0.0761667714162694,0.019705468542937,0.340169128769808,0.0139573084151388,1766.82968896119,5193.97423085033,213.1113440612,0.348034635841739,0.968858131487889,0.0102177084453581,1.09809588305279,"03a_2x2_to_cor_CAT",300
0.25,25,0.3,0.5,"tetrachoric (r)","population",300,295,295,270,0.0166666666666667,0.16277618612818,0.019445121727097,0.333980933437191,0.0137731415588689,1925.03139503073,5763.89608598048,237.699068344418,0.371027273810203,0.977777777777778,0.00897081586399257,1.04585840583161,"03a_2x2_to_cor_CAT",300
0.5,25,0.3,0.5,"tetrachoric (r)","population",300,279,279,170,0.07,0.286262838193599,0.0134393419726737,0.224481267886016,0.00952012631707212,2947.3479673903,13129.5942647957,556.818825329467,0.363534917510972,0.976470588235294,0.0116254736897072,0.888223229172024,"03a_2x2_to_cor_CAT",300
0,50,0.3,0.5,"tetrachoric (r)","population",300,300,300,300,0,-0.00339004584717588,0.0135712198439555,0.23506042290418,0.00961233551258528,0.229581548033969,0.976691631868441,0.0399398909517019,0.234692813734645,0.966666666666667,0.010363754503432,0.844827898086372,"03a_2x2_to_cor_CAT",300
0.1,50,0.3,0.5,"tetrachoric (r)","population",300,300,300,300,0,0.0682840450349027,0.0139345088610271,0.241352773258176,0.00986964885363208,0.222525025042549,0.921990752534313,0.0377030056500558,0.250439017384559,0.93,0.0147309198626562,0.822822278857055,"03a_2x2_to_cor_CAT",300
0.25,50,0.3,0.5,"tetrachoric (r)","population",300,300,300,298,0,0.134017945083403,0.0118041628380646,0.204454097763443,0.0083607498035782,42.612322435325,208.419996964933,8.52292748224832,0.244178110067905,0.939597315436242,0.0138003745038729,0.774709497680518,"03a_2x2_to_cor_CAT",300
0.5,50,0.3,0.5,"tetrachoric (r)","population",300,295,295,246,0.0166666666666667,0.280615149282437,0.00857062767981356,0.147205364554645,0.00607064691798439,1784.99986816034,12125.9158833014,500.064342813914,0.316766200377573,0.813008130081301,0.0248594349515388,0.564295757621841,"03a_2x2_to_cor_CAT",300
0,100,0.3,0.5,"tetrachoric (r)","population",300,300,300,300,0,0.00810560927185635,0.00970866771062822,0.168159057486115,0.00687653523322198,0.163352688764743,0.971417723236414,0.0397242247897533,0.168074124384365,0.946666666666667,0.0129729062394013,0.619436170298611,"03a_2x2_to_cor_CAT",300
0.1,100,0.3,0.5,"tetrachoric (r)","population",300,300,300,300,0,0.0642342225712671,0.00960928023276538,0.166437615873169,0.00680614025075526,0.160382198351031,0.963617494216255,0.0394052497045799,0.178143697784367,0.93,0.0147309198626562,0.609022632283472,"03a_2x2_to_cor_CAT",300
0.25,100,0.3,0.5,"tetrachoric (r)","population",300,300,300,300,0,0.15397982166904,0.00879716527287048,0.152371372151922,0.00623092876946927,0.145142404577177,0.952556917532138,0.038952949088692,0.216447292465974,0.85,0.0206155281280883,0.555116405634307,"03a_2x2_to_cor_CAT",300
0.5,100,0.3,0.5,"tetrachoric (r)","population",300,299,299,289,0.0033333333333333,0.263385095142235,0.00566187948402669,0.0979030485133179,0.00401026512291171,200.66616466336,2049.64163742116,83.9565927500164,0.28093532773931,0.480968858131488,0.0293904520215625,0.378367705977211,"03a_2x2_to_cor_CAT",300
0,300,0.3,0.5,"tetrachoric (r)","population",300,300,300,300,0,0.000155689887238764,0.00562664433608761,0.0974563386622339,0.00398528605315834,0.0949825929417917,0.97461688224287,0.0398550481301874,0.0972939004167486,0.933333333333333,0.0144016459964619,0.368063826170864,"03a_2x2_to_cor_CAT",300
0.1,300,0.3,0.5,"tetrachoric (r)","population",300,300,300,300,0,0.0641045454360118,0.00546106631442729,0.0945884432009098,0.00386800908645899,0.0932627470445054,0.985984586366555,0.0403199081210553,0.114133882293729,0.893333333333333,0.017822166805123,0.361563710045213,"03a_2x2_to_cor_CAT",300
0.25,300,0.3,0.5,"tetrachoric (r)","population",300,300,300,300,0,0.154011888729283,0.00481454913746714,0.0833904372163,0.00341008856855077,0.0844380131854633,1.01256230335435,0.0414067517916693,0.175072690633604,0.596666666666667,0.0283228738864047,0.328270730399195,"03a_2x2_to_cor_CAT",300
0.5,300,0.3,0.5,"tetrachoric (r)","population",300,300,300,300,0,0.261089515270069,0.00308398792746178,0.0534162378029284,0.00218435240283344,0.0534682879469118,1.0009744254954,0.0409328882272166,0.266479865024436,0.0233333333333333,0.0087156734084615,0.210966429691984,"03a_2x2_to_cor_CAT",300
0,25,0.5,0.5,"tetrachoric (r)","population",300,300,300,299,0,-0.0258178029988938,0.0184483904141426,0.319535495151617,0.0130667781059403,208.900983770122,653.764564312332,26.7344211363517,0.320045541297806,0.969899665551839,0.00988128603776342,1.06490125705314,"03a_2x2_to_cor_CAT",300
0.1,25,0.5,0.5,"tetrachoric (r)","population",300,300,300,298,0,0.0637600729546716,0.0194923317890547,0.337617090166327,0.0138061895123213,1372.73485499258,4065.95191705581,166.269138470459,0.343031624601855,0.959731543624161,0.0113880468060535,1.04594086949627,"03a_2x2_to_cor_CAT",300
0.25,25,0.5,0.5,"tetrachoric (r)","population",300,299,299,297,0.0033333333333333,0.115846314303117,0.0168837175469412,0.291946768338446,0.0119586055857616,48.9419297965708,167.639909409217,6.86679824704755,0.313637089902763,0.956228956228956,0.0118712423788313,0.997274370018897,"03a_2x2_to_cor_CAT",300
0.5,25,0.5,0.5,"tetrachoric (r)","population",300,296,296,282,0.0133333333333333,0.181119226080823,0.0125555520551378,0.216013885371161,0.00889315092328438,10.8366821926547,50.1666000499679,2.0653262394954,0.28161770335306,0.943262411347518,0.0137761272963431,0.815046070753986,"03a_2x2_to_cor_CAT",300
0.75,25,0.5,0.5,"tetrachoric (r)","population",300,289,277,181,0.0366666666666666,0.17171760875676,0.00568414312544716,0.0966304331326017,0.00402626804719174,36.6987451144702,379.784545352396,15.8243560563498,0.196957021406863,1,0,0.575279182102747,"03a_2x2_to_cor_CAT",300
0,50,0.5,0.5,"tetrachoric (r)","population",300,300,300,300,0,0.00245620996833343,0.0138455351572834,0.23981170350396,0.00980662982498063,0.216000058642453,0.900706910823834,0.0368326446382351,0.239424282939489,0.94,0.0137113092008021,0.800584274790959,"03a_2x2_to_cor_CAT",300
0.1,50,0.5,0.5,"tetrachoric (r)","population",300,300,300,300,0,0.0535460066294303,0.0119604693982977,0.207161406802244,0.00847145990311637,0.214685460677087,1.03631976626817,0.0423782666967902,0.213635133969149,0.96,0.0113137084989848,0.796433584934433,"03a_2x2_to_cor_CAT",300
0.25,50,0.5,0.5,"tetrachoric (r)","population",300,300,300,300,0,0.135844251015629,0.0112175253146784,0.19429323780213,0.00794524134052932,0.195521699846067,1.00632272156166,0.0411515963175639,0.236807284337807,0.913333333333333,0.0162435172253995,0.734641488481707,"03a_2x2_to_cor_CAT",300
0.5,50,0.5,0.5,"tetrachoric (r)","population",300,300,300,299,0,0.189806588289109,0.00867356707297801,0.150230588532544,0.00614338561713819,1.97715863448471,13.1608259928796,0.538186196992768,0.241910189787484,0.822742474916388,0.0220850662239563,0.553969034128496,"03a_2x2_to_cor_CAT",300
0.75,50,0.5,0.5,"tetrachoric (r)","population",300,299,298,285,0.0033333333333333,0.168523090476354,0.00358371784006561,0.0619682744120259,0.00253831942289075,0.0729960580392028,1.17795853978204,0.0482510618418723,0.179519514325737,0.628070175438596,0.0286293941797358,0.293065874942506,"03a_2x2_to_cor_CAT",300
0,100,0.5,0.5,"tetrachoric (r)","population",300,300,300,300,0,-0.0122607346228694,0.00862205269196512,0.149338333280196,0.00610689858651657,0.155537719530583,1.0415123573045,0.0425906075349636,0.149592525240322,0.96,0.0113137084989848,0.591718356237026,"03a_2x2_to_cor_CAT",300
0.1,100,0.5,0.5,"tetrachoric (r)","population",300,300,300,300,0,0.0420768438451114,0.00852954221807498,0.147736004870096,0.00604137450513812,0.153378335038338,1.03819197746144,0.0424548271058876,0.15337416611833,0.96,0.0113137084989848,0.584146235304088,"03a_2x2_to_cor_CAT",300
0.25,100,0.5,0.5,"tetrachoric (r)","population",300,300,300,300,0,0.138972389077474,0.00781577566334024,0.135373205494656,0.00553582204333578,0.138969282477287,1.02656417102255,0.0419793307403782,0.19385082755196,0.83,0.0216871697861508,0.532864396836937,"03a_2x2_to_cor_CAT",300
0.5,100,0.5,0.5,"tetrachoric (r)","population",300,300,300,300,0,0.20568207159128,0.00561136270962835,0.0971916531277367,0.00397446225674259,0.0967303381099432,0.995253553129844,0.0406989443589849,0.227419974101493,0.586666666666667,0.0284305521630568,0.380565310333563,"03a_2x2_to_cor_CAT",300
0.75,100,0.5,0.5,"tetrachoric (r)","population",300,300,300,298,0,0.173290347266453,0.00239238480527953,0.0414373203399992,0.00169449803982065,0.0482207305460105,1.16370291684772,0.0475873510968465,0.178159682497559,0.224832214765101,0.024183491094266,0.176161535274727,"03a_2x2_to_cor_CAT",300
0,300,0.5,0.5,"tetrachoric (r)","population",300,300,300,300,0,-0.00504696699397126,0.00533220327979873,0.092356469968968,0.00377673691356207,0.0903128637316109,0.977872625079285,0.0399881853555002,0.0923404409191879,0.943333333333333,0.0133486023682326,0.350386729988496,"03a_2x2_to_cor_CAT",300
0.1,300,0.5,0.5,"tetrachoric (r)","population",300,300,300,300,0,0.0553201047487395,0.00505558386852198,0.0875652812220569,0.00358081063566966,0.0888436965723712,1.01459956882994,0.0414900617723015,0.103452566602563,0.906666666666667,0.0167950610023922,0.344820503676356,"03a_2x2_to_cor_CAT",300
0.25,300,0.5,0.5,"tetrachoric (r)","population",300,300,300,300,0,0.132707573129202,0.00474674676065398,0.0822160656011568,0.00336206494193705,0.0808875447725201,0.983841104303366,0.0402322546211509,0.156039257252675,0.64,0.027712812921102,0.314630955227424,"03a_2x2_to_cor_CAT",300
0.5,300,0.5,0.5,"tetrachoric (r)","population",300,300,300,300,0,0.212279613412182,0.0032709501261933,0.0566545180759064,0.00231677553082355,0.0550187996605085,0.971128191167272,0.0397123849429775,0.21968538771186,0.123333333333333,0.0189843990531017,0.216013222490529,"03a_2x2_to_cor_CAT",300
0.75,300,0.5,0.5,"tetrachoric (r)","population",300,300,300,300,0,0.174243982145277,0.00122360521235774,0.0211934639620971,0.000866665190850126,0.023149979776784,1.09231694347776,0.044668161560613,0.175523875922453,0,0,0.0934145201333695,"03a_2x2_to_cor_CAT",300
0,25,0.3,0.1,"tetrachoric (z)","population",300,134,134,134,0.553333333333333,0.187402746798837,0.0266304287591735,0.308269499967566,0.0189012157593474,0.433201689408749,1.40526938102643,0.0861625940080992,0.35977867416247,0.992537313432836,0.00743478857580355,1.69067576320875,"03a_2x2_to_cor_CAT",300
0.1,25,0.3,0.1,"tetrachoric (z)","population",300,143,143,143,0.523333333333333,0.209441054612947,0.0274789153217218,0.328600034354754,0.0194988246827046,0.442818167013275,1.34759014217026,0.0799647631745256,0.388700973947931,0.986013986013986,0.00982020373465788,1.72399280662868,"03a_2x2_to_cor_CAT",300
0.25,25,0.3,0.1,"tetrachoric (z)","population",300,151,151,151,0.496666666666667,0.210490102792279,0.0263570234064139,0.323880525981084,0.0186992508860457,0.45571429037197,1.40704443094113,0.0812357480965628,0.385369933700648,0.993377483443709,0.00660055126673938,1.77454452845304,"03a_2x2_to_cor_CAT",300
0.5,25,0.3,0.1,"tetrachoric (z)","population",300,12,12,12,0.96,0.0514963334685181,0.0389946311805373,0.1350813648542,0.0287994437532091,NA,NA,NA,0.139205841223234,NA,NA,NA,"03a_2x2_to_cor_CAT",300
0,50,0.3,0.1,"tetrachoric (z)","population",300,223,223,223,0.256666666666667,0.0928954273221965,0.017745055337143,0.26499018572161,0.0125758776786803,0.334320714504288,1.2616343265464,0.0598745154378666,0.28024002561595,0.991031390134529,0.0063132623954833,1.30159113011267,"03a_2x2_to_cor_CAT",300
0.1,50,0.3,0.1,"tetrachoric (z)","population",300,248,248,248,0.173333333333333,0.147175549077939,0.0189287354575401,0.298090024075515,0.0134117042404869,0.335808056147781,1.12653235273217,0.0506850867587447,0.331903612022697,0.959677419354839,0.0124913954473824,1.30782161979251,"03a_2x2_to_cor_CAT",300
0.25,50,0.3,0.1,"tetrachoric (z)","population",300,250,250,250,0.166666666666667,0.232560968849398,0.0181382318569838,0.286790626981471,0.0128513952897116,0.344183237142563,1.20012024369541,0.0537786740426184,0.368787842128368,0.956,0.0129713530520143,1.33970531325651,"03a_2x2_to_cor_CAT",300
0.5,50,0.3,0.1,"tetrachoric (z)","population",300,12,12,12,0.96,0.42387556265968,0.0390532840337369,0.135284544297702,0.0288427617561123,NA,NA,NA,0.443223692453458,NA,NA,NA,"03a_2x2_to_cor_CAT",300
0,100,0.3,0.1,"tetrachoric (z)","population",300,286,286,286,0.0466666666666666,0.0462494267790407,0.0127859699039612,0.21623037147013,0.00905689361816289,0.23504791425743,1.08702543800559,0.0455304853121135,0.220751221960639,0.972027972027972,0.00975030815779114,0.916185549329654,"03a_2x2_to_cor_CAT",300
0.1,100,0.3,0.1,"tetrachoric (z)","population",300,297,297,297,0.01,0.0774521724644886,0.0137666445181396,0.237250055601217,0.00975091721974496,0.236898926677594,0.998520004883736,0.0410389194017567,0.24919251072406,0.95959595959596,0.0114255832500108,0.923454096971573,"03a_2x2_to_cor_CAT",300
0.25,100,0.3,0.1,"tetrachoric (z)","population",300,293,293,293,0.0233333333333333,0.28451168095977,0.0147583951005869,0.252623031812013,0.0104536154362103,0.249568116152341,0.987907216385776,0.0408798914836821,0.380194006499974,0.78839590443686,0.0238616463149596,0.970880403167844,"03a_2x2_to_cor_CAT",300
0.5,100,0.3,0.1,"tetrachoric (z)","population",300,39,39,39,0.87,0.617441867098232,0.031680820035711,0.197846657710635,0.0226945680862616,0.314367195830515,1.58894367723057,0.18226433989542,0.647590985773339,0.487179487179487,0.0800377530231858,1.22950932752054,"03a_2x2_to_cor_CAT",300
0,300,0.3,0.1,"tetrachoric (z)","population",300,300,300,300,0,-0.0061241722346501,0.00772702972289141,0.133836080716428,0.00547296433674915,0.132661672559383,0.991225025787079,0.0405342056251656,0.133753112108674,0.95,0.0125830573921179,0.519096855116118,"03a_2x2_to_cor_CAT",300
0.1,300,0.3,0.1,"tetrachoric (z)","population",300,300,300,300,0,0.109989149645305,0.00816904897617728,0.141492078762576,0.00578604137878812,0.131783966561637,0.931387592253636,0.03808727100202,0.179027618067931,0.856666666666667,0.0202310725443882,0.515575815372597,"03a_2x2_to_cor_CAT",300
0.25,300,0.3,0.1,"tetrachoric (z)","population",300,300,300,300,0,0.287338361180051,0.00787520307529536,0.136402518463342,0.00557791378077173,0.137954228616317,1.01137596409843,0.0413582387718306,0.317973209603109,0.45,0.0287228132326901,0.539559909956816,"03a_2x2_to_cor_CAT",300
0.5,300,0.3,0.1,"tetrachoric (z)","population",300,92,92,92,0.693333333333333,0.867223543121205,0.0139840206046053,0.134130013676441,0.00994237809814062,0.226561911943939,1.68912166437609,0.125206027947624,0.877423490385497,0,0,0.886326663734682,"03a_2x2_to_cor_CAT",300
0,25,0.5,0.1,"tetrachoric (z)","population",300,149,149,149,0.503333333333333,-0.0237652339319183,0.0227791083034986,0.278054452383477,0.0161615867658925,0.418077866199629,1.50358270696935,0.0873939696706135,0.278136975353892,1,0,1.63374880708291,"03a_2x2_to_cor_CAT",300
0.1,25,0.5,0.1,"tetrachoric (z)","population",300,155,155,155,0.483333333333333,0.00955166271115567,0.0228799459461632,0.284853029837141,0.0162310077432575,0.418962799921185,1.47080338292599,0.0838068006885158,0.28409327859252,1,0,1.63789819102468,"03a_2x2_to_cor_CAT",300
0.25,25,0.5,0.1,"tetrachoric (z)","population",300,77,77,77,0.743333333333333,0.00958592989701849,0.031099884564575,0.272900379506152,0.0221351436953062,0.421232148011333,1.54353815400919,0.125197476456463,0.27129191725273,1,0,1.64826740755471,"03a_2x2_to_cor_CAT",300
0,50,0.5,0.1,"tetrachoric (z)","population",300,258,258,258,0.14,0.0216495791412828,0.0164461419636173,0.264164155508962,0.0116517814018336,0.317897552482937,1.2034091145729,0.053080100564597,0.264539089261436,0.988372093023256,0.00667422984439635,1.23806050991533,"03a_2x2_to_cor_CAT",300
0.1,50,0.5,0.1,"tetrachoric (z)","population",300,228,228,228,0.24,0.0828950202161195,0.018496449517139,0.279290262989487,0.0131077415166313,0.318653035911928,1.1409385794589,0.0535469007255108,0.290744762175739,0.982456140350877,0.0086946425926904,1.2421742858157,"03a_2x2_to_cor_CAT",300
0.25,50,0.5,0.1,"tetrachoric (z)","population",300,146,146,146,0.513333333333333,0.151694689487996,0.0185768084900215,0.224464431027591,0.0131810052461265,0.33280351661199,1.48265591607733,0.0870645532503704,0.270278489343353,0.993150684931507,0.00682581820655539,1.29928254568899,"03a_2x2_to_cor_CAT",300
0,100,0.5,0.1,"tetrachoric (z)","population",300,297,297,297,0.01,0.0334842319769896,0.0139393251000261,0.24022597886268,0.0098732269123657,0.22770104183821,0.947861854559743,0.0389568822487499,0.24214749622364,0.95959595959596,0.0114255832500108,0.886430684176646,"03a_2x2_to_cor_CAT",300
0.1,100,0.5,0.1,"tetrachoric (z)","population",300,294,294,294,0.02,0.118386496164476,0.0124605822655605,0.213654479140175,0.00882598518190233,0.229166946402787,1.07260539224377,0.044308920346861,0.243943298371495,0.948979591836735,0.0128329568962529,0.893392584340401,"03a_2x2_to_cor_CAT",300
0.25,100,0.5,0.1,"tetrachoric (z)","population",300,211,211,211,0.296666666666667,0.295678355166602,0.0140239312593852,0.203709368270681,0.00993999936778288,0.252812571527405,1.24104538575505,0.0605568141245397,0.358784790351123,0.876777251184834,0.0226281399056689,0.985727607401833,"03a_2x2_to_cor_CAT",300
0,300,0.5,0.1,"tetrachoric (z)","population",300,300,300,300,0,-0.000958608888443316,0.00705952000747349,0.122274473299931,0.00500017505057712,0.125497410449039,1.02635821739507,0.0419709086702445,0.122074276278996,0.966666666666667,0.010363754503432,0.491358673964087,"03a_2x2_to_cor_CAT",300
0.1,300,0.5,0.1,"tetrachoric (z)","population",300,300,300,300,0,0.131382462972414,0.00751717977044446,0.130201372920387,0.00532433008180275,0.128818470101899,0.989378738584165,0.0404587053268689,0.18481677709383,0.843333333333333,0.0209858859095204,0.503960633124263,"03a_2x2_to_cor_CAT",300
0.25,300,0.5,0.1,"tetrachoric (z)","population",300,299,299,299,0.0033333333333333,0.391903994706597,0.00910011834200545,0.157355756163264,0.00644554291631785,0.156274311851474,0.99312739274267,0.0406800830638323,0.42221648820346,0.237458193979933,0.0246087647933533,0.607463767172868,"03a_2x2_to_cor_CAT",300
0,25,0.3,0.3,"tetrachoric (z)","population",300,273,273,273,0.09,0.0405406036856842,0.0222769576195667,0.368075747005999,0.0157811174592002,0.371628875065878,1.00965325232315,0.043288526064488,0.369630941941337,0.970695970695971,0.0102076074429357,1.45100331496579,"03a_2x2_to_cor_CAT",300
0.1,25,0.3,0.3,"tetrachoric (z)","population",300,282,282,282,0.0600000000000001,0.100390534674018,0.0227309813215705,0.381718087519216,0.0161018056910167,0.37759092752783,0.989187937050067,0.04172637471227,0.394043475113624,0.971631205673759,0.00988659200845004,1.47261134280227,"03a_2x2_to_cor_CAT",300
0.25,25,0.3,0.3,"tetrachoric (z)","population",300,274,274,274,0.0866666666666667,0.192982332774506,0.0221881363833019,0.367279009131937,0.0157180905637024,0.392130238737686,1.06766308171133,0.0456917618284899,0.414299092342553,0.974452554744526,0.00953188527250248,1.52359369965969,"03a_2x2_to_cor_CAT",300
0.5,25,0.3,0.3,"tetrachoric (z)","population",300,267,267,267,0.11,0.355354468113904,0.0269322795101837,0.440077073314567,0.0190797608815029,0.450532292987281,1.0237577013362,0.0443855254602856,0.564994938726017,0.943820224719101,0.014092206804571,1.73740983660066,"03a_2x2_to_cor_CAT",300
0.75,25,0.3,0.3,"tetrachoric (z)","population",300,160,160,160,0.466666666666667,0.669771869758081,0.0328809726699561,0.415915061275236,0.0233233584830639,0.558386122000547,1.34254845277418,0.0752863787835119,0.787717295323073,1,0,2.15551231159243,"03a_2x2_to_cor_CAT",300
0,50,0.3,0.3,"tetrachoric (z)","population",300,298,298,298,0.00666666666666671,-0.00967916991527564,0.0143273487339335,0.247328386319962,0.0101480066112122,0.259034961829463,1.04733211453681,0.0429725571762911,0.247102699475625,0.956375838926175,0.0118323146487808,1.01191409747721,"03a_2x2_to_cor_CAT",300
0.1,50,0.3,0.3,"tetrachoric (z)","population",300,299,299,299,0.0033333333333333,0.0690393797126428,0.0154432970383737,0.267039569354838,0.0109383669628571,0.25645696632643,0.960370655727256,0.0393383148350785,0.275387131378553,0.963210702341137,0.0108864380108455,1.00263781864502,"03a_2x2_to_cor_CAT",300
0.25,50,0.3,0.3,"tetrachoric (z)","population",300,300,300,300,0,0.217601778872084,0.0159574817163733,0.276391690936099,0.0113024967510229,0.268146722501487,0.970169260853365,0.0396731713663295,0.351408963693419,0.89,0.0180646985397856,1.04637042099974,"03a_2x2_to_cor_CAT",300
0.5,50,0.3,0.3,"tetrachoric (z)","population",300,296,296,296,0.0133333333333333,0.455323870860613,0.0189255819554059,0.325608023696949,0.0134050701953436,0.317965836292898,0.976529486843471,0.040203082744494,0.559448152038216,0.780405405405405,0.0240616331798542,1.23118649124955,"03a_2x2_to_cor_CAT",300
0.75,50,0.3,0.3,"tetrachoric (z)","population",300,257,257,257,0.143333333333333,0.932779702809031,0.0248725570358227,0.398737422409241,0.0176218709561512,0.450026025712575,1.12862751379953,0.0498787605275852,1.01412566376587,0.381322957198444,0.0302978572467215,1.73022735607721,"03a_2x2_to_cor_CAT",300
0,100,0.3,0.3,"tetrachoric (z)","population",300,300,300,300,0,0.0156720894413711,0.0106650605524769,0.184724267426886,0.00755393704259427,0.177670139496715,0.961812662578491,0.0393314446504088,0.1850808629958,0.92,0.015663120165961,0.695640771596007,"03a_2x2_to_cor_CAT",300
0.1,100,0.3,0.3,"tetrachoric (z)","population",300,300,300,300,0,0.0841655466053146,0.010573503385973,0.183138450785069,0.00748908817763326,0.178343777963041,0.973819409296766,0.0398224370363016,0.201275265289785,0.936666666666667,0.0140620318852128,0.698200598691798,"03a_2x2_to_cor_CAT",300
0.25,100,0.3,0.3,"tetrachoric (z)","population",300,300,300,300,0,0.185967075608723,0.00980813753942042,0.169881925458998,0.0069469885438841,0.183818020719287,1.08203400816559,0.0442476610652355,0.251689138117092,0.883333333333333,0.0185342525751248,0.719387942070447,"03a_2x2_to_cor_CAT",300
0.5,100,0.3,0.3,"tetrachoric (z)","population",300,300,300,300,0,0.431467801937187,0.0123157340741689,0.213314771489678,0.00872308969760126,0.216692218354609,1.0158331598011,0.0415405070584691,0.481161073382309,0.483333333333333,0.028851471494664,0.845120340150418,"03a_2x2_to_cor_CAT",300
0.75,100,0.3,0.3,"tetrachoric (z)","population",300,299,299,299,0.0033333333333333,0.975401931982549,0.0191939237924102,0.33189396869197,0.0135949066690105,0.322017473479864,0.970242016596352,0.0397426615312248,1.03014277100742,0.0434782608695652,0.0117936411784159,1.2416213030859,"03a_2x2_to_cor_CAT",300
0,300,0.3,0.3,"tetrachoric (z)","population",300,300,300,300,0,-0.00640855235151892,0.0062715772820987,0.108626904961897,0.00444208447890485,0.101089454702486,0.930611571211986,0.0380555371417427,0.10863489928765,0.94,0.0137113092008021,0.396156820993373,"03a_2x2_to_cor_CAT",300
0.1,300,0.3,0.3,"tetrachoric (z)","population",300,300,300,300,0,0.0848163284564387,0.00559930566169462,0.0969828189316315,0.00396592239139791,0.100900342618323,1.04039399689396,0.0425448743768361,0.128717226962295,0.873333333333333,0.0192026232775822,0.395430771289498,"03a_2x2_to_cor_CAT",300
0.25,300,0.3,0.3,"tetrachoric (z)","population",300,300,300,300,0,0.181851609249359,0.00633347199138288,0.109698952773896,0.00448592377404076,0.104877178773058,0.956045396251178,0.0390956035919965,0.212282253518294,0.596666666666667,0.0283228738864047,0.410917534166784,"03a_2x2_to_cor_CAT",300
0.5,300,0.3,0.3,"tetrachoric (z)","population",300,300,300,300,0,0.422647022584733,0.00723041681851131,0.125234492895621,0.00512121925328069,0.122820345059523,0.980722979905304,0.0401047450322807,0.44075152295051,0.0566666666666667,0.0133486023682326,0.480713420959077,"03a_2x2_to_cor_CAT",300
0.75,300,0.3,0.3,"tetrachoric (z)","population",300,300,300,300,0,0.924464268462871,0.0102569514463,0.177655610357587,0.00726487815920577,0.175843488122379,0.989799802935802,0.0404759239286663,0.941323798967787,0,0,0.686258447641419,"03a_2x2_to_cor_CAT",300
0,25,0.5,0.3,"tetrachoric (z)","population",300,290,290,290,0.0333333333333333,-0.00767687193229006,0.0216706164984414,0.369037301139778,0.0153499281262776,0.356485714157826,0.965988297271885,0.0401798162086939,0.368480458607744,0.958620689655172,0.0116954254275666,1.39218236345546,"03a_2x2_to_cor_CAT",300
0.1,25,0.5,0.3,"tetrachoric (z)","population",300,286,286,286,0.0466666666666666,0.0959969432963266,0.0190933582639738,0.322897987484882,0.0135247084037566,0.356763441472426,1.10487973075128,0.046278319341745,0.336324199418104,0.986013986013986,0.00694393265341005,1.39336670038644,"03a_2x2_to_cor_CAT",300
0.25,25,0.5,0.3,"tetrachoric (z)","population",300,268,268,268,0.106666666666667,0.206808459473666,0.0211700749815843,0.346569063862518,0.0149975101570603,0.376205840260132,1.08551477753759,0.0469748185839729,0.403028141525734,0.988805970149254,0.00642660153291468,1.46686607755351,"03a_2x2_to_cor_CAT",300
0.5,25,0.5,0.3,"tetrachoric (z)","population",300,186,186,186,0.38,0.352042702841512,0.025508002703641,0.347882775599463,0.0180855643164754,0.429265317043881,1.2339366796881,0.0641493133556327,0.49427303383941,0.973118279569892,0.0118591857997247,1.66710331866369,"03a_2x2_to_cor_CAT",300
0,50,0.5,0.3,"tetrachoric (z)","population",300,300,300,300,0,-0.0208461514456579,0.0146730326057209,0.254144379742234,0.0103927365421106,0.243144780649194,0.956719093673462,0.0391231531283112,0.254575391384972,0.946666666666667,0.0129729062394013,0.95169085196071,"03a_2x2_to_cor_CAT",300
0.1,50,0.5,0.3,"tetrachoric (z)","population",300,300,300,300,0,0.0843851615420272,0.0145031344465798,0.251201657304785,0.0102723996728082,0.245622732803832,0.977791052173736,0.0399848495913286,0.264599295562874,0.95,0.0125830573921179,0.960886924145383,"03a_2x2_to_cor_CAT",300
0.25,50,0.5,0.3,"tetrachoric (z)","population",300,298,298,298,0.00666666666666671,0.183984010509474,0.0140578569175145,0.242676236273283,0.00995712658271042,0.258909004283097,1.0668906369206,0.0437750530701489,0.304210861794584,0.949664429530201,0.0126652699591647,1.0113929613288,"03a_2x2_to_cor_CAT",300
0.5,50,0.5,0.3,"tetrachoric (z)","population",300,256,256,256,0.146666666666667,0.461504450827861,0.017651091833147,0.282417469330352,0.0125056557387761,0.317767967314514,1.12517107411232,0.0498234126006503,0.540772062956273,0.76171875,0.02662700226468,1.23592446064837,"03a_2x2_to_cor_CAT",300
0,100,0.5,0.3,"tetrachoric (z)","population",300,300,300,300,0,-0.00968839374671409,0.0100031252903219,0.173259212373147,0.00708509607615165,0.168159505482503,0.970566027509924,0.0396893963614858,0.173241326276326,0.953333333333333,0.0121776966745069,0.658841405082336,"03a_2x2_to_cor_CAT",300
0.1,100,0.5,0.3,"tetrachoric (z)","population",300,300,300,300,0,0.0771806656745918,0.0101271341564975,0.175407108941198,0.00717293009858451,0.170058744818833,0.969508851980689,0.0396461652392188,0.191368623799354,0.916666666666667,0.0159571184626056,0.666079050298505,"03a_2x2_to_cor_CAT",300
0.25,100,0.5,0.3,"tetrachoric (z)","population",300,300,300,300,0,0.204462147350731,0.010873090482333,0.188327451506943,0.00770128219693032,0.179976509408834,0.955657329660189,0.0390797343689783,0.277765682894297,0.82,0.0221810730128188,0.703988972231067,"03a_2x2_to_cor_CAT",300
0.5,100,0.5,0.3,"tetrachoric (z)","population",300,290,290,290,0.0333333333333333,0.507773323636338,0.0134364409332632,0.228814344035487,0.00951742201766146,0.228926268312866,1.00048914886805,0.0416148624510679,0.556784710896528,0.372413793103448,0.0283890313817193,0.889613774700841,"03a_2x2_to_cor_CAT",300
0,300,0.5,0.3,"tetrachoric (z)","population",300,300,300,300,0,-0.00688629154870567,0.00532767658161456,0.0922780652565129,0.00377353070644062,0.0958206007718344,1.03838978965883,0.0424629162481867,0.0923811571751553,0.94,0.0137113092008021,0.375568683674826,"03a_2x2_to_cor_CAT",300
0.1,300,0.5,0.3,"tetrachoric (z)","population",300,300,300,300,0,0.0684728263664583,0.00591282338735371,0.102413105230781,0.00418798331170052,0.0967995437665842,0.945187078826022,0.0386515739722791,0.123052877224436,0.886666666666667,0.0183019934150071,0.379375447389255,"03a_2x2_to_cor_CAT",300
0.25,300,0.5,0.3,"tetrachoric (z)","population",300,300,300,300,0,0.181532776630981,0.00612786480641557,0.10613773186625,0.00434029462143483,0.101671416338782,0.957919625293141,0.0391722465170632,0.210194710661281,0.573333333333333,0.0285553393852605,0.398341621137032,"03a_2x2_to_cor_CAT",300
0.5,300,0.5,0.3,"tetrachoric (z)","population",300,300,300,300,0,0.51147435989909,0.00800351320800782,0.138624915153181,0.00566879433973974,0.12895810561659,0.930266434962942,0.0380414234709581,0.529866805633019,0.00333333333333333,0.00332777314041599,0.503935113876644,"03a_2x2_to_cor_CAT",300
0,25,0.3,0.5,"tetrachoric (z)","population",300,285,285,285,0.05,-0.00921154616767812,0.01948677746985,0.328974666814094,0.0138034703871126,0.352056515726848,1.07016299806999,0.0449030419159618,0.328526177788139,0.978947368421053,0.00850374907672017,1.37609260751349,"03a_2x2_to_cor_CAT",300
0.1,25,0.3,0.5,"tetrachoric (z)","population",300,289,289,289,0.0366666666666666,0.0680280063512213,0.0207073068168458,0.352024215886379,0.0146676756619325,0.356134083843065,1.01167495806031,0.0421531232525128,0.357938633934554,0.968858131487889,0.0102177084453581,1.39154400612006,"03a_2x2_to_cor_CAT",300
0.25,25,0.3,0.5,"tetrachoric (z)","population",300,270,270,270,0.1,0.166482363803169,0.0219871339401792,0.361285477017707,0.0155761229376682,0.373351920874623,1.03339864075501,0.0445529790039978,0.397190306153738,0.977777777777778,0.00897081586399257,1.45636727429972,"03a_2x2_to_cor_CAT",300
0.5,25,0.3,0.5,"tetrachoric (z)","population",300,170,170,170,0.433333333333333,0.344390279475745,0.0264569900350553,0.34495694614191,0.0187631842949498,0.424774575979691,1.23138432413228,0.0669784773723653,0.486723727557245,0.970588235294118,0.0129584659592208,1.64989011541772,"03a_2x2_to_cor_CAT",300
0,50,0.3,0.5,"tetrachoric (z)","population",300,300,300,300,0,-0.0028781123241328,0.0143149952920237,0.247942991558944,0.0101391429208404,0.243396869180817,0.981664646580479,0.0401432526462421,0.247546140150757,0.966666666666667,0.010363754503432,0.952465257126464,"03a_2x2_to_cor_CAT",300
0.1,50,0.3,0.5,"tetrachoric (z)","population",300,300,300,300,0,0.0798898094948115,0.0152834231419823,0.264716653954872,0.0108250689850091,0.244494051320077,0.923606609812156,0.0377690829679777,0.276086409515652,0.93,0.0147309198626562,0.956431873367105,"03a_2x2_to_cor_CAT",300
0.25,50,0.3,0.5,"tetrachoric (z)","population",300,298,298,298,0.00666666666666671,0.172540359181837,0.0142871932042598,0.246635194401452,0.0101195646022841,0.255807283488173,1.03718888988646,0.0425563756277743,0.300657563973341,0.939597315436242,0.0138003745038729,0.998961220470792,"03a_2x2_to_cor_CAT",300
0.5,50,0.3,0.5,"tetrachoric (z)","population",300,246,246,246,0.18,0.494354308519067,0.0170017429203236,0.2666619180402,0.0120465575176596,0.320282956849905,1.20108247628228,0.0542593754681024,0.561431831678535,0.75609756097561,0.0273797473711334,1.24592716579413,"03a_2x2_to_cor_CAT",300
0,100,0.3,0.5,"tetrachoric (z)","population",300,300,300,300,0,0.00867355144433377,0.0100094332993487,0.173368470294438,0.00708956396480719,0.168192861001912,0.970146767265492,0.0396722515351183,0.173296474955253,0.946666666666667,0.0129729062394013,0.658938106155178,"03a_2x2_to_cor_CAT",300
0.1,100,0.3,0.5,"tetrachoric (z)","population",300,300,300,300,0,0.0708045161955359,0.010156562338076,0.175916819997883,0.00719377373372645,0.1697786374759,0.965107472258444,0.0394661794377564,0.189359053951281,0.93,0.0147309198626562,0.665069648479349,"03a_2x2_to_cor_CAT",300
0.25,100,0.3,0.5,"tetrachoric (z)","population",300,300,300,300,0,0.193596240693931,0.0112059965473021,0.194093553693686,0.00793707565009455,0.179375625939894,0.924170960479093,0.0377921609829422,0.273909177717082,0.83,0.0216871697861508,0.70141638127969,"03a_2x2_to_cor_CAT",300
0.5,100,0.3,0.5,"tetrachoric (z)","population",300,289,289,289,0.0366666666666666,0.520337604105715,0.0131716214202261,0.223917564143844,0.0093298985059935,0.229469439526097,1.02479428267934,0.042699761778306,0.566318643669578,0.332179930795848,0.0277055966247483,0.891875229871667,"03a_2x2_to_cor_CAT",300
0,300,0.3,0.5,"tetrachoric (z)","population",300,300,300,300,0,0.00019292023685979,0.0056843932909292,0.0984565799009303,0.00402618895914772,0.0958949183406629,0.973981814492795,0.0398290782786423,0.0982925379513628,0.933333333333333,0.0144016459964619,0.375852637599735,"03a_2x2_to_cor_CAT",300
0.1,300,0.3,0.5,"tetrachoric (z)","population",300,300,300,300,0,0.0672001784690993,0.00567449157529733,0.0982850771553653,0.00401917569034078,0.0967372892848936,0.984252056209662,0.0402490596943063,0.118926954569083,0.893333333333333,0.017822166805123,0.379145503747011,"03a_2x2_to_cor_CAT",300
0.25,300,0.3,0.5,"tetrachoric (z)","population",300,300,300,300,0,0.182475717927748,0.00580515857446573,0.100548295969688,0.00411172559011922,0.101832135012283,1.01276838190258,0.0414151789701925,0.208263409147119,0.56,0.0286589136802729,0.398986855312309,"03a_2x2_to_cor_CAT",300
0.5,300,0.3,0.5,"tetrachoric (z)","population",300,300,300,300,0,0.511793425472876,0.00767407494870158,0.132918877122427,0.00543545709256929,0.128974383669196,0.970324053748984,0.0396795013185574,0.528716414372042,0,0,0.504133242690223,"03a_2x2_to_cor_CAT",300
0,25,0.5,0.5,"tetrachoric (z)","population",300,299,299,299,0.0033333333333333,-0.0308425967147612,0.0200813825631837,0.347239565385386,0.0142234868015434,0.334851628566148,0.96432452389033,0.0395002715855142,0.34802775696127,0.969899665551839,0.00988128603776342,1.31008618797432,"03a_2x2_to_cor_CAT",300
0.1,25,0.5,0.5,"tetrachoric (z)","population",300,298,298,298,0.00666666666666671,0.0806170732372221,0.0217902897756112,0.376158723273197,0.0154339793641933,0.340499758682487,0.90520234575336,0.0371409021255902,0.384082908840464,0.959731543624161,0.0113880468060535,1.33141729002052,"03a_2x2_to_cor_CAT",300
0.25,25,0.5,0.5,"tetrachoric (z)","population",300,297,297,297,0.01,0.174528903248628,0.0213694573306089,0.368274559074613,0.0151359911405483,0.354856010828954,0.963563738208318,0.039602225691403,0.406976455368323,0.956228956228956,0.0118712423788313,1.38299334918613,"03a_2x2_to_cor_CAT",300
0.5,25,0.5,0.5,"tetrachoric (z)","population",300,282,282,282,0.0600000000000001,0.405800092797393,0.0246647094420107,0.414190904661348,0.0174715888083447,0.421346081356151,1.01727506957366,0.0429111588896507,0.579326741076829,0.943262411347518,0.0137761272963431,1.62515018615475,"03a_2x2_to_cor_CAT",300
0.75,25,0.5,0.5,"tetrachoric (z)","population",300,181,181,181,0.396666666666667,0.734317245077289,0.0288486876572779,0.388119397992472,0.0204556883624932,0.540429613185468,1.39243133937858,0.0733875752972539,0.830076042743308,1,0,2.0856635742502,"03a_2x2_to_cor_CAT",300
0,50,0.5,0.5,"tetrachoric (z)","population",300,300,300,300,0,0.00129754107973785,0.0148493189963921,0.257197749595488,0.0105175981207246,0.229415105925832,0.891979444947124,0.0364757520182649,0.256772007304496,0.94,0.0137113092008021,0.89877800369687,"03a_2x2_to_cor_CAT",300
0.1,50,0.5,0.5,"tetrachoric (z)","population",300,300,300,300,0,0.0631416368851529,0.0129613260612996,0.224496752716375,0.00918035491442707,0.230272993473308,1.02572972965997,0.0419452078955214,0.232846864517147,0.96,0.0113137084989848,0.902037671590023,"03a_2x2_to_cor_CAT",300
0.25,50,0.5,0.5,"tetrachoric (z)","population",300,300,300,300,0,0.178829557374584,0.0139623766818789,0.241835458074293,0.00988938730361026,0.241570113750076,0.998902789829375,0.0408481727449775,0.300448750055956,0.906666666666667,0.0167950610023922,0.944857310179084,"03a_2x2_to_cor_CAT",300
0.5,50,0.5,0.5,"tetrachoric (z)","population",300,299,299,299,0.0033333333333333,0.408162887926095,0.0182305813968878,0.315236221463361,0.0129125787563297,0.287870467408883,0.913189690171254,0.0374057071838592,0.515401265330809,0.749163879598662,0.0250696261945859,1.11668541198852,"03a_2x2_to_cor_CAT",300
0.75,50,0.5,0.5,"tetrachoric (z)","population",300,285,285,285,0.05,0.931223007527246,0.023203153463174,0.391714314559918,0.0164359675278324,0.421039128469562,1.07486275793263,0.0451002394592213,1.00998911263865,0.298245614035088,0.0270992437095169,1.61719559897099,"03a_2x2_to_cor_CAT",300
0,100,0.5,0.5,"tetrachoric (z)","population",300,300,300,300,0,-0.0128474042723144,0.00881661555407869,0.152708260904663,0.0062447051750494,0.159110187191598,1.04192259311323,0.0426073833247117,0.152993908490615,0.96,0.0113137084989848,0.623660767241283,"03a_2x2_to_cor_CAT",300
0.1,100,0.5,0.5,"tetrachoric (z)","population",300,300,300,300,0,0.0460862506268142,0.00887541697860939,0.153726731453109,0.00628635353294988,0.160136450092772,1.04169553713316,0.0425980983152083,0.160240685949448,0.96,0.0113137084989848,0.627637764431311,"03a_2x2_to_cor_CAT",300
0.25,100,0.5,0.5,"tetrachoric (z)","population",300,300,300,300,0,0.171180987703955,0.00953967318572456,0.165231986452774,0.00675683839742963,0.167706125938808,1.01497373201854,0.0415053624429156,0.23772575488142,0.826666666666667,0.0218547392944787,0.656783886180934,"03a_2x2_to_cor_CAT",300
0.5,100,0.5,0.5,"tetrachoric (z)","population",300,300,300,300,0,0.406049377138373,0.0116191462648232,0.20124951671248,0.00822970473925577,0.197913318045561,0.983422575510158,0.0402151397060482,0.453036930163032,0.433333333333333,0.0286097626435194,0.772898649069584,"03a_2x2_to_cor_CAT",300
0.75,100,0.5,0.5,"tetrachoric (z)","population",300,298,298,298,0.00666666666666671,0.931135493260971,0.0171283751213552,0.295681598718558,0.01213196294714,0.290504868437584,0.98249221357227,0.0403121438147319,0.976804757050669,0.0369127516778524,0.0109222696650304,1.12462543569677,"03a_2x2_to_cor_CAT",300
0,300,0.5,0.5,"tetrachoric (z)","population",300,300,300,300,0,-0.00511842829233855,0.00537664982307587,0.0931263066807361,0.00380821787778393,0.0910908948908893,0.97814353578066,0.0399992637179203,0.0931117551164102,0.943333333333333,0.0133486023682326,0.357066941356911,"03a_2x2_to_cor_CAT",300
0.1,300,0.5,0.5,"tetrachoric (z)","population",300,300,300,300,0,0.0578622128715202,0.00523045349620251,0.0905941120204902,0.00370466873770864,0.0917673865899595,1.01295089209776,0.0414226423670876,0.107368389982314,0.906666666666667,0.0167950610023922,0.359704994559511,"03a_2x2_to_cor_CAT",300
0.25,300,0.5,0.5,"tetrachoric (z)","population",300,300,300,300,0,0.156859018059008,0.00563081608232194,0.0975285954265753,0.00398824085198548,0.0955770581014633,0.979990101194667,0.0400747753931146,0.184620888261767,0.606666666666667,0.0282029680602487,0.374555811641631,"03a_2x2_to_cor_CAT",300
0.5,300,0.5,0.5,"tetrachoric (z)","population",300,300,300,300,0,0.401071330521655,0.00661695074214677,0.114608948765788,0.00468670844147393,0.112644548864856,0.98285997802016,0.0401921333838202,0.417072702614886,0.0466666666666667,0.0121776966745069,0.441066102656596,"03a_2x2_to_cor_CAT",300
0.75,300,0.5,0.5,"tetrachoric (z)","population",300,300,300,300,0,0.888967860915831,0.00913646511038097,0.158248217727602,0.00647125085657842,0.160221724055028,1.01247095452805,0.0414030162603695,0.902896938282836,0,0,0.625908042720434,"03a_2x2_to_cor_CAT",300
0,25,0.3,0.1,"phi (r)","sample",300,276,133,133,0.08,0,0.0122521175242323,0.20354746359613,0.00867929301021247,0.193032003571348,0.948339026981708,0.0404373119800965,0,1,0,0.75173798932867,"03a_2x2_to_cor_CAT",300
0.1,25,0.3,0.1,"phi (r)","sample",300,277,142,142,0.0766666666666667,0,0.0135386201848215,0.225327547168456,0.00959057730434992,0.192659868548363,0.855021372084297,0.0363921263462532,0,1,0,0.752594680093434,"03a_2x2_to_cor_CAT",300
0.25,25,0.3,0.1,"phi (r)","sample",300,278,150,150,0.0733333333333334,0,0.0126179168932877,0.21038271751692,0.00893830517110355,0.191472052833383,0.910113031589604,0.0386669975203255,0,1,0,0.751469978575619,"03a_2x2_to_cor_CAT",300
0.5,25,0.3,0.1,"phi (r)","sample",300,284,12,12,0.0533333333333333,0,0.009113306764256,0.153580175449045,0.00645545627422328,NA,NA,NA,0,NA,NA,NA,"03a_2x2_to_cor_CAT",300
0,50,0.3,0.1,"phi (r)","sample",300,299,223,223,0.0033333333333333,0,0.0083087449754009,0.143671631426697,0.00588501932688984,0.140371396656478,0.977029322090609,0.0400206803969853,0,1,0,0.54767701937887,"03a_2x2_to_cor_CAT",300
0.1,50,0.3,0.1,"phi (r)","sample",300,298,246,246,0.00666666666666671,0,0.00938122567347375,0.161945063989983,0.00664468646109014,0.140947750174579,0.870342983613862,0.0357106051721437,0,1,0,0.550646178525498,"03a_2x2_to_cor_CAT",300
0.25,50,0.3,0.1,"phi (r)","sample",300,297,250,250,0.01,0,0.00887056624903146,0.152872570583481,0.00628302394767277,0.142281969832005,0.930722688111712,0.0382524668469214,0,1,0,0.55755561988093,"03a_2x2_to_cor_CAT",300
0.5,50,0.3,0.1,"phi (r)","sample",300,297,12,12,0.01,0,0.00666947785581704,0.114939700087317,0.00472399257388412,NA,NA,NA,0,NA,NA,NA,"03a_2x2_to_cor_CAT",300
0,100,0.3,0.1,"phi (r)","sample",300,300,284,284,0,0,0.00580662607432238,0.100573713812806,0.00411276500302013,0.100043073831924,0.994723870077332,0.0406772840081986,0,1,0,0.391122183684462,"03a_2x2_to_cor_CAT",300
0.1,100,0.3,0.1,"phi (r)","sample",300,300,296,296,0,0,0.00605353573977297,0.104850314667208,0.00428764821712327,0.100548277847898,0.958969729056468,0.0392151884533169,0,1,0,0.393158851812777,"03a_2x2_to_cor_CAT",300
0.25,100,0.3,0.1,"phi (r)","sample",300,300,292,292,0,0,0.00643157998886612,0.111398233136594,0.00455541251559237,0.103542243855848,0.929478331392271,0.038009195519326,0,1,0,0.405517241951425,"03a_2x2_to_cor_CAT",300
0.5,100,0.3,0.1,"phi (r)","sample",300,300,39,39,0,0,0.00470013209285089,0.0814086758710278,0.00332904832059549,0.116198648066199,1.42734968752332,0.0583686693010453,0,1,0,0.461051762662956,"03a_2x2_to_cor_CAT",300
0,300,0.3,0.1,"phi (r)","sample",300,300,300,300,0,0,0.00332172004781515,0.0575338789133596,0.00235273526960814,0.0577843927903438,1.00435419759133,0.0410710973861246,0,1,0,0.22629937434964,"03a_2x2_to_cor_CAT",300
0.1,300,0.3,0.1,"phi (r)","sample",300,300,300,300,0,0,0.00380358261238478,0.06587998335436,0.00269403286074996,0.0580639519100891,0.881359541300587,0.0360414718629729,0,1,0,0.227418958252536,"03a_2x2_to_cor_CAT",300
0.25,300,0.3,0.1,"phi (r)","sample",300,300,300,300,0,0,0.00353931186259849,0.0613026796985182,0.0025068529946571,0.0596125764966528,0.972430190487967,0.0397656276545878,0,1,0,0.233588098548922,"03a_2x2_to_cor_CAT",300
0.5,300,0.3,0.1,"phi (r)","sample",300,300,92,92,0,0,0.00275627791671828,0.0477401339153615,0.00195223925380782,0.0867499024328141,1.81712733748533,0.0743078627239601,0,1,0,0.342423744588591,"03a_2x2_to_cor_CAT",300
0,25,0.5,0.1,"phi (r)","sample",300,274,144,144,0.0866666666666667,0,0.0124340998754261,0.205820975804478,0.0088083246174361,0.192987783980697,0.93764876600346,0.040127662770109,0,1,0,0.750138877186169,"03a_2x2_to_cor_CAT",300
0.1,25,0.5,0.1,"phi (r)","sample",300,280,155,155,0.0666666666666667,0,0.0117970069447147,0.197401682867754,0.00835667959808537,0.192860220117428,0.976993799220198,0.0413594455264546,0,1,0,0.750047568939573,"03a_2x2_to_cor_CAT",300
0.25,25,0.5,0.1,"phi (r)","sample",300,287,77,77,0.0433333333333333,0,0.00901501068529667,0.152723966250474,0.00638570982567755,0.192664928991963,1.26152387030065,0.0527469628486069,0,1,0,0.750633043996905,"03a_2x2_to_cor_CAT",300
0,50,0.5,0.1,"phi (r)","sample",300,299,252,252,0.0033333333333333,0,0.0082829029987859,0.143224781878353,0.00586671565620617,0.140142457008485,0.978479109345157,0.0400800659968297,0,1,0,0.546754267562879,"03a_2x2_to_cor_CAT",300
0.1,50,0.5,0.1,"phi (r)","sample",300,297,225,225,0.01,0,0.00797306807279873,0.137405367087914,0.00564732579989347,0.141073064478738,1.02669253369468,0.0421968032033442,0,1,0,0.550645260315092,"03a_2x2_to_cor_CAT",300
0.25,50,0.5,0.1,"phi (r)","sample",300,300,143,143,0,0,0.00617507111911311,0.106955369186551,0.00437373029790152,0.142813430487455,1.33526190946394,0.0546029200167599,0,1,0,0.558335204468279,"03a_2x2_to_cor_CAT",300
0,100,0.5,0.1,"phi (r)","sample",300,300,296,296,0,0,0.00598535146354965,0.103669328360247,0.0042393540956458,0.100370882357678,0.968183009818419,0.0395919475213103,0,1,0,0.392353683020282,"03a_2x2_to_cor_CAT",300
0.1,100,0.5,0.1,"phi (r)","sample",300,300,292,292,0,0,0.00528943286655401,0.0916156646809623,0.00374644313254258,0.10094603976176,1.10184257368311,0.0450576935472033,0,1,0,0.394665305397473,"03a_2x2_to_cor_CAT",300
0.25,100,0.5,0.1,"phi (r)","sample",300,300,211,211,0,0,0.00478343079815546,0.08285145176895,0.00338804781455093,0.107039327933455,1.2919426956085,0.0528314656282442,0,1,0,0.418741354106274,"03a_2x2_to_cor_CAT",300
0,300,0.5,0.1,"phi (r)","sample",300,300,299,299,0,0,0.00322339795289643,0.0558308902743013,0.00228309488535926,0.0576847163388744,1.0332043077849,0.0422508661252831,0,1,0,0.225913941535332,"03a_2x2_to_cor_CAT",300
0.1,300,0.5,0.1,"phi (r)","sample",300,300,300,300,0,0,0.00315122770021274,0.0545808648298689,0.0022319775436022,0.0583372786331782,1.06882290735074,0.0437074189778864,0,1,0,0.228451522480843,"03a_2x2_to_cor_CAT",300
0.25,300,0.5,0.1,"phi (r)","sample",300,300,299,299,0,0,0.00264084949846237,0.045740855064796,0.00187048266179026,0.0657244202012328,1.43688656690235,0.0587586613005563,0,1,0,0.256466568579619,"03a_2x2_to_cor_CAT",300
0,25,0.3,0.3,"phi (r)","sample",300,300,271,271,0,0,0.0124732716212999,0.216043401846985,0.00883467169069139,0.190471055341175,0.881633290870315,0.036052666315353,0,1,0,0.742530759046464,"03a_2x2_to_cor_CAT",300
0.1,25,0.3,0.3,"phi (r)","sample",300,299,280,280,0.0033333333333333,0,0.0126846618871256,0.219338308350408,0.00898444717966509,0.189172892795737,0.862470829735407,0.0353281817117894,0,1,0,0.739180716569993,"03a_2x2_to_cor_CAT",300
0.25,25,0.3,0.3,"phi (r)","sample",300,300,272,272,0,0,0.0124486598973402,0.215617114283383,0.00881723949587291,0.18581497094372,0.861782106495987,0.0352408910187263,0,1,0,0.730526606105115,"03a_2x2_to_cor_CAT",300
0.5,25,0.3,0.3,"phi (r)","sample",300,300,265,265,0,0,0.0120980465321087,0.209544312659448,0.00856890417004719,0.173002729115867,0.825614052322347,0.0337618692963154,0,1,0,0.698215869288317,"03a_2x2_to_cor_CAT",300
0.75,25,0.3,0.3,"phi (r)","sample",300,300,160,160,0,0,0.00929308451231082,0.160960945343538,0.00658218253821356,0.145204721234913,0.902111508633376,0.0368900829140569,0,1,0,0.628072851269073,"03a_2x2_to_cor_CAT",300
0,50,0.3,0.3,"phi (r)","sample",300,300,297,297,0,0,0.00778956177718209,0.134919167667759,0.00551725505586243,0.138462727635779,1.02626431832685,0.0419670688517974,0,1,0,0.540366929449047,"03a_2x2_to_cor_CAT",300
0.1,50,0.3,0.3,"phi (r)","sample",300,300,298,298,0,0,0.00855110054325694,0.148109406015508,0.00605664401348896,0.137325558164182,0.927189986500941,0.0379156181378502,0,1,0,0.536415968935141,"03a_2x2_to_cor_CAT",300
0.25,50,0.3,0.3,"phi (r)","sample",300,300,300,300,0,0,0.00849917445939966,0.14721001986072,0.00601986537858142,0.134040597683612,0.910539906253881,0.0372347457235627,0,1,0,0.525984163071465,"03a_2x2_to_cor_CAT",300
0.5,50,0.3,0.3,"phi (r)","sample",300,300,296,296,0,0,0.00777934325510569,0.134742177673613,0.00551001739677426,0.122841340470509,0.911676971468197,0.0372812437779976,0,1,0,0.491150532293526,"03a_2x2_to_cor_CAT",300
0.75,50,0.3,0.3,"phi (r)","sample",300,300,257,257,0,0,0.00619795377109337,0.107351708344968,0.00438993781135875,0.098238967162642,0.915113216894107,0.0374217623031043,0,1,0,0.417715121789842,"03a_2x2_to_cor_CAT",300
0,100,0.3,0.3,"phi (r)","sample",300,300,297,297,0,0,0.00595441719286836,0.103133531075097,0.00421744371529351,0.0988114793476953,0.958092662179344,0.0391793225215461,0,1,0,0.386393092260469,"03a_2x2_to_cor_CAT",300
0.1,100,0.3,0.3,"phi (r)","sample",300,300,298,298,0,0,0.00599934193291767,0.103911650397919,0.00424926338066884,0.0983376628478368,0.946358396496091,0.0386994727137917,0,1,0,0.384685054363106,"03a_2x2_to_cor_CAT",300
0.25,100,0.3,0.3,"phi (r)","sample",300,300,300,300,0,0,0.00540408047790431,0.0936014195592136,0.00382764668820573,0.0964992238677719,1.03095897821,0.0421590477709055,0,1,0,0.378180616808196,"03a_2x2_to_cor_CAT",300
0.5,100,0.3,0.3,"phi (r)","sample",300,300,300,300,0,0,0.00525456829922767,0.091011792661031,0.00372174896926947,0.0880098769074611,0.967016189157483,0.0395442326761766,0,1,0,0.348056769186261,"03a_2x2_to_cor_CAT",300
0.75,100,0.3,0.3,"phi (r)","sample",300,300,299,299,0,0,0.00414909615442683,0.0718644534495591,0.00293875604174898,0.0686375953416803,0.955097994168373,0.0390568614397757,0,1,0,0.281640936129678,"03a_2x2_to_cor_CAT",300
0,300,0.3,0.3,"phi (r)","sample",300,300,299,299,0,0,0.00356158614694571,0.0616884816204345,0.00252262960847001,0.0575004008031457,0.932109192716758,0.038116779439348,0,1,0,0.225196761015542,"03a_2x2_to_cor_CAT",300
0.1,300,0.3,0.3,"phi (r)","sample",300,300,300,300,0,0,0.00328350443744735,0.0568719651253668,0.00232566760193366,0.0572771398667259,1.00712433165385,0.0411843765919339,0,1,0,0.224350014205507,"03a_2x2_to_cor_CAT",300
0.25,300,0.3,0.3,"phi (r)","sample",300,300,300,300,0,0,0.00358126219096762,0.0620292806998135,0.00253656591919769,0.0561807010183859,0.905712598704288,0.0370373424379912,0,1,0,0.220184786522722,"03a_2x2_to_cor_CAT",300
0.5,300,0.3,0.3,"phi (r)","sample",300,300,300,300,0,0,0.00318095662805382,0.055095784964622,0.0022530341937872,0.0511360947467441,0.928130795841815,0.0379540906928049,0,1,0,0.200995663084546,"03a_2x2_to_cor_CAT",300
0.75,300,0.3,0.3,"phi (r)","sample",300,300,300,300,0,0,0.00235856586406177,0.0408515590955258,0.00167054448123099,0.0398490186289654,0.975458942357228,0.0398894825289729,0,1,0,0.158385778697578,"03a_2x2_to_cor_CAT",300
0,25,0.5,0.3,"phi (r)","sample",300,300,287,287,0,0,0.0121078111235832,0.209713440344937,0.00857582031542505,0.189883729674834,0.905443777768909,0.0370263495324576,0,1,0,0.740385879024638,"03a_2x2_to_cor_CAT",300
0.1,25,0.5,0.3,"phi (r)","sample",300,300,283,283,0,0,0.010912463841525,0.189009418092795,0.00772916988448992,0.189701365545346,1.00366091520483,0.041042746961065,0,1,0,0.739907159935919,"03a_2x2_to_cor_CAT",300
0.25,25,0.5,0.3,"phi (r)","sample",300,300,268,268,0,0,0.0110734146740267,0.19179716828693,0.00784316946749173,0.186075557191059,0.970168427683397,0.0396731372954758,0,1,0,0.731696162379794,"03a_2x2_to_cor_CAT",300
0.5,25,0.5,0.3,"phi (r)","sample",300,300,186,186,0,0,0.00949596143420066,0.164474876707502,0.00672587787757056,0.176715366852437,1.07442164049591,0.0439363682019707,0,1,0,0.710214826201312,"03a_2x2_to_cor_CAT",300
0,50,0.5,0.3,"phi (r)","sample",300,300,294,294,0,0,0.00835731316422103,0.14475291015195,0.00591938669050577,0.137744941973736,0.951586685401643,0.0389132733463949,0,1,0,0.537747996776282,"03a_2x2_to_cor_CAT",300
0.1,50,0.5,0.3,"phi (r)","sample",300,300,293,293,0,0,0.00822089782804261,0.142390127220024,0.00582276531118348,0.137138509411065,0.96311810438343,0.0393848281356684,0,1,0,0.53575116721501,"03a_2x2_to_cor_CAT",300
0.25,50,0.5,0.3,"phi (r)","sample",300,300,297,297,0,0,0.00741110064371026,0.128364028549126,0.00524919548308757,0.135811249714444,1.05801641822473,0.0432655087749314,0,1,0,0.532299204958414,"03a_2x2_to_cor_CAT",300
0.5,50,0.5,0.3,"phi (r)","sample",300,300,256,256,0,0,0.006730841890385,0.116581601318598,0.00476737620320553,0.131646951053783,1.12922579176121,0.0461774766069327,0,1,0,0.525698811119405,"03a_2x2_to_cor_CAT",300
0,100,0.5,0.3,"phi (r)","sample",300,300,299,299,0,0,0.00589052313537064,0.102026853536219,0.00417218830531634,0.0986579079376575,0.966979814805665,0.0395427452183162,0,1,0,0.385790562887987,"03a_2x2_to_cor_CAT",300
0.1,100,0.5,0.3,"phi (r)","sample",300,300,298,298,0,0,0.00584603831585541,0.10125635386056,0.00414068023048491,0.0983030615705155,0.970833511405012,0.0397003345913759,0,1,0,0.384542875136928,"03a_2x2_to_cor_CAT",300
0.25,100,0.5,0.3,"phi (r)","sample",300,300,300,300,0,0,0.00562893671281809,0.0974960437919068,0.00398690971665418,0.0966921079838333,0.991754169945712,0.0405558439389423,0,1,0,0.379026021196929,"03a_2x2_to_cor_CAT",300
0.5,100,0.5,0.3,"phi (r)","sample",300,300,290,290,0,0,0.00452750251635467,0.0784186438972223,0.00320677682048298,0.0960071338846531,1.22428964737624,0.0500649267527369,0,1,0,0.380009688233285,"03a_2x2_to_cor_CAT",300
0,300,0.5,0.3,"phi (r)","sample",300,300,298,298,0,0,0.00320196464911062,0.0554596545629905,0.00226791392819393,0.0574772234556882,1.03637903821428,0.0423806905069128,0,1,0,0.225104126934689,"03a_2x2_to_cor_CAT",300
0.1,300,0.5,0.3,"phi (r)","sample",300,300,300,300,0,0,0.00348824699235957,0.060418210201161,0.00247068434723358,0.0572560600648183,0.94766230039231,0.0387527933092869,0,1,0,0.224264435401435,"03a_2x2_to_cor_CAT",300
0.25,300,0.5,0.3,"phi (r)","sample",300,300,300,300,0,0,0.00329284355406604,0.0570337233701806,0.0023322823884718,0.0562382352140456,0.986052319415098,0.0403226779313868,0,1,0,0.220415832501033,"03a_2x2_to_cor_CAT",300
0.5,300,0.5,0.3,"phi (r)","sample",300,300,300,300,0,0,0.00268646525635182,0.046530943167699,0.00190279176698021,0.0548410711753491,1.17859358615836,0.0481962758475654,0,1,0,0.215639710769067,"03a_2x2_to_cor_CAT",300
0,25,0.3,0.5,"phi (r)","sample",300,300,280,280,0,0,0.0116212085943006,0.201285237306848,0.00823116546298601,0.19031975952847,0.945522692448323,0.0386652982338978,0,1,0,0.741304186261809,"03a_2x2_to_cor_CAT",300
0.1,25,0.3,0.5,"phi (r)","sample",300,300,287,287,0,0,0.0114712216156176,0.198687386631321,0.00812493144878556,0.189510910161667,0.953814499122278,0.0390043754242254,0,1,0,0.739505183077359,"03a_2x2_to_cor_CAT",300
0.25,25,0.3,0.5,"phi (r)","sample",300,300,267,267,0,0,0.0116188583902244,0.201244530578167,0.00822950084106084,0.186329590491149,0.925886482260325,0.0378623138854879,0,1,0,0.732052391555674,"03a_2x2_to_cor_CAT",300
0.5,25,0.3,0.5,"phi (r)","sample",300,300,170,170,0,0,0.00945996077787696,0.163851327048917,0.00670037903581311,0.176345531053866,1.07625329760813,0.0440112702313687,0,1,0,0.708626744125951,"03a_2x2_to_cor_CAT",300
0,50,0.3,0.5,"phi (r)","sample",300,300,294,294,0,0,0.00817189001438022,0.141541286987713,0.00578805365275647,0.137826956120105,0.973757968811388,0.0398199245480136,0,1,0,0.538018579013558,"03a_2x2_to_cor_CAT",300
0.1,50,0.3,0.5,"phi (r)","sample",300,300,296,296,0,0,0.00854755115707807,0.148047928843534,0.0060541300249745,0.137239260255055,0.926992098620294,0.0379075259006324,0,1,0,0.536230470931808,"03a_2x2_to_cor_CAT",300
0.25,50,0.3,0.5,"phi (r)","sample",300,300,297,297,0,0,0.00743131124556919,0.128714086441838,0.00526351041484853,0.135695960912907,1.05424328186662,0.0431112137551199,0,1,0,0.531802455794149,"03a_2x2_to_cor_CAT",300
0.5,50,0.3,0.5,"phi (r)","sample",300,300,246,246,0,0,0.0062116941798568,0.107589699205919,0.00439966998139452,0.130563621441073,1.21353273040743,0.0496250437060391,0,1,0,0.522321540019008,"03a_2x2_to_cor_CAT",300
0,100,0.3,0.5,"phi (r)","sample",300,300,299,299,0,0,0.00587349415133064,0.101731902880633,0.00416012687606289,0.0986648813024155,0.969851919689182,0.0396601943210899,0,1,0,0.385817376562247,"03a_2x2_to_cor_CAT",300
0.1,100,0.3,0.5,"phi (r)","sample",300,300,299,299,0,0,0.0058766198899473,0.101786042261586,0.00416234079998818,0.0983211124858508,0.965958694347993,0.0395009884975691,0,1,0,0.384603420817438,"03a_2x2_to_cor_CAT",300
0.25,100,0.3,0.5,"phi (r)","sample",300,300,300,300,0,0,0.00576827288475511,0.0999094170831774,0.00408559988961563,0.0967159588139646,0.968036463804466,0.0395859548091525,0,1,0,0.379053107056233,"03a_2x2_to_cor_CAT",300
0.5,100,0.3,0.5,"phi (r)","sample",300,300,289,289,0,0,0.00443995000667663,0.076902189946297,0.00314476440688487,0.0955220216856734,1.24212355659025,0.0507942095335135,0,1,0,0.37820661695922,"03a_2x2_to_cor_CAT",300
0,300,0.3,0.5,"phi (r)","sample",300,300,300,300,0,0,0.00340844398563169,0.0590359815786664,0.00241416081549496,0.0574705807407636,0.973483953412092,0.0398087192250541,0,1,0,0.225079064570426,"03a_2x2_to_cor_CAT",300
0.1,300,0.3,0.5,"phi (r)","sample",300,300,300,300,0,0,0.0033579169304927,0.0581608273120909,0.00237837309618577,0.0572613560749914,0.984534758553674,0.0402606202528523,0,1,0,0.224283826400972,"03a_2x2_to_cor_CAT",300
0.25,300,0.3,0.5,"phi (r)","sample",300,300,300,300,0,0,0.0031172816661288,0.0539929022723804,0.00220793396662914,0.0562625852001346,1.04203669060619,0.0426120491181699,0,1,0,0.220512048716439,"03a_2x2_to_cor_CAT",300
0.5,300,0.3,0.5,"phi (r)","sample",300,300,300,300,0,0,0.00257393952926831,0.0445819404030263,0.00182309111700467,0.0548446836446509,1.23019956396801,0.0503066012142633,0,1,0,0.215682672169917,"03a_2x2_to_cor_CAT",300
0,25,0.5,0.5,"phi (r)","sample",300,300,298,298,0,0,0.0117073575561981,0.202777381097104,0.00829218376018703,0.188908248043299,0.931604141552832,0.0380961263613917,0,1,0,0.736471464600904,"03a_2x2_to_cor_CAT",300
0.1,25,0.5,0.5,"phi (r)","sample",300,300,296,296,0,0,0.0125577686641754,0.217506933560482,0.00889451995306424,0.187239302958803,0.86084291610289,0.0352024846674695,0,1,0,0.731722240519767,"03a_2x2_to_cor_CAT",300
0.25,25,0.5,0.5,"phi (r)","sample",300,300,295,295,0,0,0.0114745450854278,0.198744950817008,0.00812728542339132,0.183565581524248,0.923623874567075,0.0377697889763085,0,1,0,0.721704840581103,"03a_2x2_to_cor_CAT",300
0.5,25,0.5,0.5,"phi (r)","sample",300,300,282,282,0,0,0.0107540265947753,0.186265204480977,0.00761695064473406,0.166825481320931,0.895634167346423,0.0366252047312031,0,1,0,0.676076497674443,"03a_2x2_to_cor_CAT",300
0.75,25,0.5,0.5,"phi (r)","sample",300,300,181,181,0,0,0.00784612819921379,0.135898926837372,0.0055573203877609,0.136847917454169,1.00698306188932,0.0411785996416601,0,1,0,0.598277193106031,"03a_2x2_to_cor_CAT",300
0,50,0.5,0.5,"phi (r)","sample",300,300,293,293,0,0,0.00898592576094254,0.155640799709945,0.00636462560466394,0.136994697910831,0.880197854072563,0.0359939669395218,0,1,0,0.534883396514068,"03a_2x2_to_cor_CAT",300
0.1,50,0.5,0.5,"phi (r)","sample",300,300,295,295,0,0,0.00780118718970151,0.135120525719185,0.00552548919891617,0.136727473455621,1.01189269896548,0.0413793696319378,0,1,0,0.533976507275556,"03a_2x2_to_cor_CAT",300
0.25,50,0.5,0.5,"phi (r)","sample",300,300,300,300,0,0,0.00777358435693013,0.134642430631256,0.00550593843688099,0.132984002649925,0.987682723985626,0.040389350132345,0,1,0,0.52134237739756,"03a_2x2_to_cor_CAT",300
0.5,50,0.5,0.5,"phi (r)","sample",300,300,299,299,0,0,0.00759006900629236,0.131463851518522,0.0053759566708848,0.12008291759571,0.913429176223332,0.0373528967588994,0,1,0,0.478526860911307,"03a_2x2_to_cor_CAT",300
0.75,50,0.5,0.5,"phi (r)","sample",300,300,285,285,0,0,0.00547057189183785,0.0947530846312134,0.0038747417752196,0.0930151941196942,0.981658744743949,0.0401430113021989,0,1,0,0.394802335585586,"03a_2x2_to_cor_CAT",300
0,100,0.5,0.5,"phi (r)","sample",300,300,296,296,0,0,0.00551992680644312,0.0956079368282089,0.00390969928116496,0.0985557910074484,1.03083273499078,0.0421538853017655,0,1,0,0.385373492958669,"03a_2x2_to_cor_CAT",300
0.1,100,0.5,0.5,"phi (r)","sample",300,300,300,300,0,0,0.00550278954003647,0.0953111106670174,0.00389756115678386,0.0981589311475162,1.02987920779192,0.0421148926749228,0,1,0,0.383922062485172,"03a_2x2_to_cor_CAT",300
0.25,100,0.5,0.5,"phi (r)","sample",300,300,300,300,0,0,0.0054218367381741,0.0939089670086107,0.00384022323866506,0.0953181377240199,1.01500570989435,0.0415066701155025,0,1,0,0.373528796056882,"03a_2x2_to_cor_CAT",300
0.5,100,0.5,0.5,"phi (r)","sample",300,300,300,300,0,0,0.00500099322897158,0.0866197436088671,0.00354214472728127,0.0853354243616699,0.985172904078352,0.0402867159639605,0,1,0,0.337244710751158,"03a_2x2_to_cor_CAT",300
0.75,100,0.5,0.5,"phi (r)","sample",300,300,298,298,0,0,0.00378994327401798,0.0656437430840308,0.00268437227768824,0.0653434597998895,0.995425561218273,0.0407059782927983,0,1,0,0.267036064662353,"03a_2x2_to_cor_CAT",300
0,300,0.5,0.5,"phi (r)","sample",300,300,300,300,0,0,0.00340231370955493,0.0589298020823727,0.00240981881299908,0.0574437717665874,0.974783042479794,0.0398618429275694,0,1,0,0.224973986673887,"03a_2x2_to_cor_CAT",300
0.1,300,0.5,0.5,"phi (r)","sample",300,300,300,300,0,0,0.00326588823027425,0.056566843466762,0.00231319024943667,0.0571669340431956,1.0106085215235,0.0413268557111445,0,1,0,0.223911975414454,"03a_2x2_to_cor_CAT",300
0.25,300,0.5,0.5,"phi (r)","sample",300,300,300,300,0,0,0.00327894710029929,0.0567930297304901,0.00232243969359418,0.0556163890921996,0.979281953368674,0.0400458170750284,0,1,0,0.217965232316796,"03a_2x2_to_cor_CAT",300
0.5,300,0.5,0.5,"phi (r)","sample",300,300,300,300,0,0,0.00293894772225754,0.0509040677573888,0.00208162213014846,0.0495794332656954,0.973977826329977,0.0398289151905367,0,1,0,0.194858955147079,"03a_2x2_to_cor_CAT",300
0.75,300,0.5,0.5,"phi (r)","sample",300,300,300,300,0,0,0.00208798679240988,0.0361649920998669,0.00147889650490259,0.0379866834585644,1.05037167860198,0.0429528921240618,0,1,0,0.150815604539803,"03a_2x2_to_cor_CAT",300
0,25,0.3,0.1,"phi (z)","sample",300,276,133,133,0.08,0.00113359807733347,0.0126408623763728,0.210005778126883,0.00895467646709379,0.208729568287079,0.993922977495249,0.0423810181608577,0.0077962000479802,1,0,0.817073021660736,"03a_2x2_to_cor_CAT",300
0.1,25,0.3,0.1,"phi (z)","sample",300,277,142,142,0.0766666666666667,0.00730557085045641,0.0143158053638711,0.238262486453279,0.0101411248814086,0.213502153338111,0.896079599085259,0.0381396805400504,0.0183281224851069,1,0,0.834541152056112,"03a_2x2_to_cor_CAT",300
0.25,25,0.3,0.1,"phi (z)","sample",300,278,150,150,0.0733333333333334,0.0190487897714437,0.0139853490326382,0.23318236756451,0.00990696948119991,0.220128248118834,0.944017553376695,0.0401074626212147,0.0347899321596473,1,0,0.859411122199136,"03a_2x2_to_cor_CAT",300
0.5,25,0.3,0.1,"phi (z)","sample",300,283,12,12,0.0566666666666666,0.0723812614199059,0.0133088942858359,0.223890256135836,0.00942748046564348,NA,NA,NA,0.108728575989944,NA,NA,NA,"03a_2x2_to_cor_CAT",300
0,50,0.3,0.1,"phi (z)","sample",300,299,223,223,0.0033333333333333,0.00012464964804612,0.00843855561517835,0.145916267222908,0.00597696319159961,0.145859666057697,0.999612098319896,0.0409457069540338,0.00261950543580616,1,0,0.571357771788664,"03a_2x2_to_cor_CAT",300
0.1,50,0.3,0.1,"phi (z)","sample",300,298,246,246,0.00666666666666671,0.00277854049000249,0.00969699617590063,0.167396108022136,0.00686834550686071,0.149596149929494,0.893665639524379,0.0366675453353516,0.00768348389679336,1,0,0.585002648463847,"03a_2x2_to_cor_CAT",300
0.25,50,0.3,0.1,"phi (z)","sample",300,297,250,250,0.01,0.0112832104682582,0.00974047911228661,0.167864377403477,0.00689918341244397,0.157868721396417,0.940453977421105,0.0386524203738313,0.0222816303185202,1,0,0.616234840339304,"03a_2x2_to_cor_CAT",300
0.5,50,0.3,0.1,"phi (z)","sample",300,297,12,12,0.01,0.0621725770758368,0.00930471824347011,0.160354610573998,0.00659053389702755,NA,NA,NA,0.0786671872615758,NA,NA,NA,"03a_2x2_to_cor_CAT",300
0,100,0.3,0.1,"phi (z)","sample",300,300,284,284,0,0.000200050616124189,0.0058726152155671,0.101716679266643,0.00415950433619173,0.102096050551266,1.00372968609828,0.0410455592120309,0.00158866353305554,1,0,0.400039587632537,"03a_2x2_to_cor_CAT",300
0.1,100,0.3,0.1,"phi (z)","sample",300,300,296,296,0,0.00110525604606595,0.00615343504979997,0.106580621473287,0.00435840572429629,0.103610057002347,0.972128474858967,0.0397532895849991,0.00243090779620414,1,0,0.405712298075603,"03a_2x2_to_cor_CAT",300
0.25,100,0.3,0.1,"phi (z)","sample",300,300,292,292,0,0.00846827539893798,0.00690189958988339,0.119544407584168,0.0048885343613148,0.113804968703543,0.95198906417614,0.0389297278381201,0.0125024682436253,1,0,0.444033911597925,"03a_2x2_to_cor_CAT",300
0.5,100,0.3,0.1,"phi (z)","sample",300,300,39,39,0,0.0518025961866835,0.00625700330113945,0.108374476206997,0.00443176189947977,0.152817637350043,1.41008882071235,0.0576628199667543,0.0588318016147938,1,0,0.59651757924888,"03a_2x2_to_cor_CAT",300
0,300,0.3,0.1,"phi (z)","sample",300,300,300,300,0,9.85979626966554e-06,0.00333393232314149,0.057745401726772,0.0023613850806906,0.0581776677735403,1.00748572239247,0.0411991549582275,0.000273965496119386,1,0,0.22803475998687,"03a_2x2_to_cor_CAT",300
0.1,300,0.3,0.1,"phi (z)","sample",300,300,300,300,0,0.000738992805970275,0.00385330473568432,0.0667411957925101,0.00272925045629765,0.059121551317929,0.88583296442171,0.0362244037380998,0.00127736314029802,1,0,0.231695800289244,"03a_2x2_to_cor_CAT",300
0.25,300,0.3,0.1,"phi (z)","sample",300,300,300,300,0,0.00647344779298131,0.00379269354552375,0.0656913791838569,0.00268632026267177,0.0642579390088982,0.978179173694211,0.0400007210605805,0.0079272157029366,1,0,0.251556924090776,"03a_2x2_to_cor_CAT",300
0.5,300,0.3,0.1,"phi (z)","sample",300,300,92,92,0,0.0514315635424827,0.00370266506595891,0.064132040176512,0.00262255414870297,0.116254527452674,1.81273708325361,0.0741283318776378,0.0540513869046892,1,0,0.453651769633158,"03a_2x2_to_cor_CAT",300
0,25,0.5,0.1,"phi (z)","sample",300,274,144,144,0.0866666666666667,7.47663002995161e-05,0.0128223261830316,0.212247264660517,0.00908334439182088,0.205274691821302,0.967148821209227,0.041390148585605,0.00747443030936407,1,0,0.804269238408496,"03a_2x2_to_cor_CAT",300
0.1,25,0.5,0.1,"phi (z)","sample",300,280,155,155,0.0666666666666667,0.00375499519392089,0.0122270156607144,0.204597104942518,0.00866128610385703,0.20603437788368,1.00702489383496,0.0426307631364645,0.0094962531645215,1,0,0.807026118235542,"03a_2x2_to_cor_CAT",300
0.25,25,0.5,0.1,"phi (z)","sample",300,287,77,77,0.0433333333333333,0.0123323025172086,0.00975341758203526,0.165233372385793,0.00690875437220728,0.208963236487072,1.26465515694479,0.0528778885204673,0.0197393719520718,1,0,0.818076071888704,"03a_2x2_to_cor_CAT",300
0,50,0.5,0.1,"phi (z)","sample",300,299,252,252,0.0033333333333333,-0.000254460578796686,0.00844492145732418,0.146026342923775,0.00598147206799081,0.145358911094138,0.995429373794663,0.0407743758817434,0.00345899689220336,1,0,0.569492440151317,"03a_2x2_to_cor_CAT",300
0.1,50,0.5,0.1,"phi (z)","sample",300,297,225,225,0.01,0.00198803537208396,0.00815036906972143,0.140460917140262,0.00577290813346019,0.147716029941573,1.05165218161053,0.0432226384135604,0.0042399322959694,1,0,0.578426251961843,"03a_2x2_to_cor_CAT",300
0.25,50,0.5,0.1,"phi (z)","sample",300,300,143,143,0,0.00729739609215111,0.00656038494358633,0.113629200395014,0.00464664355117282,0.153289194374242,1.3490299486519,0.0551659370078379,0.010553927553861,1,0,0.599745616737829,"03a_2x2_to_cor_CAT",300
0,100,0.5,0.1,"phi (z)","sample",300,300,296,296,0,0.00011528700470703,0.00604202594608106,0.104650959192618,0.00427949596552618,0.102587388988986,0.980281401914014,0.0400866875653758,0.00118650489796702,1,0,0.401848319477546,"03a_2x2_to_cor_CAT",300
0.1,100,0.5,0.1,"phi (z)","sample",300,300,292,292,0,0.00112571499585894,0.00537538645584806,0.0931044245184643,0.00380732304962486,0.103990176336148,1.11691981207106,0.0456742476748511,0.00212372995493674,1,0,0.407182266013701,"03a_2x2_to_cor_CAT",300
0.25,100,0.5,0.1,"phi (z)","sample",300,300,211,211,0,0.00712969766509172,0.00508590024842,0.0880903763249061,0.00360228337124225,0.115420863903476,1.31025508936148,0.0535803150968933,0.00911950230789732,1,0,0.450777691721267,"03a_2x2_to_cor_CAT",300
0,300,0.5,0.1,"phi (z)","sample",300,300,299,299,0,-9.03627432457673e-06,0.00323351811433482,0.0560061766122222,0.00229026287676356,0.0580636960251164,1.0367373660791,0.0423953436229825,0.000242838564920681,1,0,0.227597048693452,"03a_2x2_to_cor_CAT",300
0.1,300,0.5,0.1,"phi (z)","sample",300,300,300,300,0,0.000696740890046871,0.00320031417426208,0.0554310675000475,0.00226674491625678,0.0593910733663662,1.07144018769466,0.0438144475303131,0.00121215784096264,1,0,0.232684226956455,"03a_2x2_to_cor_CAT",300
0.25,300,0.5,0.1,"phi (z)","sample",300,300,299,299,0,0.00573556588466024,0.00280955110890293,0.0486628526708136,0.00198997202971104,0.0707547482988543,1.45397863905522,0.0594576081079722,0.00647333208124357,1,0,0.275570713969034,"03a_2x2_to_cor_CAT",300
0,25,0.3,0.3,"phi (z)","sample",300,300,271,271,0,0.00179661555387717,0.0131009833117901,0.226915687251324,0.00927927250355428,0.207509076774589,0.914476558620466,0.0373957274102138,0.0148733159841983,1,0,0.812570761451306,"03a_2x2_to_cor_CAT",300
0.1,25,0.3,0.3,"phi (z)","sample",300,299,280,280,0.0033333333333333,0.00634115101974433,0.0134744083372332,0.232994301070887,0.0095438184368147,0.209986969384777,0.901253671955223,0.0369167888275357,0.0184658004706201,1,0,0.821428906072046,"03a_2x2_to_cor_CAT",300
0.25,25,0.3,0.3,"phi (z)","sample",300,300,272,272,0,0.0190290101780102,0.0140961241232479,0.244152031712626,0.00998411904439483,0.217333428702779,0.890156134185222,0.0364011912965128,0.0413373744028552,1,0,0.848248555062601,"03a_2x2_to_cor_CAT",300
0.5,25,0.3,0.3,"phi (z)","sample",300,299,265,265,0.0033333333333333,0.0792449058678919,0.0172321770831514,0.29797219699244,0.0122054167601697,0.24636476007555,0.826804522576986,0.0338672328462286,0.130250103211546,1,0,0.954734311668862,"03a_2x2_to_cor_CAT",300
0.75,25,0.3,0.3,"phi (z)","sample",300,278,160,160,0.0733333333333334,0.276991839990343,0.0198492847185865,0.3309537140861,0.0140608759546696,0.299837288696594,0.905979525035905,0.038491381654917,0.336152020344642,1,0,1.1617627923902,"03a_2x2_to_cor_CAT",300
0,50,0.3,0.3,"phi (z)","sample",300,300,297,297,0,0.000151300050472603,0.00795432783563904,0.137772999513862,0.00563395691856786,0.143982600826738,1.04507125006196,0.0427361414824283,0.00375794698309765,1,0,0.56417122999158,"03a_2x2_to_cor_CAT",300
0.1,50,0.3,0.3,"phi (z)","sample",300,300,298,298,0,0.00318127718514682,0.0089908547840356,0.155726172894234,0.00636811677378983,0.145055583651869,0.931478511003978,0.0380909889462059,0.0132215062664373,1,0,0.568100023235375,"03a_2x2_to_cor_CAT",300
0.25,50,0.3,0.3,"phi (z)","sample",300,300,300,300,0,0.0131605424639714,0.00938944345194608,0.162629931135655,0.00665043244264817,0.151752017689095,0.933112475848704,0.0381578067376028,0.0226792475534226,1,0,0.593576620090571,"03a_2x2_to_cor_CAT",300
0.5,50,0.3,0.3,"phi (z)","sample",300,300,296,296,0,0.0665609942965826,0.0109407504045691,0.189499355736435,0.00774920492464141,0.176511893142321,0.931464344331718,0.0380904096278963,0.0886134178834859,1,0,0.685954187449133,"03a_2x2_to_cor_CAT",300
0.75,50,0.3,0.3,"phi (z)","sample",300,299,257,257,0.0033333333333333,0.272640616036135,0.0152118493494783,0.263037464686565,0.0107744343681817,0.240446030574901,0.914113245660332,0.0374435374907104,0.317215025949405,1,0,0.92775647890569,"03a_2x2_to_cor_CAT",300
0,100,0.3,0.3,"phi (z)","sample",300,300,297,297,0,0.00014288613618774,0.00602185150578403,0.104301527636531,0.0042652066465745,0.100935265837021,0.967725671178653,0.039573245553561,0.00143133438733524,1,0,0.39562227619543,"03a_2x2_to_cor_CAT",300
0.1,100,0.3,0.3,"phi (z)","sample",300,300,298,298,0,0.00166198950371047,0.00614547673577354,0.106442779430923,0.00435276894400563,0.101702163592941,0.955463246419088,0.0390717977150415,0.00371903048545822,1,0,0.39858255167022,"03a_2x2_to_cor_CAT",300
0.25,100,0.3,0.3,"phi (z)","sample",300,300,300,300,0,0.00799873490350451,0.00583430377156636,0.101053105591437,0.00413236879068137,0.10529851239028,1.04201164104751,0.0426110247655397,0.0114710895651508,1,0,0.41249516949026,"03a_2x2_to_cor_CAT",300
0.5,100,0.3,0.3,"phi (z)","sample",300,300,300,300,0,0.0557449195249388,0.00708358997956953,0.122691377446002,0.00501722352891776,0.121255309620017,0.988295283206706,0.0404143995416909,0.0647580971660395,1,0,0.473660560228242,"03a_2x2_to_cor_CAT",300
0.75,100,0.3,0.3,"phi (z)","sample",300,300,299,299,0,0.248069781682179,0.0103370312059987,0.179042632482147,0.00732159771182092,0.171567329149424,0.958248472840852,0.0391856940933162,0.271018017330113,0.923076923076923,0.0154103206914041,0.662744132243653,"03a_2x2_to_cor_CAT",300
0,300,0.3,0.3,"phi (z)","sample",300,300,299,299,0,-8.47125433430056e-06,0.00357470773390484,0.0619157541733259,0.00253192347429482,0.0579156440160829,0.935394307787237,0.0382511177846328,0.000277851621335038,1,0,0.227022850659967,"03a_2x2_to_cor_CAT",300
0.1,300,0.3,0.3,"phi (z)","sample",300,300,300,300,0,0.000781721151194002,0.00333261510342433,0.0577225868120234,0.00236045210944625,0.0583510486172633,1.01088762371802,0.0413382690486296,0.001264188433344,1,0,0.228722710166537,"03a_2x2_to_cor_CAT",300
0.25,300,0.3,0.3,"phi (z)","sample",300,300,300,300,0,0.00657065299672164,0.00384624548189826,0.0666189259303002,0.00272425046980857,0.0604624535815716,0.907586736610407,0.037113981636236,0.00814505997399611,1,0,0.236954430690805,"03a_2x2_to_cor_CAT",300
0.5,300,0.3,0.3,"phi (z)","sample",300,300,300,300,0,0.0520779439574188,0.00427395677092672,0.0740271027659811,0.00302719334892589,0.0690315054142951,0.932516643701722,0.0381334413491839,0.0555037090400076,1,0,0.270350373860493,"03a_2x2_to_cor_CAT",300
0.75,300,0.3,0.3,"phi (z)","sample",300,300,300,300,0,0.230453309568374,0.00559320382377684,0.0968771319987001,0.00396160053131581,0.0935229663532016,0.965377116598131,0.0394772060147961,0.237238292818016,0.0866666666666667,0.0162435172253995,0.365336838007001,"03a_2x2_to_cor_CAT",300
0,25,0.5,0.3,"phi (z)","sample",300,300,287,287,0,0.000160675194423472,0.0126386701536456,0.218908188462186,0.00895182152721875,0.20714673888429,0.94627222645019,0.0386959489585712,0.0116928893850989,1,0,0.811104619031033,"03a_2x2_to_cor_CAT",300
0.1,25,0.5,0.3,"phi (z)","sample",300,300,283,283,0,0.00493095447448301,0.0114981149738282,0.19915319325939,0.00814397969832782,0.20747310348775,1.04177643397123,0.0426014064329245,0.0148881559356153,1,0,0.812262790196311,"03a_2x2_to_cor_CAT",300
0.25,25,0.5,0.3,"phi (z)","sample",300,300,268,268,0,0.0179133935915542,0.0122871005081577,0.212818823578346,0.00870280887932656,0.216946586485541,1.01939566640672,0.0416861887871749,0.0308293629547324,1,0,0.84766691638885,"03a_2x2_to_cor_CAT",300
0.5,25,0.5,0.3,"phi (z)","sample",300,300,186,186,0,0.0751124439244931,0.0138497987625709,0.239885551313774,0.0098096496864955,0.242549324571197,1.01110435056565,0.0413471316684969,0.113775182508728,1,0,0.94409987362636,"03a_2x2_to_cor_CAT",300
0,50,0.5,0.3,"phi (z)","sample",300,300,294,294,0,-0.000162258135212746,0.0085422257104109,0.147955689401528,0.00605035807369025,0.143782606674753,0.971795050642157,0.0397396548548289,0.00390010110241365,1,0,0.563447659478543,"03a_2x2_to_cor_CAT",300
0.1,50,0.5,0.3,"phi (z)","sample",300,300,293,293,0,0.00287946996917762,0.00852243350706532,0.147612878383645,0.00603633948867884,0.144885483723887,0.981523328522395,0.0401374737210981,0.00757724472987553,1,0,0.567632138556076,"03a_2x2_to_cor_CAT",300
0.25,50,0.5,0.3,"phi (z)","sample",300,300,297,297,0,0.00942378234049978,0.00799324422178985,0.138447051094464,0.00566152093749321,0.150646699678664,1.08811779295954,0.044496445526283,0.0152349404914066,1,0,0.58951018939831,"03a_2x2_to_cor_CAT",300
0.5,50,0.5,0.3,"phi (z)","sample",300,300,256,256,0,0.056920004839539,0.00902661596174913,0.156345574661617,0.0063934459956623,0.181381303728178,1.16013071761543,0.0474412730071606,0.0710624760063337,1,0,0.705931471692768,"03a_2x2_to_cor_CAT",300
0,100,0.5,0.3,"phi (z)","sample",300,300,299,299,0,-8.54155420496962e-05,0.00594614841811616,0.102990311695225,0.00421158703931965,0.100722020371585,0.97797568250543,0.0399923996870535,0.00123332415926695,1,0,0.394804223930459,"03a_2x2_to_cor_CAT",300
0.1,100,0.5,0.3,"phi (z)","sample",300,300,298,298,0,0.001449383730944,0.00596753383236088,0.103360717935353,0.00422673407688587,0.101515327374363,0.982146113167053,0.0401629412791097,0.00302823816807101,1,0,0.397859927728562,"03a_2x2_to_cor_CAT",300
0.25,100,0.5,0.3,"phi (z)","sample",300,300,300,300,0,0.00866867886846768,0.00608188296306265,0.105341302977121,0.00430772622221372,0.106060039001285,1.0068229270367,0.0411720512405657,0.0122212048637999,1,0,0.415328581938721,"03a_2x2_to_cor_CAT",300
0.5,100,0.5,0.3,"phi (z)","sample",300,300,290,290,0,0.0524433143566653,0.00612766877107135,0.106134336434487,0.00434015577190453,0.131742673486277,1.24128230233575,0.0507598080887881,0.0596984710314945,1,0,0.51190210253516,"03a_2x2_to_cor_CAT",300
0,300,0.5,0.3,"phi (z)","sample",300,300,298,298,0,-2.26871396214679e-05,0.00321384643490158,0.0556654531297364,0.00227632965742274,0.0578498995254808,1.03924240750638,0.0424977823847886,0.000289187974324919,1,0,0.226766296366318,"03a_2x2_to_cor_CAT",300
0.1,300,0.5,0.3,"phi (z)","sample",300,300,300,300,0,0.000705407627653115,0.00353421777796138,0.0612144475644229,0.00250324491437954,0.0582590549584356,0.951720668509227,0.0389187523231074,0.00118764842415001,1,0,0.228362857692855,"03a_2x2_to_cor_CAT",300
0.25,300,0.5,0.3,"phi (z)","sample",300,300,300,300,0,0.00630151250906968,0.0035248924501549,0.0610529281488423,0.00249663989429502,0.0604483588339007,0.990097619667517,0.0404881025604885,0.00757403363825395,1,0,0.236895167932297,"03a_2x2_to_cor_CAT",300
0.5,300,0.5,0.3,"phi (z)","sample",300,300,300,300,0,0.0514607944508641,0.00361932711599933,0.0626885845412257,0.00256352685821963,0.0742507906218492,1.18443878044526,0.0484353036172248,0.0539779524922183,1,0,0.290200605607383,"03a_2x2_to_cor_CAT",300
0,25,0.3,0.5,"phi (z)","sample",300,300,280,280,0,-0.000432368965544789,0.0121650253318298,0.210704419500916,0.00861634446668607,0.205696397047949,0.976232000900462,0.039921095243681,0.0118248782796694,1,0,0.805622635289868,"03a_2x2_to_cor_CAT",300
0.1,25,0.3,0.5,"phi (z)","sample",300,300,287,287,0,0.00462987025812949,0.0120208217237672,0.208206739742924,0.00851420674592398,0.207924842032977,0.998646068276678,0.0408376746199961,0.012704320721558,1,0,0.814036849170572,"03a_2x2_to_cor_CAT",300
0.25,25,0.3,0.5,"phi (z)","sample",300,300,267,267,0,0.0167499876862973,0.0127838367849578,0.221422548272149,0.00905464134603008,0.215740645452952,0.97433909570848,0.0398436885940458,0.0301044581354673,1,0,0.843391801241858,"03a_2x2_to_cor_CAT",300
0.5,25,0.3,0.5,"phi (z)","sample",300,300,170,170,0,0.0798773677003832,0.0136472962450658,0.236378104823979,0.00966621953336379,0.241448486015381,1.02145029970174,0.0417702089907594,0.113488878879211,1,0,0.940118746983534,"03a_2x2_to_cor_CAT",300
0,50,0.3,0.5,"phi (z)","sample",300,300,294,294,0,0.00013488495994605,0.0083198349733063,0.14410376884355,0.00589284132836299,0.143675682020913,0.997029315568413,0.0407715606852013,0.0031935271589488,1,0,0.563049380761747,"03a_2x2_to_cor_CAT",300
0.1,50,0.3,0.5,"phi (z)","sample",300,300,296,296,0,0.00241807637838978,0.00881597311824705,0.152697133589653,0.00624425014530042,0.145168451023531,0.950695324862126,0.0388768229033018,0.00615634715984433,1,0,0.568653440109953,"03a_2x2_to_cor_CAT",300
0.25,50,0.3,0.5,"phi (z)","sample",300,300,297,297,0,0.00925554589661878,0.00804032140925631,0.139262451900157,0.00569486515607633,0.150277063676472,1.07909247342716,0.0441273727645581,0.0154536635645511,1,0,0.587958968251805,"03a_2x2_to_cor_CAT",300
0.5,50,0.3,0.5,"phi (z)","sample",300,300,246,246,0,0.0617564349859051,0.00849544461549913,0.147145417069319,0.00601722357398363,0.183062255389763,1.24409077112829,0.0508746549182841,0.0743761977261143,1,0,0.712710248000911,"03a_2x2_to_cor_CAT",300
0,100,0.3,0.5,"phi (z)","sample",300,300,299,299,0,0.000115144445505249,0.00593626494039821,0.102819124839595,0.00420458668821279,0.100726755530158,0.979649998843102,0.040060867573706,0.00141011002973999,1,0,0.394817222693957,"03a_2x2_to_cor_CAT",300
0.1,100,0.3,0.5,"phi (z)","sample",300,300,299,299,0,0.00141635446428676,0.00599490801417814,0.103834852672584,0.00424612288813758,0.101452914110349,0.977060317408593,0.0399549676246135,0.00291860996223336,1,0,0.397624946076006,"03a_2x2_to_cor_CAT",300
0.25,100,0.3,0.5,"phi (z)","sample",300,300,300,300,0,0.00853548002232719,0.0062872241665378,0.108897916950184,0.00445316698325484,0.10588873495844,0.972366946255545,0.039763041405598,0.0132355813339891,1,0,0.414520363426311,"03a_2x2_to_cor_CAT",300
0.5,100,0.3,0.5,"phi (z)","sample",300,300,289,289,0,0.0547422352165824,0.00611950107233136,0.105992867742501,0.00433437068688216,0.132111364656723,1.24641749459665,0.0509698017164841,0.0625557798104728,1,0,0.51337656117108,"03a_2x2_to_cor_CAT",300
0,300,0.3,0.5,"phi (z)","sample",300,300,300,300,0,8.30094479948759e-06,0.00342119246944847,0.0592567917955679,0.00242319041674914,0.0578648978551611,0.976510811702248,0.0399324966652312,0.000276479189805943,1,0,0.226824966257961,"03a_2x2_to_cor_CAT",300
0.1,300,0.3,0.5,"phi (z)","sample",300,300,300,300,0,0.000686062887297618,0.00340545412049352,0.0589841955953957,0.00241204312915756,0.058240292706634,0.987388098095556,0.0403773019837411,0.00119126326324028,1,0,0.228289561580659,"03a_2x2_to_cor_CAT",300
0.25,300,0.3,0.5,"phi (z)","sample",300,300,300,300,0,0.00621087036771964,0.00333200752628099,0.0577120632672056,0.00236002176969649,0.0604528008372819,1.04748985593162,0.0428350456314326,0.00732937006062897,1,0,0.236919261220571,"03a_2x2_to_cor_CAT",300
0.5,300,0.3,0.5,"phi (z)","sample",300,300,300,300,0,0.0513174355853255,0.00347769409919451,0.0602354287298738,0.00246320985703319,0.0742124602806755,1.23204004429821,0.050381864051876,0.0537091452145472,1,0,0.290125259246167,"03a_2x2_to_cor_CAT",300
0,25,0.5,0.5,"phi (z)","sample",300,300,298,298,0,-0.00038205680585619,0.0121582685340836,0.210587388330987,0.00861155870625527,0.205634550496945,0.976480843068069,0.0399312711566449,0.00943546341350773,1,0,0.805482350579935,"03a_2x2_to_cor_CAT",300
0.1,25,0.5,0.5,"phi (z)","sample",300,300,296,296,0,0.00569376204732763,0.0132058440835602,0.228731929095592,0.0093535441557678,0.208002554621727,0.909372624295045,0.0371870120145551,0.0151263763980721,1,0,0.814336978697392,"03a_2x2_to_cor_CAT",300
0.25,25,0.5,0.5,"phi (z)","sample",300,300,295,295,0,0.0166186385336622,0.0127315200982392,0.220516396677346,0.00901758605170665,0.21471966957053,0.973712942918717,0.0398180833023383,0.0315859537601647,1,0,0.83899152461448,"03a_2x2_to_cor_CAT",300
0.5,25,0.5,0.5,"phi (z)","sample",300,300,282,282,0,0.0825747938743766,0.01595275416665,0.276309807372939,0.0112991482831169,0.245017107494475,0.88674777715643,0.0362618132127731,0.132670440022295,1,0,0.950701069825271,"03a_2x2_to_cor_CAT",300
0.75,25,0.5,0.5,"phi (z)","sample",300,288,181,181,0.04,0.287445914314695,0.0182922021840014,0.310428964971426,0.0129570546544814,0.300695354703649,0.968644645422591,0.0404304463427455,0.343980246519946,1,0,1.16606388565115,"03a_2x2_to_cor_CAT",300
0,50,0.5,0.5,"phi (z)","sample",300,300,293,293,0,-0.000356563171042181,0.00925127318398848,0.160236751893675,0.00655256806577244,0.14345562836804,0.895272942522132,0.0366104331496512,0.00624822020444706,1,0,0.562195302446478,"03a_2x2_to_cor_CAT",300
0.1,50,0.5,0.5,"phi (z)","sample",300,300,295,295,0,0.00248708639249583,0.00806776870690205,0.139737853040686,0.00571430575441003,0.143774025549293,1.02888388808601,0.0420741910253754,0.00693239956858204,1,0,0.563419716694915,"03a_2x2_to_cor_CAT",300
0.25,50,0.5,0.5,"phi (z)","sample",300,300,300,300,0,0.01126363353308,0.00851678092019234,0.147514972707063,0.0060323358278317,0.148769815199489,1.00850654323014,0.0412408994266016,0.0188454401971683,1,0,0.582515959994158,"03a_2x2_to_cor_CAT",300
0.5,50,0.5,0.5,"phi (z)","sample",300,300,299,299,0,0.0625267599119188,0.010550304581483,0.182736635704553,0.00747265673706909,0.169931286568934,0.929924565557166,0.0380274433913291,0.0837880357751306,1,0,0.661578872364282,"03a_2x2_to_cor_CAT",300
0.75,50,0.5,0.5,"phi (z)","sample",300,299,285,285,0.0033333333333333,0.256651532009491,0.0130760375597394,0.226105826375287,0.00926165551909855,0.233352835843666,1.03205140524044,0.0422744727394751,0.290403313447661,1,0,0.900235139730296,"03a_2x2_to_cor_CAT",300
0,100,0.5,0.5,"phi (z)","sample",300,300,296,296,0,-0.000153658526758724,0.00557030397084864,0.0964804949111251,0.00394538083462931,0.100489071578645,1.04154805249716,0.0425920672199406,0.00110401281024142,1,0,0.393900968626366,"03a_2x2_to_cor_CAT",300
0.1,100,0.5,0.5,"phi (z)","sample",300,300,300,300,0,0.00103405811787047,0.0055925883240342,0.0968664712304371,0.00396116458008208,0.100928240244835,1.04193162982819,0.0426077528634672,0.002198819352333,1,0,0.395608461187493,"03a_2x2_to_cor_CAT",300
0.25,100,0.5,0.5,"phi (z)","sample",300,300,300,300,0,0.00849086269193219,0.00588286513688089,0.101894213111533,0.0041667642349907,0.10424634823476,1.02308408938447,0.0418370196192497,0.0121932659046069,1,0,0.408452283837453,"03a_2x2_to_cor_CAT",300
0.5,100,0.5,0.5,"phi (z)","sample",300,300,300,300,0,0.0568168961933567,0.00680374877833984,0.117844385660193,0.00481901529506745,0.117745702348741,0.999162596411367,0.0408587970261884,0.0653938019070508,1,0,0.460523244594148,"03a_2x2_to_cor_CAT",300
0.75,100,0.5,0.5,"phi (z)","sample",300,300,298,298,0,0.24439173938431,0.00904362291473968,0.156640143728233,0.00640549182058236,0.161375392457612,1.03023010970671,0.042129242121313,0.261245755589041,0.912751677852349,0.0163473262421931,0.625886226859534,"03a_2x2_to_cor_CAT",300
0,300,0.5,0.5,"phi (z)","sample",300,300,300,300,0,-1.83739188846103e-05,0.003413788680121,0.0591285544027308,0.00241794639978542,0.0578370668462181,0.978157971735344,0.0399998540480072,0.000246865788629066,1,0,0.226716462306552,"03a_2x2_to_cor_CAT",300
0.1,300,0.5,0.5,"phi (z)","sample",300,300,300,300,0,0.000658693881836714,0.00331147961691362,0.0573565094472311,0.00234548209275662,0.0581249554036533,1.01339771132916,0.0414409141642394,0.00115218020618501,1,0,0.227840951671955,"03a_2x2_to_cor_CAT",300
0.25,300,0.5,0.5,"phi (z)","sample",300,300,300,300,0,0.00638586696034613,0.0035168934969628,0.0609143822154815,0.00249097432976096,0.0597898419278592,0.981539002010325,0.0401381146576827,0.00769517846737242,1,0,0.234342052291645,"03a_2x2_to_cor_CAT",300
0.5,300,0.5,0.5,"phi (z)","sample",300,300,300,300,0,0.0535890065687354,0.00394689579360999,0.0683622404671239,0.00279553990264835,0.0673144844378676,0.98467346853911,0.0402662925259746,0.0564264534977136,1,0,0.263704670188726,"03a_2x2_to_cor_CAT",300
0.75,300,0.5,0.5,"phi (z)","sample",300,300,300,300,0,0.230443317847753,0.00500796045085119,0.0867404194316981,0.00354707952865266,0.0890430222167548,1.02654590328411,0.0419785837170009,0.235969065952186,0.0433333333333333,0.0117552194868996,0.34818149590292,"03a_2x2_to_cor_CAT",300
0,25,0.3,0.1,"tetrachoric (r)","sample",300,172,172,134,0.426666666666667,0.0516223602833078,0.0408244264580497,0.535407333577098,0.0289515128455697,8202.37797494111,15319.8834990555,828.404424258169,0.35735169284644,1,0,1.28808513144967,"03a_2x2_to_cor_CAT",300
0.1,25,0.3,0.1,"tetrachoric (r)","sample",300,207,207,143,0.31,0.202192987453479,0.0359991775923471,0.517937972132133,0.0255169724107416,9318.35351341994,17991.2538079805,886.365456394401,0.405523511177723,1,0,1.26146842808001,"03a_2x2_to_cor_CAT",300
0.25,25,0.3,0.1,"tetrachoric (r)","sample",300,230,230,151,0.233333333333333,0.311112183885566,0.0230507056484605,0.349581259659543,0.0163348595219172,6874.25349321411,19664.2505948658,918.850087626951,0.380576073429399,1,0,1.22286558148944,"03a_2x2_to_cor_CAT",300
0.5,25,0.3,0.1,"tetrachoric (r)","sample",300,225,224,12,0.25,0.47534934322009,0.00771156083185394,0.115673412477809,0.00546505504854426,8524.44246534316,73694.0519238031,3481.71668741186,0.501233185184825,NA,NA,NA,"03a_2x2_to_cor_CAT",300
0,50,0.3,0.1,"tetrachoric (r)","sample",300,240,240,223,0.2,0.0104510617974737,0.0236251444327507,0.365999163759154,0.0167404120983503,4273.17652832255,11675.3723818192,534.019102846825,0.24439240518748,1,0,1.08400661010605,"03a_2x2_to_cor_CAT",300
0.1,50,0.3,0.1,"tetrachoric (r)","sample",300,258,258,248,0.14,0.11334789695592,0.0195938256981592,0.314723442749948,0.0138818559614552,2553.15147373311,8112.36510195915,357.821085293628,0.214619107755241,1,0,1.04442913680112,"03a_2x2_to_cor_CAT",300
0.25,50,0.3,0.1,"tetrachoric (r)","sample",300,286,286,250,0.0466666666666666,0.249641512552923,0.0167627828049517,0.283484380145841,0.0118738540563734,2949.26167850575,10403.612632867,435.759381162922,0.30182994165642,1,0,0.963961777087473,"03a_2x2_to_cor_CAT",300
0.5,50,0.3,0.1,"tetrachoric (r)","sample",300,248,248,12,0.173333333333333,0.498285414394691,0.00389764753730358,0.0613802147977023,0.00276162642355249,5510.05097623301,89769.1706422519,4038.90593219813,0.511414385409679,NA,NA,NA,"03a_2x2_to_cor_CAT",300
0,100,0.3,0.1,"tetrachoric (r)","sample",300,289,289,286,0.0366666666666666,0.0105764617319744,0.0135897692686504,0.231026077567057,0.00962608656529402,1006.43945728216,4356.38897513652,181.516207297355,0.140993695655633,1,0,0.823150458596303,"03a_2x2_to_cor_CAT",300
0.1,100,0.3,0.1,"tetrachoric (r)","sample",300,297,297,297,0.01,0.0838574583909945,0.0127614199362614,0.219926328847899,0.0090389164360949,0.21856342790473,0.993802920503838,0.0408450484279844,0.14510431083227,1,0,0.805101094440732,"03a_2x2_to_cor_CAT",300
0.25,100,0.3,0.1,"tetrachoric (r)","sample",300,300,300,293,0,0.234783387240732,0.0119365603184761,0.206747289392111,0.00845452538288271,774.29842092518,3745.14424446295,153.150337160248,0.257323567742061,0.989761092150171,0.00588109501304515,0.696927462838028,"03a_2x2_to_cor_CAT",300
0.5,100,0.3,0.1,"tetrachoric (r)","sample",300,274,274,39,0.0866666666666667,0.485335826524443,0.00459099913434403,0.0759945578059643,0.00325226683867895,3099.80353975792,40789.8095502128,1745.64269845354,0.494011800553128,0.384615384615385,0.0779030282372051,0.481883570722295,"03a_2x2_to_cor_CAT",300
0,300,0.3,0.1,"tetrachoric (r)","sample",300,300,300,300,0,-0.00586303445588534,0.00757611941558202,0.131222237519971,0.00536607633973455,0.130307755925611,0.993031047087417,0.040608059328257,0.0741127198470073,0.996666666666667,0.00332777314041597,0.499265230632863,"03a_2x2_to_cor_CAT",300
0.1,300,0.3,0.1,"tetrachoric (r)","sample",300,300,300,300,0,0.105140746226787,0.00773997798143287,0.134060351133061,0.00548213543609286,0.124129638549146,0.925923567259211,0.037863830403868,0.125651821907428,0.986666666666667,0.0066220730781117,0.476073932522746,"03a_2x2_to_cor_CAT",300
0.25,300,0.3,0.1,"tetrachoric (r)","sample",300,300,300,300,0,0.234430528165432,0.00592093330586842,0.102553573139909,0.00419372747166842,0.104039861233328,1.01449279676869,0.0414856955380226,0.238636400559925,0.43,0.0285832118559129,0.40264196881497,"03a_2x2_to_cor_CAT",300
0.5,300,0.3,0.1,"tetrachoric (r)","sample",300,279,279,92,0.07,0.458930590931346,0.00370175546468883,0.0618315064686172,0.00262223996460583,1658.35793878922,26820.5973540516,1137.44668815552,0.463214156748585,0,0,0.222446125008257,"03a_2x2_to_cor_CAT",300
0,25,0.5,0.1,"tetrachoric (r)","sample",300,216,216,149,0.28,0.00137110456719668,0.0407487961204004,0.598882548766102,0.0288806810465575,7687.26873891468,12836.0206099727,619.007880439082,0.410580315184705,1,0,1.28941699334772,"03a_2x2_to_cor_CAT",300
0.1,25,0.5,0.1,"tetrachoric (r)","sample",300,229,229,155,0.236666666666667,0.166046697963956,0.0365022996131408,0.552380026651831,0.0258675647781612,8590.64772599358,15552.0607398941,728.291971492074,0.411972969056205,1,0,1.28265193267727,"03a_2x2_to_cor_CAT",300
0.25,25,0.5,0.1,"tetrachoric (r)","sample",300,222,222,77,0.26,0.448516597435907,0.030329676140902,0.451901996641157,0.0214947859913765,11793.3511783435,26097.1433319607,1241.31452190111,0.553520153171873,1,0,1.25791093995597,"03a_2x2_to_cor_CAT",300
0,50,0.5,0.1,"tetrachoric (r)","sample",300,278,278,258,0.0733333333333334,0.00671938516898587,0.0216517885561377,0.361007459001827,0.0153377372233224,2982.55032918516,8261.74156465302,351.007764426848,0.235916640522915,1,0,1.04695279941153,"03a_2x2_to_cor_CAT",300
0.1,50,0.5,0.1,"tetrachoric (r)","sample",300,264,264,228,0.12,0.158348055429705,0.0239524379239988,0.38918105115845,0.0169691002213113,4735.94085338902,12168.9913712187,530.593238174923,0.309124729667891,1,0,1.02236061411643,"03a_2x2_to_cor_CAT",300
0.25,50,0.5,0.1,"tetrachoric (r)","sample",300,275,275,146,0.0833333333333334,0.42121836256762,0.0216538126282446,0.359087858842734,0.0153394730997702,7614.79914168588,21205.949892672,905.873283998112,0.504065771379921,1,0,0.997256818948742,"03a_2x2_to_cor_CAT",300
0,100,0.5,0.1,"tetrachoric (r)","sample",300,298,298,297,0.00666666666666671,0.0150264909837946,0.0136263347758384,0.235227009138237,0.00965148109114492,367.335429125801,1561.6209655156,64.0740843299667,0.135364236518551,1,0,0.792256424079676,"03a_2x2_to_cor_CAT",300
0.1,100,0.5,0.1,"tetrachoric (r)","sample",300,299,299,294,0.0033333333333333,0.121729952731639,0.0127447540901385,0.22037739967749,0.00902701001883913,942.914947669123,4278.63723344147,175.259809897827,0.181333298371979,1,0,0.777556585592382,"03a_2x2_to_cor_CAT",300
0.25,100,0.5,0.1,"tetrachoric (r)","sample",300,286,286,211,0.0466666666666666,0.373831491502985,0.0156637854171471,0.264898647878783,0.0110953833965214,4224.68606186256,15948.3111585974,668.00124594306,0.425641729006227,0.976303317535545,0.0104711632240008,0.708508838738457,"03a_2x2_to_cor_CAT",300
0,300,0.5,0.1,"tetrachoric (r)","sample",300,300,300,300,0,-0.000374469138279659,0.0069523249677865,0.120417800749359,0.00492425006383283,0.123665505424807,1.0269703038524,0.0419959387468429,0.064589076772133,0.996666666666667,0.00332777314041597,0.474997422872328,"03a_2x2_to_cor_CAT",300
0.1,300,0.5,0.1,"tetrachoric (r)","sample",300,300,300,300,0,0.120588801383956,0.00690298556084315,0.119563217152947,0.00488930354178215,0.120253925547943,1.00577693049287,0.0411292772610073,0.137250619216703,0.96,0.0113137084989848,0.462595688634067,"03a_2x2_to_cor_CAT",300
0.25,300,0.5,0.1,"tetrachoric (r)","sample",300,300,300,299,0,0.312194165240474,0.00625102731619359,0.108270969111482,0.00442752917957852,139.810171765565,1291.29879332296,52.8051345056783,0.319618445068078,0.157190635451505,0.0210495306613489,0.404757507606409,"03a_2x2_to_cor_CAT",300
0,25,0.3,0.3,"tetrachoric (r)","sample",300,287,287,273,0.0433333333333333,-0.0195706110632893,0.0231651503478851,0.392442534282046,0.0164088466840148,3270.46058494621,8333.6037744465,348.445478547291,0.193545741112197,1,0,1.1442530813501,"03a_2x2_to_cor_CAT",300
0.1,25,0.3,0.3,"tetrachoric (r)","sample",300,290,290,282,0.0333333333333333,0.0528796108410645,0.0216331935613218,0.36840001148462,0.0153234203711751,2030.22516016071,5510.92588726879,229.224297970838,0.173273218274002,1,0,1.1289407534711,"03a_2x2_to_cor_CAT",300
0.25,25,0.3,0.3,"tetrachoric (r)","sample",300,287,287,274,0.0433333333333333,0.13121591510481,0.0198323103397177,0.335980643920035,0.0140480564497583,3523.24890586893,10486.4639366174,438.461084011189,0.201381742104939,1,0,1.07582093442964,"03a_2x2_to_cor_CAT",300
0.5,25,0.3,0.3,"tetrachoric (r)","sample",300,297,296,267,0.01,0.201541036184818,0.0143955018829748,0.248087587185315,0.0101963370240738,49.7338116632483,200.468762776504,8.2392153967038,0.212951683684386,1,0,0.911527396615962,"03a_2x2_to_cor_CAT",300
0.75,25,0.3,0.3,"tetrachoric (r)","sample",300,299,277,160,0.0033333333333333,0.17004210308311,0.00682419271509728,0.118001323118104,0.00483352252809162,56.8676173600272,481.923556934273,19.7403580545316,0.18658437620757,1,0,0.657928231446032,"03a_2x2_to_cor_CAT",300
0,50,0.3,0.3,"tetrachoric (r)","sample",300,299,299,298,0.0033333333333333,-0.0120409549512099,0.0138253149726247,0.239062044025378,0.00979236287250587,332.793592375461,1392.08042720547,57.0218360948253,0.108519061786702,1,0,0.890783527504028,"03a_2x2_to_cor_CAT",300
0.1,50,0.3,0.3,"tetrachoric (r)","sample",300,300,300,299,0,0.0556767303732886,0.0142583538871625,0.246961933648627,0.0100990244794851,968.633045879317,3922.19574720966,160.39051152215,0.117138871961146,1,0,0.861792461095876,"03a_2x2_to_cor_CAT",300
0.25,50,0.3,0.3,"tetrachoric (r)","sample",300,300,300,300,0,0.149585949440671,0.0124449802998959,0.215553381786134,0.00881463328024951,0.208815881695813,0.968743241073313,0.0396148570809892,0.16562685787908,1,0,0.779850842128859,"03a_2x2_to_cor_CAT",300
0.5,50,0.3,0.3,"tetrachoric (r)","sample",300,299,299,296,0.0033333333333333,0.214075497357878,0.0085172528893645,0.147277070305038,0.00603270385772069,0.457063579370699,3.10342661233033,0.127121307190464,0.215687827037093,1,0,0.582017570530371,"03a_2x2_to_cor_CAT",300
0.75,50,0.3,0.3,"tetrachoric (r)","sample",300,299,298,257,0.0033333333333333,0.174163899677411,0.00391181712198899,0.0676416413577464,0.00277070958782834,0.338169160005169,4.99942274044835,0.204784334657203,0.180288179352233,1,0,0.325885120524955,"03a_2x2_to_cor_CAT",300
0,100,0.3,0.3,"tetrachoric (r)","sample",300,300,300,300,0,0.00373109035648691,0.0103087191807875,0.178552253820838,0.00730154463711578,0.171899039354604,0.962737997847342,0.0393692844235017,0.075840904067625,1,0,0.649190120064753,"03a_2x2_to_cor_CAT",300
0.1,100,0.3,0.3,"tetrachoric (r)","sample",300,300,300,300,0,0.0691776575055285,0.00992036196455886,0.171825709520898,0.00702647578523316,0.167512471046867,0.974897595441,0.0398665273465093,0.0974874600944069,1,0,0.633714534099669,"03a_2x2_to_cor_CAT",300
0.25,100,0.3,0.3,"tetrachoric (r)","sample",300,300,300,300,0,0.15047197378675,0.00798680883889646,0.138335586993089,0.00565696283142504,0.150513697083945,1.08803309658464,0.0444929820339514,0.157217799523734,1,0,0.574949349420814,"03a_2x2_to_cor_CAT",300
0.5,100,0.3,0.3,"tetrachoric (r)","sample",300,300,300,300,0,0.219313694486206,0.00574480861518011,0.0995030040125135,0.00406898042325181,0.102551560550516,1.03063783418659,0.0421459152151878,0.219801731630261,0.823333333333333,0.0220193517582115,0.404269397802646,"03a_2x2_to_cor_CAT",300
0.75,100,0.3,0.3,"tetrachoric (r)","sample",300,300,300,299,0,0.175454514181868,0.00237620687741132,0.0411571104097099,0.00168303940365119,0.0433037470140467,1.05215712626488,0.0430259045085541,0.178505944155431,0.0133779264214047,0.0066440703329252,0.186756144055874,"03a_2x2_to_cor_CAT",300
0,300,0.3,0.3,"tetrachoric (r)","sample",300,300,300,300,0,-0.00358389938756185,0.00619984401601064,0.107384448347323,0.00439127664961756,0.0999154848921382,0.930446507197883,0.0380487871722455,0.0458283260011245,1,0,0.386669410042498,"03a_2x2_to_cor_CAT",300
0.1,300,0.3,0.3,"tetrachoric (r)","sample",300,300,300,300,0,0.072963356640881,0.00537375070942751,0.0930760925593774,0.00380616446966015,0.096736348617276,1.03932541598224,0.0425011768537955,0.0814743877755145,1,0,0.374669842506656,"03a_2x2_to_cor_CAT",300
0.25,300,0.3,0.3,"tetrachoric (r)","sample",300,300,300,300,0,0.152238828455593,0.00522886919625907,0.0905666711405256,0.00370354659667902,0.0869911534865429,0.960520602016664,0.0392786083648725,0.154962713167086,0.79,0.0235159520326097,0.33782300671137,"03a_2x2_to_cor_CAT",300
0.5,300,0.3,0.3,"tetrachoric (r)","sample",300,300,300,300,0,0.221716581453895,0.00340629133530437,0.0589986965812881,0.00241263611856828,0.058269275194162,0.987636652512805,0.0403874661297177,0.22181249104595,0,0,0.228867649361478,"03a_2x2_to_cor_CAT",300
0.75,300,0.3,0.3,"tetrachoric (r)","sample",300,300,300,300,0,0.177969485422658,0.00132280865374189,0.0229117179697275,0.000936929822441979,0.0240152595161231,1.04816494109493,0.0428626519166981,0.178917728249437,0,0,0.0973110163019976,"03a_2x2_to_cor_CAT",300
0,25,0.5,0.3,"tetrachoric (r)","sample",300,295,295,290,0.0166666666666667,-0.00517601002868078,0.020483403297131,0.351814005032078,0.014508565036425,2127.23861085566,6046.48644007706,249.352898130708,0.151251118427476,1,0,1.1085940379141,"03a_2x2_to_cor_CAT",300
0.1,25,0.5,0.3,"tetrachoric (r)","sample",300,295,295,286,0.0166666666666667,0.0800742866381913,0.0185936702884768,0.319356774728505,0.0131700514183595,2149.74306899371,6731.47789277767,277.601469531371,0.164601044167283,1,0,1.10545071040411,"03a_2x2_to_cor_CAT",300
0.25,25,0.5,0.3,"tetrachoric (r)","sample",300,293,293,268,0.0233333333333333,0.172348780396333,0.0187049321042446,0.320176863798977,0.0132490128937136,2640.88993415495,8248.22225697429,341.313865518652,0.229921035696625,1,0,1.0391601260345,"03a_2x2_to_cor_CAT",300
0.5,25,0.5,0.3,"tetrachoric (r)","sample",300,286,286,186,0.0466666666666666,0.28563370683971,0.013154332249517,0.222459943994814,0.00931782169805794,2513.27792094817,11297.6649900027,473.20711356329,0.31265457273009,1,0,0.891937980412889,"03a_2x2_to_cor_CAT",300
0,50,0.5,0.3,"tetrachoric (r)","sample",300,300,300,300,0,-0.00794040635594335,0.0137758016303337,0.238603883387281,0.00975723838742202,0.228832327303444,0.959046952861298,0.0392183463695344,0.0944818602802019,1,0,0.8423790660644,"03a_2x2_to_cor_CAT",300
0.1,50,0.5,0.3,"tetrachoric (r)","sample",300,300,300,300,0,0.0659147000895036,0.0132132394816257,0.228860021147507,0.00935878222929925,0.225164368428201,0.983851907813446,0.0402326964095316,0.109623621036572,1,0,0.830137593201347,"03a_2x2_to_cor_CAT",300
0.25,50,0.5,0.3,"tetrachoric (r)","sample",300,300,300,298,0,0.152199478010418,0.0117627580116455,0.203736945133079,0.0083314232516575,115.935818760085,569.046613928356,23.2700465173998,0.171540505462131,1,0,0.778495589090647,"03a_2x2_to_cor_CAT",300
0.5,50,0.5,0.3,"tetrachoric (r)","sample",300,297,297,256,0.01,0.271559663558832,0.00924527141894073,0.159330122551058,0.00654842769865809,735.926379124229,4618.87788285859,189.834711607266,0.282483436363091,1,0,0.581106800432229,"03a_2x2_to_cor_CAT",300
0,100,0.5,0.3,"tetrachoric (r)","sample",300,300,300,300,0,-0.0035256859960933,0.00974132584198689,0.16872471291405,0.00689966660383149,0.163300776187725,0.967853335574574,0.0395784661389383,0.0668120686301647,1,0,0.619310251427303,"03a_2x2_to_cor_CAT",300
0.1,100,0.5,0.3,"tetrachoric (r)","sample",300,300,300,300,0,0.066640801340769,0.00955099423388298,0.165428072758827,0.00676485696278367,0.16031722436146,0.96910531379509,0.0396296633356478,0.0926902461858892,1,0,0.608796014701053,"03a_2x2_to_cor_CAT",300
0.25,100,0.5,0.3,"tetrachoric (r)","sample",300,300,300,300,0,0.157273576545054,0.00872578399929201,0.151135012226453,0.00618037025233955,0.144345647872361,0.955077488306152,0.039056022892711,0.166633022088413,0.993333333333333,0.00469830544708134,0.552828245196544,"03a_2x2_to_cor_CAT",300
0.5,100,0.5,0.3,"tetrachoric (r)","sample",300,298,298,290,0.00666666666666671,0.263894601771232,0.00581982103391634,0.100465687805892,0.00412215710143046,158.288804199724,1575.55089361008,64.6456362027618,0.267075196032716,0.431034482758621,0.0290803736061726,0.383764496911247,"03a_2x2_to_cor_CAT",300
0,300,0.5,0.3,"tetrachoric (r)","sample",300,300,300,300,0,-0.00260283328290443,0.0052745454264667,0.0913578066547038,0.0037358985337012,0.0950178172854815,1.04006237413964,0.0425313133139456,0.0359502668234978,1,0,0.368194981582754,"03a_2x2_to_cor_CAT",300
0.1,300,0.5,0.3,"tetrachoric (r)","sample",300,300,300,300,0,0.064697080344949,0.00570230844347809,0.0987668794453306,0.00403887805114086,0.0931977904126045,0.943613799848676,0.0385872378105454,0.0752184876785079,1,0,0.361328756762182,"03a_2x2_to_cor_CAT",300
0.25,300,0.5,0.3,"tetrachoric (r)","sample",300,300,300,300,0,0.153395232087094,0.0050644319455302,0.0877185344113321,0.00358707762462291,0.084311685093165,0.961161579579162,0.0393048198866193,0.156528779516122,0.733333333333333,0.025531389540169,0.327733014640736,"03a_2x2_to_cor_CAT",300
0.5,300,0.5,0.3,"tetrachoric (r)","sample",300,300,300,300,0,0.259869978150718,0.00322974436744823,0.0559408133987974,0.00228758997619673,0.0535139379471057,0.956617086805822,0.03911898175729,0.260451365653498,0,0,0.210951321209101,"03a_2x2_to_cor_CAT",300
0,25,0.3,0.5,"tetrachoric (r)","sample",300,298,298,285,0.00666666666666671,0.00559179783216593,0.0207547566976673,0.358282650741912,0.0147005152239498,2577.33224810615,7193.5725683874,295.155857636944,0.166382716710951,1,0,1.11690870300337,"03a_2x2_to_cor_CAT",300
0.1,25,0.3,0.5,"tetrachoric (r)","sample",300,298,298,289,0.00666666666666671,0.0729992008334013,0.019705468542937,0.340169128769808,0.0139573084151388,1766.82968896119,5193.97423085033,213.1113440612,0.167266822180418,1,0,1.09809588305279,"03a_2x2_to_cor_CAT",300
0.25,25,0.3,0.5,"tetrachoric (r)","sample",300,295,295,270,0.0166666666666667,0.162408540281599,0.019445121727097,0.333980933437191,0.0137731415588689,1925.03139503073,5763.89608598048,237.699068344418,0.221185343447098,1,0,1.04585840583161,"03a_2x2_to_cor_CAT",300
0.5,25,0.3,0.5,"tetrachoric (r)","sample",300,279,279,170,0.07,0.284981888123708,0.0134393419726737,0.224481267886016,0.00952012631707212,2947.3479673903,13129.5942647957,556.818825329467,0.309930591985384,1,0,0.888223229172024,"03a_2x2_to_cor_CAT",300
0,50,0.3,0.5,"tetrachoric (r)","sample",300,300,300,300,0,-0.00152894714602377,0.0135712198439555,0.23506042290418,0.00961233551258528,0.229581548033969,0.976691631868441,0.0399398909517019,0.0939597577416632,1,0,0.844827898086372,"03a_2x2_to_cor_CAT",300
0.1,50,0.3,0.5,"tetrachoric (r)","sample",300,300,300,300,0,0.0648396170263831,0.0139345088610271,0.241352773258176,0.00986964885363208,0.222525025042549,0.921990752534313,0.0377030056500558,0.114035081436711,1,0,0.822822278857055,"03a_2x2_to_cor_CAT",300
0.25,50,0.3,0.5,"tetrachoric (r)","sample",300,300,300,298,0,0.146295864261606,0.0118041628380646,0.204454097763443,0.0083607498035782,42.612322435325,208.419996964933,8.52292748224832,0.166083440501982,1,0,0.774709497680518,"03a_2x2_to_cor_CAT",300
0.5,50,0.3,0.5,"tetrachoric (r)","sample",300,295,295,246,0.0166666666666667,0.27818519334584,0.00857062767981356,0.147205364554645,0.00607064691798439,1784.99986816034,12125.9158833014,500.064342813914,0.289760801424755,1,0,0.564295757621841,"03a_2x2_to_cor_CAT",300
0,100,0.3,0.5,"tetrachoric (r)","sample",300,300,300,300,0,0.00325962587580207,0.00970866771062822,0.168159057486115,0.00687653523322198,0.163352688764743,0.971417723236414,0.0397242247897533,0.0665031031666211,1,0,0.619436170298611,"03a_2x2_to_cor_CAT",300
0.1,100,0.3,0.5,"tetrachoric (r)","sample",300,300,300,300,0,0.0641666688342959,0.00960928023276538,0.166437615873169,0.00680614025075526,0.160382198351031,0.963617494216255,0.0394052497045799,0.0912059312593288,1,0,0.609022632283472,"03a_2x2_to_cor_CAT",300
0.25,100,0.3,0.5,"tetrachoric (r)","sample",300,300,300,300,0,0.152976477337175,0.00879716527287048,0.152371372151922,0.00623092876946927,0.145142404577177,0.952556917532138,0.038952949088692,0.162258816141322,0.993333333333333,0.00469830544708134,0.555116405634307,"03a_2x2_to_cor_CAT",300
0.5,100,0.3,0.5,"tetrachoric (r)","sample",300,299,299,289,0.0033333333333333,0.264327039815487,0.00566187948402669,0.0979030485133179,0.00401026512291171,200.66616466336,2049.64163742116,83.9565927500164,0.267746335664938,0.418685121107266,0.0290202107398683,0.378367705977211,"03a_2x2_to_cor_CAT",300
0,300,0.3,0.5,"tetrachoric (r)","sample",300,300,300,300,0,2.65355573748512e-05,0.00562664433608761,0.0974563386622339,0.00398528605315834,0.0949825929417917,0.97461688224287,0.0398550481301874,0.0383750218770108,1,0,0.368063826170864,"03a_2x2_to_cor_CAT",300
0.1,300,0.3,0.5,"tetrachoric (r)","sample",300,300,300,300,0,0.0642191343906627,0.00546106631442729,0.0945884432009098,0.00386800908645899,0.0932627470445054,0.985984586366555,0.0403199081210553,0.0738474304825145,1,0,0.361563710045213,"03a_2x2_to_cor_CAT",300
0.25,300,0.3,0.5,"tetrachoric (r)","sample",300,300,300,300,0,0.154393449502368,0.00481454913746714,0.0833904372163,0.00341008856855077,0.0844380131854633,1.01256230335435,0.0414067517916693,0.15725901809672,0.723333333333333,0.0258277771802777,0.328270730399195,"03a_2x2_to_cor_CAT",300
0.5,300,0.3,0.5,"tetrachoric (r)","sample",300,300,300,300,0,0.260486012152487,0.00308398792746178,0.0534162378029284,0.00218435240283344,0.0534682879469118,1.0009744254954,0.0409328882272166,0.261018495847491,0,0,0.210966429691984,"03a_2x2_to_cor_CAT",300
0,25,0.5,0.5,"tetrachoric (r)","sample",300,300,300,299,0,-0.00819279142653951,0.0184483904141426,0.319535495151617,0.0130667781059403,208.900983770122,653.764564312332,26.7344211363517,0.118771838090073,1,0,1.06490125705314,"03a_2x2_to_cor_CAT",300
0.1,25,0.5,0.5,"tetrachoric (r)","sample",300,300,300,298,0,0.057912351899551,0.0194923317890547,0.337617090166327,0.0138061895123213,1372.73485499258,4065.95191705581,166.269138470459,0.13641845888952,1,0,1.04594086949627,"03a_2x2_to_cor_CAT",300
0.25,25,0.5,0.5,"tetrachoric (r)","sample",300,299,299,297,0.0033333333333333,0.12277867317783,0.0168837175469412,0.291946768338446,0.0119586055857616,48.9419297965708,167.639909409217,6.86679824704755,0.156191407306918,1,0,0.997274370018897,"03a_2x2_to_cor_CAT",300
0.5,25,0.5,0.5,"tetrachoric (r)","sample",300,296,296,282,0.0133333333333333,0.191842309391062,0.0125555520551378,0.216013885371161,0.00889315092328438,10.8366821926547,50.1666000499679,2.0653262394954,0.198540108219711,1,0,0.815046070753986,"03a_2x2_to_cor_CAT",300
0.75,25,0.5,0.5,"tetrachoric (r)","sample",300,289,277,181,0.0366666666666666,0.165258541574628,0.00568414312544716,0.0966304331326017,0.00402626804719174,36.6987451144702,379.784545352396,15.8243560563498,0.1756755775306,1,0,0.575279182102747,"03a_2x2_to_cor_CAT",300
0,50,0.5,0.5,"tetrachoric (r)","sample",300,300,300,300,0,0.00148714337812934,0.0138455351572834,0.23981170350396,0.00980662982498063,0.216000058642453,0.900706910823834,0.0368326446382351,0.0842800678571229,1,0,0.800584274790959,"03a_2x2_to_cor_CAT",300
0.1,50,0.5,0.5,"tetrachoric (r)","sample",300,300,300,300,0,0.0541705839708624,0.0119604693982977,0.207161406802244,0.00847145990311637,0.214685460677087,1.03631976626817,0.0423782666967902,0.0902902642049217,1,0,0.796433584934433,"03a_2x2_to_cor_CAT",300
0.25,50,0.5,0.5,"tetrachoric (r)","sample",300,300,300,300,0,0.131116518784492,0.0112175253146784,0.19429323780213,0.00794524134052932,0.195521699846067,1.00632272156166,0.0411515963175639,0.144449156981115,1,0,0.734641488481707,"03a_2x2_to_cor_CAT",300
0.5,50,0.5,0.5,"tetrachoric (r)","sample",300,300,300,299,0,0.198609021470995,0.00867356707297801,0.150230588532544,0.00614338561713819,1.97715863448471,13.1608259928796,0.538186196992768,0.200605256393674,1,0,0.553969034128496,"03a_2x2_to_cor_CAT",300
0.75,50,0.5,0.5,"tetrachoric (r)","sample",300,299,298,285,0.0033333333333333,0.170136239913119,0.00358371784006561,0.0619682744120259,0.00253831942289075,0.0729960580392028,1.17795853978204,0.0482510618418723,0.174365276756654,1,0,0.293065874942506,"03a_2x2_to_cor_CAT",300
0,100,0.5,0.5,"tetrachoric (r)","sample",300,300,300,300,0,-0.00430432799201843,0.00862205269196512,0.149338333280196,0.00610689858651657,0.155537719530583,1.0415123573045,0.0425906075349636,0.0538293054226062,1,0,0.591718356237026,"03a_2x2_to_cor_CAT",300
0.1,100,0.5,0.5,"tetrachoric (r)","sample",300,300,300,300,0,0.0509267256169488,0.00852954221807498,0.147736004870096,0.00604137450513812,0.153378335038338,1.03819197746144,0.0424548271058876,0.0730495258711404,1,0,0.584146235304088,"03a_2x2_to_cor_CAT",300
0.25,100,0.5,0.5,"tetrachoric (r)","sample",300,300,300,300,0,0.133238961469819,0.00781577566334024,0.135373205494656,0.00553582204333578,0.138969282477287,1.02656417102255,0.0419793307403782,0.13960298639762,0.996666666666667,0.00332777314041597,0.532864396836937,"03a_2x2_to_cor_CAT",300
0.5,100,0.5,0.5,"tetrachoric (r)","sample",300,300,300,300,0,0.203840684603716,0.00561136270962835,0.0971916531277367,0.00397446225674259,0.0967303381099432,0.995253553129844,0.0406989443589849,0.204318265241078,0.783333333333333,0.0237853051428974,0.380565310333563,"03a_2x2_to_cor_CAT",300
0.75,100,0.5,0.5,"tetrachoric (r)","sample",300,300,300,298,0,0.170595825713391,0.00239238480527953,0.0414373203399992,0.00169449803982065,0.0482207305460105,1.16370291684772,0.0475873510968465,0.172584784847121,0.0100671140939597,0.00578292073037101,0.176161535274727,"03a_2x2_to_cor_CAT",300
0,300,0.5,0.5,"tetrachoric (r)","sample",300,300,300,300,0,-0.0018269269245867,0.00533220327979873,0.092356469968968,0.00377673691356207,0.0903128637316109,0.977872625079285,0.0399881853555002,0.0334218288578209,1,0,0.350386729988496,"03a_2x2_to_cor_CAT",300
0.1,300,0.5,0.5,"tetrachoric (r)","sample",300,300,300,300,0,0.0558415153399842,0.00505558386852198,0.0875652812220569,0.00358081063566966,0.0888436965723712,1.01459956882994,0.0414900617723015,0.0638484015557199,1,0,0.344820503676356,"03a_2x2_to_cor_CAT",300
0.25,300,0.5,0.5,"tetrachoric (r)","sample",300,300,300,300,0,0.132104633061622,0.00474674676065398,0.0822160656011568,0.00336206494193705,0.0808875447725201,0.983841104303366,0.0402322546211509,0.134532148928903,0.856666666666667,0.0202310725443882,0.314630955227424,"03a_2x2_to_cor_CAT",300
0.5,300,0.5,0.5,"tetrachoric (r)","sample",300,300,300,300,0,0.206555342773978,0.0032709501261933,0.0566545180759064,0.00231677553082355,0.0550187996605085,0.971128191167272,0.0397123849429775,0.206659301116958,0,0,0.216013222490529,"03a_2x2_to_cor_CAT",300
0.75,300,0.5,0.5,"tetrachoric (r)","sample",300,300,300,300,0,0.172715407965485,0.00122360521235774,0.0211934639620971,0.000866665190850126,0.023149979776784,1.09231694347776,0.044668161560613,0.173387437606059,0,0,0.0934145201333695,"03a_2x2_to_cor_CAT",300
0,25,0.3,0.1,"tetrachoric (z)","sample",300,134,134,134,0.553333333333333,0.0955457061765624,0.0266304287591735,0.308269499967566,0.0189012157593474,0.433201689408749,1.40526938102643,0.0861625940080992,0.181574719114028,1,0,1.69067576320875,"03a_2x2_to_cor_CAT",300
0.1,25,0.3,0.1,"tetrachoric (z)","sample",300,143,143,143,0.523333333333333,0.157525162591839,0.0274789153217218,0.328600034354754,0.0194988246827046,0.442818167013275,1.34759014217026,0.0799647631745256,0.228306348292961,1,0,1.72399280662868,"03a_2x2_to_cor_CAT",300
0.25,25,0.3,0.1,"tetrachoric (z)","sample",300,151,151,151,0.496666666666667,0.233167581377491,0.0263570234064139,0.323880525981084,0.0186992508860457,0.45571429037197,1.40704443094113,0.0812357480965628,0.283988096204265,1,0,1.77454452845304,"03a_2x2_to_cor_CAT",300
0.5,25,0.3,0.1,"tetrachoric (z)","sample",300,12,12,12,0.96,0.287118837816065,0.0389946311805373,0.1350813648542,0.0287994437532091,NA,NA,NA,0.293068662395094,NA,NA,NA,"03a_2x2_to_cor_CAT",300
0,50,0.3,0.1,"tetrachoric (z)","sample",300,223,223,223,0.256666666666667,0.0494025498037965,0.017745055337143,0.26499018572161,0.0125758776786803,0.334320714504288,1.2616343265464,0.0598745154378666,0.154693046943667,1,0,1.30159113011267,"03a_2x2_to_cor_CAT",300
0.1,50,0.3,0.1,"tetrachoric (z)","sample",300,248,248,248,0.173333333333333,0.132635313937584,0.0189287354575401,0.298090024075515,0.0134117042404869,0.335808056147781,1.12653235273217,0.0506850867587447,0.210150201070739,1,0,1.30782161979251,"03a_2x2_to_cor_CAT",300
0.25,50,0.3,0.1,"tetrachoric (z)","sample",300,250,250,250,0.166666666666667,0.258929538084183,0.0181382318569838,0.286790626981471,0.0128513952897116,0.344183237142563,1.20012024369541,0.0537786740426184,0.302631450706665,1,0,1.33970531325651,"03a_2x2_to_cor_CAT",300
0.5,50,0.3,0.1,"tetrachoric (z)","sample",300,12,12,12,0.96,0.510192823240788,0.0390532840337369,0.135284544297702,0.0288427617561123,NA,NA,NA,0.514531202767917,NA,NA,NA,"03a_2x2_to_cor_CAT",300
0,100,0.3,0.1,"tetrachoric (z)","sample",300,286,286,286,0.0466666666666666,0.0211681578884839,0.0127859699039612,0.21623037147013,0.00905689361816289,0.23504791425743,1.08702543800559,0.0455304853121135,0.125977607841321,1,0,0.916185549329654,"03a_2x2_to_cor_CAT",300
0.1,100,0.3,0.1,"tetrachoric (z)","sample",300,297,297,297,0.01,0.0944023037091146,0.0137666445181396,0.237250055601217,0.00975091721974496,0.236898926677594,0.998520004883736,0.0410389194017567,0.16523137692098,1,0,0.923454096971573,"03a_2x2_to_cor_CAT",300
0.25,100,0.3,0.1,"tetrachoric (z)","sample",300,293,293,293,0.0233333333333333,0.292974083479797,0.0147583951005869,0.252623031812013,0.0104536154362103,0.249568116152341,0.987907216385776,0.0408798914836821,0.327438137306961,0.965870307167236,0.0106069809100885,0.970880403167844,"03a_2x2_to_cor_CAT",300
0.5,100,0.3,0.1,"tetrachoric (z)","sample",300,39,39,39,0.87,0.665755761916347,0.031680820035711,0.197846657710635,0.0226945680862616,0.314367195830515,1.58894367723057,0.18226433989542,0.674249981278638,0.256410256410256,0.0699201076720338,1.22950932752054,"03a_2x2_to_cor_CAT",300
0,300,0.3,0.1,"tetrachoric (z)","sample",300,300,300,300,0,-0.00604955778019902,0.00772702972289141,0.133836080716428,0.00547296433674915,0.132661672559383,0.991225025787079,0.0405342056251656,0.0767487251740516,0.996666666666667,0.00332777314041597,0.519096855116118,"03a_2x2_to_cor_CAT",300
0.1,300,0.3,0.1,"tetrachoric (z)","sample",300,300,300,300,0,0.111771257156962,0.00816904897617728,0.141492078762576,0.00578604137878812,0.131783966561637,0.931387592253636,0.03808727100202,0.13520135172092,0.983333333333333,0.00739118594202783,0.515575815372597,"03a_2x2_to_cor_CAT",300
0.25,300,0.3,0.1,"tetrachoric (z)","sample",300,300,300,300,0,0.287595694700975,0.00787520307529536,0.136402518463342,0.00557791378077173,0.137954228616317,1.01137596409843,0.0413582387718306,0.297904031168731,0.406666666666667,0.0283601180585747,0.539559909956816,"03a_2x2_to_cor_CAT",300
0.5,300,0.3,0.1,"tetrachoric (z)","sample",300,92,92,92,0.693333333333333,0.881997976047587,0.0139840206046053,0.134130013676441,0.00994237809814062,0.226561911943939,1.68912166437609,0.125206027947624,0.886413808004025,0,0,0.886326663734682,"03a_2x2_to_cor_CAT",300
0,25,0.5,0.1,"tetrachoric (z)","sample",300,149,149,149,0.503333333333333,-0.0127104079650178,0.0227791083034986,0.278054452383477,0.0161615867658925,0.418077866199629,1.50358270696935,0.0873939696706135,0.140227485084122,1,0,1.63374880708291,"03a_2x2_to_cor_CAT",300
0.1,25,0.5,0.1,"tetrachoric (z)","sample",300,155,155,155,0.483333333333333,0.0550331166548728,0.0228799459461632,0.284853029837141,0.0162310077432575,0.418962799921185,1.47080338292599,0.0838068006885158,0.15303860624591,1,0,1.63789819102468,"03a_2x2_to_cor_CAT",300
0.25,25,0.5,0.1,"tetrachoric (z)","sample",300,77,77,77,0.743333333333333,0.130617659049484,0.031099884564575,0.272900379506152,0.0221351436953062,0.421232148011333,1.54353815400919,0.125197476456463,0.188141557553246,1,0,1.64826740755471,"03a_2x2_to_cor_CAT",300
0,50,0.5,0.1,"tetrachoric (z)","sample",300,258,258,258,0.14,0.0122749926833202,0.0164461419636173,0.264164155508962,0.0116517814018336,0.317897552482937,1.2034091145729,0.053080100564597,0.145632687811472,1,0,1.23806050991533,"03a_2x2_to_cor_CAT",300
0.1,50,0.5,0.1,"tetrachoric (z)","sample",300,228,228,228,0.24,0.100377969428756,0.018496449517139,0.279290262989487,0.0131077415166313,0.318653035911928,1.1409385794589,0.0535469007255108,0.18549323843584,1,0,1.2421742858157,"03a_2x2_to_cor_CAT",300
0.25,50,0.5,0.1,"tetrachoric (z)","sample",300,146,146,146,0.513333333333333,0.223855663429352,0.0185768084900215,0.224464431027591,0.0131810052461265,0.33280351661199,1.48265591607733,0.0870645532503704,0.255728315997409,1,0,1.29928254568899,"03a_2x2_to_cor_CAT",300
0,100,0.5,0.1,"tetrachoric (z)","sample",300,297,297,297,0.01,0.0192674458072258,0.0139393251000261,0.24022597886268,0.0098732269123657,0.22770104183821,0.947861854559743,0.0389568822487499,0.141250329234908,1,0,0.886430684176646,"03a_2x2_to_cor_CAT",300
0.1,100,0.5,0.1,"tetrachoric (z)","sample",300,294,294,294,0.02,0.122964151955806,0.0124605822655605,0.213654479140175,0.00882598518190233,0.229166946402787,1.07260539224377,0.044308920346861,0.175339015808008,1,0,0.893392584340401,"03a_2x2_to_cor_CAT",300
0.25,100,0.5,0.1,"tetrachoric (z)","sample",300,211,211,211,0.296666666666667,0.32408860779414,0.0140239312593852,0.203709368270681,0.00993999936778288,0.252812571527405,1.24104538575505,0.0605568141245397,0.348273446473442,0.971563981042654,0.0114427095072916,0.985727607401833,"03a_2x2_to_cor_CAT",300
0,300,0.5,0.1,"tetrachoric (z)","sample",300,300,300,300,0,-0.000466333276436903,0.00705952000747349,0.122274473299931,0.00500017505057712,0.125497410449039,1.02635821739507,0.0419709086702445,0.066458242580583,0.996666666666667,0.00332777314041597,0.491358673964087,"03a_2x2_to_cor_CAT",300
0.1,300,0.5,0.1,"tetrachoric (z)","sample",300,300,300,300,0,0.128469716072963,0.00751717977044446,0.130201372920387,0.00532433008180275,0.128818470101899,0.989378738584165,0.0404587053268689,0.149487779282576,0.96,0.0113137084989848,0.503960633124263,"03a_2x2_to_cor_CAT",300
0.25,300,0.5,0.1,"tetrachoric (z)","sample",300,299,299,299,0.0033333333333333,0.395973666050087,0.00910011834200545,0.157355756163264,0.00644554291631785,0.156274311851474,0.99312739274267,0.0406800830638323,0.412902526175775,0.150501672240803,0.0206783714655347,0.607463767172868,"03a_2x2_to_cor_CAT",300
0,25,0.3,0.3,"tetrachoric (z)","sample",300,273,273,273,0.09,0.014115099999097,0.0222769576195667,0.368075747005999,0.0157811174592002,0.371628875065878,1.00965325232315,0.043288526064488,0.170274142653306,1,0,1.45100331496579,"03a_2x2_to_cor_CAT",300
0.1,25,0.3,0.3,"tetrachoric (z)","sample",300,282,282,282,0.0600000000000001,0.0883208754642644,0.0227309813215705,0.381718087519216,0.0161018056910167,0.37759092752783,0.989187937050067,0.04172637471227,0.199277968452246,1,0,1.47261134280227,"03a_2x2_to_cor_CAT",300
0.25,25,0.3,0.3,"tetrachoric (z)","sample",300,274,274,274,0.0866666666666667,0.202338080091653,0.0221881363833019,0.367279009131937,0.0157180905637024,0.392130238737686,1.06766308171133,0.0456917618284899,0.271329056205972,1,0,1.52359369965969,"03a_2x2_to_cor_CAT",300
0.5,25,0.3,0.3,"tetrachoric (z)","sample",300,267,267,267,0.11,0.41897136179944,0.0269322795101837,0.440077073314567,0.0190797608815029,0.450532292987281,1.0237577013362,0.0443855254602856,0.487682980529375,1,0,1.73740983660066,"03a_2x2_to_cor_CAT",300
0.75,25,0.3,0.3,"tetrachoric (z)","sample",300,160,160,160,0.466666666666667,0.76228726431839,0.0328809726699561,0.415915061275236,0.0233233584830639,0.558386122000547,1.34254845277418,0.0752863787835119,0.810053736224635,1,0,2.15551231159243,"03a_2x2_to_cor_CAT",300
0,50,0.3,0.3,"tetrachoric (z)","sample",300,298,298,298,0.00666666666666671,-0.0103633610754536,0.0143273487339335,0.247328386319962,0.0101480066112122,0.259034961829463,1.04733211453681,0.0429725571762911,0.11611718143063,1,0,1.01191409747721,"03a_2x2_to_cor_CAT",300
0.1,50,0.3,0.3,"tetrachoric (z)","sample",300,299,299,299,0.0033333333333333,0.0717047432566176,0.0154432970383737,0.267039569354838,0.0109383669628571,0.25645696632643,0.960370655727256,0.0393383148350785,0.140935449159692,0.996655518394649,0.00333888414267444,1.00263781864502,"03a_2x2_to_cor_CAT",300
0.25,50,0.3,0.3,"tetrachoric (z)","sample",300,300,300,300,0,0.20540530579237,0.0159574817163733,0.276391690936099,0.0113024967510229,0.268146722501487,0.970169260853365,0.0396731713663295,0.243350453268164,1,0,1.04637042099974,"03a_2x2_to_cor_CAT",300
0.5,50,0.3,0.3,"tetrachoric (z)","sample",300,296,296,296,0.0133333333333333,0.459768240284931,0.0189255819554059,0.325608023696949,0.0134050701953436,0.317965836292898,0.976529486843471,0.040203082744494,0.500045298065817,0.902027027027027,0.0172789386658521,1.23118649124955,"03a_2x2_to_cor_CAT",300
0.75,50,0.3,0.3,"tetrachoric (z)","sample",300,257,257,257,0.143333333333333,0.950954382421039,0.0248725570358227,0.398737422409241,0.0176218709561512,0.450026025712575,1.12862751379953,0.0498787605275852,0.997393609293148,0.264591439688716,0.0275160236113085,1.73022735607721,"03a_2x2_to_cor_CAT",300
0,100,0.3,0.3,"tetrachoric (z)","sample",300,300,300,300,0,0.00401816471042984,0.0106650605524769,0.184724267426886,0.00755393704259427,0.177670139496715,0.961812662578491,0.0393314446504088,0.0819959130298948,1,0,0.695640771596007,"03a_2x2_to_cor_CAT",300
0.1,100,0.3,0.3,"tetrachoric (z)","sample",300,300,300,300,0,0.0766436833312667,0.010573503385973,0.183138450785069,0.00748908817763326,0.178343777963041,0.973819409296766,0.0398224370363016,0.110548625153025,1,0,0.698200598691798,"03a_2x2_to_cor_CAT",300
0.25,100,0.3,0.3,"tetrachoric (z)","sample",300,300,300,300,0,0.18570038259626,0.00980813753942042,0.169881925458998,0.0069469885438841,0.183818020719287,1.08203400816559,0.0442476610652355,0.200965427162809,0.993333333333333,0.00469830544708134,0.719387942070447,"03a_2x2_to_cor_CAT",300
0.5,100,0.3,0.3,"tetrachoric (z)","sample",300,300,300,300,0,0.434344736688778,0.0123157340741689,0.213314771489678,0.00872308969760126,0.216692218354609,1.0158331598011,0.0415405070584691,0.45179491621708,0.456666666666667,0.0287588955642263,0.845120340150418,"03a_2x2_to_cor_CAT",300
0.75,100,0.3,0.3,"tetrachoric (z)","sample",300,299,299,299,0.0033333333333333,0.974196059568064,0.0191939237924102,0.33189396869197,0.0135949066690105,0.322017473479864,0.970242016596352,0.0397426615312248,1.00897430139561,0,0,1.2416213030859,"03a_2x2_to_cor_CAT",300
0,300,0.3,0.3,"tetrachoric (z)","sample",300,300,300,300,0,-0.00368734107613931,0.0062715772820987,0.108626904961897,0.00444208447890485,0.101089454702486,0.930611571211986,0.0380555371417427,0.0470844188571219,1,0,0.396156820993373,"03a_2x2_to_cor_CAT",300
0.1,300,0.3,0.3,"tetrachoric (z)","sample",300,300,300,300,0,0.0766529632855985,0.00559930566169462,0.0969828189316315,0.00396592239139791,0.100900342618323,1.04039399689396,0.0425448743768361,0.0865152918326131,1,0,0.395430771289498,"03a_2x2_to_cor_CAT",300
0.25,300,0.3,0.3,"tetrachoric (z)","sample",300,300,300,300,0,0.181255675423993,0.00633347199138288,0.109698952773896,0.00448592377404076,0.104877178773058,0.956045396251178,0.0390956035919965,0.187457700849969,0.736666666666667,0.0254289132608853,0.410917534166784,"03a_2x2_to_cor_CAT",300
0.5,300,0.3,0.3,"tetrachoric (z)","sample",300,300,300,300,0,0.422505928020665,0.00723041681851131,0.125234492895621,0.00512121925328069,0.122820345059523,0.980722979905304,0.0401047450322807,0.428346121613688,0,0,0.480713420959077,"03a_2x2_to_cor_CAT",300
0.75,300,0.3,0.3,"tetrachoric (z)","sample",300,300,300,300,0,0.923986664611417,0.0102569514463,0.177655610357587,0.00726487815920577,0.175843488122379,0.989799802935802,0.0404759239286663,0.934109257487631,0,0,0.686258447641419,"03a_2x2_to_cor_CAT",300
0,25,0.5,0.3,"tetrachoric (z)","sample",300,290,290,290,0.0333333333333333,-0.00236126922510362,0.0216706164984414,0.369037301139778,0.0153499281262776,0.356485714157826,0.965988297271885,0.0401798162086939,0.1666272175951,1,0,1.39218236345546,"03a_2x2_to_cor_CAT",300
0.1,25,0.5,0.3,"tetrachoric (z)","sample",300,286,286,286,0.0466666666666666,0.0878571403779576,0.0190933582639738,0.322897987484882,0.0135247084037566,0.356763441472426,1.10487973075128,0.046278319341745,0.170870248833796,1,0,1.39336670038644,"03a_2x2_to_cor_CAT",300
0.25,25,0.5,0.3,"tetrachoric (z)","sample",300,268,268,268,0.106666666666667,0.208745516519965,0.0211700749815843,0.346569063862518,0.0149975101570603,0.376205840260132,1.08551477753759,0.0469748185839729,0.268186584573045,1,0,1.46686607755351,"03a_2x2_to_cor_CAT",300
0.5,25,0.5,0.3,"tetrachoric (z)","sample",300,186,186,186,0.38,0.416860383521056,0.025508002703641,0.347882775599463,0.0180855643164754,0.429265317043881,1.2339366796881,0.0641493133556327,0.46075859265001,1,0,1.66710331866369,"03a_2x2_to_cor_CAT",300
0,50,0.5,0.3,"tetrachoric (z)","sample",300,300,300,300,0,-0.00877446383824123,0.0146730326057209,0.254144379742234,0.0103927365421106,0.243144780649194,0.956719093673462,0.0391231531283112,0.110157769626756,1,0,0.95169085196071,"03a_2x2_to_cor_CAT",300
0.1,50,0.5,0.3,"tetrachoric (z)","sample",300,300,300,300,0,0.0787767910213007,0.0145031344465798,0.251201657304785,0.0102723996728082,0.245622732803832,0.977791052173736,0.0399848495913286,0.134913823128754,1,0,0.960886924145383,"03a_2x2_to_cor_CAT",300
0.25,50,0.5,0.3,"tetrachoric (z)","sample",300,298,298,298,0.00666666666666671,0.19380610492439,0.0140578569175145,0.242676236273283,0.00995712658271042,0.258909004283097,1.0668906369206,0.0437750530701489,0.227404427455655,1,0,1.0113929613288,"03a_2x2_to_cor_CAT",300
0.5,50,0.5,0.3,"tetrachoric (z)","sample",300,256,256,256,0.146666666666667,0.489425232568978,0.017651091833147,0.282417469330352,0.0125056557387761,0.317767967314514,1.12517107411232,0.0498234126006503,0.51891891280579,0.91796875,0.0171507703024253,1.23592446064837,"03a_2x2_to_cor_CAT",300
0,100,0.5,0.3,"tetrachoric (z)","sample",300,300,300,300,0,-0.00394858934585721,0.0100031252903219,0.173259212373147,0.00708509607615165,0.168159505482503,0.970566027509924,0.0396893963614858,0.0713884223768621,1,0,0.658841405082336,"03a_2x2_to_cor_CAT",300
0.1,100,0.5,0.3,"tetrachoric (z)","sample",300,300,300,300,0,0.0734017168732436,0.0101271341564975,0.175407108941198,0.00717293009858451,0.170058744818833,0.969508851980689,0.0396461652392188,0.104620069549106,1,0,0.666079050298505,"03a_2x2_to_cor_CAT",300
0.25,100,0.5,0.3,"tetrachoric (z)","sample",300,300,300,300,0,0.198051388795149,0.010873090482333,0.188327451506943,0.00770128219693032,0.179976509408834,0.955657329660189,0.0390797343689783,0.218482851594287,0.97,0.00984885780179611,0.703988972231067,"03a_2x2_to_cor_CAT",300
0.5,100,0.5,0.3,"tetrachoric (z)","sample",300,290,290,290,0.0333333333333333,0.51824941318288,0.0134364409332632,0.228814344035487,0.00951742201766146,0.228926268312866,1.00048914886805,0.0416148624510679,0.54156502244614,0.244827586206897,0.0252495844444467,0.889613774700841,"03a_2x2_to_cor_CAT",300
0,300,0.5,0.3,"tetrachoric (z)","sample",300,300,300,300,0,-0.00270091599115791,0.00532767658161456,0.0922780652565129,0.00377353070644062,0.0958206007718344,1.03838978965883,0.0424629162481867,0.036871702532734,1,0,0.375568683674826,"03a_2x2_to_cor_CAT",300
0.1,300,0.5,0.3,"tetrachoric (z)","sample",300,300,300,300,0,0.067903908181128,0.00591282338735371,0.102413105230781,0.00418798331170052,0.0967995437665842,0.945187078826022,0.0386515739722791,0.079859006267575,1,0,0.379375447389255,"03a_2x2_to_cor_CAT",300
0.25,300,0.5,0.3,"tetrachoric (z)","sample",300,300,300,300,0,0.182096180822147,0.00612786480641557,0.10613773186625,0.00434029462143483,0.101671416338782,0.957919625293141,0.0391722465170632,0.188719318679024,0.68,0.0269320131689655,0.398341621137032,"03a_2x2_to_cor_CAT",300
0.5,300,0.5,0.3,"tetrachoric (z)","sample",300,300,300,300,0,0.510892390606593,0.00800351320800782,0.138624915153181,0.00566879433973974,0.12895810561659,0.930266434962942,0.0380414234709581,0.519697550195024,0,0,0.503935113876644,"03a_2x2_to_cor_CAT",300
0,25,0.3,0.5,"tetrachoric (z)","sample",300,285,285,285,0.05,-0.00348751496065597,0.01948677746985,0.328974666814094,0.0138034703871126,0.352056515726848,1.07016299806999,0.0449030419159618,0.146984295129272,1,0,1.37609260751349,"03a_2x2_to_cor_CAT",300
0.1,25,0.3,0.5,"tetrachoric (z)","sample",300,289,289,289,0.0366666666666666,0.0742271371784274,0.0207073068168458,0.352024215886379,0.0146676756619325,0.356134083843065,1.01167495806031,0.0421531232525128,0.17599983422345,1,0,1.39154400612006,"03a_2x2_to_cor_CAT",300
0.25,25,0.3,0.5,"tetrachoric (z)","sample",300,270,270,270,0.1,0.188153135501767,0.0219871339401792,0.361285477017707,0.0155761229376682,0.373351920874623,1.03339864075501,0.0445529790039978,0.254950659419017,1,0,1.45636727429972,"03a_2x2_to_cor_CAT",300
0.5,25,0.3,0.5,"tetrachoric (z)","sample",300,170,170,170,0.433333333333333,0.410235003205049,0.0264569900350553,0.34495694614191,0.0187631842949498,0.424774575979691,1.23138432413228,0.0669784773723653,0.453454353958543,1,0,1.64989011541772,"03a_2x2_to_cor_CAT",300
0,50,0.3,0.5,"tetrachoric (z)","sample",300,300,300,300,0,-0.00101701362298069,0.0143149952920237,0.247942991558944,0.0101391429208404,0.243396869180817,0.981664646580479,0.0401432526462421,0.107079239259512,1,0,0.952465257126464,"03a_2x2_to_cor_CAT",300
0.1,50,0.3,0.5,"tetrachoric (z)","sample",300,300,300,300,0,0.0764453814862919,0.0152834231419823,0.264716653954872,0.0108250689850091,0.244494051320077,0.923606609812156,0.0377690829679777,0.140421693547573,1,0,0.956431873367105,"03a_2x2_to_cor_CAT",300
0.25,50,0.3,0.5,"tetrachoric (z)","sample",300,298,298,298,0.00666666666666671,0.186695688070276,0.0142871932042598,0.246635194401452,0.0101195646022841,0.255807283488173,1.03718888988646,0.0425563756277743,0.223029691946976,1,0,0.998961220470792,"03a_2x2_to_cor_CAT",300
0.5,50,0.3,0.5,"tetrachoric (z)","sample",300,246,246,246,0.18,0.505887938106405,0.0170017429203236,0.2666619180402,0.0120465575176596,0.320282956849905,1.20108247628228,0.0542593754681024,0.532461565490413,0.914634146341463,0.0178155094448408,1.24592716579413,"03a_2x2_to_cor_CAT",300
0,100,0.3,0.5,"tetrachoric (z)","sample",300,300,300,300,0,0.00382756804827949,0.0100094332993487,0.173368470294438,0.00708956396480719,0.168192861001912,0.970146767265492,0.0396722515351183,0.0717932126658118,1,0,0.658938106155178,"03a_2x2_to_cor_CAT",300
0.1,100,0.3,0.5,"tetrachoric (z)","sample",300,300,300,300,0,0.0707369624585646,0.010156562338076,0.175916819997883,0.00719377373372645,0.1697786374759,0.965107472258444,0.0394661794377564,0.102606477801121,1,0,0.665069648479349,"03a_2x2_to_cor_CAT",300
0.25,100,0.3,0.5,"tetrachoric (z)","sample",300,300,300,300,0,0.192592896362066,0.0112059965473021,0.194093553693686,0.00793707565009455,0.179375625939894,0.924170960479093,0.0377921609829422,0.215174285132653,0.97,0.00984885780179611,0.70141638127969,"03a_2x2_to_cor_CAT",300
0.5,100,0.3,0.5,"tetrachoric (z)","sample",300,289,289,289,0.0366666666666666,0.524204199445908,0.0131716214202261,0.223917564143844,0.0093298985059935,0.229469439526097,1.02479428267934,0.042699761778306,0.546553570858585,0.207612456747405,0.0238586904328803,0.891875229871667,"03a_2x2_to_cor_CAT",300
0,300,0.3,0.5,"tetrachoric (z)","sample",300,300,300,300,0,6.37659069958778e-05,0.0056843932909292,0.0984565799009303,0.00402618895914772,0.0958949183406629,0.973981814492795,0.0398290782786423,0.0393731513993098,1,0,0.375852637599735,"03a_2x2_to_cor_CAT",300
0.1,300,0.3,0.5,"tetrachoric (z)","sample",300,300,300,300,0,0.0673147674237502,0.00567449157529733,0.0982850771553653,0.00401917569034078,0.0967372892848936,0.984252056209662,0.0402490596943063,0.0783803591195503,0.996666666666667,0.00332777314041597,0.379145503747011,"03a_2x2_to_cor_CAT",300
0.25,300,0.3,0.5,"tetrachoric (z)","sample",300,300,300,300,0,0.182857278700833,0.00580515857446573,0.100548295969688,0.00411172559011922,0.101832135012283,1.01276838190258,0.0414151789701925,0.188800732919025,0.666666666666667,0.0272165526975909,0.398986855312309,"03a_2x2_to_cor_CAT",300
0.5,300,0.3,0.5,"tetrachoric (z)","sample",300,300,300,300,0,0.511189922355294,0.00767407494870158,0.132918877122427,0.00543545709256929,0.128974383669196,0.970324053748984,0.0396795013185574,0.519265842131525,0,0,0.504133242690223,"03a_2x2_to_cor_CAT",300
0,25,0.5,0.5,"tetrachoric (z)","sample",300,299,299,299,0.0033333333333333,-0.0118693558738641,0.0200813825631837,0.347239565385386,0.0142234868015434,0.334851628566148,0.96432452389033,0.0395002715855142,0.146673567783628,1,0,1.31008618797432,"03a_2x2_to_cor_CAT",300
0.1,25,0.5,0.5,"tetrachoric (z)","sample",300,298,298,298,0.00666666666666671,0.0767975553436098,0.0217902897756112,0.376158723273197,0.0154339793641933,0.340499758682487,0.90520234575336,0.0371409021255902,0.177915847612393,1,0,1.33141729002052,"03a_2x2_to_cor_CAT",300
0.25,25,0.5,0.5,"tetrachoric (z)","sample",300,297,297,297,0.01,0.183617628428281,0.0213694573306089,0.368274559074613,0.0151359911405483,0.354856010828954,0.963563738208318,0.039602225691403,0.252354767809804,1,0,1.38299334918613,"03a_2x2_to_cor_CAT",300
0.5,25,0.5,0.5,"tetrachoric (z)","sample",300,282,282,282,0.0600000000000001,0.431268594885936,0.0246647094420107,0.414190904661348,0.0174715888083447,0.421346081356151,1.01727506957366,0.0429111588896507,0.494635772595464,1,0,1.62515018615475,"03a_2x2_to_cor_CAT",300
0.75,25,0.5,0.5,"tetrachoric (z)","sample",300,181,181,181,0.396666666666667,0.79637434179851,0.0288486876572779,0.388119397992472,0.0204556883624932,0.540429613185468,1.39243133937858,0.0733875752972539,0.840906512036079,1,0,2.0856635742502,"03a_2x2_to_cor_CAT",300
0,50,0.5,0.5,"tetrachoric (z)","sample",300,300,300,300,0,0.000328474489533765,0.0148493189963921,0.257197749595488,0.0105175981207246,0.229415105925832,0.891979444947124,0.0364757520182649,0.101639866002436,1,0,0.89877800369687,"03a_2x2_to_cor_CAT",300
0.1,50,0.5,0.5,"tetrachoric (z)","sample",300,300,300,300,0,0.063766214226585,0.0129613260612996,0.224496752716375,0.00918035491442707,0.230272993473308,1.02572972965997,0.0419452078955214,0.109939833922205,1,0,0.902037671590023,"03a_2x2_to_cor_CAT",300
0.25,50,0.5,0.5,"tetrachoric (z)","sample",300,300,300,300,0,0.174101825143448,0.0139623766818789,0.241835458074293,0.00988938730361026,0.241570113750076,0.998902789829375,0.0408481727449775,0.204899171924707,1,0,0.944857310179084,"03a_2x2_to_cor_CAT",300
0.5,50,0.5,0.5,"tetrachoric (z)","sample",300,299,299,299,0.0033333333333333,0.417842895200052,0.0182305813968878,0.315236221463361,0.0129125787563297,0.287870467408883,0.913189690171254,0.0374057071838592,0.458227767426423,0.906354515050167,0.0168483307131759,1.11668541198852,"03a_2x2_to_cor_CAT",300
0.75,50,0.5,0.5,"tetrachoric (z)","sample",300,285,285,285,0.05,0.939577606734355,0.023203153463174,0.391714314559918,0.0164359675278324,0.421039128469562,1.07486275793263,0.0451002394592213,0.987289330618584,0.189473684210526,0.0232132302870293,1.61719559897099,"03a_2x2_to_cor_CAT",300
0,100,0.5,0.5,"tetrachoric (z)","sample",300,300,300,300,0,-0.0048909976414634,0.00881661555407869,0.152708260904663,0.0062447051750494,0.159110187191598,1.04192259311323,0.0426073833247117,0.0572272334364055,1,0,0.623660767241283,"03a_2x2_to_cor_CAT",300
0.1,100,0.5,0.5,"tetrachoric (z)","sample",300,300,300,300,0,0.0549361323986517,0.00887541697860939,0.153726731453109,0.00628635353294988,0.160136450092772,1.04169553713316,0.0425980983152083,0.0801456948485902,1,0,0.627637764431311,"03a_2x2_to_cor_CAT",300
0.25,100,0.5,0.5,"tetrachoric (z)","sample",300,300,300,300,0,0.165447560096299,0.00953967318572456,0.165231986452774,0.00675683839742963,0.167706125938808,1.01497373201854,0.0415053624429156,0.18026721480818,0.996666666666667,0.00332777314041597,0.656783886180934,"03a_2x2_to_cor_CAT",300
0.5,100,0.5,0.5,"tetrachoric (z)","sample",300,300,300,300,0,0.404207990150809,0.0116191462648232,0.20124951671248,0.00822970473925577,0.197913318045561,0.983422575510158,0.0402151397060482,0.420405286462475,0.416666666666667,0.0284637521276656,0.772898649069584,"03a_2x2_to_cor_CAT",300
0.75,100,0.5,0.5,"tetrachoric (z)","sample",300,298,298,298,0.00666666666666671,0.928935772952437,0.0171283751213552,0.295681598718558,0.01213196294714,0.290504868437584,0.98249221357227,0.0403121438147319,0.95739206992667,0,0,1.12462543569677,"03a_2x2_to_cor_CAT",300
0,300,0.5,0.5,"tetrachoric (z)","sample",300,300,300,300,0,-0.00189838822295398,0.00537664982307587,0.0931263066807361,0.00380821787778393,0.0910908948908893,0.97814353578066,0.0399992637179203,0.034193195652668,1,0,0.357066941356911,"03a_2x2_to_cor_CAT",300
0.1,300,0.5,0.5,"tetrachoric (z)","sample",300,300,300,300,0,0.058383623462765,0.00523045349620251,0.0905941120204902,0.00370466873770864,0.0917673865899595,1.01295089209776,0.0414226423670876,0.0675535243285881,1,0,0.359704994559511,"03a_2x2_to_cor_CAT",300
0.25,300,0.5,0.5,"tetrachoric (z)","sample",300,300,300,300,0,0.156256077991428,0.00563081608232194,0.0975285954265753,0.00398824085198548,0.0955770581014633,0.979990101194667,0.0400747753931146,0.16147470602718,0.826666666666667,0.0218547392944787,0.374555811641631,"03a_2x2_to_cor_CAT",300
0.5,300,0.5,0.5,"tetrachoric (z)","sample",300,300,300,300,0,0.395347059883451,0.00661695074214677,0.114608948765788,0.00468670844147393,0.112644548864856,0.98285997802016,0.0401921333838202,0.40045866145383,0,0,0.441066102656596,"03a_2x2_to_cor_CAT",300
0.75,300,0.5,0.5,"tetrachoric (z)","sample",300,300,300,300,0,0.887439286736039,0.00913646511038097,0.158248217727602,0.00647125085657842,0.160221724055028,1.01247095452805,0.0414030162603695,0.895812369409765,0,0,0.625908042720434,"03a_2x2_to_cor_CAT",300
