"rho","n","p_exp","p_case","method","target","n_sim","n_valid","n_valid_se","n_valid_ci","nonest_rate","bias","bias_mcse","emp_se","emp_se_mcse","mod_se","se_ratio","se_ratio_mcse","rmse","coverage","coverage_mcse","ci_width","study","nrep"
0,25,0.3,0.1,"phi (r)","own",300,279,130,130,0.07,0.0117553259276,0.0126897183501077,0.21196008481224,0.0089891098735885,0.193349771388725,0.912198971612977,0.0386858534693791,0.211906196911443,0.992307692307692,0.00766266477783652,0.753020422578576,"03b_2x2_to_cor_CONT",300
0.1,25,0.3,0.1,"phi (r)","own",300,276,145,145,0.08,0.0223796003092579,0.0129319376982316,0.214841484555801,0.00916087168203993,0.193906261383769,0.90255502462517,0.0384850755600884,0.215616499794222,1,0,0.755236630897344,"03b_2x2_to_cor_CONT",300
0.25,25,0.3,0.1,"phi (r)","own",300,270,148,148,0.1,-0.0120183029407444,0.0128882766009044,0.21177599465044,0.00913031145107599,0.193224999537848,0.912402748275538,0.0393364756677158,0.21172483048055,0.993243243243243,0.00673389118608194,0.75335367518485,"03b_2x2_to_cor_CONT",300
0.5,25,0.3,0.1,"phi (r)","own",300,280,152,152,0.0666666666666667,-0.0193733786322199,0.0129235636029279,0.21625258133881,0.00915470176471597,0.192417979034537,0.889783501511457,0.0376675392315431,0.21673368044475,1,0,0.753572285516154,"03b_2x2_to_cor_CONT",300
0,50,0.3,0.1,"phi (r)","own",300,300,220,220,0,-0.0110514120646025,0.00822666726116188,0.142490056732959,0.00582685173285356,0.139996642361237,0.982501134262341,0.0401774591713171,0.14268101458203,0.986363636363636,0.0078190946997313,0.546151563556539,"03b_2x2_to_cor_CONT",300
0.1,50,0.3,0.1,"phi (r)","own",300,299,246,246,0.0033333333333333,0.00529874074529435,0.0084115550044286,0.145449383017481,0.00595783886938602,0.140442364343636,0.965575524832283,0.0395515145807266,0.145302599481424,0.983739837398374,0.00806371217995264,0.548206847625486,"03b_2x2_to_cor_CONT",300
0.25,50,0.3,0.1,"phi (r)","own",300,299,261,261,0.0033333333333333,0.01002160267477,0.00862153705000036,0.14908031201421,0.00610656751614894,0.140860559737535,0.944863596234687,0.0387031209285935,0.149167828466196,0.992337164750958,0.0053976425267609,0.550336737864733,"03b_2x2_to_cor_CONT",300
0.5,50,0.3,0.1,"phi (r)","own",300,299,240,240,0.0033333333333333,-0.00311302545117949,0.00907795336143791,0.156972487820319,0.00642984363328457,0.14195756139557,0.90434676398876,0.0370434868138846,0.156740689110159,0.970833333333333,0.0108620079908179,0.556667920655155,"03b_2x2_to_cor_CONT",300
0,100,0.3,0.1,"phi (r)","own",300,300,276,276,0,-0.00503459766135987,0.00608905363098277,0.105465502588739,0.0043128051220245,0.100301818396403,0.951039116435332,0.0388908815862022,0.10540988016209,0.967391304347826,0.0106908752607407,0.392098588554347,"03b_2x2_to_cor_CONT",300
0.1,100,0.3,0.1,"phi (r)","own",300,300,291,291,0,0.00176513539893108,0.00637670397379346,0.110447752674366,0.00451654447907559,0.100368504717362,0.908741937133655,0.0371612212986027,0.110277646965399,0.972508591065292,0.0095851458981223,0.392440439750264,"03b_2x2_to_cor_CONT",300
0.25,100,0.3,0.1,"phi (r)","own",300,300,299,299,0,0.00546903679694831,0.00590886382462922,0.102344523592636,0.00418517879995961,0.100641967358295,0.983364461775035,0.0402127632586949,0.102320072327926,0.959866220735786,0.0113507560230557,0.393697643271328,"03b_2x2_to_cor_CONT",300
0.5,100,0.3,0.1,"phi (r)","own",300,300,289,289,0,-0.0012726649602971,0.00645664330145801,0.111832342444745,0.00457316456533147,0.103862321570708,0.928732415866408,0.0379786927651403,0.111653053026138,0.948096885813149,0.0130489073273557,0.406792313634297,"03b_2x2_to_cor_CONT",300
0,300,0.3,0.1,"phi (r)","own",300,300,298,298,0,0.00423929781950856,0.00349913788780016,0.0606068460435912,0.00247839824047318,0.0578178778169128,0.953982620632124,0.0390112504240214,0.0606540803853807,0.936241610738255,0.0141531955104145,0.226425282844714,"03b_2x2_to_cor_CONT",300
0.1,300,0.3,0.1,"phi (r)","own",300,300,300,300,0,0.000151265599369407,0.00343472421908215,0.0594911685743762,0.00243277479597568,0.0577801053896623,0.971238366538812,0.0397168903489637,0.0593921264913562,0.936666666666667,0.0140620318852128,0.226292938582127,"03b_2x2_to_cor_CONT",300
0.25,300,0.3,0.1,"phi (r)","own",300,300,299,299,0,0.00101706763620692,0.00344420658671834,0.0596554079995955,0.00243949104552589,0.0581793885267223,0.975257574755281,0.0398812479953693,0.0595645831947377,0.953177257525084,0.0122174245409932,0.227881904113349,"03b_2x2_to_cor_CONT",300
0.5,300,0.3,0.1,"phi (r)","own",300,300,300,300,0,-0.00361980089564797,0.0034380493920273,0.0595487622592258,0.00243512997689189,0.0598026032681504,1.00426274198311,0.0410673574881876,0.059559532079323,0.946666666666667,0.0129729062394013,0.234314166870343,"03b_2x2_to_cor_CONT",300
0,25,0.5,0.1,"phi (r)","own",300,284,170,170,0.0533333333333333,0.0144194536270403,0.0120430183467833,0.202952552622214,0.00853073207765273,0.192938888848856,0.950660074761429,0.0399592234240439,0.203107422237283,1,0,0.750045534649628,"03b_2x2_to_cor_CONT",300
0.1,25,0.5,0.1,"phi (r)","own",300,276,143,143,0.08,0.0137815516964712,0.0121960044135063,0.202615242586971,0.00863954297282158,0.19297109014861,0.952401644046003,0.0406105425537738,0.202716859614797,1,0,0.749885908898794,"03b_2x2_to_cor_CONT",300
0.25,25,0.5,0.1,"phi (r)","own",300,279,146,146,0.07,0.014631142302129,0.0108220239698818,0.180763438179601,0.00766607735774136,0.193002473271842,1.06770747013608,0.0452808828153017,0.181031419109421,1,0,0.750238519833795,"03b_2x2_to_cor_CONT",300
0,50,0.5,0.1,"phi (r)","own",300,298,241,241,0.00666666666666671,-0.0141449744616206,0.0085369079117922,0.147369879605492,0.00604665940202826,0.14033206783287,0.952243892771967,0.0390710401790884,0.147800821786493,0.987551867219917,0.00714206078399008,0.54748269970457,"03b_2x2_to_cor_CONT",300
0.1,50,0.5,0.1,"phi (r)","own",300,297,237,237,0.01,-0.0107293229161435,0.00846123193583158,0.145818230766818,0.00599309236718095,0.140478043292636,0.963377778991697,0.0395945828146798,0.145967401663289,0.9957805907173,0.00421049816550378,0.548095593286145,"03b_2x2_to_cor_CONT",300
0.25,50,0.5,0.1,"phi (r)","own",300,300,227,227,0,-0.0125756744015715,0.00792075333549139,0.137191472112917,0.00561017649471522,0.140805337065956,1.02634176087902,0.0419702357132586,0.137538755533711,1,0,0.549524843873472,"03b_2x2_to_cor_CONT",300
0,100,0.5,0.1,"phi (r)","own",300,300,292,292,0,-0.00264028640954839,0.00588082214023742,0.101858827371672,0.00416531720447952,0.100288137306376,0.984579735445367,0.0402624594947287,0.10172319183358,0.986301369863014,0.00680224018029345,0.392025980904851,"03b_2x2_to_cor_CONT",300
0.1,100,0.5,0.1,"phi (r)","own",300,300,292,292,0,0.0019753174265105,0.00610737015486649,0.105782754088586,0.00432577850061677,0.100632407940242,0.951312043322005,0.0389020423965704,0.105624774420082,0.972602739726027,0.00955278242537844,0.393368383668586,"03b_2x2_to_cor_CONT",300
0.25,100,0.5,0.1,"phi (r)","own",300,300,294,294,0,-0.00463027793818927,0.00527171532629824,0.0913087878818809,0.00373389400701412,0.10155646041129,1.11223095571771,0.0454825060797248,0.0912740008751763,0.972789115646258,0.00948870652146214,0.397005792206772,"03b_2x2_to_cor_CONT",300
0,300,0.5,0.1,"phi (r)","own",300,300,297,297,0,-0.000890748446489117,0.00350873875366174,0.0607731379182803,0.00248519842092372,0.0577323817187963,0.949965456719172,0.0388469763754033,0.0606783031864586,0.939393939393939,0.0138453417543907,0.22610059383676,"03b_2x2_to_cor_CONT",300
0.1,300,0.5,0.1,"phi (r)","own",300,300,300,300,0,0.000281232025269753,0.00334350226868519,0.0579111580458455,0.00236816336064339,0.057842819469617,0.998819941121288,0.0408447848093605,0.0578152428883788,0.95,0.0125830573921179,0.226530659341322,"03b_2x2_to_cor_CONT",300
0.25,300,0.5,0.1,"phi (r)","own",300,300,300,300,0,0.00308063672577427,0.00317728309882132,0.0550321575718842,0.00225043227620691,0.0585378574778916,1.06370275236671,0.0434980402701701,0.0550266622807782,0.976666666666667,0.0087156734084615,0.229246573496071,"03b_2x2_to_cor_CONT",300
0,25,0.3,0.3,"phi (r)","own",300,300,273,273,0,0.00403962791762913,0.0109141885756379,0.189039291363927,0.00773039149339128,0.191213094246506,1.01149921197279,0.0413632787522105,0.188767191960954,0.985347985347985,0.00727213889427488,0.744390632850488,"03b_2x2_to_cor_CONT",300
0.1,25,0.3,0.3,"phi (r)","own",300,300,276,276,0,0.00803961512699649,0.0120030855429901,0.207899540080544,0.00850164441753339,0.189771246003866,0.912802625394674,0.0373272751901711,0.20770840164649,0.960144927536232,0.0117748574043915,0.740348873111418,"03b_2x2_to_cor_CONT",300
0.25,25,0.3,0.3,"phi (r)","own",300,300,285,285,0,0.00103201251391862,0.0115652815105312,0.200316551800769,0.00819155296686453,0.188556062406368,0.941290476055627,0.0384922300354073,0.199985075040017,0.982456140350877,0.0077767247509283,0.737642320103108,"03b_2x2_to_cor_CONT",300
0.5,25,0.3,0.3,"phi (r)","own",300,300,278,278,0,0.00250915333954852,0.0123842166758005,0.214500924944282,0.00877159511945917,0.182047714019562,0.848703631776179,0.0347060724157202,0.214157824582154,0.960431654676259,0.0116918915782073,0.721284919935782,"03b_2x2_to_cor_CONT",300
0.75,25,0.3,0.3,"phi (r)","own",300,300,259,259,0,-0.00854123559571763,0.0113784823493512,0.197081095421019,0.00805924531645596,0.168351800145055,0.854226021960196,0.0349318997439634,0.196937657692164,0.942084942084942,0.0145141262545635,0.687244612081923,"03b_2x2_to_cor_CONT",300
0,50,0.3,0.3,"phi (r)","own",300,300,298,298,0,0.00389888986862305,0.00845384937518396,0.14642496637353,0.0059877621541383,0.138283929706165,0.944401307584407,0.0386194413966748,0.146232706842344,0.959731543624161,0.0113880468060535,0.539820154236489,"03b_2x2_to_cor_CONT",300
0.1,50,0.3,0.3,"phi (r)","own",300,300,297,297,0,0.000338959898256227,0.00740271100128083,0.128218715679675,0.00524325319795848,0.138076649907831,1.07688373866405,0.04403705088332,0.128005288227438,0.986531986531986,0.00668850616742231,0.538964328716099,"03b_2x2_to_cor_CONT",300
0.25,50,0.3,0.3,"phi (r)","own",300,300,299,299,0,0.00725215114484835,0.00805135590435731,0.139453574961665,0.00570268075926767,0.13665561225299,0.979936242513363,0.0400725729478516,0.13940971606713,0.959866220735786,0.0113507560230557,0.534340238519234,"03b_2x2_to_cor_CONT",300
0.5,50,0.3,0.3,"phi (r)","own",300,300,300,300,0,0.00264393601970484,0.00835059971949217,0.144636629878309,0.00591463163650761,0.132250149178871,0.914361384734568,0.037391017599775,0.144419571334899,0.936666666666667,0.0140620318852128,0.520571615015899,"03b_2x2_to_cor_CONT",300
0.75,50,0.3,0.3,"phi (r)","own",300,300,293,293,0,0.0101875737619228,0.00851566843736652,0.147495703939295,0.00603154786932121,0.120240788653617,0.815215531315438,0.0333366421503835,0.147601669132729,0.914675767918089,0.0163205943625398,0.482958728873369,"03b_2x2_to_cor_CONT",300
0,100,0.3,0.3,"phi (r)","own",300,300,298,298,0,0.0057494427117304,0.00587925446660555,0.101831674467871,0.00416420683967098,0.098835440771748,0.970576603873207,0.0396898288611432,0.101824262252877,0.932885906040268,0.0144948257779992,0.386483070828067,"03b_2x2_to_cor_CONT",300
0.1,100,0.3,0.3,"phi (r)","own",300,300,298,298,0,0.00168478100671126,0.00596525043009813,0.103321168248021,0.00422511676990005,0.0986383463160112,0.954677032679611,0.039039647044354,0.103162580825038,0.942953020134228,0.0134354811677118,0.385760484478761,"03b_2x2_to_cor_CONT",300
0.25,100,0.3,0.3,"phi (r)","own",300,300,300,300,0,-0.00827241155447864,0.00620506059441431,0.107474802135691,0.0043949714907903,0.0979471408448253,0.911349813151209,0.0372678652795258,0.107613954067548,0.933333333333333,0.0144016459964619,0.383278895540739,"03b_2x2_to_cor_CONT",300
0.5,100,0.3,0.3,"phi (r)","own",300,300,300,300,0,0.00418955731430352,0.00613710859877251,0.106297839046418,0.00434684189091873,0.0946189882943685,0.890130873244282,0.0364001582998191,0.106203196159414,0.93,0.0147309198626562,0.371414513996709,"03b_2x2_to_cor_CONT",300
0.75,100,0.3,0.3,"phi (r)","own",300,300,299,299,0,-0.000561933064563902,0.00562472828106869,0.0974231516158054,0.00398392893390789,0.0864213515679613,0.887072016606172,0.036275072349887,0.09726226745912,0.94314381270903,0.0133919010689227,0.342240764685232,"03b_2x2_to_cor_CONT",300
0,300,0.3,0.3,"phi (r)","own",300,300,300,300,0,0.00244369483055935,0.0031846143353051,0.0551591383126062,0.00225562490484416,0.0575055206301869,1.04253841501807,0.0426325661551184,0.0551213245064874,0.956666666666667,0.0117552194868996,0.225214860934968,"03b_2x2_to_cor_CONT",300
0.1,300,0.3,0.3,"phi (r)","own",300,300,299,299,0,0.00109816348515622,0.00331105382926868,0.0573491345888885,0.00234518051237201,0.0574341181545664,1.00148186308803,0.0409536388935,0.0572640037342331,0.946488294314381,0.0130150675531153,0.224944699820808,"03b_2x2_to_cor_CONT",300
0.25,300,0.3,0.3,"phi (r)","own",300,300,299,299,0,0.000755521866890595,0.0033502724686328,0.0580284213487122,0.00237295861369596,0.057064432251694,0.983387638770572,0.0402137110365238,0.0579365529860118,0.963210702341137,0.0108864380108455,0.223544827995132,"03b_2x2_to_cor_CONT",300
0.5,300,0.3,0.3,"phi (r)","own",300,300,300,300,0,-0.00197326648685413,0.00360024674300011,0.0623581027866056,0.00255001245427638,0.0552960110637174,0.886749413351216,0.0362618801217535,0.0622853513048014,0.933333333333333,0.0144016459964619,0.216820843852895,"03b_2x2_to_cor_CONT",300
0.75,300,0.3,0.3,"phi (r)","own",300,300,300,300,0,0.000787796980699784,0.00312280749566828,0.0540886124475439,0.00221184784674674,0.050324305793626,0.930404821207632,0.0380470825053367,0.0540041358965071,0.943333333333333,0.0133486023682326,0.197915888015636,"03b_2x2_to_cor_CONT",300
0,25,0.5,0.3,"phi (r)","own",300,299,288,288,0.0033333333333333,0.00464304359399566,0.0117115060056108,0.202510870085824,0.00829516845131959,0.19012326392708,0.938829919828528,0.0384559719130931,0.202225248136364,0.972222222222222,0.00968356512192217,0.741022628575378,"03b_2x2_to_cor_CONT",300
0.1,25,0.5,0.3,"phi (r)","own",300,300,279,279,0,-0.0212532376325476,0.0113067990971834,0.195839505072955,0.00800847291144059,0.190365766479345,0.972049875271229,0.0397500754088347,0.196664608283396,0.967741935483871,0.0105778360610315,0.741620417887813,"03b_2x2_to_cor_CONT",300
0.25,25,0.5,0.3,"phi (r)","own",300,300,269,269,0,0.00222100814882211,0.0115731217088842,0.200452348019657,0.00819710608721189,0.189146213683811,0.943596897479406,0.0385865466212658,0.200130306444832,0.973977695167286,0.0097066919169156,0.738880229192549,"03b_2x2_to_cor_CONT",300
0.5,25,0.5,0.3,"phi (r)","own",300,300,260,260,0,0.000470145767796121,0.0104414735556454,0.180851627042648,0.00739557300056214,0.184388409175607,1.01955626383237,0.0416927561042875,0.180550568182442,0.969230769230769,0.0107098957128982,0.726829408306289,"03b_2x2_to_cor_CONT",300
0,50,0.5,0.3,"phi (r)","own",300,300,297,297,0,-0.00780060859860103,0.00800836598461198,0.138708967709543,0.00567223150437366,0.137925389971264,0.994350922285575,0.0406620330388574,0.138697127914792,0.95959595959596,0.0114255832500108,0.538371199996628,"03b_2x2_to_cor_CONT",300
0.1,50,0.5,0.3,"phi (r)","own",300,300,295,295,0,0.00845605174617434,0.00846509458226489,0.146619739073588,0.00599572700214852,0.137533560470903,0.938028953945107,0.0383588564780015,0.146619217263135,0.952542372881356,0.0123789598351276,0.53712207062821,"03b_2x2_to_cor_CONT",300
0.25,50,0.5,0.3,"phi (r)","own",300,300,297,297,0,0.00893154208611009,0.00814578609595483,0.141089153857819,0.00576956455413578,0.136856987888326,0.970003605140635,0.0396663972004761,0.141136699512318,0.95959595959596,0.0114255832500108,0.53520118948057,"03b_2x2_to_cor_CONT",300
0.5,50,0.5,0.3,"phi (r)","own",300,300,296,296,0,-0.00949034364429875,0.00766175438794664,0.132705478750374,0.00542673058419042,0.134557999178665,1.01395963788184,0.0414638930498002,0.132823598176497,0.969594594594595,0.00997986431005396,0.529049130042254,"03b_2x2_to_cor_CONT",300
0,100,0.5,0.3,"phi (r)","own",300,300,298,298,0,0.00136308315691559,0.00590334893508845,0.102249002903808,0.00418127266851452,0.0986591113588929,0.964890693865323,0.0394573147100374,0.102087546066434,0.946308724832215,0.0130575034535089,0.38579475025492,"03b_2x2_to_cor_CONT",300
0.1,100,0.5,0.3,"phi (r)","own",300,300,298,298,0,0.0119758080312211,0.00574103639634054,0.0994376672656395,0.00406630860498273,0.0984701833839745,0.990270448731663,0.0404951700664955,0.0999915503946637,0.959731543624161,0.0113880468060535,0.385116628599065,"03b_2x2_to_cor_CONT",300
0.25,100,0.5,0.3,"phi (r)","own",300,300,300,300,0,0.00682583636798629,0.00539349886123005,0.0934181405821533,0.00382015185348137,0.0978732237721172,1.04768970097458,0.0428432179029688,0.093511770392734,0.973333333333333,0.00930153312731393,0.383034931769896,"03b_2x2_to_cor_CONT",300
0.5,100,0.5,0.3,"phi (r)","own",300,300,300,300,0,-0.00649829268950828,0.00516560831344816,0.0894709605089239,0.0036587396568908,0.0960852290940264,1.07392642872592,0.043916117486754,0.0895577862221928,0.97,0.00984885780179611,0.37707837171706,"03b_2x2_to_cor_CONT",300
0,300,0.5,0.3,"phi (r)","own",300,300,299,299,0,-0.000171003275981201,0.00333582006441404,0.0577780983647281,0.00236272214564728,0.0574750893233244,0.994755641843888,0.0406785832523512,0.0576819746304029,0.94314381270903,0.0133919010689227,0.225096480600979,"03b_2x2_to_cor_CONT",300
0.1,300,0.5,0.3,"phi (r)","own",300,300,299,299,0,0.00248313423457055,0.00328389477226659,0.0568787259227556,0.00232594407149851,0.0573888859219712,1.00896925855738,0.0412598212634522,0.0568381162016083,0.946488294314381,0.0130150675531153,0.224768242674171,"03b_2x2_to_cor_CONT",300
0.25,300,0.5,0.3,"phi (r)","own",300,300,300,300,0,-0.00206775752135266,0.00299800975780338,0.0519270522210271,0.00212345507576798,0.0570181311702577,1.09804290310107,0.0449023134622847,0.0518816567875825,0.98,0.00808290376865476,0.223362492739322,"03b_2x2_to_cor_CONT",300
0.5,300,0.5,0.3,"phi (r)","own",300,300,300,300,0,0.00454516655112631,0.00336491239244453,0.0582819922673207,0.00238332789966841,0.055601584848203,0.954009680952163,0.0390123570027984,0.0583620298329032,0.933333333333333,0.0144016459964619,0.218036679280242,"03b_2x2_to_cor_CONT",300
0,25,0.3,0.5,"phi (r)","own",300,300,282,282,0,-0.00937065820017464,0.011948904706695,0.206961100467947,0.00846326876797429,0.189839773830956,0.917272730970803,0.0375100714007945,0.206828262136291,0.982269503546099,0.00785870930097946,0.740233214399099,"03b_2x2_to_cor_CONT",300
0.1,25,0.3,0.5,"phi (r)","own",300,300,288,288,0,0.0113298436458632,0.0113455374051808,0.196510472249464,0.00803591079970288,0.18989642579261,0.966342524237298,0.0395166844689715,0.19650956679443,0.961805555555556,0.0112939925123112,0.74023104666625,"03b_2x2_to_cor_CONT",300
0.25,25,0.3,0.5,"phi (r)","own",300,300,280,280,0,-0.0269175036211603,0.0120550597478718,0.208799759715924,0.00853845713599691,0.189083287331744,0.905572341601332,0.0370316068985287,0.210182223779981,0.964285714285714,0.0110903393465735,0.738502987150658,"03b_2x2_to_cor_CONT",300
0.5,25,0.3,0.5,"phi (r)","own",300,300,263,263,0,-0.0102169686600713,0.0113032932592859,0.195778782179341,0.00800598976766203,0.184942541685565,0.944650587907686,0.0386296352271565,0.195719067956398,0.965779467680608,0.0112099710312541,0.729377338173637,"03b_2x2_to_cor_CONT",300
0,50,0.3,0.5,"phi (r)","own",300,300,296,296,0,-0.0114040249206377,0.00856224649844291,0.148302459622318,0.0060645385625485,0.137638916663067,0.928095980428053,0.0379526669846623,0.14849363369963,0.949324324324324,0.0127485626601708,0.537353600257381,"03b_2x2_to_cor_CONT",300
0.1,50,0.3,0.5,"phi (r)","own",300,300,299,299,0,0.00524703937058382,0.00801287178051519,0.138787010383872,0.00567542290665518,0.137750385563378,0.992530822462224,0.0405876036221471,0.138654821622901,0.956521739130435,0.0117936411784159,0.537847053818334,"03b_2x2_to_cor_CONT",300
0.25,50,0.3,0.5,"phi (r)","own",300,300,293,293,0,-0.00681241358441138,0.00846576815636223,0.146631405719181,0.00599620408676513,0.13685866646437,0.933351663602499,0.0381675878522267,0.146545245202807,0.955631399317406,0.0120295466674395,0.535035105575879,"03b_2x2_to_cor_CONT",300
0.5,50,0.3,0.5,"phi (r)","own",300,300,297,297,0,-0.0100637717259253,0.00761716134239063,0.131933104544701,0.00539514585412629,0.134140199305615,1.01672889278647,0.0415771363041698,0.132096943300133,0.956228956228956,0.0118712423788313,0.527275801858998,"03b_2x2_to_cor_CONT",300
0,100,0.3,0.5,"phi (r)","own",300,300,296,296,0,0.000890172266999189,0.00561205734269756,0.0972036845254216,0.00397495425718147,0.0986877188086753,1.01526726368963,0.0415173658455782,0.0970456258899127,0.959459459459459,0.011463367788664,0.385894618705209,"03b_2x2_to_cor_CONT",300
0.1,100,0.3,0.5,"phi (r)","own",300,300,295,295,0,0.00234897677347619,0.00565853688641611,0.098008733837753,0.00400787517172207,0.0985595526317354,1.00562009907091,0.041122863947238,0.0978734415491093,0.955932203389831,0.0119498707052213,0.385451570823212,"03b_2x2_to_cor_CONT",300
0.25,100,0.3,0.5,"phi (r)","own",300,300,300,300,0,0.00179855271446566,0.00588199387981962,0.101879122496568,0.00416614713385411,0.0978562185654154,0.960512970345934,0.0392782962826483,0.101725083143417,0.953333333333333,0.0121776966745069,0.382973153869806,"03b_2x2_to_cor_CONT",300
0.5,100,0.3,0.5,"phi (r)","own",300,300,300,300,0,0.00294705509727986,0.00533497176805139,0.0924044215921057,0.00377869780125332,0.0958115723001569,1.0368721609783,0.0424008557963229,0.0922973474144956,0.98,0.00808290376865476,0.376125029775963,"03b_2x2_to_cor_CONT",300
0,300,0.3,0.5,"phi (r)","own",300,300,298,298,0,-0.00288996991246177,0.00348284536633714,0.0603246512940176,0.00246685843900734,0.0574664076719109,0.952618978132573,0.0389554869353705,0.0602933268943914,0.936241610738255,0.0141531955104145,0.225063179964003,"03b_2x2_to_cor_CONT",300
0.1,300,0.3,0.5,"phi (r)","own",300,300,299,299,0,-0.000578777124459371,0.003173519512309,0.054966970341304,0.00224776657211376,0.0574027816205916,1.04431409015565,0.0427051789113321,0.0548783343895073,0.966555183946488,0.0103978162636377,0.224821234616094,"03b_2x2_to_cor_CONT",300
0.25,300,0.3,0.5,"phi (r)","own",300,300,300,300,0,-0.000934883923864865,0.00353858721648615,0.0612901284596775,0.00250633973633252,0.0569941434465162,0.929907390943264,0.0380267410691386,0.0611950345621783,0.94,0.0137113092008021,0.223270928747628,"03b_2x2_to_cor_CONT",300
0.5,300,0.3,0.5,"phi (r)","own",300,300,300,300,0,0.000565463464117717,0.00329672596301959,0.0571009686658137,0.00233503225310355,0.0556384953348354,0.974387941830943,0.0398456860605347,0.0570085254100494,0.95,0.0125830573921179,0.218172580713516,"03b_2x2_to_cor_CONT",300
0,25,0.5,0.5,"phi (r)","own",300,300,297,297,0,-0.00112140941100102,0.0113662680320859,0.196869537240186,0.00805059405909213,0.18899521159746,0.960002315476978,0.0392574140521525,0.196544346658089,0.95959595959596,0.0114255832500108,0.736458944565285,"03b_2x2_to_cor_CONT",300
0.1,25,0.5,0.5,"phi (r)","own",300,300,295,295,0,-0.00410911744135382,0.0115266546861739,0.199647515577551,0.00816419404115433,0.188450173810871,0.943914444743839,0.0385995320945714,0.199356844763808,0.959322033898305,0.0115014028879788,0.734925876046361,"03b_2x2_to_cor_CONT",300
0.25,25,0.5,0.5,"phi (r)","own",300,300,297,297,0,0.0121032726817643,0.0111679573608024,0.193434695656725,0.00791013294137235,0.186448464000534,0.963883254591568,0.0394161174545052,0.193490949198681,0.956228956228956,0.0118712423788313,0.729295914339686,"03b_2x2_to_cor_CONT",300
0.5,25,0.5,0.5,"phi (r)","own",300,300,293,293,0,-0.000260451219875453,0.0111037300732588,0.192322246404148,0.00786464150847018,0.178694975715249,0.929143554925715,0.0379955054915515,0.192001618418273,0.972696245733788,0.00952063669630398,0.70750211414,"03b_2x2_to_cor_CONT",300
0.75,25,0.5,0.5,"phi (r)","own",300,300,268,268,0,0.00718187155143033,0.00962198279921305,0.166657630777908,0.00681513732927656,0.161553478608984,0.969373426556591,0.039640627281798,0.16653456885133,0.962686567164179,0.0115773099893243,0.661601365103553,"03b_2x2_to_cor_CONT",300
0,50,0.5,0.5,"phi (r)","own",300,300,292,292,0,-0.00626365163765382,0.00837400160563607,0.14504196243625,0.00593120691742037,0.137196907040965,0.945911822595936,0.0386812109489807,0.144935434922952,0.941780821917808,0.0137030275358916,0.535576346567706,"03b_2x2_to_cor_CONT",300
0.1,50,0.5,0.5,"phi (r)","own",300,300,295,295,0,-0.00928517187180483,0.00831389643699125,0.144000910377347,0.00588863513288681,0.137064536020013,0.951831038156929,0.0389232656736366,0.144060250354595,0.949152542372881,0.0127906207267745,0.535164645919407,"03b_2x2_to_cor_CONT",300
0.25,50,0.5,0.5,"phi (r)","own",300,300,295,295,0,0.00436913081570999,0.00861601248759688,0.149233713871657,0.00610262038075323,0.13520710985674,0.906009147323237,0.037049469212826,0.149048834241754,0.925423728813559,0.0152953577716887,0.528792566375199,"03b_2x2_to_cor_CONT",300
0.5,50,0.5,0.5,"phi (r)","own",300,300,300,300,0,-0.00487443136057576,0.00743580084788128,0.128791848634941,0.00526669034739978,0.130179563472838,1.01077486543291,0.041333658019453,0.128669379502837,0.973333333333333,0.00930153312731393,0.512156386511555,"03b_2x2_to_cor_CONT",300
0.75,50,0.5,0.5,"phi (r)","own",300,300,300,300,0,0.0037385991956648,0.00681221430178657,0.117991012827417,0.00482501132582926,0.11601303086562,0.983236164226425,0.0402075167817787,0.117853510632021,0.973333333333333,0.00930153312731393,0.465920997698281,"03b_2x2_to_cor_CONT",300
0,100,0.5,0.5,"phi (r)","own",300,300,295,295,0,0.0112587541658142,0.00558059115819085,0.0966586742225619,0.00395266712851822,0.0985428089494678,1.0194926605611,0.0416901551731072,0.0971520244264355,0.96271186440678,0.0110311931430832,0.385326930301719,"03b_2x2_to_cor_CONT",300
0.1,100,0.5,0.5,"phi (r)","own",300,300,297,297,0,0.00625550060045344,0.00597495686366307,0.103489288608968,0.00423199172271414,0.0982395312857242,0.949272457142109,0.0388186375152817,0.103505864737366,0.942760942760943,0.0134793454123556,0.384212264792679,"03b_2x2_to_cor_CONT",300
0.25,100,0.5,0.5,"phi (r)","own",300,300,298,298,0,-0.0024700750708448,0.005431561059784,0.0940773971995855,0.00384711086137115,0.097327995567235,1.03455238414763,0.0423059930672627,0.0939529460908918,0.969798657718121,0.00991392844447588,0.38087976487179,"03b_2x2_to_cor_CONT",300
0.5,100,0.5,0.5,"phi (r)","own",300,300,300,300,0,-0.00385518045450176,0.00531794049980925,0.0921094313729785,0.00376663475412633,0.0930990759918684,1.01074422677611,0.0413324051116042,0.092036564869788,0.953333333333333,0.0121776966745069,0.365410675818008,"03b_2x2_to_cor_CONT",300
0.75,100,0.5,0.5,"phi (r)","own",300,300,300,300,0,0.00825501477538939,0.00475577675005115,0.0823724696054339,0.00336846077729738,0.0825788511062265,1.00250546695736,0.0409954971685017,0.0826483611776041,0.96,0.0113137084989848,0.327276535937167,"03b_2x2_to_cor_CONT",300
0,300,0.5,0.5,"phi (r)","own",300,300,300,300,0,-0.00211267853129916,0.00353060178366604,0.0611518167060288,0.00250068374811902,0.0574365112985464,0.939244562016158,0.0384085663886976,0.0610863564805557,0.936666666666667,0.0140620318852128,0.224946118097351,"03b_2x2_to_cor_CONT",300
0.1,300,0.5,0.5,"phi (r)","own",300,300,300,300,0,-0.00366901158837093,0.00329749344756472,0.0571142618880755,0.0023355758533866,0.0573458890908167,1.0040555054917,0.0410588829578464,0.0571369153351714,0.963333333333333,0.0108508405545718,0.224598578009096,"03b_2x2_to_cor_CONT",300
0.25,300,0.5,0.5,"phi (r)","own",300,300,300,300,0,-0.00330590328733771,0.00338613629313112,0.0586496010105604,0.00239836053907968,0.0567264058935475,0.967208726336151,0.0395521061069189,0.0586450234567904,0.943333333333333,0.0133486023682326,0.222221065932951,"03b_2x2_to_cor_CONT",300
0.5,300,0.5,0.5,"phi (r)","own",300,300,300,300,0,-0.00279795129844167,0.00334849165555464,0.0579975767614105,0.00237169728472263,0.0542152258730551,0.934784328939893,0.0382261738946159,0.0579683969529678,0.933333333333333,0.0144016459964619,0.212592436678167,"03b_2x2_to_cor_CONT",300
0.75,300,0.5,0.5,"phi (r)","own",300,300,300,300,0,0.000512866322444675,0.00268908776536372,0.0465763663562182,0.00190464925929093,0.0483818727533619,1.03876443223018,0.0424782365222194,0.0465015025757611,0.96,0.0113137084989848,0.190302194424753,"03b_2x2_to_cor_CONT",300
0,25,0.3,0.1,"phi (z)","own",300,279,130,130,0.07,0.0138177035081404,0.0131597303720718,0.21981083337022,0.00932205577441745,0.209184022929683,0.951654746594597,0.0403591510469468,0.219851206259333,0.992307692307692,0.00766266477783652,0.818759016654585,"03b_2x2_to_cor_CONT",300
0.1,25,0.3,0.1,"phi (z)","own",300,276,145,145,0.08,0.0271090411864198,0.0136120386455733,0.226140170072564,0.00964264925125003,0.210071199058732,0.928942429782929,0.0396102382965684,0.227352125651832,1,0,0.822432392695484,"03b_2x2_to_cor_CONT",300
0.25,25,0.3,0.1,"phi (z)","own",300,270,148,148,0.1,-0.00634485638399342,0.0136113438013181,0.223657201138201,0.00964254663536518,0.21139933963019,0.945193530788949,0.0407501866861251,0.22333278340501,0.993243243243243,0.00673389118608194,0.826541653531108,"03b_2x2_to_cor_CONT",300
0.5,25,0.3,0.1,"phi (z)","own",300,280,152,152,0.0666666666666667,-0.00691653350645326,0.0143838464800054,0.240687787552468,0.0101891265288528,0.217680203330625,0.904409008633944,0.0382866863188758,0.240357139426078,1,0,0.850284451931955,"03b_2x2_to_cor_CONT",300
0,50,0.3,0.1,"phi (z)","own",300,300,220,220,0,-0.0109538261878326,0.00840014888884767,0.145494846666274,0.00594972673080947,0.14498062820939,0.996465727352781,0.0407485138491893,0.145664594920115,0.986363636363636,0.0078190946997313,0.567944793476194,"03b_2x2_to_cor_CONT",300
0.1,50,0.3,0.1,"phi (z)","own",300,299,246,246,0.0033333333333333,0.00665331909427917,0.00859394846109535,0.148603260716032,0.00608702673358933,0.146960010313652,0.988942029976582,0.0405086439249857,0.148503669315796,0.983739837398374,0.00806371217995264,0.575443312970243,"03b_2x2_to_cor_CONT",300
0.25,50,0.3,0.1,"phi (z)","own",300,299,261,261,0.0033333333333333,0.0134964352173307,0.00900834496757138,0.155768846170779,0.00638054055027611,0.149563081176834,0.960160422661528,0.0393297033531689,0.156092718990658,0.992337164750958,0.0053976425267609,0.585003864044014,"03b_2x2_to_cor_CONT",300
0.5,50,0.3,0.1,"phi (z)","own",300,299,240,240,0.0033333333333333,0.00440367638184607,0.010027263432099,0.173387593469302,0.00710223255960155,0.158776346240665,0.915730722502795,0.0375097919237127,0.1731534115252,0.970833333333333,0.0108620079908179,0.619380991297909,"03b_2x2_to_cor_CONT",300
0,100,0.3,0.1,"phi (z)","own",300,300,276,276,0,-0.00500296308349876,0.00615417547220439,0.106593445965522,0.00435893015678313,0.10239320057269,0.960595650560066,0.0392816773280352,0.106533180214789,0.967391304347826,0.0106908752607407,0.401147433899789,"03b_2x2_to_cor_CONT",300
0.1,100,0.3,0.1,"phi (z)","own",300,300,291,291,0,0.00233791958917205,0.00645608582212028,0.111822686619374,0.00457276970926862,0.102979439120915,0.920917232756538,0.0376591061617631,0.111660637946582,0.972508591065292,0.0095851458981223,0.403430609010562,"03b_2x2_to_cor_CONT",300
0.25,100,0.3,0.1,"phi (z)","own",300,300,299,299,0,0.00687424240743249,0.0060555836393672,0.104885785328668,0.00428909872033685,0.104693291105173,0.998164725344886,0.0408179910437486,0.104936233396641,0.959866220735786,0.0113507560230557,0.409961386466624,"03b_2x2_to_cor_CONT",300
0.5,100,0.3,0.1,"phi (z)","own",300,300,289,289,0,0.00226428429163515,0.00697667755382623,0.120839599912524,0.00494149871430822,0.114758015506357,0.949672256358268,0.0388349865210221,0.120659280043775,0.948096885813149,0.0130489073273557,0.447673345304323,"03b_2x2_to_cor_CONT",300
0,300,0.3,0.1,"phi (z)","own",300,300,298,298,0,0.0042794093394518,0.00351544253475379,0.0608892508128229,0.00248994663028151,0.0582383082734885,0.956462881314083,0.039112675825793,0.0609381315157126,0.936241610738255,0.0141531955104145,0.228261153154841,"03b_2x2_to_cor_CONT",300
0.1,300,0.3,0.1,"phi (z)","own",300,300,300,300,0,0.000322230037113722,0.00345399916968126,0.0598250205118866,0.00244642701694605,0.0583137602113347,0.974738658046066,0.0398600279131009,0.0597260981580105,0.936666666666667,0.0140620318852128,0.228569675911993,"03b_2x2_to_cor_CONT",300
0.25,300,0.3,0.1,"phi (z)","own",300,300,299,299,0,0.00146424810992393,0.00350368246897194,0.0606855604984777,0.00248161711390457,0.0595019976395738,0.980496796121154,0.0400954956895207,0.0606020254174597,0.953177257525084,0.0122174245409932,0.233182019074078,"03b_2x2_to_cor_CONT",300
0.5,300,0.3,0.1,"phi (z)","own",300,300,300,300,0,-0.00281840968277096,0.00370682762329723,0.064204137784506,0.00262550243914307,0.0646132045753812,1.00637134622457,0.041153584727898,0.0641589757614858,0.946666666666667,0.0129729062394013,0.252847028999772,"03b_2x2_to_cor_CONT",300
0,25,0.5,0.1,"phi (z)","own",300,284,170,170,0.0533333333333333,0.0149580486968123,0.0124247434927733,0.209385499126812,0.00880112898762779,0.205440857427952,0.98116086493425,0.041241267260198,0.209551082589757,1,0,0.804864829253934,"03b_2x2_to_cor_CONT",300
0.1,25,0.5,0.1,"phi (z)","own",300,276,143,143,0.08,0.0160190224033943,0.0126144493561039,0.209566972077968,0.00893596571429981,0.204814011052749,0.977320085421422,0.0416730684641147,0.209799429294101,1,0,0.802463898987899,"03b_2x2_to_cor_CONT",300
0.25,25,0.5,0.1,"phi (z)","own",300,279,146,146,0.07,0.0184038265110195,0.0112746687021183,0.188324095807107,0.00798672066277893,0.205417695793584,1.09076692981436,0.0462588217364776,0.188885011945018,1,0,0.804857687904122,"03b_2x2_to_cor_CONT",300
0,50,0.5,0.1,"phi (z)","own",300,298,241,241,0.00666666666666671,-0.0145411964594548,0.0087119881579477,0.150392233256701,0.00617066807442629,0.145591822192121,0.968080724910936,0.0397208332725468,0.150842207225783,0.987551867219917,0.00714206078399008,0.570275496154061,"03b_2x2_to_cor_CONT",300
0.1,50,0.5,0.1,"phi (z)","own",300,297,237,237,0.01,-0.0101437948744391,0.0086183203604038,0.148525443654822,0.00610435813148289,0.145975205602934,0.982829621719126,0.0403940486260829,0.148621763350734,0.9957805907173,0.00421049816550378,0.571837963631379,"03b_2x2_to_cor_CONT",300
0.25,50,0.5,0.1,"phi (z)","own",300,300,227,227,0,-0.0109008734854631,0.0081144755307502,0.140546838960338,0.0057473876487952,0.14705238993878,1.0462874229443,0.0427858744899757,0.140735206225557,1,0,0.575845816738977,"03b_2x2_to_cor_CONT",300
0,100,0.5,0.1,"phi (z)","own",300,300,292,292,0,-0.00269366383344003,0.0059445631256575,0.102962853624392,0.00421046419530315,0.102396916409145,0.99450348164094,0.0406682716548321,0.102826393598972,0.986301369863014,0.00680224018029345,0.401112941955211,"03b_2x2_to_cor_CONT",300
0.1,100,0.5,0.1,"phi (z)","own",300,300,292,292,0,0.00252931078302502,0.00618949804752625,0.107205250916638,0.00438394872173649,0.103161969697122,0.962284671833284,0.03935074654422,0.107056309253851,0.972602739726027,0.00955278242537844,0.403938844884271,"03b_2x2_to_cor_CONT",300
0.25,100,0.5,0.1,"phi (z)","own",300,300,294,294,0,-0.00378886491751,0.0053748305462448,0.0930947958816918,0.00380692930538649,0.10495642114982,1.12741448279453,0.0461034066750848,0.0930167066403458,0.972789115646258,0.00948870652146214,0.410801843886164,"03b_2x2_to_cor_CONT",300
0,300,0.5,0.1,"phi (z)","own",300,300,297,297,0,-0.000891184394880502,0.00352178332287981,0.0609990764847657,0.00249443773598772,0.0581491118918682,0.953278561625284,0.0389824593101844,0.0609038470365105,0.939393939393939,0.0138453417543907,0.227927543622329,"03b_2x2_to_cor_CONT",300
0.1,300,0.5,0.1,"phi (z)","own",300,300,300,300,0,0.000440947517235847,0.00336296868747281,0.0582483263096612,0.00238195119628135,0.0583757207505639,1.00218709186982,0.040982477842992,0.0581528365103269,0.95,0.0125830573921179,0.228796537451406,"03b_2x2_to_cor_CONT",300
0.25,300,0.5,0.1,"phi (z)","own",300,300,300,300,0,0.00350036362775181,0.00323399740317235,0.0560144781384032,0.00229060235141409,0.0598212401623947,1.06796032294696,0.0436721452784921,0.0560304878386796,0.976666666666667,0.0087156734084615,0.234364369543081,"03b_2x2_to_cor_CONT",300
0,25,0.3,0.3,"phi (z)","own",300,300,273,273,0,0.00415021556836226,0.0113779357000496,0.197071627177376,0.00805885813118043,0.205923115856707,1.04491508395251,0.0427297553753111,0.196786669027168,0.985347985347985,0.00727213889427488,0.806473552906959,"03b_2x2_to_cor_CONT",300
0.1,25,0.3,0.3,"phi (z)","own",300,300,276,276,0,0.011698155612934,0.0126047371334618,0.218320451312058,0.00892778716783815,0.208087243841165,0.953127581912761,0.0389762852906093,0.21826998627306,0.960144927536232,0.0117748574043915,0.814517572635203,"03b_2x2_to_cor_CONT",300
0.25,25,0.3,0.3,"phi (z)","own",300,300,285,285,0,0.00797172200385944,0.0123757192709444,0.21435374557485,0.00876557650746983,0.211312172315469,0.985810496330616,0.0403127890500771,0.214144619746098,0.982456140350877,0.0077767247509283,0.82634903345503,"03b_2x2_to_cor_CONT",300
0.5,25,0.3,0.3,"phi (z)","own",300,300,278,278,0,0.0228393611296842,0.0147358845828841,0.255233007920262,0.0104372538588344,0.225118693304332,0.882012460452067,0.0360681717126076,0.255828806928376,0.960431654676259,0.0116918915782073,0.877357158543594,"03b_2x2_to_cor_CONT",300
0.75,25,0.3,0.3,"phi (z)","own",300,300,259,259,0,0.0297844949857067,0.0167703896398956,0.290471669190259,0.0118782698791265,0.255295939589058,0.878901341052434,0.0359409485794255,0.291512711172352,0.942084942084942,0.0145141262545635,0.988773451177351,"03b_2x2_to_cor_CONT",300
0,50,0.3,0.3,"phi (z)","own",300,300,298,298,0,0.0042694820802429,0.00865480237821421,0.14990557448535,0.00613009480437892,0.14436879857239,0.963064909814274,0.0393826528479707,0.149716412376233,0.959731543624161,0.0113880468060535,0.565630685875583,"03b_2x2_to_cor_CONT",300
0.1,50,0.3,0.3,"phi (z)","own",300,300,297,297,0,0.001186089202709,0.00753444270644203,0.130500375742744,0.00533655721647811,0.14385031672607,1.10229810379736,0.0450763215588446,0.130288092509244,0.986531986531986,0.00668850616742231,0.563747264804591,"03b_2x2_to_cor_CONT",300
0.25,50,0.3,0.3,"phi (z)","own",300,300,299,299,0,0.0108816191043892,0.00844522341130751,0.146275560296548,0.00598165248530578,0.146380597259132,1.00071807595453,0.04092240531493,0.146436427762818,0.959866220735786,0.0113507560230557,0.573364653726222,"03b_2x2_to_cor_CONT",300
0.5,50,0.3,0.3,"phi (z)","own",300,300,300,300,0,0.0116353829753673,0.00956389493459786,0.165651519449741,0.00677399437747776,0.156245411618059,0.943217497413081,0.0385710317987961,0.165784015956519,0.936666666666667,0.0140620318852128,0.610254907248352,"03b_2x2_to_cor_CONT",300
0.75,50,0.3,0.3,"phi (z)","own",300,300,293,293,0,0.0395382768483777,0.0127756673104071,0.221281048822219,0.00904885500322187,0.184117834433982,0.832054237875134,0.0340252280682084,0.224422281043514,0.914675767918089,0.0163205943625398,0.713475343683666,"03b_2x2_to_cor_CONT",300
0,100,0.3,0.3,"phi (z)","own",300,300,298,298,0,0.00581559456364475,0.0059437854557651,0.102949383986741,0.00420991338085834,0.100918797908396,0.980275879274749,0.0400864617278619,0.102942062432389,0.932885906040268,0.0144948257779992,0.395555845186256,"03b_2x2_to_cor_CONT",300
0.1,100,0.3,0.3,"phi (z)","own",300,300,298,298,0,0.00232141545714294,0.00605755739726878,0.104919971818342,0.00429049670986091,0.101135506620837,0.963929982710459,0.0394180283093871,0.104770680318805,0.942953020134228,0.0134354811677118,0.396386581124579,"03b_2x2_to_cor_CONT",300
0.25,100,0.3,0.3,"phi (z)","own",300,300,300,300,0,-0.00663015915988871,0.00643593375308638,0.111473642544931,0.00455849623561968,0.102310414961275,0.91779915525805,0.0375315984907591,0.111485024776632,0.933333333333333,0.0144016459964619,0.400917300621803,"03b_2x2_to_cor_CONT",300
0.5,100,0.3,0.3,"phi (z)","own",300,300,300,300,0,0.00930574325589203,0.00695494108469445,0.12046311322339,0.00492610302869144,0.108650350929631,0.90193875969441,0.0368830186846121,0.120621670107507,0.93,0.0147309198626562,0.425379721447983,"03b_2x2_to_cor_CONT",300
0.75,100,0.3,0.3,"phi (z)","own",300,300,299,299,0,0.00876772072401108,0.00784686608594917,0.135911707410531,0.00555784302426317,0.124014879656617,0.912466497694873,0.03731352990636,0.135967980902009,0.94314381270903,0.0133919010689227,0.484542855444376,"03b_2x2_to_cor_CONT",300
0,300,0.3,0.3,"phi (z)","own",300,300,300,300,0,0.0024593756060613,0.00319370011938932,0.055316508709211,0.00226206025892556,0.0578747015491979,1.0462464623976,0.0427841994886597,0.0552789737937972,0.956666666666667,0.0117552194868996,0.226863426002623,"03b_2x2_to_cor_CONT",300
0.1,300,0.3,0.3,"phi (z)","own",300,300,299,299,0,0.00129817588960736,0.00333365572549821,0.0577406109150579,0.00236118916983073,0.0580278309281804,1.00497431545269,0.0410964558912575,0.0576589121384398,0.946488294314381,0.0130150675531153,0.227460965163546,"03b_2x2_to_cor_CONT",300
0.25,300,0.3,0.3,"phi (z)","own",300,300,299,299,0,0.00130812231337208,0.00344100121237412,0.0595998892873808,0.00243722071655073,0.0588142806163916,0.98681862197426,0.0403540143733613,0.0595148510685462,0.963210702341137,0.0108864380108455,0.230530184284328,"03b_2x2_to_cor_CONT",300
0.5,300,0.3,0.3,"phi (z)","own",300,300,300,300,0,-0.000692242628867598,0.00400616772960919,0.0693888605132597,0.00283752151829202,0.0620132058494065,0.893705493802658,0.0365463354048917,0.0692765745639034,0.933333333333333,0.0144016459964619,0.243001640330171,"03b_2x2_to_cor_CONT",300
0.75,300,0.3,0.3,"phi (z)","own",300,300,300,300,0,0.00401966186231205,0.00432465913455016,0.0749052934645773,0.00306310523717421,0.0705070292779656,0.941282331552554,0.0384918969819092,0.0748883034516854,0.943333333333333,0.0133486023682326,0.276103774705344,"03b_2x2_to_cor_CONT",300
0,25,0.5,0.3,"phi (z)","own",300,299,288,288,0.0033333333333333,0.0044555078425187,0.0121550099840321,0.210179770781738,0.00860929886358873,0.206604883476978,0.982991287451389,0.0402648920136143,0.209875304236317,0.972222222222222,0.00968356512192217,0.809179911889914,"03b_2x2_to_cor_CONT",300
0.1,25,0.5,0.3,"phi (z)","own",300,300,279,279,0,-0.0200995355217392,0.0118833259016324,0.205825242245265,0.00841682007109775,0.20615249360932,1.00158994766864,0.0409580588006868,0.206462607362755,0.967741935483871,0.0105778360610315,0.807304510404975,"03b_2x2_to_cor_CONT",300
0.25,25,0.5,0.3,"phi (z)","own",300,300,269,269,0,0.00844720239176435,0.0123000702823924,0.213043466657718,0.00871199521798293,0.20938136922863,0.982810562151755,0.0401901126186872,0.212855777898637,0.973977695167286,0.0097066919169156,0.819597164757237,"03b_2x2_to_cor_CONT",300
0.5,25,0.5,0.3,"phi (z)","own",300,300,260,260,0,0.0131977821772197,0.0119141484490316,0.206359104426406,0.00843865131916246,0.219387114744896,1.0631327139876,0.0434747296673585,0.206437192629624,0.969230769230769,0.0107098957128982,0.857443932875515,"03b_2x2_to_cor_CONT",300
0,50,0.5,0.3,"phi (z)","own",300,300,297,297,0,-0.00794137356408425,0.0081596547997311,0.141329366853575,0.00577938759402128,0.143658848377346,1.0164826431734,0.0415670664086452,0.141316932399716,0.95959595959596,0.0114255832500108,0.562945399133293,"03b_2x2_to_cor_CONT",300
0.1,50,0.5,0.3,"phi (z)","own",300,300,295,295,0,0.01000618031861,0.00868973920921275,0.150510698148799,0.00615484015116173,0.144428410825846,0.959589003321612,0.0392405124612351,0.150592437838967,0.952542372881356,0.0123789598351276,0.565858059824441,"03b_2x2_to_cor_CONT",300
0.25,50,0.5,0.3,"phi (z)","own",300,300,297,297,0,0.0126520827587322,0.00854575051880246,0.14801674087374,0.00605285465404683,0.146968155872948,0.99291576753682,0.0406033451968674,0.148310488250454,0.95959595959596,0.0114255832500108,0.57544366012614,"03b_2x2_to_cor_CONT",300
0.5,50,0.5,0.3,"phi (z)","own",300,300,296,296,0,-0.00364495723937647,0.0086578196773674,0.149957835639699,0.00613223192190673,0.155900873812773,1.0396313947032,0.0425136892541785,0.149752062895488,0.969594594594595,0.00997986431005396,0.608948583556405,"03b_2x2_to_cor_CONT",300
0,100,0.5,0.3,"phi (z)","own",300,300,298,298,0,0.0014265122167211,0.00596280324057962,0.103278781682203,0.00422338345432597,0.100729098797128,0.975312616555445,0.0398834988219604,0.103116374356252,0.946308724832215,0.0130575034535089,0.394831346134252,"03b_2x2_to_cor_CONT",300
0.1,100,0.5,0.3,"phi (z)","own",300,300,298,298,0,0.0127367355205477,0.00582536269911326,0.100898241673807,0.00412603593414748,0.101038865148447,1.00139371581018,0.0409500342832521,0.101531988821308,0.959731543624161,0.0113880468060535,0.396031558370385,"03b_2x2_to_cor_CONT",300
0.25,100,0.5,0.3,"phi (z)","own",300,300,300,300,0,0.00849901701827224,0.00559259324044845,0.0968665563852298,0.00396116806232051,0.102501131062606,1.05816842146187,0.0432717246495406,0.0970777314169252,0.973333333333333,0.00930153312731393,0.401650246093173,"03b_2x2_to_cor_CONT",300
0.5,100,0.5,0.3,"phi (z)","own",300,300,300,300,0,-0.0041955164120846,0.00574638299924825,0.0995302731444799,0.0040700955409835,0.108671486532447,1.09184354768823,0.0446488029671797,0.0994527863491255,0.97,0.00984885780179611,0.425363616164864,"03b_2x2_to_cor_CONT",300
0,300,0.5,0.3,"phi (z)","own",300,300,299,299,0,-0.000162017047955074,0.00334577117817116,0.0579504567109203,0.00236977040256576,0.0578612153634137,0.998460040652453,0.0408300673847305,0.0578540188556629,0.94314381270903,0.0133919010689227,0.226810880728129,"03b_2x2_to_cor_CONT",300
0.1,300,0.5,0.3,"phi (z)","own",300,300,299,299,0,0.00271143119807705,0.00331049496367651,0.0573394547528861,0.00234478467444144,0.0580047411784053,1.01160259420649,0.0413675063661325,0.0573079885670021,0.946488294314381,0.0130150675531153,0.227370427408737,"03b_2x2_to_cor_CONT",300
0.25,300,0.5,0.3,"phi (z)","own",300,300,300,300,0,-0.00169416634457944,0.00307430240875244,0.0532484796979061,0.00217749226376576,0.0587133177947631,1.10262899763262,0.0450898528140182,0.0531866473322108,0.98,0.00808290376865476,0.230138361143411,"03b_2x2_to_cor_CONT",300
0.5,300,0.5,0.3,"phi (z)","own",300,300,300,300,0,0.00637248631868695,0.00375098317099132,0.0649689343049278,0.00265677729461352,0.0623918286507003,0.960333262630844,0.0392709474876862,0.0651728557902047,0.933333333333333,0.0144016459964619,0.244455345995848,"03b_2x2_to_cor_CONT",300
0,25,0.3,0.5,"phi (z)","own",300,300,282,282,0,-0.00983960703854726,0.0124401719354493,0.215470098470906,0.00881122757222481,0.206975643987591,0.960577107711946,0.0392809190545867,0.215335606261369,0.982269503546099,0.00785870930097946,0.810498579914104,"03b_2x2_to_cor_CONT",300
0.1,25,0.3,0.5,"phi (z)","own",300,300,288,288,0,0.0146140067941473,0.0120115095320806,0.208045447851615,0.00850761102999882,0.206780940897863,0.993921967691149,0.0406444917810381,0.208211914176685,0.961805555555556,0.0112939925123112,0.809463523973096,"03b_2x2_to_cor_CONT",300
0.25,25,0.3,0.5,"phi (z)","own",300,300,280,280,0,-0.0224077886949369,0.0127381775523938,0.220631707165795,0.00902230144823913,0.208945339653734,0.947032239100252,0.0387270281870348,0.221400537564238,0.964285714285714,0.0110903393465735,0.817883939553193,"03b_2x2_to_cor_CONT",300
0.5,25,0.3,0.5,"phi (z)","own",300,300,263,263,0,0.00339015631123455,0.0129444668568704,0.22420474272991,0.00916841373807652,0.220931351217976,0.985399989883905,0.0402960021931187,0.223856428543366,0.965779467680608,0.0112099710312541,0.862433068493832,"03b_2x2_to_cor_CONT",300
0,50,0.3,0.5,"phi (z)","own",300,300,296,296,0,-0.0113727430151091,0.00873559987071544,0.151305028106713,0.00618732271870258,0.143778934081102,0.950258797610461,0.0388589719764994,0.151480164077544,0.949324324324324,0.0127485626601708,0.563455080973741,"03b_2x2_to_cor_CONT",300
0.1,50,0.3,0.5,"phi (z)","own",300,300,299,299,0,0.00665888014469195,0.00823117203104668,0.142568081636128,0.00583004240841829,0.144182539150969,1.01132411614377,0.0413561185512943,0.142485951564294,0.956521739130435,0.0117936411784159,0.564919976796446,"03b_2x2_to_cor_CONT",300
0.25,50,0.3,0.5,"phi (z)","own",300,300,293,293,0,-0.00334001811961398,0.00889115458411533,0.153999314776367,0.00629750029396526,0.146172389788494,0.949175585623619,0.0388146761443038,0.153778711279524,0.955631399317406,0.0120295466674395,0.572409425188175,"03b_2x2_to_cor_CONT",300
0.5,50,0.3,0.5,"phi (z)","own",300,300,297,297,0,-0.00468367046083772,0.00854493242647834,0.148002571099033,0.00605227520886871,0.155143284842061,1.0482472276664,0.0428660168648392,0.147829908850465,0.956228956228956,0.0118712423788313,0.606418303425817,"03b_2x2_to_cor_CONT",300
0,100,0.3,0.5,"phi (z)","own",300,300,296,296,0,0.00089132826160934,0.00566232406961604,0.0980743297749516,0.00401055758907172,0.100657299996457,1.02633686335081,0.0419700354384368,0.0979147931265064,0.959459459459459,0.011463367788664,0.394553431900048,"03b_2x2_to_cor_CONT",300
0.1,100,0.3,0.5,"phi (z)","own",300,300,295,295,0,0.00301871855842123,0.00574977365571272,0.0995890010371548,0.00407249710310682,0.100993679438448,1.01410475440726,0.0414698273058248,0.0994686980523091,0.955932203389831,0.0119498707052213,0.3958334344645,"03b_2x2_to_cor_CONT",300
0.25,100,0.3,0.5,"phi (z)","own",300,300,300,300,0,0.00348213331540356,0.00607570801491471,0.105234349737857,0.00430335257901485,0.102483739855961,0.973862052754183,0.0398241808569543,0.105116503886371,0.953333333333333,0.0121776966745069,0.401603457616543,"03b_2x2_to_cor_CONT",300
0.5,100,0.3,0.5,"phi (z)","own",300,300,300,300,0,0.00671571980089297,0.00601386413091648,0.104163182245634,0.00425954928283164,0.109258703001783,1.04891863560901,0.0428934727773679,0.104206059642403,0.98,0.00808290376865476,0.427532657936933,"03b_2x2_to_cor_CONT",300
0,300,0.3,0.5,"phi (z)","own",300,300,298,298,0,-0.00288875470126842,0.0034965539771115,0.0605620913976415,0.00247656808690117,0.0578716813139661,0.95557600436863,0.0390764087304958,0.0605300415369553,0.936241610738255,0.0141531955104145,0.226851408335474,"03b_2x2_to_cor_CONT",300
0.1,300,0.3,0.5,"phi (z)","own",300,300,299,299,0,-0.000391945987766519,0.0031963485089023,0.055362380161158,0.00226393608209101,0.0579832803009337,1.04734081396331,0.042828950852111,0.0552714222268212,0.966555183946488,0.0103978162636377,0.227287148325225,"03b_2x2_to_cor_CONT",300
0.25,300,0.3,0.5,"phi (z)","own",300,300,300,300,0,-0.000365029691488194,0.00363743669874835,0.0630022517154775,0.00257635366283837,0.0587798220566693,0.932979702410051,0.0381523772279315,0.0628982195468095,0.94,0.0137113092008021,0.230392003730392,"03b_2x2_to_cor_CONT",300
0.5,300,0.3,0.5,"phi (z)","own",300,300,300,300,0,0.00189213457059615,0.00367372771672593,0.0636308305854331,0.00260205816434265,0.0622434519798008,0.978196440422547,0.0400014271496104,0.0635528638134325,0.95,0.0125830573921179,0.243879674512899,"03b_2x2_to_cor_CONT",300
0,25,0.5,0.5,"phi (z)","own",300,300,297,297,0,5.57757138636993e-07,0.0119524675673154,0.207022811024094,0.00846579230027729,0.205303588218778,0.991695490961544,0.0405534443768366,0.206677484994571,0.95959595959596,0.0114255832500108,0.804006567307127,"03b_2x2_to_cor_CONT",300
0.1,25,0.5,0.5,"phi (z)","own",300,300,295,295,0,-0.00119109661581857,0.0120924322081434,0.209447069715867,0.00856492761036785,0.205949904757347,0.983302869964885,0.0402102445822768,0.209101092314227,0.959322033898305,0.0115014028879788,0.806535807352329,"03b_2x2_to_cor_CONT",300
0.25,25,0.5,0.5,"phi (z)","own",300,300,297,297,0,0.020231407085076,0.0121544061672776,0.210520490175533,0.00860882303724109,0.209196154992755,0.993709233805824,0.0406357924455422,0.211140846420368,0.956228956228956,0.0118712423788313,0.818469522753273,"03b_2x2_to_cor_CONT",300
0.5,25,0.5,0.5,"phi (z)","own",300,300,293,293,0,0.0171893740816511,0.0132511648130415,0.229516907156569,0.00938564429580371,0.221852675916198,0.966607116942621,0.03952750446932,0.2297779186152,0.972696245733788,0.00952063669630398,0.865307376665862,"03b_2x2_to_cor_CONT",300
0.75,25,0.5,0.5,"phi (z)","own",300,300,268,268,0,0.045642125929359,0.0150723562125118,0.261060867498468,0.0106755727595401,0.252338566130785,0.966589012549981,0.0395267641256494,0.264591769102153,0.962686567164179,0.0115773099893243,0.979681075037664,"03b_2x2_to_cor_CONT",300
0,50,0.5,0.5,"phi (z)","own",300,300,292,292,0,-0.0061489374414404,0.0085701428631994,0.148439228671852,0.00607013146489934,0.143150783503286,0.964372994821628,0.0394361444218151,0.148319137981777,0.941780821917808,0.0137030275358916,0.561050942804187,"03b_2x2_to_cor_CONT",300
0.1,50,0.5,0.5,"phi (z)","own",300,300,295,295,0,-0.00806121483085982,0.0085479119958917,0.148054178755119,0.00605438560286524,0.143444761694787,0.968866687187831,0.0396199051680122,0.148026876721467,0.949152542372881,0.0127906207267745,0.562123298810143,"03b_2x2_to_cor_CONT",300
0.25,50,0.5,0.5,"phi (z)","own",300,300,295,295,0,0.00858245984641297,0.00908591531173641,0.157372669531955,0.00643544702831154,0.14568483591415,0.925731490400675,0.0378559757970157,0.157344405288454,0.925423728813559,0.0152953577716887,0.570717714511873,"03b_2x2_to_cor_CONT",300
0.5,50,0.5,0.5,"phi (z)","own",300,300,300,300,0,0.00172858606293791,0.00854950101685038,0.148081701405466,0.00605551108773447,0.153264198556654,1.03499755271583,0.0423241973637762,0.147844798127217,0.973333333333333,0.00930153312731393,0.599376351178459,"03b_2x2_to_cor_CONT",300
0.75,50,0.5,0.5,"phi (z)","own",300,300,300,300,0,0.0215851492444337,0.0100794473300048,0.174581148877828,0.00713915407984423,0.177657230023208,1.01761977833891,0.0416135673235972,0.175621470649031,0.973333333333333,0.00930153312731393,0.690863802123639,"03b_2x2_to_cor_CONT",300
0,100,0.5,0.5,"phi (z)","own",300,300,295,295,0,0.0113203275147691,0.00563286002351607,0.0975639975265345,0.00398968855151079,0.100507383910103,1.03016877596439,0.0421267339980734,0.0980568932628132,0.96271186440678,0.0110311931430832,0.393972049486562,"03b_2x2_to_cor_CONT",300
0.1,100,0.5,0.5,"phi (z)","own",300,300,297,297,0,0.00705165327309674,0.00607588529426673,0.105237420306306,0.00430347814389632,0.100845667378428,0.958268143450358,0.0391864984843573,0.105298262400198,0.942760942760943,0.0134793454123556,0.3952813294285,"03b_2x2_to_cor_CONT",300
0.25,100,0.5,0.5,"phi (z)","own",300,300,298,298,0,-0.00104968605284575,0.00561728083024697,0.0972941579837045,0.00397865399202094,0.101866437603973,1.04699439015686,0.0428147845291882,0.0971375374128957,0.969798657718121,0.00991392844447588,0.399249271425124,"03b_2x2_to_cor_CONT",300
0.5,100,0.5,0.5,"phi (z)","own",300,300,300,300,0,-0.000624305617998767,0.00609707430460439,0.105604424730975,0.00431848607088351,0.106948823608347,1.0127305165555,0.0414136305410017,0.105430118871169,0.953333333333333,0.0121776966745069,0.418899803573467,"03b_2x2_to_cor_CONT",300
0.75,100,0.5,0.5,"phi (z)","own",300,300,300,300,0,0.0197542218965952,0.00703456498616989,0.121842239651913,0.00498249970228478,0.122186177642718,1.00282281408965,0.0410084744577956,0.123232607460808,0.96,0.0113137084989848,0.477621440258838,"03b_2x2_to_cor_CONT",300
0,300,0.5,0.5,"phi (z)","own",300,300,300,300,0,-0.00212121901285824,0.0035439243225405,0.0613825698481926,0.00251011994582367,0.0578450684853688,0.942369611250025,0.0385363591551622,0.0613168822728689,0.936666666666667,0.0140620318852128,0.226747662436563,"03b_2x2_to_cor_CONT",300
0.1,300,0.5,0.5,"phi (z)","own",300,300,300,300,0,-0.0034913716646176,0.00331922667455573,0.0574906924216841,0.00235096924263317,0.0579375786267949,1.00777319225576,0.0412109104751349,0.057500888041039,0.963333333333333,0.0108508405545718,0.227109250051538,"03b_2x2_to_cor_CONT",300
0.25,300,0.5,0.5,"phi (z)","own",300,300,300,300,0,-0.00280378162183823,0.00349221418232555,0.0604869239470046,0.00247349426126,0.0585880823316832,0.968607403197012,0.0396093022571435,0.0604510843580034,0.943333333333333,0.0133486023682326,0.229648656084448,"03b_2x2_to_cor_CONT",300
0.5,300,0.5,0.5,"phi (z)","own",300,300,300,300,0,-0.00174912015015289,0.00376808672293655,0.0652651765145182,0.00266889153943786,0.0613826349639859,0.940511283997392,0.0384603665026187,0.0651797837463374,0.933333333333333,0.0144016459964619,0.24055761060558,"03b_2x2_to_cor_CONT",300
0.75,300,0.5,0.5,"phi (z)","own",300,300,300,300,0,0.00305577213436231,0.00380514852039162,0.0659071056766382,0.00269514197498704,0.0690572548020228,1.04779680571683,0.0428475977415855,0.0658680891384171,0.96,0.0113137084989848,0.270515824461615,"03b_2x2_to_cor_CONT",300
0,25,0.3,0.1,"tetrachoric (r)","own",300,300,300,300,0,0.0787267331674488,0.0192774240851317,0.333894779545,0.0136539729114482,0.413386962754072,1.23807554978067,0.0506286742250589,0.3425083987923,0.99,0.00574456264653803,1.33909634501372,"03b_2x2_to_cor_CONT",300
0.1,25,0.3,0.1,"tetrachoric (r)","own",300,300,300,300,0,0.0659309920644431,0.0189325597126416,0.327921553396268,0.0134097095296132,0.410920074299433,1.25310480523025,0.0512432661844404,0.333947599301373,0.996666666666667,0.00332777314041597,1.33628561764031,"03b_2x2_to_cor_CONT",300
0.25,25,0.3,0.1,"tetrachoric (r)","own",300,300,300,300,0,-0.0222590824337524,0.0180964889763561,0.313440383456589,0.0128175304534626,0.409718507519675,1.30716566576821,0.0534539791712104,0.313708236772538,0.993333333333333,0.00469830544708134,1.3324045613403,"03b_2x2_to_cor_CONT",300
0.5,25,0.3,0.1,"tetrachoric (r)","own",300,300,300,300,0,-0.0921018970173093,0.0165479164876827,0.286618321160732,0.0117206947601467,0.374256707456247,1.30576686773058,0.0533967780656993,0.300597717754311,0.996666666666667,0.00332777314041597,1.24972333096323,"03b_2x2_to_cor_CONT",300
0,50,0.3,0.1,"tetrachoric (r)","own",300,300,300,300,0,-0.0171718434426858,0.0165619195355627,0.286860861064622,0.0117306129543819,0.318960690265531,1.1119003445844,0.0454689863850934,0.286896721206873,0.973333333333333,0.00930153312731393,1.1052633409793,"03b_2x2_to_cor_CONT",300
0.1,50,0.3,0.1,"tetrachoric (r)","own",300,300,300,300,0,0.0054273086099509,0.01644168900123,0.284778407123768,0.0116454550799865,0.311410734300744,1.09351947518058,0.0447173367388466,0.284355178791393,0.983333333333333,0.00739118594202783,1.08281457539398,"03b_2x2_to_cor_CONT",300
0.25,50,0.3,0.1,"tetrachoric (r)","own",300,300,300,300,0,0.0024931086439553,0.0161493125864083,0.279714299069706,0.0114383683016756,0.292190724584335,1.04460417488889,0.0427170413582234,0.279258848378622,0.986666666666667,0.0066220730781117,1.03312194987622,"03b_2x2_to_cor_CONT",300
0.5,50,0.3,0.1,"tetrachoric (r)","own",300,300,300,300,0,-0.0271961237393815,0.0141534960751169,0.245145743068291,0.0100247549236096,0.265956063383731,1.08488958468123,0.0443644342727841,0.246243259887056,0.983333333333333,0.00739118594202783,0.953871917084476,"03b_2x2_to_cor_CONT",300
0,100,0.3,0.1,"tetrachoric (r)","own",300,300,300,300,0,-0.0263175749219951,0.0140795397136862,0.243864781312883,0.00997237250201931,0.227603018481149,0.933316476679466,0.0381661489519403,0.244876321591137,0.953333333333333,0.0121776966745069,0.835477384004305,"03b_2x2_to_cor_CONT",300
0.1,100,0.3,0.1,"tetrachoric (r)","own",300,300,300,300,0,-0.0119745595556411,0.0140770148431096,0.24382104927167,0.00997058416586473,0.222542577033249,0.912729141712811,0.0373242702189554,0.243708702753096,0.956666666666667,0.0117552194868996,0.817426813453217,"03b_2x2_to_cor_CONT",300
0.25,100,0.3,0.1,"tetrachoric (r)","own",300,300,300,300,0,8.89688757790559e-05,0.0119355832265369,0.206730365663287,0.00845383332014596,0.211406719174324,1.02262054486303,0.0418180638741267,0.206385546625193,0.963333333333333,0.0108508405545718,0.780034259001487,"03b_2x2_to_cor_CONT",300
0.5,100,0.3,0.1,"tetrachoric (r)","own",300,300,300,300,0,-0.00591415539442209,0.0111912655232069,0.193838404871882,0.00792664183886205,0.182331381372465,0.940635997768228,0.0384654664279635,0.193605423512086,0.963333333333333,0.0108508405545718,0.687855581460528,"03b_2x2_to_cor_CONT",300
0,300,0.3,0.1,"tetrachoric (r)","own",300,300,300,300,0,0.00283369024848915,0.0079630611698896,0.137924265300277,0.00564014263657443,0.129815592844989,0.941209239450112,0.0384889080235668,0.137723354649275,0.933333333333333,0.0144016459964619,0.497480619530571,"03b_2x2_to_cor_CONT",300
0.1,300,0.3,0.1,"tetrachoric (r)","own",300,300,300,300,0,-0.00467722879760931,0.0073401489138508,0.127135108539111,0.00519894120672558,0.127536134983646,1.00315433281289,0.0410220312665388,0.127009190637525,0.963333333333333,0.0108508405545718,0.489009179511159,"03b_2x2_to_cor_CONT",300
0.25,300,0.3,0.1,"tetrachoric (r)","own",300,300,300,300,0,-0.00097915682867151,0.00675358718073894,0.116975561303857,0.00478348642503726,0.121165097306755,1.03581548108168,0.0423576449419807,0.116784544142792,0.963333333333333,0.0108508405545718,0.465643399468541,"03b_2x2_to_cor_CONT",300
0.5,300,0.3,0.1,"tetrachoric (r)","own",300,300,300,300,0,-0.00757338369492839,0.00575459599713166,0.0996725264406452,0.00407591271085675,0.103703055329559,1.04043771170298,0.0425466620083139,0.0997940543948461,0.956666666666667,0.0117552194868996,0.401468164128637,"03b_2x2_to_cor_CONT",300
0,25,0.5,0.1,"tetrachoric (r)","own",300,300,300,300,0,0.0237347812977004,0.0196456412685251,0.340272488243574,0.01391477681478,0.398426296282775,1.17090364354574,0.0478818107089778,0.340533045206881,0.996666666666667,0.00332777314041597,1.30564869892889,"03b_2x2_to_cor_CONT",300
0.1,25,0.5,0.1,"tetrachoric (r)","own",300,300,300,300,0,-0.00202921249678103,0.0190583837187769,0.330100889110651,0.0134988291943461,0.404288165628927,1.2247412199287,0.0500833929276416,0.329556509122529,0.993333333333333,0.00469830544708134,1.316173528571,"03b_2x2_to_cor_CONT",300
0.25,25,0.5,0.1,"tetrachoric (r)","own",300,300,300,300,0,-0.0400131622757122,0.0171942457514356,0.297813072393117,0.0121784821813387,0.39678715736337,1.33233626776331,0.0544832816307286,0.299996728576446,0.996666666666667,0.00332777314041597,1.29894490255689,"03b_2x2_to_cor_CONT",300
0,50,0.5,0.1,"tetrachoric (r)","own",300,300,300,300,0,-0.0283912152814013,0.017644198894219,0.305606489436379,0.0124971787040616,0.301296219448538,0.985896012889679,0.0403162860822335,0.30641486539684,0.97,0.00984885780179611,1.05792350715827,"03b_2x2_to_cor_CONT",300
0.1,50,0.5,0.1,"tetrachoric (r)","own",300,300,300,300,0,-0.0288207490969883,0.0175756217593466,0.304418698618014,0.0124486063254202,0.301703740171999,0.991081499072363,0.0405283363813353,0.305274429270729,0.973333333333333,0.00930153312731393,1.05827154305206,"03b_2x2_to_cor_CONT",300
0.25,50,0.5,0.1,"tetrachoric (r)","own",300,300,300,300,0,-0.0374390928124112,0.0163042240027348,0.282397443507207,0.011548090237182,0.297711700937189,1.05422944782994,0.0431106480392906,0.284401431166742,0.99,0.00574456264653803,1.0485646362722,"03b_2x2_to_cor_CONT",300
0,100,0.5,0.1,"tetrachoric (r)","own",300,300,300,300,0,-0.00684921943064408,0.0133463858702745,0.231166184247348,0.00945308825150633,0.21480564351344,0.929226063980008,0.037998879537692,0.230882200549305,0.946666666666667,0.0129729062394013,0.793703577781409,"03b_2x2_to_cor_CONT",300
0.1,100,0.5,0.1,"tetrachoric (r)","own",300,300,300,300,0,0.00735761798992613,0.0137027596044723,0.237338758388484,0.00970550357896918,0.214754620115399,0.904844289123148,0.0370018346186842,0.237057071514636,0.96,0.0113137084989848,0.793521822487164,"03b_2x2_to_cor_CONT",300
0.25,100,0.5,0.1,"tetrachoric (r)","own",300,300,300,300,0,-0.00373610247729779,0.0116745574318033,0.202209266277641,0.0082689518175789,0.211760363729294,1.04723372784776,0.0428245717751964,0.201906539119055,0.97,0.00984885780179611,0.783858283060207,"03b_2x2_to_cor_CONT",300
0,300,0.5,0.1,"tetrachoric (r)","own",300,300,300,300,0,-0.00185275338200662,0.00766313743406461,0.132729433811829,0.00542771017950081,0.124050783456644,0.934613972907558,0.0382192075184001,0.132520985582548,0.94,0.0137113092008021,0.476395096928285,"03b_2x2_to_cor_CONT",300
0.1,300,0.5,0.1,"tetrachoric (r)","own",300,300,300,300,0,0.002105798286773,0.00732756295977141,0.126917113419839,0.00519002672337418,0.122543916540389,0.965542890461251,0.0394839850121783,0.126722905925959,0.94,0.0137113092008021,0.470955496351561,"03b_2x2_to_cor_CONT",300
0.25,300,0.5,0.1,"tetrachoric (r)","own",300,300,300,300,0,0.00808074509086703,0.00688948646634219,0.119329405977628,0.00487974229180232,0.1194702413743,1.00118022373042,0.04094130394288,0.119404106078591,0.963333333333333,0.0108508405545718,0.459606611224187,"03b_2x2_to_cor_CONT",300
0,25,0.3,0.3,"tetrachoric (r)","own",300,300,300,300,0,0.00624539897363716,0.0181136457446059,0.313737547399612,0.01282968239077,0.341256595513329,1.0877135948241,0.0444799166353564,0.313276474530888,0.98,0.00808290376865476,1.17090021940003,"03b_2x2_to_cor_CONT",300
0.1,25,0.3,0.3,"tetrachoric (r)","own",300,300,300,300,0,0.00381085363125506,0.0193877734321721,0.335806086301561,0.0137321320570183,0.331133400535275,0.986085166538376,0.040324021150146,0.335267601244011,0.973333333333333,0.00930153312731393,1.14586771100201,"03b_2x2_to_cor_CONT",300
0.25,25,0.3,0.3,"tetrachoric (r)","own",300,300,300,300,0,-0.0100156829176566,0.0181718425543094,0.314745545712061,0.0128709025070944,0.319579163417571,1.01535722354569,0.0415210445776607,0.314380114810195,0.976666666666667,0.0087156734084615,1.11846796896014,"03b_2x2_to_cor_CONT",300
0.5,25,0.3,0.3,"tetrachoric (r)","own",300,300,300,300,0,-0.0187062383711451,0.0172734033929387,0.299184122962024,0.0122345486084736,0.277299586819562,0.926852615286541,0.0379018220029457,0.299270266350966,0.956666666666667,0.0117552194868996,1.00939662616202,"03b_2x2_to_cor_CONT",300
0.75,25,0.3,0.3,"tetrachoric (r)","own",300,300,300,300,0,-0.0343974465551094,0.0122851313177672,0.212784716200284,0.00870141412491691,0.211422995641854,0.993600477596572,0.0406313450734177,0.215196643390301,0.966666666666667,0.010363754503432,0.832823297434348,"03b_2x2_to_cor_CONT",300
0,50,0.3,0.3,"tetrachoric (r)","own",300,300,300,300,0,-0.00148826732517805,0.0146312060368263,0.253419922317916,0.0103631112749512,0.242103603790047,0.955345584418289,0.0390669861580181,0.253001580582331,0.95,0.0125830573921179,0.88402661737789,"03b_2x2_to_cor_CONT",300
0.1,50,0.3,0.3,"tetrachoric (r)","own",300,300,300,300,0,-0.00600844298925589,0.0127879322829201,0.221493484377678,0.00905754213910228,0.240589205181445,1.0862134651835,0.0444185717724495,0.221205636901159,0.983333333333333,0.00739118594202783,0.879356158397063,"03b_2x2_to_cor_CONT",300
0.25,50,0.3,0.3,"tetrachoric (r)","own",300,300,300,300,0,0.00443833841516023,0.0128213510606288,0.222072314586862,0.00908121226658165,0.231727827317267,1.04347913763301,0.0426710351635861,0.221746307096272,0.97,0.00984885780179611,0.850310039457489,"03b_2x2_to_cor_CONT",300
0.5,50,0.3,0.3,"tetrachoric (r)","own",300,300,300,300,0,-0.00527419358702502,0.0116746329132281,0.202210573654269,0.00826900528018497,0.196574645463136,0.972128419947174,0.0397532873394889,0.201942160436902,0.96,0.0113137084989848,0.740712124773059,"03b_2x2_to_cor_CONT",300
0.75,50,0.3,0.3,"tetrachoric (r)","own",300,300,300,300,0,-0.00125871920739179,0.00877098708527801,0.15191795264232,0.00621238706687042,0.13791821803974,0.907846739907424,0.0371246139617225,0.151669767899298,0.94,0.0137113092008021,0.54337742115872,"03b_2x2_to_cor_CONT",300
0,100,0.3,0.3,"tetrachoric (r)","own",300,300,300,300,0,0.00546563790547308,0.0102165204697867,0.176955325302381,0.00723624137372771,0.171216006780658,0.967566285377876,0.0395667277834741,0.176744683258297,0.93,0.0147309198626562,0.647057136271466,"03b_2x2_to_cor_CONT",300
0.1,100,0.3,0.3,"tetrachoric (r)","own",300,300,300,300,0,-0.00215190196132581,0.0101172980500832,0.175236742580616,0.00716596330001525,0.170175007735773,0.971114877106816,0.0397118404905573,0.174957671773723,0.946666666666667,0.0129729062394013,0.643137529495283,"03b_2x2_to_cor_CONT",300
0.25,100,0.3,0.3,"tetrachoric (r)","own",300,300,300,300,0,-0.0184882900080464,0.00986645066927403,0.170891938495546,0.00698829104840373,0.163446636617078,0.956432691067741,0.0391114412548114,0.171605724442333,0.94,0.0137113092008021,0.619271851394416,"03b_2x2_to_cor_CONT",300
0.5,100,0.3,0.3,"tetrachoric (r)","own",300,300,300,300,0,0.00069592285163939,0.00841259295810251,0.145710384268297,0.00595854071880721,0.138786865562018,0.95248438372429,0.0389499829607135,0.145468995569336,0.953333333333333,0.0121776966745069,0.532492505177048,"03b_2x2_to_cor_CONT",300
0.75,100,0.3,0.3,"tetrachoric (r)","own",300,300,300,300,0,-0.00502844568162419,0.00585428660860155,0.10139921848168,0.00414652239929461,0.0967971434642853,0.954614294998477,0.0390370815097868,0.101354891855168,0.953333333333333,0.0121776966745069,0.381966935013253,"03b_2x2_to_cor_CONT",300
0,300,0.3,0.3,"tetrachoric (r)","own",300,300,300,300,0,0.0029022460484576,0.00552255759279705,0.0956535033844977,0.00391156263621975,0.10001813806001,1.0456296374004,0.0427589756387561,0.0955380400651392,0.956666666666667,0.0117552194868996,0.387044388708104,"03b_2x2_to_cor_CONT",300
0.1,300,0.3,0.3,"tetrachoric (r)","own",300,300,300,300,0,0.000702953818400702,0.00560305849348523,0.0970478198849675,0.00396858047804808,0.0989122489318221,1.01921144698629,0.0416786554948613,0.0968884886042427,0.943333333333333,0.0133486023682326,0.38288288233131,"03b_2x2_to_cor_CONT",300
0.25,300,0.3,0.3,"tetrachoric (r)","own",300,300,300,300,0,0.000213269076463547,0.00531062193341415,0.0919826700846298,0.00376145109956399,0.0947302463557516,1.02987058615056,0.0421145401097892,0.0918294853207681,0.973333333333333,0.00930153312731393,0.367091931159871,"03b_2x2_to_cor_CONT",300
0.5,300,0.3,0.3,"tetrachoric (r)","own",300,300,300,300,0,-0.00421656402294505,0.00498417731268401,0.0863284833950082,0.00353023421141267,0.080605529048683,0.933707229395668,0.0381821280187869,0.0862875682468658,0.94,0.0137113092008021,0.313685727931469,"03b_2x2_to_cor_CONT",300
0.75,300,0.3,0.3,"tetrachoric (r)","own",300,300,300,300,0,-0.000473278888984619,0.00321292599857928,0.0556495107049829,0.00227567772319357,0.0547259760176489,0.983404441914503,0.0402143981681776,0.0555586999590381,0.956666666666667,0.0117552194868996,0.215346418325978,"03b_2x2_to_cor_CONT",300
0,25,0.5,0.3,"tetrachoric (r)","own",300,300,300,300,0,0.00960529169343496,0.0190784271667007,0.33044805181228,0.0135130257329394,0.321165563260837,0.971909386360324,0.0397443303900403,0.330036649770737,0.966666666666667,0.010363754503432,1.1201346635664,"03b_2x2_to_cor_CONT",300
0.1,25,0.5,0.3,"tetrachoric (r)","own",300,300,300,300,0,-0.034392643114827,0.0182392115739521,0.315912411360834,0.0129186191919175,0.321186556755708,1.01669496102466,0.0415757487312427,0.317255160262841,0.96,0.0113137084989848,1.11933779965067,"03b_2x2_to_cor_CONT",300
0.25,25,0.5,0.3,"tetrachoric (r)","own",300,300,300,300,0,-0.00162431493765294,0.0184244258043594,0.319120415934335,0.0130498042544875,0.307354094673509,0.963128898455537,0.0393852695381017,0.318592245352739,0.97,0.00984885780179611,1.08872283040675,"03b_2x2_to_cor_CONT",300
0.5,25,0.5,0.3,"tetrachoric (r)","own",300,300,300,300,0,-0.015676138147396,0.0149705144725632,0.259296916819246,0.0106034394520831,0.271146273539479,1.04569802397031,0.0427617721735636,0.25933861277413,0.973333333333333,0.00930153312731393,0.996331758376606,"03b_2x2_to_cor_CONT",300
0,50,0.5,0.3,"tetrachoric (r)","own",300,300,300,300,0,-0.0132822984928399,0.013347403703413,0.231183813634442,0.0094538091707557,0.230167416543634,0.995603511012169,0.0407132552010171,0.231180063920304,0.956666666666667,0.0117552194868996,0.846706990621553,"03b_2x2_to_cor_CONT",300
0.1,50,0.5,0.3,"tetrachoric (r)","own",300,300,300,300,0,0.013501459321118,0.0138661992401862,0.240169615918754,0.00982126595203517,0.226714813538933,0.943977916072561,0.0386021276302195,0.240148833711499,0.936666666666667,0.0140620318852128,0.835663890565586,"03b_2x2_to_cor_CONT",300
0.25,50,0.5,0.3,"tetrachoric (r)","own",300,300,300,300,0,0.0143231551280357,0.0131541596318902,0.227836728133054,0.00931693666609858,0.21951481059656,0.9634742053896,0.0393993901887158,0.227907208186963,0.95,0.0125830573921179,0.81342607853238,"03b_2x2_to_cor_CONT",300
0.5,50,0.5,0.3,"tetrachoric (r)","own",300,300,300,300,0,-0.0170674261835987,0.0113924255458573,0.197322598668704,0.00806912111866652,0.193345156974968,0.979842948954799,0.0400687578905356,0.197731428008006,0.953333333333333,0.0121776966745069,0.730770998784381,"03b_2x2_to_cor_CONT",300
0,100,0.5,0.3,"tetrachoric (r)","own",300,300,300,300,0,0.00215869036751432,0.00976513046597279,0.169137021096036,0.00691652713922436,0.163794788038372,0.968414762048867,0.0396014245747731,0.16886868885713,0.946666666666667,0.0129729062394013,0.620972843851045,"03b_2x2_to_cor_CONT",300
0.1,100,0.5,0.3,"tetrachoric (r)","own",300,300,300,300,0,0.0189198261345801,0.00939043678424018,0.162647136155677,0.00665113600823743,0.161903671249938,0.995428970203156,0.040706117696557,0.163474372357282,0.96,0.0113137084989848,0.614345423551816,"03b_2x2_to_cor_CONT",300
0.25,100,0.5,0.3,"tetrachoric (r)","own",300,300,300,300,0,0.0100406646965343,0.00868294019233887,0.150392935722128,0.00615002448741898,0.156215738699325,1.03871726387438,0.0424763076647115,0.150477428913059,0.966666666666667,0.010363754503432,0.594391683271269,"03b_2x2_to_cor_CONT",300
0.5,100,0.5,0.3,"tetrachoric (r)","own",300,300,300,300,0,-0.00921069836655735,0.00781630122764123,0.135382308535376,0.00553619429435321,0.136498431812601,1.00824423286395,0.0412301727580408,0.135469966649019,0.963333333333333,0.0108508405545718,0.525741060482524,"03b_2x2_to_cor_CONT",300
0,300,0.5,0.3,"tetrachoric (r)","own",300,300,300,300,0,-0.000175851047296367,0.00552916817074399,0.0957680019532127,0.00391624483088528,0.0952233953365025,0.994313271597999,0.0406604933877465,0.0956084171035219,0.946666666666667,0.0129729062394013,0.36897008535193,"03b_2x2_to_cor_CONT",300
0.1,300,0.5,0.3,"tetrachoric (r)","own",300,300,300,300,0,0.00374239887954572,0.0053776992054996,0.0931444825174809,0.00380896114302124,0.094266535329423,1.01204636905607,0.0413856536692535,0.0930643891296671,0.946666666666667,0.0129729062394013,0.365351526081041,"03b_2x2_to_cor_CONT",300
0.25,300,0.5,0.3,"tetrachoric (r)","own",300,300,300,300,0,-0.00349992220404898,0.00482708759454886,0.0836076096634407,0.00341896941033696,0.0912700848787868,1.09164805986191,0.0446408088754819,0.0835414931301997,0.973333333333333,0.00930153312731393,0.354082311753067,"03b_2x2_to_cor_CONT",300
0.5,300,0.5,0.3,"tetrachoric (r)","own",300,300,300,300,0,0.00623763591069131,0.00493352203804406,0.0854511083015307,0.00349435567573791,0.0779230945691182,0.911902678829531,0.0372904736383799,0.0855363102548526,0.906666666666667,0.0167950610023922,0.303463777839223,"03b_2x2_to_cor_CONT",300
0,25,0.3,0.5,"tetrachoric (r)","own",300,300,300,300,0,-0.0159137635345956,0.0193559029353297,0.335254073103626,0.0137095585586796,0.315151146559571,0.940036741812109,0.0384409610295771,0.335072962836401,0.97,0.00984885780179611,1.10644592682994,"03b_2x2_to_cor_CONT",300
0.1,25,0.3,0.5,"tetrachoric (r)","own",300,300,300,300,0,0.0166468764025631,0.0180425329154612,0.312505837068126,0.0127793140096776,0.317123852070698,1.01477737198734,0.0414973326841082,0.312428365712217,0.953333333333333,0.0121776966745069,1.10861028451891,"03b_2x2_to_cor_CONT",300
0.25,25,0.3,0.5,"tetrachoric (r)","own",300,300,300,300,0,-0.0481375613669879,0.0192160204892551,0.332831238066744,0.0136104814661669,0.310499031191651,0.932902311078702,0.0381492124610452,0.335744847174098,0.956666666666667,0.0117552194868996,1.09404413373216,"03b_2x2_to_cor_CONT",300
0.5,25,0.3,0.5,"tetrachoric (r)","own",300,300,300,300,0,-0.0325211717238271,0.0163559923542378,0.28329409765748,0.0115847571521168,0.273564631949862,0.965655953342938,0.0394886084972353,0.284685183829375,0.966666666666667,0.010363754503432,1.00098471736934,"03b_2x2_to_cor_CONT",300
0,50,0.3,0.5,"tetrachoric (r)","own",300,300,300,300,0,-0.0195702662820314,0.0140412463888497,0.243201521470807,0.00994524979010001,0.227680579236552,0.936180735464195,0.0382832772038745,0.243583289180339,0.953333333333333,0.0121776966745069,0.838857949750275,"03b_2x2_to_cor_CONT",300
0.1,50,0.3,0.5,"tetrachoric (r)","own",300,300,300,300,0,0.00849608061813903,0.0132544758780827,0.229574256485353,0.00938798948425735,0.228273048703744,0.994332083215558,0.0406612626519947,0.229348733364434,0.95,0.0125830573921179,0.840653477208754,"03b_2x2_to_cor_CONT",300
0.25,50,0.3,0.5,"tetrachoric (r)","own",300,300,300,300,0,-0.014149932651801,0.0136041972908529,0.235631609039481,0.0096356930506379,0.219251291308481,0.930483360030635,0.0380502941966464,0.23566374686968,0.95,0.0125830573921179,0.81165062419844,"03b_2x2_to_cor_CONT",300
0.5,50,0.3,0.5,"tetrachoric (r)","own",300,300,300,300,0,-0.0188525811309559,0.0112715047609252,0.19522818923677,0.00798347434788418,0.193520148086133,0.991251052640937,0.0405352699423676,0.195812203063016,0.963333333333333,0.0108508405545718,0.732258436402679,"03b_2x2_to_cor_CONT",300
0,100,0.3,0.5,"tetrachoric (r)","own",300,300,300,300,0,0.00182047000755032,0.00928152579444582,0.160760742477413,0.00657399563419969,0.163770930212418,1.01872464439151,0.0416587486563916,0.160502908733345,0.956666666666667,0.0117552194868996,0.620824470682075,"03b_2x2_to_cor_CONT",300
0.1,100,0.3,0.5,"tetrachoric (r)","own",300,300,300,300,0,0.00355964038741554,0.00932591578975367,0.161529599749622,0.0066054365461595,0.162743302184261,1.00751380822165,0.0412003034731919,0.161299441814419,0.956666666666667,0.0117552194868996,0.617241971372944,"03b_2x2_to_cor_CONT",300
0.25,100,0.3,0.5,"tetrachoric (r)","own",300,300,300,300,0,0.0017864419694692,0.00948651160964839,0.16431120094503,0.00671918467790422,0.156389958929318,0.951791223178009,0.038921637518071,0.164046847663673,0.95,0.0125830573921179,0.595053246492322,"03b_2x2_to_cor_CONT",300
0.5,100,0.3,0.5,"tetrachoric (r)","own",300,300,300,300,0,0.00280983809782362,0.00787982542351753,0.136482579883053,0.00558118773569091,0.135012188961759,0.989226530429347,0.0404524810725526,0.136283888090136,0.963333333333333,0.0108508405545718,0.51980132869252,"03b_2x2_to_cor_CONT",300
0,300,0.3,0.5,"tetrachoric (r)","own",300,300,300,300,0,-0.00473897648364056,0.005745339089025,0.0995121920890279,0.00406935615164147,0.0949549647488327,0.954204331705224,0.0390203168640251,0.099459164239542,0.936666666666667,0.0140620318852128,0.367956109903917,"03b_2x2_to_cor_CONT",300
0.1,300,0.3,0.5,"tetrachoric (r)","own",300,300,300,300,0,-0.00101136148936076,0.00520318846313564,0.0901218677950715,0.003685357235234,0.0944810132627817,1.0483694532122,0.0428710150390957,0.0899772234332201,0.966666666666667,0.010363754503432,0.366172096128755,"03b_2x2_to_cor_CONT",300
0.25,300,0.3,0.5,"tetrachoric (r)","own",300,300,300,300,0,-0.00181481855905796,0.00569275782421048,0.098601457867178,0.00403211345976228,0.0910253048538064,0.923163884416626,0.0377509785802241,0.0984537128212546,0.94,0.0137113092008021,0.353101928233358,"03b_2x2_to_cor_CONT",300
0.5,300,0.3,0.5,"tetrachoric (r)","own",300,300,300,300,0,0.000170871023252118,0.00485971107817596,0.084172664975061,0.00344207624036541,0.0782821691311793,0.93001889811108,0.0380313009363245,0.0840324338225848,0.943333333333333,0.0133486023682326,0.304880671192414,"03b_2x2_to_cor_CONT",300
0,25,0.5,0.5,"tetrachoric (r)","own",300,300,300,300,0,-0.00351050513795039,0.0174865883137654,0.302876594104819,0.0123855449823275,0.303144673349844,1.00088511047153,0.0409292358642834,0.30239175605827,0.96,0.0113137084989848,1.07093575463354,"03b_2x2_to_cor_CONT",300
0.1,25,0.5,0.5,"tetrachoric (r)","own",300,300,300,300,0,-0.00944119117565843,0.0176530294870691,0.305759439791153,0.0125034333091911,0.300360421983359,0.982342269427621,0.0401709627051166,0.305395385790525,0.963333333333333,0.0108508405545718,1.06320662490253,"03b_2x2_to_cor_CONT",300
0.25,25,0.5,0.5,"tetrachoric (r)","own",300,300,300,300,0,0.0122117237016506,0.0165408883920355,0.286496590973317,0.0117157168426011,0.289472321440676,1.01038661736689,0.0413177813753691,0.286279272470607,0.956666666666667,0.0117552194868996,1.03418244894873,"03b_2x2_to_cor_CONT",300
0.5,25,0.5,0.5,"tetrachoric (r)","own",300,300,300,300,0,-0.0126294945082762,0.0149869689765032,0.259581917187621,0.0106150939838336,0.25343312855865,0.976312723568772,0.0399243962390663,0.25945648310118,0.963333333333333,0.0108508405545718,0.936181535284635,"03b_2x2_to_cor_CONT",300
0.75,25,0.5,0.5,"tetrachoric (r)","own",300,300,300,300,0,-0.00823089249110553,0.0101594742102642,0.175967255103633,0.00719583617857402,0.181309216783998,1.03035770306935,0.0421344598019237,0.175866448032813,0.963333333333333,0.0108508405545718,0.741879809904823,"03b_2x2_to_cor_CONT",300
0,50,0.5,0.5,"tetrachoric (r)","own",300,300,300,300,0,-0.0101859092722511,0.0129587377407404,0.224451921689227,0.00917852163739555,0.216851024164737,0.966135743159226,0.0395082285618668,0.224308914254106,0.953333333333333,0.0121776966745069,0.803489595793,"03b_2x2_to_cor_CONT",300
0.1,50,0.5,0.5,"tetrachoric (r)","own",300,300,300,300,0,-0.0157619259372162,0.0128542167373373,0.222641564805705,0.00910449063912315,0.215961103476874,0.969994545561781,0.0396660267267465,0.222828350531194,0.953333333333333,0.0121776966745069,0.800583831034879,"03b_2x2_to_cor_CONT",300
0.25,50,0.5,0.5,"tetrachoric (r)","own",300,300,300,300,0,0.0026734870856691,0.0129295621337958,0.223946585353531,0.00915785689789838,0.207065956525787,0.924622075388667,0.0378106084434376,0.223589013700879,0.933333333333333,0.0144016459964619,0.771725467267224,"03b_2x2_to_cor_CONT",300
0.5,50,0.5,0.5,"tetrachoric (r)","own",300,300,300,300,0,-0.0102166417934265,0.0101900030578292,0.176496030254425,0.00721745940249801,0.181822589994403,1.03017948750632,0.0421271720255967,0.176497570246129,0.963333333333333,0.0108508405545718,0.690089493416403,"03b_2x2_to_cor_CONT",300
0.75,50,0.5,0.5,"tetrachoric (r)","own",300,300,300,300,0,-0.00195340001776989,0.00713317909685198,0.123550286152359,0.00505234691786678,0.125897401900447,1.01899725060283,0.0416698963533693,0.123359664136749,0.973333333333333,0.00930153312731393,0.503016902074626,"03b_2x2_to_cor_CONT",300
0,100,0.5,0.5,"tetrachoric (r)","own",300,300,300,300,0,0.0176188885332466,0.00872122100439894,0.151055978836558,0.00617713833668578,0.155462027078907,1.02916831413284,0.0420858220713715,0.151829754263155,0.963333333333333,0.0108508405545718,0.591465497160388,"03b_2x2_to_cor_CONT",300
0.1,100,0.5,0.5,"tetrachoric (r)","own",300,300,300,300,0,0.00906209401162749,0.00925468624459008,0.160295867837388,0.00655498549648277,0.15396443333507,0.960501573822592,0.039277830244152,0.160284863839763,0.946666666666667,0.0129729062394013,0.586108995653573,"03b_2x2_to_cor_CONT",300
0.25,100,0.5,0.5,"tetrachoric (r)","own",300,300,300,300,0,-0.00493339173668921,0.00825604097112177,0.142998824313532,0.0058476567863882,0.14911250304074,1.04275334959261,0.0426413554834884,0.142845510592959,0.97,0.00984885780179611,0.569058187039334,"03b_2x2_to_cor_CONT",300
0.5,100,0.5,0.5,"tetrachoric (r)","own",300,300,300,300,0,-0.00779004263073332,0.00720067260578204,0.124719308018839,0.00510015177698903,0.128553648613073,1.03074376097128,0.0421502468835376,0.124754722840103,0.96,0.0113137084989848,0.495615933389508,"03b_2x2_to_cor_CONT",300
0.75,100,0.5,0.5,"tetrachoric (r)","own",300,300,300,300,0,0.00551251377112328,0.00488042429363634,0.0845314283907159,0.00345674716743305,0.0868778456902381,1.02775792795878,0.042028147091722,0.0845702764129669,0.96,0.0113137084989848,0.344827009232815,"03b_2x2_to_cor_CONT",300
0,300,0.5,0.5,"tetrachoric (r)","own",300,300,300,300,0,-0.00332609394073179,0.00553296727236935,0.095833804323595,0.00391893568991559,0.0902981494327557,0.942236928504399,0.0385309333542046,0.0957317461723046,0.936666666666667,0.0140620318852128,0.350330276601408,"03b_2x2_to_cor_CONT",300
0.1,300,0.5,0.5,"tetrachoric (r)","own",300,300,300,300,0,-0.00593962415756898,0.00514583921464798,0.0891285496735063,0.00364473743655735,0.0897863544665715,1.0073804049934,0.0411948482095088,0.0891778999574045,0.963333333333333,0.0108508405545718,0.348394088367829,"03b_2x2_to_cor_CONT",300
0.25,300,0.5,0.5,"tetrachoric (r)","own",300,300,300,300,0,-0.00565830243303026,0.0051346193842645,0.0889342165107414,0.00363679056256368,0.0865177644094292,0.972828769441958,0.0397819267600972,0.0889659875265924,0.943333333333333,0.0133486023682326,0.33598550761691,"03b_2x2_to_cor_CONT",300
0.5,300,0.5,0.5,"tetrachoric (r)","own",300,300,300,300,0,-0.00496774898631893,0.0045756532117632,0.0792526384058959,0.0032408813921245,0.074214487229191,0.936429230899522,0.038293438937901,0.079276242481417,0.933333333333333,0.0144016459964619,0.289213998032563,"03b_2x2_to_cor_CONT",300
0.75,300,0.5,0.5,"tetrachoric (r)","own",300,300,300,300,0,-0.000231823423717279,0.00282566776605307,0.0489420013611356,0.00200138726855101,0.0506358837556254,1.03460999442975,0.0423083489268917,0.0488609132232409,0.956666666666667,0.0117552194868996,0.199386502330249,"03b_2x2_to_cor_CONT",300
0,25,0.3,0.1,"tetrachoric (z)","own",300,300,300,300,0,0.0930002304962417,0.0215993865665676,0.374112349456159,0.0152985916469659,0.465828461796515,1.24515660195041,0.050918239981798,0.384892919378766,0.99,0.00574456264653803,1.81490422908321,"03b_2x2_to_cor_CONT",300
0.1,25,0.3,0.1,"tetrachoric (z)","own",300,300,300,300,0,0.0910006517157445,0.021701949895804,0.375888798428467,0.0153712360476346,0.473465328650259,1.25958882156038,0.0515084173301084,0.386137971154621,0.996666666666667,0.00332777314041597,1.84267833693913,"03b_2x2_to_cor_CONT",300
0.25,25,0.3,0.1,"tetrachoric (z)","own",300,300,300,300,0,0.0054343809754178,0.0211517417551678,0.366358913885267,0.0149815300882321,0.479134489186105,1.3078281188926,0.0534810688939904,0.365788176545526,0.993333333333333,0.00469830544708134,1.86394694795242,"03b_2x2_to_cor_CONT",300
0.5,25,0.3,0.1,"tetrachoric (z)","own",300,300,300,300,0,-0.0587245338988904,0.0221494818411838,0.383640279102545,0.0156882176646929,0.487601226757683,1.27098548645188,0.0519744616148422,0.38747623809169,0.996666666666667,0.00332777314041597,1.89832448301522,"03b_2x2_to_cor_CONT",300
0,50,0.3,0.1,"tetrachoric (z)","own",300,300,300,300,0,-0.0163881443637279,0.018092129076701,0.313364867779403,0.0128144423877789,0.347476299339349,1.10885531553575,0.0453444658873441,0.313271107029616,0.973333333333333,0.00930153312731393,1.35280116078558,"03b_2x2_to_cor_CONT",300
0.1,50,0.3,0.1,"tetrachoric (z)","own",300,300,300,300,0,0.0166968053939531,0.0179318263198776,0.310588342585288,0.0127009018291632,0.342561960204155,1.10294532419576,0.0451027883691359,0.310519486449842,0.983333333333333,0.00739118594202783,1.33180805543703,"03b_2x2_to_cor_CONT",300
0.25,50,0.3,0.1,"tetrachoric (z)","own",300,300,300,300,0,0.0290232468716911,0.0189384533461994,0.328023634123902,0.0134138839209942,0.342370360532225,1.04373686806635,0.042681574544765,0.328760077241262,0.986666666666667,0.0066220730781117,1.32926630470905,"03b_2x2_to_cor_CONT",300
0.5,50,0.3,0.1,"tetrachoric (z)","own",300,300,300,300,0,0.0168114598418483,0.0197241172228952,0.341631731644989,0.0139703604109305,0.367515491002158,1.07576509135301,0.0439913059929588,0.341475950029493,0.983333333333333,0.00739118594202783,1.42632711362428,"03b_2x2_to_cor_CONT",300
0,100,0.3,0.1,"tetrachoric (z)","own",300,300,300,300,0,-0.0282524630253654,0.0149538523127055,0.259008319744874,0.0105916378400867,0.244204724301345,0.94284509679801,0.0385558032051735,0.260115154624009,0.953333333333333,0.0121776966745069,0.949063771983826,"03b_2x2_to_cor_CONT",300
0.1,100,0.3,0.1,"tetrachoric (z)","own",300,300,300,300,0,-0.00789507988272955,0.0149280981224554,0.258562244084664,0.0105733964498222,0.238974417285648,0.924243282818193,0.0377951184633206,0.258251656797973,0.956666666666667,0.0117552194868996,0.930532889456061,"03b_2x2_to_cor_CONT",300
0.25,100,0.3,0.1,"tetrachoric (z)","own",300,300,300,300,0,0.011446963648768,0.0131125903545112,0.22711672712851,0.00928749363549576,0.2356873937278,1.0377368356248,0.0424362149720982,0.227026651943196,0.963333333333333,0.0108508405545718,0.918233512690934,"03b_2x2_to_cor_CONT",300
0.5,100,0.3,0.1,"tetrachoric (z)","own",300,300,300,300,0,0.0247714431645638,0.0153132435977377,0.265233159399605,0.0108461904633401,0.256248245965709,0.966124471562174,0.0395077676319863,0.265946907882133,0.963333333333333,0.0108508405545718,0.994037855041087,"03b_2x2_to_cor_CONT",300
0,300,0.3,0.1,"tetrachoric (z)","own",300,300,300,300,0,0.00283002890235136,0.0081646782085007,0.141416374845736,0.00578294561541254,0.132457302603781,0.936647561134778,0.0383023671251641,0.141208845926343,0.933333333333333,0.0144016459964619,0.518206984121426,"03b_2x2_to_cor_CONT",300
0.1,300,0.3,0.1,"tetrachoric (z)","own",300,300,300,300,0,-0.00319720509176698,0.00751241452241045,0.130118836403332,0.00532095491262634,0.130756415113629,1.0048999724246,0.0410934157787614,0.129941130268285,0.963333333333333,0.0108508405545718,0.511836790833768,"03b_2x2_to_cor_CONT",300
0.25,300,0.3,0.1,"tetrachoric (z)","own",300,300,300,300,0,0.00269186555960281,0.00725212273732328,0.125610450437694,0.005136593300465,0.131003280733114,1.0429329747376,0.0426487009019084,0.125429813502031,0.963333333333333,0.0108508405545718,0.512742145295337,"03b_2x2_to_cor_CONT",300
0.5,300,0.3,0.1,"tetrachoric (z)","own",300,300,300,300,0,-0.000931221457016064,0.00791854485343771,0.137153220081672,0.00560861225283295,0.139040601319029,1.01376111502328,0.0414557748464047,0.136927607149097,0.956666666666667,0.0117552194868996,0.543569535818808,"03b_2x2_to_cor_CONT",300
0,25,0.5,0.1,"tetrachoric (z)","own",300,300,300,300,0,0.0263656430115047,0.0216635834750814,0.375224272528505,0.0153440615627582,0.44733000754774,1.19216703262116,0.0487513353503543,0.375525087014135,0.996666666666667,0.00332777314041597,1.74411911579685,"03b_2x2_to_cor_CONT",300
0.1,25,0.5,0.1,"tetrachoric (z)","own",300,300,300,300,0,0.00908908526771841,0.0210901691131666,0.365292444442244,0.0149379189095674,0.454109737571396,1.24314024141607,0.0508357848677852,0.364796362652332,0.993333333333333,0.00469830544708134,1.76993325702932,"03b_2x2_to_cor_CONT",300
0.25,25,0.5,0.1,"tetrachoric (z)","own",300,300,300,300,0,-0.0235825690245083,0.0194221044071499,0.336400716230911,0.0137564482831023,0.452055441400643,1.34380047244116,0.0549520878227151,0.336666543189049,0.996666666666667,0.00332777314041597,1.76201665375652,"03b_2x2_to_cor_CONT",300
0,50,0.5,0.1,"tetrachoric (z)","own",300,300,300,300,0,-0.032197346708435,0.0193508510190189,0.335166571346367,0.013705980345732,0.334181415204416,0.997060696900667,0.040772843963308,0.336153007197589,0.97,0.00984885780179611,1.29821081717568,"03b_2x2_to_cor_CONT",300
0.1,50,0.5,0.1,"tetrachoric (z)","own",300,300,300,300,0,-0.0235273526144027,0.019139355854936,0.3315033676489,0.01355618080672,0.335623969366829,1.01243004482022,0.0414013433380096,0.331785629798915,0.973333333333333,0.00930153312731393,1.30285000708565,"03b_2x2_to_cor_CONT",300
0.25,50,0.5,0.1,"tetrachoric (z)","own",300,300,300,300,0,-0.0214609832791399,0.0181684975280268,0.314687608157319,0.0128685332642926,0.340805786739826,1.08299716260022,0.0442870473790255,0.31489485583073,0.99,0.00574456264653803,1.32422410601555,"03b_2x2_to_cor_CONT",300
0,100,0.5,0.1,"tetrachoric (z)","own",300,300,300,300,0,-0.0078623493517057,0.0143029494189138,0.247734350916464,0.0101306109704921,0.228721153788413,0.923251672375211,0.0377545684968143,0.247446056342085,0.946666666666667,0.0129729062394013,0.889989135438086,"03b_2x2_to_cor_CONT",300
0.1,100,0.5,0.1,"tetrachoric (z)","own",300,300,300,300,0,0.0146024093639134,0.0148151309461559,0.25660559519528,0.0104933831265553,0.232419709500163,0.905746849842807,0.0370387430712031,0.256593401590539,0.96,0.0113137084989848,0.903465637829327,"03b_2x2_to_cor_CONT",300
0.25,100,0.5,0.1,"tetrachoric (z)","own",300,300,300,300,0,0.00778831277855826,0.0130184431171951,0.225486049144273,0.00922081025381964,0.237125329108225,1.05161862566719,0.0430038835815314,0.22524461439385,0.97,0.00984885780179611,0.922517887887145,"03b_2x2_to_cor_CONT",300
0,300,0.5,0.1,"tetrachoric (z)","own",300,300,300,300,0,-0.00186378739326413,0.00780674478392222,0.135216786074766,0.00552942557758415,0.126333309586123,0.934301969847656,0.0382064487644777,0.135004102440315,0.94,0.0137113092008021,0.494505141461219,"03b_2x2_to_cor_CONT",300
0.1,300,0.5,0.1,"tetrachoric (z)","own",300,300,300,300,0,0.00395640413430375,0.00756034362498187,0.130948992811481,0.00535490253266573,0.126028942233551,0.962427732567501,0.0393565967326906,0.130790416530751,0.94,0.0137113092008021,0.493271953515104,"03b_2x2_to_cor_CONT",300
0.25,300,0.5,0.1,"tetrachoric (z)","own",300,300,300,300,0,0.0131664049757224,0.00756613239121115,0.131049257183703,0.00535900264775041,0.130164893394615,0.993251668814512,0.0406170812215898,0.131491504170512,0.963333333333333,0.0108508405545718,0.50929744779829,"03b_2x2_to_cor_CONT",300
0,25,0.3,0.3,"tetrachoric (z)","own",300,300,300,300,0,0.00590404928654669,0.0202951695764094,0.351522648545672,0.0143748300813319,0.379422798047504,1.07936942219018,0.0441386980416806,0.35098594890737,0.98,0.00808290376865476,1.47980992428519,"03b_2x2_to_cor_CONT",300
0.1,25,0.3,0.3,"tetrachoric (z)","own",300,300,300,300,0,0.0192607759146931,0.021991158426484,0.380898037119668,0.0155760790508401,0.37881023103208,0.994518727102464,0.0406688950881154,0.380750155773459,0.973333333333333,0.00930153312731393,1.47651395946783,"03b_2x2_to_cor_CONT",300
0.25,25,0.3,0.3,"tetrachoric (z)","own",300,300,300,300,0,0.0200857791531081,0.0215543517968326,0.373332324363275,0.0152666940488573,0.381535911783506,1.02197395426239,0.041791622818181,0.373250415749656,0.976666666666667,0.0087156734084615,1.48586758388242,"03b_2x2_to_cor_CONT",300
0.5,25,0.3,0.3,"tetrachoric (z)","own",300,300,300,300,0,0.0547153875252717,0.0248784075755926,0.430906659323329,0.0176210836892418,0.414931480266406,0.962926590454627,0.0393769965487248,0.433653533962003,0.956666666666667,0.0117552194868996,1.60707476011089,"03b_2x2_to_cor_CONT",300
0.75,25,0.3,0.3,"tetrachoric (z)","own",300,300,300,300,0,0.0658475714094881,0.0266450667717279,0.461506094196979,0.0188723876342744,0.487471566319255,1.05626246857575,0.0431937844400141,0.465417896151629,0.966666666666667,0.010363754503432,1.87384395223205,"03b_2x2_to_cor_CONT",300
0,50,0.3,0.3,"tetrachoric (z)","own",300,300,300,300,0,-0.00136679219503738,0.0157452931412947,0.272716477007881,0.0111522060771524,0.259291986766002,0.95077492057258,0.0388800778139532,0.272265000865681,0.95,0.0125830573921179,1.01353191787233,"03b_2x2_to_cor_CONT",300
0.1,50,0.3,0.3,"tetrachoric (z)","own",300,300,300,300,0,-0.00253465835878274,0.0134970601481661,0.233775939294369,0.00955980907165841,0.255841479544818,1.09438755894662,0.0447528353238877,0.233399750756758,0.983333333333333,0.00739118594202783,1.00000480077143,"03b_2x2_to_cor_CONT",300
0.25,50,0.3,0.3,"tetrachoric (z)","own",300,300,300,300,0,0.0201786059077315,0.0144932880097225,0.251031112015682,0.0102654255573077,0.261120676368035,1.04019248559009,0.0425366339668239,0.251423427585571,0.97,0.00984885780179611,1.02113175867543,"03b_2x2_to_cor_CONT",300
0.5,50,0.3,0.3,"tetrachoric (z)","own",300,300,300,300,0,0.0311547113851325,0.0165090568721013,0.285945252875236,0.0116931709511484,0.277909837759089,0.97189876371316,0.0397438959976942,0.287163289305174,0.96,0.0113137084989848,1.08227882814302,"03b_2x2_to_cor_CONT",300
0.75,50,0.3,0.3,"tetrachoric (z)","own",300,300,300,300,0,0.0976872074181484,0.0224392141830296,0.388658590469274,0.0158934316771907,0.341513175791667,0.8786970986009,0.0359325964844799,0.400118447594668,0.94,0.0137113092008021,1.31429131055565,"03b_2x2_to_cor_CONT",300
0,100,0.3,0.3,"tetrachoric (z)","own",300,300,300,300,0,0.00538743237329441,0.0105703105640454,0.183083149487087,0.00748682673938726,0.176893051313556,0.966189689270293,0.0395104345823987,0.182857137099616,0.93,0.0147309198626562,0.692722194179254,"03b_2x2_to_cor_CONT",300
0.1,100,0.3,0.3,"tetrachoric (z)","own",300,300,300,300,0,0.000491128343335953,0.010584890841196,0.183335687295219,0.00749715377833062,0.177309219943859,0.96712878196128,0.0395488369383192,0.183030531685126,0.946666666666667,0.0129729062394013,0.694379267901862,"03b_2x2_to_cor_CONT",300
0.25,100,0.3,0.3,"tetrachoric (z)","own",300,300,300,300,0,-0.0115023926617727,0.0108474609078215,0.18788353425464,0.00768312907052887,0.178128552835172,0.948079636365325,0.0387698594463445,0.187922484213075,0.94,0.0137113092008021,0.697515481862012,"03b_2x2_to_cor_CONT",300
0.5,100,0.3,0.3,"tetrachoric (z)","own",300,300,300,300,0,0.0204220765220624,0.0115627566320234,0.200272819622185,0.00818976462509242,0.190860758671955,0.953003802672845,0.0389712235810757,0.200979019173549,0.953333333333333,0.0121776966745069,0.74656209487143,"03b_2x2_to_cor_CONT",300
0.75,100,0.3,0.3,"tetrachoric (z)","own",300,300,300,300,0,0.0277189853411954,0.0135366213375404,0.234461159194409,0.00958782979712853,0.224128088375323,0.955928432433799,0.0390908205858163,0.235705615550193,0.953333333333333,0.0121776966745069,0.873384092529462,"03b_2x2_to_cor_CONT",300
0,300,0.3,0.3,"tetrachoric (z)","own",300,300,300,300,0,0.00295103000068095,0.00557045763095603,0.096483156382256,0.0039454896702774,0.100941534314802,1.046208873131,0.0427826623492392,0.0963674117392883,0.956666666666667,0.0117552194868996,0.395578739892119,"03b_2x2_to_cor_CONT",300
0.1,300,0.3,0.3,"tetrachoric (z)","own",300,300,300,300,0,0.00166297751833962,0.00571146918992412,0.0989255482281283,0.0040453665001821,0.100877685308844,1.01973339663698,0.0416999996033297,0.0987745347048256,0.943333333333333,0.0133486023682326,0.395341180662853,"03b_2x2_to_cor_CONT",300
0.25,300,0.3,0.3,"tetrachoric (z)","own",300,300,300,300,0,0.00266009300476132,0.00571761275238016,0.0990319578512617,0.00404971791326427,0.101945388567347,1.02941909641392,0.0420960773214749,0.0989025463527703,0.973333333333333,0.00930153312731393,0.399516712372964,"03b_2x2_to_cor_CONT",300
0.5,300,0.3,0.3,"tetrachoric (z)","own",300,300,300,300,0,0.000805578559732958,0.00661726567176947,0.114614403506861,0.00468693150242431,0.108002276095339,0.942309803923327,0.0385339134516992,0.114426055787477,0.94,0.0137113092008021,0.423081642176667,"03b_2x2_to_cor_CONT",300
0.75,300,0.3,0.3,"tetrachoric (z)","own",300,300,300,300,0,0.0108978235084504,0.00734297929797293,0.127184132230156,0.0052009459345337,0.126030708093065,0.990931068861615,0.0405221848325587,0.127438795911561,0.956666666666667,0.0117552194868996,0.493225117115899,"03b_2x2_to_cor_CONT",300
0,25,0.5,0.3,"tetrachoric (z)","own",300,300,300,300,0,0.00915451241221567,0.0211742855332805,0.366749383576125,0.0149974975813117,0.361811000675844,0.986534720652757,0.0403424047849795,0.366252051302281,0.966666666666667,0.010363754503432,1.41130711976474,"03b_2x2_to_cor_CONT",300
0.1,25,0.5,0.3,"tetrachoric (z)","own",300,300,300,300,0,-0.0284461005202279,0.0207871988716165,0.360044845926781,0.0147233286482943,0.360636787117711,1.00164407628001,0.0409602722842113,0.360568112949992,0.96,0.0113137084989848,1.40635002414965,"03b_2x2_to_cor_CONT",300
0.25,25,0.5,0.3,"tetrachoric (z)","own",300,300,300,300,0,0.0273585699857974,0.021689880891236,0.375679757137381,0.0153626877135464,0.371148693363291,0.987939026024143,0.0403998311021158,0.376049624838788,0.97,0.00984885780179611,1.44582693721268,"03b_2x2_to_cor_CONT",300
0.5,25,0.5,0.3,"tetrachoric (z)","own",300,300,300,300,0,0.0354002792553151,0.0205926182927072,0.356674611438411,0.0145855095111634,0.392840250377191,1.1013967290605,0.0450394616047687,0.357835021047335,0.973333333333333,0.00930153312731393,1.52772164513447,"03b_2x2_to_cor_CONT",300
0,50,0.5,0.3,"tetrachoric (z)","own",300,300,300,300,0,-0.0138252727108667,0.0141457976361527,0.245012402194043,0.0100193022097713,0.243738398081245,0.994800246430839,0.0406804072695545,0.244994105650855,0.956666666666667,0.0117552194868996,0.953677632554496,"03b_2x2_to_cor_CONT",300
0.1,50,0.5,0.3,"tetrachoric (z)","own",300,300,300,300,0,0.021094729665388,0.0149711550791267,0.259308012450403,0.0106038931861829,0.244479253394189,0.942814111619286,0.0385545361269894,0.259733512385735,0.936666666666667,0.0140620318852128,0.956588421245453,"03b_2x2_to_cor_CONT",300
0.25,50,0.5,0.3,"tetrachoric (z)","own",300,300,300,300,0,0.0328176782089933,0.0150791279893261,0.261178158113467,0.0106803691294688,0.251341753036832,0.962338332011816,0.0393529408721011,0.262799638846125,0.95,0.0125830573921179,0.982172920560426,"03b_2x2_to_cor_CONT",300
0.5,50,0.5,0.3,"tetrachoric (z)","own",300,300,300,300,0,0.0139445854523512,0.0161229795577019,0.27925819763334,0.0114197169269356,0.269962731731828,0.966713722353399,0.0395318638887544,0.279140899796217,0.953333333333333,0.0121776966745069,1.05097041574028,"03b_2x2_to_cor_CONT",300
0,100,0.5,0.3,"tetrachoric (z)","own",300,300,300,300,0,0.00247111357661918,0.0100395125806383,0.173889458728925,0.00711086876622203,0.168660388094315,0.969928765821506,0.0396633367931301,0.173616987781986,0.946666666666667,0.0129729062394013,0.660770256384802,"03b_2x2_to_cor_CONT",300
0.1,100,0.5,0.3,"tetrachoric (z)","own",300,300,300,300,0,0.0223040328816193,0.00976827231885974,0.169191439584337,0.00691875247669791,0.168783450459718,0.997588594756204,0.0407944313119612,0.17037545001352,0.96,0.0113137084989848,0.661288826538504,"03b_2x2_to_cor_CONT",300
0.25,100,0.5,0.3,"tetrachoric (z)","own",300,300,300,300,0,0.0180052843951701,0.00963275608598666,0.166844229578472,0.00682276792167961,0.17198619442951,1.03081895528559,0.0421533218077162,0.167536256434161,0.966666666666667,0.010363754503432,0.673400031251364,"03b_2x2_to_cor_CONT",300
0.5,100,0.5,0.3,"tetrachoric (z)","own",300,300,300,300,0,0.0039458149355502,0.0106069988810818,0.183718609778599,0.0075128126431454,0.185501876842705,1.00970651294529,0.0412899698373684,0.183454595497697,0.963333333333333,0.0108508405545718,0.725221943958826,"03b_2x2_to_cor_CONT",300
0,300,0.5,0.3,"tetrachoric (z)","own",300,300,300,300,0,-0.000132790863240553,0.00557496903562879,0.0965612962033234,0.00394868504518447,0.0961075538474213,0.995300991455763,0.040700884256392,0.0964003178321062,0.946666666666667,0.0129729062394013,0.376674360375105,"03b_2x2_to_cor_CONT",300
0.1,300,0.5,0.3,"tetrachoric (z)","own",300,300,300,300,0,0.00476987386211416,0.00549721759504644,0.0952146017488203,0.00389361461363463,0.0961361656945613,1.00967880901474,0.0412888369394003,0.0951753785469732,0.946666666666667,0.0129729062394013,0.376795179534221,"03b_2x2_to_cor_CONT",300
0.25,300,0.5,0.3,"tetrachoric (z)","own",300,300,300,300,0,-0.00176983784445913,0.00517428990246131,0.089621330041536,0.00366488872435388,0.0979194059941052,1.09259041289304,0.0446793445566256,0.0894893393003596,0.973333333333333,0.00930153312731393,0.383752328311656,"03b_2x2_to_cor_CONT",300
0.5,300,0.5,0.3,"tetrachoric (z)","own",300,300,300,300,0,0.0150774808344758,0.00669492978092442,0.115959585336671,0.00474194007815053,0.105975541129032,0.913900656175584,0.0373721770079201,0.116743881103016,0.906666666666667,0.0167950610023922,0.415087834396564,"03b_2x2_to_cor_CONT",300
0,25,0.3,0.5,"tetrachoric (z)","own",300,300,300,300,0,-0.0182790475181448,0.0216496524615544,0.374982980296208,0.0153341943896086,0.357091576140449,0.952287423440857,0.0389419286557666,0.37480348402635,0.97,0.00984885780179611,1.39418171584511,"03b_2x2_to_cor_CONT",300
0.1,25,0.3,0.5,"tetrachoric (z)","own",300,300,300,300,0,0.031344973333381,0.0209130538600989,0.362224718271158,0.0148124702574597,0.359174555044433,0.991579362001347,0.0405486955105053,0.362976442841867,0.953333333333333,0.0121776966745069,1.40109291928766,"03b_2x2_to_cor_CONT",300
0.25,25,0.3,0.5,"tetrachoric (z)","own",300,300,300,300,0,-0.0277358609589394,0.0222826185131063,0.38594627390375,0.0157825168046569,0.368356030539322,0.95442307763071,0.0390292620501257,0.386299481277831,0.956666666666667,0.0117552194868996,1.43510208105476,"03b_2x2_to_cor_CONT",300
0.5,25,0.3,0.5,"tetrachoric (z)","own",300,300,300,300,0,0.0228350322230298,0.0226235295233196,0.39185102580924,0.0160239800664553,0.395855833211011,1.01022022946986,0.0413109772682729,0.39186329381085,0.966666666666667,0.010363754503432,1.53874807613997,"03b_2x2_to_cor_CONT",300
0,50,0.3,0.5,"tetrachoric (z)","own",300,300,300,300,0,-0.0197267480175834,0.0148581087632031,0.257349992822522,0.0105238238092505,0.242404106142032,0.941923889266253,0.0385181322278028,0.257676929501036,0.953333333333333,0.0121776966745069,0.948813485799307,"03b_2x2_to_cor_CONT",300
0.1,50,0.3,0.5,"tetrachoric (z)","own",300,300,300,300,0,0.0154008397284997,0.0143184647183919,0.248003083786372,0.0101416002747607,0.244758317043156,0.986916425821497,0.0403580138700968,0.2480679281971,0.95,0.0125830573921179,0.957380524480438,"03b_2x2_to_cor_CONT",300
0.25,50,0.3,0.5,"tetrachoric (z)","own",300,300,300,300,0,0.00321674119319399,0.0157741659931531,0.273216569471663,0.0111726563787804,0.248648655595076,0.910078975356085,0.0372158968574585,0.272779795705233,0.95,0.0125830573921179,0.970710162392531,"03b_2x2_to_cor_CONT",300
0.5,50,0.3,0.5,"tetrachoric (z)","own",300,300,300,300,0,0.00759083462504838,0.0154398216915388,0.267425556295492,0.0109358442395039,0.268225631320951,1.00299176726616,0.0410153834669705,0.26708736554991,0.963333333333333,0.0108508405545718,1.04538260106013,"03b_2x2_to_cor_CONT",300
0,100,0.3,0.5,"tetrachoric (z)","own",300,300,300,300,0,0.00189659608973345,0.00951603414328749,0.164822546227341,0.00674009514150171,0.168162676379075,1.0202650075987,0.0417217387921864,0.164558542518386,0.956666666666667,0.0117552194868996,0.658765773165676,"03b_2x2_to_cor_CONT",300
0.1,100,0.3,0.5,"tetrachoric (z)","own",300,300,300,300,0,0.00675054596236896,0.00976747260768242,0.169177588180432,0.00691818605067004,0.169091323426824,0.999490093489708,0.0408721893776422,0.169030241945624,0.956666666666667,0.0117552194868996,0.66234917588862,"03b_2x2_to_cor_CONT",300
0.25,100,0.3,0.5,"tetrachoric (z)","own",300,300,300,300,0,0.00968464411974588,0.0103850816775419,0.179874891062552,0.00735563129607656,0.172156579005683,0.95709066445419,0.039138347787484,0.179835810797076,0.95,0.0125830573921179,0.674201853342731,"03b_2x2_to_cor_CONT",300
0.5,100,0.3,0.5,"tetrachoric (z)","own",300,300,300,300,0,0.0221201938805525,0.0111140832744792,0.192501569109494,0.00787197455921311,0.186614482446694,0.969417980902527,0.0396424492444933,0.193449306641038,0.963333333333333,0.0108508405545718,0.729392150682619,"03b_2x2_to_cor_CONT",300
0,300,0.3,0.5,"tetrachoric (z)","own",300,300,300,300,0,-0.00473110826151851,0.00580745845747085,0.100588131111851,0.00411335457022117,0.0959080267837283,0.953472598840528,0.038990394081984,0.100531730971977,0.936666666666667,0.0140620318852128,0.375901420451911,"03b_2x2_to_cor_CONT",300
0.1,300,0.3,0.5,"tetrachoric (z)","own",300,300,300,300,0,-0.000167865510542096,0.00530468706730813,0.0918798751883123,0.00375724750365372,0.0962052589576074,1.04707650897903,0.0428181426175509,0.0917267678410583,0.966666666666667,0.010363754503432,0.377071376624556,"03b_2x2_to_cor_CONT",300
0.25,300,0.3,0.5,"tetrachoric (z)","own",300,300,300,300,0,0.000817218573843665,0.00614095566207876,0.106364472137482,0.00434956672064391,0.0980484422521263,0.921815717990809,0.0376958479552909,0.106190194664286,0.94,0.0137113092008021,0.384238284313786,"03b_2x2_to_cor_CONT",300
0.5,300,0.3,0.5,"tetrachoric (z)","own",300,300,300,300,0,0.00664602339583751,0.00657170453650358,0.113825261495551,0.00465466108579665,0.105590197166998,0.92765169857418,0.0379344989485939,0.113829576477265,0.943333333333333,0.0133486023682326,0.413562155001693,"03b_2x2_to_cor_CONT",300
0,25,0.5,0.5,"tetrachoric (z)","own",300,300,300,300,0,0.000886447474614181,0.0197201391526606,0.341562829447364,0.0139675427905377,0.335319305824278,0.981720716996086,0.0401455455360468,0.340994235084721,0.96,0.0113137084989848,1.3112887152451,"03b_2x2_to_cor_CONT",300
0.1,25,0.5,0.5,"tetrachoric (z)","own",300,300,300,300,0,0.0021257306299531,0.0198948467517188,0.344588853827737,0.0140912861296078,0.335629037547463,0.973998531349035,0.03982976188173,0.344020627267828,0.963333333333333,0.0108508405545718,1.31274768817962,"03b_2x2_to_cor_CONT",300
0.25,25,0.5,0.5,"tetrachoric (z)","own",300,300,300,300,0,0.0433254463918007,0.0202090860129266,0.350031637489185,0.0143138581050593,0.344248506635377,0.983478262435673,0.0402174169137768,0.352123322702332,0.956666666666667,0.0117552194868996,1.34347640611347,"03b_2x2_to_cor_CONT",300
0.5,25,0.5,0.5,"tetrachoric (z)","own",300,300,300,300,0,0.0507691066758664,0.0222800425446287,0.385901656820931,0.0157806922764597,0.372936959202861,0.966404141083837,0.0395192041692037,0.388588716555196,0.963333333333333,0.0108508405545718,1.44792670506512,"03b_2x2_to_cor_CONT",300
0.75,25,0.5,0.5,"tetrachoric (z)","own",300,300,300,300,0,0.101428990487522,0.0243773787153344,0.422228584903073,0.0172662108361257,0.452282772272991,1.07117989744067,0.0438038034702833,0.433555718942259,0.963333333333333,0.0108508405545718,1.74054396157083,"03b_2x2_to_cor_CONT",300
0,50,0.5,0.5,"tetrachoric (z)","own",300,300,300,300,0,-0.00981474501992216,0.0137107509747644,0.237477172982165,0.00971116377262433,0.228515600907053,0.962263437944054,0.039349878225917,0.237284117073005,0.953333333333333,0.0121776966745069,0.895412659535353,"03b_2x2_to_cor_CONT",300
0.1,50,0.5,0.5,"tetrachoric (z)","own",300,300,300,300,0,-0.0108702977321366,0.0137972156047177,0.238974784303532,0.00977240565379924,0.22925369981225,0.959321714549871,0.0392295822105319,0.238823675014145,0.953333333333333,0.0121776966745069,0.898075349121309,"03b_2x2_to_cor_CONT",300
0.25,50,0.5,0.5,"tetrachoric (z)","own",300,300,300,300,0,0.018667918904217,0.0146554909427133,0.253840549226449,0.0103803119883698,0.234335394150099,0.923159813765807,0.0377508121189332,0.25410378236663,0.933333333333333,0.0144016459964619,0.917406198477051,"03b_2x2_to_cor_CONT",300
0.5,50,0.5,0.5,"tetrachoric (z)","own",300,300,300,300,0,0.0160983970273848,0.0144309205656456,0.249950876196888,0.0102212514296741,0.251724536480737,1.00709603547239,0.0411832194750253,0.250052689307817,0.963333333333333,0.0108508405545718,0.982771087433555,"03b_2x2_to_cor_CONT",300
0.75,50,0.5,0.5,"tetrachoric (z)","own",300,300,300,300,0,0.0625094556325222,0.0180046878591263,0.311850341464253,0.0127525088010696,0.303915170534937,0.974554554303013,0.039852499351187,0.317543538321819,0.973333333333333,0.00930153312731393,1.17785898786921,"03b_2x2_to_cor_CONT",300
0,100,0.5,0.5,"tetrachoric (z)","own",300,300,300,300,0,0.0178562701214216,0.00892517731420705,0.154588605747678,0.00632159819381922,0.159149422232779,1.02950292787132,0.0420995054446999,0.155360305804185,0.963333333333333,0.0108508405545718,0.62381255603065,"03b_2x2_to_cor_CONT",300
0.1,100,0.5,0.5,"tetrachoric (z)","own",300,300,300,300,0,0.0121342681767218,0.00964044079528882,0.166977332648,0.00682821091095974,0.160007908326814,0.95826125492208,0.039186216791488,0.167139857555575,0.946666666666667,0.0129729062394013,0.627121973007181,"03b_2x2_to_cor_CONT",300
0.25,100,0.5,0.5,"tetrachoric (z)","own",300,300,300,300,0,0.000546577634722665,0.00896066737564602,0.155203311643438,0.00634673538722085,0.162280832552445,1.0456016101336,0.0427578295185855,0.154945387580218,0.97,0.00984885780179611,0.635914134782497,"03b_2x2_to_cor_CONT",300
0.5,100,0.5,0.5,"tetrachoric (z)","own",300,300,300,300,0,0.00410443968261793,0.00998138784150336,0.172882708715341,0.00706969969663429,0.173807224473355,1.00534764734359,0.0411117225675808,0.172643126983437,0.96,0.0113137084989848,0.680260824411228,"03b_2x2_to_cor_CONT",300
0.75,100,0.5,0.5,"tetrachoric (z)","own",300,300,300,300,0,0.0441470033935863,0.012099664286302,0.209572332984017,0.00857005000632878,0.207823476908683,0.99165511949773,0.0405517934649114,0.213829648985251,0.96,0.0113137084989848,0.810874015032283,"03b_2x2_to_cor_CONT",300
0,300,0.5,0.5,"tetrachoric (z)","own",300,300,300,300,0,-0.00336005733428095,0.00558472293186285,0.0967302386418148,0.00395559361524926,0.0911350835535238,0.942157125146673,0.0385276699522248,0.09662732492813,0.936666666666667,0.0140620318852128,0.357239230985521,"03b_2x2_to_cor_CONT",300
0.1,300,0.5,0.5,"tetrachoric (z)","own",300,300,300,300,0,-0.00525324538010597,0.00522947996366401,0.0905772499422951,0.00370397919605357,0.0913202096815436,1.00820249830638,0.0412284661050668,0.0905786251465666,0.963333333333333,0.0108508405545718,0.35796217003753,"03b_2x2_to_cor_CONT",300
0.25,300,0.5,0.5,"tetrachoric (z)","own",300,300,300,300,0,-0.00374879964248322,0.00553639627007671,0.0958931963060769,0.00392136440869061,0.0928121678797401,0.967870208262715,0.0395791561144663,0.0958066120520706,0.943333333333333,0.0133486023682326,0.363775149478126,"03b_2x2_to_cor_CONT",300
0.5,300,0.5,0.5,"tetrachoric (z)","own",300,300,300,300,0,-0.00115842770401725,0.00609025476915383,0.105486306912131,0.00431365587407405,0.0992221359044352,0.940616263939227,0.0384646594516849,0.105316720883023,0.933333333333333,0.0144016459964619,0.388758733483979,"03b_2x2_to_cor_CONT",300
0.75,300,0.5,0.5,"tetrachoric (z)","own",300,300,300,300,0,0.00876922648101519,0.00646510077796006,0.111978830234799,0.00457915489653693,0.116534036797176,1.04067917616951,0.0425565362246454,0.112135454811403,0.956666666666667,0.0117552194868996,0.456267894243803,"03b_2x2_to_cor_CONT",300
0,25,0.3,0.1,"phi (r)","population",300,279,130,130,0.07,0.0117553259276,0.0126897183501077,0.21196008481224,0.0089891098735885,0.193349771388725,0.912198971612977,0.0386858534693791,0.211906196911443,0.992307692307692,0.00766266477783652,0.753020422578576,"03b_2x2_to_cor_CONT",300
0.1,25,0.3,0.1,"phi (r)","population",300,276,145,145,0.08,-0.0317738877779768,0.0129319376982316,0.214841484555801,0.00916087168203993,0.193906261383769,0.90255502462517,0.0384850755600884,0.21679300823144,1,0,0.755236630897344,"03b_2x2_to_cor_CONT",300
0.25,25,0.3,0.1,"phi (r)","population",300,270,148,148,0.1,-0.142113071693245,0.0128882766009044,0.21177599465044,0.00913031145107599,0.193224999537848,0.912402748275538,0.0393364756677158,0.254713740074091,0.972972972972973,0.0133296476193533,0.75335367518485,"03b_2x2_to_cor_CONT",300
0.5,25,0.3,0.1,"phi (r)","population",300,280,152,152,0.0666666666666667,-0.262288550819496,0.0129235636029279,0.21625258133881,0.00915470176471597,0.192417979034537,0.889783501511457,0.0376675392315431,0.339696105851231,0.638157894736842,0.0389764095422073,0.753572285516154,"03b_2x2_to_cor_CONT",300
0,50,0.3,0.1,"phi (r)","population",300,300,220,220,0,-0.0110514120646025,0.00822666726116188,0.142490056732959,0.00582685173285356,0.139996642361237,0.982501134262341,0.0401774591713171,0.14268101458203,0.986363636363636,0.0078190946997313,0.546151563556539,"03b_2x2_to_cor_CONT",300
0.1,50,0.3,0.1,"phi (r)","population",300,299,246,246,0.0033333333333333,-0.0488547473419403,0.0084115550044286,0.145449383017481,0.00595783886938602,0.140442364343636,0.965575524832283,0.0395515145807266,0.153204292043069,0.995934959349594,0.00405676995892824,0.548206847625486,"03b_2x2_to_cor_CONT",300
0.25,50,0.3,0.1,"phi (r)","population",300,299,261,261,0.0033333333333333,-0.120073166077731,0.00862153705000036,0.14908031201421,0.00610656751614894,0.140860559737535,0.944863596234687,0.0387031209285935,0.191228067346506,0.89272030651341,0.0191556200902554,0.550336737864733,"03b_2x2_to_cor_CONT",300
0.5,50,0.3,0.1,"phi (r)","population",300,299,240,240,0.0033333333333333,-0.246028197638456,0.00907795336143791,0.156972487820319,0.00642984363328457,0.14195756139557,0.90434676398876,0.0370434868138846,0.291698177451445,0.458333333333333,0.032162600491415,0.556667920655155,"03b_2x2_to_cor_CONT",300
0,100,0.3,0.1,"phi (r)","population",300,300,276,276,0,-0.00503459766135987,0.00608905363098277,0.105465502588739,0.0043128051220245,0.100301818396403,0.951039116435332,0.0388908815862022,0.10540988016209,0.967391304347826,0.0106908752607407,0.392098588554347,"03b_2x2_to_cor_CONT",300
0.1,100,0.3,0.1,"phi (r)","population",300,300,291,291,0,-0.0523883526883036,0.00637670397379346,0.110447752674366,0.00451654447907559,0.100368504717362,0.908741937133655,0.0371612212986027,0.122076136958222,0.914089347079038,0.0164274948296088,0.392440439750264,"03b_2x2_to_cor_CONT",300
0.25,100,0.3,0.1,"phi (r)","population",300,300,299,299,0,-0.124625731955553,0.00590886382462922,0.102344523592636,0.00418517879995961,0.100641967358295,0.983364461775035,0.0402127632586949,0.161155390549503,0.759197324414716,0.0247270549711444,0.393697643271328,"03b_2x2_to_cor_CONT",300
0.5,100,0.3,0.1,"phi (r)","population",300,300,289,289,0,-0.244187837147573,0.00645664330145801,0.111832342444745,0.00457316456533147,0.103862321570708,0.928732415866408,0.0379786927651403,0.268500436470346,0.29757785467128,0.0268936953211989,0.406792313634297,"03b_2x2_to_cor_CONT",300
0,300,0.3,0.1,"phi (r)","population",300,300,298,298,0,0.00423929781950856,0.00349913788780016,0.0606068460435912,0.00247839824047318,0.0578178778169128,0.953982620632124,0.0390112504240214,0.0606540803853807,0.936241610738255,0.0141531955104145,0.226425282844714,"03b_2x2_to_cor_CONT",300
0.1,300,0.3,0.1,"phi (r)","population",300,300,300,300,0,-0.0540022224878652,0.00343472421908215,0.0594911685743762,0.00243277479597568,0.0577801053896623,0.971238366538812,0.0397168903489637,0.0802722980953741,0.826666666666667,0.0218547392944787,0.226292938582127,"03b_2x2_to_cor_CONT",300
0.25,300,0.3,0.1,"phi (r)","population",300,300,299,299,0,-0.129077701116294,0.00344420658671834,0.0596554079995955,0.00243949104552589,0.0581793885267223,0.975257574755281,0.0398812479953693,0.142154697671423,0.394648829431438,0.028266595791823,0.227881904113349,"03b_2x2_to_cor_CONT",300
0.5,300,0.3,0.1,"phi (r)","population",300,300,300,300,0,-0.246534973082924,0.0034380493920273,0.0595487622592258,0.00243512997689189,0.0598026032681504,1.00426274198311,0.0410673574881876,0.253601513907117,0.02,0.00808290376865476,0.234314166870343,"03b_2x2_to_cor_CONT",300
0,25,0.5,0.1,"phi (r)","population",300,284,170,170,0.0533333333333333,0.0144194536270403,0.0120430183467833,0.202952552622214,0.00853073207765273,0.192938888848856,0.950660074761429,0.0399592234240439,0.203107422237283,1,0,0.750045534649628,"03b_2x2_to_cor_CONT",300
0.1,25,0.5,0.1,"phi (r)","population",300,276,143,143,0.08,-0.0395931056318944,0.0121960044135063,0.202615242586971,0.00863954297282158,0.19297109014861,0.952401644046003,0.0406105425537738,0.206086894339502,1,0,0.749885908898794,"03b_2x2_to_cor_CONT",300
0.25,25,0.5,0.1,"phi (r)","population",300,279,146,146,0.07,-0.119509546571039,0.0108220239698818,0.180763438179601,0.00766607735774136,0.193002473271842,1.06770747013608,0.0452808828153017,0.216427438420642,0.965753424657534,0.0150509971953298,0.750238519833795,"03b_2x2_to_cor_CONT",300
0,50,0.5,0.1,"phi (r)","population",300,298,241,241,0.00666666666666671,-0.0141449744616206,0.0085369079117922,0.147369879605492,0.00604665940202826,0.14033206783287,0.952243892771967,0.0390710401790884,0.147800821786493,0.987551867219917,0.00714206078399008,0.54748269970457,"03b_2x2_to_cor_CONT",300
0.1,50,0.5,0.1,"phi (r)","population",300,297,237,237,0.01,-0.064103980244509,0.00846123193583158,0.145818230766818,0.00599309236718095,0.140478043292636,0.963377778991697,0.0395945828146798,0.159061888148235,0.970464135021097,0.0109974100631202,0.548095593286145,"03b_2x2_to_cor_CONT",300
0.25,50,0.5,0.1,"phi (r)","population",300,300,227,227,0,-0.146716363274739,0.00792075333549139,0.137191472112917,0.00561017649471522,0.140805337065956,1.02634176087902,0.0419702357132586,0.200709872551584,0.814977973568282,0.0257734005700904,0.549524843873472,"03b_2x2_to_cor_CONT",300
0,100,0.5,0.1,"phi (r)","population",300,300,292,292,0,-0.00264028640954839,0.00588082214023742,0.101858827371672,0.00416531720447952,0.100288137306376,0.984579735445367,0.0402624594947287,0.10172319183358,0.986301369863014,0.00680224018029345,0.392025980904851,"03b_2x2_to_cor_CONT",300
0.1,100,0.5,0.1,"phi (r)","population",300,300,292,292,0,-0.051399339901855,0.00610737015486649,0.105782754088586,0.00432577850061677,0.100632407940242,0.951312043322005,0.0389020423965704,0.117450343697684,0.904109589041096,0.0172308500061679,0.393368383668586,"03b_2x2_to_cor_CONT",300
0.25,100,0.5,0.1,"phi (r)","population",300,300,294,294,0,-0.138770966811357,0.00527171532629824,0.0913087878818809,0.00373389400701412,0.10155646041129,1.11223095571771,0.0454825060797248,0.166032782882585,0.717687074829932,0.0262518115637933,0.397005792206772,"03b_2x2_to_cor_CONT",300
0,300,0.5,0.1,"phi (r)","population",300,300,297,297,0,-0.000890748446489117,0.00350873875366174,0.0607731379182803,0.00248519842092372,0.0577323817187963,0.949965456719172,0.0388469763754033,0.0606783031864586,0.939393939393939,0.0138453417543907,0.22610059383676,"03b_2x2_to_cor_CONT",300
0.1,300,0.5,0.1,"phi (r)","population",300,300,300,300,0,-0.0530934253030958,0.00334350226868519,0.0579111580458455,0.00236816336064339,0.057842819469617,0.998819941121288,0.0408447848093605,0.0784948089315822,0.873333333333333,0.0192026232775822,0.226530659341322,"03b_2x2_to_cor_CONT",300
0.25,300,0.5,0.1,"phi (r)","population",300,300,300,300,0,-0.131060052147393,0.00317728309882132,0.0550321575718842,0.00225043227620691,0.0585378574778916,1.06370275236671,0.0434980402701701,0.14210974811041,0.363333333333333,0.027768220578101,0.229246573496071,"03b_2x2_to_cor_CONT",300
0,25,0.3,0.3,"phi (r)","population",300,300,273,273,0,0.00403962791762913,0.0109141885756379,0.189039291363927,0.00773039149339128,0.191213094246506,1.01149921197279,0.0413632787522105,0.188767191960954,0.985347985347985,0.00727213889427488,0.744390632850488,"03b_2x2_to_cor_CONT",300
0.1,25,0.3,0.3,"phi (r)","population",300,300,276,276,0,-0.0335466532590605,0.0120030855429901,0.207899540080544,0.00850164441753339,0.189771246003866,0.912802625394674,0.0373272751901711,0.210246338013372,0.97463768115942,0.00946371246967734,0.740348873111418,"03b_2x2_to_cor_CONT",300
0.25,25,0.3,0.3,"phi (r)","population",300,300,285,285,0,-0.099106596257727,0.0115652815105312,0.200316551800769,0.00819155296686453,0.188556062406368,0.941290476055627,0.0384922300354073,0.223192926883279,0.954385964912281,0.0123591566865455,0.737642320103108,"03b_2x2_to_cor_CONT",300
0.5,25,0.3,0.3,"phi (r)","population",300,300,278,278,0,-0.179551224363208,0.0123842166758005,0.214500924944282,0.00877159511945917,0.182047714019562,0.848703631776179,0.0347060724157202,0.279456472728056,0.794964028776978,0.0242139906736597,0.721284919935782,"03b_2x2_to_cor_CONT",300
0.75,25,0.3,0.3,"phi (r)","population",300,300,259,259,0,-0.232924616026559,0.0113784823493512,0.197081095421019,0.00805924531645596,0.168351800145055,0.854226021960196,0.0349318997439634,0.304902222135054,0.586872586872587,0.0305959566340957,0.687244612081923,"03b_2x2_to_cor_CONT",300
0,50,0.3,0.3,"phi (r)","population",300,300,298,298,0,0.00389888986862305,0.00845384937518396,0.14642496637353,0.0059877621541383,0.138283929706165,0.944401307584407,0.0386194413966748,0.146232706842344,0.959731543624161,0.0113880468060535,0.539820154236489,"03b_2x2_to_cor_CONT",300
0.1,50,0.3,0.3,"phi (r)","population",300,300,297,297,0,-0.0412473084878007,0.00740271100128083,0.128218715679675,0.00524325319795848,0.138076649907831,1.07688373866405,0.04403705088332,0.134486353872297,0.96969696969697,0.00994678714984507,0.538964328716099,"03b_2x2_to_cor_CONT",300
0.25,50,0.3,0.3,"phi (r)","population",300,300,299,299,0,-0.0928864576267972,0.00805135590435731,0.139453574961665,0.00570268075926767,0.13665561225299,0.979936242513363,0.0400725729478516,0.167362986493863,0.906354515050167,0.0168483307131759,0.534340238519234,"03b_2x2_to_cor_CONT",300
0.5,50,0.3,0.3,"phi (r)","population",300,300,300,300,0,-0.179416441683052,0.00835059971949217,0.144636629878309,0.00591463163650761,0.132250149178871,0.914361384734568,0.037391017599775,0.23030475838134,0.676666666666667,0.0270054864110295,0.520571615015899,"03b_2x2_to_cor_CONT",300
0.75,50,0.3,0.3,"phi (r)","population",300,300,293,293,0,-0.214195806668918,0.00851566843736652,0.147495703939295,0.00603154786932121,0.120240788653617,0.815215531315438,0.0333366421503835,0.259927508482964,0.460750853242321,0.0291201761142376,0.482958728873369,"03b_2x2_to_cor_CONT",300
0,100,0.3,0.3,"phi (r)","population",300,300,298,298,0,0.0057494427117304,0.00587925446660555,0.101831674467871,0.00416420683967098,0.098835440771748,0.970576603873207,0.0396898288611432,0.101824262252877,0.932885906040268,0.0144948257779992,0.386483070828067,"03b_2x2_to_cor_CONT",300
0.1,100,0.3,0.3,"phi (r)","population",300,300,298,298,0,-0.0399014873793457,0.00596525043009813,0.103321168248021,0.00422511676990005,0.0986383463160112,0.954677032679611,0.039039647044354,0.110597505806081,0.919463087248322,0.0157636399269117,0.385760484478761,"03b_2x2_to_cor_CONT",300
0.25,100,0.3,0.3,"phi (r)","population",300,300,300,300,0,-0.108411020326124,0.00620506059441431,0.107474802135691,0.0043949714907903,0.0979471408448253,0.911349813151209,0.0372678652795258,0.152529602521205,0.766666666666667,0.0244191788620399,0.383278895540739,"03b_2x2_to_cor_CONT",300
0.5,100,0.3,0.3,"phi (r)","population",300,300,300,300,0,-0.177870820388453,0.00613710859877251,0.106297839046418,0.00434684189091873,0.0946189882943685,0.890130873244282,0.0364001582998191,0.207122174644934,0.506666666666667,0.0288649473442303,0.371414513996709,"03b_2x2_to_cor_CONT",300
0.75,100,0.3,0.3,"phi (r)","population",300,300,299,299,0,-0.224945313495405,0.00562472828106869,0.0974231516158054,0.00398392893390789,0.0864213515679613,0.887072016606172,0.036275072349887,0.24507147317888,0.180602006688963,0.0222470863049481,0.342240764685232,"03b_2x2_to_cor_CONT",300
0,300,0.3,0.3,"phi (r)","population",300,300,300,300,0,0.00244369483055935,0.0031846143353051,0.0551591383126062,0.00225562490484416,0.0575055206301869,1.04253841501807,0.0426325661551184,0.0551213245064874,0.956666666666667,0.0117552194868996,0.225214860934968,"03b_2x2_to_cor_CONT",300
0.1,300,0.3,0.3,"phi (r)","population",300,300,299,299,0,-0.0404881049009007,0.00331105382926868,0.0573491345888885,0.00234518051237201,0.0574341181545664,1.00148186308803,0.0409536388935,0.0701230832115964,0.889632107023411,0.0181213690794239,0.224944699820808,"03b_2x2_to_cor_CONT",300
0.25,300,0.3,0.3,"phi (r)","population",300,300,299,299,0,-0.099383086904755,0.0033502724686328,0.0580284213487122,0.00237295861369596,0.057064432251694,0.983387638770572,0.0402137110365238,0.11503508734872,0.555183946488294,0.0287390946046596,0.223544827995132,"03b_2x2_to_cor_CONT",300
0.5,300,0.3,0.3,"phi (r)","population",300,300,300,300,0,-0.184033644189611,0.00360024674300011,0.0623581027866056,0.00255001245427638,0.0552960110637174,0.886749413351216,0.0362618801217535,0.194278031182743,0.0866666666666667,0.0162435172253995,0.216820843852895,"03b_2x2_to_cor_CONT",300
0.75,300,0.3,0.3,"phi (r)","population",300,300,300,300,0,-0.223595583450141,0.00312280749566828,0.0540886124475439,0.00221184784674674,0.050324305793626,0.930404821207632,0.0380470825053367,0.230023500991213,0.00333333333333333,0.00332777314041599,0.197915888015636,"03b_2x2_to_cor_CONT",300
0,25,0.5,0.3,"phi (r)","population",300,299,288,288,0.0033333333333333,0.00464304359399566,0.0117115060056108,0.202510870085824,0.00829516845131959,0.19012326392708,0.938829919828528,0.0384559719130931,0.202225248136364,0.972222222222222,0.00968356512192217,0.741022628575378,"03b_2x2_to_cor_CONT",300
0.1,25,0.5,0.3,"phi (r)","population",300,300,279,279,0,-0.0606421762756957,0.0113067990971834,0.195839505072955,0.00800847291144059,0.190365766479345,0.972049875271229,0.0397500754088347,0.204701591554264,0.956989247311828,0.0121461865988381,0.741620417887813,"03b_2x2_to_cor_CONT",300
0.25,25,0.5,0.3,"phi (r)","population",300,300,269,269,0,-0.0952702996016272,0.0115731217088842,0.200452348019657,0.00819710608721189,0.189146213683811,0.943596897479406,0.0385865466212658,0.221638527036003,0.910780669144981,0.0173804190401271,0.738880229192549,"03b_2x2_to_cor_CONT",300
0.5,25,0.5,0.3,"phi (r)","population",300,300,260,260,0,-0.186970523296898,0.0104414735556454,0.180851627042648,0.00739557300056214,0.184388409175607,1.01955626383237,0.0416927561042875,0.259915877190824,0.796153846153846,0.0249840641061984,0.726829408306289,"03b_2x2_to_cor_CONT",300
0,50,0.5,0.3,"phi (r)","population",300,300,297,297,0,-0.00780060859860103,0.00800836598461198,0.138708967709543,0.00567223150437366,0.137925389971264,0.994350922285575,0.0406620330388574,0.138697127914792,0.95959595959596,0.0114255832500108,0.538371199996628,"03b_2x2_to_cor_CONT",300
0.1,50,0.5,0.3,"phi (r)","population",300,300,295,295,0,-0.0309328868969738,0.00846509458226489,0.146619739073588,0.00599572700214852,0.137533560470903,0.938028953945107,0.0383588564780015,0.149607932782662,0.959322033898305,0.0115014028879788,0.53712207062821,"03b_2x2_to_cor_CONT",300
0.25,50,0.5,0.3,"phi (r)","population",300,300,297,297,0,-0.0885597656643392,0.00814578609595483,0.141089153857819,0.00576956455413578,0.136856987888326,0.970003605140635,0.0396663972004761,0.1663809712669,0.895622895622896,0.0177413633807912,0.53520118948057,"03b_2x2_to_cor_CONT",300
0.5,50,0.5,0.3,"phi (r)","population",300,300,296,296,0,-0.196931012708993,0.00766175438794664,0.132705478750374,0.00542673058419042,0.134557999178665,1.01395963788184,0.0414638930498002,0.237347562398804,0.621621621621622,0.0281890445675054,0.529049130042254,"03b_2x2_to_cor_CONT",300
0,100,0.5,0.3,"phi (r)","population",300,300,298,298,0,0.00136308315691559,0.00590334893508845,0.102249002903808,0.00418127266851452,0.0986591113588929,0.964890693865323,0.0394573147100374,0.102087546066434,0.946308724832215,0.0130575034535089,0.38579475025492,"03b_2x2_to_cor_CONT",300
0.1,100,0.5,0.3,"phi (r)","population",300,300,298,298,0,-0.027413130611927,0.00574103639634054,0.0994376672656395,0.00406630860498273,0.0984701833839745,0.990270448731663,0.0404951700664955,0.102987231743913,0.949664429530201,0.0126652699591647,0.385116628599065,"03b_2x2_to_cor_CONT",300
0.25,100,0.5,0.3,"phi (r)","population",300,300,300,300,0,-0.090665471382463,0.00539349886123005,0.0934181405821533,0.00382015185348137,0.0978732237721172,1.04768970097458,0.0428432179029688,0.130069546246864,0.836666666666667,0.0213428798084635,0.383034931769896,"03b_2x2_to_cor_CONT",300
0.5,100,0.5,0.3,"phi (r)","population",300,300,300,300,0,-0.193938961754203,0.00516560831344816,0.0894709605089239,0.0036587396568908,0.0960852290940264,1.07392642872592,0.043916117486754,0.213519765247716,0.403333333333333,0.0283228738864047,0.37707837171706,"03b_2x2_to_cor_CONT",300
0,300,0.5,0.3,"phi (r)","population",300,300,299,299,0,-0.000171003275981201,0.00333582006441404,0.0577780983647281,0.00236272214564728,0.0574750893233244,0.994755641843888,0.0406785832523512,0.0576819746304029,0.94314381270903,0.0133919010689227,0.225096480600979,"03b_2x2_to_cor_CONT",300
0.1,300,0.5,0.3,"phi (r)","population",300,300,299,299,0,-0.0369058044085776,0.00328389477226659,0.0568787259227556,0.00232594407149851,0.0573888859219712,1.00896925855738,0.0412598212634522,0.0677232891756212,0.91304347826087,0.0162952570264808,0.224768242674171,"03b_2x2_to_cor_CONT",300
0.25,300,0.5,0.3,"phi (r)","population",300,300,300,300,0,-0.0995590652718019,0.00299800975780338,0.0519270522210271,0.00212345507576798,0.0570181311702577,1.09804290310107,0.0449023134622847,0.112247218975137,0.576666666666667,0.0285261413573715,0.223362492739322,"03b_2x2_to_cor_CONT",300
0.5,300,0.5,0.3,"phi (r)","population",300,300,300,300,0,-0.182895502513568,0.00336491239244453,0.0582819922673207,0.00238332789966841,0.055601584848203,0.954009680952163,0.0390123570027984,0.191927676031702,0.09,0.0165227116418583,0.218036679280242,"03b_2x2_to_cor_CONT",300
0,25,0.3,0.5,"phi (r)","population",300,300,282,282,0,-0.00937065820017464,0.011948904706695,0.206961100467947,0.00846326876797429,0.189839773830956,0.917272730970803,0.0375100714007945,0.206828262136291,0.982269503546099,0.00785870930097946,0.740233214399099,"03b_2x2_to_cor_CONT",300
0.1,25,0.3,0.5,"phi (r)","population",300,300,288,288,0,-0.0280590949972849,0.0113455374051808,0.196510472249464,0.00803591079970288,0.18989642579261,0.966342524237298,0.0395166844689715,0.19817910408709,0.954861111111111,0.0122334595813714,0.74023104666625,"03b_2x2_to_cor_CONT",300
0.25,25,0.3,0.5,"phi (r)","population",300,300,280,280,0,-0.12440881137161,0.0120550597478718,0.208799759715924,0.00853845713599691,0.189083287331744,0.905572341601332,0.0370316068985287,0.242754129807918,0.896428571428571,0.0182095331935051,0.738502987150658,"03b_2x2_to_cor_CONT",300
0.5,25,0.3,0.5,"phi (r)","population",300,300,263,263,0,-0.197657637724766,0.0113032932592859,0.195778782179341,0.00800598976766203,0.184942541685565,0.944650587907686,0.0386296352271565,0.277975014819776,0.775665399239544,0.0257221618625364,0.729377338173637,"03b_2x2_to_cor_CONT",300
0,50,0.3,0.5,"phi (r)","population",300,300,296,296,0,-0.0114040249206377,0.00856224649844291,0.148302459622318,0.0060645385625485,0.137638916663067,0.928095980428053,0.0379526669846623,0.14849363369963,0.949324324324324,0.0127485626601708,0.537353600257381,"03b_2x2_to_cor_CONT",300
0.1,50,0.3,0.5,"phi (r)","population",300,300,299,299,0,-0.0341418992725643,0.00801287178051519,0.138787010383872,0.00567542290665518,0.137750385563378,0.992530822462224,0.0405876036221471,0.142700026009318,0.946488294314381,0.0130150675531153,0.537847053818334,"03b_2x2_to_cor_CONT",300
0.25,50,0.3,0.5,"phi (r)","population",300,300,293,293,0,-0.104303721334861,0.00846576815636223,0.146631405719181,0.00599620408676513,0.13685866646437,0.933351663602499,0.0381675878522267,0.179745281431825,0.853242320819113,0.020672966534394,0.535035105575879,"03b_2x2_to_cor_CONT",300
0.5,50,0.3,0.5,"phi (r)","population",300,300,297,297,0,-0.19750444079062,0.00761716134239063,0.131933104544701,0.00539514585412629,0.134140199305615,1.01672889278647,0.0415771363041698,0.237394875808014,0.67003367003367,0.0272838028105996,0.527275801858998,"03b_2x2_to_cor_CONT",300
0,100,0.3,0.5,"phi (r)","population",300,300,296,296,0,0.000890172266999189,0.00561205734269756,0.0972036845254216,0.00397495425718147,0.0986877188086753,1.01526726368963,0.0415173658455782,0.0970456258899127,0.959459459459459,0.011463367788664,0.385894618705209,"03b_2x2_to_cor_CONT",300
0.1,100,0.3,0.5,"phi (r)","population",300,300,295,295,0,-0.0370399618696719,0.00565853688641611,0.098008733837753,0.00400787517172207,0.0985595526317354,1.00562009907091,0.041122863947238,0.104621468370939,0.938983050847458,0.0139361596573609,0.385451570823212,"03b_2x2_to_cor_CONT",300
0.25,100,0.3,0.5,"phi (r)","population",300,300,300,300,0,-0.0956927550359836,0.00588199387981962,0.101879122496568,0.00416614713385411,0.0978562185654154,0.960512970345934,0.0392782962826483,0.139649064139525,0.81,0.0226495033058122,0.382973153869806,"03b_2x2_to_cor_CONT",300
0.5,100,0.3,0.5,"phi (r)","population",300,300,300,300,0,-0.184493613967415,0.00533497176805139,0.0924044215921057,0.00377869780125332,0.0958115723001569,1.0368721609783,0.0424008557963229,0.20627168686168,0.453333333333333,0.028741504380844,0.376125029775963,"03b_2x2_to_cor_CONT",300
0,300,0.3,0.5,"phi (r)","population",300,300,298,298,0,-0.00288996991246177,0.00348284536633714,0.0603246512940176,0.00246685843900734,0.0574664076719109,0.952618978132573,0.0389554869353705,0.0602933268943914,0.936241610738255,0.0141531955104145,0.225063179964003,"03b_2x2_to_cor_CONT",300
0.1,300,0.3,0.5,"phi (r)","population",300,300,299,299,0,-0.0399677157676075,0.003173519512309,0.054966970341304,0.00224776657211376,0.0574027816205916,1.04431409015565,0.0427051789113321,0.0678875165703316,0.909698996655518,0.0165752295483393,0.224821234616094,"03b_2x2_to_cor_CONT",300
0.25,300,0.3,0.5,"phi (r)","population",300,300,300,300,0,-0.0984261916743141,0.00353858721648615,0.0612901284596775,0.00250633973633252,0.0569941434465162,0.929907390943264,0.0380267410691386,0.115895096766964,0.583333333333333,0.0284637521276656,0.223270928747628,"03b_2x2_to_cor_CONT",300
0.5,300,0.3,0.5,"phi (r)","population",300,300,300,300,0,-0.186875205600577,0.00329672596301959,0.0571009686658137,0.00233503225310355,0.0556384953348354,0.974387941830943,0.0398456860605347,0.195376545902411,0.0666666666666667,0.0144016459964619,0.218172580713516,"03b_2x2_to_cor_CONT",300
0,25,0.5,0.5,"phi (r)","population",300,300,297,297,0,-0.00112140941100102,0.0113662680320859,0.196869537240186,0.00805059405909213,0.18899521159746,0.960002315476978,0.0392574140521525,0.196544346658089,0.95959595959596,0.0114255832500108,0.736458944565285,"03b_2x2_to_cor_CONT",300
0.1,25,0.5,0.5,"phi (r)","population",300,300,295,295,0,-0.0403405565828339,0.0115266546861739,0.199647515577551,0.00816419404115433,0.188450173810871,0.943914444743839,0.0385995320945714,0.203355912659178,0.955932203389831,0.0119498707052213,0.734925876046361,"03b_2x2_to_cor_CONT",300
0.25,25,0.5,0.5,"phi (r)","population",300,300,297,297,0,-0.0770354808079034,0.0111679573608024,0.193434695656725,0.00791013294137235,0.186448464000534,0.963883254591568,0.0394161174545052,0.207910373756343,0.94949494949495,0.0127067799684569,0.729295914339686,"03b_2x2_to_cor_CONT",300
0.5,25,0.5,0.5,"phi (r)","population",300,300,293,293,0,-0.166927117886542,0.0111037300732588,0.192322246404148,0.00786464150847018,0.178694975715249,0.929143554925715,0.0379955054915515,0.254419370973017,0.825938566552901,0.0221508981654001,0.70750211414,"03b_2x2_to_cor_CONT",300
0.75,25,0.5,0.5,"phi (r)","population",300,300,268,268,0,-0.202925040773801,0.00962198279921305,0.166657630777908,0.00681513732927656,0.161553478608984,0.969373426556591,0.039640627281798,0.262413329532945,0.667910447761194,0.0287686397416433,0.661601365103553,"03b_2x2_to_cor_CONT",300
0,50,0.5,0.5,"phi (r)","population",300,300,292,292,0,-0.00626365163765382,0.00837400160563607,0.14504196243625,0.00593120691742037,0.137196907040965,0.945911822595936,0.0386812109489807,0.144935434922952,0.941780821917808,0.0137030275358916,0.535576346567706,"03b_2x2_to_cor_CONT",300
0.1,50,0.5,0.5,"phi (r)","population",300,300,295,295,0,-0.0455166110132849,0.00831389643699125,0.144000910377347,0.00588863513288681,0.137064536020013,0.951831038156929,0.0389232656736366,0.150794241248379,0.942372881355932,0.0135679375099559,0.535164645919407,"03b_2x2_to_cor_CONT",300
0.25,50,0.5,0.5,"phi (r)","population",300,300,295,295,0,-0.0847696226739577,0.00861601248759688,0.149233713871657,0.00610262038075323,0.13520710985674,0.906009147323237,0.037049469212826,0.171412819278566,0.874576271186441,0.0192831371897359,0.528792566375199,"03b_2x2_to_cor_CONT",300
0.5,50,0.5,0.5,"phi (r)","population",300,300,300,300,0,-0.171541098027242,0.00743580084788128,0.128791848634941,0.00526669034739978,0.130179563472838,1.01077486543291,0.041333658019453,0.214379097518737,0.706666666666667,0.0262861743691044,0.512156386511555,"03b_2x2_to_cor_CONT",300
0.75,50,0.5,0.5,"phi (r)","population",300,300,300,300,0,-0.206368313129567,0.00681221430178657,0.117991012827417,0.00482501132582926,0.11601303086562,0.983236164226425,0.0402075167817787,0.237620187501586,0.456666666666667,0.0287588955642263,0.465920997698281,"03b_2x2_to_cor_CONT",300
0,100,0.5,0.5,"phi (r)","population",300,300,295,295,0,0.0112587541658142,0.00558059115819085,0.0966586742225619,0.00395266712851822,0.0985428089494678,1.0194926605611,0.0416901551731072,0.0971520244264355,0.96271186440678,0.0110311931430832,0.385326930301719,"03b_2x2_to_cor_CONT",300
0.1,100,0.5,0.5,"phi (r)","population",300,300,297,297,0,-0.0299759385410267,0.00597495686366307,0.103489288608968,0.00423199172271414,0.0982395312857242,0.949272457142109,0.0388186375152817,0.107577365828891,0.919191919191919,0.0158143836506459,0.384212264792679,"03b_2x2_to_cor_CONT",300
0.25,100,0.5,0.5,"phi (r)","population",300,300,298,298,0,-0.0916088285605125,0.005431561059784,0.0940773971995855,0.00384711086137115,0.097327995567235,1.03455238414763,0.0423059930672627,0.131199208376163,0.859060402684564,0.0201567371141076,0.38087976487179,"03b_2x2_to_cor_CONT",300
0.5,100,0.5,0.5,"phi (r)","population",300,300,300,300,0,-0.170521847121168,0.00531794049980925,0.0921094313729785,0.00376663475412633,0.0930990759918684,1.01074422677611,0.0413324051116042,0.193735818067566,0.5,0.0288675134594813,0.365410675818008,"03b_2x2_to_cor_CONT",300
0.75,100,0.5,0.5,"phi (r)","population",300,300,300,300,0,-0.201851897549842,0.00475577675005115,0.0823724696054339,0.00336846077729738,0.0825788511062265,1.00250546695736,0.0409954971685017,0.217960535145411,0.21,0.0235159520326097,0.327276535937167,"03b_2x2_to_cor_CONT",300
0,300,0.5,0.5,"phi (r)","population",300,300,300,300,0,-0.00211267853129916,0.00353060178366604,0.0611518167060288,0.00250068374811902,0.0574365112985464,0.939244562016158,0.0384085663886976,0.0610863564805557,0.936666666666667,0.0140620318852128,0.224946118097351,"03b_2x2_to_cor_CONT",300
0.1,300,0.5,0.5,"phi (r)","population",300,300,300,300,0,-0.039900450729851,0.00329749344756472,0.0571142618880755,0.0023355758533866,0.0573458890908167,1.0040555054917,0.0410588829578464,0.0695931851292079,0.893333333333333,0.017822166805123,0.224598578009096,"03b_2x2_to_cor_CONT",300
0.25,300,0.5,0.5,"phi (r)","population",300,300,300,300,0,-0.0924446567770054,0.00338613629313112,0.0586496010105604,0.00239836053907968,0.0567264058935475,0.967208726336151,0.0395521061069189,0.109427255957191,0.61,0.0281602556806574,0.222221065932951,"03b_2x2_to_cor_CONT",300
0.5,300,0.5,0.5,"phi (r)","population",300,300,300,300,0,-0.169464617965108,0.00334849165555464,0.0579975767614105,0.00237169728472263,0.0542152258730551,0.934784328939893,0.0382261738946159,0.179083118288376,0.113333333333333,0.0183019934150071,0.212592436678167,"03b_2x2_to_cor_CONT",300
0.75,300,0.5,0.5,"phi (r)","population",300,300,300,300,0,-0.209594046002787,0.00268908776536372,0.0465763663562182,0.00190464925929093,0.0483818727533619,1.03876443223018,0.0424782365222194,0.214689987725923,0.00333333333333333,0.00332777314041599,0.190302194424753,"03b_2x2_to_cor_CONT",300
0,25,0.3,0.1,"phi (z)","population",300,279,130,130,0.07,0.0138177035081404,0.0131597303720718,0.21981083337022,0.00932205577441745,0.209184022929683,0.951654746594597,0.0403591510469468,0.219851206259333,0.992307692307692,0.00766266477783652,0.818759016654585,"03b_2x2_to_cor_CONT",300
0.1,25,0.3,0.1,"phi (z)","population",300,276,145,145,0.08,-0.0270122846949346,0.0136120386455733,0.226140170072564,0.00964264925125003,0.210071199058732,0.928942429782929,0.0396102382965684,0.227340608886313,1,0,0.822432392695484,"03b_2x2_to_cor_CONT",300
0.25,25,0.3,0.1,"phi (z)","population",300,270,148,148,0.1,-0.1358599802273,0.0136113438013181,0.223657201138201,0.00964254663536518,0.21139933963019,0.945193530788949,0.0407501866861251,0.261333520942604,0.972972972972973,0.0133296476193533,0.826541653531108,"03b_2x2_to_cor_CONT",300
0.5,25,0.3,0.1,"phi (z)","population",300,280,152,152,0.0666666666666667,-0.243932122615482,0.0143838464800054,0.240687787552468,0.0101891265288528,0.217680203330625,0.904409008633944,0.0382866863188758,0.342383697744265,0.789473684210526,0.0330674138125023,0.850284451931955,"03b_2x2_to_cor_CONT",300
0,50,0.3,0.1,"phi (z)","population",300,300,220,220,0,-0.0109538261878326,0.00840014888884767,0.145494846666274,0.00594972673080947,0.14498062820939,0.996465727352781,0.0407485138491893,0.145664594920115,0.986363636363636,0.0078190946997313,0.567944793476194,"03b_2x2_to_cor_CONT",300
0.1,50,0.3,0.1,"phi (z)","population",300,299,246,246,0.0033333333333333,-0.0474680067870753,0.00859394846109535,0.148603260716032,0.00608702673358933,0.146960010313652,0.988942029976582,0.0405086439249857,0.155763554189107,0.995934959349594,0.00405676995892824,0.575443312970243,"03b_2x2_to_cor_CONT",300
0.25,50,0.3,0.1,"phi (z)","population",300,299,261,261,0.0033333333333333,-0.116018688625976,0.00900834496757138,0.155768846170779,0.00638054055027611,0.149563081176834,0.960160422661528,0.0393297033531689,0.194018347763329,0.89272030651341,0.0191556200902554,0.585003864044014,"03b_2x2_to_cor_CONT",300
0.5,50,0.3,0.1,"phi (z)","population",300,299,240,240,0.0033333333333333,-0.232611912727183,0.010027263432099,0.173387593469302,0.00710223255960155,0.158776346240665,0.915730722502795,0.0375097919237127,0.289950018968335,0.5875,0.0317768095472154,0.619380991297909,"03b_2x2_to_cor_CONT",300
0,100,0.3,0.1,"phi (z)","population",300,300,276,276,0,-0.00500296308349876,0.00615417547220439,0.106593445965522,0.00435893015678313,0.10239320057269,0.960595650560066,0.0392816773280352,0.106533180214789,0.967391304347826,0.0106908752607407,0.401147433899789,"03b_2x2_to_cor_CONT",300
0.1,100,0.3,0.1,"phi (z)","population",300,300,291,291,0,-0.0517834062921824,0.00645608582212028,0.111822686619374,0.00457276970926862,0.102979439120915,0.920917232756538,0.0376591061617631,0.12306158363134,0.917525773195876,0.0161258185244381,0.403430609010562,"03b_2x2_to_cor_CONT",300
0.25,100,0.3,0.1,"phi (z)","population",300,300,299,299,0,-0.122640881435874,0.0060555836393672,0.104885785328668,0.00428909872033685,0.104693291105173,0.998164725344886,0.0408179910437486,0.161261104021293,0.782608695652174,0.0238538137812866,0.409961386466624,"03b_2x2_to_cor_CONT",300
0.5,100,0.3,0.1,"phi (z)","population",300,300,289,289,0,-0.234751304817394,0.00697667755382623,0.120839599912524,0.00494149871430822,0.114758015506357,0.949672256358268,0.0388349865210221,0.263935048810872,0.460207612456747,0.0293184735681349,0.447673345304323,"03b_2x2_to_cor_CONT",300
0,300,0.3,0.1,"phi (z)","population",300,300,298,298,0,0.0042794093394518,0.00351544253475379,0.0608892508128229,0.00248994663028151,0.0582383082734885,0.956462881314083,0.039112675825793,0.0609381315157126,0.936241610738255,0.0141531955104145,0.228261153154841,"03b_2x2_to_cor_CONT",300
0.1,300,0.3,0.1,"phi (z)","population",300,300,300,300,0,-0.0537990958442407,0.00345399916968126,0.0598250205118866,0.00244642701694605,0.0583137602113347,0.974738658046066,0.0398600279131009,0.0803831181445538,0.83,0.0216871697861508,0.228569675911993,"03b_2x2_to_cor_CONT",300
0.25,300,0.3,0.1,"phi (z)","population",300,300,299,299,0,-0.128050875733383,0.00350368246897194,0.0606855604984777,0.00248161711390457,0.0595019976395738,0.980496796121154,0.0400954956895207,0.141659762241285,0.418060200668896,0.028524815769212,0.233182019074078,"03b_2x2_to_cor_CONT",300
0.5,300,0.3,0.1,"phi (z)","population",300,300,300,300,0,-0.2398339987918,0.00370682762329723,0.064204137784506,0.00262550243914307,0.0646132045753812,1.00637134622457,0.041153584727898,0.248251440507579,0.05,0.0125830573921179,0.252847028999772,"03b_2x2_to_cor_CONT",300
0,25,0.5,0.1,"phi (z)","population",300,284,170,170,0.0533333333333333,0.0149580486968123,0.0124247434927733,0.209385499126812,0.00880112898762779,0.205440857427952,0.98116086493425,0.041241267260198,0.209551082589757,1,0,0.804864829253934,"03b_2x2_to_cor_CONT",300
0.1,25,0.5,0.1,"phi (z)","population",300,276,143,143,0.08,-0.0373218041583155,0.0126144493561039,0.209566972077968,0.00893596571429981,0.204814011052749,0.977320085421422,0.0416730684641147,0.212490255115386,1,0,0.802463898987899,"03b_2x2_to_cor_CONT",300
0.25,25,0.5,0.1,"phi (z)","population",300,279,146,146,0.07,-0.115214238782865,0.0112746687021183,0.188324095807107,0.00798672066277893,0.205417695793584,1.09076692981436,0.0462588217364776,0.220483939835846,0.965753424657534,0.0150509971953298,0.804857687904122,"03b_2x2_to_cor_CONT",300
0,50,0.5,0.1,"phi (z)","population",300,298,241,241,0.00666666666666671,-0.0145411964594548,0.0087119881579477,0.150392233256701,0.00617066807442629,0.145591822192121,0.968080724910936,0.0397208332725468,0.150842207225783,0.987551867219917,0.00714206078399008,0.570275496154061,"03b_2x2_to_cor_CONT",300
0.1,50,0.5,0.1,"phi (z)","population",300,297,237,237,0.01,-0.0634846214361489,0.0086183203604038,0.148525443654822,0.00610435813148289,0.145975205602934,0.982829621719126,0.0403940486260829,0.161294231533301,0.970464135021097,0.0109974100631202,0.571837963631379,"03b_2x2_to_cor_CONT",300
0.25,50,0.5,0.1,"phi (z)","population",300,300,227,227,0,-0.144518938779347,0.0081144755307502,0.140546838960338,0.0057473876487952,0.14705238993878,1.0462874229443,0.0427858744899757,0.201428133324302,0.850220264317181,0.0236853238506496,0.575845816738977,"03b_2x2_to_cor_CONT",300
0,100,0.5,0.1,"phi (z)","population",300,300,292,292,0,-0.00269366383344003,0.0059445631256575,0.102962853624392,0.00421046419530315,0.102396916409145,0.99450348164094,0.0406682716548321,0.102826393598972,0.986301369863014,0.00680224018029345,0.401112941955211,"03b_2x2_to_cor_CONT",300
0.1,100,0.5,0.1,"phi (z)","population",300,300,292,292,0,-0.0508115157786848,0.00618949804752625,0.107205250916638,0.00438394872173649,0.103161969697122,0.962284671833284,0.03935074654422,0.118475592734312,0.904109589041096,0.0172308500061679,0.403938844884271,"03b_2x2_to_cor_CONT",300
0.25,100,0.5,0.1,"phi (z)","population",300,300,294,294,0,-0.137406930211394,0.0053748305462448,0.0930947958816918,0.00380692930538649,0.10495642114982,1.12741448279453,0.0461034066750848,0.165886758624587,0.727891156462585,0.0259555887580306,0.410801843886164,"03b_2x2_to_cor_CONT",300
0,300,0.5,0.1,"phi (z)","population",300,300,297,297,0,-0.000891184394880502,0.00352178332287981,0.0609990764847657,0.00249443773598772,0.0581491118918682,0.953278561625284,0.0389824593101844,0.0609038470365105,0.939393939393939,0.0138453417543907,0.227927543622329,"03b_2x2_to_cor_CONT",300
0.1,300,0.5,0.1,"phi (z)","population",300,300,300,300,0,-0.0528998790444739,0.00336296868747281,0.0582483263096612,0.00238195119628135,0.0583757207505639,1.00218709186982,0.040982477842992,0.0786126908482582,0.873333333333333,0.0192026232775822,0.228796537451406,"03b_2x2_to_cor_CONT",300
0.25,300,0.5,0.1,"phi (z)","population",300,300,300,300,0,-0.130117701666132,0.00323399740317235,0.0560144781384032,0.00229060235141409,0.0598212401623947,1.06796032294696,0.0436721452784921,0.14162548961536,0.413333333333333,0.0284305521630568,0.234364369543081,"03b_2x2_to_cor_CONT",300
0,25,0.3,0.3,"phi (z)","population",300,300,273,273,0,0.00415021556836226,0.0113779357000496,0.197071627177376,0.00805885813118043,0.205923115856707,1.04491508395251,0.0427297553753111,0.196786669027168,0.985347985347985,0.00727213889427488,0.806473552906959,"03b_2x2_to_cor_CONT",300
0.1,25,0.3,0.3,"phi (z)","population",300,300,276,276,0,-0.0298215373419305,0.0126047371334618,0.218320451312058,0.00892778716783815,0.208087243841165,0.953127581912761,0.0389762852906093,0.219986963596331,0.97463768115942,0.00946371246967734,0.814517572635203,"03b_2x2_to_cor_CONT",300
0.25,25,0.3,0.3,"phi (z)","population",300,300,285,285,0,-0.0910296382995143,0.0123757192709444,0.21435374557485,0.00876557650746983,0.211312172315469,0.985810496330616,0.0403127890500771,0.232552714160542,0.954385964912281,0.0123591566865455,0.82634903345503,"03b_2x2_to_cor_CONT",300
0.5,25,0.3,0.3,"phi (z)","population",300,300,278,278,0,-0.147807279050731,0.0147358845828841,0.255233007920262,0.0104372538588344,0.225118693304332,0.882012460452067,0.0360681717126076,0.294573817196921,0.856115107913669,0.0210499602620685,0.877357158543594,"03b_2x2_to_cor_CONT",300
0.75,25,0.3,0.3,"phi (z)","population",300,300,259,259,0,-0.13614643813044,0.0167703896398956,0.290471669190259,0.0118782698791265,0.255295939589058,0.878901341052434,0.0359409485794255,0.320356671928504,0.806949806949807,0.0245249708073674,0.988773451177351,"03b_2x2_to_cor_CONT",300
0,50,0.3,0.3,"phi (z)","population",300,300,298,298,0,0.0042694820802429,0.00865480237821421,0.14990557448535,0.00613009480437892,0.14436879857239,0.963064909814274,0.0393826528479707,0.149716412376233,0.959731543624161,0.0113880468060535,0.565630685875583,"03b_2x2_to_cor_CONT",300
0.1,50,0.3,0.3,"phi (z)","population",300,300,297,297,0,-0.0403336037521554,0.00753444270644203,0.130500375742744,0.00533655721647811,0.14385031672607,1.10229810379736,0.0450763215588446,0.13638320950079,0.96969696969697,0.00994678714984507,0.563747264804591,"03b_2x2_to_cor_CONT",300
0.25,50,0.3,0.3,"phi (z)","population",300,300,299,299,0,-0.0881197411989846,0.00844522341130751,0.146275560296548,0.00598165248530578,0.146380597259132,1.00071807595453,0.04092240531493,0.170558806663796,0.916387959866221,0.0160080526222694,0.573364653726222,"03b_2x2_to_cor_CONT",300
0.5,50,0.3,0.3,"phi (z)","population",300,300,300,300,0,-0.159011257205048,0.00956389493459786,0.165651519449741,0.00677399437747776,0.156245411618059,0.943217497413081,0.0385710317987961,0.229420002893422,0.763333333333333,0.0245394617949373,0.610254907248352,"03b_2x2_to_cor_CONT",300
0.75,50,0.3,0.3,"phi (z)","population",300,300,293,293,0,-0.126392656267769,0.0127756673104071,0.221281048822219,0.00904885500322187,0.184117834433982,0.832054237875134,0.0340252280682084,0.254513631169448,0.812286689419795,0.0228122642013134,0.713475343683666,"03b_2x2_to_cor_CONT",300
0,100,0.3,0.3,"phi (z)","population",300,300,298,298,0,0.00581559456364475,0.0059437854557651,0.102949383986741,0.00420991338085834,0.100918797908396,0.980275879274749,0.0400864617278619,0.102942062432389,0.932885906040268,0.0144948257779992,0.395555845186256,"03b_2x2_to_cor_CONT",300
0.1,100,0.3,0.3,"phi (z)","population",300,300,298,298,0,-0.0391982774977215,0.00605755739726878,0.104919971818342,0.00429049670986091,0.101135506620837,0.963929982710459,0.0394180283093871,0.111839221400763,0.919463087248322,0.0157636399269117,0.396386581124579,"03b_2x2_to_cor_CONT",300
0.25,100,0.3,0.3,"phi (z)","population",300,300,300,300,0,-0.105631519463262,0.00643593375308638,0.111473642544931,0.00455849623561968,0.102310414961275,0.91779915525805,0.0375315984907591,0.153437184681805,0.776666666666667,0.0240454815960335,0.400917300621803,"03b_2x2_to_cor_CONT",300
0.5,100,0.3,0.3,"phi (z)","population",300,300,300,300,0,-0.161340896924523,0.00695494108469445,0.12046311322339,0.00492610302869144,0.108650350929631,0.90193875969441,0.0368830186846121,0.201230900863633,0.656666666666667,0.0274138380844149,0.425379721447983,"03b_2x2_to_cor_CONT",300
0.75,100,0.3,0.3,"phi (z)","population",300,300,299,299,0,-0.157163212392135,0.00784686608594917,0.135911707410531,0.00555784302426317,0.124014879656617,0.912466497694873,0.03731352990636,0.207631149477361,0.678929765886288,0.0270008137422202,0.484542855444376,"03b_2x2_to_cor_CONT",300
0,300,0.3,0.3,"phi (z)","population",300,300,300,300,0,0.0024593756060613,0.00319370011938932,0.055316508709211,0.00226206025892556,0.0578747015491979,1.0462464623976,0.0427841994886597,0.0552789737937972,0.956666666666667,0.0117552194868996,0.226863426002623,"03b_2x2_to_cor_CONT",300
0.1,300,0.3,0.3,"phi (z)","population",300,300,299,299,0,-0.0402215170652571,0.00333365572549821,0.0577406109150579,0.00236118916983073,0.0580278309281804,1.00497431545269,0.0410964558912575,0.0702896530321407,0.889632107023411,0.0181213690794239,0.227460965163546,"03b_2x2_to_cor_CONT",300
0.25,300,0.3,0.3,"phi (z)","population",300,300,299,299,0,-0.0976932379900016,0.00344100121237412,0.0595998892873808,0.00243722071655073,0.0588142806163916,0.98681862197426,0.0403540143733613,0.114386516087761,0.588628762541806,0.0284578513920829,0.230530184284328,"03b_2x2_to_cor_CONT",300
0.5,300,0.3,0.3,"phi (z)","population",300,300,300,300,0,-0.171338882809283,0.00400616772960919,0.0693888605132597,0.00283752151829202,0.0620132058494065,0.893705493802658,0.0365463354048917,0.184812817049532,0.23,0.0242967761921892,0.243001640330171,"03b_2x2_to_cor_CONT",300
0.75,300,0.3,0.3,"phi (z)","population",300,300,300,300,0,-0.161911271253834,0.00432465913455016,0.0749052934645773,0.00306310523717421,0.0705070292779656,0.941282331552554,0.0384918969819092,0.178346180422843,0.386666666666667,0.0281161611625506,0.276103774705344,"03b_2x2_to_cor_CONT",300
0,25,0.5,0.3,"phi (z)","population",300,299,288,288,0.0033333333333333,0.0044555078425187,0.0121550099840321,0.210179770781738,0.00860929886358873,0.206604883476978,0.982991287451389,0.0402648920136143,0.209875304236317,0.972222222222222,0.00968356512192217,0.809179911889914,"03b_2x2_to_cor_CONT",300
0.1,25,0.5,0.3,"phi (z)","population",300,300,279,279,0,-0.0594140878313397,0.0118833259016324,0.205825242245265,0.00841682007109775,0.20615249360932,1.00158994766864,0.0409580588006868,0.213899160221979,0.956989247311828,0.0121461865988381,0.807304510404975,"03b_2x2_to_cor_CONT",300
0.25,25,0.5,0.3,"phi (z)","population",300,300,269,269,0,-0.0878449305762126,0.0123000702823924,0.213043466657718,0.00871199521798293,0.20938136922863,0.982810562151755,0.0401901126186872,0.23011509899293,0.91449814126394,0.0170491625549265,0.819597164757237,"03b_2x2_to_cor_CONT",300
0.5,25,0.5,0.3,"phi (z)","population",300,300,260,260,0,-0.163422881976891,0.0119141484490316,0.206359104426406,0.00843865131916246,0.219387114744896,1.0631327139876,0.0434747296673585,0.26296230033987,0.865384615384615,0.0211672899722695,0.857443932875515,"03b_2x2_to_cor_CONT",300
0,50,0.5,0.3,"phi (z)","population",300,300,297,297,0,-0.00794137356408425,0.0081596547997311,0.141329366853575,0.00577938759402128,0.143658848377346,1.0164826431734,0.0415670664086452,0.141316932399716,0.95959595959596,0.0114255832500108,0.562945399133293,"03b_2x2_to_cor_CONT",300
0.1,50,0.5,0.3,"phi (z)","population",300,300,295,295,0,-0.0293083719909906,0.00868973920921275,0.150510698148799,0.00615484015116173,0.144428410825846,0.959589003321612,0.0392405124612351,0.153091277865452,0.959322033898305,0.0115014028879788,0.565858059824441,"03b_2x2_to_cor_CONT",300
0.25,50,0.5,0.3,"phi (z)","population",300,300,297,297,0,-0.0836400502092448,0.00854575051880246,0.14801674087374,0.00605285465404683,0.146968155872948,0.99291576753682,0.0406033451968674,0.169798656431549,0.905723905723906,0.0169558857538448,0.57544366012614,"03b_2x2_to_cor_CONT",300
0.5,50,0.5,0.3,"phi (z)","population",300,300,296,296,0,-0.180265621393487,0.0086578196773674,0.149957835639699,0.00613223192190673,0.155900873812773,1.0396313947032,0.0425136892541785,0.234324750900448,0.736486486486487,0.0256057783352306,0.608948583556405,"03b_2x2_to_cor_CONT",300
0,100,0.5,0.3,"phi (z)","population",300,300,298,298,0,0.0014265122167211,0.00596280324057962,0.103278781682203,0.00422338345432597,0.100729098797128,0.975312616555445,0.0398834988219604,0.103116374356252,0.946308724832215,0.0130575034535089,0.394831346134252,"03b_2x2_to_cor_CONT",300
0.1,100,0.5,0.3,"phi (z)","population",300,300,298,298,0,-0.0265778167890529,0.00582536269911326,0.100898241673807,0.00412603593414748,0.101038865148447,1.00139371581018,0.0409500342832521,0.104177255999389,0.953020134228188,0.012257412219074,0.396031558370385,"03b_2x2_to_cor_CONT",300
0.25,100,0.5,0.3,"phi (z)","population",300,300,300,300,0,-0.0877931159497047,0.00559259324044845,0.0968665563852298,0.00396116806232051,0.102501131062606,1.05816842146187,0.0432717246495406,0.130611959080852,0.846666666666667,0.0208024215114669,0.401650246093173,"03b_2x2_to_cor_CONT",300
0.5,100,0.5,0.3,"phi (z)","population",300,300,300,300,0,-0.180816180566195,0.00574638299924825,0.0995302731444799,0.0040700955409835,0.108671486532447,1.09184354768823,0.0446488029671797,0.206319522850329,0.623333333333333,0.0279755183978712,0.425363616164864,"03b_2x2_to_cor_CONT",300
0,300,0.5,0.3,"phi (z)","population",300,300,299,299,0,-0.000162017047955074,0.00334577117817116,0.0579504567109203,0.00236977040256576,0.0578612153634137,0.998460040652453,0.0408300673847305,0.0578540188556629,0.94314381270903,0.0133919010689227,0.226810880728129,"03b_2x2_to_cor_CONT",300
0.1,300,0.5,0.3,"phi (z)","population",300,300,299,299,0,-0.0366031211115235,0.00331049496367651,0.0573394547528861,0.00234478467444144,0.0580047411784053,1.01160259420649,0.0413675063661325,0.0679458767664278,0.91304347826087,0.0162952570264808,0.227370427408737,"03b_2x2_to_cor_CONT",300
0.25,300,0.5,0.3,"phi (z)","population",300,300,300,300,0,-0.0979862993125564,0.00307430240875244,0.0532484796979061,0.00217749226376576,0.0587133177947631,1.10262899763262,0.0450898528140182,0.111477639496931,0.616666666666667,0.0280706779925773,0.230138361143411,"03b_2x2_to_cor_CONT",300
0.5,300,0.5,0.3,"phi (z)","population",300,300,300,300,0,-0.170248177835424,0.00375098317099132,0.0649689343049278,0.00265677729461352,0.0623918286507003,0.960333262630844,0.0392709474876862,0.182184891267775,0.246666666666667,0.0248878968056244,0.244455345995848,"03b_2x2_to_cor_CONT",300
0,25,0.3,0.5,"phi (z)","population",300,300,282,282,0,-0.00983960703854726,0.0124401719354493,0.215470098470906,0.00881122757222481,0.206975643987591,0.960577107711946,0.0392809190545867,0.215335606261369,0.982269503546099,0.00785870930097946,0.810498579914104,"03b_2x2_to_cor_CONT",300
0.1,25,0.3,0.5,"phi (z)","population",300,300,288,288,0,-0.0247005455154533,0.0120115095320806,0.208045447851615,0.00850761102999882,0.206780940897863,0.993921967691149,0.0406444917810381,0.209162016052869,0.954861111111111,0.0122334595813714,0.809463523973096,"03b_2x2_to_cor_CONT",300
0.25,25,0.3,0.5,"phi (z)","population",300,300,280,280,0,-0.118699921662914,0.0127381775523938,0.220631707165795,0.00902230144823913,0.208945339653734,0.947032239100252,0.0387270281870348,0.250211431478097,0.914285714285714,0.0167297155362606,0.817883939553193,"03b_2x2_to_cor_CONT",300
0.5,25,0.3,0.5,"phi (z)","population",300,300,263,263,0,-0.173230507842876,0.0129444668568704,0.22420474272991,0.00916841373807652,0.220931351217976,0.985399989883905,0.0402960021931187,0.283035362256869,0.821292775665399,0.0236233879330275,0.862433068493832,"03b_2x2_to_cor_CONT",300
0,50,0.3,0.5,"phi (z)","population",300,300,296,296,0,-0.0113727430151091,0.00873559987071544,0.151305028106713,0.00618732271870258,0.143778934081102,0.950258797610461,0.0388589719764994,0.151480164077544,0.949324324324324,0.0127485626601708,0.563455080973741,"03b_2x2_to_cor_CONT",300
0.1,50,0.3,0.5,"phi (z)","population",300,300,299,299,0,-0.0326556721649086,0.00823117203104668,0.142568081636128,0.00583004240841829,0.144182539150969,1.01132411614377,0.0413561185512943,0.146028417210291,0.946488294314381,0.0130150675531153,0.564919976796446,"03b_2x2_to_cor_CONT",300
0.25,50,0.3,0.5,"phi (z)","population",300,300,293,293,0,-0.099632151087591,0.00889115458411533,0.153999314776367,0.00629750029396526,0.146172389788494,0.949175585623619,0.0388146761443038,0.183202898045016,0.870307167235495,0.0196272953609964,0.572409425188175,"03b_2x2_to_cor_CONT",300
0.5,50,0.3,0.5,"phi (z)","population",300,300,297,297,0,-0.181304334614948,0.00854493242647834,0.148002571099033,0.00605227520886871,0.155143284842061,1.0482472276664,0.0428660168648392,0.233886739538436,0.764309764309764,0.024627893939611,0.606418303425817,"03b_2x2_to_cor_CONT",300
0,100,0.3,0.5,"phi (z)","population",300,300,296,296,0,0.00089132826160934,0.00566232406961604,0.0980743297749516,0.00401055758907172,0.100657299996457,1.02633686335081,0.0419700354384368,0.0979147931265064,0.959459459459459,0.011463367788664,0.394553431900048,"03b_2x2_to_cor_CONT",300
0.1,100,0.3,0.5,"phi (z)","population",300,300,295,295,0,-0.0362958337511793,0.00574977365571272,0.0995890010371548,0.00407249710310682,0.100993679438448,1.01410475440726,0.0414698273058248,0.105840903143254,0.938983050847458,0.0139361596573609,0.3958334344645,"03b_2x2_to_cor_CONT",300
0.25,100,0.3,0.5,"phi (z)","population",300,300,300,300,0,-0.0928099996525734,0.00607570801491471,0.105234349737857,0.00430335257901485,0.102483739855961,0.973862052754183,0.0398241808569543,0.140182203479535,0.823333333333333,0.0220193517582115,0.401603457616543,"03b_2x2_to_cor_CONT",300
0.5,100,0.3,0.5,"phi (z)","population",300,300,300,300,0,-0.169904944353218,0.00601386413091648,0.104163182245634,0.00425954928283164,0.109258703001783,1.04891863560901,0.0428934727773679,0.199202138767188,0.633333333333333,0.027822186723442,0.427532657936933,"03b_2x2_to_cor_CONT",300
0,300,0.3,0.5,"phi (z)","population",300,300,298,298,0,-0.00288875470126842,0.0034965539771115,0.0605620913976415,0.00247656808690117,0.0578716813139661,0.95557600436863,0.0390764087304958,0.0605300415369553,0.936241610738255,0.0141531955104145,0.226851408335474,"03b_2x2_to_cor_CONT",300
0.1,300,0.3,0.5,"phi (z)","population",300,300,299,299,0,-0.0397064982973671,0.0031963485089023,0.055362380161158,0.00226393608209101,0.0579832803009337,1.04734081396331,0.042828950852111,0.0680542614415661,0.909698996655518,0.0165752295483393,0.227287148325225,"03b_2x2_to_cor_CONT",300
0.25,300,0.3,0.5,"phi (z)","population",300,300,300,300,0,-0.0966571626594652,0.00363743669874835,0.0630022517154775,0.00257635366283837,0.0587798220566693,0.932979702410051,0.0381523772279315,0.115319815594985,0.623333333333333,0.0279755183978712,0.230392003730392,"03b_2x2_to_cor_CONT",300
0.5,300,0.3,0.5,"phi (z)","population",300,300,300,300,0,-0.174728529583514,0.00367372771672593,0.0636308305854331,0.00260205816434265,0.0622434519798008,0.978196440422547,0.0400014271496104,0.185917845770847,0.216666666666667,0.0237853051428974,0.243879674512899,"03b_2x2_to_cor_CONT",300
0,25,0.5,0.5,"phi (z)","population",300,300,297,297,0,5.57757138636993e-07,0.0119524675673154,0.207022811024094,0.00846579230027729,0.205303588218778,0.991695490961544,0.0405534443768366,0.206677484994571,0.95959595959596,0.0114255832500108,0.804006567307127,"03b_2x2_to_cor_CONT",300
0.1,25,0.5,0.5,"phi (z)","population",300,300,295,295,0,-0.0373358874667749,0.0120924322081434,0.209447069715867,0.00856492761036785,0.205949904757347,0.983302869964885,0.0402102445822768,0.212404841255529,0.955932203389831,0.0119498707052213,0.806535807352329,"03b_2x2_to_cor_CONT",300
0.25,25,0.5,0.5,"phi (z)","population",300,300,297,297,0,-0.0674978978617733,0.0121544061672776,0.210520490175533,0.00860882303724109,0.209196154992755,0.993709233805824,0.0406357924455422,0.220742187653892,0.94949494949495,0.0127067799684569,0.818469522753273,"03b_2x2_to_cor_CONT",300
0.5,25,0.5,0.5,"phi (z)","population",300,300,293,293,0,-0.136237035638376,0.0132511648130415,0.229516907156569,0.00938564429580371,0.221852675916198,0.966607116942621,0.03952750446932,0.266576344001764,0.887372013651877,0.0184689503333015,0.865307376665862,"03b_2x2_to_cor_CONT",300
0.75,25,0.5,0.5,"phi (z)","population",300,300,268,268,0,-0.100353179653958,0.0150723562125118,0.261060867498468,0.0106755727595401,0.252338566130785,0.966589012549981,0.0395267641256494,0.279278286452627,0.891791044776119,0.0189756105473949,0.979681075037664,"03b_2x2_to_cor_CONT",300
0,50,0.5,0.5,"phi (z)","population",300,300,292,292,0,-0.0061489374414404,0.0085701428631994,0.148439228671852,0.00607013146489934,0.143150783503286,0.964372994821628,0.0394361444218151,0.148319137981777,0.941780821917808,0.0137030275358916,0.561050942804187,"03b_2x2_to_cor_CONT",300
0.1,50,0.5,0.5,"phi (z)","population",300,300,295,295,0,-0.0442060056818162,0.0085479119958917,0.148054178755119,0.00605438560286524,0.143444761694787,0.968866687187831,0.0396199051680122,0.154276193839827,0.942372881355932,0.0135679375099559,0.562123298810143,"03b_2x2_to_cor_CONT",300
0.25,50,0.5,0.5,"phi (z)","population",300,300,295,295,0,-0.0791468451004363,0.00908591531173641,0.157372669531955,0.00643544702831154,0.14568483591415,0.925731490400675,0.0378559757970157,0.175919943007933,0.874576271186441,0.0192831371897359,0.570717714511873,"03b_2x2_to_cor_CONT",300
0.5,50,0.5,0.5,"phi (z)","population",300,300,300,300,0,-0.15169782365709,0.00854950101685038,0.148081701405466,0.00605551108773447,0.153264198556654,1.03499755271583,0.0423241973637762,0.211819087963757,0.806666666666667,0.0228002599075504,0.599376351178459,"03b_2x2_to_cor_CONT",300
0.75,50,0.5,0.5,"phi (z)","population",300,300,300,300,0,-0.124410156338884,0.0100794473300048,0.174581148877828,0.00713915407984423,0.177657230023208,1.01761977833891,0.0416135673235972,0.214137500885038,0.85,0.0206155281280883,0.690863802123639,"03b_2x2_to_cor_CONT",300
0,100,0.5,0.5,"phi (z)","population",300,300,295,295,0,0.0113203275147691,0.00563286002351607,0.0975639975265345,0.00398968855151079,0.100507383910103,1.03016877596439,0.0421267339980734,0.0980568932628132,0.96271186440678,0.0110311931430832,0.393972049486562,"03b_2x2_to_cor_CONT",300
0.1,100,0.5,0.5,"phi (z)","population",300,300,297,297,0,-0.0290931375778596,0.00607588529426673,0.105237420306306,0.00430347814389632,0.100845667378428,0.958268143450358,0.0391864984843573,0.109015636056215,0.919191919191919,0.0158143836506459,0.3952813294285,"03b_2x2_to_cor_CONT",300
0.25,100,0.5,0.5,"phi (z)","population",300,300,298,298,0,-0.088778990999695,0.00561728083024697,0.0972941579837045,0.00397865399202094,0.101866437603973,1.04699439015686,0.0428147845291882,0.131591445682294,0.865771812080537,0.0197476514181974,0.399249271425124,"03b_2x2_to_cor_CONT",300
0.5,100,0.5,0.5,"phi (z)","population",300,300,300,300,0,-0.154050715338026,0.00609707430460439,0.105604424730975,0.00431848607088351,0.106948823608347,1.0127305165555,0.0414136305410017,0.186672823688511,0.66,0.0273495886623547,0.418899803573467,"03b_2x2_to_cor_CONT",300
0.75,100,0.5,0.5,"phi (z)","population",300,300,300,300,0,-0.126241083686722,0.00703456498616989,0.121842239651913,0.00498249970228478,0.122186177642718,1.00282281408965,0.0410084744577956,0.17530789334553,0.786666666666667,0.023651795014489,0.477621440258838,"03b_2x2_to_cor_CONT",300
0,300,0.5,0.5,"phi (z)","population",300,300,300,300,0,-0.00212121901285824,0.0035439243225405,0.0613825698481926,0.00251011994582367,0.0578450684853688,0.942369611250025,0.0385363591551622,0.0613168822728689,0.936666666666667,0.0140620318852128,0.226747662436563,"03b_2x2_to_cor_CONT",300
0.1,300,0.5,0.5,"phi (z)","population",300,300,300,300,0,-0.039636162515574,0.00331922667455573,0.0574906924216841,0.00235096924263317,0.0579375786267949,1.00777319225576,0.0412109104751349,0.0697508984054585,0.893333333333333,0.017822166805123,0.227109250051538,"03b_2x2_to_cor_CONT",300
0.25,300,0.5,0.5,"phi (z)","population",300,300,300,300,0,-0.0905330865686875,0.00349221418232555,0.0604869239470046,0.00247349426126,0.0585880823316832,0.968607403197012,0.0396093022571435,0.108824226035975,0.633333333333333,0.027822186723442,0.229648656084448,"03b_2x2_to_cor_CONT",300
0.5,300,0.5,0.5,"phi (z)","population",300,300,300,300,0,-0.15517552987018,0.00376808672293655,0.0652651765145182,0.00266889153943786,0.0613826349639859,0.940511283997392,0.0384603665026187,0.16829970249056,0.266666666666667,0.025531389540169,0.24055761060558,"03b_2x2_to_cor_CONT",300
0.75,300,0.5,0.5,"phi (z)","population",300,300,300,300,0,-0.142939533448955,0.00380514852039162,0.0659071056766382,0.00269514197498704,0.0690572548020228,1.04779680571683,0.0428475977415855,0.157356212606984,0.466666666666667,0.0288032919929238,0.270515824461615,"03b_2x2_to_cor_CONT",300
0,25,0.3,0.1,"tetrachoric (r)","population",300,300,300,300,0,0.0787267331674488,0.0192774240851317,0.333894779545,0.0136539729114482,0.413386962754072,1.23807554978067,0.0506286742250589,0.3425083987923,0.99,0.00574456264653803,1.33909634501372,"03b_2x2_to_cor_CONT",300
0.1,25,0.3,0.1,"tetrachoric (r)","population",300,300,300,300,0,0.0659309920644431,0.0189325597126416,0.327921553396268,0.0134097095296132,0.410920074299433,1.25310480523025,0.0512432661844404,0.333947599301373,0.996666666666667,0.00332777314041597,1.33628561764031,"03b_2x2_to_cor_CONT",300
0.25,25,0.3,0.1,"tetrachoric (r)","population",300,300,300,300,0,-0.0222590824337524,0.0180964889763561,0.313440383456589,0.0128175304534626,0.409718507519675,1.30716566576821,0.0534539791712104,0.313708236772538,0.993333333333333,0.00469830544708134,1.3324045613403,"03b_2x2_to_cor_CONT",300
0.5,25,0.3,0.1,"tetrachoric (r)","population",300,300,300,300,0,-0.0921018970173093,0.0165479164876827,0.286618321160732,0.0117206947601467,0.374256707456247,1.30576686773058,0.0533967780656993,0.300597717754311,0.996666666666667,0.00332777314041597,1.24972333096323,"03b_2x2_to_cor_CONT",300
0,50,0.3,0.1,"tetrachoric (r)","population",300,300,300,300,0,-0.0171718434426858,0.0165619195355627,0.286860861064622,0.0117306129543819,0.318960690265531,1.1119003445844,0.0454689863850934,0.286896721206873,0.973333333333333,0.00930153312731393,1.1052633409793,"03b_2x2_to_cor_CONT",300
0.1,50,0.3,0.1,"tetrachoric (r)","population",300,300,300,300,0,0.0054273086099509,0.01644168900123,0.284778407123768,0.0116454550799865,0.311410734300744,1.09351947518058,0.0447173367388466,0.284355178791393,0.983333333333333,0.00739118594202783,1.08281457539398,"03b_2x2_to_cor_CONT",300
0.25,50,0.3,0.1,"tetrachoric (r)","population",300,300,300,300,0,0.0024931086439553,0.0161493125864083,0.279714299069706,0.0114383683016756,0.292190724584335,1.04460417488889,0.0427170413582234,0.279258848378622,0.986666666666667,0.0066220730781117,1.03312194987622,"03b_2x2_to_cor_CONT",300
0.5,50,0.3,0.1,"tetrachoric (r)","population",300,300,300,300,0,-0.0271961237393815,0.0141534960751169,0.245145743068291,0.0100247549236096,0.265956063383731,1.08488958468123,0.0443644342727841,0.246243259887056,0.983333333333333,0.00739118594202783,0.953871917084476,"03b_2x2_to_cor_CONT",300
0,100,0.3,0.1,"tetrachoric (r)","population",300,300,300,300,0,-0.0263175749219951,0.0140795397136862,0.243864781312883,0.00997237250201931,0.227603018481149,0.933316476679466,0.0381661489519403,0.244876321591137,0.953333333333333,0.0121776966745069,0.835477384004305,"03b_2x2_to_cor_CONT",300
0.1,100,0.3,0.1,"tetrachoric (r)","population",300,300,300,300,0,-0.0119745595556411,0.0140770148431096,0.24382104927167,0.00997058416586473,0.222542577033249,0.912729141712811,0.0373242702189554,0.243708702753096,0.956666666666667,0.0117552194868996,0.817426813453217,"03b_2x2_to_cor_CONT",300
0.25,100,0.3,0.1,"tetrachoric (r)","population",300,300,300,300,0,8.89688757790559e-05,0.0119355832265369,0.206730365663287,0.00845383332014596,0.211406719174324,1.02262054486303,0.0418180638741267,0.206385546625193,0.963333333333333,0.0108508405545718,0.780034259001487,"03b_2x2_to_cor_CONT",300
0.5,100,0.3,0.1,"tetrachoric (r)","population",300,300,300,300,0,-0.00591415539442209,0.0111912655232069,0.193838404871882,0.00792664183886205,0.182331381372465,0.940635997768228,0.0384654664279635,0.193605423512086,0.963333333333333,0.0108508405545718,0.687855581460528,"03b_2x2_to_cor_CONT",300
0,300,0.3,0.1,"tetrachoric (r)","population",300,300,300,300,0,0.00283369024848915,0.0079630611698896,0.137924265300277,0.00564014263657443,0.129815592844989,0.941209239450112,0.0384889080235668,0.137723354649275,0.933333333333333,0.0144016459964619,0.497480619530571,"03b_2x2_to_cor_CONT",300
0.1,300,0.3,0.1,"tetrachoric (r)","population",300,300,300,300,0,-0.00467722879760931,0.0073401489138508,0.127135108539111,0.00519894120672558,0.127536134983646,1.00315433281289,0.0410220312665388,0.127009190637525,0.963333333333333,0.0108508405545718,0.489009179511159,"03b_2x2_to_cor_CONT",300
0.25,300,0.3,0.1,"tetrachoric (r)","population",300,300,300,300,0,-0.00097915682867151,0.00675358718073894,0.116975561303857,0.00478348642503726,0.121165097306755,1.03581548108168,0.0423576449419807,0.116784544142792,0.963333333333333,0.0108508405545718,0.465643399468541,"03b_2x2_to_cor_CONT",300
0.5,300,0.3,0.1,"tetrachoric (r)","population",300,300,300,300,0,-0.00757338369492839,0.00575459599713166,0.0996725264406452,0.00407591271085675,0.103703055329559,1.04043771170298,0.0425466620083139,0.0997940543948461,0.956666666666667,0.0117552194868996,0.401468164128637,"03b_2x2_to_cor_CONT",300
0,25,0.5,0.1,"tetrachoric (r)","population",300,300,300,300,0,0.0237347812977004,0.0196456412685251,0.340272488243574,0.01391477681478,0.398426296282775,1.17090364354574,0.0478818107089778,0.340533045206881,0.996666666666667,0.00332777314041597,1.30564869892889,"03b_2x2_to_cor_CONT",300
0.1,25,0.5,0.1,"tetrachoric (r)","population",300,300,300,300,0,-0.00202921249678103,0.0190583837187769,0.330100889110651,0.0134988291943461,0.404288165628927,1.2247412199287,0.0500833929276416,0.329556509122529,0.993333333333333,0.00469830544708134,1.316173528571,"03b_2x2_to_cor_CONT",300
0.25,25,0.5,0.1,"tetrachoric (r)","population",300,300,300,300,0,-0.0400131622757122,0.0171942457514356,0.297813072393117,0.0121784821813387,0.39678715736337,1.33233626776331,0.0544832816307286,0.299996728576446,0.996666666666667,0.00332777314041597,1.29894490255689,"03b_2x2_to_cor_CONT",300
0,50,0.5,0.1,"tetrachoric (r)","population",300,300,300,300,0,-0.0283912152814013,0.017644198894219,0.305606489436379,0.0124971787040616,0.301296219448538,0.985896012889679,0.0403162860822335,0.30641486539684,0.97,0.00984885780179611,1.05792350715827,"03b_2x2_to_cor_CONT",300
0.1,50,0.5,0.1,"tetrachoric (r)","population",300,300,300,300,0,-0.0288207490969883,0.0175756217593466,0.304418698618014,0.0124486063254202,0.301703740171999,0.991081499072363,0.0405283363813353,0.305274429270729,0.973333333333333,0.00930153312731393,1.05827154305206,"03b_2x2_to_cor_CONT",300
0.25,50,0.5,0.1,"tetrachoric (r)","population",300,300,300,300,0,-0.0374390928124112,0.0163042240027348,0.282397443507207,0.011548090237182,0.297711700937189,1.05422944782994,0.0431106480392906,0.284401431166742,0.99,0.00574456264653803,1.0485646362722,"03b_2x2_to_cor_CONT",300
0,100,0.5,0.1,"tetrachoric (r)","population",300,300,300,300,0,-0.00684921943064408,0.0133463858702745,0.231166184247348,0.00945308825150633,0.21480564351344,0.929226063980008,0.037998879537692,0.230882200549305,0.946666666666667,0.0129729062394013,0.793703577781409,"03b_2x2_to_cor_CONT",300
0.1,100,0.5,0.1,"tetrachoric (r)","population",300,300,300,300,0,0.00735761798992613,0.0137027596044723,0.237338758388484,0.00970550357896918,0.214754620115399,0.904844289123148,0.0370018346186842,0.237057071514636,0.96,0.0113137084989848,0.793521822487164,"03b_2x2_to_cor_CONT",300
0.25,100,0.5,0.1,"tetrachoric (r)","population",300,300,300,300,0,-0.00373610247729779,0.0116745574318033,0.202209266277641,0.0082689518175789,0.211760363729294,1.04723372784776,0.0428245717751964,0.201906539119055,0.97,0.00984885780179611,0.783858283060207,"03b_2x2_to_cor_CONT",300
0,300,0.5,0.1,"tetrachoric (r)","population",300,300,300,300,0,-0.00185275338200662,0.00766313743406461,0.132729433811829,0.00542771017950081,0.124050783456644,0.934613972907558,0.0382192075184001,0.132520985582548,0.94,0.0137113092008021,0.476395096928285,"03b_2x2_to_cor_CONT",300
0.1,300,0.5,0.1,"tetrachoric (r)","population",300,300,300,300,0,0.002105798286773,0.00732756295977141,0.126917113419839,0.00519002672337418,0.122543916540389,0.965542890461251,0.0394839850121783,0.126722905925959,0.94,0.0137113092008021,0.470955496351561,"03b_2x2_to_cor_CONT",300
0.25,300,0.5,0.1,"tetrachoric (r)","population",300,300,300,300,0,0.00808074509086703,0.00688948646634219,0.119329405977628,0.00487974229180232,0.1194702413743,1.00118022373042,0.04094130394288,0.119404106078591,0.963333333333333,0.0108508405545718,0.459606611224187,"03b_2x2_to_cor_CONT",300
0,25,0.3,0.3,"tetrachoric (r)","population",300,300,300,300,0,0.00624539897363716,0.0181136457446059,0.313737547399612,0.01282968239077,0.341256595513329,1.0877135948241,0.0444799166353564,0.313276474530888,0.98,0.00808290376865476,1.17090021940003,"03b_2x2_to_cor_CONT",300
0.1,25,0.3,0.3,"tetrachoric (r)","population",300,300,300,300,0,0.00381085363125506,0.0193877734321721,0.335806086301561,0.0137321320570183,0.331133400535275,0.986085166538376,0.040324021150146,0.335267601244011,0.973333333333333,0.00930153312731393,1.14586771100201,"03b_2x2_to_cor_CONT",300
0.25,25,0.3,0.3,"tetrachoric (r)","population",300,300,300,300,0,-0.0100156829176566,0.0181718425543094,0.314745545712061,0.0128709025070944,0.319579163417571,1.01535722354569,0.0415210445776607,0.314380114810195,0.976666666666667,0.0087156734084615,1.11846796896014,"03b_2x2_to_cor_CONT",300
0.5,25,0.3,0.3,"tetrachoric (r)","population",300,300,300,300,0,-0.0187062383711451,0.0172734033929387,0.299184122962024,0.0122345486084736,0.277299586819562,0.926852615286541,0.0379018220029457,0.299270266350966,0.956666666666667,0.0117552194868996,1.00939662616202,"03b_2x2_to_cor_CONT",300
0.75,25,0.3,0.3,"tetrachoric (r)","population",300,300,300,300,0,-0.0343974465551094,0.0122851313177672,0.212784716200284,0.00870141412491691,0.211422995641854,0.993600477596572,0.0406313450734177,0.215196643390301,0.966666666666667,0.010363754503432,0.832823297434348,"03b_2x2_to_cor_CONT",300
0,50,0.3,0.3,"tetrachoric (r)","population",300,300,300,300,0,-0.00148826732517805,0.0146312060368263,0.253419922317916,0.0103631112749512,0.242103603790047,0.955345584418289,0.0390669861580181,0.253001580582331,0.95,0.0125830573921179,0.88402661737789,"03b_2x2_to_cor_CONT",300
0.1,50,0.3,0.3,"tetrachoric (r)","population",300,300,300,300,0,-0.00600844298925589,0.0127879322829201,0.221493484377678,0.00905754213910228,0.240589205181445,1.0862134651835,0.0444185717724495,0.221205636901159,0.983333333333333,0.00739118594202783,0.879356158397063,"03b_2x2_to_cor_CONT",300
0.25,50,0.3,0.3,"tetrachoric (r)","population",300,300,300,300,0,0.00443833841516023,0.0128213510606288,0.222072314586862,0.00908121226658165,0.231727827317267,1.04347913763301,0.0426710351635861,0.221746307096272,0.97,0.00984885780179611,0.850310039457489,"03b_2x2_to_cor_CONT",300
0.5,50,0.3,0.3,"tetrachoric (r)","population",300,300,300,300,0,-0.00527419358702502,0.0116746329132281,0.202210573654269,0.00826900528018497,0.196574645463136,0.972128419947174,0.0397532873394889,0.201942160436902,0.96,0.0113137084989848,0.740712124773059,"03b_2x2_to_cor_CONT",300
0.75,50,0.3,0.3,"tetrachoric (r)","population",300,300,300,300,0,-0.00125871920739179,0.00877098708527801,0.15191795264232,0.00621238706687042,0.13791821803974,0.907846739907424,0.0371246139617225,0.151669767899298,0.94,0.0137113092008021,0.54337742115872,"03b_2x2_to_cor_CONT",300
0,100,0.3,0.3,"tetrachoric (r)","population",300,300,300,300,0,0.00546563790547308,0.0102165204697867,0.176955325302381,0.00723624137372771,0.171216006780658,0.967566285377876,0.0395667277834741,0.176744683258297,0.93,0.0147309198626562,0.647057136271466,"03b_2x2_to_cor_CONT",300
0.1,100,0.3,0.3,"tetrachoric (r)","population",300,300,300,300,0,-0.00215190196132581,0.0101172980500832,0.175236742580616,0.00716596330001525,0.170175007735773,0.971114877106816,0.0397118404905573,0.174957671773723,0.946666666666667,0.0129729062394013,0.643137529495283,"03b_2x2_to_cor_CONT",300
0.25,100,0.3,0.3,"tetrachoric (r)","population",300,300,300,300,0,-0.0184882900080464,0.00986645066927403,0.170891938495546,0.00698829104840373,0.163446636617078,0.956432691067741,0.0391114412548114,0.171605724442333,0.94,0.0137113092008021,0.619271851394416,"03b_2x2_to_cor_CONT",300
0.5,100,0.3,0.3,"tetrachoric (r)","population",300,300,300,300,0,0.00069592285163939,0.00841259295810251,0.145710384268297,0.00595854071880721,0.138786865562018,0.95248438372429,0.0389499829607135,0.145468995569336,0.953333333333333,0.0121776966745069,0.532492505177048,"03b_2x2_to_cor_CONT",300
0.75,100,0.3,0.3,"tetrachoric (r)","population",300,300,300,300,0,-0.00502844568162419,0.00585428660860155,0.10139921848168,0.00414652239929461,0.0967971434642853,0.954614294998477,0.0390370815097868,0.101354891855168,0.953333333333333,0.0121776966745069,0.381966935013253,"03b_2x2_to_cor_CONT",300
0,300,0.3,0.3,"tetrachoric (r)","population",300,300,300,300,0,0.0029022460484576,0.00552255759279705,0.0956535033844977,0.00391156263621975,0.10001813806001,1.0456296374004,0.0427589756387561,0.0955380400651392,0.956666666666667,0.0117552194868996,0.387044388708104,"03b_2x2_to_cor_CONT",300
0.1,300,0.3,0.3,"tetrachoric (r)","population",300,300,300,300,0,0.000702953818400702,0.00560305849348523,0.0970478198849675,0.00396858047804808,0.0989122489318221,1.01921144698629,0.0416786554948613,0.0968884886042427,0.943333333333333,0.0133486023682326,0.38288288233131,"03b_2x2_to_cor_CONT",300
0.25,300,0.3,0.3,"tetrachoric (r)","population",300,300,300,300,0,0.000213269076463547,0.00531062193341415,0.0919826700846298,0.00376145109956399,0.0947302463557516,1.02987058615056,0.0421145401097892,0.0918294853207681,0.973333333333333,0.00930153312731393,0.367091931159871,"03b_2x2_to_cor_CONT",300
0.5,300,0.3,0.3,"tetrachoric (r)","population",300,300,300,300,0,-0.00421656402294505,0.00498417731268401,0.0863284833950082,0.00353023421141267,0.080605529048683,0.933707229395668,0.0381821280187869,0.0862875682468658,0.94,0.0137113092008021,0.313685727931469,"03b_2x2_to_cor_CONT",300
0.75,300,0.3,0.3,"tetrachoric (r)","population",300,300,300,300,0,-0.000473278888984619,0.00321292599857928,0.0556495107049829,0.00227567772319357,0.0547259760176489,0.983404441914503,0.0402143981681776,0.0555586999590381,0.956666666666667,0.0117552194868996,0.215346418325978,"03b_2x2_to_cor_CONT",300
0,25,0.5,0.3,"tetrachoric (r)","population",300,300,300,300,0,0.00960529169343496,0.0190784271667007,0.33044805181228,0.0135130257329394,0.321165563260837,0.971909386360324,0.0397443303900403,0.330036649770737,0.966666666666667,0.010363754503432,1.1201346635664,"03b_2x2_to_cor_CONT",300
0.1,25,0.5,0.3,"tetrachoric (r)","population",300,300,300,300,0,-0.034392643114827,0.0182392115739521,0.315912411360834,0.0129186191919175,0.321186556755708,1.01669496102466,0.0415757487312427,0.317255160262841,0.96,0.0113137084989848,1.11933779965067,"03b_2x2_to_cor_CONT",300
0.25,25,0.5,0.3,"tetrachoric (r)","population",300,300,300,300,0,-0.00162431493765294,0.0184244258043594,0.319120415934335,0.0130498042544875,0.307354094673509,0.963128898455537,0.0393852695381017,0.318592245352739,0.97,0.00984885780179611,1.08872283040675,"03b_2x2_to_cor_CONT",300
0.5,25,0.5,0.3,"tetrachoric (r)","population",300,300,300,300,0,-0.015676138147396,0.0149705144725632,0.259296916819246,0.0106034394520831,0.271146273539479,1.04569802397031,0.0427617721735636,0.25933861277413,0.973333333333333,0.00930153312731393,0.996331758376606,"03b_2x2_to_cor_CONT",300
0,50,0.5,0.3,"tetrachoric (r)","population",300,300,300,300,0,-0.0132822984928399,0.013347403703413,0.231183813634442,0.0094538091707557,0.230167416543634,0.995603511012169,0.0407132552010171,0.231180063920304,0.956666666666667,0.0117552194868996,0.846706990621553,"03b_2x2_to_cor_CONT",300
0.1,50,0.5,0.3,"tetrachoric (r)","population",300,300,300,300,0,0.013501459321118,0.0138661992401862,0.240169615918754,0.00982126595203517,0.226714813538933,0.943977916072561,0.0386021276302195,0.240148833711499,0.936666666666667,0.0140620318852128,0.835663890565586,"03b_2x2_to_cor_CONT",300
0.25,50,0.5,0.3,"tetrachoric (r)","population",300,300,300,300,0,0.0143231551280357,0.0131541596318902,0.227836728133054,0.00931693666609858,0.21951481059656,0.9634742053896,0.0393993901887158,0.227907208186963,0.95,0.0125830573921179,0.81342607853238,"03b_2x2_to_cor_CONT",300
0.5,50,0.5,0.3,"tetrachoric (r)","population",300,300,300,300,0,-0.0170674261835987,0.0113924255458573,0.197322598668704,0.00806912111866652,0.193345156974968,0.979842948954799,0.0400687578905356,0.197731428008006,0.953333333333333,0.0121776966745069,0.730770998784381,"03b_2x2_to_cor_CONT",300
0,100,0.5,0.3,"tetrachoric (r)","population",300,300,300,300,0,0.00215869036751432,0.00976513046597279,0.169137021096036,0.00691652713922436,0.163794788038372,0.968414762048867,0.0396014245747731,0.16886868885713,0.946666666666667,0.0129729062394013,0.620972843851045,"03b_2x2_to_cor_CONT",300
0.1,100,0.5,0.3,"tetrachoric (r)","population",300,300,300,300,0,0.0189198261345801,0.00939043678424018,0.162647136155677,0.00665113600823743,0.161903671249938,0.995428970203156,0.040706117696557,0.163474372357282,0.96,0.0113137084989848,0.614345423551816,"03b_2x2_to_cor_CONT",300
0.25,100,0.5,0.3,"tetrachoric (r)","population",300,300,300,300,0,0.0100406646965343,0.00868294019233887,0.150392935722128,0.00615002448741898,0.156215738699325,1.03871726387438,0.0424763076647115,0.150477428913059,0.966666666666667,0.010363754503432,0.594391683271269,"03b_2x2_to_cor_CONT",300
0.5,100,0.5,0.3,"tetrachoric (r)","population",300,300,300,300,0,-0.00921069836655735,0.00781630122764123,0.135382308535376,0.00553619429435321,0.136498431812601,1.00824423286395,0.0412301727580408,0.135469966649019,0.963333333333333,0.0108508405545718,0.525741060482524,"03b_2x2_to_cor_CONT",300
0,300,0.5,0.3,"tetrachoric (r)","population",300,300,300,300,0,-0.000175851047296367,0.00552916817074399,0.0957680019532127,0.00391624483088528,0.0952233953365025,0.994313271597999,0.0406604933877465,0.0956084171035219,0.946666666666667,0.0129729062394013,0.36897008535193,"03b_2x2_to_cor_CONT",300
0.1,300,0.5,0.3,"tetrachoric (r)","population",300,300,300,300,0,0.00374239887954572,0.0053776992054996,0.0931444825174809,0.00380896114302124,0.094266535329423,1.01204636905607,0.0413856536692535,0.0930643891296671,0.946666666666667,0.0129729062394013,0.365351526081041,"03b_2x2_to_cor_CONT",300
0.25,300,0.5,0.3,"tetrachoric (r)","population",300,300,300,300,0,-0.00349992220404898,0.00482708759454886,0.0836076096634407,0.00341896941033696,0.0912700848787868,1.09164805986191,0.0446408088754819,0.0835414931301997,0.973333333333333,0.00930153312731393,0.354082311753067,"03b_2x2_to_cor_CONT",300
0.5,300,0.5,0.3,"tetrachoric (r)","population",300,300,300,300,0,0.00623763591069131,0.00493352203804406,0.0854511083015307,0.00349435567573791,0.0779230945691182,0.911902678829531,0.0372904736383799,0.0855363102548526,0.906666666666667,0.0167950610023922,0.303463777839223,"03b_2x2_to_cor_CONT",300
0,25,0.3,0.5,"tetrachoric (r)","population",300,300,300,300,0,-0.0159137635345956,0.0193559029353297,0.335254073103626,0.0137095585586796,0.315151146559571,0.940036741812109,0.0384409610295771,0.335072962836401,0.97,0.00984885780179611,1.10644592682994,"03b_2x2_to_cor_CONT",300
0.1,25,0.3,0.5,"tetrachoric (r)","population",300,300,300,300,0,0.0166468764025631,0.0180425329154612,0.312505837068126,0.0127793140096776,0.317123852070698,1.01477737198734,0.0414973326841082,0.312428365712217,0.953333333333333,0.0121776966745069,1.10861028451891,"03b_2x2_to_cor_CONT",300
0.25,25,0.3,0.5,"tetrachoric (r)","population",300,300,300,300,0,-0.0481375613669879,0.0192160204892551,0.332831238066744,0.0136104814661669,0.310499031191651,0.932902311078702,0.0381492124610452,0.335744847174098,0.956666666666667,0.0117552194868996,1.09404413373216,"03b_2x2_to_cor_CONT",300
0.5,25,0.3,0.5,"tetrachoric (r)","population",300,300,300,300,0,-0.0325211717238271,0.0163559923542378,0.28329409765748,0.0115847571521168,0.273564631949862,0.965655953342938,0.0394886084972353,0.284685183829375,0.966666666666667,0.010363754503432,1.00098471736934,"03b_2x2_to_cor_CONT",300
0,50,0.3,0.5,"tetrachoric (r)","population",300,300,300,300,0,-0.0195702662820314,0.0140412463888497,0.243201521470807,0.00994524979010001,0.227680579236552,0.936180735464195,0.0382832772038745,0.243583289180339,0.953333333333333,0.0121776966745069,0.838857949750275,"03b_2x2_to_cor_CONT",300
0.1,50,0.3,0.5,"tetrachoric (r)","population",300,300,300,300,0,0.00849608061813903,0.0132544758780827,0.229574256485353,0.00938798948425735,0.228273048703744,0.994332083215558,0.0406612626519947,0.229348733364434,0.95,0.0125830573921179,0.840653477208754,"03b_2x2_to_cor_CONT",300
0.25,50,0.3,0.5,"tetrachoric (r)","population",300,300,300,300,0,-0.014149932651801,0.0136041972908529,0.235631609039481,0.0096356930506379,0.219251291308481,0.930483360030635,0.0380502941966464,0.23566374686968,0.95,0.0125830573921179,0.81165062419844,"03b_2x2_to_cor_CONT",300
0.5,50,0.3,0.5,"tetrachoric (r)","population",300,300,300,300,0,-0.0188525811309559,0.0112715047609252,0.19522818923677,0.00798347434788418,0.193520148086133,0.991251052640937,0.0405352699423676,0.195812203063016,0.963333333333333,0.0108508405545718,0.732258436402679,"03b_2x2_to_cor_CONT",300
0,100,0.3,0.5,"tetrachoric (r)","population",300,300,300,300,0,0.00182047000755032,0.00928152579444582,0.160760742477413,0.00657399563419969,0.163770930212418,1.01872464439151,0.0416587486563916,0.160502908733345,0.956666666666667,0.0117552194868996,0.620824470682075,"03b_2x2_to_cor_CONT",300
0.1,100,0.3,0.5,"tetrachoric (r)","population",300,300,300,300,0,0.00355964038741554,0.00932591578975367,0.161529599749622,0.0066054365461595,0.162743302184261,1.00751380822165,0.0412003034731919,0.161299441814419,0.956666666666667,0.0117552194868996,0.617241971372944,"03b_2x2_to_cor_CONT",300
0.25,100,0.3,0.5,"tetrachoric (r)","population",300,300,300,300,0,0.0017864419694692,0.00948651160964839,0.16431120094503,0.00671918467790422,0.156389958929318,0.951791223178009,0.038921637518071,0.164046847663673,0.95,0.0125830573921179,0.595053246492322,"03b_2x2_to_cor_CONT",300
0.5,100,0.3,0.5,"tetrachoric (r)","population",300,300,300,300,0,0.00280983809782362,0.00787982542351753,0.136482579883053,0.00558118773569091,0.135012188961759,0.989226530429347,0.0404524810725526,0.136283888090136,0.963333333333333,0.0108508405545718,0.51980132869252,"03b_2x2_to_cor_CONT",300
0,300,0.3,0.5,"tetrachoric (r)","population",300,300,300,300,0,-0.00473897648364056,0.005745339089025,0.0995121920890279,0.00406935615164147,0.0949549647488327,0.954204331705224,0.0390203168640251,0.099459164239542,0.936666666666667,0.0140620318852128,0.367956109903917,"03b_2x2_to_cor_CONT",300
0.1,300,0.3,0.5,"tetrachoric (r)","population",300,300,300,300,0,-0.00101136148936076,0.00520318846313564,0.0901218677950715,0.003685357235234,0.0944810132627817,1.0483694532122,0.0428710150390957,0.0899772234332201,0.966666666666667,0.010363754503432,0.366172096128755,"03b_2x2_to_cor_CONT",300
0.25,300,0.3,0.5,"tetrachoric (r)","population",300,300,300,300,0,-0.00181481855905796,0.00569275782421048,0.098601457867178,0.00403211345976228,0.0910253048538064,0.923163884416626,0.0377509785802241,0.0984537128212546,0.94,0.0137113092008021,0.353101928233358,"03b_2x2_to_cor_CONT",300
0.5,300,0.3,0.5,"tetrachoric (r)","population",300,300,300,300,0,0.000170871023252118,0.00485971107817596,0.084172664975061,0.00344207624036541,0.0782821691311793,0.93001889811108,0.0380313009363245,0.0840324338225848,0.943333333333333,0.0133486023682326,0.304880671192414,"03b_2x2_to_cor_CONT",300
0,25,0.5,0.5,"tetrachoric (r)","population",300,300,300,300,0,-0.00351050513795039,0.0174865883137654,0.302876594104819,0.0123855449823275,0.303144673349844,1.00088511047153,0.0409292358642834,0.30239175605827,0.96,0.0113137084989848,1.07093575463354,"03b_2x2_to_cor_CONT",300
0.1,25,0.5,0.5,"tetrachoric (r)","population",300,300,300,300,0,-0.00944119117565843,0.0176530294870691,0.305759439791153,0.0125034333091911,0.300360421983359,0.982342269427621,0.0401709627051166,0.305395385790525,0.963333333333333,0.0108508405545718,1.06320662490253,"03b_2x2_to_cor_CONT",300
0.25,25,0.5,0.5,"tetrachoric (r)","population",300,300,300,300,0,0.0122117237016506,0.0165408883920355,0.286496590973317,0.0117157168426011,0.289472321440676,1.01038661736689,0.0413177813753691,0.286279272470607,0.956666666666667,0.0117552194868996,1.03418244894873,"03b_2x2_to_cor_CONT",300
0.5,25,0.5,0.5,"tetrachoric (r)","population",300,300,300,300,0,-0.0126294945082762,0.0149869689765032,0.259581917187621,0.0106150939838336,0.25343312855865,0.976312723568772,0.0399243962390663,0.25945648310118,0.963333333333333,0.0108508405545718,0.936181535284635,"03b_2x2_to_cor_CONT",300
0.75,25,0.5,0.5,"tetrachoric (r)","population",300,300,300,300,0,-0.00823089249110553,0.0101594742102642,0.175967255103633,0.00719583617857402,0.181309216783998,1.03035770306935,0.0421344598019237,0.175866448032813,0.963333333333333,0.0108508405545718,0.741879809904823,"03b_2x2_to_cor_CONT",300
0,50,0.5,0.5,"tetrachoric (r)","population",300,300,300,300,0,-0.0101859092722511,0.0129587377407404,0.224451921689227,0.00917852163739555,0.216851024164737,0.966135743159226,0.0395082285618668,0.224308914254106,0.953333333333333,0.0121776966745069,0.803489595793,"03b_2x2_to_cor_CONT",300
0.1,50,0.5,0.5,"tetrachoric (r)","population",300,300,300,300,0,-0.0157619259372162,0.0128542167373373,0.222641564805705,0.00910449063912315,0.215961103476874,0.969994545561781,0.0396660267267465,0.222828350531194,0.953333333333333,0.0121776966745069,0.800583831034879,"03b_2x2_to_cor_CONT",300
0.25,50,0.5,0.5,"tetrachoric (r)","population",300,300,300,300,0,0.0026734870856691,0.0129295621337958,0.223946585353531,0.00915785689789838,0.207065956525787,0.924622075388667,0.0378106084434376,0.223589013700879,0.933333333333333,0.0144016459964619,0.771725467267224,"03b_2x2_to_cor_CONT",300
0.5,50,0.5,0.5,"tetrachoric (r)","population",300,300,300,300,0,-0.0102166417934265,0.0101900030578292,0.176496030254425,0.00721745940249801,0.181822589994403,1.03017948750632,0.0421271720255967,0.176497570246129,0.963333333333333,0.0108508405545718,0.690089493416403,"03b_2x2_to_cor_CONT",300
0.75,50,0.5,0.5,"tetrachoric (r)","population",300,300,300,300,0,-0.00195340001776989,0.00713317909685198,0.123550286152359,0.00505234691786678,0.125897401900447,1.01899725060283,0.0416698963533693,0.123359664136749,0.973333333333333,0.00930153312731393,0.503016902074626,"03b_2x2_to_cor_CONT",300
0,100,0.5,0.5,"tetrachoric (r)","population",300,300,300,300,0,0.0176188885332466,0.00872122100439894,0.151055978836558,0.00617713833668578,0.155462027078907,1.02916831413284,0.0420858220713715,0.151829754263155,0.963333333333333,0.0108508405545718,0.591465497160388,"03b_2x2_to_cor_CONT",300
0.1,100,0.5,0.5,"tetrachoric (r)","population",300,300,300,300,0,0.00906209401162749,0.00925468624459008,0.160295867837388,0.00655498549648277,0.15396443333507,0.960501573822592,0.039277830244152,0.160284863839763,0.946666666666667,0.0129729062394013,0.586108995653573,"03b_2x2_to_cor_CONT",300
0.25,100,0.5,0.5,"tetrachoric (r)","population",300,300,300,300,0,-0.00493339173668921,0.00825604097112177,0.142998824313532,0.0058476567863882,0.14911250304074,1.04275334959261,0.0426413554834884,0.142845510592959,0.97,0.00984885780179611,0.569058187039334,"03b_2x2_to_cor_CONT",300
0.5,100,0.5,0.5,"tetrachoric (r)","population",300,300,300,300,0,-0.00779004263073332,0.00720067260578204,0.124719308018839,0.00510015177698903,0.128553648613073,1.03074376097128,0.0421502468835376,0.124754722840103,0.96,0.0113137084989848,0.495615933389508,"03b_2x2_to_cor_CONT",300
0.75,100,0.5,0.5,"tetrachoric (r)","population",300,300,300,300,0,0.00551251377112328,0.00488042429363634,0.0845314283907159,0.00345674716743305,0.0868778456902381,1.02775792795878,0.042028147091722,0.0845702764129669,0.96,0.0113137084989848,0.344827009232815,"03b_2x2_to_cor_CONT",300
0,300,0.5,0.5,"tetrachoric (r)","population",300,300,300,300,0,-0.00332609394073179,0.00553296727236935,0.095833804323595,0.00391893568991559,0.0902981494327557,0.942236928504399,0.0385309333542046,0.0957317461723046,0.936666666666667,0.0140620318852128,0.350330276601408,"03b_2x2_to_cor_CONT",300
0.1,300,0.5,0.5,"tetrachoric (r)","population",300,300,300,300,0,-0.00593962415756898,0.00514583921464798,0.0891285496735063,0.00364473743655735,0.0897863544665715,1.0073804049934,0.0411948482095088,0.0891778999574045,0.963333333333333,0.0108508405545718,0.348394088367829,"03b_2x2_to_cor_CONT",300
0.25,300,0.5,0.5,"tetrachoric (r)","population",300,300,300,300,0,-0.00565830243303026,0.0051346193842645,0.0889342165107414,0.00363679056256368,0.0865177644094292,0.972828769441958,0.0397819267600972,0.0889659875265924,0.943333333333333,0.0133486023682326,0.33598550761691,"03b_2x2_to_cor_CONT",300
0.5,300,0.5,0.5,"tetrachoric (r)","population",300,300,300,300,0,-0.00496774898631893,0.0045756532117632,0.0792526384058959,0.0032408813921245,0.074214487229191,0.936429230899522,0.038293438937901,0.079276242481417,0.933333333333333,0.0144016459964619,0.289213998032563,"03b_2x2_to_cor_CONT",300
0.75,300,0.5,0.5,"tetrachoric (r)","population",300,300,300,300,0,-0.000231823423717279,0.00282566776605307,0.0489420013611356,0.00200138726855101,0.0506358837556254,1.03460999442975,0.0423083489268917,0.0488609132232409,0.956666666666667,0.0117552194868996,0.199386502330249,"03b_2x2_to_cor_CONT",300
0,25,0.3,0.1,"tetrachoric (z)","population",300,300,300,300,0,0.0930002304962417,0.0215993865665676,0.374112349456159,0.0152985916469659,0.465828461796515,1.24515660195041,0.050918239981798,0.384892919378766,0.99,0.00574456264653803,1.81490422908321,"03b_2x2_to_cor_CONT",300
0.1,25,0.3,0.1,"tetrachoric (z)","population",300,300,300,300,0,0.0913359994468201,0.021701949895804,0.375888798428467,0.0153712360476346,0.473465328650259,1.25958882156038,0.0515084173301084,0.386217139637363,0.996666666666667,0.00332777314041597,1.84267833693913,"03b_2x2_to_cor_CONT",300
0.25,25,0.3,0.1,"tetrachoric (z)","population",300,300,300,300,0,0.0108471928584131,0.0211517417551678,0.366358913885267,0.0149815300882321,0.479134489186105,1.3078281188926,0.0534810688939904,0.365908621375368,0.996666666666667,0.00332777314041597,1.86394694795242,"03b_2x2_to_cor_CONT",300
0.5,25,0.3,0.1,"tetrachoric (z)","population",300,300,300,300,0,-0.00941838956483551,0.0221494818411838,0.383640279102545,0.0156882176646929,0.487601226757683,1.27098548645188,0.0519744616148422,0.383116131565927,0.996666666666667,0.00332777314041597,1.89832448301522,"03b_2x2_to_cor_CONT",300
0,50,0.3,0.1,"tetrachoric (z)","population",300,300,300,300,0,-0.0163881443637279,0.018092129076701,0.313364867779403,0.0128144423877789,0.347476299339349,1.10885531553575,0.0453444658873441,0.313271107029616,0.973333333333333,0.00930153312731393,1.35280116078558,"03b_2x2_to_cor_CONT",300
0.1,50,0.3,0.1,"tetrachoric (z)","population",300,300,300,300,0,0.0170321531250287,0.0179318263198776,0.310588342585288,0.0127009018291632,0.342561960204155,1.10294532419576,0.0451027883691359,0.310537698830246,0.983333333333333,0.00739118594202783,1.33180805543703,"03b_2x2_to_cor_CONT",300
0.25,50,0.3,0.1,"tetrachoric (z)","population",300,300,300,300,0,0.0344360587546864,0.0189384533461994,0.328023634123902,0.0134138839209942,0.342370360532225,1.04373686806635,0.042681574544765,0.329282070072547,0.986666666666667,0.0066220730781117,1.32926630470905,"03b_2x2_to_cor_CONT",300
0.5,50,0.3,0.1,"tetrachoric (z)","population",300,300,300,300,0,0.0661176041759031,0.0197241172228952,0.341631731644989,0.0139703604109305,0.367515491002158,1.07576509135301,0.0439913059929588,0.347411480593967,0.993333333333333,0.00469830544708134,1.42632711362428,"03b_2x2_to_cor_CONT",300
0,100,0.3,0.1,"tetrachoric (z)","population",300,300,300,300,0,-0.0282524630253654,0.0149538523127055,0.259008319744874,0.0105916378400867,0.244204724301345,0.94284509679801,0.0385558032051735,0.260115154624009,0.953333333333333,0.0121776966745069,0.949063771983826,"03b_2x2_to_cor_CONT",300
0.1,100,0.3,0.1,"tetrachoric (z)","population",300,300,300,300,0,-0.00755973215165397,0.0149280981224554,0.258562244084664,0.0105733964498222,0.238974417285648,0.924243282818193,0.0377951184633206,0.258241622328292,0.956666666666667,0.0117552194868996,0.930532889456061,"03b_2x2_to_cor_CONT",300
0.25,100,0.3,0.1,"tetrachoric (z)","population",300,300,300,300,0,0.0168597755317633,0.0131125903545112,0.22711672712851,0.00928749363549576,0.2356873937278,1.0377368356248,0.0424362149720982,0.227363848812299,0.963333333333333,0.0108508405545718,0.918233512690934,"03b_2x2_to_cor_CONT",300
0.5,100,0.3,0.1,"tetrachoric (z)","population",300,300,300,300,0,0.0740775874986187,0.0153132435977377,0.265233159399605,0.0108461904633401,0.256248245965709,0.966124471562174,0.0395077676319863,0.274957491960535,0.956666666666667,0.0117552194868996,0.994037855041087,"03b_2x2_to_cor_CONT",300
0,300,0.3,0.1,"tetrachoric (z)","population",300,300,300,300,0,0.00283002890235136,0.0081646782085007,0.141416374845736,0.00578294561541254,0.132457302603781,0.936647561134778,0.0383023671251641,0.141208845926343,0.933333333333333,0.0144016459964619,0.518206984121426,"03b_2x2_to_cor_CONT",300
0.1,300,0.3,0.1,"tetrachoric (z)","population",300,300,300,300,0,-0.00286185736069141,0.00751241452241045,0.130118836403332,0.00532095491262634,0.130756415113629,1.0048999724246,0.0410934157787614,0.12993331152,0.963333333333333,0.0108508405545718,0.511836790833768,"03b_2x2_to_cor_CONT",300
0.25,300,0.3,0.1,"tetrachoric (z)","population",300,300,300,300,0,0.00810467744259812,0.00725212273732328,0.125610450437694,0.005136593300465,0.131003280733114,1.0429329747376,0.0426487009019084,0.125662555168243,0.963333333333333,0.0108508405545718,0.512742145295337,"03b_2x2_to_cor_CONT",300
0.5,300,0.3,0.1,"tetrachoric (z)","population",300,300,300,300,0,0.0483749228770388,0.00791854485343771,0.137153220081672,0.00560861225283295,0.139040601319029,1.01376111502328,0.0414557748464047,0.14521857866518,0.953333333333333,0.0121776966745069,0.543569535818808,"03b_2x2_to_cor_CONT",300
0,25,0.5,0.1,"tetrachoric (z)","population",300,300,300,300,0,0.0263656430115047,0.0216635834750814,0.375224272528505,0.0153440615627582,0.44733000754774,1.19216703262116,0.0487513353503543,0.375525087014135,0.996666666666667,0.00332777314041597,1.74411911579685,"03b_2x2_to_cor_CONT",300
0.1,25,0.5,0.1,"tetrachoric (z)","population",300,300,300,300,0,0.00942443299879398,0.0210901691131666,0.365292444442244,0.0149379189095674,0.454109737571396,1.24314024141607,0.0508357848677852,0.36480487204904,0.993333333333333,0.00469830544708134,1.76993325702932,"03b_2x2_to_cor_CONT",300
0.25,25,0.5,0.1,"tetrachoric (z)","population",300,300,300,300,0,-0.0181697571415129,0.0194221044071499,0.336400716230911,0.0137564482831023,0.452055441400643,1.34380047244116,0.0549520878227151,0.336330735758196,0.996666666666667,0.00332777314041597,1.76201665375652,"03b_2x2_to_cor_CONT",300
0,50,0.5,0.1,"tetrachoric (z)","population",300,300,300,300,0,-0.032197346708435,0.0193508510190189,0.335166571346367,0.013705980345732,0.334181415204416,0.997060696900667,0.040772843963308,0.336153007197589,0.97,0.00984885780179611,1.29821081717568,"03b_2x2_to_cor_CONT",300
0.1,50,0.5,0.1,"tetrachoric (z)","population",300,300,300,300,0,-0.0231920048833271,0.019139355854936,0.3315033676489,0.01355618080672,0.335623969366829,1.01243004482022,0.0414013433380096,0.331762018486939,0.973333333333333,0.00930153312731393,1.30285000708565,"03b_2x2_to_cor_CONT",300
0.25,50,0.5,0.1,"tetrachoric (z)","population",300,300,300,300,0,-0.0160481713961446,0.0181684975280268,0.314687608157319,0.0128685332642926,0.340805786739826,1.08299716260022,0.0442870473790255,0.314572313197631,0.99,0.00574456264653803,1.32422410601555,"03b_2x2_to_cor_CONT",300
0,100,0.5,0.1,"tetrachoric (z)","population",300,300,300,300,0,-0.0078623493517057,0.0143029494189138,0.247734350916464,0.0101306109704921,0.228721153788413,0.923251672375211,0.0377545684968143,0.247446056342085,0.946666666666667,0.0129729062394013,0.889989135438086,"03b_2x2_to_cor_CONT",300
0.1,100,0.5,0.1,"tetrachoric (z)","population",300,300,300,300,0,0.0149377570949889,0.0148151309461559,0.25660559519528,0.0104933831265553,0.232419709500163,0.905746849842807,0.0370387430712031,0.256612704220974,0.96,0.0113137084989848,0.903465637829327,"03b_2x2_to_cor_CONT",300
0.25,100,0.5,0.1,"tetrachoric (z)","population",300,300,300,300,0,0.0132011246615536,0.0130184431171951,0.225486049144273,0.00922081025381964,0.237125329108225,1.05161862566719,0.0430038835815314,0.225496670019377,0.966666666666667,0.010363754503432,0.922517887887145,"03b_2x2_to_cor_CONT",300
0,300,0.5,0.1,"tetrachoric (z)","population",300,300,300,300,0,-0.00186378739326413,0.00780674478392222,0.135216786074766,0.00552942557758415,0.126333309586123,0.934301969847656,0.0382064487644777,0.135004102440315,0.94,0.0137113092008021,0.494505141461219,"03b_2x2_to_cor_CONT",300
0.1,300,0.5,0.1,"tetrachoric (z)","population",300,300,300,300,0,0.00429175186537932,0.00756034362498187,0.130948992811481,0.00535490253266573,0.126028942233551,0.962427732567501,0.0393565967326906,0.130800990274108,0.94,0.0137113092008021,0.493271953515104,"03b_2x2_to_cor_CONT",300
0.25,300,0.5,0.1,"tetrachoric (z)","population",300,300,300,300,0,0.0185792168587177,0.00756613239121115,0.131049257183703,0.00535900264775041,0.130164893394615,0.993251668814512,0.0406170812215898,0.132143288698754,0.963333333333333,0.0108508405545718,0.50929744779829,"03b_2x2_to_cor_CONT",300
0,25,0.3,0.3,"tetrachoric (z)","population",300,300,300,300,0,0.00590404928654669,0.0202951695764094,0.351522648545672,0.0143748300813319,0.379422798047504,1.07936942219018,0.0441386980416806,0.35098594890737,0.98,0.00808290376865476,1.47980992428519,"03b_2x2_to_cor_CONT",300
0.1,25,0.3,0.3,"tetrachoric (z)","population",300,300,300,300,0,0.0195961236457686,0.021991158426484,0.380898037119668,0.0155760790508401,0.37881023103208,0.994518727102464,0.0406688950881154,0.380767267099757,0.973333333333333,0.00930153312731393,1.47651395946783,"03b_2x2_to_cor_CONT",300
0.25,25,0.3,0.3,"tetrachoric (z)","population",300,300,300,300,0,0.0254985910361034,0.0215543517968326,0.373332324363275,0.0152666940488573,0.381535911783506,1.02197395426239,0.041791622818181,0.373580797790693,0.976666666666667,0.0087156734084615,1.48586758388242,"03b_2x2_to_cor_CONT",300
0.5,25,0.3,0.3,"tetrachoric (z)","population",300,300,300,300,0,0.104021531859327,0.0248784075755926,0.430906659323329,0.0176210836892418,0.414931480266406,0.962926590454627,0.0393769965487248,0.442585689981109,0.963333333333333,0.0108508405545718,1.60707476011089,"03b_2x2_to_cor_CONT",300
0.75,25,0.3,0.3,"tetrachoric (z)","population",300,300,300,300,0,0.288802645937145,0.0266450667717279,0.461506094196979,0.0188723876342744,0.487471566319255,1.05626246857575,0.0431937844400141,0.543769145592113,0.986666666666667,0.0066220730781117,1.87384395223205,"03b_2x2_to_cor_CONT",300
0,50,0.3,0.3,"tetrachoric (z)","population",300,300,300,300,0,-0.00136679219503738,0.0157452931412947,0.272716477007881,0.0111522060771524,0.259291986766002,0.95077492057258,0.0388800778139532,0.272265000865681,0.95,0.0125830573921179,1.01353191787233,"03b_2x2_to_cor_CONT",300
0.1,50,0.3,0.3,"tetrachoric (z)","population",300,300,300,300,0,-0.00219931062770716,0.0134970601481661,0.233775939294369,0.00955980907165841,0.255841479544818,1.09438755894662,0.0447528353238877,0.233396349859115,0.983333333333333,0.00739118594202783,1.00000480077143,"03b_2x2_to_cor_CONT",300
0.25,50,0.3,0.3,"tetrachoric (z)","population",300,300,300,300,0,0.0255914177907268,0.0144932880097225,0.251031112015682,0.0102654255573077,0.261120676368035,1.04019248559009,0.0425366339668239,0.251915629660084,0.966666666666667,0.010363754503432,1.02113175867543,"03b_2x2_to_cor_CONT",300
0.5,50,0.3,0.3,"tetrachoric (z)","population",300,300,300,300,0,0.0804608557191873,0.0165090568721013,0.285945252875236,0.0116931709511484,0.277909837759089,0.97189876371316,0.0397438959976942,0.296590775288343,0.963333333333333,0.0108508405545718,1.08227882814302,"03b_2x2_to_cor_CONT",300
0.75,50,0.3,0.3,"tetrachoric (z)","population",300,300,300,300,0,0.320642281945805,0.0224392141830296,0.388658590469274,0.0158934316771907,0.341513175791667,0.8786970986009,0.0359325964844799,0.503352217223511,0.88,0.0187616630392937,1.31429131055565,"03b_2x2_to_cor_CONT",300
0,100,0.3,0.3,"tetrachoric (z)","population",300,300,300,300,0,0.00538743237329441,0.0105703105640454,0.183083149487087,0.00748682673938726,0.176893051313556,0.966189689270293,0.0395104345823987,0.182857137099616,0.93,0.0147309198626562,0.692722194179254,"03b_2x2_to_cor_CONT",300
0.1,100,0.3,0.3,"tetrachoric (z)","population",300,300,300,300,0,0.000826476074411528,0.010584890841196,0.183335687295219,0.00749715377833062,0.177309219943859,0.96712878196128,0.0395488369383192,0.183031738735641,0.946666666666667,0.0129729062394013,0.694379267901862,"03b_2x2_to_cor_CONT",300
0.25,100,0.3,0.3,"tetrachoric (z)","population",300,300,300,300,0,-0.00608958077877738,0.0108474609078215,0.18788353425464,0.00768312907052887,0.178128552835172,0.948079636365325,0.0387698594463445,0.187668958621103,0.94,0.0137113092008021,0.697515481862012,"03b_2x2_to_cor_CONT",300
0.5,100,0.3,0.3,"tetrachoric (z)","population",300,300,300,300,0,0.0697282208561173,0.0115627566320234,0.200272819622185,0.00818976462509242,0.190860758671955,0.953003802672845,0.0389712235810757,0.21174874196143,0.94,0.0137113092008021,0.74656209487143,"03b_2x2_to_cor_CONT",300
0.75,100,0.3,0.3,"tetrachoric (z)","population",300,300,300,300,0,0.250674059868852,0.0135366213375404,0.234461159194409,0.00958782979712853,0.224128088375323,0.955928432433799,0.0390908205858163,0.342966877911968,0.833333333333333,0.0215165741455968,0.873384092529462,"03b_2x2_to_cor_CONT",300
0,300,0.3,0.3,"tetrachoric (z)","population",300,300,300,300,0,0.00295103000068095,0.00557045763095603,0.096483156382256,0.0039454896702774,0.100941534314802,1.046208873131,0.0427826623492392,0.0963674117392883,0.956666666666667,0.0117552194868996,0.395578739892119,"03b_2x2_to_cor_CONT",300
0.1,300,0.3,0.3,"tetrachoric (z)","population",300,300,300,300,0,0.00199832524941519,0.00571146918992412,0.0989255482281283,0.0040453665001821,0.100877685308844,1.01973339663698,0.0416999996033297,0.0987807497224573,0.946666666666667,0.0129729062394013,0.395341180662853,"03b_2x2_to_cor_CONT",300
0.25,300,0.3,0.3,"tetrachoric (z)","population",300,300,300,300,0,0.00807290488775662,0.00571761275238016,0.0990319578512617,0.00404971791326427,0.101945388567347,1.02941909641392,0.0420960773214749,0.0991958132866235,0.963333333333333,0.0108508405545718,0.399516712372964,"03b_2x2_to_cor_CONT",300
0.5,300,0.3,0.3,"tetrachoric (z)","population",300,300,300,300,0,0.0501117228937878,0.00661726567176947,0.114614403506861,0.00468693150242431,0.108002276095339,0.942309803923327,0.0385339134516992,0.124915403604386,0.9,0.0173205080756888,0.423081642176667,"03b_2x2_to_cor_CONT",300
0.75,300,0.3,0.3,"tetrachoric (z)","population",300,300,300,300,0,0.233852898036107,0.00734297929797293,0.127184132230156,0.0052009459345337,0.126030708093065,0.990931068861615,0.0405221848325587,0.266099722033025,0.55,0.0287228132326901,0.493225117115899,"03b_2x2_to_cor_CONT",300
0,25,0.5,0.3,"tetrachoric (z)","population",300,300,300,300,0,0.00915451241221567,0.0211742855332805,0.366749383576125,0.0149974975813117,0.361811000675844,0.986534720652757,0.0403424047849795,0.366252051302281,0.966666666666667,0.010363754503432,1.41130711976474,"03b_2x2_to_cor_CONT",300
0.1,25,0.5,0.3,"tetrachoric (z)","population",300,300,300,300,0,-0.0281107527891524,0.0207871988716165,0.360044845926781,0.0147233286482943,0.360636787117711,1.00164407628001,0.0409602722842113,0.360541811533537,0.96,0.0113137084989848,1.40635002414965,"03b_2x2_to_cor_CONT",300
0.25,25,0.5,0.3,"tetrachoric (z)","population",300,300,300,300,0,0.0327713818687927,0.021689880891236,0.375679757137381,0.0153626877135464,0.371148693363291,0.987939026024143,0.0403998311021158,0.376482127675824,0.97,0.00984885780179611,1.44582693721268,"03b_2x2_to_cor_CONT",300
0.5,25,0.5,0.3,"tetrachoric (z)","population",300,300,300,300,0,0.08470642358937,0.0205926182927072,0.356674611438411,0.0145855095111634,0.392840250377191,1.1013967290605,0.0450394616047687,0.366016257444795,0.983333333333333,0.00739118594202783,1.52772164513447,"03b_2x2_to_cor_CONT",300
0,50,0.5,0.3,"tetrachoric (z)","population",300,300,300,300,0,-0.0138252727108667,0.0141457976361527,0.245012402194043,0.0100193022097713,0.243738398081245,0.994800246430839,0.0406804072695545,0.244994105650855,0.956666666666667,0.0117552194868996,0.953677632554496,"03b_2x2_to_cor_CONT",300
0.1,50,0.5,0.3,"tetrachoric (z)","population",300,300,300,300,0,0.0214300773964635,0.0149711550791267,0.259308012450403,0.0106038931861829,0.244479253394189,0.942814111619286,0.0385545361269894,0.259760963298555,0.936666666666667,0.0140620318852128,0.956588421245453,"03b_2x2_to_cor_CONT",300
0.25,50,0.5,0.3,"tetrachoric (z)","population",300,300,300,300,0,0.0382304900919886,0.0150791279893261,0.261178158113467,0.0106803691294688,0.251341753036832,0.962338332011816,0.0393529408721011,0.26353030290139,0.95,0.0125830573921179,0.982172920560426,"03b_2x2_to_cor_CONT",300
0.5,50,0.5,0.3,"tetrachoric (z)","population",300,300,300,300,0,0.0632507297864061,0.0161229795577019,0.27925819763334,0.0114197169269356,0.269962731731828,0.966713722353399,0.0395318638887544,0.285877325603337,0.966666666666667,0.010363754503432,1.05097041574028,"03b_2x2_to_cor_CONT",300
0,100,0.5,0.3,"tetrachoric (z)","population",300,300,300,300,0,0.00247111357661918,0.0100395125806383,0.173889458728925,0.00711086876622203,0.168660388094315,0.969928765821506,0.0396633367931301,0.173616987781986,0.946666666666667,0.0129729062394013,0.660770256384802,"03b_2x2_to_cor_CONT",300
0.1,100,0.5,0.3,"tetrachoric (z)","population",300,300,300,300,0,0.0226393806126949,0.00976827231885974,0.169191439584337,0.00691875247669791,0.168783450459718,0.997588594756204,0.0407944313119612,0.170419675035048,0.96,0.0113137084989848,0.661288826538504,"03b_2x2_to_cor_CONT",300
0.25,100,0.5,0.3,"tetrachoric (z)","population",300,300,300,300,0,0.0234180962781654,0.00963275608598666,0.166844229578472,0.00682276792167961,0.17198619442951,1.03081895528559,0.0421533218077162,0.16820408492993,0.966666666666667,0.010363754503432,0.673400031251364,"03b_2x2_to_cor_CONT",300
0.5,100,0.5,0.3,"tetrachoric (z)","population",300,300,300,300,0,0.0532519592696051,0.0106069988810818,0.183718609778599,0.0075128126431454,0.185501876842705,1.00970651294529,0.0412899698373684,0.190986361606712,0.956666666666667,0.0117552194868996,0.725221943958826,"03b_2x2_to_cor_CONT",300
0,300,0.5,0.3,"tetrachoric (z)","population",300,300,300,300,0,-0.000132790863240553,0.00557496903562879,0.0965612962033234,0.00394868504518447,0.0961075538474213,0.995300991455763,0.040700884256392,0.0964003178321062,0.946666666666667,0.0129729062394013,0.376674360375105,"03b_2x2_to_cor_CONT",300
0.1,300,0.5,0.3,"tetrachoric (z)","population",300,300,300,300,0,0.00510522159318973,0.00549721759504644,0.0952146017488203,0.00389361461363463,0.0961361656945613,1.00967880901474,0.0412888369394003,0.0951927742657747,0.946666666666667,0.0129729062394013,0.376795179534221,"03b_2x2_to_cor_CONT",300
0.25,300,0.5,0.3,"tetrachoric (z)","population",300,300,300,300,0,0.00364297403853617,0.00517428990246131,0.089621330041536,0.00366488872435388,0.0979194059941052,1.09259041289304,0.0446793445566256,0.0895459702178979,0.973333333333333,0.00930153312731393,0.383752328311656,"03b_2x2_to_cor_CONT",300
0.5,300,0.5,0.3,"tetrachoric (z)","population",300,300,300,300,0,0.0643836251685307,0.00669492978092442,0.115959585336671,0.00474194007815053,0.105975541129032,0.913900656175584,0.0373721770079201,0.132465295592932,0.89,0.0180646985397856,0.415087834396564,"03b_2x2_to_cor_CONT",300
0,25,0.3,0.5,"tetrachoric (z)","population",300,300,300,300,0,-0.0182790475181448,0.0216496524615544,0.374982980296208,0.0153341943896086,0.357091576140449,0.952287423440857,0.0389419286557666,0.37480348402635,0.97,0.00984885780179611,1.39418171584511,"03b_2x2_to_cor_CONT",300
0.1,25,0.3,0.5,"tetrachoric (z)","population",300,300,300,300,0,0.0316803210644566,0.0209130538600989,0.362224718271158,0.0148124702574597,0.359174555044433,0.991579362001347,0.0405486955105053,0.363005555670449,0.953333333333333,0.0121776966745069,1.40109291928766,"03b_2x2_to_cor_CONT",300
0.25,25,0.3,0.5,"tetrachoric (z)","population",300,300,300,300,0,-0.0223230490759441,0.0222826185131063,0.38594627390375,0.0157825168046569,0.368356030539322,0.95442307763071,0.0390292620501257,0.385948610274003,0.956666666666667,0.0117552194868996,1.43510208105476,"03b_2x2_to_cor_CONT",300
0.5,25,0.3,0.5,"tetrachoric (z)","population",300,300,300,300,0,0.0721411765570847,0.0226235295233196,0.39185102580924,0.0160239800664553,0.395855833211011,1.01022022946986,0.0413109772682729,0.3977936043914,0.973333333333333,0.00930153312731393,1.53874807613997,"03b_2x2_to_cor_CONT",300
0,50,0.3,0.5,"tetrachoric (z)","population",300,300,300,300,0,-0.0197267480175834,0.0148581087632031,0.257349992822522,0.0105238238092505,0.242404106142032,0.941923889266253,0.0385181322278028,0.257676929501036,0.953333333333333,0.0121776966745069,0.948813485799307,"03b_2x2_to_cor_CONT",300
0.1,50,0.3,0.5,"tetrachoric (z)","population",300,300,300,300,0,0.0157361874595752,0.0143184647183919,0.248003083786372,0.0101416002747607,0.244758317043156,0.986916425821497,0.0403580138700968,0.248088973417646,0.95,0.0125830573921179,0.957380524480438,"03b_2x2_to_cor_CONT",300
0.25,50,0.3,0.5,"tetrachoric (z)","population",300,300,300,300,0,0.0086295530761893,0.0157741659931531,0.273216569471663,0.0111726563787804,0.248648655595076,0.910078975356085,0.0372158968574585,0.272897304324135,0.95,0.0125830573921179,0.970710162392531,"03b_2x2_to_cor_CONT",300
0.5,50,0.3,0.5,"tetrachoric (z)","population",300,300,300,300,0,0.0568969789591033,0.0154398216915388,0.267425556295492,0.0109358442395039,0.268225631320951,1.00299176726616,0.0410153834669705,0.272974918775992,0.943333333333333,0.0133486023682326,1.04538260106013,"03b_2x2_to_cor_CONT",300
0,100,0.3,0.5,"tetrachoric (z)","population",300,300,300,300,0,0.00189659608973345,0.00951603414328749,0.164822546227341,0.00674009514150171,0.168162676379075,1.0202650075987,0.0417217387921864,0.164558542518386,0.956666666666667,0.0117552194868996,0.658765773165676,"03b_2x2_to_cor_CONT",300
0.1,100,0.3,0.5,"tetrachoric (z)","population",300,300,300,300,0,0.00708589369344453,0.00976747260768242,0.169177588180432,0.00691818605067004,0.169091323426824,0.999490093489708,0.0408721893776422,0.169043966798111,0.956666666666667,0.0117552194868996,0.66234917588862,"03b_2x2_to_cor_CONT",300
0.25,100,0.3,0.5,"tetrachoric (z)","population",300,300,300,300,0,0.0150974560027412,0.0103850816775419,0.179874891062552,0.00735563129607656,0.172156579005683,0.95709066445419,0.039138347787484,0.180208378526278,0.95,0.0125830573921179,0.674201853342731,"03b_2x2_to_cor_CONT",300
0.5,100,0.3,0.5,"tetrachoric (z)","population",300,300,300,300,0,0.0714263382146074,0.0111140832744792,0.192501569109494,0.00787197455921311,0.186614482446694,0.969417980902527,0.0396424492444933,0.205024518176077,0.946666666666667,0.0129729062394013,0.729392150682619,"03b_2x2_to_cor_CONT",300
0,300,0.3,0.5,"tetrachoric (z)","population",300,300,300,300,0,-0.00473110826151851,0.00580745845747085,0.100588131111851,0.00411335457022117,0.0959080267837283,0.953472598840528,0.038990394081984,0.100531730971977,0.936666666666667,0.0140620318852128,0.375901420451911,"03b_2x2_to_cor_CONT",300
0.1,300,0.3,0.5,"tetrachoric (z)","population",300,300,300,300,0,0.000167482220533479,0.00530468706730813,0.0918798751883123,0.00375724750365372,0.0962052589576074,1.04707650897903,0.0428181426175509,0.0917267671404153,0.966666666666667,0.010363754503432,0.377071376624556,"03b_2x2_to_cor_CONT",300
0.25,300,0.3,0.5,"tetrachoric (z)","population",300,300,300,300,0,0.00623003045683897,0.00614095566207876,0.106364472137482,0.00434956672064391,0.0980484422521263,0.921815717990809,0.0376958479552909,0.106369652044813,0.943333333333333,0.0133486023682326,0.384238284313786,"03b_2x2_to_cor_CONT",300
0.5,300,0.3,0.5,"tetrachoric (z)","population",300,300,300,300,0,0.0559521677298924,0.00657170453650358,0.113825261495551,0.00465466108579665,0.105590197166998,0.92765169857418,0.0379344989485939,0.126663522482558,0.906666666666667,0.0167950610023922,0.413562155001693,"03b_2x2_to_cor_CONT",300
0,25,0.5,0.5,"tetrachoric (z)","population",300,300,300,300,0,0.000886447474614181,0.0197201391526606,0.341562829447364,0.0139675427905377,0.335319305824278,0.981720716996086,0.0401455455360468,0.340994235084721,0.96,0.0113137084989848,1.3112887152451,"03b_2x2_to_cor_CONT",300
0.1,25,0.5,0.5,"tetrachoric (z)","population",300,300,300,300,0,0.00246107836102868,0.0198948467517188,0.344588853827737,0.0140912861296078,0.335629037547463,0.973998531349035,0.03982976188173,0.344022862847425,0.963333333333333,0.0108508405545718,1.31274768817962,"03b_2x2_to_cor_CONT",300
0.25,25,0.5,0.5,"tetrachoric (z)","population",300,300,300,300,0,0.048738258274796,0.0202090860129266,0.350031637489185,0.0143138581050593,0.344248506635377,0.983478262435673,0.0402174169137768,0.352830211157637,0.953333333333333,0.0121776966745069,1.34347640611347,"03b_2x2_to_cor_CONT",300
0.5,25,0.5,0.5,"tetrachoric (z)","population",300,300,300,300,0,0.100075251009921,0.0222800425446287,0.385901656820931,0.0157806922764597,0.372936959202861,0.966404141083837,0.0395192041692037,0.39804364623248,0.976666666666667,0.0087156734084615,1.44792670506512,"03b_2x2_to_cor_CONT",300
0.75,25,0.5,0.5,"tetrachoric (z)","population",300,300,300,300,0,0.324384065015178,0.0243773787153344,0.422228584903073,0.0172662108361257,0.452282772272991,1.07117989744067,0.0438038034702833,0.531890724634292,0.983333333333333,0.00739118594202783,1.74054396157083,"03b_2x2_to_cor_CONT",300
0,50,0.5,0.5,"tetrachoric (z)","population",300,300,300,300,0,-0.00981474501992216,0.0137107509747644,0.237477172982165,0.00971116377262433,0.228515600907053,0.962263437944054,0.039349878225917,0.237284117073005,0.953333333333333,0.0121776966745069,0.895412659535353,"03b_2x2_to_cor_CONT",300
0.1,50,0.5,0.5,"tetrachoric (z)","population",300,300,300,300,0,-0.010534950001061,0.0137972156047177,0.238974784303532,0.00977240565379924,0.22925369981225,0.959321714549871,0.0392295822105319,0.238808646296572,0.953333333333333,0.0121776966745069,0.898075349121309,"03b_2x2_to_cor_CONT",300
0.25,50,0.5,0.5,"tetrachoric (z)","population",300,300,300,300,0,0.0240807307872123,0.0146554909427133,0.253840549226449,0.0103803119883698,0.234335394150099,0.923159813765807,0.0377508121189332,0.254558682059873,0.936666666666667,0.0140620318852128,0.917406198477051,"03b_2x2_to_cor_CONT",300
0.5,50,0.5,0.5,"tetrachoric (z)","population",300,300,300,300,0,0.0654045413614397,0.0144309205656456,0.249950876196888,0.0102212514296741,0.251724536480737,1.00709603547239,0.0411832194750253,0.257963065328974,0.96,0.0113137084989848,0.982771087433555,"03b_2x2_to_cor_CONT",300
0.75,50,0.5,0.5,"tetrachoric (z)","population",300,300,300,300,0,0.285464530160179,0.0180046878591263,0.311850341464253,0.0127525088010696,0.303915170534937,0.974554554303013,0.039852499351187,0.422393731802495,0.9,0.0173205080756888,1.17785898786921,"03b_2x2_to_cor_CONT",300
0,100,0.5,0.5,"tetrachoric (z)","population",300,300,300,300,0,0.0178562701214216,0.00892517731420705,0.154588605747678,0.00632159819381922,0.159149422232779,1.02950292787132,0.0420995054446999,0.155360305804185,0.963333333333333,0.0108508405545718,0.62381255603065,"03b_2x2_to_cor_CONT",300
0.1,100,0.5,0.5,"tetrachoric (z)","population",300,300,300,300,0,0.0124696159077974,0.00964044079528882,0.166977332648,0.00682821091095974,0.160007908326814,0.95826125492208,0.039186216791488,0.167164538226267,0.946666666666667,0.0129729062394013,0.627121973007181,"03b_2x2_to_cor_CONT",300
0.25,100,0.5,0.5,"tetrachoric (z)","population",300,300,300,300,0,0.00595938951771797,0.00896066737564602,0.155203311643438,0.00634673538722085,0.162280832552445,1.0456016101336,0.0427578295185855,0.155058984611331,0.973333333333333,0.00930153312731393,0.635914134782497,"03b_2x2_to_cor_CONT",300
0.5,100,0.5,0.5,"tetrachoric (z)","population",300,300,300,300,0,0.0534105840166728,0.00998138784150336,0.172882708715341,0.00706969969663429,0.173807224473355,1.00534764734359,0.0411117225675808,0.180669569530989,0.936666666666667,0.0140620318852128,0.680260824411228,"03b_2x2_to_cor_CONT",300
0.75,100,0.5,0.5,"tetrachoric (z)","population",300,300,300,300,0,0.267102077921243,0.012099664286302,0.209572332984017,0.00857005000632878,0.207823476908683,0.99165511949773,0.0405517934649114,0.339289965820341,0.81,0.0226495033058122,0.810874015032283,"03b_2x2_to_cor_CONT",300
0,300,0.5,0.5,"tetrachoric (z)","population",300,300,300,300,0,-0.00336005733428095,0.00558472293186285,0.0967302386418148,0.00395559361524926,0.0911350835535238,0.942157125146673,0.0385276699522248,0.09662732492813,0.936666666666667,0.0140620318852128,0.357239230985521,"03b_2x2_to_cor_CONT",300
0.1,300,0.5,0.5,"tetrachoric (z)","population",300,300,300,300,0,-0.0049178976490304,0.00522947996366401,0.0905772499422951,0.00370397919605357,0.0913202096815436,1.00820249830638,0.0412284661050668,0.0905597949628033,0.963333333333333,0.0108508405545718,0.35796217003753,"03b_2x2_to_cor_CONT",300
0.25,300,0.5,0.5,"tetrachoric (z)","population",300,300,300,300,0,0.00166401224051208,0.00553639627007671,0.0958931963060769,0.00392136440869061,0.0928121678797401,0.967870208262715,0.0395791561144663,0.0957477015435517,0.943333333333333,0.0133486023682326,0.363775149478126,"03b_2x2_to_cor_CONT",300
0.5,300,0.5,0.5,"tetrachoric (z)","population",300,300,300,300,0,0.0481477166300376,0.00609025476915383,0.105486306912131,0.00431365587407405,0.0992221359044352,0.940616263939227,0.0384646594516849,0.11579495826457,0.903333333333333,0.0170608931206451,0.388758733483979,"03b_2x2_to_cor_CONT",300
0.75,300,0.5,0.5,"tetrachoric (z)","population",300,300,300,300,0,0.231724301008672,0.00646510077796006,0.111978830234799,0.00457915489653693,0.116534036797176,1.04067917616951,0.0425565362246454,0.257281193581346,0.47,0.0288155050855149,0.456267894243803,"03b_2x2_to_cor_CONT",300
0,25,0.3,0.1,"phi (r)","sample",300,279,130,130,0.07,0.0108797227194239,0.0126897183501077,0.21196008481224,0.0089891098735885,0.193349771388725,0.912198971612977,0.0386858534693791,0.21381223269896,0.923076923076923,0.0233709084711615,0.753020422578576,"03b_2x2_to_cor_CONT",300
0.1,25,0.3,0.1,"phi (r)","sample",300,276,145,145,0.08,-0.043661466443966,0.0129319376982316,0.214841484555801,0.00916087168203993,0.193906261383769,0.90255502462517,0.0384850755600884,0.218537611181389,0.972413793103448,0.0136015232629728,0.755236630897344,"03b_2x2_to_cor_CONT",300
0.25,25,0.3,0.1,"phi (r)","sample",300,270,148,148,0.1,-0.151198707673145,0.0128882766009044,0.21177599465044,0.00913031145107599,0.193224999537848,0.912402748275538,0.0393364756677158,0.251793477306014,0.932432432432432,0.0206322679873335,0.75335367518485,"03b_2x2_to_cor_CONT",300
0.5,25,0.3,0.1,"phi (r)","sample",300,280,152,152,0.0666666666666667,-0.244729900990476,0.0129235636029279,0.21625258133881,0.00915470176471597,0.192417979034537,0.889783501511457,0.0376675392315431,0.322212383484584,0.671052631578947,0.0381083114665082,0.753572285516154,"03b_2x2_to_cor_CONT",300
0,50,0.3,0.1,"phi (r)","sample",300,300,220,220,0,-0.0210027450419644,0.00822666726116188,0.142490056732959,0.00582685173285356,0.139996642361237,0.982501134262341,0.0401774591713171,0.157655205641251,0.963636363636364,0.0126205680455015,0.546151563556539,"03b_2x2_to_cor_CONT",300
0.1,50,0.3,0.1,"phi (r)","sample",300,299,246,246,0.0033333333333333,-0.0501602019638201,0.0084115550044286,0.145449383017481,0.00595783886938602,0.140442364343636,0.965575524832283,0.0395515145807266,0.162072439124725,0.963414634146341,0.0119699618726109,0.548206847625486,"03b_2x2_to_cor_CONT",300
0.25,50,0.3,0.1,"phi (r)","sample",300,299,261,261,0.0033333333333333,-0.115407455524553,0.00862153705000036,0.14908031201421,0.00610656751614894,0.140860559737535,0.944863596234687,0.0387031209285935,0.193029236366362,0.869731800766284,0.0208349098715782,0.550336737864733,"03b_2x2_to_cor_CONT",300
0.5,50,0.3,0.1,"phi (r)","sample",300,299,240,240,0.0033333333333333,-0.245828017965175,0.00907795336143791,0.156972487820319,0.00642984363328457,0.14195756139557,0.90434676398876,0.0370434868138846,0.289660684558285,0.504166666666667,0.0322737405440352,0.556667920655155,"03b_2x2_to_cor_CONT",300
0,100,0.3,0.1,"phi (r)","sample",300,300,276,276,0,-0.00879758051279631,0.00608905363098277,0.105465502588739,0.0043128051220245,0.100301818396403,0.951039116435332,0.0388908815862022,0.100976625398265,0.956521739130435,0.0122752109255061,0.392098588554347,"03b_2x2_to_cor_CONT",300
0.1,100,0.3,0.1,"phi (r)","sample",300,300,291,291,0,-0.0554339815700198,0.00637670397379346,0.110447752674366,0.00451654447907559,0.100368504717362,0.908741937133655,0.0371612212986027,0.121618306227802,0.903780068728522,0.0172869114123167,0.392440439750264,"03b_2x2_to_cor_CONT",300
0.25,100,0.3,0.1,"phi (r)","sample",300,300,299,299,0,-0.135521955158714,0.00590886382462922,0.102344523592636,0.00418517879995961,0.100641967358295,0.983364461775035,0.0402127632586949,0.17395018697583,0.695652173913043,0.0266100432949202,0.393697643271328,"03b_2x2_to_cor_CONT",300
0.5,100,0.3,0.1,"phi (r)","sample",300,300,289,289,0,-0.24552710652525,0.00645664330145801,0.111832342444745,0.00457316456533147,0.103862321570708,0.928732415866408,0.0379786927651403,0.265781349062634,0.26643598615917,0.0260055790819205,0.406792313634297,"03b_2x2_to_cor_CONT",300
0,300,0.3,0.1,"phi (r)","sample",300,300,298,298,0,0.00541812914001677,0.00349913788780016,0.0606068460435912,0.00247839824047318,0.0578178778169128,0.953982620632124,0.0390112504240214,0.0618064900737355,0.929530201342282,0.0148260389174839,0.226425282844714,"03b_2x2_to_cor_CONT",300
0.1,300,0.3,0.1,"phi (r)","sample",300,300,300,300,0,-0.0532568489606898,0.00343472421908215,0.0594911685743762,0.00243277479597568,0.0577801053896623,0.971238366538812,0.0397168903489637,0.0808338301002613,0.823333333333333,0.0220193517582115,0.226292938582127,"03b_2x2_to_cor_CONT",300
0.25,300,0.3,0.1,"phi (r)","sample",300,300,299,299,0,-0.129515272748866,0.00344420658671834,0.0596554079995955,0.00243949104552589,0.0581793885267223,0.975257574755281,0.0398812479953693,0.143154408751404,0.391304347826087,0.0282242130922585,0.227881904113349,"03b_2x2_to_cor_CONT",300
0.5,300,0.3,0.1,"phi (r)","sample",300,300,300,300,0,-0.24226539563681,0.0034380493920273,0.0595487622592258,0.00243512997689189,0.0598026032681504,1.00426274198311,0.0410673574881876,0.249071373232811,0.01,0.00574456264653803,0.234314166870343,"03b_2x2_to_cor_CONT",300
0,25,0.5,0.1,"phi (r)","sample",300,284,170,170,0.0533333333333333,0.0221385410037543,0.0120430183467833,0.202952552622214,0.00853073207765273,0.192938888848856,0.950660074761429,0.0399592234240439,0.218132134494523,0.941176470588235,0.0180462350317028,0.750045534649628,"03b_2x2_to_cor_CONT",300
0.1,25,0.5,0.1,"phi (r)","sample",300,276,143,143,0.08,-0.0236376924426506,0.0121960044135063,0.202615242586971,0.00863954297282158,0.19297109014861,0.952401644046003,0.0406105425537738,0.200662562065658,0.965034965034965,0.0153610353706007,0.749885908898794,"03b_2x2_to_cor_CONT",300
0.25,25,0.5,0.1,"phi (r)","sample",300,279,146,146,0.07,-0.10704726413566,0.0108220239698818,0.180763438179601,0.00766607735774136,0.193002473271842,1.06770747013608,0.0452808828153017,0.225154165108604,0.910958904109589,0.023570468395077,0.750238519833795,"03b_2x2_to_cor_CONT",300
0,50,0.5,0.1,"phi (r)","sample",300,298,241,241,0.00666666666666671,-0.0136170867343563,0.0085369079117922,0.147369879605492,0.00604665940202826,0.14033206783287,0.952243892771967,0.0390710401790884,0.157268464417868,0.929460580912863,0.0164938828648214,0.54748269970457,"03b_2x2_to_cor_CONT",300
0.1,50,0.5,0.1,"phi (r)","sample",300,297,237,237,0.01,-0.053261558491164,0.00846123193583158,0.145818230766818,0.00599309236718095,0.140478043292636,0.963377778991697,0.0395945828146798,0.150278051769953,0.945147679324895,0.0147901700152073,0.548095593286145,"03b_2x2_to_cor_CONT",300
0.25,50,0.5,0.1,"phi (r)","sample",300,300,227,227,0,-0.143099032138262,0.00792075333549139,0.137191472112917,0.00561017649471522,0.140805337065956,1.02634176087902,0.0419702357132586,0.200514437214478,0.823788546255507,0.0252878561959227,0.549524843873472,"03b_2x2_to_cor_CONT",300
0,100,0.5,0.1,"phi (r)","sample",300,300,292,292,0,0.000875891177298384,0.00588082214023742,0.101858827371672,0.00416531720447952,0.100288137306376,0.984579735445367,0.0402624594947287,0.105456222927776,0.948630136986301,0.0129184746368917,0.392025980904851,"03b_2x2_to_cor_CONT",300
0.1,100,0.5,0.1,"phi (r)","sample",300,300,292,292,0,-0.050482817988831,0.00610737015486649,0.105782754088586,0.00432577850061677,0.100632407940242,0.951312043322005,0.0389020423965704,0.111222879124693,0.938356164383562,0.0140746387514083,0.393368383668586,"03b_2x2_to_cor_CONT",300
0.25,100,0.5,0.1,"phi (r)","sample",300,300,294,294,0,-0.139923339941894,0.00527171532629824,0.0913087878818809,0.00373389400701412,0.10155646041129,1.11223095571771,0.0454825060797248,0.170921064667477,0.710884353741497,0.0264400097092508,0.397005792206772,"03b_2x2_to_cor_CONT",300
0,300,0.5,0.1,"phi (r)","sample",300,300,297,297,0,-0.00193486563225389,0.00350873875366174,0.0607731379182803,0.00248519842092372,0.0577323817187963,0.949965456719172,0.0388469763754033,0.0591845448181175,0.94949494949495,0.0127067799684569,0.22610059383676,"03b_2x2_to_cor_CONT",300
0.1,300,0.5,0.1,"phi (r)","sample",300,300,300,300,0,-0.05160787066499,0.00334350226868519,0.0579111580458455,0.00236816336064339,0.057842819469617,0.998819941121288,0.0408447848093605,0.0770642495428933,0.856666666666667,0.0202310725443882,0.226530659341322,"03b_2x2_to_cor_CONT",300
0.25,300,0.5,0.1,"phi (r)","sample",300,300,300,300,0,-0.133451643556065,0.00317728309882132,0.0550321575718842,0.00225043227620691,0.0585378574778916,1.06370275236671,0.0434980402701701,0.1451066776074,0.366666666666667,0.027822186723442,0.229246573496071,"03b_2x2_to_cor_CONT",300
0,25,0.3,0.3,"phi (r)","sample",300,300,273,273,0,-0.000190160236961545,0.0109141885756379,0.189039291363927,0.00773039149339128,0.191213094246506,1.01149921197279,0.0413632787522105,0.195482766017481,0.948717948717949,0.0133496515297095,0.744390632850488,"03b_2x2_to_cor_CONT",300
0.1,25,0.3,0.3,"phi (r)","sample",300,300,276,276,0,-0.0433172639392024,0.0120030855429901,0.207899540080544,0.00850164441753339,0.189771246003866,0.912802625394674,0.0373272751901711,0.21042210275717,0.952898550724638,0.012752223840093,0.740348873111418,"03b_2x2_to_cor_CONT",300
0.25,25,0.3,0.3,"phi (r)","sample",300,300,285,285,0,-0.0938940614388151,0.0115652815105312,0.200316551800769,0.00819155296686453,0.188556062406368,0.941290476055627,0.0384922300354073,0.213467413867228,0.929824561403509,0.015131104992555,0.737642320103108,"03b_2x2_to_cor_CONT",300
0.5,25,0.3,0.3,"phi (r)","sample",300,300,278,278,0,-0.17364153886364,0.0123842166758005,0.214500924944282,0.00877159511945917,0.182047714019562,0.848703631776179,0.0347060724157202,0.250381278173023,0.802158273381295,0.0238927743982002,0.721284919935782,"03b_2x2_to_cor_CONT",300
0.75,25,0.3,0.3,"phi (r)","sample",300,300,259,259,0,-0.222190440998186,0.0113784823493512,0.197081095421019,0.00805924531645596,0.168351800145055,0.854226021960196,0.0349318997439634,0.282554334953895,0.598455598455598,0.030460208560216,0.687244612081923,"03b_2x2_to_cor_CONT",300
0,50,0.3,0.3,"phi (r)","sample",300,300,298,298,0,-0.00750177430614448,0.00845384937518396,0.14642496637353,0.0059877621541383,0.138283929706165,0.944401307584407,0.0386194413966748,0.129541987879027,0.979865771812081,0.00813659416306872,0.539820154236489,"03b_2x2_to_cor_CONT",300
0.1,50,0.3,0.3,"phi (r)","sample",300,300,297,297,0,-0.0372039176719967,0.00740271100128083,0.128218715679675,0.00524325319795848,0.138076649907831,1.07688373866405,0.04403705088332,0.128608410029424,0.966329966329966,0.0104666155989703,0.538964328716099,"03b_2x2_to_cor_CONT",300
0.25,50,0.3,0.3,"phi (r)","sample",300,300,299,299,0,-0.0974872960455836,0.00805135590435731,0.139453574961665,0.00570268075926767,0.13665561225299,0.979936242513363,0.0400725729478516,0.161603365895882,0.903010033444816,0.0171148894615272,0.534340238519234,"03b_2x2_to_cor_CONT",300
0.5,50,0.3,0.3,"phi (r)","sample",300,300,300,300,0,-0.174724629504498,0.00835059971949217,0.144636629878309,0.00591463163650761,0.132250149178871,0.914361384734568,0.037391017599775,0.214503470852137,0.71,0.0261979642975047,0.520571615015899,"03b_2x2_to_cor_CONT",300
0.75,50,0.3,0.3,"phi (r)","sample",300,300,293,293,0,-0.211234294390854,0.00851566843736652,0.147495703939295,0.00603154786932121,0.120240788653617,0.815215531315438,0.0333366421503835,0.247748884954879,0.477815699658703,0.0291815464164808,0.482958728873369,"03b_2x2_to_cor_CONT",300
0,100,0.3,0.3,"phi (r)","sample",300,300,298,298,0,0.00456027826370025,0.00587925446660555,0.101831674467871,0.00416420683967098,0.098835440771748,0.970576603873207,0.0396898288611432,0.0952343861334214,0.953020134228188,0.012257412219074,0.386483070828067,"03b_2x2_to_cor_CONT",300
0.1,100,0.3,0.3,"phi (r)","sample",300,300,298,298,0,-0.0439033787656651,0.00596525043009813,0.103321168248021,0.00422511676990005,0.0986383463160112,0.954677032679611,0.039039647044354,0.102824171500363,0.929530201342282,0.0148260389174839,0.385760484478761,"03b_2x2_to_cor_CONT",300
0.25,100,0.3,0.3,"phi (r)","sample",300,300,300,300,0,-0.1107345395356,0.00620506059441431,0.107474802135691,0.0043949714907903,0.0979471408448253,0.911349813151209,0.0372678652795258,0.143622493003463,0.806666666666667,0.0228002599075504,0.383278895540739,"03b_2x2_to_cor_CONT",300
0.5,100,0.3,0.3,"phi (r)","sample",300,300,300,300,0,-0.180201271447112,0.00613710859877251,0.106297839046418,0.00434684189091873,0.0946189882943685,0.890130873244282,0.0364001582998191,0.201833591852598,0.483333333333333,0.028851471494664,0.371414513996709,"03b_2x2_to_cor_CONT",300
0.75,100,0.3,0.3,"phi (r)","sample",300,300,299,299,0,-0.225036280507792,0.00562472828106869,0.0974231516158054,0.00398392893390789,0.0864213515679613,0.887072016606172,0.036275072349887,0.240100625074668,0.163879598662207,0.0214072687780777,0.342240764685232,"03b_2x2_to_cor_CONT",300
0,300,0.3,0.3,"phi (r)","sample",300,300,300,300,0,-0.00412787667028736,0.0031846143353051,0.0551591383126062,0.00225562490484416,0.0575055206301869,1.04253841501807,0.0426325661551184,0.0509250404252475,0.983333333333333,0.00739118594202783,0.225214860934968,"03b_2x2_to_cor_CONT",300
0.1,300,0.3,0.3,"phi (r)","sample",300,300,299,299,0,-0.0343189662104091,0.00331105382926868,0.0573491345888885,0.00234518051237201,0.0574341181545664,1.00148186308803,0.0409536388935,0.0619942994174916,0.949832775919732,0.0126240299747679,0.224944699820808,"03b_2x2_to_cor_CONT",300
0.25,300,0.3,0.3,"phi (r)","sample",300,300,299,299,0,-0.0994066462924,0.0033502724686328,0.0580284213487122,0.00237295861369596,0.057064432251694,0.983387638770572,0.0402137110365238,0.113106306960821,0.57190635451505,0.0286151652019163,0.223544827995132,"03b_2x2_to_cor_CONT",300
0.5,300,0.3,0.3,"phi (r)","sample",300,300,300,300,0,-0.184287612286588,0.00360024674300011,0.0623581027866056,0.00255001245427638,0.0552960110637174,0.886749413351216,0.0362618801217535,0.192085942507278,0.0433333333333333,0.0117552194868996,0.216820843852895,"03b_2x2_to_cor_CONT",300
0.75,300,0.3,0.3,"phi (r)","sample",300,300,300,300,0,-0.222967082217112,0.00312280749566828,0.0540886124475439,0.00221184784674674,0.050324305793626,0.930404821207632,0.0380470825053367,0.228201975213993,0.00333333333333333,0.00332777314041599,0.197915888015636,"03b_2x2_to_cor_CONT",300
0,25,0.5,0.3,"phi (r)","sample",300,299,288,288,0.0033333333333333,0.0107331350406888,0.0117115060056108,0.202510870085824,0.00829516845131959,0.19012326392708,0.938829919828528,0.0384559719130931,0.190989379273671,0.951388888888889,0.0126721576623022,0.741022628575378,"03b_2x2_to_cor_CONT",300
0.1,25,0.5,0.3,"phi (r)","sample",300,300,279,279,0,-0.0296261540735877,0.0113067990971834,0.195839505072955,0.00800847291144059,0.190365766479345,0.972049875271229,0.0397500754088347,0.186321112878619,0.974910394265233,0.00936326181157604,0.741620417887813,"03b_2x2_to_cor_CONT",300
0.25,25,0.5,0.3,"phi (r)","sample",300,300,269,269,0,-0.0921159756519144,0.0115731217088842,0.200452348019657,0.00819710608721189,0.189146213683811,0.943596897479406,0.0385865466212658,0.207276733712509,0.91449814126394,0.0170491625549265,0.738880229192549,"03b_2x2_to_cor_CONT",300
0.5,25,0.5,0.3,"phi (r)","sample",300,300,260,260,0,-0.170111456942945,0.0104414735556454,0.180851627042648,0.00739557300056214,0.184388409175607,1.01955626383237,0.0416927561042875,0.231630919999256,0.834615384615385,0.0230411458364494,0.726829408306289,"03b_2x2_to_cor_CONT",300
0,50,0.5,0.3,"phi (r)","sample",300,300,297,297,0,-0.00852478757193569,0.00800836598461198,0.138708967709543,0.00567223150437366,0.137925389971264,0.994350922285575,0.0406620330388574,0.124638938230288,0.962962962962963,0.0109583378345506,0.538371199996628,"03b_2x2_to_cor_CONT",300
0.1,50,0.5,0.3,"phi (r)","sample",300,300,295,295,0,-0.0382468385410939,0.00846509458226489,0.146619739073588,0.00599572700214852,0.137533560470903,0.938028953945107,0.0383588564780015,0.128664111455123,0.966101694915254,0.0105363310111586,0.53712207062821,"03b_2x2_to_cor_CONT",300
0.25,50,0.5,0.3,"phi (r)","sample",300,300,297,297,0,-0.0978291120679725,0.00814578609595483,0.141089153857819,0.00576956455413578,0.136856987888326,0.970003605140635,0.0396663972004761,0.158759383108693,0.898989898989899,0.0174856420661281,0.53520118948057,"03b_2x2_to_cor_CONT",300
0.5,50,0.5,0.3,"phi (r)","sample",300,300,296,296,0,-0.185812596836827,0.00766175438794664,0.132705478750374,0.00542673058419042,0.134557999178665,1.01395963788184,0.0414638930498002,0.215211171470648,0.716216216216216,0.0262041457833219,0.529049130042254,"03b_2x2_to_cor_CONT",300
0,100,0.5,0.3,"phi (r)","sample",300,300,298,298,0,-0.000316174114513421,0.00590334893508845,0.102249002903808,0.00418127266851452,0.0986591113588929,0.964890693865323,0.0394573147100374,0.0899019805566292,0.969798657718121,0.00991392844447588,0.38579475025492,"03b_2x2_to_cor_CONT",300
0.1,100,0.5,0.3,"phi (r)","sample",300,300,298,298,0,-0.0332670498396178,0.00574103639634054,0.0994376672656395,0.00406630860498273,0.0984701833839745,0.990270448731663,0.0404951700664955,0.0921353092090339,0.976510067114094,0.0087734644039506,0.385116628599065,"03b_2x2_to_cor_CONT",300
0.25,100,0.5,0.3,"phi (r)","sample",300,300,300,300,0,-0.0945712077447653,0.00539349886123005,0.0934181405821533,0.00382015185348137,0.0978732237721172,1.04768970097458,0.0428432179029688,0.13029252751169,0.87,0.0194164878389476,0.383034931769896,"03b_2x2_to_cor_CONT",300
0.5,100,0.5,0.3,"phi (r)","sample",300,300,300,300,0,-0.195025310627407,0.00516560831344816,0.0894709605089239,0.0036587396568908,0.0960852290940264,1.07392642872592,0.043916117486754,0.210093418837005,0.376666666666667,0.0279755183978712,0.37707837171706,"03b_2x2_to_cor_CONT",300
0,300,0.5,0.3,"phi (r)","sample",300,300,299,299,0,-0.00365188386210417,0.00333582006441404,0.0577780983647281,0.00236272214564728,0.0574750893233244,0.994755641843888,0.0406785832523512,0.0507185106464867,0.969899665551839,0.00988128603776342,0.225096480600979,"03b_2x2_to_cor_CONT",300
0.1,300,0.5,0.3,"phi (r)","sample",300,300,299,299,0,-0.0394274366885096,0.00328389477226659,0.0568787259227556,0.00232594407149851,0.0573888859219712,1.00896925855738,0.0412598212634522,0.0655407665866087,0.896321070234114,0.0176295595196765,0.224768242674171,"03b_2x2_to_cor_CONT",300
0.25,300,0.5,0.3,"phi (r)","sample",300,300,300,300,0,-0.0971053383560047,0.00299800975780338,0.0519270522210271,0.00212345507576798,0.0570181311702577,1.09804290310107,0.0449023134622847,0.107504601507891,0.603333333333333,0.0282443045717316,0.223362492739322,"03b_2x2_to_cor_CONT",300
0.5,300,0.5,0.3,"phi (r)","sample",300,300,300,300,0,-0.180407442153123,0.00336491239244453,0.0582819922673207,0.00238332789966841,0.055601584848203,0.954009680952163,0.0390123570027984,0.186431606653867,0.0566666666666667,0.0133486023682326,0.218036679280242,"03b_2x2_to_cor_CONT",300
0,25,0.3,0.5,"phi (r)","sample",300,300,282,282,0,-0.0173283582335093,0.011948904706695,0.206961100467947,0.00846326876797429,0.189839773830956,0.917272730970803,0.0375100714007945,0.177049343212547,0.975177304964539,0.00926492065671963,0.740233214399099,"03b_2x2_to_cor_CONT",300
0.1,25,0.3,0.5,"phi (r)","sample",300,300,288,288,0,-0.0422621522243965,0.0113455374051808,0.196510472249464,0.00803591079970288,0.18989642579261,0.966342524237298,0.0395166844689715,0.184194704814839,0.947916666666667,0.0130929714661444,0.74023104666625,"03b_2x2_to_cor_CONT",300
0.25,25,0.3,0.5,"phi (r)","sample",300,300,280,280,0,-0.111171762334774,0.0120550597478718,0.208799759715924,0.00853845713599691,0.189083287331744,0.905572341601332,0.0370316068985287,0.212212199304747,0.935714285714286,0.0146571607590295,0.738502987150658,"03b_2x2_to_cor_CONT",300
0.5,25,0.3,0.5,"phi (r)","sample",300,300,263,263,0,-0.186055693080492,0.0113032932592859,0.195778782179341,0.00800598976766203,0.184942541685565,0.944650587907686,0.0386296352271565,0.247456202515932,0.802281368821293,0.0245589206968236,0.729377338173637,"03b_2x2_to_cor_CONT",300
0,50,0.3,0.5,"phi (r)","sample",300,300,296,296,0,-0.00633212384213578,0.00856224649844291,0.148302459622318,0.0060645385625485,0.137638916663067,0.928095980428053,0.0379526669846623,0.136307430491674,0.959459459459459,0.011463367788664,0.537353600257381,"03b_2x2_to_cor_CONT",300
0.1,50,0.3,0.5,"phi (r)","sample",300,300,299,299,0,-0.0407709280498892,0.00801287178051519,0.138787010383872,0.00567542290665518,0.137750385563378,0.992530822462224,0.0405876036221471,0.137686218132766,0.949832775919732,0.0126240299747679,0.537847053818334,"03b_2x2_to_cor_CONT",300
0.25,50,0.3,0.5,"phi (r)","sample",300,300,293,293,0,-0.0952463176004599,0.00846576815636223,0.146631405719181,0.00599620408676513,0.13685866646437,0.933351663602499,0.0381675878522267,0.153891496198065,0.921501706484642,0.0157124666738846,0.535035105575879,"03b_2x2_to_cor_CONT",300
0.5,50,0.3,0.5,"phi (r)","sample",300,300,297,297,0,-0.184778023805584,0.00761716134239063,0.131933104544701,0.00539514585412629,0.134140199305615,1.01672889278647,0.0415771363041698,0.215890066359494,0.693602693602694,0.0267497441398621,0.527275801858998,"03b_2x2_to_cor_CONT",300
0,100,0.3,0.5,"phi (r)","sample",300,300,296,296,0,0.00165115862828611,0.00561205734269756,0.0972036845254216,0.00397495425718147,0.0986877188086753,1.01526726368963,0.0415173658455782,0.0911725934864242,0.983108108108108,0.0074902088972882,0.385894618705209,"03b_2x2_to_cor_CONT",300
0.1,100,0.3,0.5,"phi (r)","sample",300,300,295,295,0,-0.0361319365073486,0.00565853688641611,0.098008733837753,0.00400787517172207,0.0985595526317354,1.00562009907091,0.041122863947238,0.0971254827656524,0.959322033898305,0.0115014028879788,0.385451570823212,"03b_2x2_to_cor_CONT",300
0.25,100,0.3,0.5,"phi (r)","sample",300,300,300,300,0,-0.0948513318638501,0.00588199387981962,0.101879122496568,0.00416614713385411,0.0978562185654154,0.960512970345934,0.0392782962826483,0.127753990706784,0.853333333333333,0.0204251116321352,0.382973153869806,"03b_2x2_to_cor_CONT",300
0.5,100,0.3,0.5,"phi (r)","sample",300,300,300,300,0,-0.182065184236022,0.00533497176805139,0.0924044215921057,0.00377869780125332,0.0958115723001569,1.0368721609783,0.0424008557963229,0.198880596470579,0.476666666666667,0.0288360628123626,0.376125029775963,"03b_2x2_to_cor_CONT",300
0,300,0.3,0.5,"phi (r)","sample",300,300,298,298,0,0.00184641468675271,0.00348284536633714,0.0603246512940176,0.00246685843900734,0.0574664076719109,0.952618978132573,0.0389554869353705,0.0549855899818522,0.966442953020134,0.0104321025533726,0.225063179964003,"03b_2x2_to_cor_CONT",300
0.1,300,0.3,0.5,"phi (r)","sample",300,300,299,299,0,-0.0410713170280643,0.003173519512309,0.054966970341304,0.00224776657211376,0.0574027816205916,1.04431409015565,0.0427051789113321,0.0634471172414167,0.916387959866221,0.0160080526222694,0.224821234616094,"03b_2x2_to_cor_CONT",300
0.25,300,0.3,0.5,"phi (r)","sample",300,300,300,300,0,-0.0975567922710577,0.00353858721648615,0.0612901284596775,0.00250633973633252,0.0569941434465162,0.929907390943264,0.0380267410691386,0.108507126130619,0.603333333333333,0.0282443045717316,0.223270928747628,"03b_2x2_to_cor_CONT",300
0.5,300,0.3,0.5,"phi (r)","sample",300,300,300,300,0,-0.18595960364182,0.00329672596301959,0.0571009686658137,0.00233503225310355,0.0556384953348354,0.974387941830943,0.0398456860605347,0.19177849729208,0.0433333333333333,0.0117552194868996,0.218172580713516,"03b_2x2_to_cor_CONT",300
0,25,0.5,0.5,"phi (r)","sample",300,300,297,297,0,-0.00243094371391859,0.0113662680320859,0.196869537240186,0.00805059405909213,0.18899521159746,0.960002315476978,0.0392574140521525,0.152205708595503,1,0,0.736458944565285,"03b_2x2_to_cor_CONT",300
0.1,25,0.5,0.5,"phi (r)","sample",300,300,295,295,0,-0.0491661712229835,0.0115266546861739,0.199647515577551,0.00816419404115433,0.188450173810871,0.943914444743839,0.0385995320945714,0.170892704582812,0.972881355932203,0.00945698974066197,0.734925876046361,"03b_2x2_to_cor_CONT",300
0.25,25,0.5,0.5,"phi (r)","sample",300,300,297,297,0,-0.0756335463166583,0.0111679573608024,0.193434695656725,0.00791013294137235,0.186448464000534,0.963883254591568,0.0394161174545052,0.196012130374028,0.936026936026936,0.0141992211882697,0.729295914339686,"03b_2x2_to_cor_CONT",300
0.5,25,0.5,0.5,"phi (r)","sample",300,300,293,293,0,-0.159101886432322,0.0111037300732588,0.192322246404148,0.00786464150847018,0.178694975715249,0.929143554925715,0.0379955054915515,0.22450378445351,0.860068259385666,0.0202670607003077,0.70750211414,"03b_2x2_to_cor_CONT",300
0.75,25,0.5,0.5,"phi (r)","sample",300,300,268,268,0,-0.198308035290636,0.00962198279921305,0.166657630777908,0.00681513732927656,0.161553478608984,0.969373426556591,0.039640627281798,0.246621175636524,0.630597014925373,0.0294821233269899,0.661601365103553,"03b_2x2_to_cor_CONT",300
0,50,0.5,0.5,"phi (r)","sample",300,300,292,292,0,-0.00117635677934973,0.00837400160563607,0.14504196243625,0.00593120691742037,0.137196907040965,0.945911822595936,0.0386812109489807,0.126906061259558,0.979452054794521,0.00830203126516523,0.535576346567706,"03b_2x2_to_cor_CONT",300
0.1,50,0.5,0.5,"phi (r)","sample",300,300,295,295,0,-0.0355964272398377,0.00831389643699125,0.144000910377347,0.00588863513288681,0.137064536020013,0.951831038156929,0.0389232656736366,0.123326972215555,0.976271186440678,0.00886160198364679,0.535164645919407,"03b_2x2_to_cor_CONT",300
0.25,50,0.5,0.5,"phi (r)","sample",300,300,295,295,0,-0.0786411343582704,0.00861601248759688,0.149233713871657,0.00610262038075323,0.13520710985674,0.906009147323237,0.037049469212826,0.141547553735148,0.935593220338983,0.0142921747458227,0.528792566375199,"03b_2x2_to_cor_CONT",300
0.5,50,0.5,0.5,"phi (r)","sample",300,300,300,300,0,-0.176886809450142,0.00743580084788128,0.128791848634941,0.00526669034739978,0.130179563472838,1.01077486543291,0.041333658019453,0.207991166170818,0.703333333333333,0.0263726850835958,0.512156386511555,"03b_2x2_to_cor_CONT",300
0.75,50,0.5,0.5,"phi (r)","sample",300,300,300,300,0,-0.201178276453781,0.00681221430178657,0.117991012827417,0.00482501132582926,0.11601303086562,0.983236164226425,0.0402075167817787,0.224633020736792,0.413333333333333,0.0284305521630568,0.465920997698281,"03b_2x2_to_cor_CONT",300
0,100,0.5,0.5,"phi (r)","sample",300,300,295,295,0,0.00708466030522386,0.00558059115819085,0.0966586742225619,0.00395266712851822,0.0985428089494678,1.0194926605611,0.0416901551731072,0.0790817829939149,0.983050847457627,0.007515380561531,0.385326930301719,"03b_2x2_to_cor_CONT",300
0.1,100,0.5,0.5,"phi (r)","sample",300,300,297,297,0,-0.0365904251320051,0.00597495686366307,0.103489288608968,0.00423199172271414,0.0982395312857242,0.949272457142109,0.0388186375152817,0.0929272792411095,0.966329966329966,0.0104666155989703,0.384212264792679,"03b_2x2_to_cor_CONT",300
0.25,100,0.5,0.5,"phi (r)","sample",300,300,298,298,0,-0.0863896990354194,0.005431561059784,0.0940773971995855,0.00384711086137115,0.097327995567235,1.03455238414763,0.0423059930672627,0.122820608595994,0.875838926174497,0.0191027863995856,0.38087976487179,"03b_2x2_to_cor_CONT",300
0.5,100,0.5,0.5,"phi (r)","sample",300,300,300,300,0,-0.169491963562968,0.00531794049980925,0.0921094313729785,0.00376663475412633,0.0930990759918684,1.01074422677611,0.0413324051116042,0.185887989235643,0.49,0.0288617393793236,0.365410675818008,"03b_2x2_to_cor_CONT",300
0.75,100,0.5,0.5,"phi (r)","sample",300,300,300,300,0,-0.203423208675465,0.00475577675005115,0.0823724696054339,0.00336846077729738,0.0825788511062265,1.00250546695736,0.0409954971685017,0.215399285505692,0.153333333333333,0.0208024215114669,0.327276535937167,"03b_2x2_to_cor_CONT",300
0,300,0.5,0.5,"phi (r)","sample",300,300,300,300,0,-0.00149206448684457,0.00353060178366604,0.0611518167060288,0.00250068374811902,0.0574365112985464,0.939244562016158,0.0384085663886976,0.0483090872322233,0.983333333333333,0.00739118594202783,0.224946118097351,"03b_2x2_to_cor_CONT",300
0.1,300,0.5,0.5,"phi (r)","sample",300,300,300,300,0,-0.0370718315698588,0.00329749344756472,0.0571142618880755,0.0023355758533866,0.0573458890908167,1.0040555054917,0.0410588829578464,0.0608069201166919,0.926666666666667,0.0150505321672863,0.224598578009096,"03b_2x2_to_cor_CONT",300
0.25,300,0.5,0.5,"phi (r)","sample",300,300,300,300,0,-0.0888471294587498,0.00338613629313112,0.0586496010105604,0.00239836053907968,0.0567264058935475,0.967208726336151,0.0395521061069189,0.101710839863537,0.643333333333333,0.0276559550884046,0.222221065932951,"03b_2x2_to_cor_CONT",300
0.5,300,0.5,0.5,"phi (r)","sample",300,300,300,300,0,-0.166452906321099,0.00334849165555464,0.0579975767614105,0.00237169728472263,0.0542152258730551,0.934784328939893,0.0382261738946159,0.173230114668355,0.08,0.015663120165961,0.212592436678167,"03b_2x2_to_cor_CONT",300
0.75,300,0.5,0.5,"phi (r)","sample",300,300,300,300,0,-0.210063355005571,0.00268908776536372,0.0465763663562182,0.00190464925929093,0.0483818727533619,1.03876443223018,0.0424782365222194,0.214116182409117,0,0,0.190302194424753,"03b_2x2_to_cor_CONT",300
0,25,0.3,0.1,"phi (z)","sample",300,279,130,130,0.07,0.0129421002999642,0.0131597303720718,0.21981083337022,0.00932205577441745,0.209184022929683,0.951654746594597,0.0403591510469468,0.217266362162881,0.930769230769231,0.0222637804901015,0.818759016654585,"03b_2x2_to_cor_CONT",300
0.1,25,0.3,0.1,"phi (z)","sample",300,276,145,145,0.08,-0.0388998633609238,0.0136120386455733,0.226140170072564,0.00964264925125003,0.210071199058732,0.928942429782929,0.0396102382965684,0.224495807329878,0.972413793103448,0.0136015232629728,0.822432392695484,"03b_2x2_to_cor_CONT",300
0.25,25,0.3,0.1,"phi (z)","sample",300,270,148,148,0.1,-0.1449456162072,0.0136113438013181,0.223657201138201,0.00964254663536518,0.21139933963019,0.945193530788949,0.0407501866861251,0.254967326619288,0.959459459459459,0.0162116501971996,0.826541653531108,"03b_2x2_to_cor_CONT",300
0.5,25,0.3,0.1,"phi (z)","sample",300,280,152,152,0.0666666666666667,-0.226373472786462,0.0143838464800054,0.240687787552468,0.0101891265288528,0.217680203330625,0.904409008633944,0.0382866863188758,0.321368108263245,0.815789473684211,0.0314430362458352,0.850284451931955,"03b_2x2_to_cor_CONT",300
0,50,0.3,0.1,"phi (z)","sample",300,300,220,220,0,-0.0209051591651945,0.00840014888884767,0.145494846666274,0.00594972673080947,0.14498062820939,0.996465727352781,0.0407485138491893,0.159320810565688,0.963636363636364,0.0126205680455015,0.567944793476194,"03b_2x2_to_cor_CONT",300
0.1,50,0.3,0.1,"phi (z)","sample",300,299,246,246,0.0033333333333333,-0.048773461408955,0.00859394846109535,0.148603260716032,0.00608702673358933,0.146960010313652,0.988942029976582,0.0405086439249857,0.16356389553613,0.967479674796748,0.0113091720549653,0.575443312970243,"03b_2x2_to_cor_CONT",300
0.25,50,0.3,0.1,"phi (z)","sample",300,299,261,261,0.0033333333333333,-0.111352978072798,0.00900834496757138,0.155768846170779,0.00638054055027611,0.149563081176834,0.960160422661528,0.0393297033531689,0.193827840029076,0.888888888888889,0.019452804868107,0.585003864044014,"03b_2x2_to_cor_CONT",300
0.5,50,0.3,0.1,"phi (z)","sample",300,299,240,240,0.0033333333333333,-0.232411733053902,0.010027263432099,0.173387593469302,0.00710223255960155,0.158776346240665,0.915730722502795,0.0375097919237127,0.285640863353565,0.591666666666667,0.0317278283623792,0.619380991297909,"03b_2x2_to_cor_CONT",300
0,100,0.3,0.1,"phi (z)","sample",300,300,276,276,0,-0.00876594593493519,0.00615417547220439,0.106593445965522,0.00435893015678313,0.10239320057269,0.960595650560066,0.0392816773280352,0.101520778237085,0.960144927536232,0.0117748574043915,0.401147433899789,"03b_2x2_to_cor_CONT",300
0.1,100,0.3,0.1,"phi (z)","sample",300,300,291,291,0,-0.0548290351738986,0.00645608582212028,0.111822686619374,0.00457276970926862,0.102979439120915,0.920917232756538,0.0376591061617631,0.12197711096606,0.907216494845361,0.0170076520402997,0.403430609010562,"03b_2x2_to_cor_CONT",300
0.25,100,0.3,0.1,"phi (z)","sample",300,300,299,299,0,-0.133537104639035,0.0060555836393672,0.104885785328668,0.00428909872033685,0.104693291105173,0.998164725344886,0.0408179910437486,0.173442016889926,0.732441471571906,0.0256011968191632,0.409961386466624,"03b_2x2_to_cor_CONT",300
0.5,100,0.3,0.1,"phi (z)","sample",300,300,289,289,0,-0.236090574195071,0.00697667755382623,0.120839599912524,0.00494149871430822,0.114758015506357,0.949672256358268,0.0388349865210221,0.259922355114604,0.429065743944637,0.0291142797409953,0.447673345304323,"03b_2x2_to_cor_CONT",300
0,300,0.3,0.1,"phi (z)","sample",300,300,298,298,0,0.00545824065996001,0.00351544253475379,0.0608892508128229,0.00248994663028151,0.0582383082734885,0.956462881314083,0.039112675825793,0.0619499919471963,0.929530201342282,0.0148260389174839,0.228261153154841,"03b_2x2_to_cor_CONT",300
0.1,300,0.3,0.1,"phi (z)","sample",300,300,300,300,0,-0.0530537223170653,0.00345399916968126,0.0598250205118866,0.00244642701694605,0.0583137602113347,0.974738658046066,0.0398600279131009,0.0808435763015253,0.833333333333333,0.0215165741455968,0.228569675911993,"03b_2x2_to_cor_CONT",300
0.25,300,0.3,0.1,"phi (z)","sample",300,300,299,299,0,-0.128488447365955,0.00350368246897194,0.0606855604984777,0.00248161711390457,0.0595019976395738,0.980496796121154,0.0400954956895207,0.142506678803504,0.418060200668896,0.028524815769212,0.233182019074078,"03b_2x2_to_cor_CONT",300
0.5,300,0.3,0.1,"phi (z)","sample",300,300,300,300,0,-0.235564421345686,0.00370682762329723,0.064204137784506,0.00262550243914307,0.0646132045753812,1.00637134622457,0.041153584727898,0.243382323282847,0.05,0.0125830573921179,0.252847028999772,"03b_2x2_to_cor_CONT",300
0,25,0.5,0.1,"phi (z)","sample",300,284,170,170,0.0533333333333333,0.0226771360735263,0.0124247434927733,0.209385499126812,0.00880112898762779,0.205440857427952,0.98116086493425,0.041241267260198,0.221638409380584,0.958823529411765,0.015239455150468,0.804864829253934,"03b_2x2_to_cor_CONT",300
0.1,25,0.5,0.1,"phi (z)","sample",300,276,143,143,0.08,-0.0213663909690717,0.0126144493561039,0.209566972077968,0.00893596571429981,0.204814011052749,0.977320085421422,0.0416730684641147,0.203778305619523,0.972027972027972,0.0137890180340653,0.802463898987899,"03b_2x2_to_cor_CONT",300
0.25,25,0.5,0.1,"phi (z)","sample",300,279,146,146,0.07,-0.102751956347486,0.0112746687021183,0.188324095807107,0.00798672066277893,0.205417695793584,1.09076692981436,0.0462588217364776,0.226414863734634,0.924657534246575,0.0218440892929525,0.804857687904122,"03b_2x2_to_cor_CONT",300
0,50,0.5,0.1,"phi (z)","sample",300,298,241,241,0.00666666666666671,-0.0140133087321905,0.0087119881579477,0.150392233256701,0.00617066807442629,0.145591822192121,0.968080724910936,0.0397208332725468,0.159038902515896,0.937759336099585,0.01556231799309,0.570275496154061,"03b_2x2_to_cor_CONT",300
0.1,50,0.5,0.1,"phi (z)","sample",300,297,237,237,0.01,-0.0526421996828039,0.0086183203604038,0.148525443654822,0.00610435813148289,0.145975205602934,0.982829621719126,0.0403940486260829,0.151281131175228,0.945147679324895,0.0147901700152073,0.571837963631379,"03b_2x2_to_cor_CONT",300
0.25,50,0.5,0.1,"phi (z)","sample",300,300,227,227,0,-0.14090160764287,0.0081144755307502,0.140546838960338,0.0057473876487952,0.14705238993878,1.0462874229443,0.0427858744899757,0.20019696918648,0.850220264317181,0.0236853238506496,0.575845816738977,"03b_2x2_to_cor_CONT",300
0,100,0.5,0.1,"phi (z)","sample",300,300,292,292,0,0.000822513753406739,0.0059445631256575,0.102962853624392,0.00421046419530315,0.102396916409145,0.99450348164094,0.0406682716548321,0.106068553330631,0.948630136986301,0.0129184746368917,0.401112941955211,"03b_2x2_to_cor_CONT",300
0.1,100,0.5,0.1,"phi (z)","sample",300,300,292,292,0,-0.0498949938656607,0.00618949804752625,0.107205250916638,0.00438394872173649,0.103161969697122,0.962284671833284,0.03935074654422,0.111808127134432,0.945205479452055,0.013318038167708,0.403938844884271,"03b_2x2_to_cor_CONT",300
0.25,100,0.5,0.1,"phi (z)","sample",300,300,294,294,0,-0.138559303341931,0.0053748305462448,0.0930947958816918,0.00380692930538649,0.10495642114982,1.12741448279453,0.0461034066750848,0.170339231350789,0.738095238095238,0.0256421380451216,0.410801843886164,"03b_2x2_to_cor_CONT",300
0,300,0.5,0.1,"phi (z)","sample",300,300,297,297,0,-0.00193530158064527,0.00352178332287981,0.0609990764847657,0.00249443773598772,0.0581491118918682,0.953278561625284,0.0389824593101844,0.059307345888536,0.94949494949495,0.0127067799684569,0.227927543622329,"03b_2x2_to_cor_CONT",300
0.1,300,0.5,0.1,"phi (z)","sample",300,300,300,300,0,-0.0514143244063682,0.00336296868747281,0.0582483263096612,0.00238195119628135,0.0583757207505639,1.00218709186982,0.040982477842992,0.0770588203990695,0.856666666666667,0.0202310725443882,0.228796537451406,"03b_2x2_to_cor_CONT",300
0.25,300,0.5,0.1,"phi (z)","sample",300,300,300,300,0,-0.132509293074804,0.00323399740317235,0.0560144781384032,0.00229060235141409,0.0598212401623947,1.06796032294696,0.0436721452784921,0.144469639362325,0.413333333333333,0.0284305521630568,0.234364369543081,"03b_2x2_to_cor_CONT",300
0,25,0.3,0.3,"phi (z)","sample",300,300,273,273,0,-7.95725862284173e-05,0.0113779357000496,0.197071627177376,0.00805885813118043,0.205923115856707,1.04491508395251,0.0427297553753111,0.19886260928422,0.948717948717949,0.0133496515297095,0.806473552906959,"03b_2x2_to_cor_CONT",300
0.1,25,0.3,0.3,"phi (z)","sample",300,300,276,276,0,-0.0395921480220724,0.0126047371334618,0.218320451312058,0.00892778716783815,0.208087243841165,0.953127581912761,0.0389762852906093,0.215089325820549,0.963768115942029,0.011248048886456,0.814517572635203,"03b_2x2_to_cor_CONT",300
0.25,25,0.3,0.3,"phi (z)","sample",300,300,285,285,0,-0.0858171034806024,0.0123757192709444,0.21435374557485,0.00876557650746983,0.211312172315469,0.985810496330616,0.0403127890500771,0.217051287362391,0.964912280701754,0.0108993113017087,0.82634903345503,"03b_2x2_to_cor_CONT",300
0.5,25,0.3,0.3,"phi (z)","sample",300,300,278,278,0,-0.141897593551162,0.0147358845828841,0.255233007920262,0.0104372538588344,0.225118693304332,0.882012460452067,0.0360681717126076,0.256096684222458,0.892086330935252,0.0186088388039697,0.877357158543594,"03b_2x2_to_cor_CONT",300
0.75,25,0.3,0.3,"phi (z)","sample",300,300,259,259,0,-0.125412263102067,0.0167703896398956,0.290471669190259,0.0118782698791265,0.255295939589058,0.878901341052434,0.0359409485794255,0.288279474593054,0.876447876447876,0.0204474084147567,0.988773451177351,"03b_2x2_to_cor_CONT",300
0,50,0.3,0.3,"phi (z)","sample",300,300,298,298,0,-0.00713118209452463,0.00865480237821421,0.14990557448535,0.00613009480437892,0.14436879857239,0.963064909814274,0.0393826528479707,0.131129561562384,0.979865771812081,0.00813659416306872,0.565630685875583,"03b_2x2_to_cor_CONT",300
0.1,50,0.3,0.3,"phi (z)","sample",300,300,297,297,0,-0.0362902129363514,0.00753444270644203,0.130500375742744,0.00533655721647811,0.14385031672607,1.10229810379736,0.0450763215588446,0.129424663037653,0.96969696969697,0.00994678714984507,0.563747264804591,"03b_2x2_to_cor_CONT",300
0.25,50,0.3,0.3,"phi (z)","sample",300,300,299,299,0,-0.0927205796177709,0.00844522341130751,0.146275560296548,0.00598165248530578,0.146380597259132,1.00071807595453,0.04092240531493,0.161826759319213,0.926421404682274,0.0150988698804982,0.573364653726222,"03b_2x2_to_cor_CONT",300
0.5,50,0.3,0.3,"phi (z)","sample",300,300,300,300,0,-0.154319445026494,0.00956389493459786,0.165651519449741,0.00677399437747776,0.156245411618059,0.943217497413081,0.0385710317987961,0.208906360558287,0.83,0.0216871697861508,0.610254907248352,"03b_2x2_to_cor_CONT",300
0.75,50,0.3,0.3,"phi (z)","sample",300,300,293,293,0,-0.123431143989705,0.0127756673104071,0.221281048822219,0.00904885500322187,0.184117834433982,0.832054237875134,0.0340252280682084,0.234109247795104,0.860068259385666,0.0202670607003077,0.713475343683666,"03b_2x2_to_cor_CONT",300
0,100,0.3,0.3,"phi (z)","sample",300,300,298,298,0,0.0046264301156146,0.0059437854557651,0.102949383986741,0.00420991338085834,0.100918797908396,0.980275879274749,0.0400864617278619,0.095802064368316,0.956375838926175,0.0118323146487808,0.395555845186256,"03b_2x2_to_cor_CONT",300
0.1,100,0.3,0.3,"phi (z)","sample",300,300,298,298,0,-0.0432001688840409,0.00605755739726878,0.104919971818342,0.00429049670986091,0.101135506620837,0.963929982710459,0.0394180283093871,0.103165518928799,0.932885906040268,0.0144948257779992,0.396386581124579,"03b_2x2_to_cor_CONT",300
0.25,100,0.3,0.3,"phi (z)","sample",300,300,300,300,0,-0.107955038672738,0.00643593375308638,0.111473642544931,0.00455849623561968,0.102310414961275,0.91779915525805,0.0375315984907591,0.143115361845958,0.826666666666667,0.0218547392944787,0.400917300621803,"03b_2x2_to_cor_CONT",300
0.5,100,0.3,0.3,"phi (z)","sample",300,300,300,300,0,-0.163671347983182,0.00695494108469445,0.12046311322339,0.00492610302869144,0.108650350929631,0.90193875969441,0.0368830186846121,0.192975858452094,0.66,0.0273495886623547,0.425379721447983,"03b_2x2_to_cor_CONT",300
0.75,100,0.3,0.3,"phi (z)","sample",300,300,299,299,0,-0.157254179404522,0.00784686608594917,0.135911707410531,0.00555784302426317,0.124014879656617,0.912466497694873,0.03731352990636,0.197461340666339,0.71571906354515,0.0260861247619175,0.484542855444376,"03b_2x2_to_cor_CONT",300
0,300,0.3,0.3,"phi (z)","sample",300,300,300,300,0,-0.00411219589478541,0.00319370011938932,0.055316508709211,0.00226206025892556,0.0578747015491979,1.0462464623976,0.0427841994886597,0.0509928819338785,0.983333333333333,0.00739118594202783,0.226863426002623,"03b_2x2_to_cor_CONT",300
0.1,300,0.3,0.3,"phi (z)","sample",300,300,299,299,0,-0.0340523783747654,0.00333365572549821,0.0577406109150579,0.00236118916983073,0.0580278309281804,1.00497431545269,0.0410964558912575,0.0620258794609728,0.963210702341137,0.0108864380108455,0.227460965163546,"03b_2x2_to_cor_CONT",300
0.25,300,0.3,0.3,"phi (z)","sample",300,300,299,299,0,-0.0977167973776466,0.00344100121237412,0.0595998892873808,0.00243722071655073,0.0588142806163916,0.98681862197426,0.0403540143733613,0.111999209864632,0.612040133779264,0.0281804391717991,0.230530184284328,"03b_2x2_to_cor_CONT",300
0.5,300,0.3,0.3,"phi (z)","sample",300,300,300,300,0,-0.17159285090626,0.00400616772960919,0.0693888605132597,0.00283752151829202,0.0620132058494065,0.893705493802658,0.0365463354048917,0.181641278825036,0.206666666666667,0.0233777355301688,0.243001640330171,"03b_2x2_to_cor_CONT",300
0.75,300,0.3,0.3,"phi (z)","sample",300,300,300,300,0,-0.161282770020806,0.00432465913455016,0.0749052934645773,0.00306310523717421,0.0705070292779656,0.941282331552554,0.0384918969819092,0.174907184346447,0.38,0.0280237994093116,0.276103774705344,"03b_2x2_to_cor_CONT",300
0,25,0.5,0.3,"phi (z)","sample",300,299,288,288,0.0033333333333333,0.0105455992892118,0.0121550099840321,0.210179770781738,0.00860929886358873,0.206604883476978,0.982991287451389,0.0402648920136143,0.194319591498746,0.954861111111111,0.0122334595813714,0.809179911889914,"03b_2x2_to_cor_CONT",300
0.1,25,0.5,0.3,"phi (z)","sample",300,300,279,279,0,-0.0283980656292317,0.0118833259016324,0.205825242245265,0.00841682007109775,0.20615249360932,1.00158994766864,0.0409580588006868,0.191005711706054,0.978494623655914,0.00868461646812992,0.807304510404975,"03b_2x2_to_cor_CONT",300
0.25,25,0.5,0.3,"phi (z)","sample",300,300,269,269,0,-0.0846906066264999,0.0123000702823924,0.213043466657718,0.00871199521798293,0.20938136922863,0.982810562151755,0.0401901126186872,0.210918535659336,0.925650557620818,0.0159950739160608,0.819597164757237,"03b_2x2_to_cor_CONT",300
0.5,25,0.5,0.3,"phi (z)","sample",300,300,260,260,0,-0.146563815622937,0.0119141484490316,0.206359104426406,0.00843865131916246,0.219387114744896,1.0631327139876,0.0434747296673585,0.227808092315164,0.946153846153846,0.0139981792170556,0.857443932875515,"03b_2x2_to_cor_CONT",300
0,50,0.5,0.3,"phi (z)","sample",300,300,297,297,0,-0.0086655525374189,0.0081596547997311,0.141329366853575,0.00577938759402128,0.143658848377346,1.0164826431734,0.0415670664086452,0.125903033983377,0.96969696969697,0.00994678714984507,0.562945399133293,"03b_2x2_to_cor_CONT",300
0.1,50,0.5,0.3,"phi (z)","sample",300,300,295,295,0,-0.0366223236351107,0.00868973920921275,0.150510698148799,0.00615484015116173,0.144428410825846,0.959589003321612,0.0392405124612351,0.130054221529329,0.969491525423729,0.0100131621100278,0.565858059824441,"03b_2x2_to_cor_CONT",300
0.25,50,0.5,0.3,"phi (z)","sample",300,300,297,297,0,-0.0929093966128782,0.00854575051880246,0.14801674087374,0.00605285465404683,0.146968155872948,0.99291576753682,0.0406033451968674,0.15878381936384,0.915824915824916,0.0161108992719478,0.57544366012614,"03b_2x2_to_cor_CONT",300
0.5,50,0.5,0.3,"phi (z)","sample",300,300,296,296,0,-0.16914720552132,0.0086578196773674,0.149957835639699,0.00613223192190673,0.155900873812773,1.0396313947032,0.0425136892541785,0.207467561760342,0.834459459459459,0.0216027455382605,0.608948583556405,"03b_2x2_to_cor_CONT",300
0,100,0.5,0.3,"phi (z)","sample",300,300,298,298,0,-0.000252745054707909,0.00596280324057962,0.103278781682203,0.00422338345432597,0.100729098797128,0.975312616555445,0.0398834988219604,0.0903840837331249,0.969798657718121,0.00991392844447588,0.394831346134252,"03b_2x2_to_cor_CONT",300
0.1,100,0.5,0.3,"phi (z)","sample",300,300,298,298,0,-0.0324317360167437,0.00582536269911326,0.100898241673807,0.00412603593414748,0.101038865148447,1.00139371581018,0.0409500342832521,0.0924745286802977,0.986577181208054,0.00666621420580432,0.396031558370385,"03b_2x2_to_cor_CONT",300
0.25,100,0.5,0.3,"phi (z)","sample",300,300,300,300,0,-0.091698852312007,0.00559259324044845,0.0968665563852298,0.00396116806232051,0.102501131062606,1.05816842146187,0.0432717246495406,0.12943600477841,0.89,0.0180646985397856,0.401650246093173,"03b_2x2_to_cor_CONT",300
0.5,100,0.5,0.3,"phi (z)","sample",300,300,300,300,0,-0.1819025294394,0.00574638299924825,0.0995302731444799,0.0040700955409835,0.108671486532447,1.09184354768823,0.0446488029671797,0.200753413465778,0.61,0.0281602556806574,0.425363616164864,"03b_2x2_to_cor_CONT",300
0,300,0.5,0.3,"phi (z)","sample",300,300,299,299,0,-0.00364289763407804,0.00334577117817116,0.0579504567109203,0.00236977040256576,0.0578612153634137,0.998460040652453,0.0408300673847305,0.0507924506136156,0.969899665551839,0.00988128603776342,0.226810880728129,"03b_2x2_to_cor_CONT",300
0.1,300,0.5,0.3,"phi (z)","sample",300,300,299,299,0,-0.0391247533914555,0.00331049496367651,0.0573394547528861,0.00234478467444144,0.0580047411784053,1.01160259420649,0.0413675063661325,0.0655451582159466,0.896321070234114,0.0176295595196765,0.227370427408737,"03b_2x2_to_cor_CONT",300
0.25,300,0.5,0.3,"phi (z)","sample",300,300,300,300,0,-0.0955325723967592,0.00307430240875244,0.0532484796979061,0.00217749226376576,0.0587133177947631,1.10262899763262,0.0450898528140182,0.106362008950796,0.653333333333333,0.0274765893619089,0.230138361143411,"03b_2x2_to_cor_CONT",300
0.5,300,0.5,0.3,"phi (z)","sample",300,300,300,300,0,-0.167760117474979,0.00375098317099132,0.0649689343049278,0.00265677729461352,0.0623918286507003,0.960333262630844,0.0392709474876862,0.175507793759386,0.203333333333333,0.0232371031534261,0.244455345995848,"03b_2x2_to_cor_CONT",300
0,25,0.3,0.5,"phi (z)","sample",300,300,282,282,0,-0.0177973070718819,0.0124401719354493,0.215470098470906,0.00881122757222481,0.206975643987591,0.960577107711946,0.0392809190545867,0.181081726336817,0.975177304964539,0.00926492065671963,0.810498579914104,"03b_2x2_to_cor_CONT",300
0.1,25,0.3,0.5,"phi (z)","sample",300,300,288,288,0,-0.0389036027425649,0.0120115095320806,0.208045447851615,0.00850761102999882,0.206780940897863,0.993921967691149,0.0406444917810381,0.189063272239329,0.958333333333333,0.0117748784429258,0.809463523973096,"03b_2x2_to_cor_CONT",300
0.25,25,0.3,0.5,"phi (z)","sample",300,300,280,280,0,-0.105462872626078,0.0127381775523938,0.220631707165795,0.00902230144823913,0.208945339653734,0.947032239100252,0.0387270281870348,0.214991648090402,0.953571428571429,0.0125744865251135,0.817883939553193,"03b_2x2_to_cor_CONT",300
0.5,25,0.3,0.5,"phi (z)","sample",300,300,263,263,0,-0.161628563198602,0.0129444668568704,0.22420474272991,0.00916841373807652,0.220931351217976,0.985399989883905,0.0402960021931187,0.243798987810367,0.901140684410646,0.0184046356483395,0.862433068493832,"03b_2x2_to_cor_CONT",300
0,50,0.3,0.5,"phi (z)","sample",300,300,296,296,0,-0.00630084193660712,0.00873559987071544,0.151305028106713,0.00618732271870258,0.143778934081102,0.950258797610461,0.0388589719764994,0.137742323362502,0.959459459459459,0.011463367788664,0.563455080973741,"03b_2x2_to_cor_CONT",300
0.1,50,0.3,0.5,"phi (z)","sample",300,300,299,299,0,-0.0392847009422335,0.00823117203104668,0.142568081636128,0.00583004240841829,0.144182539150969,1.01132411614377,0.0413561185512943,0.138818477584173,0.949832775919732,0.0126240299747679,0.564919976796446,"03b_2x2_to_cor_CONT",300
0.25,50,0.3,0.5,"phi (z)","sample",300,300,293,293,0,-0.0905747473531902,0.00889115458411533,0.153999314776367,0.00629750029396526,0.146172389788494,0.949175585623619,0.0388146761443038,0.15450667183141,0.935153583617747,0.0143863509764825,0.572409425188175,"03b_2x2_to_cor_CONT",300
0.5,50,0.3,0.5,"phi (z)","sample",300,300,297,297,0,-0.168577917629913,0.00854493242647834,0.148002571099033,0.00605227520886871,0.155143284842061,1.0482472276664,0.0428660168648392,0.207957786129024,0.831649831649832,0.021711948731811,0.606418303425817,"03b_2x2_to_cor_CONT",300
0,100,0.3,0.5,"phi (z)","sample",300,300,296,296,0,0.00165231462289626,0.00566232406961604,0.0980743297749516,0.00401055758907172,0.100657299996457,1.02633686335081,0.0419700354384368,0.0915036404441778,0.983108108108108,0.0074902088972882,0.394553431900048,"03b_2x2_to_cor_CONT",300
0.1,100,0.3,0.5,"phi (z)","sample",300,300,295,295,0,-0.035387808388856,0.00574977365571272,0.0995890010371548,0.00407249710310682,0.100993679438448,1.01410475440726,0.0414698273058248,0.097615240860245,0.96271186440678,0.0110311931430832,0.3958334344645,"03b_2x2_to_cor_CONT",300
0.25,100,0.3,0.5,"phi (z)","sample",300,300,300,300,0,-0.0919685764804399,0.00607570801491471,0.105234349737857,0.00430335257901485,0.102483739855961,0.973862052754183,0.0398241808569543,0.126771184438948,0.88,0.0187616630392937,0.401603457616543,"03b_2x2_to_cor_CONT",300
0.5,100,0.3,0.5,"phi (z)","sample",300,300,300,300,0,-0.167476514621825,0.00601386413091648,0.104163182245634,0.00425954928283164,0.109258703001783,1.04891863560901,0.0428934727773679,0.189205139286708,0.643333333333333,0.0276559550884046,0.427532657936933,"03b_2x2_to_cor_CONT",300
0,300,0.3,0.5,"phi (z)","sample",300,300,298,298,0,0.00184762989794606,0.0034965539771115,0.0605620913976415,0.00247656808690117,0.0578716813139661,0.95557600436863,0.0390764087304958,0.0550822752348522,0.966442953020134,0.0104321025533726,0.226851408335474,"03b_2x2_to_cor_CONT",300
0.1,300,0.3,0.5,"phi (z)","sample",300,300,299,299,0,-0.0408100995578239,0.0031963485089023,0.055362380161158,0.00226393608209101,0.0579832803009337,1.04734081396331,0.042828950852111,0.0634202658162664,0.926421404682274,0.0150988698804982,0.227287148325225,"03b_2x2_to_cor_CONT",300
0.25,300,0.3,0.5,"phi (z)","sample",300,300,300,300,0,-0.0957877632562088,0.00363743669874835,0.0630022517154775,0.00257635366283837,0.0587798220566693,0.932979702410051,0.0381523772279315,0.107375669884976,0.64,0.027712812921102,0.230392003730392,"03b_2x2_to_cor_CONT",300
0.5,300,0.3,0.5,"phi (z)","sample",300,300,300,300,0,-0.173812927624758,0.00367372771672593,0.0636308305854331,0.00260205816434265,0.0622434519798008,0.978196440422547,0.0400014271496104,0.181187673342046,0.18,0.0221810730128188,0.243879674512899,"03b_2x2_to_cor_CONT",300
0,25,0.5,0.5,"phi (z)","sample",300,300,297,297,0,-0.00130897654577894,0.0119524675673154,0.207022811024094,0.00846579230027729,0.205303588218778,0.991695490961544,0.0405534443768366,0.156549733925523,1,0,0.804006567307127,"03b_2x2_to_cor_CONT",300
0.1,25,0.5,0.5,"phi (z)","sample",300,300,295,295,0,-0.0461615021069245,0.0120924322081434,0.209447069715867,0.00856492761036785,0.205949904757347,0.983302869964885,0.0402102445822768,0.174997514267305,0.986440677966102,0.00673354033856755,0.806535807352329,"03b_2x2_to_cor_CONT",300
0.25,25,0.5,0.5,"phi (z)","sample",300,300,297,297,0,-0.0660959633705282,0.0121544061672776,0.210520490175533,0.00860882303724109,0.209196154992755,0.993709233805824,0.0406357924455422,0.201970007116898,0.95959595959596,0.0114255832500108,0.818469522753273,"03b_2x2_to_cor_CONT",300
0.5,25,0.5,0.5,"phi (z)","sample",300,300,293,293,0,-0.128411804184156,0.0132511648130415,0.229516907156569,0.00938564429580371,0.221852675916198,0.966607116942621,0.03952750446932,0.225182983396253,0.931740614334471,0.0147331255861123,0.865307376665862,"03b_2x2_to_cor_CONT",300
0.75,25,0.5,0.5,"phi (z)","sample",300,300,268,268,0,-0.0957361741707927,0.0150723562125118,0.261060867498468,0.0106755727595401,0.252338566130785,0.966589012549981,0.0395267641256494,0.252653809665819,0.940298507462687,0.0144729836228833,0.979681075037664,"03b_2x2_to_cor_CONT",300
0,50,0.5,0.5,"phi (z)","sample",300,300,292,292,0,-0.0010616425831363,0.0085701428631994,0.148439228671852,0.00607013146489934,0.143150783503286,0.964372994821628,0.0394361444218151,0.128487368212473,0.979452054794521,0.00830203126516523,0.561050942804187,"03b_2x2_to_cor_CONT",300
0.1,50,0.5,0.5,"phi (z)","sample",300,300,295,295,0,-0.0342858219083689,0.0085479119958917,0.148054178755119,0.00605438560286524,0.143444761694787,0.968866687187831,0.0396199051680122,0.124852694585737,0.979661016949153,0.00821848037817558,0.562123298810143,"03b_2x2_to_cor_CONT",300
0.25,50,0.5,0.5,"phi (z)","sample",300,300,295,295,0,-0.073018356784749,0.00908591531173641,0.157372669531955,0.00643544702831154,0.14568483591415,0.925731490400675,0.0378559757970157,0.142179034684515,0.945762711864407,0.0131864857259614,0.570717714511873,"03b_2x2_to_cor_CONT",300
0.5,50,0.5,0.5,"phi (z)","sample",300,300,300,300,0,-0.157043535079989,0.00854950101685038,0.148081701405466,0.00605551108773447,0.153264198556654,1.03499755271583,0.0423241973637762,0.200057465559206,0.836666666666667,0.0213428798084635,0.599376351178459,"03b_2x2_to_cor_CONT",300
0.75,50,0.5,0.5,"phi (z)","sample",300,300,300,300,0,-0.119220119663098,0.0100794473300048,0.174581148877828,0.00713915407984423,0.177657230023208,1.01761977833891,0.0416135673235972,0.193058837422142,0.916666666666667,0.0159571184626056,0.690863802123639,"03b_2x2_to_cor_CONT",300
0,100,0.5,0.5,"phi (z)","sample",300,300,295,295,0,0.00714623365417872,0.00563286002351607,0.0975639975265345,0.00398968855151079,0.100507383910103,1.03016877596439,0.0421267339980734,0.0794514686500227,0.983050847457627,0.007515380561531,0.393972049486562,"03b_2x2_to_cor_CONT",300
0.1,100,0.5,0.5,"phi (z)","sample",300,300,297,297,0,-0.035707624168838,0.00607588529426673,0.105237420306306,0.00430347814389632,0.100845667378428,0.958268143450358,0.0391864984843573,0.0934769362665236,0.966329966329966,0.0104666155989703,0.3952813294285,"03b_2x2_to_cor_CONT",300
0.25,100,0.5,0.5,"phi (z)","sample",300,300,298,298,0,-0.0835598614746019,0.00561728083024697,0.0972941579837045,0.00397865399202094,0.101866437603973,1.04699439015686,0.0428147845291882,0.122127319092034,0.902684563758389,0.0171692270086987,0.399249271425124,"03b_2x2_to_cor_CONT",300
0.5,100,0.5,0.5,"phi (z)","sample",300,300,300,300,0,-0.153020831779826,0.00609707430460439,0.105604424730975,0.00431848607088351,0.106948823608347,1.0127305165555,0.0414136305410017,0.175352049824828,0.726666666666667,0.0257308001055947,0.418899803573467,"03b_2x2_to_cor_CONT",300
0.75,100,0.5,0.5,"phi (z)","sample",300,300,300,300,0,-0.127812394812345,0.00703456498616989,0.121842239651913,0.00498249970228478,0.122186177642718,1.00282281408965,0.0410084744577956,0.166462868485299,0.836666666666667,0.0213428798084635,0.477621440258838,"03b_2x2_to_cor_CONT",300
0,300,0.5,0.5,"phi (z)","sample",300,300,300,300,0,-0.00150060496840365,0.0035439243225405,0.0613825698481926,0.00251011994582367,0.0578450684853688,0.942369611250025,0.0385363591551622,0.0484093830760195,0.983333333333333,0.00739118594202783,0.226747662436563,"03b_2x2_to_cor_CONT",300
0.1,300,0.5,0.5,"phi (z)","sample",300,300,300,300,0,-0.0368075433555817,0.00331922667455573,0.0574906924216841,0.00235096924263317,0.0579375786267949,1.00777319225576,0.0412109104751349,0.060712055229046,0.926666666666667,0.0150505321672863,0.227109250051538,"03b_2x2_to_cor_CONT",300
0.25,300,0.5,0.5,"phi (z)","sample",300,300,300,300,0,-0.0869355592504319,0.00349221418232555,0.0604869239470046,0.00247349426126,0.0585880823316832,0.968607403197012,0.0396093022571435,0.100497921601212,0.67,0.0271477439209965,0.229648656084448,"03b_2x2_to_cor_CONT",300
0.5,300,0.5,0.5,"phi (z)","sample",300,300,300,300,0,-0.152163818226171,0.00376808672293655,0.0652651765145182,0.00266889153943786,0.0613826349639859,0.940511283997392,0.0384603665026187,0.161194922348,0.273333333333333,0.0257308001055947,0.24055761060558,"03b_2x2_to_cor_CONT",300
0.75,300,0.5,0.5,"phi (z)","sample",300,300,300,300,0,-0.143408842451739,0.00380514852039162,0.0659071056766382,0.00269514197498704,0.0690572548020228,1.04779680571683,0.0428475977415855,0.155004876896031,0.453333333333333,0.028741504380844,0.270515824461615,"03b_2x2_to_cor_CONT",300
0,25,0.3,0.1,"tetrachoric (r)","sample",300,300,300,300,0,0.0748792594595006,0.0192774240851317,0.333894779545,0.0136539729114482,0.413386962754072,1.23807554978067,0.0506286742250589,0.309910166827226,1,0,1.33909634501372,"03b_2x2_to_cor_CONT",300
0.1,25,0.3,0.1,"tetrachoric (r)","sample",300,300,300,300,0,0.0537657620170962,0.0189325597126416,0.327921553396268,0.0134097095296132,0.410920074299433,1.25310480523025,0.0512432661844404,0.30903981131379,1,0,1.33628561764031,"03b_2x2_to_cor_CONT",300
0.25,25,0.3,0.1,"tetrachoric (r)","sample",300,300,300,300,0,-0.0225588115202391,0.0180964889763561,0.313440383456589,0.0128175304534626,0.409718507519675,1.30716566576821,0.0534539791712104,0.275176401396369,0.996666666666667,0.00332777314041597,1.3324045613403,"03b_2x2_to_cor_CONT",300
0.5,25,0.3,0.1,"tetrachoric (r)","sample",300,300,300,300,0,-0.0679190119059688,0.0165479164876827,0.286618321160732,0.0117206947601467,0.374256707456247,1.30576686773058,0.0533967780656993,0.274956332387326,1,0,1.24972333096323,"03b_2x2_to_cor_CONT",300
0,50,0.3,0.1,"tetrachoric (r)","sample",300,300,300,300,0,-0.0271231764200476,0.0165619195355627,0.286860861064622,0.0117306129543819,0.318960690265531,1.1119003445844,0.0454689863850934,0.263814969976304,0.986666666666667,0.0066220730781117,1.1052633409793,"03b_2x2_to_cor_CONT",300
0.1,50,0.3,0.1,"tetrachoric (r)","sample",300,300,300,300,0,0.00356265902350832,0.01644168900123,0.284778407123768,0.0116454550799865,0.311410734300744,1.09351947518058,0.0447173367388466,0.264708622591289,0.996666666666667,0.00332777314041597,1.08281457539398,"03b_2x2_to_cor_CONT",300
0.25,50,0.3,0.1,"tetrachoric (r)","sample",300,300,300,300,0,0.00755005029689174,0.0161493125864083,0.279714299069706,0.0114383683016756,0.292190724584335,1.04460417488889,0.0427170413582234,0.261505188140812,0.993333333333333,0.00469830544708134,1.03312194987622,"03b_2x2_to_cor_CONT",300
0.5,50,0.3,0.1,"tetrachoric (r)","sample",300,300,300,300,0,-0.0261039587945464,0.0141534960751169,0.245145743068291,0.0100247549236096,0.265956063383731,1.08488958468123,0.0443644342727841,0.229573621216173,0.993333333333333,0.00469830544708134,0.953871917084476,"03b_2x2_to_cor_CONT",300
0,100,0.3,0.1,"tetrachoric (r)","sample",300,300,300,300,0,-0.0300805577734315,0.0140795397136862,0.243864781312883,0.00997237250201931,0.227603018481149,0.933316476679466,0.0381661489519403,0.210282019938994,0.986666666666667,0.0066220730781117,0.835477384004305,"03b_2x2_to_cor_CONT",300
0.1,100,0.3,0.1,"tetrachoric (r)","sample",300,300,300,300,0,-0.0150201884373573,0.0140770148431096,0.24382104927167,0.00997058416586473,0.222542577033249,0.912729141712811,0.0373242702189554,0.215394891009051,0.98,0.00808290376865476,0.817426813453217,"03b_2x2_to_cor_CONT",300
0.25,100,0.3,0.1,"tetrachoric (r)","sample",300,300,300,300,0,-0.0108072543273821,0.0119355832265369,0.206730365663287,0.00845383332014596,0.211406719174324,1.02262054486303,0.0418180638741267,0.19265596742976,0.973333333333333,0.00930153312731393,0.780034259001487,"03b_2x2_to_cor_CONT",300
0.5,100,0.3,0.1,"tetrachoric (r)","sample",300,300,300,300,0,-0.00725342477209912,0.0111912655232069,0.193838404871882,0.00792664183886205,0.182331381372465,0.940635997768228,0.0384654664279635,0.172841139351959,0.983333333333333,0.00739118594202783,0.687855581460528,"03b_2x2_to_cor_CONT",300
0,300,0.3,0.1,"tetrachoric (r)","sample",300,300,300,300,0,0.00401252156899736,0.0079630611698896,0.137924265300277,0.00564014263657443,0.129815592844989,0.941209239450112,0.0384889080235668,0.121106062034056,0.963333333333333,0.0108508405545718,0.497480619530571,"03b_2x2_to_cor_CONT",300
0.1,300,0.3,0.1,"tetrachoric (r)","sample",300,300,300,300,0,-0.00393185527043385,0.0073401489138508,0.127135108539111,0.00519894120672558,0.127536134983646,1.00315433281289,0.0410220312665388,0.113175447244669,0.97,0.00984885780179611,0.489009179511159,"03b_2x2_to_cor_CONT",300
0.25,300,0.3,0.1,"tetrachoric (r)","sample",300,300,300,300,0,-0.00141672846124326,0.00675358718073894,0.116975561303857,0.00478348642503726,0.121165097306755,1.03581548108168,0.0423576449419807,0.106712264836374,0.97,0.00984885780179611,0.465643399468541,"03b_2x2_to_cor_CONT",300
0.5,300,0.3,0.1,"tetrachoric (r)","sample",300,300,300,300,0,-0.00330380624881442,0.00575459599713166,0.0996725264406452,0.00407591271085675,0.103703055329559,1.04043771170298,0.0425466620083139,0.0917347330719427,0.973333333333333,0.00930153312731393,0.401468164128637,"03b_2x2_to_cor_CONT",300
0,25,0.5,0.1,"tetrachoric (r)","sample",300,300,300,300,0,0.0257697841613396,0.0196456412685251,0.340272488243574,0.01391477681478,0.398426296282775,1.17090364354574,0.0478818107089778,0.319645178113039,0.996666666666667,0.00332777314041597,1.30564869892889,"03b_2x2_to_cor_CONT",300
0.1,25,0.5,0.1,"tetrachoric (r)","sample",300,300,300,300,0,0.0136487969200801,0.0190583837187769,0.330100889110651,0.0134988291943461,0.404288165628927,1.2247412199287,0.0500833929276416,0.289583877940548,1,0,1.316173528571,"03b_2x2_to_cor_CONT",300
0.25,25,0.5,0.1,"tetrachoric (r)","sample",300,300,300,300,0,-0.0268048480745118,0.0171942457514356,0.297813072393117,0.0121784821813387,0.39678715736337,1.33233626776331,0.0544832816307286,0.283481377710279,1,0,1.29894490255689,"03b_2x2_to_cor_CONT",300
0,50,0.5,0.1,"tetrachoric (r)","sample",300,300,300,300,0,-0.0266918326156853,0.017644198894219,0.305606489436379,0.0124971787040616,0.301296219448538,0.985896012889679,0.0403162860822335,0.280580648080171,0.976666666666667,0.0087156734084615,1.05792350715827,"03b_2x2_to_cor_CONT",300
0.1,50,0.5,0.1,"tetrachoric (r)","sample",300,300,300,300,0,-0.0187053328762326,0.0175756217593466,0.304418698618014,0.0124486063254202,0.301703740171999,0.991081499072363,0.0405283363813353,0.26011428973631,0.99,0.00574456264653803,1.05827154305206,"03b_2x2_to_cor_CONT",300
0.25,50,0.5,0.1,"tetrachoric (r)","sample",300,300,300,300,0,-0.0338217616759343,0.0163042240027348,0.282397443507207,0.011548090237182,0.297711700937189,1.05422944782994,0.0431106480392906,0.256968840716624,0.986666666666667,0.0066220730781117,1.0485646362722,"03b_2x2_to_cor_CONT",300
0,100,0.5,0.1,"tetrachoric (r)","sample",300,300,300,300,0,-0.0033330418437973,0.0133463858702745,0.231166184247348,0.00945308825150633,0.21480564351344,0.929226063980008,0.037998879537692,0.208846794288083,0.96,0.0113137084989848,0.793703577781409,"03b_2x2_to_cor_CONT",300
0.1,100,0.5,0.1,"tetrachoric (r)","sample",300,300,300,300,0,0.00827413990295018,0.0137027596044723,0.237338758388484,0.00970550357896918,0.214754620115399,0.904844289123148,0.0370018346186842,0.204788776689006,0.963333333333333,0.0108508405545718,0.793521822487164,"03b_2x2_to_cor_CONT",300
0.25,100,0.5,0.1,"tetrachoric (r)","sample",300,300,300,300,0,-0.00488847560783484,0.0116745574318033,0.202209266277641,0.0082689518175789,0.211760363729294,1.04723372784776,0.0428245717751964,0.182850478308042,0.976666666666667,0.0087156734084615,0.783858283060207,"03b_2x2_to_cor_CONT",300
0,300,0.5,0.1,"tetrachoric (r)","sample",300,300,300,300,0,-0.00289687056777139,0.00766313743406461,0.132729433811829,0.00542771017950081,0.124050783456644,0.934613972907558,0.0382192075184001,0.115441504412911,0.966666666666667,0.010363754503432,0.476395096928285,"03b_2x2_to_cor_CONT",300
0.1,300,0.5,0.1,"tetrachoric (r)","sample",300,300,300,300,0,0.00359135292487876,0.00732756295977141,0.126917113419839,0.00519002672337418,0.122543916540389,0.965542890461251,0.0394839850121783,0.110229284838879,0.966666666666667,0.010363754503432,0.470955496351561,"03b_2x2_to_cor_CONT",300
0.25,300,0.5,0.1,"tetrachoric (r)","sample",300,300,300,300,0,0.00568915368219525,0.00688948646634219,0.119329405977628,0.00487974229180232,0.1194702413743,1.00118022373042,0.04094130394288,0.107023206318226,0.97,0.00984885780179611,0.459606611224187,"03b_2x2_to_cor_CONT",300
0,25,0.3,0.3,"tetrachoric (r)","sample",300,300,300,300,0,0.00201561081904648,0.0181136457446059,0.313737547399612,0.01282968239077,0.341256595513329,1.0877135948241,0.0444799166353564,0.27185152443976,0.986666666666667,0.0066220730781117,1.17090021940003,"03b_2x2_to_cor_CONT",300
0.1,25,0.3,0.3,"tetrachoric (r)","sample",300,300,300,300,0,-0.00595975704888689,0.0193877734321721,0.335806086301561,0.0137321320570183,0.331133400535275,0.986085166538376,0.040324021150146,0.28967609548636,0.993333333333333,0.00469830544708134,1.14586771100201,"03b_2x2_to_cor_CONT",300
0.25,25,0.3,0.3,"tetrachoric (r)","sample",300,300,300,300,0,-0.0048031480987447,0.0181718425543094,0.314745545712061,0.0128709025070944,0.319579163417571,1.01535722354569,0.0415210445776607,0.270210351332181,0.993333333333333,0.00469830544708134,1.11846796896014,"03b_2x2_to_cor_CONT",300
0.5,25,0.3,0.3,"tetrachoric (r)","sample",300,300,300,300,0,-0.0127965528715765,0.0172734033929387,0.299184122962024,0.0122345486084736,0.277299586819562,0.926852615286541,0.0379018220029457,0.245770983716792,0.996666666666667,0.00332777314041597,1.00939662616202,"03b_2x2_to_cor_CONT",300
0.75,25,0.3,0.3,"tetrachoric (r)","sample",300,300,300,300,0,-0.0236632715267368,0.0122851313177672,0.212784716200284,0.00870141412491691,0.211422995641854,0.993600477596572,0.0406313450734177,0.192915679907478,0.973333333333333,0.00930153312731393,0.832823297434348,"03b_2x2_to_cor_CONT",300
0,50,0.3,0.3,"tetrachoric (r)","sample",300,300,300,300,0,-0.0128889314999456,0.0146312060368263,0.253419922317916,0.0103631112749512,0.242103603790047,0.955345584418289,0.0390669861580181,0.203924306814773,0.986666666666667,0.0066220730781117,0.88402661737789,"03b_2x2_to_cor_CONT",300
0.1,50,0.3,0.3,"tetrachoric (r)","sample",300,300,300,300,0,-0.00196505217345184,0.0127879322829201,0.221493484377678,0.00905754213910228,0.240589205181445,1.0862134651835,0.0444185717724495,0.187153574077536,0.993333333333333,0.00469830544708134,0.879356158397063,"03b_2x2_to_cor_CONT",300
0.25,50,0.3,0.3,"tetrachoric (r)","sample",300,300,300,300,0,-0.000162500003626104,0.0128213510606288,0.222072314586862,0.00908121226658165,0.231727827317267,1.04347913763301,0.0426710351635861,0.184764443158722,0.993333333333333,0.00469830544708134,0.850310039457489,"03b_2x2_to_cor_CONT",300
0.5,50,0.3,0.3,"tetrachoric (r)","sample",300,300,300,300,0,-0.000582381408470784,0.0116746329132281,0.202210573654269,0.00826900528018497,0.196574645463136,0.972128419947174,0.0397532873394889,0.16923562720899,0.99,0.00574456264653803,0.740712124773059,"03b_2x2_to_cor_CONT",300
0.75,50,0.3,0.3,"tetrachoric (r)","sample",300,300,300,300,0,0.00170279307067232,0.00877098708527801,0.15191795264232,0.00621238706687042,0.13791821803974,0.907846739907424,0.0371246139617225,0.134057955462882,0.963333333333333,0.0108508405545718,0.54337742115872,"03b_2x2_to_cor_CONT",300
0,100,0.3,0.3,"tetrachoric (r)","sample",300,300,300,300,0,0.00427647345744293,0.0102165204697867,0.176955325302381,0.00723624137372771,0.171216006780658,0.967566285377876,0.0395667277834741,0.147902602373259,0.98,0.00808290376865476,0.647057136271466,"03b_2x2_to_cor_CONT",300
0.1,100,0.3,0.3,"tetrachoric (r)","sample",300,300,300,300,0,-0.00615379334764517,0.0101172980500832,0.175236742580616,0.00716596330001525,0.170175007735773,0.971114877106816,0.0397118404905573,0.140082751381799,0.99,0.00574456264653803,0.643137529495283,"03b_2x2_to_cor_CONT",300
0.25,100,0.3,0.3,"tetrachoric (r)","sample",300,300,300,300,0,-0.0208118092175223,0.00986645066927403,0.170891938495546,0.00698829104840373,0.163446636617078,0.956432691067741,0.0391114412548114,0.139974599794295,0.98,0.00808290376865476,0.619271851394416,"03b_2x2_to_cor_CONT",300
0.5,100,0.3,0.3,"tetrachoric (r)","sample",300,300,300,300,0,-0.00163452820701934,0.00841259295810251,0.145710384268297,0.00595854071880721,0.138786865562018,0.95248438372429,0.0389499829607135,0.12392787762011,0.973333333333333,0.00930153312731393,0.532492505177048,"03b_2x2_to_cor_CONT",300
0.75,100,0.3,0.3,"tetrachoric (r)","sample",300,300,300,300,0,-0.00511941269401115,0.00585428660860155,0.10139921848168,0.00414652239929461,0.0967971434642853,0.954614294998477,0.0390370815097868,0.087566841664994,0.973333333333333,0.00930153312731393,0.381966935013253,"03b_2x2_to_cor_CONT",300
0,300,0.3,0.3,"tetrachoric (r)","sample",300,300,300,300,0,-0.00366932545238911,0.00552255759279705,0.0956535033844977,0.00391156263621975,0.10001813806001,1.0456296374004,0.0427589756387561,0.0786975899618067,0.996666666666667,0.00332777314041597,0.387044388708104,"03b_2x2_to_cor_CONT",300
0.1,300,0.3,0.3,"tetrachoric (r)","sample",300,300,300,300,0,0.00687209250889234,0.00560305849348523,0.0970478198849675,0.00396858047804808,0.0989122489318221,1.01921144698629,0.0416786554948613,0.0782216971966618,0.99,0.00574456264653803,0.38288288233131,"03b_2x2_to_cor_CONT",300
0.25,300,0.3,0.3,"tetrachoric (r)","sample",300,300,300,300,0,0.000189709688818556,0.00531062193341415,0.0919826700846298,0.00376145109956399,0.0947302463557516,1.02987058615056,0.0421145401097892,0.0758908773146749,0.993333333333333,0.00469830544708134,0.367091931159871,"03b_2x2_to_cor_CONT",300
0.5,300,0.3,0.3,"tetrachoric (r)","sample",300,300,300,300,0,-0.0044705321199224,0.00498417731268401,0.0863284833950082,0.00353023421141267,0.080605529048683,0.933707229395668,0.0381821280187869,0.0744517957090383,0.96,0.0113137084989848,0.313685727931469,"03b_2x2_to_cor_CONT",300
0.75,300,0.3,0.3,"tetrachoric (r)","sample",300,300,300,300,0,0.000155222344044121,0.00321292599857928,0.0556495107049829,0.00227567772319357,0.0547259760176489,0.983404441914503,0.0402143981681776,0.0503134802448135,0.963333333333333,0.0108508405545718,0.215346418325978,"03b_2x2_to_cor_CONT",300
0,25,0.5,0.3,"tetrachoric (r)","sample",300,300,300,300,0,0.0159973817293622,0.0190784271667007,0.33044805181228,0.0135130257329394,0.321165563260837,0.971909386360324,0.0397443303900403,0.278287626125191,0.986666666666667,0.0066220730781117,1.1201346635664,"03b_2x2_to_cor_CONT",300
0.1,25,0.5,0.3,"tetrachoric (r)","sample",300,300,300,300,0,-0.00337662091271901,0.0182392115739521,0.315912411360834,0.0129186191919175,0.321186556755708,1.01669496102466,0.0415757487312427,0.259963035401489,0.983333333333333,0.00739118594202783,1.11933779965067,"03b_2x2_to_cor_CONT",300
0.25,25,0.5,0.3,"tetrachoric (r)","sample",300,300,300,300,0,0.00153000901205978,0.0184244258043594,0.319120415934335,0.0130498042544875,0.307354094673509,0.963128898455537,0.0393852695381017,0.267617347045135,0.99,0.00574456264653803,1.08872283040675,"03b_2x2_to_cor_CONT",300
0.5,25,0.5,0.3,"tetrachoric (r)","sample",300,300,300,300,0,0.00118292820655748,0.0149705144725632,0.259296916819246,0.0106034394520831,0.271146273539479,1.04569802397031,0.0427617721735636,0.207461556787545,0.993333333333333,0.00469830544708134,0.996331758376606,"03b_2x2_to_cor_CONT",300
0,50,0.5,0.3,"tetrachoric (r)","sample",300,300,300,300,0,-0.0140064774661746,0.013347403703413,0.231183813634442,0.0094538091707557,0.230167416543634,0.995603511012169,0.0407132552010171,0.183914395835543,0.99,0.00574456264653803,0.846706990621553,"03b_2x2_to_cor_CONT",300
0.1,50,0.5,0.3,"tetrachoric (r)","sample",300,300,300,300,0,0.00618750767699793,0.0138661992401862,0.240169615918754,0.00982126595203517,0.226714813538933,0.943977916072561,0.0386021276302195,0.184829761336001,0.99,0.00574456264653803,0.835663890565586,"03b_2x2_to_cor_CONT",300
0.25,50,0.5,0.3,"tetrachoric (r)","sample",300,300,300,300,0,0.0050538087244023,0.0131541596318902,0.227836728133054,0.00931693666609858,0.21951481059656,0.9634742053896,0.0393993901887158,0.184247184791688,0.986666666666667,0.0066220730781117,0.81342607853238,"03b_2x2_to_cor_CONT",300
0.5,50,0.5,0.3,"tetrachoric (r)","sample",300,300,300,300,0,-0.00594901031143216,0.0113924255458573,0.197322598668704,0.00806912111866652,0.193345156974968,0.979842948954799,0.0400687578905356,0.159901253977072,0.996666666666667,0.00332777314041597,0.730770998784381,"03b_2x2_to_cor_CONT",300
0,100,0.5,0.3,"tetrachoric (r)","sample",300,300,300,300,0,0.000479433096085306,0.00976513046597279,0.169137021096036,0.00691652713922436,0.163794788038372,0.968414762048867,0.0396014245747731,0.135259769052244,0.983333333333333,0.00739118594202783,0.620972843851045,"03b_2x2_to_cor_CONT",300
0.1,100,0.5,0.3,"tetrachoric (r)","sample",300,300,300,300,0,0.0130659069068893,0.00939043678424018,0.162647136155677,0.00665113600823743,0.161903671249938,0.995428970203156,0.040706117696557,0.126646814847276,0.99,0.00574456264653803,0.614345423551816,"03b_2x2_to_cor_CONT",300
0.25,100,0.5,0.3,"tetrachoric (r)","sample",300,300,300,300,0,0.00613492833423196,0.00868294019233887,0.150392935722128,0.00615002448741898,0.156215738699325,1.03871726387438,0.0424763076647115,0.130501385549336,0.98,0.00808290376865476,0.594391683271269,"03b_2x2_to_cor_CONT",300
0.5,100,0.5,0.3,"tetrachoric (r)","sample",300,300,300,300,0,-0.0102970472397618,0.00781630122764123,0.135382308535376,0.00553619429435321,0.136498431812601,1.00824423286395,0.0412301727580408,0.112034413700587,0.986666666666667,0.0066220730781117,0.525741060482524,"03b_2x2_to_cor_CONT",300
0,300,0.5,0.3,"tetrachoric (r)","sample",300,300,300,300,0,-0.00365673163341934,0.00552916817074399,0.0957680019532127,0.00391624483088528,0.0952233953365025,0.994313271597999,0.0406604933877465,0.0757915875339056,0.993333333333333,0.00469830544708134,0.36897008535193,"03b_2x2_to_cor_CONT",300
0.1,300,0.5,0.3,"tetrachoric (r)","sample",300,300,300,300,0,0.00122076659961373,0.0053776992054996,0.0931444825174809,0.00380896114302124,0.094266535329423,1.01204636905607,0.0413856536692535,0.0773403656152774,0.99,0.00574456264653803,0.365351526081041,"03b_2x2_to_cor_CONT",300
0.25,300,0.5,0.3,"tetrachoric (r)","sample",300,300,300,300,0,-0.00104619528825177,0.00482708759454886,0.0836076096634407,0.00341896941033696,0.0912700848787868,1.09164805986191,0.0446408088754819,0.0667687634864122,0.996666666666667,0.00332777314041597,0.354082311753067,"03b_2x2_to_cor_CONT",300
0.5,300,0.5,0.3,"tetrachoric (r)","sample",300,300,300,300,0,0.00872569627113635,0.00493352203804406,0.0854511083015307,0.00349435567573791,0.0779230945691182,0.911902678829531,0.0372904736383799,0.0688444003304916,0.973333333333333,0.00930153312731393,0.303463777839223,"03b_2x2_to_cor_CONT",300
0,25,0.3,0.5,"tetrachoric (r)","sample",300,300,300,300,0,-0.0238714635679303,0.0193559029353297,0.335254073103626,0.0137095585586796,0.315151146559571,0.940036741812109,0.0384409610295771,0.260344271812342,0.986666666666667,0.0066220730781117,1.10644592682994,"03b_2x2_to_cor_CONT",300
0.1,25,0.3,0.5,"tetrachoric (r)","sample",300,300,300,300,0,0.00244381917545143,0.0180425329154612,0.312505837068126,0.0127793140096776,0.317123852070698,1.01477737198734,0.0414973326841082,0.25106355551186,0.99,0.00574456264653803,1.10861028451891,"03b_2x2_to_cor_CONT",300
0.25,25,0.3,0.5,"tetrachoric (r)","sample",300,300,300,300,0,-0.0349005123301524,0.0192160204892551,0.332831238066744,0.0136104814661669,0.310499031191651,0.932902311078702,0.0381492124610452,0.272294470218139,0.976666666666667,0.0087156734084615,1.09404413373216,"03b_2x2_to_cor_CONT",300
0.5,25,0.3,0.5,"tetrachoric (r)","sample",300,300,300,300,0,-0.020919227079553,0.0163559923542378,0.28329409765748,0.0115847571521168,0.273564631949862,0.965655953342938,0.0394886084972353,0.230311420058807,0.99,0.00574456264653803,1.00098471736934,"03b_2x2_to_cor_CONT",300
0,50,0.3,0.5,"tetrachoric (r)","sample",300,300,300,300,0,-0.0144983652035294,0.0140412463888497,0.243201521470807,0.00994524979010001,0.227680579236552,0.936180735464195,0.0382832772038745,0.202724171334529,0.986666666666667,0.0066220730781117,0.838857949750275,"03b_2x2_to_cor_CONT",300
0.1,50,0.3,0.5,"tetrachoric (r)","sample",300,300,300,300,0,0.00186705184081412,0.0132544758780827,0.229574256485353,0.00938798948425735,0.228273048703744,0.994332083215558,0.0406612626519947,0.19450538987344,0.973333333333333,0.00930153312731393,0.840653477208754,"03b_2x2_to_cor_CONT",300
0.25,50,0.3,0.5,"tetrachoric (r)","sample",300,300,300,300,0,-0.00509252891740025,0.0136041972908529,0.235631609039481,0.0096356930506379,0.219251291308481,0.930483360030635,0.0380502941966464,0.183356155052017,0.993333333333333,0.00469830544708134,0.81165062419844,"03b_2x2_to_cor_CONT",300
0.5,50,0.3,0.5,"tetrachoric (r)","sample",300,300,300,300,0,-0.00612616414592046,0.0112715047609252,0.19522818923677,0.00798347434788418,0.193520148086133,0.991251052640937,0.0405352699423676,0.153393838608868,0.993333333333333,0.00469830544708134,0.732258436402679,"03b_2x2_to_cor_CONT",300
0,100,0.3,0.5,"tetrachoric (r)","sample",300,300,300,300,0,0.00258145636883724,0.00928152579444582,0.160760742477413,0.00657399563419969,0.163770930212418,1.01872464439151,0.0416587486563916,0.133512839609751,0.993333333333333,0.00469830544708134,0.620824470682075,"03b_2x2_to_cor_CONT",300
0.1,100,0.3,0.5,"tetrachoric (r)","sample",300,300,300,300,0,0.00446766574973883,0.00932591578975367,0.161529599749622,0.0066054365461595,0.162743302184261,1.00751380822165,0.0412003034731919,0.13387226334337,0.99,0.00574456264653803,0.617241971372944,"03b_2x2_to_cor_CONT",300
0.25,100,0.3,0.5,"tetrachoric (r)","sample",300,300,300,300,0,0.00262786514160273,0.00948651160964839,0.16431120094503,0.00671918467790422,0.156389958929318,0.951791223178009,0.038921637518071,0.129046725768508,0.993333333333333,0.00469830544708134,0.595053246492322,"03b_2x2_to_cor_CONT",300
0.5,100,0.3,0.5,"tetrachoric (r)","sample",300,300,300,300,0,0.00523826782921612,0.00787982542351753,0.136482579883053,0.00558118773569091,0.135012188961759,0.989226530429347,0.0404524810725526,0.11402050612607,0.99,0.00574456264653803,0.51980132869252,"03b_2x2_to_cor_CONT",300
0,300,0.3,0.5,"tetrachoric (r)","sample",300,300,300,300,0,-2.59188442607837e-06,0.005745339089025,0.0995121920890279,0.00406935615164147,0.0949549647488327,0.954204331705224,0.0390203168640251,0.0802466565815238,0.973333333333333,0.00930153312731393,0.367956109903917,"03b_2x2_to_cor_CONT",300
0.1,300,0.3,0.5,"tetrachoric (r)","sample",300,300,300,300,0,-0.00211496274981759,0.00520318846313564,0.0901218677950715,0.003685357235234,0.0944810132627817,1.0483694532122,0.0428710150390957,0.0702402591874191,0.983333333333333,0.00739118594202783,0.366172096128755,"03b_2x2_to_cor_CONT",300
0.25,300,0.3,0.5,"tetrachoric (r)","sample",300,300,300,300,0,-0.000945419155801547,0.00569275782421048,0.098601457867178,0.00403211345976228,0.0910253048538064,0.923163884416626,0.0377509785802241,0.0757468444590617,0.98,0.00808290376865476,0.353101928233358,"03b_2x2_to_cor_CONT",300
0.5,300,0.3,0.5,"tetrachoric (r)","sample",300,300,300,300,0,0.00108647298200885,0.00485971107817596,0.084172664975061,0.00344207624036541,0.0782821691311793,0.93001889811108,0.0380313009363245,0.0673995581127082,0.983333333333333,0.00739118594202783,0.304880671192414,"03b_2x2_to_cor_CONT",300
0,25,0.5,0.5,"tetrachoric (r)","sample",300,300,300,300,0,-0.00482003944086796,0.0174865883137654,0.302876594104819,0.0123855449823275,0.303144673349844,1.00088511047153,0.0409292358642834,0.215968115778323,0.996666666666667,0.00332777314041597,1.07093575463354,"03b_2x2_to_cor_CONT",300
0.1,25,0.5,0.5,"tetrachoric (r)","sample",300,300,300,300,0,-0.018266805815808,0.0176530294870691,0.305759439791153,0.0125034333091911,0.300360421983359,0.982342269427621,0.0401709627051166,0.222828260786066,1,0,1.06320662490253,"03b_2x2_to_cor_CONT",300
0.25,25,0.5,0.5,"tetrachoric (r)","sample",300,300,300,300,0,0.0136136581928958,0.0165408883920355,0.286496590973317,0.0117157168426011,0.289472321440676,1.01038661736689,0.0413177813753691,0.243261057249853,0.98,0.00808290376865476,1.03418244894873,"03b_2x2_to_cor_CONT",300
0.5,25,0.5,0.5,"tetrachoric (r)","sample",300,300,300,300,0,-0.00480426305405623,0.0149869689765032,0.259581917187621,0.0106150939838336,0.25343312855865,0.976312723568772,0.0399243962390663,0.206094128182947,0.993333333333333,0.00469830544708134,0.936181535284635,"03b_2x2_to_cor_CONT",300
0.75,25,0.5,0.5,"tetrachoric (r)","sample",300,300,300,300,0,-0.00361388700794001,0.0101594742102642,0.175967255103633,0.00719583617857402,0.181309216783998,1.03035770306935,0.0421344598019237,0.154907991552126,0.986666666666667,0.0066220730781117,0.741879809904823,"03b_2x2_to_cor_CONT",300
0,50,0.5,0.5,"tetrachoric (r)","sample",300,300,300,300,0,-0.00509861441394698,0.0129587377407404,0.224451921689227,0.00917852163739555,0.216851024164737,0.966135743159226,0.0395082285618668,0.177425785219311,0.99,0.00574456264653803,0.803489595793,"03b_2x2_to_cor_CONT",300
0.1,50,0.5,0.5,"tetrachoric (r)","sample",300,300,300,300,0,-0.00584174216376892,0.0128542167373373,0.222641564805705,0.00910449063912315,0.215961103476874,0.969994545561781,0.0396660267267465,0.167320824006772,0.993333333333333,0.00469830544708134,0.800583831034879,"03b_2x2_to_cor_CONT",300
0.25,50,0.5,0.5,"tetrachoric (r)","sample",300,300,300,300,0,0.00880197540135645,0.0129295621337958,0.223946585353531,0.00915785689789838,0.207065956525787,0.924622075388667,0.0378106084434376,0.167570738518658,0.99,0.00574456264653803,0.771725467267224,"03b_2x2_to_cor_CONT",300
0.5,50,0.5,0.5,"tetrachoric (r)","sample",300,300,300,300,0,-0.0155623532163255,0.0101900030578292,0.176496030254425,0.00721745940249801,0.181822589994403,1.03017948750632,0.0421271720255967,0.146958328110832,0.986666666666667,0.0066220730781117,0.690089493416403,"03b_2x2_to_cor_CONT",300
0.75,50,0.5,0.5,"tetrachoric (r)","sample",300,300,300,300,0,0.00323663665801592,0.00713317909685198,0.123550286152359,0.00505234691786678,0.125897401900447,1.01899725060283,0.0416698963533693,0.103674215474085,0.986666666666667,0.0066220730781117,0.503016902074626,"03b_2x2_to_cor_CONT",300
0,100,0.5,0.5,"tetrachoric (r)","sample",300,300,300,300,0,0.0134447946726562,0.00872122100439894,0.151055978836558,0.00617713833668578,0.155462027078907,1.02916831413284,0.0420858220713715,0.113676457081507,0.996666666666667,0.00332777314041597,0.591465497160388,"03b_2x2_to_cor_CONT",300
0.1,100,0.5,0.5,"tetrachoric (r)","sample",300,300,300,300,0,0.00244760742064908,0.00925468624459008,0.160295867837388,0.00655498549648277,0.15396443333507,0.960501573822592,0.039277830244152,0.121870448633113,0.986666666666667,0.0066220730781117,0.586108995653573,"03b_2x2_to_cor_CONT",300
0.25,100,0.5,0.5,"tetrachoric (r)","sample",300,300,300,300,0,0.000285737788403935,0.00825604097112177,0.142998824313532,0.0058476567863882,0.14911250304074,1.04275334959261,0.0426413554834884,0.118678874858713,0.983333333333333,0.00739118594202783,0.569058187039334,"03b_2x2_to_cor_CONT",300
0.5,100,0.5,0.5,"tetrachoric (r)","sample",300,300,300,300,0,-0.0067601590725327,0.00720067260578204,0.124719308018839,0.00510015177698903,0.128553648613073,1.03074376097128,0.0421502468835376,0.0998054672904489,0.99,0.00574456264653803,0.495615933389508,"03b_2x2_to_cor_CONT",300
0.75,100,0.5,0.5,"tetrachoric (r)","sample",300,300,300,300,0,0.00394120264550066,0.00488042429363634,0.0845314283907159,0.00345674716743305,0.0868778456902381,1.02775792795878,0.042028147091722,0.0728143063417515,0.983333333333333,0.00739118594202783,0.344827009232815,"03b_2x2_to_cor_CONT",300
0,300,0.5,0.5,"tetrachoric (r)","sample",300,300,300,300,0,-0.0027054798962772,0.00553296727236935,0.095833804323595,0.00391893568991559,0.0902981494327557,0.942236928504399,0.0385309333542046,0.0708381413479927,0.983333333333333,0.00739118594202783,0.350330276601408,"03b_2x2_to_cor_CONT",300
0.1,300,0.5,0.5,"tetrachoric (r)","sample",300,300,300,300,0,-0.0031110049975767,0.00514583921464798,0.0891285496735063,0.00364473743655735,0.0897863544665715,1.0073804049934,0.0411948482095088,0.0659723777279815,1,0,0.348394088367829,"03b_2x2_to_cor_CONT",300
0.25,300,0.5,0.5,"tetrachoric (r)","sample",300,300,300,300,0,-0.00206077511477466,0.0051346193842645,0.0889342165107414,0.00363679056256368,0.0865177644094292,0.972828769441958,0.0397819267600972,0.0697486259070788,0.996666666666667,0.00332777314041597,0.33598550761691,"03b_2x2_to_cor_CONT",300
0.5,300,0.5,0.5,"tetrachoric (r)","sample",300,300,300,300,0,-0.00195603734230974,0.0045756532117632,0.0792526384058959,0.0032408813921245,0.074214487229191,0.936429230899522,0.038293438937901,0.0641719762415596,0.98,0.00808290376865476,0.289213998032563,"03b_2x2_to_cor_CONT",300
0.75,300,0.5,0.5,"tetrachoric (r)","sample",300,300,300,300,0,-0.000701132426501081,0.00282566776605307,0.0489420013611356,0.00200138726855101,0.0506358837556254,1.03460999442975,0.0423083489268917,0.0436060171414525,0.983333333333333,0.00739118594202783,0.199386502330249,"03b_2x2_to_cor_CONT",300
0,25,0.3,0.1,"tetrachoric (z)","sample",300,300,300,300,0,0.0891527567882935,0.0215993865665676,0.374112349456159,0.0152985916469659,0.465828461796515,1.24515660195041,0.050918239981798,0.342266009205431,1,0,1.81490422908321,"03b_2x2_to_cor_CONT",300
0.1,25,0.3,0.1,"tetrachoric (z)","sample",300,300,300,300,0,0.0791707693994732,0.021701949895804,0.375888798428467,0.0153712360476346,0.473465328650259,1.25958882156038,0.0515084173301084,0.352163725348557,1,0,1.84267833693913,"03b_2x2_to_cor_CONT",300
0.25,25,0.3,0.1,"tetrachoric (z)","sample",300,300,300,300,0,0.0105474637719264,0.0211517417551678,0.366358913885267,0.0149815300882321,0.479134489186105,1.3078281188926,0.0534810688939904,0.320224168592022,0.996666666666667,0.00332777314041597,1.86394694795242,"03b_2x2_to_cor_CONT",300
0.5,25,0.3,0.1,"tetrachoric (z)","sample",300,300,300,300,0,0.014764495546505,0.0221494818411838,0.383640279102545,0.0156882176646929,0.487601226757683,1.27098548645188,0.0519744616148422,0.351105305911932,1,0,1.89832448301522,"03b_2x2_to_cor_CONT",300
0,50,0.3,0.1,"tetrachoric (z)","sample",300,300,300,300,0,-0.0263394773410898,0.018092129076701,0.313364867779403,0.0128144423877789,0.347476299339349,1.10885531553575,0.0453444658873441,0.287248421655612,0.986666666666667,0.0066220730781117,1.35280116078558,"03b_2x2_to_cor_CONT",300
0.1,50,0.3,0.1,"tetrachoric (z)","sample",300,300,300,300,0,0.0151675035385861,0.0179318263198776,0.310588342585288,0.0127009018291632,0.342561960204155,1.10294532419576,0.0451027883691359,0.28850910695821,0.996666666666667,0.00332777314041597,1.33180805543703,"03b_2x2_to_cor_CONT",300
0.25,50,0.3,0.1,"tetrachoric (z)","sample",300,300,300,300,0,0.0394930004076228,0.0189384533461994,0.328023634123902,0.0134138839209942,0.342370360532225,1.04373686806635,0.042681574544765,0.306056050459996,0.99,0.00574456264653803,1.32926630470905,"03b_2x2_to_cor_CONT",300
0.5,50,0.3,0.1,"tetrachoric (z)","sample",300,300,300,300,0,0.0672097691207382,0.0197241172228952,0.341631731644989,0.0139703604109305,0.367515491002158,1.07576509135301,0.0439913059929588,0.324436407241019,0.996666666666667,0.00332777314041597,1.42632711362428,"03b_2x2_to_cor_CONT",300
0,100,0.3,0.1,"tetrachoric (z)","sample",300,300,300,300,0,-0.0320154458768018,0.0149538523127055,0.259008319744874,0.0105916378400867,0.244204724301345,0.94284509679801,0.0385558032051735,0.224077115670509,0.986666666666667,0.0066220730781117,0.949063771983826,"03b_2x2_to_cor_CONT",300
0.1,100,0.3,0.1,"tetrachoric (z)","sample",300,300,300,300,0,-0.0106053610333702,0.0149280981224554,0.258562244084664,0.0105733964498222,0.238974417285648,0.924243282818193,0.0377951184633206,0.228257784507927,0.98,0.00808290376865476,0.930532889456061,"03b_2x2_to_cor_CONT",300
0.25,100,0.3,0.1,"tetrachoric (z)","sample",300,300,300,300,0,0.00596355232860217,0.0131125903545112,0.22711672712851,0.00928749363549576,0.2356873937278,1.0377368356248,0.0424362149720982,0.210980266588474,0.973333333333333,0.00930153312731393,0.918233512690934,"03b_2x2_to_cor_CONT",300
0.5,100,0.3,0.1,"tetrachoric (z)","sample",300,300,300,300,0,0.0727383181209417,0.0153132435977377,0.265233159399605,0.0108461904633401,0.256248245965709,0.966124471562174,0.0395077676319863,0.250468905284372,0.976666666666667,0.0087156734084615,0.994037855041087,"03b_2x2_to_cor_CONT",300
0,300,0.3,0.1,"tetrachoric (z)","sample",300,300,300,300,0,0.00400886022285957,0.0081646782085007,0.141416374845736,0.00578294561541254,0.132457302603781,0.936647561134778,0.0383023671251641,0.124229070896902,0.963333333333333,0.0108508405545718,0.518206984121426,"03b_2x2_to_cor_CONT",300
0.1,300,0.3,0.1,"tetrachoric (z)","sample",300,300,300,300,0,-0.00211648383351595,0.00751241452241045,0.130118836403332,0.00532095491262634,0.130756415113629,1.0048999724246,0.0410934157787614,0.115814452361172,0.97,0.00984885780179611,0.511836790833768,"03b_2x2_to_cor_CONT",300
0.25,300,0.3,0.1,"tetrachoric (z)","sample",300,300,300,300,0,0.00766710581002637,0.00725212273732328,0.125610450437694,0.005136593300465,0.131003280733114,1.0429329747376,0.0426487009019084,0.114808499798669,0.97,0.00984885780179611,0.512742145295337,"03b_2x2_to_cor_CONT",300
0.5,300,0.3,0.1,"tetrachoric (z)","sample",300,300,300,300,0,0.0526445003231528,0.00791854485343771,0.137153220081672,0.00560861225283295,0.139040601319029,1.01376111502328,0.0414557748464047,0.136843541337853,0.963333333333333,0.0108508405545718,0.543569535818808,"03b_2x2_to_cor_CONT",300
0,25,0.5,0.1,"tetrachoric (z)","sample",300,300,300,300,0,0.0284006458751438,0.0216635834750814,0.375224272528505,0.0153440615627582,0.44733000754774,1.19216703262116,0.0487513353503543,0.348389244605921,0.996666666666667,0.00332777314041597,1.74411911579685,"03b_2x2_to_cor_CONT",300
0.1,25,0.5,0.1,"tetrachoric (z)","sample",300,300,300,300,0,0.0251024424156551,0.0210901691131666,0.365292444442244,0.0149379189095674,0.454109737571396,1.24314024141607,0.0508357848677852,0.318185595376295,1,0,1.76993325702932,"03b_2x2_to_cor_CONT",300
0.25,25,0.5,0.1,"tetrachoric (z)","sample",300,300,300,300,0,-0.00496144294031254,0.0194221044071499,0.336400716230911,0.0137564482831023,0.452055441400643,1.34380047244116,0.0549520878227151,0.312378350740471,1,0,1.76201665375652,"03b_2x2_to_cor_CONT",300
0,50,0.5,0.1,"tetrachoric (z)","sample",300,300,300,300,0,-0.0304979640427191,0.0193508510190189,0.335166571346367,0.013705980345732,0.334181415204416,0.997060696900667,0.040772843963308,0.307340909079513,0.98,0.00808290376865476,1.29821081717568,"03b_2x2_to_cor_CONT",300
0.1,50,0.5,0.1,"tetrachoric (z)","sample",300,300,300,300,0,-0.0130765886625714,0.019139355854936,0.3315033676489,0.01355618080672,0.335623969366829,1.01243004482022,0.0414013433380096,0.283638419366245,0.99,0.00574456264653803,1.30285000708565,"03b_2x2_to_cor_CONT",300
0.25,50,0.5,0.1,"tetrachoric (z)","sample",300,300,300,300,0,-0.0124308402596677,0.0181684975280268,0.314687608157319,0.0128685332642926,0.340805786739826,1.08299716260022,0.0442870473790255,0.283103684106547,0.99,0.00574456264653803,1.32422410601555,"03b_2x2_to_cor_CONT",300
0,100,0.5,0.1,"tetrachoric (z)","sample",300,300,300,300,0,-0.00434617176485893,0.0143029494189138,0.247734350916464,0.0101306109704921,0.228721153788413,0.923251672375211,0.0377545684968143,0.223987358513122,0.96,0.0113137084989848,0.889989135438086,"03b_2x2_to_cor_CONT",300
0.1,100,0.5,0.1,"tetrachoric (z)","sample",300,300,300,300,0,0.015854279008013,0.0148151309461559,0.25660559519528,0.0104933831265553,0.232419709500163,0.905746849842807,0.0370387430712031,0.223854382472301,0.963333333333333,0.0108508405545718,0.903465637829327,"03b_2x2_to_cor_CONT",300
0.25,100,0.5,0.1,"tetrachoric (z)","sample",300,300,300,300,0,0.0120487515310165,0.0130184431171951,0.225486049144273,0.00922081025381964,0.237125329108225,1.05161862566719,0.0430038835815314,0.20459881026853,0.973333333333333,0.00930153312731393,0.922517887887145,"03b_2x2_to_cor_CONT",300
0,300,0.5,0.1,"tetrachoric (z)","sample",300,300,300,300,0,-0.0029079045790289,0.00780674478392222,0.135216786074766,0.00552942557758415,0.126333309586123,0.934301969847656,0.0382064487644777,0.117687783011056,0.966666666666667,0.010363754503432,0.494505141461219,"03b_2x2_to_cor_CONT",300
0.1,300,0.5,0.1,"tetrachoric (z)","sample",300,300,300,300,0,0.00577730650348509,0.00756034362498187,0.130948992811481,0.00535490253266573,0.126028942233551,0.962427732567501,0.0393565967326906,0.113932157314177,0.966666666666667,0.010363754503432,0.493271953515104,"03b_2x2_to_cor_CONT",300
0.25,300,0.5,0.1,"tetrachoric (z)","sample",300,300,300,300,0,0.0161876254500459,0.00756613239121115,0.131049257183703,0.00535900264775041,0.130164893394615,0.993251668814512,0.0406170812215898,0.118851965923737,0.973333333333333,0.00930153312731393,0.50929744779829,"03b_2x2_to_cor_CONT",300
0,25,0.3,0.3,"tetrachoric (z)","sample",300,300,300,300,0,0.00167426113195601,0.0202951695764094,0.351522648545672,0.0143748300813319,0.379422798047504,1.07936942219018,0.0441386980416806,0.300813608571485,0.99,0.00574456264653803,1.47980992428519,"03b_2x2_to_cor_CONT",300
0.1,25,0.3,0.3,"tetrachoric (z)","sample",300,300,300,300,0,0.00982551296562669,0.021991158426484,0.380898037119668,0.0155760790508401,0.37881023103208,0.994518727102464,0.0406688950881154,0.326652263693869,0.993333333333333,0.00469830544708134,1.47651395946783,"03b_2x2_to_cor_CONT",300
0.25,25,0.3,0.3,"tetrachoric (z)","sample",300,300,300,300,0,0.0307111258550152,0.0215543517968326,0.373332324363275,0.0152666940488573,0.381535911783506,1.02197395426239,0.041791622818181,0.319507109908487,0.996666666666667,0.00332777314041597,1.48586758388242,"03b_2x2_to_cor_CONT",300
0.5,25,0.3,0.3,"tetrachoric (z)","sample",300,300,300,300,0,0.109931217358895,0.0248784075755926,0.430906659323329,0.0176210836892418,0.414931480266406,0.962926590454627,0.0393769965487248,0.382147636499744,0.993333333333333,0.00469830544708134,1.60707476011089,"03b_2x2_to_cor_CONT",300
0.75,25,0.3,0.3,"tetrachoric (z)","sample",300,300,300,300,0,0.299536820965517,0.0266450667717279,0.461506094196979,0.0188723876342744,0.487471566319255,1.05626246857575,0.0431937844400141,0.519827019471246,1,0,1.87384395223205,"03b_2x2_to_cor_CONT",300
0,50,0.3,0.3,"tetrachoric (z)","sample",300,300,300,300,0,-0.0127674563698049,0.0157452931412947,0.272716477007881,0.0111522060771524,0.259291986766002,0.95077492057258,0.0388800778139532,0.220229215303308,0.986666666666667,0.0066220730781117,1.01353191787233,"03b_2x2_to_cor_CONT",300
0.1,50,0.3,0.3,"tetrachoric (z)","sample",300,300,300,300,0,0.00184408018809689,0.0134970601481661,0.233775939294369,0.00955980907165841,0.255841479544818,1.09438755894662,0.0447528353238877,0.197295280957172,0.993333333333333,0.00469830544708134,1.00000480077143,"03b_2x2_to_cor_CONT",300
0.25,50,0.3,0.3,"tetrachoric (z)","sample",300,300,300,300,0,0.0209905793719405,0.0144932880097225,0.251031112015682,0.0102654255573077,0.261120676368035,1.04019248559009,0.0425366339668239,0.209837983745062,0.996666666666667,0.00332777314041597,1.02113175867543,"03b_2x2_to_cor_CONT",300
0.5,50,0.3,0.3,"tetrachoric (z)","sample",300,300,300,300,0,0.0851526678977416,0.0165090568721013,0.285945252875236,0.0116931709511484,0.277909837759089,0.97189876371316,0.0397438959976942,0.260734930831438,0.976666666666667,0.0087156734084615,1.08227882814302,"03b_2x2_to_cor_CONT",300
0.75,50,0.3,0.3,"tetrachoric (z)","sample",300,300,300,300,0,0.323603794223869,0.0224392141830296,0.388658590469274,0.0158934316771907,0.341513175791667,0.8786970986009,0.0359325964844799,0.485916914494292,0.916666666666667,0.0159571184626056,1.31429131055565,"03b_2x2_to_cor_CONT",300
0,100,0.3,0.3,"tetrachoric (z)","sample",300,300,300,300,0,0.00419826792526426,0.0105703105640454,0.183083149487087,0.00748682673938726,0.176893051313556,0.966189689270293,0.0395104345823987,0.153025047674984,0.98,0.00808290376865476,0.692722194179254,"03b_2x2_to_cor_CONT",300
0.1,100,0.3,0.3,"tetrachoric (z)","sample",300,300,300,300,0,-0.00317541531190784,0.010584890841196,0.183335687295219,0.00749715377833062,0.177309219943859,0.96712878196128,0.0395488369383192,0.146573461117147,0.99,0.00574456264653803,0.694379267901862,"03b_2x2_to_cor_CONT",300
0.25,100,0.3,0.3,"tetrachoric (z)","sample",300,300,300,300,0,-0.00841309998825335,0.0108474609078215,0.18788353425464,0.00768312907052887,0.178128552835172,0.948079636365325,0.0387698594463445,0.15342144958321,0.976666666666667,0.0087156734084615,0.697515481862012,"03b_2x2_to_cor_CONT",300
0.5,100,0.3,0.3,"tetrachoric (z)","sample",300,300,300,300,0,0.0673977697974586,0.0115627566320234,0.200272819622185,0.00818976462509242,0.190860758671955,0.953003802672845,0.0389712235810757,0.186557513246775,0.966666666666667,0.010363754503432,0.74656209487143,"03b_2x2_to_cor_CONT",300
0.75,100,0.3,0.3,"tetrachoric (z)","sample",300,300,300,300,0,0.250583092856465,0.0135366213375404,0.234461159194409,0.00958782979712853,0.224128088375323,0.955928432433799,0.0390908205858163,0.330328822668977,0.846666666666667,0.0208024215114669,0.873384092529462,"03b_2x2_to_cor_CONT",300
0,300,0.3,0.3,"tetrachoric (z)","sample",300,300,300,300,0,-0.00362054150016576,0.00557045763095603,0.096483156382256,0.0039454896702774,0.100941534314802,1.046208873131,0.0427826623492392,0.0793608147182203,0.996666666666667,0.00332777314041597,0.395578739892119,"03b_2x2_to_cor_CONT",300
0.1,300,0.3,0.3,"tetrachoric (z)","sample",300,300,300,300,0,0.00816746393990683,0.00571146918992412,0.0989255482281283,0.0040453665001821,0.100877685308844,1.01973339663698,0.0416999996033297,0.0799618239462636,0.99,0.00574456264653803,0.395341180662853,"03b_2x2_to_cor_CONT",300
0.25,300,0.3,0.3,"tetrachoric (z)","sample",300,300,300,300,0,0.00804934550011163,0.00571761275238016,0.0990319578512617,0.00404971791326427,0.101945388567347,1.02941909641392,0.0420960773214749,0.081926127407025,0.993333333333333,0.00469830544708134,0.399516712372964,"03b_2x2_to_cor_CONT",300
0.5,300,0.3,0.3,"tetrachoric (z)","sample",300,300,300,300,0,0.0498577547968105,0.00661726567176947,0.114614403506861,0.00468693150242431,0.108002276095339,0.942309803923327,0.0385339134516992,0.11151797548026,0.943333333333333,0.0133486023682326,0.423081642176667,"03b_2x2_to_cor_CONT",300
0.75,300,0.3,0.3,"tetrachoric (z)","sample",300,300,300,300,0,0.234481399269136,0.00734297929797293,0.127184132230156,0.0052009459345337,0.126030708093065,0.990931068861615,0.0405221848325587,0.262715828957213,0.546666666666667,0.028741504380844,0.493225117115899,"03b_2x2_to_cor_CONT",300
0,25,0.5,0.3,"tetrachoric (z)","sample",300,300,300,300,0,0.0155466024481429,0.0211742855332805,0.366749383576125,0.0149974975813117,0.361811000675844,0.986534720652757,0.0403424047849795,0.306443395448179,0.99,0.00574456264653803,1.41130711976474,"03b_2x2_to_cor_CONT",300
0.1,25,0.5,0.3,"tetrachoric (z)","sample",300,300,300,300,0,0.00290526941295562,0.0207871988716165,0.360044845926781,0.0147233286482943,0.360636787117711,1.00164407628001,0.0409602722842113,0.295994747294962,0.983333333333333,0.00739118594202783,1.40635002414965,"03b_2x2_to_cor_CONT",300
0.25,25,0.5,0.3,"tetrachoric (z)","sample",300,300,300,300,0,0.0359257058185054,0.021689880891236,0.375679757137381,0.0153626877135464,0.371148693363291,0.987939026024143,0.0403998311021158,0.31838131056788,0.99,0.00574456264653803,1.44582693721268,"03b_2x2_to_cor_CONT",300
0.5,25,0.5,0.3,"tetrachoric (z)","sample",300,300,300,300,0,0.101565489943324,0.0205926182927072,0.356674611438411,0.0145855095111634,0.392840250377191,1.1013967290605,0.0450394616047687,0.309877293083541,0.993333333333333,0.00469830544708134,1.52772164513447,"03b_2x2_to_cor_CONT",300
0,50,0.5,0.3,"tetrachoric (z)","sample",300,300,300,300,0,-0.0145494516842013,0.0141457976361527,0.245012402194043,0.0100193022097713,0.243738398081245,0.994800246430839,0.0406804072695545,0.19562893453081,0.99,0.00574456264653803,0.953677632554496,"03b_2x2_to_cor_CONT",300
0.1,50,0.5,0.3,"tetrachoric (z)","sample",300,300,300,300,0,0.0141161257523434,0.0149711550791267,0.259308012450403,0.0106038931861829,0.244479253394189,0.942814111619286,0.0385545361269894,0.201500152861606,0.99,0.00574456264653803,0.956588421245453,"03b_2x2_to_cor_CONT",300
0.25,50,0.5,0.3,"tetrachoric (z)","sample",300,300,300,300,0,0.0289611436883553,0.0150791279893261,0.261178158113467,0.0106803691294688,0.251341753036832,0.962338332011816,0.0393529408721011,0.214849663839768,0.99,0.00574456264653803,0.982172920560426,"03b_2x2_to_cor_CONT",300
0.5,50,0.5,0.3,"tetrachoric (z)","sample",300,300,300,300,0,0.0743691456585727,0.0161229795577019,0.27925819763334,0.0114197169269356,0.269962731731828,0.966713722353399,0.0395318638887544,0.243899802171409,0.993333333333333,0.00469830544708134,1.05097041574028,"03b_2x2_to_cor_CONT",300
0,100,0.5,0.3,"tetrachoric (z)","sample",300,300,300,300,0,0.000791856305190171,0.0100395125806383,0.173889458728925,0.00711086876622203,0.168660388094315,0.969928765821506,0.0396633367931301,0.139092968374128,0.983333333333333,0.00739118594202783,0.660770256384802,"03b_2x2_to_cor_CONT",300
0.1,100,0.5,0.3,"tetrachoric (z)","sample",300,300,300,300,0,0.0167854613850041,0.00976827231885974,0.169191439584337,0.00691875247669791,0.168783450459718,0.997588594756204,0.0407944313119612,0.132379914601015,0.993333333333333,0.00469830544708134,0.661288826538504,"03b_2x2_to_cor_CONT",300
0.25,100,0.5,0.3,"tetrachoric (z)","sample",300,300,300,300,0,0.0195123599158631,0.00963275608598666,0.166844229578472,0.00682276792167961,0.17198619442951,1.03081895528559,0.0421533218077162,0.145123640692532,0.98,0.00808290376865476,0.673400031251364,"03b_2x2_to_cor_CONT",300
0.5,100,0.5,0.3,"tetrachoric (z)","sample",300,300,300,300,0,0.0521656103964006,0.0106069988810818,0.183718609778599,0.0075128126431454,0.185501876842705,1.00970651294529,0.0412899698373684,0.163791262237767,0.976666666666667,0.0087156734084615,0.725221943958826,"03b_2x2_to_cor_CONT",300
0,300,0.5,0.3,"tetrachoric (z)","sample",300,300,300,300,0,-0.00361367144936352,0.00557496903562879,0.0965612962033234,0.00394868504518447,0.0961075538474213,0.995300991455763,0.040700884256392,0.0764213826838097,0.993333333333333,0.00469830544708134,0.376674360375105,"03b_2x2_to_cor_CONT",300
0.1,300,0.5,0.3,"tetrachoric (z)","sample",300,300,300,300,0,0.00258358931325774,0.00549721759504644,0.0952146017488203,0.00389361461363463,0.0961361656945613,1.00967880901474,0.0412888369394003,0.0790511866272048,0.99,0.00574456264653803,0.376795179534221,"03b_2x2_to_cor_CONT",300
0.25,300,0.5,0.3,"tetrachoric (z)","sample",300,300,300,300,0,0.00609670095433339,0.00517428990246131,0.089621330041536,0.00366488872435388,0.0979194059941052,1.09259041289304,0.0446793445566256,0.0719110946899991,0.993333333333333,0.00469830544708134,0.383752328311656,"03b_2x2_to_cor_CONT",300
0.5,300,0.5,0.3,"tetrachoric (z)","sample",300,300,300,300,0,0.0668716855289757,0.00669492978092442,0.115959585336671,0.00474194007815053,0.105975541129032,0.913900656175584,0.0373721770079201,0.116563863809545,0.936666666666667,0.0140620318852128,0.415087834396564,"03b_2x2_to_cor_CONT",300
0,25,0.3,0.5,"tetrachoric (z)","sample",300,300,300,300,0,-0.0262367475514794,0.0216496524615544,0.374982980296208,0.0153341943896086,0.357091576140449,0.952287423440857,0.0389419286557666,0.293023463023751,0.986666666666667,0.0066220730781117,1.39418171584511,"03b_2x2_to_cor_CONT",300
0.1,25,0.3,0.5,"tetrachoric (z)","sample",300,300,300,300,0,0.0174772638373449,0.0209130538600989,0.362224718271158,0.0148124702574597,0.359174555044433,0.991579362001347,0.0405486955105053,0.292446627127432,0.99,0.00574456264653803,1.40109291928766,"03b_2x2_to_cor_CONT",300
0.25,25,0.3,0.5,"tetrachoric (z)","sample",300,300,300,300,0,-0.00908600003910859,0.0222826185131063,0.38594627390375,0.0157825168046569,0.368356030539322,0.95442307763071,0.0390292620501257,0.314847561169694,0.98,0.00808290376865476,1.43510208105476,"03b_2x2_to_cor_CONT",300
0.5,25,0.3,0.5,"tetrachoric (z)","sample",300,300,300,300,0,0.0837431212013588,0.0226235295233196,0.39185102580924,0.0160239800664553,0.395855833211011,1.01022022946986,0.0413109772682729,0.334404170160322,0.993333333333333,0.00469830544708134,1.53874807613997,"03b_2x2_to_cor_CONT",300
0,50,0.3,0.5,"tetrachoric (z)","sample",300,300,300,300,0,-0.0146548469390815,0.0148581087632031,0.257349992822522,0.0105238238092505,0.242404106142032,0.941923889266253,0.0385181322278028,0.214219469352465,0.99,0.00574456264653803,0.948813485799307,"03b_2x2_to_cor_CONT",300
0.1,50,0.3,0.5,"tetrachoric (z)","sample",300,300,300,300,0,0.00910715868225032,0.0143184647183919,0.248003083786372,0.0101416002747607,0.244758317043156,0.986916425821497,0.0403580138700968,0.209003312795342,0.973333333333333,0.00930153312731393,0.957380524480438,"03b_2x2_to_cor_CONT",300
0.25,50,0.3,0.5,"tetrachoric (z)","sample",300,300,300,300,0,0.01768695681059,0.0157741659931531,0.273216569471663,0.0111726563787804,0.248648655595076,0.910078975356085,0.0372158968574585,0.217231441408504,0.99,0.00574456264653803,0.970710162392531,"03b_2x2_to_cor_CONT",300
0.5,50,0.3,0.5,"tetrachoric (z)","sample",300,300,300,300,0,0.0696233959441387,0.0154398216915388,0.267425556295492,0.0109358442395039,0.268225631320951,1.00299176726616,0.0410153834669705,0.227662317842721,0.99,0.00574456264653803,1.04538260106013,"03b_2x2_to_cor_CONT",300
0,100,0.3,0.5,"tetrachoric (z)","sample",300,300,300,300,0,0.00265758245102037,0.00951603414328749,0.164822546227341,0.00674009514150171,0.168162676379075,1.0202650075987,0.0417217387921864,0.136591861132746,0.993333333333333,0.00469830544708134,0.658765773165676,"03b_2x2_to_cor_CONT",300
0.1,100,0.3,0.5,"tetrachoric (z)","sample",300,300,300,300,0,0.00799391905576783,0.00976747260768242,0.169177588180432,0.00691818605067004,0.169091323426824,0.999490093489708,0.0408721893776422,0.140409271241506,0.99,0.00574456264653803,0.66234917588862,"03b_2x2_to_cor_CONT",300
0.25,100,0.3,0.5,"tetrachoric (z)","sample",300,300,300,300,0,0.0159388791748747,0.0103850816775419,0.179874891062552,0.00735563129607656,0.172156579005683,0.95709066445419,0.039138347787484,0.142725436000374,0.993333333333333,0.00469830544708134,0.674201853342731,"03b_2x2_to_cor_CONT",300
0.5,100,0.3,0.5,"tetrachoric (z)","sample",300,300,300,300,0,0.0738547679459999,0.0111140832744792,0.192501569109494,0.00787197455921311,0.186614482446694,0.969417980902527,0.0396424492444933,0.179618707645617,0.98,0.00808290376865476,0.729392150682619,"03b_2x2_to_cor_CONT",300
0,300,0.3,0.5,"tetrachoric (z)","sample",300,300,300,300,0,5.27633769596796e-06,0.00580745845747085,0.100588131111851,0.00411335457022117,0.0959080267837283,0.953472598840528,0.038990394081984,0.0810712495549577,0.973333333333333,0.00930153312731393,0.375901420451911,"03b_2x2_to_cor_CONT",300
0.1,300,0.3,0.5,"tetrachoric (z)","sample",300,300,300,300,0,-0.000936119039923356,0.00530468706730813,0.0918798751883123,0.00375724750365372,0.0962052589576074,1.04707650897903,0.0428181426175509,0.0716525691188259,0.983333333333333,0.00739118594202783,0.377071376624556,"03b_2x2_to_cor_CONT",300
0.25,300,0.3,0.5,"tetrachoric (z)","sample",300,300,300,300,0,0.00709942986009538,0.00614095566207876,0.106364472137482,0.00434956672064391,0.0980484422521263,0.921815717990809,0.0376958479552909,0.0828329224290823,0.98,0.00808290376865476,0.384238284313786,"03b_2x2_to_cor_CONT",300
0.5,300,0.3,0.5,"tetrachoric (z)","sample",300,300,300,300,0,0.0568677696886491,0.00657170453650358,0.113825261495551,0.00465466108579665,0.105590197166998,0.92765169857418,0.0379344989485939,0.109411708874726,0.963333333333333,0.0108508405545718,0.413562155001693,"03b_2x2_to_cor_CONT",300
0,25,0.5,0.5,"tetrachoric (z)","sample",300,300,300,300,0,-0.000423086828303392,0.0197201391526606,0.341562829447364,0.0139675427905377,0.335319305824278,0.981720716996086,0.0401455455360468,0.246495605516505,0.996666666666667,0.00332777314041597,1.3112887152451,"03b_2x2_to_cor_CONT",300
0.1,25,0.5,0.5,"tetrachoric (z)","sample",300,300,300,300,0,-0.00636453627912091,0.0198948467517188,0.344588853827737,0.0140912861296078,0.335629037547463,0.973998531349035,0.03982976188173,0.255720450812263,1,0,1.31274768817962,"03b_2x2_to_cor_CONT",300
0.25,25,0.5,0.5,"tetrachoric (z)","sample",300,300,300,300,0,0.0501401927660411,0.0202090860129266,0.350031637489185,0.0143138581050593,0.344248506635377,0.983478262435673,0.0402174169137768,0.29948371124786,0.98,0.00808290376865476,1.34347640611347,"03b_2x2_to_cor_CONT",300
0.5,25,0.5,0.5,"tetrachoric (z)","sample",300,300,300,300,0,0.107900482464141,0.0222800425446287,0.385901656820931,0.0157806922764597,0.372936959202861,0.966404141083837,0.0395192041692037,0.335008953638432,0.993333333333333,0.00469830544708134,1.44792670506512,"03b_2x2_to_cor_CONT",300
0.75,25,0.5,0.5,"tetrachoric (z)","sample",300,300,300,300,0,0.329001070498344,0.0243773787153344,0.422228584903073,0.0172662108361257,0.452282772272991,1.07117989744067,0.0438038034702833,0.508416119962616,0.99,0.00574456264653803,1.74054396157083,"03b_2x2_to_cor_CONT",300
0,50,0.5,0.5,"tetrachoric (z)","sample",300,300,300,300,0,-0.00472745016161806,0.0137107509747644,0.237477172982165,0.00971116377262433,0.228515600907053,0.962263437944054,0.039349878225917,0.187579854173871,0.99,0.00574456264653803,0.895412659535353,"03b_2x2_to_cor_CONT",300
0.1,50,0.5,0.5,"tetrachoric (z)","sample",300,300,300,300,0,-0.000614766227613783,0.0137972156047177,0.238974784303532,0.00977240565379924,0.22925369981225,0.959321714549871,0.0392295822105319,0.180608096127095,0.993333333333333,0.00469830544708134,0.898075349121309,"03b_2x2_to_cor_CONT",300
0.25,50,0.5,0.5,"tetrachoric (z)","sample",300,300,300,300,0,0.0302092191028996,0.0146554909427133,0.253840549226449,0.0103803119883698,0.234335394150099,0.923159813765807,0.0377508121189332,0.194239714849691,0.99,0.00574456264653803,0.917406198477051,"03b_2x2_to_cor_CONT",300
0.5,50,0.5,0.5,"tetrachoric (z)","sample",300,300,300,300,0,0.0600588299385406,0.0144309205656456,0.249950876196888,0.0102212514296741,0.251724536480737,1.00709603547239,0.0411832194750253,0.220986623445717,0.983333333333333,0.00739118594202783,0.982771087433555,"03b_2x2_to_cor_CONT",300
0.75,50,0.5,0.5,"tetrachoric (z)","sample",300,300,300,300,0,0.290654566835965,0.0180046878591263,0.311850341464253,0.0127525088010696,0.303915170534937,0.974554554303013,0.039852499351187,0.406736088124719,0.913333333333333,0.0162435172253995,1.17785898786921,"03b_2x2_to_cor_CONT",300
0,100,0.5,0.5,"tetrachoric (z)","sample",300,300,300,300,0,0.0136821762608312,0.00892517731420705,0.154588605747678,0.00632159819381922,0.159149422232779,1.02950292787132,0.0420995054446999,0.116391258634503,0.996666666666667,0.00332777314041597,0.62381255603065,"03b_2x2_to_cor_CONT",300
0.1,100,0.5,0.5,"tetrachoric (z)","sample",300,300,300,300,0,0.00585512931681895,0.00964044079528882,0.166977332648,0.00682821091095974,0.160007908326814,0.95826125492208,0.039186216791488,0.127679545111554,0.986666666666667,0.0066220730781117,0.627121973007181,"03b_2x2_to_cor_CONT",300
0.25,100,0.5,0.5,"tetrachoric (z)","sample",300,300,300,300,0,0.0111785190428111,0.00896066737564602,0.155203311643438,0.00634673538722085,0.162280832552445,1.0456016101336,0.0427578295185855,0.129146913154868,0.983333333333333,0.00739118594202783,0.635914134782497,"03b_2x2_to_cor_CONT",300
0.5,100,0.5,0.5,"tetrachoric (z)","sample",300,300,300,300,0,0.0544404675748734,0.00998138784150336,0.172882708715341,0.00706969969663429,0.173807224473355,1.00534764734359,0.0411117225675808,0.151724109242004,0.97,0.00984885780179611,0.680260824411228,"03b_2x2_to_cor_CONT",300
0.75,100,0.5,0.5,"tetrachoric (z)","sample",300,300,300,300,0,0.26553076679562,0.012099664286302,0.209572332984017,0.00857005000632878,0.207823476908683,0.99165511949773,0.0405517934649114,0.327194030665254,0.83,0.0216871697861508,0.810874015032283,"03b_2x2_to_cor_CONT",300
0,300,0.5,0.5,"tetrachoric (z)","sample",300,300,300,300,0,-0.00273944328982636,0.00558472293186285,0.0967302386418148,0.00395559361524926,0.0911350835535238,0.942157125146673,0.0385276699522248,0.0715429434207761,0.983333333333333,0.00739118594202783,0.357239230985521,"03b_2x2_to_cor_CONT",300
0.1,300,0.5,0.5,"tetrachoric (z)","sample",300,300,300,300,0,-0.00208927848903812,0.00522947996366401,0.0905772499422951,0.00370397919605357,0.0913202096815436,1.00820249830638,0.0412284661050668,0.0668705146177478,1,0,0.35796217003753,"03b_2x2_to_cor_CONT",300
0.25,300,0.5,0.5,"tetrachoric (z)","sample",300,300,300,300,0,0.00526153955876768,0.00553639627007671,0.0958931963060769,0.00392136440869061,0.0928121678797401,0.967870208262715,0.0395791561144663,0.075409607975579,0.996666666666667,0.00332777314041597,0.363775149478126,"03b_2x2_to_cor_CONT",300
0.5,300,0.5,0.5,"tetrachoric (z)","sample",300,300,300,300,0,0.0511594282740468,0.00609025476915383,0.105486306912131,0.00431365587407405,0.0992221359044352,0.940616263939227,0.0384646594516849,0.101179537101233,0.96,0.0113137084989848,0.388758733483979,"03b_2x2_to_cor_CONT",300
0.75,300,0.5,0.5,"tetrachoric (z)","sample",300,300,300,300,0,0.231254992005888,0.00646510077796006,0.111978830234799,0.00457915489653693,0.116534036797176,1.04067917616951,0.0425565362246454,0.253184351596529,0.463333333333333,0.0287897872838938,0.456267894243803,"03b_2x2_to_cor_CONT",300
