"rho","n","p_exp","p_case","method","target","n_sim","n_valid","n_valid_se","n_valid_ci","nonest_rate","bias","bias_mcse","emp_se","emp_se_mcse","mod_se","se_ratio","se_ratio_mcse","rmse","coverage","coverage_mcse","ci_width","study","nrep"
0,25,0.3,0.1,"phi (r)","own",1000,920,433,433,0.08,0.00667210175477121,0.00690988799364594,0.209587279952658,0.00488868627463594,0.193218660040295,0.921900699717749,0.0215036108026473,0.209579575120514,0.983833718244804,0.006060688664558,0.752280281925142,"03b_2x2_to_cor_CONT",1000
0.1,25,0.3,0.1,"phi (r)","own",1000,911,458,458,0.089,0.00738208757998404,0.00713721729049523,0.215421034636219,0.00504954693668557,0.193465204575095,0.898079451255998,0.0210513070353044,0.215429286565512,0.995633187772926,0.0030810532346973,0.753562448283349,"03b_2x2_to_cor_CONT",1000
0.25,25,0.3,0.1,"phi (r)","own",1000,916,502,502,0.084,0.00632198076652043,0.00729329027504213,0.220735017749785,0.00515995234765337,0.193038622746616,0.874526501116536,0.0204431318533996,0.220705059794229,0.99601593625498,0.00281154102060576,0.753322584231082,"03b_2x2_to_cor_CONT",1000
0.5,25,0.3,0.1,"phi (r)","own",1000,946,500,500,0.054,-0.00412364392291303,0.00711115445661613,0.218718581171641,0.00503100533515914,0.191626557569796,0.876132958358101,0.0201529726655885,0.218641838794025,1,0,0.752115514349963,"03b_2x2_to_cor_CONT",1000
0,50,0.3,0.1,"phi (r)","own",1000,996,735,735,0.004,-0.0107409252937711,0.00451047718450063,0.14234825890812,0.00319099130910135,0.140089008384225,0.98412870981897,0.0220610085726193,0.142681638222679,0.989115646258503,0.00382720028487931,0.54653471889204,"03b_2x2_to_cor_CONT",1000
0.1,50,0.3,0.1,"phi (r)","own",1000,998,821,821,0.002,0.00953360802731405,0.00451468039765329,0.14262389145851,0.00319396170633417,0.140463155184704,0.984850109952058,0.022055025322184,0.142870856922237,0.991473812423873,0.00320882835583753,0.548225061021087,"03b_2x2_to_cor_CONT",1000
0.25,50,0.3,0.1,"phi (r)","own",1000,994,857,857,0.00600000000000001,-0.00189088639990214,0.00500167759419334,0.157691718500745,0.00353850052189671,0.140950689027066,0.893836977408554,0.0200571256443997,0.157623718888812,0.983663943990665,0.00433018620647245,0.550784420083686,"03b_2x2_to_cor_CONT",1000
0.5,50,0.3,0.1,"phi (r)","own",1000,999,805,805,0.001,-0.0019163257857077,0.00493562804511652,0.156000204408651,0.00349176412737357,0.14208471267685,0.910798246806467,0.0203864646045117,0.155933882321509,0.968944099378882,0.00611397255836041,0.557361806204523,"03b_2x2_to_cor_CONT",1000
0,100,0.3,0.1,"phi (r)","own",1000,1000,931,931,0,-4.15783069518974e-05,0.00318201665365461,0.100624201781357,0.00225115141088786,0.100216199603211,0.995945287804289,0.0222811570190574,0.100573885690605,0.975295381310419,0.00508724110148977,0.39177498372782,"03b_2x2_to_cor_CONT",1000
0.1,100,0.3,0.1,"phi (r)","own",1000,1000,971,971,0,0.00366851697952905,0.00330738748502709,0.104588775574217,0.00233984633446854,0.100207290282027,0.95810749989056,0.0214346550032506,0.104600818261459,0.973223480947477,0.00518052451725654,0.391801357090987,"03b_2x2_to_cor_CONT",1000
0.25,100,0.3,0.1,"phi (r)","own",1000,1000,989,989,0,0.00451487580903192,0.00340500206400183,0.107675619598202,0.00240890480307517,0.100767189047176,0.935840345504349,0.0209364971532943,0.107716429203589,0.955510616784631,0.0065561337527624,0.394158790431389,"03b_2x2_to_cor_CONT",1000
0.5,100,0.3,0.1,"phi (r)","own",1000,1000,961,961,0,0.000533563708900372,0.00350698417046409,0.110900576968227,0.00248105312529849,0.10386433867742,0.936553636751384,0.0209524548112802,0.110846396983146,0.94901144640999,0.00709594723868219,0.406863815164598,"03b_2x2_to_cor_CONT",1000
0,300,0.3,0.1,"phi (r)","own",1000,1000,995,995,0,0.00278427565076089,0.0019045167489076,0.0602261076848701,0.00134737056182241,0.0578037384949994,0.959778752388489,0.0214720440443765,0.0602603439562214,0.942713567839196,0.0073672299568614,0.22637449219002,"03b_2x2_to_cor_CONT",1000
0.1,300,0.3,0.1,"phi (r)","own",1000,1000,998,998,0,-0.00132740461900926,0.00189788992224139,0.0600165490256264,0.00134268234305328,0.0577931435894698,0.962953460799499,0.0215430682034962,0.0600012181027272,0.944889779559118,0.00722339524888972,0.22634258605976,"03b_2x2_to_cor_CONT",1000
0.25,300,0.3,0.1,"phi (r)","own",1000,1000,999,999,0,-0.00109604152214014,0.00193771368270752,0.0612758869062858,0.00137085608452545,0.0581788940800638,0.949458212967876,0.0212411542935359,0.0612550478642702,0.944944944944945,0.00721637527017407,0.227876750476238,"03b_2x2_to_cor_CONT",1000
0.5,300,0.3,0.1,"phi (r)","own",1000,1000,1000,1000,0,-0.00100710575344725,0.00199922454977653,0.0632210313141849,0.00141437259944635,0.0599307916532187,0.947956564570815,0.0212075596130529,0.0631974379514498,0.933,0.00790638982089803,0.234827243725521,"03b_2x2_to_cor_CONT",1000
0,25,0.5,0.1,"phi (r)","own",1000,944,543,543,0.056,0.00680487504886076,0.00661405126023688,0.203213966855014,0.00467931960712857,0.192844777598785,0.948974032559353,0.0218516121993673,0.203220267137184,0.998158379373849,0.00183992406141857,0.749605941218862,"03b_2x2_to_cor_CONT",1000
0.1,25,0.5,0.1,"phi (r)","own",1000,935,517,517,0.0649999999999999,0.0127599938055177,0.00650684717484316,0.198964874403938,0.0046034981837886,0.192892389410015,0.969479612860741,0.0224310831265811,0.199267407340826,1,0,0.749781464674339,"03b_2x2_to_cor_CONT",1000
0.25,25,0.5,0.1,"phi (r)","own",1000,923,453,453,0.077,0.00768073501397656,0.00632391399153766,0.192126293835835,0.00447410680036962,0.192807072622156,1.00354339207158,0.0233698377525045,0.192175738805074,0.997792494481236,0.00220506763230084,0.749564854558955,"03b_2x2_to_cor_CONT",1000
0,50,0.5,0.1,"phi (r)","own",1000,997,803,803,0.003,-0.00383136735793634,0.00462127385562696,0.145918139833796,0.00326937409824183,0.140293796083414,0.96145548622818,0.02154192526623,0.14589525947178,0.991282689912827,0.00328044103586846,0.547348832016526,"03b_2x2_to_cor_CONT",1000
0.1,50,0.5,0.1,"phi (r)","own",1000,991,813,813,0.00900000000000001,-0.000682066925269823,0.00450893266068301,0.141941887668605,0.00318990670479821,0.140400119132007,0.989138029922515,0.0222292241243641,0.141871893680457,0.998769987699877,0.00122925560223524,0.547792937814945,"03b_2x2_to_cor_CONT",1000
0.25,50,0.5,0.1,"phi (r)","own",1000,991,731,731,0.00900000000000001,-0.00126212761203577,0.00451717772056547,0.14220144341089,0.00319573978632321,0.140998734999554,0.991542220792653,0.0222832542961635,0.142135282670034,0.9890560875513,0.00384802669933792,0.550444749159433,"03b_2x2_to_cor_CONT",1000
0,100,0.5,0.1,"phi (r)","own",1000,1000,981,981,0,-0.0015206720600032,0.00315070328203418,0.0996339860259587,0.00222899843421439,0.100214881634833,1.00583029578605,0.0225023031178173,0.09959576639478,0.980632008154944,0.00440008256072875,0.391750321870433,"03b_2x2_to_cor_CONT",1000
0.1,100,0.5,0.1,"phi (r)","own",1000,1000,980,980,0,-0.00375652820669782,0.00315784578157488,0.0998598516933121,0.0022340514712247,0.10041497593598,1.00555903331774,0.0224962344695455,0.0998805761617233,0.975510204081633,0.00493736749388141,0.392540970478128,"03b_2x2_to_cor_CONT",1000
0.25,100,0.5,0.1,"phi (r)","own",1000,1000,968,968,0,-0.00117812711422062,0.00286310365022452,0.0905392871185154,0.00202553302614509,0.101603199245963,1.12220012416229,0.0251057136164483,0.0905016747519862,0.978305785123967,0.00468243331318042,0.397175163489352,"03b_2x2_to_cor_CONT",1000
0,300,0.5,0.1,"phi (r)","own",1000,1000,996,996,0,0.000560882796034151,0.00183396378686239,0.0579950271275273,0.00129745712096472,0.0577165081025791,0.995197536086401,0.0222644284159488,0.0579687358656543,0.959839357429719,0.00622113941824714,0.226037568645996,"03b_2x2_to_cor_CONT",1000
0.1,300,0.5,0.1,"phi (r)","own",1000,1000,997,997,0,-0.000136101940452382,0.00180280091661274,0.0570095706433553,0.00127541061808132,0.0578322837071439,1.01443113944736,0.0226947200612587,0.0569812212709852,0.958876629889669,0.00628894992941937,0.226490079080502,"03b_2x2_to_cor_CONT",1000
0.25,300,0.5,0.1,"phi (r)","own",1000,1000,1000,1000,0,-0.00242664678634299,0.00177064380288221,0.0559926734197001,0.00125266072710843,0.058500536350617,1.04478912646515,0.0233738849549619,0.0560172554828793,0.965,0.00581162627841812,0.229100470540118,"03b_2x2_to_cor_CONT",1000
0,25,0.3,0.3,"phi (r)","own",1000,1000,890,890,0,0.00442917357389522,0.00623792012440806,0.197260354553304,0.00441308271373717,0.190958653070855,0.968053887479221,0.0216571742785052,0.197211443404191,0.980898876404494,0.0045882447101377,0.743865028482139,"03b_2x2_to_cor_CONT",1000
0.1,25,0.3,0.3,"phi (r)","own",1000,1000,913,913,0,0.00707734348476427,0.00651676540444504,0.206078216550347,0.00461035476284908,0.189863800919628,0.921319119011505,0.0206116301836341,0.206096705204223,0.95947426067908,0.00652599518191382,0.740633550401539,"03b_2x2_to_cor_CONT",1000
0.25,25,0.3,0.3,"phi (r)","own",1000,1000,941,941,0,0.00351198841080366,0.0065021972799652,0.205617532004416,0.00460004838876423,0.188382050491859,0.91617698479045,0.0204965910329946,0.205544703071417,0.9798087141339,0.00458519516585767,0.737158953734455,"03b_2x2_to_cor_CONT",1000
0.5,25,0.3,0.3,"phi (r)","own",1000,1000,939,939,0,0.00236232504667822,0.00669910612001787,0.211844336264298,0.00473935363488598,0.182172185065405,0.859934177509123,0.0192383343440247,0.211751565198654,0.965921192758253,0.00592079799714796,0.721699209432966,"03b_2x2_to_cor_CONT",1000
0.75,25,0.3,0.3,"phi (r)","own",1000,1000,851,851,0,-0.00633338933386303,0.00611482878043909,0.193367864481372,0.00432600043768259,0.168567668221494,0.871746030156594,0.0195025875582795,0.19337489936268,0.950646298472385,0.00742513861939294,0.68719768030914,"03b_2x2_to_cor_CONT",1000
0,50,0.3,0.3,"phi (r)","own",1000,1000,986,986,0,0.00614596637588616,0.00457898894009781,0.144800344314294,0.00323945426278713,0.138314735968171,0.955209993616824,0.021369832373896,0.14485836350214,0.968559837728195,0.00555734246214042,0.539905439479735,"03b_2x2_to_cor_CONT",1000
0.1,50,0.3,0.3,"phi (r)","own",1000,1000,987,987,0,-0.00117272658051672,0.00433098959858866,0.136957916540385,0.00306400449985255,0.138025581412595,1.00779556888115,0.0225462699490816,0.136894443714172,0.971631205673759,0.00528460571691962,0.538845929978277,"03b_2x2_to_cor_CONT",1000
0.25,50,0.3,0.3,"phi (r)","own",1000,1000,993,993,0,0.0119354805989327,0.00460952973618564,0.145766129086217,0.00326106067271079,0.136526149614347,0.936610929234427,0.0209537365511773,0.146181299493192,0.945619335347432,0.00719624272310361,0.533976305088258,"03b_2x2_to_cor_CONT",1000
0.5,50,0.3,0.3,"phi (r)","own",1000,1000,1000,1000,0,-0.0016682238290615,0.00454439691076921,0.143706448298637,0.00321498176496437,0.132312744822824,0.920715433366393,0.020598124607762,0.143644264452396,0.941,0.00745110730026082,0.520588605942987,"03b_2x2_to_cor_CONT",1000
0.75,50,0.3,0.3,"phi (r)","own",1000,1000,986,986,0,-0.00106114484422255,0.00444179740915452,0.140461967179631,0.0031423966599961,0.120859743569684,0.860444617119172,0.0192497538318615,0.14039572888136,0.931034482758621,0.00806975639212258,0.484689725270736,"03b_2x2_to_cor_CONT",1000
0,100,0.3,0.3,"phi (r)","own",1000,1000,992,992,0,0.00528471042596556,0.00321659044144767,0.101717520949011,0.00227561100354294,0.0988485207503687,0.971794434509659,0.0217408573048149,0.10180390846245,0.942540322580645,0.00738883085893255,0.386533315500041,"03b_2x2_to_cor_CONT",1000
0.1,100,0.3,0.3,"phi (r)","own",1000,1000,993,993,0,0.00103962733297566,0.0032141727930209,0.10164106819291,0.00227390061253644,0.0986732399360028,0.970800894661257,0.0217186299619698,0.10159555433996,0.950654582074522,0.00687321872229231,0.385884985581468,"03b_2x2_to_cor_CONT",1000
0.25,100,0.3,0.3,"phi (r)","own",1000,1000,997,997,0,-0.00209020057002288,0.00325343000597357,0.102882490268117,0.00230167354396482,0.0979350983853033,0.951912207121732,0.0212960547280632,0.102852277249404,0.946840521564694,0.00710527995913498,0.383246105634982,"03b_2x2_to_cor_CONT",1000
0.5,100,0.3,0.3,"phi (r)","own",1000,1000,1000,1000,0,0.00161525286255984,0.00327420965028887,0.103539600318162,0.00231637432359915,0.0947137909224833,0.914759093442911,0.02046487015421,0.103500422351895,0.934,0.00785136930732467,0.371749889338621,"03b_2x2_to_cor_CONT",1000
0.75,100,0.3,0.3,"phi (r)","own",1000,1000,999,999,0,-0.00194608175495694,0.00303349652230058,0.0959275828466959,0.0021460792696535,0.0865519084584148,0.902262997669142,0.0201853091427067,0.0958993549710105,0.941941941941942,0.00739878787468595,0.342799357416622,"03b_2x2_to_cor_CONT",1000
0,300,0.3,0.3,"phi (r)","own",1000,1000,1000,1000,0,0.00130717833065635,0.00179405637239907,0.056733043875203,0.00126922419758551,0.0575064998759868,1.01363325406063,0.022676869874303,0.0567197350510958,0.953,0.00669260786241059,0.22521914158139,"03b_2x2_to_cor_CONT",1000
0.1,300,0.3,0.3,"phi (r)","own",1000,1000,997,997,0,0.0013869664613584,0.00186827490568891,0.0590800399731322,0.00132173088567514,0.0574286604123494,0.972048435283154,0.0217465397767202,0.059066778717555,0.94383149448345,0.00729199039194482,0.22492390599273,"03b_2x2_to_cor_CONT",1000
0.25,300,0.3,0.3,"phi (r)","own",1000,1000,999,999,0,0.00165494465880074,0.00190016148047055,0.0600883820040448,0.00134428938100094,0.0570475010875793,0.949393196903507,0.021239699762693,0.06008112748639,0.948948948948949,0.00696371557232245,0.223479487657418,"03b_2x2_to_cor_CONT",1000
0.5,300,0.3,0.3,"phi (r)","own",1000,1000,1000,1000,0,-0.00129178832306572,0.00194691150422536,0.0615667475613668,0.00137736318085482,0.0552790150233827,0.897871289502231,0.0200870584250749,0.0615495138725838,0.925,0.00832916562447884,0.216754970878758,"03b_2x2_to_cor_CONT",1000
0.75,300,0.3,0.3,"phi (r)","own",1000,1000,1000,1000,0,0.000434051765874054,0.00169637484712833,0.0536440828234548,0.00120011836711214,0.05031613648872,0.937962471169704,0.0209839730696352,0.0536190109502513,0.939,0.00756828910652864,0.19787391999358,"03b_2x2_to_cor_CONT",1000
0,25,0.5,0.3,"phi (r)","own",1000,998,956,956,0.002,-0.00331006057041969,0.00657782674557454,0.207801032445477,0.0046535579234327,0.189892601451006,0.913819335815043,0.0204643411090072,0.207723272123494,0.960251046025105,0.00631867910902604,0.740274562757065,"03b_2x2_to_cor_CONT",1000
0.1,25,0.5,0.3,"phi (r)","own",1000,1000,940,940,0,-0.00176372593606157,0.00645404778509981,0.204094911284803,0.00456598451823883,0.189855032468621,0.930229133462758,0.0208109638553342,0.204000462765938,0.967021276595745,0.00582466574759015,0.740257660722135,"03b_2x2_to_cor_CONT",1000
0.25,25,0.5,0.3,"phi (r)","own",1000,1000,921,921,0,0.000358877810854849,0.00626634525392145,0.19815923607378,0.00443319237291675,0.188881896652259,0.953182402166373,0.0213244713645804,0.19806045681,0.9728555917481,0.00535469284398,0.738019205457103,"03b_2x2_to_cor_CONT",1000
0.5,25,0.5,0.3,"phi (r)","own",1000,999,863,863,0.001,0.00643415599592904,0.00577389925708906,0.182495410129632,0.00408480827904375,0.184236217433803,1.00953891006319,0.0225965841821099,0.18251749277571,0.973348783314021,0.00548261017156255,0.7266504359062,"03b_2x2_to_cor_CONT",1000
0,50,0.5,0.3,"phi (r)","own",1000,1000,981,981,0,-0.000402204799383167,0.00457783307556969,0.144763792668539,0.00323863653417459,0.137796138346051,0.951868805078615,0.0212950837432617,0.144691951679465,0.946992864424057,0.00715329305872994,0.537941189066835,"03b_2x2_to_cor_CONT",1000
0.1,50,0.5,0.3,"phi (r)","own",1000,1000,982,982,0,0.00156355244905294,0.00449747415757886,0.142222620556962,0.0031817857658404,0.137634982193401,0.967743258100605,0.0216502249188923,0.14216009011165,0.955193482688391,0.00660177206646284,0.537430666480429,"03b_2x2_to_cor_CONT",1000
0.25,50,0.5,0.3,"phi (r)","own",1000,1000,987,987,0,0.0026080587590498,0.00437431950909888,0.138328128620621,0.00309465870433847,0.13687106013635,0.989466578498529,0.022136216186373,0.138283543731733,0.966565349544073,0.00572209980205677,0.535177556347021,"03b_2x2_to_cor_CONT",1000
0.5,50,0.5,0.3,"phi (r)","own",1000,1000,986,986,0,-0.000645496081170614,0.00420775768822428,0.133060981368734,0.00297682277861154,0.134291269175652,1.00924604489057,0.022578719807637,0.132996000703925,0.96551724137931,0.00581088874185175,0.528242840022503,"03b_2x2_to_cor_CONT",1000
0,100,0.5,0.3,"phi (r)","own",1000,1000,994,994,0,0.00271449801951628,0.00320181934685505,0.101250417924546,0.00226516103610033,0.0986577522169071,0.974393530804276,0.0217990039453554,0.101236179216046,0.950704225352113,0.00686648329252985,0.385787170690497,"03b_2x2_to_cor_CONT",1000
0.1,100,0.5,0.3,"phi (r)","own",1000,1000,991,991,0,0.00552806363642742,0.00321876137279638,0.101786171826069,0.00227714685193737,0.0985006899555094,0.967721726717715,0.0216497432216255,0.101885346531282,0.949545913218971,0.00695295361583676,0.385232450649193,"03b_2x2_to_cor_CONT",1000
0.25,100,0.5,0.3,"phi (r)","own",1000,1000,996,996,0,-0.00045378818327899,0.00312144882275127,0.0987088787954524,0.0022083020568985,0.097895387473163,0.99175868136467,0.0221874948102992,0.0986605556137687,0.959839357429719,0.00622113941824714,0.383106419208419,"03b_2x2_to_cor_CONT",1000
0.5,100,0.5,0.3,"phi (r)","own",1000,1000,999,999,0,-0.00582442322200115,0.00285143932822112,0.0901704288695918,0.0020172809779024,0.0959728092160693,1.06434903791873,0.0238114767220125,0.0903133403332674,0.965965965965966,0.00573660415128958,0.376634435683296,"03b_2x2_to_cor_CONT",1000
0,300,0.5,0.3,"phi (r)","own",1000,1000,998,998,0,0.000188381243496555,0.00184218068082597,0.0582548681296975,0.00130327024969803,0.0574728047195053,0.986575140665481,0.0220715293193755,0.0582260381499595,0.94689378757515,0.00709836009644863,0.225087643679893,"03b_2x2_to_cor_CONT",1000
0.1,300,0.5,0.3,"phi (r)","own",1000,1000,999,999,0,0.00248726668564465,0.00179756018085626,0.0568438440272997,0.00127170300401879,0.0573906120883863,1.00961877350913,0.0225870584432802,0.0568698327477907,0.952952952952953,0.00669914180415015,0.224775104519201,"03b_2x2_to_cor_CONT",1000
0.25,300,0.5,0.3,"phi (r)","own",1000,1000,1000,1000,0,-0.000783383242200747,0.00177250589379425,0.0560515579046235,0.00125397808306225,0.057001343757894,1.01694486092406,0.0227509567075988,0.0560290019159362,0.96,0.00619677335393187,0.223298487587142,"03b_2x2_to_cor_CONT",1000
0.5,300,0.5,0.3,"phi (r)","own",1000,1000,1000,1000,0,0.000803235373752313,0.00174931871284726,0.0553183148615141,0.00123757406611804,0.0556521307933248,1.00603445590572,0.0225068705611691,0.0552964829824116,0.951,0.00682634602111555,0.218226998813881,"03b_2x2_to_cor_CONT",1000
0,25,0.3,0.5,"phi (r)","own",1000,998,952,952,0.002,-0.00636301561326083,0.00653187499213189,0.206349364261226,0.00462104883576594,0.189856104098701,0.920071184994562,0.020604346872901,0.20634408813386,0.970588235294118,0.00547595132009504,0.740116684552329,"03b_2x2_to_cor_CONT",1000
0.1,25,0.3,0.5,"phi (r)","own",1000,1000,955,955,0,0.0075422782820111,0.00619192295282343,0.195805796271974,0.00438054152713129,0.190001734629518,0.97035807032804,0.0217087231542153,0.195853148827205,0.967539267015707,0.00573471415031085,0.740527767101489,"03b_2x2_to_cor_CONT",1000
0.25,25,0.3,0.5,"phi (r)","own",1000,1000,930,930,0,-0.0115177868773538,0.00654843365788791,0.207079654654337,0.00463275880442957,0.188920056086225,0.91230621570031,0.0204099946958885,0.207296311599941,0.967741935483871,0.00579371942021854,0.738067256252808,"03b_2x2_to_cor_CONT",1000
0.5,25,0.3,0.5,"phi (r)","own",1000,1000,854,854,0,-0.00367850138585758,0.00586275974162843,0.185396741578861,0.00414767152425342,0.185100967728048,0.998404643747811,0.0223361774068381,0.185340527701625,0.970725995316159,0.00576846767869948,0.729338017692148,"03b_2x2_to_cor_CONT",1000
0,50,0.3,0.5,"phi (r)","own",1000,1000,982,982,0,-0.00388643162625004,0.00462955402767251,0.146399352782513,0.00327522706997993,0.13770300370793,0.940598445899535,0.0210429447496791,0.146377737635984,0.95213849287169,0.0068122017686336,0.537587514666138,"03b_2x2_to_cor_CONT",1000
0.1,50,0.3,0.5,"phi (r)","own",1000,1000,985,985,0,-0.0018140752677876,0.00458199213713999,0.14489531374345,0.0032415789063684,0.137713956897371,0.950437618301489,0.0212630654208747,0.144834209225394,0.958375634517767,0.00636390341540823,0.537756123249931,"03b_2x2_to_cor_CONT",1000
0.25,50,0.3,0.5,"phi (r)","own",1000,1000,990,990,0,0.00019553341384062,0.00451151697384808,0.142666693398702,0.00319172050506339,0.136811359249882,0.958957945899425,0.0214536810695334,0.14259547627197,0.95959595959596,0.00625804967868408,0.53495914512381,"03b_2x2_to_cor_CONT",1000
0.5,50,0.3,0.5,"phi (r)","own",1000,1000,986,986,0,-0.0058183960503595,0.00426038852701219,0.134725314626083,0.00301405702339701,0.134477293004797,0.998159057026706,0.0223306831730065,0.134783579204942,0.961460446247465,0.0061302839979588,0.528826709146313,"03b_2x2_to_cor_CONT",1000
0,100,0.3,0.5,"phi (r)","own",1000,1000,987,987,0,-0.00199342026623378,0.00319504816591766,0.101036294382434,0.0022603706923719,0.0986610432448742,0.976491109931558,0.0218459307097743,0.101005436359184,0.947315096251266,0.00711101751345879,0.385800718867046,"03b_2x2_to_cor_CONT",1000
0.1,100,0.3,0.5,"phi (r)","own",1000,1000,989,989,0,0.00231652268151893,0.00303722278589095,0.0960454176477733,0.00214871545432876,0.0985497328322903,1.02607428075019,0.0229551988874954,0.0960253289826078,0.957532861476239,0.00641217250137789,0.385404917483088,"03b_2x2_to_cor_CONT",1000
0.25,100,0.3,0.5,"phi (r)","own",1000,1000,997,997,0,0.00163680972722919,0.00305290120073642,0.0965412126579001,0.00215980731510182,0.0978912444213036,1.01398399425733,0.0226847165878636,0.0965068115823935,0.961885656970913,0.00606398843598862,0.383096054524928,"03b_2x2_to_cor_CONT",1000
0.5,100,0.3,0.5,"phi (r)","own",1000,1000,1000,1000,0,-0.000406258138793812,0.00282118434074811,0.0892136821596459,0.00199587676631286,0.0958528516810312,1.07441873668553,0.0240367546987299,0.0891699896213585,0.973,0.00512552436341883,0.37622909901689,"03b_2x2_to_cor_CONT",1000
0,300,0.3,0.5,"phi (r)","own",1000,1000,995,995,0,-0.00184236075525525,0.00190756997922912,0.060322659305241,0.0013495306019775,0.0574672330676497,0.952664118749433,0.0213128763961271,0.0603206324202841,0.94070351758794,0.00748737024270694,0.225066441779731,"03b_2x2_to_cor_CONT",1000
0.1,300,0.3,0.5,"phi (r)","own",1000,1000,997,997,0,-0.000548043509433991,0.00175861155696288,0.0556121803949765,0.00124414838719144,0.0574014960168072,1.03217488703234,0.0230916808490537,0.055587069048146,0.961885656970913,0.00606398843598862,0.224816499662638,"03b_2x2_to_cor_CONT",1000
0.25,300,0.3,0.5,"phi (r)","own",1000,1000,1000,1000,0,0.00108196116524971,0.00187085652002506,0.0591616777865559,0.00132355727610227,0.0569817646495043,0.963153290802259,0.0215475387740417,0.0591419872371977,0.945,0.00720936890441875,0.22322382368661,"03b_2x2_to_cor_CONT",1000
0.5,300,0.3,0.5,"phi (r)","own",1000,1000,1000,1000,0,-0.00113777040822788,0.00169163127204391,0.0534940778082667,0.00119676247463695,0.0556543736208903,1.04038383127879,0.0232753302703175,0.0534794284346624,0.96,0.00619677335393187,0.218231999961918,"03b_2x2_to_cor_CONT",1000
0,25,0.5,0.5,"phi (r)","own",1000,1000,986,986,0,-0.0064967644484537,0.00630784596264314,0.199471603714497,0.0044625524892079,0.188922684112187,0.947115682604085,0.0211887475122632,0.199477667211253,0.96551724137931,0.00581088874185175,0.736312743301126,"03b_2x2_to_cor_CONT",1000
0.1,25,0.5,0.5,"phi (r)","own",1000,1000,988,988,0,0.00858539347748541,0.00659456198447832,0.208538360421115,0.00466539277803452,0.187977127417015,0.901403113736108,0.0201660719324255,0.208610806288943,0.947368421052632,0.00710402006314496,0.733520076975416,"03b_2x2_to_cor_CONT",1000
0.25,25,0.5,0.5,"phi (r)","own",1000,1000,986,986,0,0.0104930857695832,0.00632947433798238,0.200155552996107,0.00447785371260163,0.18633823000082,0.930967076414032,0.0208274730180058,0.200330447008811,0.954361054766734,0.00664638808339019,0.729191498297203,"03b_2x2_to_cor_CONT",1000
0.5,25,0.5,0.5,"phi (r)","own",1000,1000,977,977,0,-0.00675662803843277,0.00602121526392631,0.19040754516179,0.00425977256312577,0.179491315313088,0.942669131943137,0.0210892698655661,0.190432219552612,0.96417604912999,0.00594590037188809,0.710113801172837,"03b_2x2_to_cor_CONT",1000
0.75,25,0.5,0.5,"phi (r)","own",1000,1000,905,905,0,0.00120757366424873,0.00552114105336352,0.1745938101169,0.00390598976209483,0.16217960827464,0.928896666875257,0.0207811540880484,0.174510669492611,0.959116022099447,0.0065824543485211,0.663407703113777,"03b_2x2_to_cor_CONT",1000
0,50,0.5,0.5,"phi (r)","own",1000,1000,971,971,0,-0.000770338920097494,0.00441821510838406,0.139716229350613,0.00312571311134452,0.137303889950242,0.982734007268992,0.0219855959881109,0.139648478478145,0.955715756951596,0.00660205854253086,0.535942833488133,"03b_2x2_to_cor_CONT",1000
0.1,50,0.5,0.5,"phi (r)","own",1000,1000,976,976,0,-0.00173842586917522,0.0045750851430117,0.144676895411142,0.00323669248015846,0.136958189874757,0.946648664844168,0.0211782994523478,0.144614988110649,0.949795081967213,0.00698977475056495,0.534786641892944,"03b_2x2_to_cor_CONT",1000
0.25,50,0.5,0.5,"phi (r)","own",1000,1000,985,985,0,0.000230305673936971,0.00451317005434432,0.142718968393939,0.00319288999438305,0.135426755668732,0.948905090842033,0.0212287799180681,0.142647776975999,0.937055837563452,0.00773824275043629,0.529539746652014,"03b_2x2_to_cor_CONT",1000
0.5,50,0.5,0.5,"phi (r)","own",1000,1000,998,998,0,-0.00836934108210572,0.00425116386518533,0.134433605205906,0.00300753093860652,0.130065649652185,0.967508454846311,0.0216449719313622,0.134626771797431,0.956913827655311,0.00642747064210201,0.511581084958773,"03b_2x2_to_cor_CONT",1000
0.75,50,0.5,0.5,"phi (r)","own",1000,1000,999,999,0,0.000621546302982604,0.00379852206138962,0.120119814563891,0.00268730469652471,0.116106564801516,0.966589610740357,0.0216244156718453,0.12006134848826,0.971971971971972,0.00522204245485312,0.465841602277338,"03b_2x2_to_cor_CONT",1000
0,100,0.5,0.5,"phi (r)","own",1000,1000,987,987,0,0.00421004824743297,0.00325878638153694,0.103051873735952,0.00230546296863451,0.098485218180819,0.95568585616566,0.0213804783082661,0.103086340016783,0.945288753799392,0.00723872324548366,0.385115400895277,"03b_2x2_to_cor_CONT",1000
0.1,100,0.5,0.5,"phi (r)","own",1000,1000,989,989,0,0.00865935587400076,0.00321400440576872,0.101635743320452,0.00227378148518998,0.0982388767203637,0.966578031614549,0.0216241566251652,0.10195331745526,0.948432760364004,0.0070322138606502,0.384209788395898,"03b_2x2_to_cor_CONT",1000
0.25,100,0.5,0.5,"phi (r)","own",1000,1000,997,997,0,-0.00498276502383058,0.00307890772169435,0.0973636110603396,0.00217820590402167,0.0973423216366617,0.999781341063195,0.022366976698152,0.0974423985400251,0.955867602808425,0.00650474163213284,0.380929467833782,"03b_2x2_to_cor_CONT",1000
0.5,100,0.5,0.5,"phi (r)","own",1000,1000,1000,1000,0,-0.000463680291527975,0.00292215534069646,0.0924066655342614,0.00206730977051522,0.09296553349061,1.00604791822232,0.0225071717383458,0.0923616145524668,0.957,0.00641490451994416,0.364922900817961,"03b_2x2_to_cor_CONT",1000
0.75,100,0.5,0.5,"phi (r)","own",1000,1000,1000,1000,0,0.00161626716928689,0.00263236759522635,0.0832427723973545,0.00186229635824291,0.0830001599174934,0.997085482944957,0.0223066653148169,0.0832168379404306,0.963,0.00596917079668525,0.328812992213258,"03b_2x2_to_cor_CONT",1000
0,300,0.5,0.5,"phi (r)","own",1000,1000,997,997,0,0.000364676832321934,0.00190878841757765,0.0603611897089395,0.00135039259910257,0.0574387074520567,0.951583421881264,0.0212886991878964,0.0603321037180665,0.938816449348044,0.00759032032720518,0.224954516646665,"03b_2x2_to_cor_CONT",1000
0.1,300,0.5,0.5,"phi (r)","own",1000,1000,998,998,0,-0.000327082542990807,0.00181145536838774,0.0572832484384463,0.00128153330172642,0.0573331070310897,1.00087038696307,0.0223913406898224,0.0572555339168105,0.947895791583166,0.00703479470597396,0.224549522499739,"03b_2x2_to_cor_CONT",1000
0.25,300,0.5,0.5,"phi (r)","own",1000,1000,1000,1000,0,0.000632618735359538,0.00180471015059608,0.057069945923091,0.00127676132590065,0.0566951131023428,0.993432045279082,0.0222249310877569,0.0570449117397966,0.948,0.00702111102319284,0.222101969312452,"03b_2x2_to_cor_CONT",1000
0.5,300,0.5,0.5,"phi (r)","own",1000,1000,1000,1000,0,-0.00159546148979769,0.00171672470873105,0.0542876019507926,0.00121451509241077,0.0542039866365912,0.998459771454315,0.0223374107166391,0.054283902579011,0.948,0.00702111102319284,0.212554286576315,"03b_2x2_to_cor_CONT",1000
0.75,300,0.5,0.5,"phi (r)","own",1000,1000,1000,1000,0,0.00101299390789895,0.00153775079812385,0.0486279499581315,0.00108789810223482,0.0483448937642345,0.994179146064338,0.0222416451282863,0.0486141851342882,0.95,0.00689202437604511,0.190144813011286,"03b_2x2_to_cor_CONT",1000
0,25,0.3,0.1,"phi (z)","own",1000,920,433,433,0.08,0.00908457252877999,0.0072206407106003,0.21901287653892,0.0051085411468969,0.208474467057278,0.951882237938785,0.0222029391894976,0.219082249156821,0.983833718244804,0.006060688664558,0.815775153857265,"03b_2x2_to_cor_CONT",1000
0.1,25,0.3,0.1,"phi (z)","own",1000,911,458,458,0.089,0.0114058310860229,0.00746684266628815,0.225370043697527,0.00528275530611626,0.209542980869472,0.929772996586463,0.0217942151965543,0.225534910467504,0.995633187772926,0.0030810532346973,0.820116496876806,"03b_2x2_to_cor_CONT",1000
0.25,25,0.3,0.1,"phi (z)","own",1000,916,502,502,0.084,0.0141997262074426,0.00779460019424882,0.235907409049348,0.00551462564282776,0.212409510659122,0.90039355489123,0.0210478060288533,0.236205804493781,0.99601593625498,0.00281154102060576,0.830662167397829,"03b_2x2_to_cor_CONT",1000
0.5,25,0.3,0.1,"phi (z)","own",1000,945,500,500,0.055,0.00920330041772934,0.00791449620252569,0.243298358773965,0.0055993573415908,0.220508485704632,0.906329524028947,0.0208585988818229,0.243343692892469,1,0,0.860783233390159,"03b_2x2_to_cor_CONT",1000
0,50,0.3,0.1,"phi (z)","own",1000,996,735,735,0.004,-0.0106073938885487,0.00459520661273538,0.145022274559711,0.00325093416172264,0.145251691639864,1.00158194374519,0.0224522540869759,0.145337059966704,0.989115646258503,0.00382720028487931,0.569000417692652,"03b_2x2_to_cor_CONT",1000
0.1,50,0.3,0.1,"phi (z)","own",1000,998,821,821,0.002,0.0108510376959356,0.00461375062419381,0.145753632656632,0.00326405005854017,0.146776955234415,1.0070209061629,0.0225515247050869,0.146084152997033,0.991473812423873,0.00320882835583753,0.574723693773981,"03b_2x2_to_cor_CONT",1000
0.25,50,0.3,0.1,"phi (z)","own",1000,994,857,857,0.00600000000000001,0.00145516330917468,0.00520855781601647,0.164214189629427,0.00368486056992163,0.150075268701543,0.913899517698251,0.0205073161170549,0.164138016624374,0.983663943990665,0.00433018620647245,0.586809452408348,"03b_2x2_to_cor_CONT",1000
0.5,50,0.3,0.1,"phi (z)","own",1000,999,805,805,0.001,0.00522265472386014,0.00541176472899514,0.171049438129781,0.00382861224017635,0.159506320207026,0.932515896871888,0.020872572374157,0.171043559391742,0.968944099378882,0.00611397255836041,0.622319600285301,"03b_2x2_to_cor_CONT",1000
0,100,0.3,0.1,"phi (z)","own",1000,1000,931,931,0,3.26799020982064e-05,0.0032129669329771,0.101602935550132,0.00227304751406638,0.102234983244362,1.00622076213455,0.0225110385796225,0.101552126633901,0.975295381310419,0.00508724110148977,0.400573403617977,"03b_2x2_to_cor_CONT",1000
0.1,100,0.3,0.1,"phi (z)","own",1000,1000,971,971,0,0.00425027658648124,0.00335002339818208,0.105937041531126,0.00237000956316915,0.102698355570925,0.969428200812566,0.0216879202356864,0.105969330292593,0.973223480947477,0.00518052451725654,0.402329292225755,"03b_2x2_to_cor_CONT",1000
0.25,100,0.3,0.1,"phi (z)","own",1000,1000,989,989,0,0.0061031086223265,0.00349904722788047,0.110649588806005,0.0024754380511364,0.104969750986916,0.948668242870315,0.0212234811863887,0.11076252121675,0.955510616784631,0.0065561337527624,0.410890856098993,"03b_2x2_to_cor_CONT",1000
0.5,100,0.3,0.1,"phi (z)","own",1000,1000,961,961,0,0.00422140361233895,0.00380011585615678,0.120170214779762,0.00268843224352691,0.114803675931151,0.955342188091728,0.021372789811306,0.120184274712427,0.94901144640999,0.00709594723868219,0.447797359318861,"03b_2x2_to_cor_CONT",1000
0,300,0.3,0.1,"phi (z)","own",1000,1000,995,995,0,0.0028154960903288,0.00191210943091365,0.0604662093717551,0.00135274208518975,0.0582184106123687,0.96282553871425,0.0215402063474258,0.0605015151177869,0.942713567839196,0.0073672299568614,0.228192297251838,"03b_2x2_to_cor_CONT",1000
0.1,300,0.3,0.1,"phi (z)","own",1000,1000,998,998,0,-0.00116321070914266,0.00190849021418784,0.0603517596897617,0.00135018163195351,0.0583243853111526,0.966407369246054,0.0216203385890982,0.060332790602681,0.944889779559118,0.00722339524888972,0.228609222794567,"03b_2x2_to_cor_CONT",1000
0.25,300,0.3,0.1,"phi (z)","own",1000,1000,999,999,0,-0.000643636368277445,0.00197390581849561,0.0624203827310504,0.00139646059462405,0.0594870148908291,0.95300625033236,0.0213205305189125,0.0623924846747194,0.944944944944945,0.00721637527017407,0.233109197645475,"03b_2x2_to_cor_CONT",1000
0.5,300,0.3,0.1,"phi (z)","own",1000,1000,1000,1000,0,9.58338925012745e-05,0.00214849055208201,0.0679412367593176,0.00151997241499152,0.0648839340013958,0.955000778558797,0.0213651518421281,0.0679073252666324,0.933,0.00790638982089803,0.25391113351687,"03b_2x2_to_cor_CONT",1000
0,25,0.5,0.1,"phi (z)","own",1000,944,543,543,0.056,0.00698286305201877,0.00683190389897101,0.209907398333713,0.00483344634183078,0.205160122195513,0.977383950371049,0.0225057950171656,0.209912365859533,0.998158379373849,0.00183992406141857,0.803759953719916,"03b_2x2_to_cor_CONT",1000
0.1,25,0.5,0.1,"phi (z)","own",1000,935,517,517,0.0649999999999999,0.0147625307630773,0.00672055141346757,0.205499473397116,0.00475469077337007,0.205182042174662,0.998455318560155,0.0231015010029065,0.205919401877826,1,0,0.803844603718785,"03b_2x2_to_cor_CONT",1000
0.25,25,0.5,0.1,"phi (z)","own",1000,923,453,453,0.077,0.0117529412211725,0.00658599679416836,0.20008860920175,0.00465952779930778,0.205370212713941,1.0263963227755,0.0239020213002606,0.200325255037567,0.997792494481236,0.00220506763230084,0.804509880302584,"03b_2x2_to_cor_CONT",1000
0,50,0.5,0.1,"phi (z)","own",1000,997,803,803,0.003,-0.00396497339379817,0.00471046730758143,0.148734450444496,0.00333247504630568,0.145589092821194,0.978852528019559,0.0219317153079859,0.148712707126136,0.991282689912827,0.00328044103586846,0.570307316953581,"03b_2x2_to_cor_CONT",1000
0.1,50,0.5,0.1,"phi (z)","own",1000,991,813,813,0.00900000000000001,0.000208928875594908,0.00459589520311389,0.144679481764151,0.00325142955688812,0.145861429641764,1.00816942294236,0.0226569228762462,0.144606617559848,0.998769987699877,0.00122925560223524,0.571388861129572,"03b_2x2_to_cor_CONT",1000
0.25,50,0.5,0.1,"phi (z)","own",1000,991,731,731,0.00900000000000001,0.000896870539367391,0.00464619551910506,0.146262943381214,0.00328701521036944,0.14795288201371,1.01155411338942,0.0227329881373757,0.146191880248182,0.9890560875513,0.00384802669933792,0.579195137713382,"03b_2x2_to_cor_CONT",1000
0,100,0.5,0.1,"phi (z)","own",1000,1000,981,981,0,-0.00152736459410298,0.00318095044069547,0.10059048516714,0.00225039710722809,0.10231826721534,1.01717639640895,0.0227561365890216,0.100551778219273,0.980632008154944,0.00440008256072875,0.400826740577829,"03b_2x2_to_cor_CONT",1000
0.1,100,0.5,0.1,"phi (z)","own",1000,1000,980,980,0,-0.00335639840047474,0.00319317123760498,0.100976940697704,0.00225904283954173,0.102730662766293,1.01736755002153,0.0227604130525069,0.10098223418175,0.975510204081633,0.00493736749388141,0.402388255426831,"03b_2x2_to_cor_CONT",1000
0.25,100,0.5,0.1,"phi (z)","own",1000,1000,968,968,0,-0.000237044412223365,0.00292476505110306,0.0924891918234442,0.0020691560378052,0.105060734568919,1.13592445233464,0.0254127524816688,0.0924432395776082,0.978305785123967,0.00468243331318042,0.411125157267518,"03b_2x2_to_cor_CONT",1000
0,300,0.5,0.1,"phi (z)","own",1000,1000,996,996,0,0.000570290558653795,0.00184013034344892,0.0581900307688649,0.00130181971678713,0.0581119489313719,0.998658157824265,0.0223418489904213,0.0581637243694199,0.959839357429719,0.00622113941824714,0.22778308185208,"03b_2x2_to_cor_CONT",1000
0.1,300,0.5,0.1,"phi (z)","own",1000,1000,997,997,0,1.5888639028492e-05,0.00181261162110388,0.057319812359784,0.00128235130496669,0.0583565958054967,1.01808769783134,0.0227765241046136,0.0572911474882528,0.958876629889669,0.00628894992941937,0.2287251140274,"03b_2x2_to_cor_CONT",1000
0.25,300,0.5,0.1,"phi (z)","own",1000,1000,1000,1000,0,-0.00210044113162696,0.001798008544182,0.0568580225205862,0.00127202020340623,0.0597053763406845,1.05007831250317,0.0234922139295143,0.0568683896657357,0.965,0.00581162627841812,0.23392487371123,"03b_2x2_to_cor_CONT",1000
0,25,0.3,0.3,"phi (z)","own",1000,1000,890,890,0,0.00518463949805139,0.00649480708581326,0.205383833545706,0.00459482011757565,0.20664253729288,1.00612854344689,0.0225089754752683,0.205346577886199,0.980898876404494,0.0045882447101377,0.809118663176878,"03b_2x2_to_cor_CONT",1000
0.1,25,0.3,0.3,"phi (z)","own",1000,1000,913,913,0,0.0111389470811428,0.00688248747197737,0.217643363790228,0.00486908871616534,0.208004274837407,0.955711542107429,0.0213810529507778,0.217819515448456,0.95947426067908,0.00652599518191382,0.814151467747904,"03b_2x2_to_cor_CONT",1000
0.25,25,0.3,0.3,"phi (z)","own",1000,1000,941,941,0,0.0116017983966071,0.00701632234138363,0.221875593966978,0.00496377161317151,0.21184010323447,0.954769740316725,0.0213599830849564,0.222067899852807,0.9798087141339,0.00458519516585767,0.828093341102623,"03b_2x2_to_cor_CONT",1000
0.5,25,0.3,0.3,"phi (z)","own",1000,1000,939,939,0,0.0226860800058428,0.00798597154781765,0.25253859420404,0.0056497602225093,0.225365023306956,0.892398344170994,0.0199646184117777,0.253429722106587,0.965921192758253,0.00592079799714796,0.878235012266433,"03b_2x2_to_cor_CONT",1000
0.75,25,0.3,0.3,"phi (z)","own",1000,998,851,851,0.002,0.0303028462870791,0.00904707877623112,0.285807514097452,0.00640045819865584,0.254346610475433,0.889922755455299,0.019929194004263,0.287267032520754,0.950646298472385,0.00742513861939294,0.985702542433486,"03b_2x2_to_cor_CONT",1000
0,50,0.3,0.3,"phi (z)","own",1000,1000,986,986,0,0.00640490964849797,0.00467476859561254,0.147829162963622,0.00330721459534187,0.14426007197509,0.975856651576858,0.0218317366908897,0.147893985099828,0.968559837728195,0.00555734246214042,0.565249430209006,"03b_2x2_to_cor_CONT",1000
0.1,50,0.3,0.3,"phi (z)","own",1000,1000,987,987,0,-9.2180405053345e-05,0.00442227629718456,0.139844655416789,0.00312858624240988,0.144178856370902,1.03099296817026,0.0230652391156849,0.139774745995901,0.971631205673759,0.00528460571691962,0.56498024809913,"03b_2x2_to_cor_CONT",1000
0.25,50,0.3,0.3,"phi (z)","own",1000,1000,993,993,0,0.016129280516666,0.00486569988575428,0.153866940498046,0.00344229096041732,0.14689425433668,0.954683662788146,0.0213580573698056,0.154633482896934,0.945619335347432,0.00719624272310361,0.575215228623816,"03b_2x2_to_cor_CONT",1000
0.5,50,0.3,0.3,"phi (z)","own",1000,1000,1000,1000,0,0.00686650667559832,0.00524037123206537,0.165715088781494,0.00370735617586764,0.155722043196161,0.939697430941192,0.0210227873615081,0.165774479559233,0.941,0.00745110730026082,0.608312470472888,"03b_2x2_to_cor_CONT",1000
0.75,50,0.3,0.3,"phi (z)","own",1000,1000,986,986,0,0.0197490706284639,0.0064490322770478,0.203936306994131,0.00456243624390323,0.181462031895459,0.889797577342034,0.0199064343982625,0.204788801167891,0.931034482758621,0.00806975639212258,0.704256416005855,"03b_2x2_to_cor_CONT",1000
0,100,0.3,0.3,"phi (z)","own",1000,1000,992,992,0,0.00536313555811339,0.0032495691137248,0.102760398135051,0.00229894211481811,0.100930527940801,0.982192846393561,0.0219734892081645,0.10284893265593,0.942540322580645,0.00738883085893255,0.395605100375211,"03b_2x2_to_cor_CONT",1000
0.1,100,0.3,0.3,"phi (z)","own",1000,1000,993,993,0,0.00166341513268276,0.00326276220293428,0.103177600247808,0.00230827570562562,0.101132493133601,0.980178768363527,0.0219284305193135,0.103139413056345,0.950654582074522,0.00687321872229231,0.396362049693537,"03b_2x2_to_cor_CONT",1000
0.25,100,0.3,0.3,"phi (z)","own",1000,1000,997,997,0,-0.000408667788200823,0.00337632038193546,0.106768625173657,0.00238861364307254,0.10239387497852,0.959025882481661,0.021455200937818,0.106716010005587,0.946840521564694,0.00710527995913498,0.401251001171087,"03b_2x2_to_cor_CONT",1000
0.5,100,0.3,0.3,"phi (z)","own",1000,1000,1000,1000,0,0.0062747813794992,0.00372695856251647,0.117856778026191,0.00263667634067644,0.108486787748144,0.920496806081322,0.0205932335068883,0.117964837082703,0.934,0.00785136930732467,0.424727825839228,"03b_2x2_to_cor_CONT",1000
0.75,100,0.3,0.3,"phi (z)","own",1000,1000,999,999,0,0.00681629929236985,0.00428565878832153,0.135524430454135,0.00303193473762415,0.124269175407913,0.916950360842643,0.0205138929003408,0.135628043983207,0.941941941941942,0.00739878787468595,0.48513328047559,"03b_2x2_to_cor_CONT",1000
0,300,0.3,0.3,"phi (z)","own",1000,1000,1000,1000,0,0.0013145296576487,0.00179975757300493,0.0569133316683234,0.00127325757238665,0.0578864218883597,1.01709775533274,0.0227543772412054,0.0569000543276352,0.953,0.00669260786241059,0.22690901705438,"03b_2x2_to_cor_CONT",1000
0.1,300,0.3,0.3,"phi (z)","own",1000,1000,997,997,0,0.00159939442089256,0.00188109805071356,0.0594855434235776,0.0013308027555477,0.0580366695574165,0.975643260819791,0.0218269627409319,0.059477301628735,0.94383149448345,0.00729199039194482,0.227495446539577,"03b_2x2_to_cor_CONT",1000
0.25,300,0.3,0.3,"phi (z)","own",1000,1000,999,999,0,0.00227049436120995,0.00195215752088637,0.0617326411742867,0.00138107453094924,0.0588262626820136,0.952919906924642,0.0213185988555486,0.0617435276932827,0.948948948948949,0.00696371557232245,0.230575609109114,"03b_2x2_to_cor_CONT",1000
0.5,300,0.3,0.3,"phi (z)","own",1000,1000,1000,1000,0,3.91514213706214e-05,0.0021685768109335,0.0685764200357421,0.00153418265172962,0.0620161164140912,0.904335869118982,0.0202316831502147,0.0685421344310739,0.925,0.00832916562447884,0.24301481430798,"03b_2x2_to_cor_CONT",1000
0.75,300,0.3,0.3,"phi (z)","own",1000,1000,1000,1000,0,0.00352952592948601,0.00236434943478229,0.0747672939844376,0.00167268406965408,0.0704481217888296,0.942231797281483,0.021079485872022,0.0748132050830097,0.939,0.00756828910652864,0.27588072085719,"03b_2x2_to_cor_CONT",1000
0,25,0.5,0.3,"phi (z)","own",1000,998,956,956,0.002,-0.00373351600043934,0.00689136372545082,0.217706022444182,0.00487537320580907,0.206884102322559,0.950291131131217,0.0212811013054221,0.217628951328162,0.960251046025105,0.00631867910902604,0.810117576166427,"03b_2x2_to_cor_CONT",1000
0.1,25,0.5,0.3,"phi (z)","own",1000,1000,940,940,0,0.00023857133448438,0.00675670892764249,0.213665896981441,0.00478010535172766,0.207036406606005,0.968972632183731,0.0216777283142261,0.21355917056786,0.967021276595745,0.00582466574759015,0.810715325720308,"03b_2x2_to_cor_CONT",1000
0.25,25,0.5,0.3,"phi (z)","own",1000,1000,921,921,0,0.00690559482513823,0.00668800287763047,0.211493220910727,0.00473149852836505,0.20954059518942,0.990767431159741,0.0221653186910568,0.211500213589942,0.9728555917481,0.00535469284398,0.820021336098812,"03b_2x2_to_cor_CONT",1000
0.5,25,0.5,0.3,"phi (z)","own",1000,999,863,863,0.001,0.0211112330679252,0.00669727783504239,0.211680601069986,0.00473806256907738,0.220339046127495,1.04090334689973,0.0232986166944151,0.212625274839561,0.973348783314021,0.00548261017156255,0.860534677862828,"03b_2x2_to_cor_CONT",1000
0,50,0.5,0.3,"phi (z)","own",1000,1000,981,981,0,-0.000341873445305741,0.00467449792919944,0.147820603740107,0.00330702310951886,0.143822298490904,0.972951637674049,0.0217667461018446,0.147747070484163,0.946992864424057,0.00715329305872994,0.56358712512926,"03b_2x2_to_cor_CONT",1000
0.1,50,0.5,0.3,"phi (z)","own",1000,1000,982,982,0,0.00268652228233314,0.00460901454149394,0.145749837199575,0.0032606961927651,0.144170316087092,0.989162793298219,0.0221294199438173,0.145701713890511,0.955193482688391,0.00660177206646284,0.564903579129311,"03b_2x2_to_cor_CONT",1000
0.25,50,0.5,0.3,"phi (z)","own",1000,1000,987,987,0,0.00590895535217246,0.00457495171313908,0.144672675988088,0.00323659808378072,0.146509006371035,1.01269300073705,0.0226558346505843,0.144721003132685,0.966565349544073,0.00572209980205677,0.573751806654825,"03b_2x2_to_cor_CONT",1000
0.5,50,0.5,0.3,"phi (z)","own",1000,1000,986,986,0,0.00642985609067356,0.00479223914687554,0.151543907963489,0.00339032038201641,0.156654032476979,1.03372042190387,0.0231262573519726,0.151604530058149,0.96551724137931,0.00581088874185175,0.61176770599343,"03b_2x2_to_cor_CONT",1000
0,100,0.5,0.3,"phi (z)","own",1000,1000,994,994,0,0.00279357897841873,0.0032378430930602,0.102389588803147,0.00229064641720355,0.100712424138928,0.983619773418134,0.0220054122319276,0.102376502923723,0.950704225352113,0.00686648329252985,0.394761918256427,"03b_2x2_to_cor_CONT",1000
0.1,100,0.5,0.3,"phi (z)","own",1000,1000,991,991,0,0.00624159096189019,0.00326787489030251,0.103339277618288,0.00231189273049857,0.10103835996005,0.97773433576014,0.021873743994536,0.103476010505365,0.949545913218971,0.00695295361583676,0.396021266153993,"03b_2x2_to_cor_CONT",1000
0.25,100,0.5,0.3,"phi (z)","own",1000,1000,996,996,0,0.00112746386228841,0.00323114446407965,0.102177759555358,0.00228590740112604,0.102405519834051,1.00222905923642,0.0224217367272659,0.102132881228161,0.959839357429719,0.00622113941824714,0.401281175936065,"03b_2x2_to_cor_CONT",1000
0.5,100,0.5,0.3,"phi (z)","own",1000,1000,999,999,0,-0.00336707054722078,0.00317772538185747,0.100488499851979,0.00224811550516765,0.108598675418336,1.08070749964725,0.024177446076782,0.100494665669222,0.965965965965966,0.00573660415128958,0.42503679540699,"03b_2x2_to_cor_CONT",1000
0,300,0.5,0.3,"phi (z)","own",1000,1000,998,998,0,0.000192806618517586,0.00184831794290886,0.0584489453974906,0.00130761212081332,0.0578624957927858,0.989966463881998,0.0221473995564406,0.0584200317806564,0.94689378757515,0.00709836009644863,0.226815729569933,"03b_2x2_to_cor_CONT",1000
0.1,300,0.5,0.3,"phi (z)","own",1000,1000,999,999,0,0.00270593087703503,0.00181052305546601,0.0572537661151997,0.00128087372706746,0.0580052823207043,1.01312605713993,0.0226655229314859,0.057289072278672,0.952952952952953,0.00669914180415015,0.227373037040525,"03b_2x2_to_cor_CONT",1000
0.25,300,0.5,0.3,"phi (z)","own",1000,1000,1000,1000,0,-0.000301583879993346,0.00181991022476825,0.0575506144729666,0.00128751477949398,0.0587498603366543,1.02083810702405,0.0228380558974139,0.0575226225569253,0.96,0.00619677335393187,0.230278300097169,"03b_2x2_to_cor_CONT",1000
0.5,300,0.5,0.3,"phi (z)","own",1000,1000,1000,1000,0,0.00207375939533314,0.00194663821276136,0.0615581053264535,0.00137716983791173,0.0622506832409341,1.01125079972504,0.0226235699191827,0.0615622563676893,0.951,0.00682634602111555,0.243912166915103,"03b_2x2_to_cor_CONT",1000
0,25,0.3,0.5,"phi (z)","own",1000,998,952,952,0.002,-0.00663504344237685,0.0068308566623293,0.215794535463264,0.00483256679969595,0.206697488281607,0.957843940940732,0.0214502411673353,0.215788425858633,0.970588235294118,0.00547595132009504,0.809378435199902,"03b_2x2_to_cor_CONT",1000
0.1,25,0.3,0.5,"phi (z)","own",1000,1000,955,955,0,0.0105240970922811,0.00651857740915513,0.206135517170495,0.00461163668478841,0.206568288699963,1.0020994515424,0.0224188371609779,0.206301032976852,0.967539267015707,0.00573471415031085,0.808853710125663,"03b_2x2_to_cor_CONT",1000
0.25,25,0.3,0.5,"phi (z)","own",1000,1000,930,930,0,-0.00563160851849051,0.00696292913539755,0.220187152542032,0.00492599802363063,0.209303676489113,0.950571702629919,0.0212660651378392,0.220149073986081,0.967741935483871,0.00579371942021854,0.819212434752038,"03b_2x2_to_cor_CONT",1000
0.5,25,0.3,0.5,"phi (z)","own",1000,1000,854,854,0,0.00985973813311981,0.00677667855963561,0.214297392192777,0.00479423307955857,0.219516199744154,1.02435310807087,0.0229166930386357,0.214417031423295,0.970725995316159,0.00576846767869948,0.857319810231461,"03b_2x2_to_cor_CONT",1000
0,50,0.3,0.5,"phi (z)","own",1000,1000,982,982,0,-0.003880015803371,0.0047214048239939,0.149303929995271,0.00334020788945257,0.14376777677183,0.962920244473022,0.0215423250922079,0.149279691757303,0.95213849287169,0.0068122017686336,0.563412418044331,"03b_2x2_to_cor_CONT",1000
0.1,50,0.3,0.5,"phi (z)","own",1000,1000,985,985,0,-0.000401745546496681,0.00470305789003053,0.148723749001222,0.00332722815654336,0.144300932445734,0.970261531294158,0.0217065633956435,0.148649911412505,0.958375634517767,0.00636390341540823,0.565342270124815,"03b_2x2_to_cor_CONT",1000
0.25,50,0.3,0.5,"phi (z)","own",1000,1000,990,990,0,0.00353178710125088,0.00471288054046527,0.149034368481556,0.00333417729471314,0.146467919290464,0.98277948088592,0.0219866133178894,0.149001695513293,0.95959595959596,0.00625804967868408,0.573567149929435,"03b_2x2_to_cor_CONT",1000
0.5,50,0.3,0.5,"phi (z)","own",1000,1000,986,986,0,0.000581616187225592,0.0048143159873899,0.152242038959145,0.003405938876852,0.156329368007381,1.02684757164434,0.0229724988496971,0.152167010437219,0.961460446247465,0.0061302839979588,0.610581861108483,"03b_2x2_to_cor_CONT",1000
0,100,0.3,0.5,"phi (z)","own",1000,1000,987,987,0,-0.00200480437194335,0.00322938606129474,0.102122153976915,0.00228466340043685,0.100717613461669,0.98624646601595,0.0220641762533346,0.102090766669281,0.947315096251266,0.00711101751345879,0.394783092202615,"03b_2x2_to_cor_CONT",1000
0.1,100,0.3,0.5,"phi (z)","own",1000,1000,989,989,0,0.00292490971549569,0.00307945667315245,0.0973809704296642,0.00217859426554957,0.100923455639997,1.03637759199465,0.0231857032118446,0.097376205744859,0.957532861476239,0.00641217250137789,0.395576565132881,"03b_2x2_to_cor_CONT",1000
0.25,100,0.3,0.5,"phi (z)","own",1000,1000,997,997,0,0.00317544504949861,0.00315356154171686,0.0997243721333737,0.00223102054032435,0.102405489366522,1.02688527564318,0.0229733423586014,0.0997250665492913,0.961885656970913,0.00606398843598862,0.401306390033518,"03b_2x2_to_cor_CONT",1000
0.5,100,0.3,0.5,"phi (z)","own",1000,1000,1000,1000,0,0.00267956634699596,0.00316544735421941,0.100100234526872,0.00223942928436846,0.108927777714794,1.08818703801891,0.0243447773257267,0.100086047834802,0.973,0.00512552436341883,0.426255916246062,"03b_2x2_to_cor_CONT",1000
0,300,0.3,0.5,"phi (z)","own",1000,1000,995,995,0,-0.00185013629533134,0.00191489483566547,0.0605542916039671,0.00135471264930661,0.0578723518397272,0.955710162018241,0.0213810220756039,0.0605522783529896,0.94070351758794,0.00748737024270694,0.226854028086438,"03b_2x2_to_cor_CONT",1000
0.1,300,0.3,0.5,"phi (z)","own",1000,1000,997,997,0,-0.000364435394163707,0.00177063063207345,0.055992256922157,0.00125265140928017,0.0579865937843563,1.0356180831391,0.0231687115795983,0.0559654403677673,0.961885656970913,0.00606398843598862,0.227300206769245,"03b_2x2_to_cor_CONT",1000
0.25,300,0.3,0.5,"phi (z)","own",1000,1000,1000,1000,0,0.00166393608297183,0.00192223897810052,0.0607865337795217,0.00135990834071993,0.0587878738614755,0.967120021594002,0.0216362819537177,0.0607789138561082,0.945,0.00720936890441875,0.23042519197883,"03b_2x2_to_cor_CONT",1000
0.5,300,0.3,0.5,"phi (z)","own",1000,1000,1000,1000,0,-0.000152945797544496,0.00188352780594789,0.0595623790305496,0.00133252171164354,0.0621492220626764,1.04343082116985,0.0233434971275029,0.0595327868590079,0.96,0.00619677335393187,0.243521811770027,"03b_2x2_to_cor_CONT",1000
0,25,0.5,0.5,"phi (z)","own",1000,1000,986,986,0,-0.00688741476893273,0.00663589412015127,0.209845397313971,0.00469463363553547,0.205406523184977,0.978846931189288,0.0218986348331785,0.209853501675058,0.96551724137931,0.00581088874185175,0.804426478689845,"03b_2x2_to_cor_CONT",1000
0.1,25,0.5,0.5,"phi (z)","own",1000,1000,988,988,0,0.012416764162349,0.00700261078618977,0.22144199652022,0.00495407122810763,0.206734167174648,0.93358157180348,0.0208859641650711,0.221679266728537,0.947368421052632,0.00710402006314496,0.809283983667298,"03b_2x2_to_cor_CONT",1000
0.25,25,0.5,0.5,"phi (z)","own",1000,1000,986,986,0,0.018884646266662,0.00686629046926902,0.217131169591965,0.00485762997491168,0.209826705357197,0.966359209281218,0.0216192611606975,0.217842669668233,0.954361054766734,0.00664638808339019,0.82073414349359,"03b_2x2_to_cor_CONT",1000
0.5,25,0.5,0.5,"phi (z)","own",1000,1000,977,977,0,0.00875306042466959,0.00711954098967124,0.225139654222904,0.00503679474001647,0.221019014073303,0.981697403934353,0.0219624052346143,0.225197229349083,0.96417604912999,0.00594590037188809,0.862478047392307,"03b_2x2_to_cor_CONT",1000
0.75,25,0.5,0.5,"phi (z)","own",1000,997,905,905,0.003,0.0368294587704439,0.00849037239381606,0.268086113246317,0.00600661299372483,0.251864197695236,0.939489907348629,0.0210497747034316,0.270470861139338,0.959116022099447,0.0065824543485211,0.977461059603841,"03b_2x2_to_cor_CONT",1000
0,50,0.5,0.5,"phi (z)","own",1000,1000,971,971,0,-0.000779115485288409,0.00451425649440248,0.14275332464519,0.00319365860791842,0.143027056187659,1.00191751430763,0.022414766885085,0.142684057296171,0.955715756951596,0.00660205854253086,0.560578834066241,"03b_2x2_to_cor_CONT",1000
0.1,50,0.5,0.5,"phi (z)","own",1000,1000,976,976,0,-0.000391431005915797,0.00470126190226634,0.148666954881375,0.00332595756596218,0.143514507747933,0.965342351045301,0.0215965121419532,0.148593118375178,0.949795081967213,0.00698977475056495,0.562424324147277,"03b_2x2_to_cor_CONT",1000
0.25,50,0.5,0.5,"phi (z)","own",1000,1000,985,985,0,0.00387414555369648,0.00474589610137889,0.150078412188707,0.00335753450324522,0.145354165204818,0.968521475440794,0.021667635094897,0.150053374767279,0.937055837563452,0.00773824275043629,0.569470720832824,"03b_2x2_to_cor_CONT",1000
0.5,50,0.5,0.5,"phi (z)","own",1000,1000,998,998,0,-0.00168956635850582,0.00487702833474094,0.154225177509595,0.00345030539173407,0.152964797076846,0.991827661001265,0.0221890380136587,0.154157304747352,0.956913827655311,0.00642747064210201,0.598357381568573,"03b_2x2_to_cor_CONT",1000
0.75,50,0.5,0.5,"phi (z)","own",1000,1000,999,999,0,0.0175324974277524,0.00559783156861531,0.177018977148175,0.00396024528002636,0.176816332921671,0.998855240100419,0.0223462580891885,0.177796993839518,0.971971971971972,0.00522204245485312,0.687874154310271,"03b_2x2_to_cor_CONT",1000
0,100,0.5,0.5,"phi (z)","own",1000,1000,987,987,0,0.0041920420892159,0.00329389985703367,0.104162259327294,0.00233030436907623,0.100571427210759,0.965526553093935,0.021600633085964,0.104194528209384,0.945288753799392,0.00723872324548366,0.394220069603049,"03b_2x2_to_cor_CONT",1000
0.1,100,0.5,0.5,"phi (z)","own",1000,1000,989,989,0,0.00950828856191072,0.00326824525559231,0.103350989597108,0.0023121547493487,0.100845363171342,0.975756144807767,0.0218294881666675,0.103735978209238,0.948432760364004,0.0070322138606502,0.395280028140387,"03b_2x2_to_cor_CONT",1000
0.25,100,0.5,0.5,"phi (z)","own",1000,1000,997,997,0,-0.00354233765856089,0.00318652004309419,0.100766611459556,0.00225433738148265,0.101858859142261,1.010839380891,0.0226143657111263,0.100778490915191,0.955867602808425,0.00650474163213284,0.399213255066552,"03b_2x2_to_cor_CONT",1000
0.5,100,0.5,0.5,"phi (z)","own",1000,1000,1000,1000,0,0.00319157453895552,0.00333767479089229,0.105546544281459,0.0023612734100472,0.107066658349456,1.0144023101689,0.0226940750964317,0.105542025206956,0.957,0.00641490451994416,0.419378603371214,"03b_2x2_to_cor_CONT",1000
0.75,100,0.5,0.5,"phi (z)","own",1000,1000,1000,1000,0,0.0100943023494744,0.00381587397721945,0.120668530321789,0.0026995804933082,0.121494697136869,1.00684658056974,0.0225250393073638,0.121029865139697,0.963,0.00596917079668525,0.474987073237894,"03b_2x2_to_cor_CONT",1000
0,300,0.5,0.5,"phi (z)","own",1000,1000,997,997,0,0.000358824342089999,0.00191591249400305,0.0605864727862333,0.00135543260248467,0.0578425500868791,0.954710637982912,0.0213586608553159,0.060557235066512,0.938816449348044,0.00759032032720518,0.226737822778802,"03b_2x2_to_cor_CONT",1000
0.1,300,0.5,0.5,"phi (z)","own",1000,1000,998,998,0,-0.000123167643839626,0.00182454104501158,0.0576970538670038,0.00129079090236164,0.057951523849393,1.00441045019345,0.0224705385189193,0.057668329654807,0.947895791583166,0.00703479470597396,0.227163663343418,"03b_2x2_to_cor_CONT",1000
0.25,300,0.5,0.5,"phi (z)","own",1000,1000,1000,1000,0,0.00121478662927804,0.00186136012334342,0.0588613753557715,0.00131683894960839,0.0586207128622058,0.995911368157622,0.0222803981731824,0.0588444776832875,0.948,0.00702111102319284,0.22977712044392,"03b_2x2_to_cor_CONT",1000
0.5,300,0.5,0.5,"phi (z)","own",1000,1000,1000,1000,0,-0.00055242884122625,0.00193638875356889,0.0612339889681218,0.00136991874936212,0.0613911365493884,1.00256634565075,0.0224292824545766,0.0612058574089746,0.948,0.00702111102319284,0.240596585737168,"03b_2x2_to_cor_CONT",1000
0.75,300,0.5,0.5,"phi (z)","own",1000,1000,1000,1000,0,0.00402260357764673,0.00219317319618342,0.069354226031709,0.00155158362519545,0.0690984005621219,0.996311321108678,0.0222893458680125,0.0694361577229892,0.95,0.00689202437604511,0.270654802353356,"03b_2x2_to_cor_CONT",1000
0,25,0.3,0.1,"tetrachoric (r)","own",1000,582,582,436,0.418,0.192512933446632,0.0221821608020386,0.535137445958741,0.0156986489345778,9565.78205083437,17875.3741175718,524.387192421656,0.568279216014121,0.990825688073395,0.00456606547934309,1.30478654392425,"03b_2x2_to_cor_CONT",1000
0.1,25,0.3,0.1,"tetrachoric (r)","own",1000,613,613,462,0.387,0.174829649188026,0.0203787155665672,0.504553293034232,0.0144216959807274,8485.06567822927,16816.9860258024,480.681551631076,0.533595483206851,0.997835497835498,0.00216215836071295,1.29626891363413,"03b_2x2_to_cor_CONT",1000
0.25,25,0.3,0.1,"tetrachoric (r)","own",1000,696,696,507,0.304,0.166256925961446,0.0169829382505673,0.448040682716778,0.0120173870850542,7545.67058372356,16841.485326665,451.72381898572,0.477591246368528,0.994082840236686,0.00340615146724984,1.27480577314591,"03b_2x2_to_cor_CONT",1000
0.5,25,0.3,0.1,"tetrachoric (r)","own",1000,775,774,504,0.225,0.0969114420117414,0.0132827686627876,0.36977663000192,0.00939840123628356,7859.59249065229,21254.9735514964,540.225513176755,0.382034228499257,1,0,1.22012972881897,"03b_2x2_to_cor_CONT",1000
0,50,0.3,0.1,"tetrachoric (r)","own",1000,826,826,742,0.174,-0.00193418464275768,0.0137298501204858,0.394598854353899,0.00971435226423159,4907.29172673798,12436.153000933,306.15692298639,0.394364663913123,0.987870619946092,0.00401853156613213,1.0792254871223,"03b_2x2_to_cor_CONT",1000
0.1,50,0.3,0.1,"tetrachoric (r)","own",1000,879,879,828,0.121,0.0592151229399444,0.0111968906154861,0.331964675773019,0.00792190476771099,3150.41940859878,9490.22482968301,226.471859241794,0.337018703318412,0.992753623188406,0.00294758290289566,1.0637880748918,"03b_2x2_to_cor_CONT",1000
0.25,50,0.3,0.1,"tetrachoric (r)","own",1000,923,923,860,0.077,0.0244562756013993,0.010925573128235,0.331928909211775,0.00772973527097038,3043.8227546999,9170.10441159828,213.54717092023,0.332649277826708,0.980232558139535,0.00474668673952761,1.03109658821735,"03b_2x2_to_cor_CONT",1000
0.5,50,0.3,0.1,"tetrachoric (r)","own",1000,954,954,806,0.046,0.0316086684772066,0.0092648990771802,0.286163922576657,0.00655470924741779,3402.40917978281,11889.7209303922,272.339234904014,0.287755208732094,0.982630272952854,0.00460176086017201,0.947468398827688,"03b_2x2_to_cor_CONT",1000
0,100,0.3,0.1,"tetrachoric (r)","own",1000,948,948,940,0.052,0.00328904522364234,0.00751093213807876,0.231258661028117,0.00531383444265116,882.678675114558,3816.84591266937,87.7030385926555,0.231160057140973,0.977659574468085,0.00482031725350457,0.831161922873109,"03b_2x2_to_cor_CONT",1000
0.1,100,0.3,0.1,"tetrachoric (r)","own",1000,982,982,976,0.018,0.00212291037416932,0.00740814246472866,0.23214806575054,0.00524101699477394,913.68633944411,3935.79130840543,88.8551410865608,0.232039545348193,0.969262295081967,0.00552498965342892,0.814639305033083,"03b_2x2_to_cor_CONT",1000
0.25,100,0.3,0.1,"tetrachoric (r)","own",1000,995,995,992,0.005,0.00233366316013658,0.00683261777056461,0.21552550259921,0.00483382002473304,411.54710519323,1909.50537282143,42.8265110029414,0.215429811281513,0.957661290322581,0.0063932095513293,0.77854907936216,"03b_2x2_to_cor_CONT",1000
0.5,100,0.3,0.1,"tetrachoric (r)","own",1000,999,999,961,0.001,0.00698336436009684,0.00647553365807095,0.204671941459138,0.00458118722200399,1160.58699592812,5670.47435840064,126.922647472871,0.204688637843633,0.966701352757544,0.00578759009425728,0.691198429697851,"03b_2x2_to_cor_CONT",1000
0,300,0.3,0.1,"tetrachoric (r)","own",1000,1000,1000,1000,0,-0.0001062598179588,0.0043272394546552,0.136839326576553,0.00306135142077544,0.13034415462667,0.952534318076686,0.0213099725125443,0.136770931077388,0.938,0.00762600813007697,0.499345843382186,"03b_2x2_to_cor_CONT",1000
0.1,300,0.3,0.1,"tetrachoric (r)","own",1000,1000,1000,1000,0,-0.00752521201798408,0.00408794879944745,0.129272291644048,0.00289206271027654,0.127789204860221,0.988527419410879,0.0221152054427568,0.129426592620808,0.956,0.00648567652600714,0.489904884235004,"03b_2x2_to_cor_CONT",1000
0.25,300,0.3,0.1,"tetrachoric (r)","own",1000,1000,1000,1000,0,-0.00501379744463334,0.00379478826375723,0.120001741515487,0.00268466318181157,0.121474503879678,1.0122728415904,0.0226464349054034,0.120046473141024,0.956,0.00648567652600714,0.466726845911641,"03b_2x2_to_cor_CONT",1000
0.5,300,0.3,0.1,"tetrachoric (r)","own",1000,1000,1000,1000,0,-0.00206579381317311,0.00336953067962812,0.1065539159344,0.00238381019620462,0.103485968344258,0.971207556632353,0.021727727750114,0.106520658879077,0.935,0.0077958322198467,0.400515027597848,"03b_2x2_to_cor_CONT",1000
0,25,0.5,0.1,"tetrachoric (r)","own",1000,766,766,545,0.234,0.0316698986663822,0.020959638801489,0.580093740145233,0.0148303862980306,7659.31100612976,13203.57465711,337.55598298786,0.580579385940058,0.998165137614679,0.00183317825244182,1.28927966483211,"03b_2x2_to_cor_CONT",1000
0.1,25,0.5,0.1,"tetrachoric (r)","own",1000,754,754,517,0.246,0.0661525235565562,0.0210478925630361,0.577955353928151,0.0148929868236705,8376.42909880425,14493.2113559858,373.466919702938,0.581348031497286,1,0,1.29069925892656,"03b_2x2_to_cor_CONT",1000
0.25,25,0.5,0.1,"tetrachoric (r)","own",1000,752,752,457,0.248,0.110018570069508,0.0201588395955252,0.552808165647235,0.0142639393360902,9153.81156849874,16558.7488342929,427.260311137718,0.563289068731644,0.99781181619256,0.00218578842214878,1.29149503063806,"03b_2x2_to_cor_CONT",1000
0,50,0.5,0.1,"tetrachoric (r)","own",1000,919,919,834,0.081,0.00215763715294837,0.0127789654519452,0.387394501022184,0.00904101340738887,3249.52158544408,8388.14587421828,195.762560159826,0.387189685893476,0.986810551558753,0.00395045559268339,1.0498982865493,"03b_2x2_to_cor_CONT",1000
0.1,50,0.5,0.1,"tetrachoric (r)","own",1000,925,925,839,0.075,0.0174420897088195,0.0123597876602596,0.375908266311348,0.00874441765902433,3166.60942601009,8423.8887776608,195.957387444156,0.376109673929836,0.99046483909416,0.00335507755885193,1.04580583989734,"03b_2x2_to_cor_CONT",1000
0.25,50,0.5,0.1,"tetrachoric (r)","own",1000,916,916,757,0.084,0.0514084459063474,0.0132988314855888,0.402495676617765,0.00940883115264656,4493.80702832684,11164.8578839132,260.992275881747,0.405547456024096,0.984147952443857,0.00453967685818907,1.03297924478998,"03b_2x2_to_cor_CONT",1000
0,100,0.5,0.1,"tetrachoric (r)","own",1000,999,999,992,0.001,-0.00380158726720774,0.00736781597413204,0.232874274054578,0.00521244212092098,812.72496063849,3489.97313652609,78.1163271536291,0.232788734413777,0.956653225806452,0.00646546590397051,0.792631756377725,"03b_2x2_to_cor_CONT",1000
0.1,100,0.5,0.1,"tetrachoric (r)","own",1000,997,997,987,0.003,-0.00423714416853951,0.00749813710528458,0.236755979585514,0.00530464456401656,774.602136017439,3271.7320904567,73.3049103086795,0.236675146984536,0.968591691995947,0.00555180321504435,0.795597483537114,"03b_2x2_to_cor_CONT",1000
0.25,100,0.5,0.1,"tetrachoric (r)","own",1000,997,997,970,0.003,0.0122379104753537,0.00727597573218803,0.229741166069172,0.00514747390901474,1087.43457004782,4733.30308474367,106.052191468555,0.229951799333622,0.97319587628866,0.00518579171732451,0.777447240713918,"03b_2x2_to_cor_CONT",1000
0,300,0.5,0.1,"tetrachoric (r)","own",1000,1000,1000,1000,0,0.000926303649777157,0.00401194813397983,0.126868939578386,0.00283829523388721,0.123927421231941,0.976814511446058,0.0218531658059317,0.126808872482828,0.957,0.00641490451994416,0.475894600089976,"03b_2x2_to_cor_CONT",1000
0.1,300,0.5,0.1,"tetrachoric (r)","own",1000,1000,1000,1000,0,0.00100581809442463,0.0039506624323706,0.12493091552752,0.00279493801465756,0.122848094612088,0.98332821858675,0.0219988896055772,0.124872485323745,0.952,0.00675988165576884,0.471998997266127,"03b_2x2_to_cor_CONT",1000
0.25,300,0.5,0.1,"tetrachoric (r)","own",1000,1000,1000,1000,0,-0.00259139245600159,0.00388721658538916,0.122924581682121,0.00275005257768689,0.119991172661692,0.976136514110615,0.021837997738695,0.12289042942314,0.947,0.00708456067798138,0.46163223939764,"03b_2x2_to_cor_CONT",1000
0,25,0.3,0.3,"tetrachoric (r)","own",1000,958,958,909,0.042,-0.00370113323557674,0.012081605561658,0.373944721641704,0.00854744747454099,2994.34967746816,8007.46608836267,183.030784587534,0.373767826381527,0.983498349834984,0.00422540716193139,1.16548655579216,"03b_2x2_to_cor_CONT",1000
0.1,25,0.3,0.3,"tetrachoric (r)","own",1000,969,969,936,0.031,-0.00139727949560162,0.0117152959651764,0.364682693043659,0.00828824302371951,2859.17971967497,7840.18483523888,178.186018982702,0.364497147912041,0.972222222222222,0.00537147547329001,1.14444435434643,"03b_2x2_to_cor_CONT",1000
0.25,25,0.3,0.3,"tetrachoric (r)","own",1000,974,974,951,0.026,-0.00160316330702318,0.0108762768566686,0.339437431507001,0.00769464015441229,2743.23075195347,8081.6978250582,183.202413253109,0.339266925358774,0.982124079915878,0.00429662175824274,1.11792014145652,"03b_2x2_to_cor_CONT",1000
0.5,25,0.3,0.3,"tetrachoric (r)","own",1000,980,980,943,0.02,-0.0135664649275498,0.00968408133642602,0.303159698350398,0.00685117597265806,2526.32524213762,8333.31493560744,188.326507019534,0.303308539680643,0.975609756097561,0.00502331361200537,1.02068730574098,"03b_2x2_to_cor_CONT",1000
0.75,25,0.3,0.3,"tetrachoric (r)","own",1000,979,977,853,0.021,-0.0166084895663799,0.00683022199714939,0.213710650055645,0.00483216483022097,2649.93248155291,12399.6276313929,280.36527207536,0.214246194692817,0.966002344665885,0.00620496102674091,0.857520209512203,"03b_2x2_to_cor_CONT",1000
0,50,0.3,0.3,"tetrachoric (r)","own",1000,999,999,991,0.001,-0.00104938271209493,0.0082943112520901,0.262157974411235,0.00586790135451454,1443.34164963101,5505.61794991178,123.232654273752,0.262028832673681,0.958627648839556,0.00632620482814537,0.880619312747809,"03b_2x2_to_cor_CONT",1000
0.1,50,0.3,0.3,"tetrachoric (r)","own",1000,1000,1000,996,0,-0.0120988947112503,0.00767582021154241,0.242730747784295,0.00543034037206859,706.138136852734,2909.1416859979,65.0829352677675,0.242910849813748,0.969879518072289,0.00541576963497431,0.878412950495977,"03b_2x2_to_cor_CONT",1000
0.25,50,0.3,0.3,"tetrachoric (r)","own",1000,999,999,997,0.001,0.00966203212602906,0.0075016225351488,0.237103492844775,0.0053071050382832,772.438586556707,3257.81192545485,72.9198455742678,0.237181674762906,0.958876629889669,0.00628894992941937,0.840938997216309,"03b_2x2_to_cor_CONT",1000
0.5,50,0.3,0.3,"tetrachoric (r)","own",1000,1000,1000,1000,0,-0.0112393902607156,0.00629954376596478,0.199209065203634,0.00445667901216482,0.197911652107948,0.993487178435581,0.0222261645194845,0.199426405726722,0.963,0.00596917079668525,0.744082141180082,"03b_2x2_to_cor_CONT",1000
0.75,50,0.3,0.3,"tetrachoric (r)","own",1000,998,998,986,0.002,-0.0108522441754137,0.00473356986903865,0.149538858955325,0.00334881753840768,5.78689040585316,38.6982383460744,0.86661982165807,0.14985738172542,0.955375253549696,0.00657561560176234,0.558044943332234,"03b_2x2_to_cor_CONT",1000
0,100,0.3,0.3,"tetrachoric (r)","own",1000,1000,1000,1000,0,0.00444058994804116,0.00561407219547116,0.177532550863109,0.00397173488364558,0.171729842078874,0.967314676908409,0.0216406367568159,0.177499317318217,0.943,0.00733150734842434,0.648806406724827,"03b_2x2_to_cor_CONT",1000
0.1,100,0.3,0.3,"tetrachoric (r)","own",1000,1000,1000,1000,0,-0.00279236933855694,0.00546924541109092,0.172952725814713,0.00386927563987717,0.17020072717604,0.984088145325789,0.0220158905866581,0.172888779415829,0.952,0.00675988165576884,0.643321544035163,"03b_2x2_to_cor_CONT",1000
0.25,100,0.3,0.3,"tetrachoric (r)","own",1000,1000,1000,1000,0,-0.00778137154352987,0.00517852766874645,0.163759423594407,0.00366360429145816,0.163428033038952,0.997976357340652,0.0223265958396538,0.163862385586977,0.955,0.00655553201502365,0.61940769326669,"03b_2x2_to_cor_CONT",1000
0.5,100,0.3,0.3,"tetrachoric (r)","own",1000,1000,1000,1000,0,-0.0026098303011728,0.00446147124072415,0.141084108360257,0.00315631512068193,0.139202708231242,0.986664691361192,0.0220735327357647,0.14103769751516,0.951,0.00682634602111555,0.534044558456111,"03b_2x2_to_cor_CONT",1000
0.75,100,0.3,0.3,"tetrachoric (r)","own",1000,1000,1000,999,0,-0.0061446247667793,0.00313926794674806,0.0992723689728404,0.00222090838505209,0.101532957686422,1.02277158021886,0.0228813113054902,0.0994127992351227,0.953953953953954,0.00663097108024447,0.383160356862983,"03b_2x2_to_cor_CONT",1000
0,300,0.3,0.3,"tetrachoric (r)","own",1000,1000,1000,1000,0,0.000886118968950992,0.00312528429329854,0.098830167023731,0.00221101550119301,0.100069341331458,1.01253842166866,0.0226523764279923,0.0987847139938754,0.952,0.00675988165576884,0.387250878449197,"03b_2x2_to_cor_CONT",1000
0.1,300,0.3,0.3,"tetrachoric (r)","own",1000,1000,1000,1000,0,0.0010215859089498,0.00315773504982639,0.0998563500479668,0.00223397313287547,0.0987610797760216,0.989031541094592,0.0221264835867764,0.0998116375580851,0.947,0.00708456067798138,0.382306950654783,"03b_2x2_to_cor_CONT",1000
0.25,300,0.3,0.3,"tetrachoric (r)","own",1000,1000,1000,1000,0,0.00102895777517261,0.00301833363345409,0.0954480902000673,0.00213535212321299,0.0943802805389666,0.988812666038026,0.0221215869427915,0.0954059030617102,0.957,0.00641490451994416,0.365774476449499,"03b_2x2_to_cor_CONT",1000
0.5,300,0.3,0.3,"tetrachoric (r)","own",1000,1000,1000,1000,0,-0.00338251277759716,0.00268326504091772,0.0848522909520489,0.00189830429570833,0.0805151377123498,0.948885843964425,0.0212283493294531,0.0848772805951154,0.933,0.00790638982089803,0.31333069190209,"03b_2x2_to_cor_CONT",1000
0.75,300,0.3,0.3,"tetrachoric (r)","own",1000,1000,1000,1000,0,-0.000956598191321128,0.00172354162058432,0.0545031716314421,0.00121933778896039,0.0547784221855226,1.00505017498691,0.0224848503578794,0.0544843115242194,0.949,0.00695693898205238,0.215541576234679,"03b_2x2_to_cor_CONT",1000
0,25,0.5,0.3,"tetrachoric (r)","own",1000,988,988,968,0.012,-0.00632600642098084,0.0111580616059101,0.350725406458769,0.0078939369451662,1823.98998058439,5200.62118966797,117.052756917285,0.350604943995526,0.958677685950413,0.00639721501349602,1.11206405953609,"03b_2x2_to_cor_CONT",1000
0.1,25,0.5,0.3,"tetrachoric (r)","own",1000,984,984,955,0.016,0.00213518041355107,0.0111807802982491,0.350727373480417,0.00791002591164692,2120.95585791911,6047.30630766558,136.386131240969,0.35055561563865,0.96544502617801,0.0059104067954851,1.10847226108221,"03b_2x2_to_cor_CONT",1000
0.25,25,0.5,0.3,"tetrachoric (r)","own",1000,979,979,937,0.021,-0.0020451925913705,0.0107886331192206,0.337565279442273,0.00763261480323958,1800.24657444236,5333.03240610746,120.58403090586,0.337399030960515,0.975453575240128,0.00505507530410589,1.0902095842578,"03b_2x2_to_cor_CONT",1000
0.5,25,0.5,0.3,"tetrachoric (r)","own",1000,982,982,866,0.018,0.0174280349508097,0.00936507344339118,0.293472175494217,0.00662548126035762,2811.84252621927,9581.29172376915,216.308986223135,0.293840006791035,0.975750577367205,0.00522710427419127,1.00972983693168,"03b_2x2_to_cor_CONT",1000
0,50,0.5,0.3,"tetrachoric (r)","own",1000,1000,1000,1000,0,-0.000680779170304199,0.00758146550892472,0.239746990102097,0.00536358813754531,0.228537682790817,0.953245263656878,0.0213258776935801,0.239628053666575,0.949,0.00695693898205238,0.841658953801653,"03b_2x2_to_cor_CONT",1000
0.1,50,0.5,0.3,"tetrachoric (r)","own",1000,1000,1000,1000,0,0.00223970875897163,0.00740559791056325,0.234185568327638,0.0052391687408944,0.227810445630962,0.972777474110802,0.0217628497375089,0.234079161455801,0.949,0.00695693898205238,0.839206420874291,"03b_2x2_to_cor_CONT",1000
0.25,50,0.5,0.3,"tetrachoric (r)","own",1000,1000,1000,998,0,0.00378010450741166,0.00709353967637119,0.224317420501066,0.00501839983530938,96.0787106598763,428.315867957386,9.58222627746167,0.224237097789815,0.959919839679359,0.00620893249720293,0.815184560981473,"03b_2x2_to_cor_CONT",1000
0.5,50,0.5,0.3,"tetrachoric (r)","own",1000,1000,1000,986,0,-0.00157298572476494,0.00637726746711845,0.201666904441872,0.00451166546841436,661.570515453132,3280.51108477157,73.3911626247056,0.201572183326248,0.959432048681542,0.0062829006366504,0.726106444114331,"03b_2x2_to_cor_CONT",1000
0,100,0.5,0.3,"tetrachoric (r)","own",1000,1000,1000,1000,0,0.00407455928621716,0.00527432429327646,0.166788778851115,0.00373137662892263,0.163444194776661,0.979947187709552,0.021923249627374,0.166755150706875,0.949,0.00695693898205238,0.619703626148634,"03b_2x2_to_cor_CONT",1000
0.1,100,0.5,0.3,"tetrachoric (r)","own",1000,1000,1000,1000,0,0.00861901210459394,0.00527862793420286,0.166924871926705,0.00373442128531444,0.162124171744716,0.97124035425891,0.0217284614943027,0.167063868997872,0.949,0.00695693898205238,0.615089431019454,"03b_2x2_to_cor_CONT",1000
0.25,100,0.5,0.3,"tetrachoric (r)","own",1000,1000,1000,1000,0,-0.00194442489976516,0.00501641017936971,0.158632818444621,0.00354891255515914,0.156540241541548,0.986808676013005,0.0220767539414621,0.158565404501698,0.957,0.00641490451994416,0.59549492294655,"03b_2x2_to_cor_CONT",1000
0.5,100,0.5,0.3,"tetrachoric (r)","own",1000,1000,1000,999,0,-0.00955286095458966,0.00428802444696639,0.135599239148977,0.00303360834790834,10.7041604799032,78.9396795076633,1.76602812994076,0.135867669651545,0.953953953953954,0.00663097108024447,0.52560900469882,"03b_2x2_to_cor_CONT",1000
0,300,0.5,0.3,"tetrachoric (r)","own",1000,1000,1000,1000,0,0.00030982783164518,0.00304589361507739,0.0963196133420873,0.00215484972434718,0.0951445514638885,0.98780038833809,0.0220989403991958,0.0962719400435043,0.948,0.00702111102319284,0.368673680257246,"03b_2x2_to_cor_CONT",1000
0.1,300,0.5,0.3,"tetrachoric (r)","own",1000,1000,1000,1000,0,0.00387556308665955,0.00295164194743531,0.0933391139119057,0.00208817038300957,0.0943162609719465,1.01046878440439,0.0226060747752588,0.0933728974859007,0.956,0.00648567652600714,0.365549557876078,"03b_2x2_to_cor_CONT",1000
0.25,300,0.5,0.3,"tetrachoric (r)","own",1000,1000,1000,1000,0,-0.00163837045908017,0.00285554797088082,0.0903003555585558,0.00202018768070347,0.0910321565624388,1.00810407666012,0.0225531718445462,0.0902700632410811,0.955,0.00655553201502365,0.35316138396279,"03b_2x2_to_cor_CONT",1000
0.5,300,0.5,0.3,"tetrachoric (r)","own",1000,1000,1000,1000,0,0.000985912845795961,0.00257876687811043,0.0815477688943076,0.00182437596275361,0.0783343641486993,0.960594817133832,0.0214903009375527,0.081512947420439,0.936,0.0077397674383666,0.305118241131142,"03b_2x2_to_cor_CONT",1000
0,25,0.3,0.5,"tetrachoric (r)","own",1000,987,987,966,0.013,-0.0139401080214952,0.0111064031366377,0.348924937709072,0.00785739442420741,1773.85882690064,5083.78345940885,114.481045895157,0.349026627317024,0.966873706004141,0.00575814686534991,1.1081595190753,"03b_2x2_to_cor_CONT",1000
0.1,25,0.3,0.5,"tetrachoric (r)","own",1000,992,992,967,0.00800000000000001,0.0188032902139795,0.010441281393044,0.328858927614405,0.00738682501416933,1879.38424528069,5714.86460444923,128.367215446966,0.329230523550656,0.966907962771458,0.00575229411549109,1.11296311546293,"03b_2x2_to_cor_CONT",1000
0.25,25,0.3,0.5,"tetrachoric (r)","own",1000,986,986,935,0.014,-0.0137110102441635,0.0113574067961446,0.356629807342638,0.00803497492676421,2965.30100895189,8314.78734502675,187.334615512041,0.35671251814035,0.970053475935829,0.0055739779054576,1.09247413218159,"03b_2x2_to_cor_CONT",1000
0.5,25,0.3,0.5,"tetrachoric (r)","own",1000,983,983,859,0.017,0.00532209048902142,0.00970855181403123,0.30439058246633,0.00686847734255484,2784.73321975038,9148.55248538582,206.434196990956,0.304282262649401,0.968568102444703,0.00595324559755306,1.02117734624408,"03b_2x2_to_cor_CONT",1000
0,50,0.3,0.5,"tetrachoric (r)","own",1000,1000,1000,1000,0,-0.00691935823585877,0.00762975418790075,0.241274012209747,0.00539775047534513,0.228218853763839,0.945890739220771,0.021161343239963,0.241252592394812,0.952,0.00675988165576884,0.840629381862107,"03b_2x2_to_cor_CONT",1000
0.1,50,0.3,0.5,"tetrachoric (r)","own",1000,1000,1000,999,0,-0.00323909602503417,0.00759157184857488,0.240066580623115,0.00537073797465765,12.5384364116928,52.2289957192216,1.1684602244901,0.239968378983569,0.950950950950951,0.00683300298303749,0.837645115202197,"03b_2x2_to_cor_CONT",1000
0.25,50,0.3,0.5,"tetrachoric (r)","own",1000,1000,1000,997,0,-0.00122497049047678,0.00732540882661699,0.231649766840112,0.00518243812345526,90.5011303151775,390.680860808475,8.74026084626119,0.231537153423168,0.954864593781344,0.00657479163008761,0.812018602848252,"03b_2x2_to_cor_CONT",1000
0.5,50,0.3,0.5,"tetrachoric (r)","own",1000,999,999,987,0.001,-0.00951628294307133,0.00647694371674407,0.204716509128992,0.00458218478345863,418.195901556097,2042.80496641622,45.7242548366633,0.204835197051443,0.96048632218845,0.00620098589061106,0.729808962348108,"03b_2x2_to_cor_CONT",1000
0,100,0.3,0.5,"tetrachoric (r)","own",1000,1000,1000,1000,0,-0.0029988645192601,0.0052725643804304,0.166733125520346,0.00373013155992467,0.1635893725513,0.98114500067557,0.0219500469415459,0.166676718227359,0.946,0.00714730718522718,0.62021105537321,"03b_2x2_to_cor_CONT",1000
0.1,100,0.3,0.5,"tetrachoric (r)","own",1000,1000,1000,1000,0,0.0032133224608871,0.00498770712545017,0.157725148182737,0.00352860627541244,0.16244970751187,1.02995438193318,0.0230420040009556,0.157679011247961,0.957,0.00641490451994416,0.616244148631436,"03b_2x2_to_cor_CONT",1000
0.25,100,0.3,0.5,"tetrachoric (r)","own",1000,1000,1000,1000,0,0.0019484600704556,0.00492063766311373,0.155604225558477,0.00348115727334869,0.156619284312581,1.00652333669256,0.022517807737848,0.155538608818801,0.958,0.00634318531969546,0.595935910645984,"03b_2x2_to_cor_CONT",1000
0.5,100,0.3,0.5,"tetrachoric (r)","own",1000,1000,1000,1000,0,-0.00182319619078447,0.0041753207056791,0.132035233916075,0.00295387489147912,0.135627631695367,1.02720787226821,0.0229805594478775,0.131981793201288,0.964,0.00589101010014412,0.522280295459781,"03b_2x2_to_cor_CONT",1000
0,300,0.3,0.5,"tetrachoric (r)","own",1000,1000,1000,1000,0,-0.00309365909982568,0.0031509312430672,0.0996411947867798,0.00222915970766358,0.0950070845994289,0.953492025087944,0.0213313982078685,0.0996394001259762,0.942,0.00739161687318817,0.368157372467211,"03b_2x2_to_cor_CONT",1000
0.1,300,0.3,0.5,"tetrachoric (r)","own",1000,1000,1000,1000,0,-0.000970009634502659,0.0028875144177953,0.0913112233680817,0.00204280268241628,0.0944401591530928,1.03426671628742,0.0231384789780875,0.0912707110312709,0.961,0.00612200947402077,0.366020624856864,"03b_2x2_to_cor_CONT",1000
0.25,300,0.3,0.5,"tetrachoric (r)","own",1000,1000,1000,1000,0,0.00122841068062725,0.00301097432013469,0.0952153682790259,0.00213014569899672,0.0908413725549971,0.954062082591426,0.0213441514593779,0.0951756764249895,0.942,0.00739161687318817,0.352432550377857,"03b_2x2_to_cor_CONT",1000
0.5,300,0.3,0.5,"tetrachoric (r)","own",1000,1000,1000,1000,0,-0.00234791785081732,0.00250314934269723,0.0791565324647662,0.00177087953578244,0.0784764876555378,0.991408860544376,0.0221796686649065,0.0791517756809531,0.951,0.00682634602111555,0.305707724030635,"03b_2x2_to_cor_CONT",1000
0,25,0.5,0.5,"tetrachoric (r)","own",1000,1000,1000,997,0,-0.0101590698590596,0.0097661363022822,0.308832346548664,0.0069091566477364,255.948471484189,828.761864955289,18.540951466507,0.308845021907236,0.964894684052157,0.00582879552840735,1.06933947077427,"03b_2x2_to_cor_CONT",1000
0.1,25,0.5,0.5,"tetrachoric (r)","own",1000,999,999,998,0.001,0.00965763059009796,0.00998308223286076,0.315534893375031,0.00706264088433769,11.2105651960286,35.5287653803289,0.795242986476654,0.315524764218181,0.949899799599198,0.0069054718450956,1.05670223408384,"03b_2x2_to_cor_CONT",1000
0.25,25,0.5,0.5,"tetrachoric (r)","own",1000,998,998,992,0.002,0.00965264159107744,0.00950109395152202,0.30015037015319,0.00672165636912378,94.9831875368148,316.452008665981,7.08672009461821,0.300155205529585,0.959677419354839,0.0062456977236912,1.03419258144341,"03b_2x2_to_cor_CONT",1000
0.5,25,0.5,0.5,"tetrachoric (r)","own",1000,997,997,980,0.003,-0.0181604073456804,0.0083414950630212,0.263385265849758,0.00590128798933812,44.3156174107486,168.253973007083,3.76982040685413,0.263878794376931,0.960204081632653,0.006244360986624,0.949367169023717,"03b_2x2_to_cor_CONT",1000
0.75,25,0.5,0.5,"tetrachoric (r)","own",1000,982,979,907,0.018,-0.0141855688603759,0.00609734439108784,0.19107174481934,0.00431367049551623,40.1930854969457,210.35598714477,4.7490350609377,0.19150055985186,0.953693495038589,0.00697785223301155,0.771063699348467,"03b_2x2_to_cor_CONT",1000
0,50,0.5,0.5,"tetrachoric (r)","own",1000,1000,1000,1000,0,-0.00124982536171739,0.00685397891436567,0.216741844041637,0.00484892003489328,0.217461339949006,1.0033195985323,0.0224461341289953,0.216637051297892,0.961,0.00612200947402077,0.80547764593742,"03b_2x2_to_cor_CONT",1000
0.1,50,0.5,0.5,"tetrachoric (r)","own",1000,1000,1000,1000,0,-0.00406343785775267,0.00706497585845472,0.223414153268203,0.00499819205954895,0.215600249866225,0.965025029579941,0.0215894130678557,0.223339386414245,0.953,0.00669260786241059,0.799471267593808,"03b_2x2_to_cor_CONT",1000
0.25,50,0.5,0.5,"tetrachoric (r)","own",1000,1000,1000,1000,0,-0.00308641835253658,0.00678517640506012,0.214566117660232,0.00480024497038098,0.208056004584391,0.969659174771714,0.021693087554729,0.214481015959883,0.941,0.00745110730026082,0.775088555103519,"03b_2x2_to_cor_CONT",1000
0.5,50,0.5,0.5,"tetrachoric (r)","own",1000,1000,1000,1000,0,-0.0166430752644446,0.00583736370225175,0.184593648299085,0.0041297048269993,0.181993095312866,0.985912012627835,0.0220566939061139,0.185250457844595,0.954,0.00662449998113065,0.69021036693872,"03b_2x2_to_cor_CONT",1000
0.75,50,0.5,0.5,"tetrachoric (r)","own",1000,1000,1000,999,0,-0.00578630495617898,0.00401378824428744,0.126927128975566,0.00283959703942943,0.924648132317099,7.28487392553482,0.162976241553115,0.126995538893915,0.970970970970971,0.00531173785702218,0.506543769101289,"03b_2x2_to_cor_CONT",1000
0,100,0.5,0.5,"tetrachoric (r)","own",1000,1000,1000,1000,0,0.00670512020326015,0.00508464601924106,0.160790625165101,0.00359718672337353,0.155132468870602,0.964810409259314,0.0215846116102637,0.160850023788569,0.948,0.00702111102319284,0.590295734578526,"03b_2x2_to_cor_CONT",1000
0.1,100,0.5,0.5,"tetrachoric (r)","own",1000,1000,1000,1000,0,0.0126946569368935,0.00497927011152712,0.157458346376263,0.00352263742048055,0.153895332789975,0.977371707068651,0.0218656313131331,0.157890759791221,0.952,0.00675988165576884,0.585872670000995,"03b_2x2_to_cor_CONT",1000
0.25,100,0.5,0.5,"tetrachoric (r)","own",1000,1000,1000,1000,0,-0.00891916934659402,0.00467775325330797,0.147923546127157,0.00330932612306576,0.149180449358598,1.00849697877281,0.0225619617989473,0.148118350332319,0.957,0.00641490451994416,0.569224184185259,"03b_2x2_to_cor_CONT",1000
0.5,100,0.5,0.5,"tetrachoric (r)","own",1000,1000,1000,1000,0,-0.00329761375659562,0.00396261751326233,0.125308968379815,0.00280339576335784,0.127988454268042,1.02138303365571,0.0228502469243633,0.125289702191938,0.962,0.00604615580348373,0.493647030585916,"03b_2x2_to_cor_CONT",1000
0.75,100,0.5,0.5,"tetrachoric (r)","own",1000,1000,1000,1000,0,-0.00138006362592602,0.00274900811149498,0.0869312693860224,0.00194481492786235,0.0883345185328652,1.01614205287411,0.022732996391469,0.0868987521606596,0.962,0.00604615580348373,0.350090377332528,"03b_2x2_to_cor_CONT",1000
0,300,0.5,0.5,"tetrachoric (r)","own",1000,1000,1000,1000,0,0.000584900951631012,0.00299083740516172,0.0945785831153886,0.00211589962504853,0.0903068068742693,0.954833577535121,0.0213614112428122,0.094533091480463,0.94,0.00750999334220744,0.350362608389853,"03b_2x2_to_cor_CONT",1000
0.1,300,0.5,0.5,"tetrachoric (r)","own",1000,1000,1000,1000,0,-0.000711104114334897,0.00282606530986336,0.0893680319555773,0.00199932985965154,0.0897311337950082,1.00406299469156,0.0224627652901189,0.089326167272188,0.948,0.00702111102319284,0.34818451889878,"03b_2x2_to_cor_CONT",1000
0.25,300,0.5,0.5,"tetrachoric (r)","own",1000,1000,1000,1000,0,0.000398321990508618,0.0027365875690999,0.0865384973485912,0.00193602788348766,0.0863521860248,0.997847070038197,0.0223237034411236,0.0864961344352272,0.949,0.00695693898205238,0.335373617979865,"03b_2x2_to_cor_CONT",1000
0.5,300,0.5,0.5,"tetrachoric (r)","own",1000,1000,1000,1000,0,-0.00308444252395886,0.00233865930211315,0.073954900658174,0.00165450931298284,0.0741295397143041,1.00236142641767,0.0224246980284394,0.0739822396911085,0.949,0.00695693898205238,0.288973171739306,"03b_2x2_to_cor_CONT",1000
0.75,300,0.5,0.5,"tetrachoric (r)","own",1000,1000,1000,1000,0,-3.74406755629594e-05,0.00160070120274361,0.0506186165404078,0.00113243303325505,0.0506081437229468,0.999793103443423,0.0223672398445758,0.0505933147552971,0.948,0.00702111102319284,0.199151722999804,"03b_2x2_to_cor_CONT",1000
0,25,0.3,0.1,"tetrachoric (z)","own",1000,436,436,436,0.564,0.20150226853062,0.0136589258416324,0.285206744738242,0.00966941422967494,0.438738589446653,1.53831772053399,0.0521538551633629,0.348940518157499,0.990825688073395,0.00456606547934309,1.71086658698986,"03b_2x2_to_cor_CONT",1000
0.1,25,0.3,0.1,"tetrachoric (z)","own",1000,462,462,462,0.538,0.149110232211556,0.0127602011772237,0.274270128060728,0.00903260562446299,0.440106285139685,1.6046453481884,0.0528461801501974,0.311921691715323,0.997835497835498,0.00216215836071295,1.71615897566212,"03b_2x2_to_cor_CONT",1000
0.25,25,0.3,0.1,"tetrachoric (z)","own",1000,507,507,507,0.493,0.0577374506855331,0.0130437798948595,0.293702363508347,0.00923245469493678,0.443331698820554,1.50945907797557,0.0474494395782227,0.299039380931856,0.994082840236686,0.00340615146724984,1.72817247592179,"03b_2x2_to_cor_CONT",1000
0.5,25,0.3,0.1,"tetrachoric (z)","own",1000,504,504,504,0.496,-0.0768478568950634,0.0139336950338991,0.312810677691863,0.00986239922973324,0.455107629309986,1.45489799986398,0.0458705087021783,0.321810449379925,1,0,1.77314082119336,"03b_2x2_to_cor_CONT",1000
0,50,0.3,0.1,"tetrachoric (z)","own",1000,742,742,742,0.258,0.0702227859271399,0.00921391591329474,0.250984092865049,0.0065196171778158,0.328757717119097,1.30987471503171,0.0340255894125493,0.260459897658359,0.987870619946092,0.00401853156613213,1.28180144285637,"03b_2x2_to_cor_CONT",1000
0.1,50,0.3,0.1,"tetrachoric (z)","own",1000,828,828,828,0.172,0.0696862258202812,0.00902378711402922,0.259659376206747,0.00638463768264258,0.330970595945711,1.27463371737512,0.0313413464301027,0.268696358343899,0.992753623188406,0.00294758290289566,1.28847560589148,"03b_2x2_to_cor_CONT",1000
0.25,50,0.3,0.1,"tetrachoric (z)","own",1000,860,860,860,0.14,0.0155568800207204,0.0100714939118546,0.295354179029536,0.00712576573383433,0.333502509513226,1.12916130257251,0.0272423398384971,0.295592071268114,0.980232558139535,0.00474668673952761,1.29890953393387,"03b_2x2_to_cor_CONT",1000
0.5,50,0.3,0.1,"tetrachoric (z)","own",1000,806,806,806,0.194,-0.0335974077447357,0.0103299178571411,0.293267805198315,0.00730889042423261,0.345510350280554,1.17813938030774,0.0293618715812316,0.295005227360581,0.982630272952854,0.00460176086017201,1.34560062035398,"03b_2x2_to_cor_CONT",1000
0,100,0.3,0.1,"tetrachoric (z)","own",1000,940,940,940,0.0600000000000001,0.0128543550976075,0.00725410292708793,0.222406584255454,0.00513215596778043,0.238102129499158,1.07057140550154,0.0247040322393021,0.222659608272082,0.977659574468085,0.00482031725350457,0.927504976646737,"03b_2x2_to_cor_CONT",1000
0.1,100,0.3,0.1,"tetrachoric (z)","own",1000,976,976,976,0.024,0.00775604800577681,0.00741282933995735,0.231584191799813,0.00524434923691731,0.235802491515491,1.01821497263218,0.0230580285866716,0.231595432021914,0.969262295081967,0.00552498965342892,0.918578251145177,"03b_2x2_to_cor_CONT",1000
0.25,100,0.3,0.1,"tetrachoric (z)","own",1000,992,992,992,0.00800000000000001,0.0130467230165786,0.00748153620478928,0.235638699944861,0.00529291345588758,0.235719703340242,1.00034376100106,0.0224697087293159,0.235880988019789,0.957661290322581,0.0063932095513293,0.919108113215584,"03b_2x2_to_cor_CONT",1000
0.5,100,0.3,0.1,"tetrachoric (z)","own",1000,961,961,961,0.039,0.01151420585758,0.00793797512087729,0.246077228747196,0.00561591871138325,0.252149883991449,1.02467784311116,0.0233849653686552,0.246218537066994,0.966701352757544,0.00578759009425728,0.981001921189057,"03b_2x2_to_cor_CONT",1000
0,300,0.3,0.1,"tetrachoric (z)","own",1000,1000,1000,1000,0,-0.000124444640369986,0.00441663811237378,0.139666360358079,0.00312459744880095,0.132909159802414,0.9516189829939,0.0212894947564323,0.13959656517954,0.938,0.00762600813007697,0.519986886356488,"03b_2x2_to_cor_CONT",1000
0.1,300,0.3,0.1,"tetrachoric (z)","own",1000,1000,1000,1000,0,-0.00608776040589011,0.00418701075093374,0.132404905605626,0.00296214513790857,0.131062216055899,0.989859215989129,0.0221450002206837,0.1324786352442,0.956,0.00648567652600714,0.512921364031566,"03b_2x2_to_cor_CONT",1000
0.25,300,0.3,0.1,"tetrachoric (z)","own",1000,1000,1000,1000,0,-0.00124900996002483,0.00410360403795675,0.129767353754074,0.0029031381747049,0.13116852444362,1.01079755923975,0.0226134300826439,0.129708467572919,0.956,0.00648567652600714,0.513400526985672,"03b_2x2_to_cor_CONT",1000
0.5,300,0.3,0.1,"tetrachoric (z)","own",1000,1000,1000,1000,0,0.00745926359324332,0.0045663395315113,0.144400334892419,0.00323050530459934,0.139978703669642,0.969379356176207,0.0216868274899045,0.144520745478562,0.935,0.0077958322198467,0.547263815563182,"03b_2x2_to_cor_CONT",1000
0,25,0.5,0.1,"tetrachoric (z)","own",1000,545,545,545,0.455,0.0034604511618313,0.0120396030248353,0.281067362642152,0.00852110605946599,0.418406792685845,1.48863528213537,0.0451308860754801,0.280830705272523,0.998165137614679,0.00183317825244182,1.6348507637111,"03b_2x2_to_cor_CONT",1000
0.1,25,0.5,0.1,"tetrachoric (z)","own",1000,517,517,517,0.483,-0.0291724306393258,0.0119711343143287,0.272195270625646,0.00847306867563023,0.419041141787302,1.53948722482991,0.0479221440962474,0.273492208305105,1,0,1.63742368043612,"03b_2x2_to_cor_CONT",1000
0.25,25,0.5,0.1,"tetrachoric (z)","own",1000,457,457,457,0.543,-0.129244835256807,0.0120140884513375,0.25683187660738,0.0085045532723053,0.420486435893167,1.63720501305204,0.0542132753734132,0.287267300542389,0.99781181619256,0.00218578842214878,1.64241677662151,"03b_2x2_to_cor_CONT",1000
0,50,0.5,0.1,"tetrachoric (z)","own",1000,834,834,834,0.166,-0.00889017435985341,0.00926620851673388,0.267599374643969,0.00655613059092298,0.319316556830513,1.19326346429379,0.0292347136898047,0.267586617546013,0.986810551558753,0.00395045559268339,1.24365146845181,"03b_2x2_to_cor_CONT",1000
0.1,50,0.5,0.1,"tetrachoric (z)","own",1000,839,839,839,0.161,-0.0209490145982429,0.00919073146470872,0.266214102057927,0.00650270496931581,0.319121582616512,1.19874033775668,0.0292811488609777,0.266878886018152,0.99046483909416,0.00335507755885193,1.24327139878765,"03b_2x2_to_cor_CONT",1000
0.25,50,0.5,0.1,"tetrachoric (z)","own",1000,757,757,757,0.243,-0.0485715876793699,0.00969740665868421,0.266810887707468,0.00686163562993697,0.323144330405103,1.21113622154505,0.0311470627074719,0.271022525324073,0.984147952443857,0.00453967685818907,1.2591477218692,"03b_2x2_to_cor_CONT",1000
0,100,0.5,0.1,"tetrachoric (z)","own",1000,992,992,992,0.00800000000000001,-0.0028705701897965,0.00728388929834343,0.229413606754346,0.00515308549248454,0.22634547609916,0.986626204528177,0.0221615851517618,0.229315913302897,0.956653225806452,0.00646546590397051,0.881781000383452,"03b_2x2_to_cor_CONT",1000
0.1,100,0.5,0.1,"tetrachoric (z)","own",1000,987,987,987,0.013,-0.0050436006022096,0.00734493192693643,0.230752466262406,0.00519628420280491,0.229142469581507,0.993022840852034,0.0223617497334829,0.230690681580783,0.968591691995947,0.00555180321504435,0.892756594276139,"03b_2x2_to_cor_CONT",1000
0.25,100,0.5,0.1,"tetrachoric (z)","own",1000,970,970,970,0.03,0.00425088473149788,0.00692070277694612,0.215544063056779,0.00489620032956123,0.233538563283555,1.08348409124141,0.0246119289456517,0.215474863993688,0.97319587628866,0.00518579171732451,0.909393356094708,"03b_2x2_to_cor_CONT",1000
0,300,0.5,0.1,"tetrachoric (z)","own",1000,1000,1000,1000,0,0.00102364013586049,0.00408209458890671,0.129087165251939,0.00288792108697508,0.126032711280936,0.976338050610671,0.0218425064867736,0.129026666141834,0.957,0.00641490451994416,0.493255663524668,"03b_2x2_to_cor_CONT",1000
0.1,300,0.5,0.1,"tetrachoric (z)","own",1000,1000,1000,1000,0,0.00274124954620012,0.00406667527656633,0.128599563782448,0.00287701253101573,0.126244727349679,0.981688612593176,0.0219622085558855,0.128564475677791,0.952,0.00675988165576884,0.494036870679093,"03b_2x2_to_cor_CONT",1000
0.25,300,0.5,0.1,"tetrachoric (z)","own",1000,1000,1000,1000,0,0.00160648345572945,0.00421620689988458,0.133328168901528,0.00298280026296196,0.130194867110611,0.976499326310926,0.0218461145255331,0.133271170967713,0.947,0.00708456067798138,0.509277521569036,"03b_2x2_to_cor_CONT",1000
0,25,0.3,0.3,"tetrachoric (z)","own",1000,909,909,909,0.091,0.055774057778556,0.011140102161579,0.335869923391348,0.00788157827612895,0.374842058111416,1.11603341652792,0.0261890217567692,0.340287009866414,0.983498349834984,0.00422540716193139,1.46273139863628,"03b_2x2_to_cor_CONT",1000
0.1,25,0.3,0.3,"tetrachoric (z)","own",1000,936,936,936,0.0639999999999999,0.0424794175527028,0.0116085554255503,0.355153503837026,0.00821287665404807,0.373696198563275,1.05221036685804,0.0243322221623956,0.357496508576329,0.972222222222222,0.00537147547329001,1.45842142866387,"03b_2x2_to_cor_CONT",1000
0.25,25,0.3,0.3,"tetrachoric (z)","own",1000,951,951,951,0.049,0.0439816265929678,0.0117125422126601,0.361194748680349,0.00828637583386953,0.38210148079095,1.0578821596576,0.0242694812006422,0.36367409353285,0.982124079915878,0.00429662175824274,1.48787934194935,"03b_2x2_to_cor_CONT",1000
0.5,25,0.3,0.3,"tetrachoric (z)","own",1000,943,943,943,0.0570000000000001,0.0359701390051888,0.0126492872945844,0.388438173104112,0.00894914312057869,0.40757047552727,1.04925443416198,0.024173546142955,0.3898949355345,0.975609756097561,0.00502331361200537,1.58190983292653,"03b_2x2_to_cor_CONT",1000
0.75,25,0.3,0.3,"tetrachoric (z)","own",1000,853,853,853,0.147,-0.0065891914195807,0.0143284834135463,0.418480032621901,0.0101377119152934,0.46527386486261,1.11181855427493,0.0269338924839478,0.418286564103916,0.966002344665885,0.00620496102674091,1.79444658512538,"03b_2x2_to_cor_CONT",1000
0,50,0.3,0.3,"tetrachoric (z)","own",1000,991,991,991,0.00900000000000001,0.00728771047130237,0.00836199513289479,0.263236881798758,0.00591580898346584,0.257234668224863,0.977198432328784,0.0219609016225121,0.26320494619297,0.958627648839556,0.00632620482814537,1.00558256141157,"03b_2x2_to_cor_CONT",1000
0.1,50,0.3,0.3,"tetrachoric (z)","own",1000,996,996,996,0.004,-0.00309461631979271,0.00785646247065768,0.247945773391363,0.00555814882520576,0.25681467685792,1.03576952873707,0.0232186300681438,0.247840592297257,0.969879518072289,0.00541576963497431,1.00404405945681,"03b_2x2_to_cor_CONT",1000
0.25,50,0.3,0.3,"tetrachoric (z)","own",1000,997,997,997,0.003,0.0304423694785071,0.0083690072312205,0.264253971001596,0.00592075179367158,0.260636826093379,0.986311861674179,0.0220988456748364,0.265870003512134,0.958876629889669,0.00628894992941937,1.01857141876239,"03b_2x2_to_cor_CONT",1000
0.5,50,0.3,0.3,"tetrachoric (z)","own",1000,1000,1000,1000,0,0.0224377650005212,0.00897357980901485,0.283769509617857,0.00634845415550463,0.276530312350811,0.974489164544863,0.0218011434508247,0.284513730340715,0.963,0.00596917079668525,1.0774806183333,"03b_2x2_to_cor_CONT",1000
0.75,50,0.3,0.3,"tetrachoric (z)","own",1000,986,986,986,0.014,0.0500291184478066,0.0110659969247675,0.347479351771897,0.00782881245922618,0.329806604429093,0.949140151054484,0.0213844080295309,0.350887954071586,0.955375253549696,0.00657561560176234,1.27556691945214,"03b_2x2_to_cor_CONT",1000
0,100,0.3,0.3,"tetrachoric (z)","own",1000,1000,1000,1000,0,0.00441987614666429,0.00579598517105857,0.183285144251057,0.00410043114649577,0.177479580661799,0.968324963744438,0.021663238761066,0.183246789778647,0.943,0.00733150734842434,0.694912991005859,"03b_2x2_to_cor_CONT",1000
0.1,100,0.3,0.3,"tetrachoric (z)","own",1000,1000,1000,1000,0,-0.000209988544870502,0.00572538566083087,0.181052591710938,0.00405048477463296,0.177272713375581,0.979122760411008,0.0219048056482573,0.180962164607609,0.952,0.00675988165576884,0.69413316078136,"03b_2x2_to_cor_CONT",1000
0.25,100,0.3,0.3,"tetrachoric (z)","own",1000,1000,1000,1000,0,-0.000536490402297682,0.00569930796823061,0.180227942663553,0.00403203583458032,0.178652578626738,0.991259046663169,0.0221763170484556,0.180138605044482,0.955,0.00655553201502365,0.699593791831387,"03b_2x2_to_cor_CONT",1000
0.5,100,0.3,0.3,"tetrachoric (z)","own",1000,1000,1000,1000,0,0.0152696686531083,0.00620710461521392,0.19628588259019,0.0043912819551145,0.190348800071418,0.969752880643141,0.0216951839301629,0.196781051773999,0.951,0.00682634602111555,0.744428378692352,"03b_2x2_to_cor_CONT",1000
0.75,100,0.3,0.3,"tetrachoric (z)","own",1000,999,999,999,0.001,0.0237731359970969,0.00735985393582172,0.232622618218164,0.00520680928969897,0.223675924323996,0.961539879644128,0.0215222183298259,0.233718371233101,0.953953953953954,0.00663097108024447,0.871544658446433,"03b_2x2_to_cor_CONT",1000
0,300,0.3,0.3,"tetrachoric (z)","own",1000,1000,1000,1000,0,0.00088507139457673,0.00315593367164394,0.0997993854681279,0.00223269872878575,0.101063896165728,1.0126705258922,0.0226553318463107,0.0997533998109822,0.952,0.00675988165576884,0.396058823216649,"03b_2x2_to_cor_CONT",1000
0.1,300,0.3,0.3,"tetrachoric (z)","own",1000,1000,1000,1000,0,0.00203492637068685,0.00321907595088055,0.101796119658548,0.00227736940353754,0.100787651759353,0.990093257949537,0.0221502361766471,0.101765556318894,0.947,0.00708456067798138,0.394985841004891,"03b_2x2_to_cor_CONT",1000
0.25,300,0.3,0.3,"tetrachoric (z)","own",1000,1000,1000,1000,0,0.00372697154894027,0.00325097821178554,0.102804957728236,0.00229993899617757,0.101702743776446,0.98927859145954,0.0221320105650557,0.102821110629566,0.957,0.00641490451994416,0.398557777223531,"03b_2x2_to_cor_CONT",1000
0.5,300,0.3,0.3,"tetrachoric (z)","own",1000,1000,1000,1000,0,0.00176622995848949,0.00357359812683832,0.113007095229204,0.00252817987484094,0.107945942539189,0.955213850247638,0.0213699186539335,0.11296438614376,0.933,0.00790638982089803,0.422867713720566,"03b_2x2_to_cor_CONT",1000
0.75,300,0.3,0.3,"tetrachoric (z)","own",1000,1000,1000,1000,0,0.00957464532795042,0.00399180870224843,0.126232074827859,0.00282404737943159,0.125853217991163,0.996998727643406,0.0223047244366183,0.126531719389989,0.949,0.00695693898205238,0.492574173869979,"03b_2x2_to_cor_CONT",1000
0,25,0.5,0.3,"tetrachoric (z)","own",1000,968,968,968,0.032,0.00181548600805682,0.0116640844777727,0.362901142144897,0.00825201673730217,0.356459004162464,0.982248228968479,0.02233536322792,0.362718188257512,0.958677685950413,0.00639721501349602,1.39261215578302,"03b_2x2_to_cor_CONT",1000
0.1,25,0.5,0.3,"tetrachoric (z)","own",1000,955,955,955,0.045,-0.00518374694969055,0.0114256712176651,0.353088366346646,0.00808340285418277,0.355852677634312,1.0078289503454,0.0230726588305432,0.352941524503717,0.96544502617801,0.0059104067954851,1.38991633216851,"03b_2x2_to_cor_CONT",1000
0.25,25,0.5,0.3,"tetrachoric (z)","own",1000,937,937,937,0.0629999999999999,-0.00533988648732041,0.0112461872351693,0.344250916493755,0.00795650212207503,0.36067478575417,1.0477090066388,0.0242151829820619,0.344108603738934,0.975453575240128,0.00505507530410589,1.40790823939599,"03b_2x2_to_cor_CONT",1000
0.5,25,0.5,0.3,"tetrachoric (z)","own",1000,866,866,866,0.134,-0.0135132710032683,0.0114890258698706,0.338097650937993,0.00812866268070933,0.381321357067095,1.12784385223969,0.0271160187180643,0.338172489045987,0.975750577367205,0.00522710427419127,1.48626691723388,"03b_2x2_to_cor_CONT",1000
0,50,0.5,0.3,"tetrachoric (z)","own",1000,1000,1000,1000,0,-0.000366891865993149,0.00806369708268027,0.254996491429247,0.00570474797603568,0.243085692315765,0.953290341185785,0.0213268861621294,0.254869225369063,0.949,0.00695693898205238,0.951187693304231,"03b_2x2_to_cor_CONT",1000
0.1,50,0.5,0.3,"tetrachoric (z)","own",1000,1000,1000,1000,0,0.00768636681613664,0.00795057235439381,0.251419173418519,0.00562471668789145,0.244235771071373,0.971428581800373,0.0217326724961097,0.251410957192643,0.949,0.00695693898205238,0.955739668034634,"03b_2x2_to_cor_CONT",1000
0.25,50,0.5,0.3,"tetrachoric (z)","own",1000,998,998,998,0.002,0.0179396370769654,0.00795450268586029,0.251291792053381,0.00562750288697649,0.249198567854961,0.991670144968461,0.0222077552081483,0.251805721179789,0.959919839679359,0.00620893249720293,0.974361932107949,"03b_2x2_to_cor_CONT",1000
0.5,50,0.5,0.3,"tetrachoric (z)","own",1000,986,986,986,0.014,0.0235703593913713,0.00868288517139169,0.272648124825717,0.00614284280702073,0.269531098232293,0.988567584701286,0.0222727197585456,0.273527273444383,0.959432048681542,0.0062829006366504,1.05045554712946,"03b_2x2_to_cor_CONT",1000
0,100,0.5,0.3,"tetrachoric (z)","own",1000,1000,1000,1000,0,0.00440183564370872,0.00544098549929318,0.172059068937149,0.00384928286572183,0.168181630388165,0.977464491857733,0.0218677070822339,0.172029343535774,0.949,0.00695693898205238,0.65891416341241,"03b_2x2_to_cor_CONT",1000
0.1,100,0.5,0.3,"tetrachoric (z)","own",1000,1000,1000,1000,0,0.0119205726100538,0.00550651956672395,0.174131438111312,0.00389564563638444,0.168899730838316,0.969955412246399,0.0216997149405595,0.174452102401566,0.949,0.00695693898205238,0.661690308241479,"03b_2x2_to_cor_CONT",1000
0.25,100,0.5,0.3,"tetrachoric (z)","own",1000,1000,1000,1000,0,0.00549149323811802,0.0055293649871117,0.174853873736606,0.00391180787119838,0.171669873781298,0.981790509485057,0.0219644881797519,0.174852680224011,0.957,0.00641490451994416,0.672244907245002,"03b_2x2_to_cor_CONT",1000
0.5,100,0.5,0.3,"tetrachoric (z)","own",1000,999,999,999,0.001,0.00286427383600669,0.00581295155400394,0.183729734565278,0.00411243625429076,0.18522791076224,1.00815423916279,0.0225655909908091,0.183660090989485,0.953953953953954,0.00663097108024447,0.724114450935652,"03b_2x2_to_cor_CONT",1000
0,300,0.5,0.3,"tetrachoric (z)","own",1000,1000,1000,1000,0,0.000331070603407787,0.00307396295133209,0.0972072436918271,0.0021747076738145,0.0960387077833124,0.987978921486352,0.0221029345193129,0.0971591919772933,0.948,0.00702111102319284,0.376411769060941,"03b_2x2_to_cor_CONT",1000
0.1,300,0.5,0.3,"tetrachoric (z)","own",1000,1000,1000,1000,0,0.00486602506145268,0.00301022081966611,0.0951915405020389,0.00212961262710315,0.0961967630230405,1.0105599984589,0.0226081154040921,0.0952682851407899,0.956,0.00648567652600714,0.37703210806367,"03b_2x2_to_cor_CONT",1000
0.25,300,0.5,0.3,"tetrachoric (z)","own",1000,1000,1000,1000,0,0.000584725950314144,0.00307164242781278,0.0971338622949772,0.00217306599485331,0.0978978517356052,1.00786532546506,0.0225478305342042,0.0970870440459088,0.955,0.00655553201502365,0.3836535768027,"03b_2x2_to_cor_CONT",1000
0.5,300,0.5,0.3,"tetrachoric (z)","own",1000,1000,1000,1000,0,0.00735380949040544,0.00348626459832806,0.110245366567287,0.00246639484436415,0.105690770143247,0.958686731552929,0.0214476134978363,0.110435344535738,0.936,0.0077397674383666,0.413975877338496,"03b_2x2_to_cor_CONT",1000
0,25,0.3,0.5,"tetrachoric (z)","own",1000,966,966,966,0.034,-0.00589985116336805,0.0115250729431564,0.358205496788287,0.00815367865512608,0.354103945095243,0.988549724306806,0.0225019349476235,0.358068651052767,0.966873706004141,0.00575814686534991,1.38334753608321,"03b_2x2_to_cor_CONT",1000
0.1,25,0.3,0.5,"tetrachoric (z)","own",1000,967,967,967,0.033,0.0105083632671491,0.0108179412329877,0.336401446767404,0.00765339791744928,0.355080923173571,1.0555273367153,0.0240140784121337,0.336391633714687,0.966907962771458,0.00575229411549109,1.38714220561758,"03b_2x2_to_cor_CONT",1000
0.25,25,0.3,0.5,"tetrachoric (z)","own",1000,935,935,935,0.0649999999999999,-0.0258327394345711,0.011637279416949,0.355842049979081,0.0082332031505652,0.361367583927807,1.01552805226097,0.0234965169514224,0.356588654737894,0.970053475935829,0.0055739779054576,1.41074307145208,"03b_2x2_to_cor_CONT",1000
0.5,25,0.3,0.5,"tetrachoric (z)","own",1000,859,859,859,0.141,-0.037931139643602,0.0116433491093321,0.341251446760087,0.00823788755241624,0.380570362410343,1.11521977715716,0.0269216591099473,0.343155582341353,0.968568102444703,0.00595324559755306,1.483105789691,"03b_2x2_to_cor_CONT",1000
0,50,0.3,0.5,"tetrachoric (z)","own",1000,1000,1000,1000,0,-0.00708495027222431,0.00807026666773957,0.255204239949944,0.00570939569862325,0.242714088395018,0.951058212992952,0.0212769492837083,0.255174981933378,0.952,0.00675988165576884,0.950039597041263,"03b_2x2_to_cor_CONT",1000
0.1,50,0.3,0.5,"tetrachoric (z)","own",1000,999,999,999,0.001,0.00270316540581637,0.00813692255176082,0.257183395857393,0.00575655499436743,0.244138076388042,0.949276198699139,0.0212477194510867,0.257068855949799,0.950950950950951,0.00683300298303749,0.955111254979973,"03b_2x2_to_cor_CONT",1000
0.25,50,0.3,0.5,"tetrachoric (z)","own",1000,997,997,997,0.003,0.0120827135704834,0.00815666199865738,0.257549105134264,0.00577052568179949,0.248117505853875,0.963379413508454,0.0215850318876836,0.257703322422755,0.954864593781344,0.00657479163008761,0.970110961267629,"03b_2x2_to_cor_CONT",1000
0.5,50,0.3,0.5,"tetrachoric (z)","own",1000,987,987,987,0.013,0.0140144471399484,0.00872712617202456,0.274176249366251,0.00617413861893904,0.269122616258462,0.981567939894612,0.0221037983371063,0.274395440403007,0.96048632218845,0.00620098589061106,1.04887730090994,"03b_2x2_to_cor_CONT",1000
0,100,0.3,0.5,"tetrachoric (z)","own",1000,1000,1000,1000,0,-0.00301583377060872,0.00543355164968335,0.171823989971647,0.00384402371001682,0.168332353772226,0.979678994766695,0.0219172496501219,0.171764534463837,0.946,0.00714730718522718,0.659471908060794,"03b_2x2_to_cor_CONT",1000
0.1,100,0.3,0.5,"tetrachoric (z)","own",1000,1000,1000,1000,0,0.00602480462625021,0.00518439157395078,0.163944856558697,0.00366775277335215,0.168511404293271,1.02785416895917,0.0229950183124643,0.163973584295899,0.957,0.00641490451994416,0.660177625072032,"03b_2x2_to_cor_CONT",1000
0.25,100,0.3,0.5,"tetrachoric (z)","own",1000,1000,1000,1000,0,0.00920714483754665,0.0053880484663525,0.17038505297051,0.00381183200063734,0.171907589748075,1.0089358588152,0.0225717803655461,0.170548546536015,0.958,0.00634318531969546,0.673255089374362,"03b_2x2_to_cor_CONT",1000
0.5,100,0.3,0.5,"tetrachoric (z)","own",1000,1000,1000,1000,0,0.014138886055777,0.005824189571002,0.184177045689653,0.00412038464820135,0.185842151364873,1.00904078827514,0.0225741278336263,0.184627113593068,0.964,0.00589101010014412,0.726483656615555,"03b_2x2_to_cor_CONT",1000
0,300,0.3,0.5,"tetrachoric (z)","own",1000,1000,1000,1000,0,-0.00313114666071984,0.00318456977235999,0.100704938483815,0.00225295764177894,0.095965507062916,0.952937447832703,0.0213189912784372,0.100703263253009,0.942,0.00739161687318817,0.37612741458111,"03b_2x2_to_cor_CONT",1000
0.1,300,0.3,0.5,"tetrachoric (z)","own",1000,1000,1000,1000,0,-0.000137854346638858,0.00294154407167872,0.0930197910427034,0.00208102653376846,0.0961888092239604,1.03406821436314,0.0231340381191391,0.0929733717142896,0.961,0.00612200947402077,0.377004686553949,"03b_2x2_to_cor_CONT",1000
0.25,300,0.3,0.5,"tetrachoric (z)","own",1000,1000,1000,1000,0,0.00389596043269091,0.00324382341085834,0.102578703056885,0.002294877256421,0.0979456364518544,0.954834030193757,0.0213614213696317,0.102601395888189,0.942,0.00739161687318817,0.383838479235805,"03b_2x2_to_cor_CONT",1000
0.5,300,0.3,0.5,"tetrachoric (z)","own",1000,1000,1000,1000,0,0.00253472224203395,0.00338186809099104,0.106944059137773,0.00239253842864943,0.105361319377071,0.985200302162999,0.0220407716131794,0.106920622753156,0.951,0.00682634602111555,0.412695922951242,"03b_2x2_to_cor_CONT",1000
0,25,0.5,0.5,"tetrachoric (z)","own",1000,997,997,997,0.003,-0.00974570488889599,0.0108145917416396,0.341474052242224,0.00765090908432647,0.334813111100612,0.980493565769128,0.0219684836379467,0.341441871661881,0.964894684052157,0.00582879552840735,1.30969627063462,"03b_2x2_to_cor_CONT",1000
0.1,25,0.5,0.5,"tetrachoric (z)","own",1000,998,998,998,0.002,0.0231381101271051,0.0114736603191172,0.362465986481831,0.00811717075472158,0.337148732100392,0.930152744462527,0.0208301163043162,0.363022476735783,0.949899799599198,0.0069054718450956,1.31786572011108,"03b_2x2_to_cor_CONT",1000
0.25,25,0.5,0.5,"tetrachoric (z)","own",1000,992,992,992,0.00800000000000001,0.0354915631221625,0.0112911381544113,0.35562604293756,0.00798806761524621,0.344433512847821,0.968527248462216,0.0217550466327432,0.357214282563645,0.959677419354839,0.0062456977236912,1.34453963343385,"03b_2x2_to_cor_CONT",1000
0.5,25,0.5,0.5,"tetrachoric (z)","own",1000,980,980,980,0.02,0.0224794618544398,0.0116423528058783,0.36446329208771,0.00823659003242933,0.36854410380225,1.0111967701635,0.0228522691276933,0.364970235917698,0.960204081632653,0.006244360986624,1.43362613897538,"03b_2x2_to_cor_CONT",1000
0.75,25,0.5,0.5,"tetrachoric (z)","own",1000,907,907,907,0.093,0.0270939696714093,0.0132576909142816,0.399274462142789,0.0093797753435978,0.434721141583025,1.08877772760623,0.0255776200392379,0.399973015269268,0.953693495038589,0.00697785223301155,1.6779112981334,"03b_2x2_to_cor_CONT",1000
0,50,0.5,0.5,"tetrachoric (z)","own",1000,1000,1000,1000,0,-0.00128938330280206,0.00722304118245754,0.228412617697617,0.00511001704850138,0.228324288935958,0.999613292984647,0.0223632171486359,0.228302023882522,0.961,0.00612200947402077,0.894703784260158,"03b_2x2_to_cor_CONT",1000
0.1,50,0.5,0.5,"tetrachoric (z)","own",1000,1000,1000,1000,0,0.00123389780056114,0.00756256220444976,0.239149215127652,0.00535021479442017,0.229432059395893,0.959367812574369,0.0214628505528907,0.239032795350048,0.953,0.00669260786241059,0.898840468720746,"03b_2x2_to_cor_CONT",1000
0.25,50,0.5,0.5,"tetrachoric (z)","own",1000,1000,1000,1000,0,0.0107601544060303,0.00764090592484308,0.241626661095795,0.00540563988985299,0.233542013154566,0.966540745526324,0.0216233224657023,0.241745404985889,0.941,0.00745110730026082,0.914451462034009,"03b_2x2_to_cor_CONT",1000
0.5,50,0.5,0.5,"tetrachoric (z)","own",1000,1000,1000,1000,0,0.00887257706423195,0.00812957053595046,0.257079592925992,0.00575135084880787,0.250732744472421,0.975311737577715,0.0218195459465532,0.257104161393112,0.954,0.00662449998113065,0.979151000087237,"03b_2x2_to_cor_CONT",1000
0.75,50,0.5,0.5,"tetrachoric (z)","own",1000,999,999,999,0.001,0.0534698885041239,0.00989188989961135,0.312652580830939,0.00699812586922288,0.302611564624194,0.96788442884412,0.0216642288443946,0.317037562113868,0.970970970970971,0.00531173785702218,1.17311790675723,"03b_2x2_to_cor_CONT",1000
0,100,0.5,0.5,"tetrachoric (z)","own",1000,1000,1000,1000,0,0.00664199924707055,0.00522059168200349,0.165089604488605,0.00369336292351386,0.159278317633466,0.964799195726827,0.0215843607425894,0.165140664545992,0.948,0.00702111102319284,0.62430754691056,"03b_2x2_to_cor_CONT",1000
0.1,100,0.5,0.5,"tetrachoric (z)","own",1000,1000,1000,1000,0,0.015968485259447,0.00518605918307143,0.163997590989379,0.00366893254110114,0.159934960311194,0.975227497832892,0.0218176613460589,0.164691551580372,0.952,0.00675988165576884,0.62683585541739,"03b_2x2_to_cor_CONT",1000
0.25,100,0.5,0.5,"tetrachoric (z)","own",1000,1000,1000,1000,0,-0.00336516788100929,0.0050868713137023,0.160860995154721,0.00359876103152817,0.162281399486167,1.00883001084309,0.0225694123486322,0.160815757490591,0.957,0.00641490451994416,0.63589991960051,"03b_2x2_to_cor_CONT",1000
0.5,100,0.5,0.5,"tetrachoric (z)","own",1000,1000,1000,1000,0,0.0100795385768565,0.0054453052666227,0.172195671974382,0.00385233893090848,0.174075130887402,1.01091466987219,0.0226160500663135,0.172404452364736,0.962,0.00604615580348373,0.681365822430536,"03b_2x2_to_cor_CONT",1000
0.75,100,0.5,0.5,"tetrachoric (z)","own",1000,1000,1000,1000,0,0.0277007759343195,0.00655340250551385,0.207236783412779,0.00463627406835213,0.206320953099399,0.995580754061619,0.0222730017181,0.208977200436409,0.962,0.00604615580348373,0.805216556933098,"03b_2x2_to_cor_CONT",1000
0,300,0.5,0.5,"tetrachoric (z)","own",1000,1000,1000,1000,0,0.000562334022188021,0.00301841936773653,0.0954508013561278,0.00213541277683987,0.0911225775177378,0.954654924035248,0.0213574144302047,0.0954047212856888,0.94,0.00750999334220744,0.357190512553234,"03b_2x2_to_cor_CONT",1000
0.1,300,0.5,0.5,"tetrachoric (z)","own",1000,1000,1000,1000,0,7.73550140682188e-05,0.00287644285805257,0.0909611099077053,0.00203496999011816,0.0913645825641792,1.00443566109608,0.0224711025339179,0.0909156508854455,0.948,0.00702111102319284,0.358134816177418,"03b_2x2_to_cor_CONT",1000
0.25,300,0.5,0.5,"tetrachoric (z)","own",1000,1000,1000,1000,0,0.00261804182185475,0.00295139700236926,0.0933313680688024,0.00208799709402618,0.0928919817519117,0.995292190332336,0.0222665460082925,0.0933214212510163,0.949,0.00695693898205238,0.364089813813298,"03b_2x2_to_cor_CONT",1000
0.5,300,0.5,0.5,"tetrachoric (z)","own",1000,1000,1000,1000,0,0.000739531363997031,0.00313220972189277,0.0990491683050373,0.00221591496906129,0.0992430453864661,1.00195738222487,0.0224156588048872,0.0990023934600372,0.949,0.00695693898205238,0.388857750409464,"03b_2x2_to_cor_CONT",1000
0.75,300,0.5,0.5,"tetrachoric (z)","own",1000,1000,1000,1000,0,0.0101373198462727,0.00372099118050026,0.117668072837796,0.00263245465301504,0.11663525435477,0.991222610703847,0.0221755019079647,0.118045308435622,0.948,0.00702111102319284,0.456594897553696,"03b_2x2_to_cor_CONT",1000
0,25,0.3,0.1,"phi (r)","population",1000,920,433,433,0.08,0.00667210175477121,0.00690988799364594,0.209587279952658,0.00488868627463594,0.193218660040295,0.921900699717749,0.0215036108026473,0.209579575120514,0.983833718244804,0.006060688664558,0.752280281925142,"03b_2x2_to_cor_CONT",1000
0.1,25,0.3,0.1,"phi (r)","population",1000,911,458,458,0.089,-0.0467714005072506,0.00713721729049523,0.215421034636219,0.00504954693668557,0.193465204575095,0.898079451255998,0.0210513070353044,0.220324411263248,1,0,0.753562448283349,"03b_2x2_to_cor_CONT",1000
0.25,25,0.3,0.1,"phi (r)","population",1000,916,502,502,0.084,-0.123772787985981,0.00729329027504213,0.220735017749785,0.00515995234765337,0.193038622746616,0.874526501116536,0.0204431318533996,0.252963355100664,0.98207171314741,0.00592228275533222,0.753322584231082,"03b_2x2_to_cor_CONT",1000
0.5,25,0.3,0.1,"phi (r)","population",1000,946,500,500,0.054,-0.247038816110189,0.00711115445661613,0.218718581171641,0.00503100533515914,0.191626557569796,0.876132958358101,0.0201529726655885,0.329871832530687,0.688,0.02071984555927,0.752115514349963,"03b_2x2_to_cor_CONT",1000
0,50,0.3,0.1,"phi (r)","population",1000,996,735,735,0.004,-0.0107409252937711,0.00451047718450063,0.14234825890812,0.00319099130910135,0.140089008384225,0.98412870981897,0.0220610085726193,0.142681638222679,0.989115646258503,0.00382720028487931,0.54653471889204,"03b_2x2_to_cor_CONT",1000
0.1,50,0.3,0.1,"phi (r)","population",1000,998,821,821,0.002,-0.0446198800599206,0.00451468039765329,0.14262389145851,0.00319396170633417,0.140463155184704,0.984850109952058,0.022055025322184,0.14937243980145,0.996345919610231,0.00210582629107375,0.548225061021087,"03b_2x2_to_cor_CONT",1000
0.25,50,0.3,0.1,"phi (r)","population",1000,994,857,857,0.00600000000000001,-0.131985655152403,0.00500167759419334,0.157691718500745,0.00353850052189671,0.140950689027066,0.893836977408554,0.0200571256443997,0.205576930784976,0.859976662777129,0.0118536782299734,0.550784420083686,"03b_2x2_to_cor_CONT",1000
0.5,50,0.3,0.1,"phi (r)","population",1000,999,805,805,0.001,-0.244831497972984,0.00493562804511652,0.156000204408651,0.00349176412737357,0.14208471267685,0.910798246806467,0.0203864646045117,0.290265681318058,0.488198757763975,0.017617775138956,0.557361806204523,"03b_2x2_to_cor_CONT",1000
0,100,0.3,0.1,"phi (r)","population",1000,1000,931,931,0,-4.15783069518974e-05,0.00318201665365461,0.100624201781357,0.00225115141088786,0.100216199603211,0.995945287804289,0.0222811570190574,0.100573885690605,0.975295381310419,0.00508724110148977,0.39177498372782,"03b_2x2_to_cor_CONT",1000
0.1,100,0.3,0.1,"phi (r)","population",1000,1000,971,971,0,-0.0504849711077056,0.00330738748502709,0.104588775574217,0.00233984633446854,0.100207290282027,0.95810749989056,0.0214346550032506,0.11608878271342,0.935118434603502,0.0079046811059273,0.391801357090987,"03b_2x2_to_cor_CONT",1000
0.25,100,0.3,0.1,"phi (r)","population",1000,1000,989,989,0,-0.125579892943469,0.00340500206400183,0.107675619598202,0.00240890480307517,0.100767189047176,0.935840345504349,0.0209364971532943,0.16538668183531,0.731041456016178,0.0140998836703218,0.394158790431389,"03b_2x2_to_cor_CONT",1000
0.5,100,0.3,0.1,"phi (r)","population",1000,1000,961,961,0,-0.242381608478376,0.00350698417046409,0.110900576968227,0.00248105312529849,0.10386433867742,0.936553636751384,0.0209524548112802,0.266524826540565,0.304890738813736,0.0148503592489348,0.406863815164598,"03b_2x2_to_cor_CONT",1000
0,300,0.3,0.1,"phi (r)","population",1000,1000,995,995,0,0.00278427565076089,0.0019045167489076,0.0602261076848701,0.00134737056182241,0.0578037384949994,0.959778752388489,0.0214720440443765,0.0602603439562214,0.942713567839196,0.0073672299568614,0.22637449219002,"03b_2x2_to_cor_CONT",1000
0.1,300,0.3,0.1,"phi (r)","population",1000,1000,998,998,0,-0.0554808927062439,0.00189788992224139,0.0600165490256264,0.00134268234305328,0.0577931435894698,0.962953460799499,0.0215430682034962,0.0817099359091061,0.830661322645291,0.0118720250869765,0.22634258605976,"03b_2x2_to_cor_CONT",1000
0.25,300,0.3,0.1,"phi (r)","population",1000,1000,999,999,0,-0.131190810274641,0.00193771368270752,0.0612758869062858,0.00137085608452545,0.0581788940800638,0.949458212967876,0.0212411542935359,0.144782624241836,0.378378378378378,0.015344172339325,0.227876750476238,"03b_2x2_to_cor_CONT",1000
0.5,300,0.3,0.1,"phi (r)","population",1000,1000,1000,1000,0,-0.243922277940723,0.00199922454977653,0.0632210313141849,0.00141437259944635,0.0599307916532187,0.947956564570815,0.0212075596130529,0.251974164503864,0.027,0.00512552436341883,0.234827243725521,"03b_2x2_to_cor_CONT",1000
0,25,0.5,0.1,"phi (r)","population",1000,944,543,543,0.056,0.00680487504886076,0.00661405126023688,0.203213966855014,0.00467931960712857,0.192844777598785,0.948974032559353,0.0218516121993673,0.203220267137184,0.998158379373849,0.00183992406141857,0.749605941218862,"03b_2x2_to_cor_CONT",1000
0.1,25,0.5,0.1,"phi (r)","population",1000,935,517,517,0.0649999999999999,-0.0406146635228478,0.00650684717484316,0.198964874403938,0.0046034981837886,0.192892389410015,0.969479612860741,0.0224310831265811,0.202963625015647,0.996131528046422,0.00273012667121075,0.749781464674339,"03b_2x2_to_cor_CONT",1000
0.25,25,0.5,0.1,"phi (r)","population",1000,923,453,453,0.077,-0.126459953859191,0.00632391399153766,0.192126293835835,0.00447410680036962,0.192807072622156,1.00354339207158,0.0233698377525045,0.229923119379044,0.955849889624724,0.00965187398212005,0.749564854558955,"03b_2x2_to_cor_CONT",1000
0,50,0.5,0.1,"phi (r)","population",1000,997,803,803,0.003,-0.00383136735793634,0.00462127385562696,0.145918139833796,0.00326937409824183,0.140293796083414,0.96145548622818,0.02154192526623,0.14589525947178,0.991282689912827,0.00328044103586846,0.547348832016526,"03b_2x2_to_cor_CONT",1000
0.1,50,0.5,0.1,"phi (r)","population",1000,991,813,813,0.00900000000000001,-0.0540567242536353,0.00450893266068301,0.141941887668605,0.00318990670479821,0.140400119132007,0.989138029922515,0.0222292241243641,0.15181995401864,0.979089790897909,0.00501816776290673,0.547792937814945,"03b_2x2_to_cor_CONT",1000
0.25,50,0.5,0.1,"phi (r)","population",1000,991,731,731,0.00900000000000001,-0.135402816485203,0.00451717772056547,0.14220144341089,0.00319573978632321,0.140998734999554,0.991542220792653,0.0222832542961635,0.196302746607649,0.824897400820793,0.0140568359182529,0.550444749159433,"03b_2x2_to_cor_CONT",1000
0,100,0.5,0.1,"phi (r)","population",1000,1000,981,981,0,-0.0015206720600032,0.00315070328203418,0.0996339860259587,0.00222899843421439,0.100214881634833,1.00583029578605,0.0225023031178173,0.09959576639478,0.980632008154944,0.00440008256072875,0.391750321870433,"03b_2x2_to_cor_CONT",1000
0.1,100,0.5,0.1,"phi (r)","population",1000,1000,980,980,0,-0.0571311855350633,0.00315784578157488,0.0998598516933121,0.0022340514712247,0.10041497593598,1.00555903331774,0.0224962344695455,0.115004305792748,0.912244897959184,0.00903813598866573,0.392540970478128,"03b_2x2_to_cor_CONT",1000
0.25,100,0.5,0.1,"phi (r)","population",1000,1000,968,968,0,-0.135318815987388,0.00286310365022452,0.0905392871185154,0.00202553302614509,0.101603199245963,1.12220012416229,0.0251057136164483,0.162789272096308,0.731404958677686,0.0142459123142271,0.397175163489352,"03b_2x2_to_cor_CONT",1000
0,300,0.5,0.1,"phi (r)","population",1000,1000,996,996,0,0.000560882796034151,0.00183396378686239,0.0579950271275273,0.00129745712096472,0.0577165081025791,0.995197536086401,0.0222644284159488,0.0579687358656543,0.959839357429719,0.00622113941824714,0.226037568645996,"03b_2x2_to_cor_CONT",1000
0.1,300,0.5,0.1,"phi (r)","population",1000,1000,997,997,0,-0.0535107592688179,0.00180280091661274,0.0570095706433553,0.00127541061808132,0.0578322837071439,1.01443113944736,0.0226947200612587,0.0781680395770558,0.850551654964895,0.0112914137855808,0.226490079080502,"03b_2x2_to_cor_CONT",1000
0.25,300,0.5,0.1,"phi (r)","population",1000,1000,1000,1000,0,-0.136567335659511,0.00177064380288221,0.0559926734197001,0.00125266072710843,0.058500536350617,1.04478912646515,0.0233738849549619,0.147589570994518,0.355,0.0151319199046255,0.229100470540118,"03b_2x2_to_cor_CONT",1000
0,25,0.3,0.3,"phi (r)","population",1000,1000,890,890,0,0.00442917357389522,0.00623792012440806,0.197260354553304,0.00441308271373717,0.190958653070855,0.968053887479221,0.0216571742785052,0.197211443404191,0.980898876404494,0.0045882447101377,0.743865028482139,"03b_2x2_to_cor_CONT",1000
0.1,25,0.3,0.3,"phi (r)","population",1000,1000,913,913,0,-0.0345089249012927,0.00651676540444504,0.206078216550347,0.00461035476284908,0.189863800919628,0.921319119011505,0.0206116301836341,0.208845945622792,0.969331872946331,0.00570616709061645,0.740633550401539,"03b_2x2_to_cor_CONT",1000
0.25,25,0.3,0.3,"phi (r)","population",1000,1000,941,941,0,-0.0966266203608419,0.0065021972799652,0.205617532004416,0.00460004838876423,0.188382050491859,0.91617698479045,0.0204965910329946,0.227096883863424,0.956429330499469,0.0066547040771725,0.737158953734455,"03b_2x2_to_cor_CONT",1000
0.5,25,0.3,0.3,"phi (r)","population",1000,1000,939,939,0,-0.179698052656079,0.00669910612001787,0.211844336264298,0.00473935363488598,0.182172185065405,0.859934177509123,0.0192383343440247,0.277713044189214,0.791267305644302,0.013262458995116,0.721699209432966,"03b_2x2_to_cor_CONT",1000
0.75,25,0.3,0.3,"phi (r)","population",1000,1000,851,851,0,-0.230716769764704,0.00611482878043909,0.193367864481372,0.00432600043768259,0.168567668221494,0.871746030156594,0.0195025875582795,0.300971705869059,0.601645123384254,0.0167818752914776,0.68719768030914,"03b_2x2_to_cor_CONT",1000
0,50,0.3,0.3,"phi (r)","population",1000,1000,986,986,0,0.00614596637588616,0.00457898894009781,0.144800344314294,0.00323945426278713,0.138314735968171,0.955209993616824,0.021369832373896,0.14485836350214,0.968559837728195,0.00555734246214042,0.539905439479735,"03b_2x2_to_cor_CONT",1000
0.1,50,0.3,0.3,"phi (r)","population",1000,1000,987,987,0,-0.0427589949665737,0.00433098959858866,0.136957916540385,0.00306400449985255,0.138025581412595,1.00779556888115,0.0225462699490816,0.143412151098613,0.956433637284701,0.00649747318628888,0.538845929978277,"03b_2x2_to_cor_CONT",1000
0.25,50,0.3,0.3,"phi (r)","population",1000,1000,993,993,0,-0.0882031281727129,0.00460952973618564,0.145766129086217,0.00326106067271079,0.136526149614347,0.936610929234427,0.0209537365511773,0.170312384880968,0.89828801611279,0.00959222244009805,0.533976305088258,"03b_2x2_to_cor_CONT",1000
0.5,50,0.3,0.3,"phi (r)","population",1000,1000,1000,1000,0,-0.183728601531818,0.00454439691076921,0.143706448298637,0.00321498176496437,0.132312744822824,0.920715433366393,0.020598124607762,0.233210400197255,0.668,0.0148921455808087,0.520588605942987,"03b_2x2_to_cor_CONT",1000
0.75,50,0.3,0.3,"phi (r)","population",1000,1000,986,986,0,-0.225444525275063,0.00444179740915452,0.140461967179631,0.0031423966599961,0.120859743569684,0.860444617119172,0.0192497538318615,0.265584390799321,0.434077079107505,0.0157842376668348,0.484689725270736,"03b_2x2_to_cor_CONT",1000
0,100,0.3,0.3,"phi (r)","population",1000,1000,992,992,0,0.00528471042596556,0.00321659044144767,0.101717520949011,0.00227561100354294,0.0988485207503687,0.971794434509659,0.0217408573048149,0.10180390846245,0.942540322580645,0.00738883085893255,0.386533315500041,"03b_2x2_to_cor_CONT",1000
0.1,100,0.3,0.3,"phi (r)","population",1000,1000,993,993,0,-0.0405466410530813,0.0032141727930209,0.10164106819291,0.00227390061253644,0.0986732399360028,0.970800894661257,0.0217186299619698,0.109382841146771,0.929506545820745,0.008123178522121,0.385884985581468,"03b_2x2_to_cor_CONT",1000
0.25,100,0.3,0.3,"phi (r)","population",1000,1000,997,997,0,-0.102228809341668,0.00325343000597357,0.102882490268117,0.00230167354396482,0.0979350983853033,0.951912207121732,0.0212960547280632,0.144999832608112,0.80641925777332,0.0125130719399262,0.383246105634982,"03b_2x2_to_cor_CONT",1000
0.5,100,0.3,0.3,"phi (r)","population",1000,1000,1000,1000,0,-0.180445124840197,0.00327420965028887,0.103539600318162,0.00231637432359915,0.0947137909224833,0.914759093442911,0.02046487015421,0.208014834720519,0.469,0.0157809695519635,0.371749889338621,"03b_2x2_to_cor_CONT",1000
0.75,100,0.3,0.3,"phi (r)","population",1000,1000,999,999,0,-0.226329462185798,0.00303349652230058,0.0959275828466959,0.0021460792696535,0.0865519084584148,0.902262997669142,0.0201853091427067,0.245800578727902,0.166166166166166,0.0117768274612842,0.342799357416622,"03b_2x2_to_cor_CONT",1000
0,300,0.3,0.3,"phi (r)","population",1000,1000,1000,1000,0,0.00130717833065635,0.00179405637239907,0.056733043875203,0.00126922419758551,0.0575064998759868,1.01363325406063,0.022676869874303,0.0567197350510958,0.953,0.00669260786241059,0.22521914158139,"03b_2x2_to_cor_CONT",1000
0.1,300,0.3,0.3,"phi (r)","population",1000,1000,997,997,0,-0.0401993019246985,0.00186827490568891,0.0590800399731322,0.00132173088567514,0.0574286604123494,0.972048435283154,0.0217465397767202,0.0714348972655295,0.894684052156469,0.00972152369963046,0.22492390599273,"03b_2x2_to_cor_CONT",1000
0.25,300,0.3,0.3,"phi (r)","population",1000,1000,999,999,0,-0.0984836641128448,0.00190016148047055,0.0600883820040448,0.00134428938100094,0.0570475010875793,0.949393196903507,0.021239699762693,0.115351788609036,0.577577577577578,0.0156277300143878,0.223479487657418,"03b_2x2_to_cor_CONT",1000
0.5,300,0.3,0.3,"phi (r)","population",1000,1000,1000,1000,0,-0.183352166025822,0.00194691150422536,0.0615667475613668,0.00137736318085482,0.0552790150233827,0.897871289502231,0.0200870584250749,0.193402923264465,0.086,0.00886588969026798,0.216754970878758,"03b_2x2_to_cor_CONT",1000
0.75,300,0.3,0.3,"phi (r)","population",1000,1000,1000,1000,0,-0.223949328664967,0.00169637484712833,0.0536440828234548,0.00120011836711214,0.05031613648872,0.937962471169704,0.0209839730696352,0.230278335376642,0.002,0.00141279864099595,0.19787391999358,"03b_2x2_to_cor_CONT",1000
0,25,0.5,0.3,"phi (r)","population",1000,998,956,956,0.002,-0.00331006057041969,0.00657782674557454,0.207801032445477,0.0046535579234327,0.189892601451006,0.913819335815043,0.0204643411090072,0.207723272123494,0.960251046025105,0.00631867910902604,0.740274562757065,"03b_2x2_to_cor_CONT",1000
0.1,25,0.5,0.3,"phi (r)","population",1000,1000,940,940,0,-0.0411526645792097,0.00645404778509981,0.204094911284803,0.00456598451823883,0.189855032468621,0.930229133462758,0.0208109638553342,0.208102426419079,0.956382978723404,0.00666162212144203,0.740257660722135,"03b_2x2_to_cor_CONT",1000
0.25,25,0.5,0.3,"phi (r)","population",1000,1000,921,921,0,-0.0971324299395944,0.00626634525392145,0.19815923607378,0.00443319237291675,0.188881896652259,0.953182402166373,0.0213244713645804,0.220595840179439,0.920738327904452,0.008901637628994,0.738019205457103,"03b_2x2_to_cor_CONT",1000
0.5,25,0.5,0.3,"phi (r)","population",1000,999,863,863,0.001,-0.181006513068765,0.00577389925708906,0.182495410129632,0.00408480827904375,0.184236217433803,1.00953891006319,0.0225965841821099,0.256971972360926,0.797219003476246,0.013686646483813,0.7266504359062,"03b_2x2_to_cor_CONT",1000
0,50,0.5,0.3,"phi (r)","population",1000,1000,981,981,0,-0.000402204799383167,0.00457783307556969,0.144763792668539,0.00323863653417459,0.137796138346051,0.951868805078615,0.0212950837432617,0.144691951679465,0.946992864424057,0.00715329305872994,0.537941189066835,"03b_2x2_to_cor_CONT",1000
0.1,50,0.5,0.3,"phi (r)","population",1000,1000,982,982,0,-0.0378253861940952,0.00449747415757886,0.142222620556962,0.0031817857658404,0.137634982193401,0.967743258100605,0.0216502249188923,0.147097948201272,0.941955193482688,0.00746175632733152,0.537430666480429,"03b_2x2_to_cor_CONT",1000
0.25,50,0.5,0.3,"phi (r)","population",1000,1000,987,987,0,-0.0948832489913995,0.00437431950909888,0.138328128620621,0.00309465870433847,0.13687106013635,0.989466578498529,0.022136216186373,0.167685322660271,0.901722391084093,0.00947556557468529,0.535177556347021,"03b_2x2_to_cor_CONT",1000
0.5,50,0.5,0.3,"phi (r)","population",1000,1000,986,986,0,-0.188086165145865,0.00420775768822428,0.133060981368734,0.00297682277861154,0.134291269175652,1.00924604489057,0.022578719807637,0.230356083178468,0.677484787018256,0.0148862880662223,0.528242840022503,"03b_2x2_to_cor_CONT",1000
0,100,0.5,0.3,"phi (r)","population",1000,1000,994,994,0,0.00271449801951628,0.00320181934685505,0.101250417924546,0.00226516103610033,0.0986577522169071,0.974393530804276,0.0217990039453554,0.101236179216046,0.950704225352113,0.00686648329252985,0.385787170690497,"03b_2x2_to_cor_CONT",1000
0.1,100,0.5,0.3,"phi (r)","population",1000,1000,991,991,0,-0.0338608750067207,0.00321876137279638,0.101786171826069,0.00227714685193737,0.0985006899555094,0.967721726717715,0.0216497432216255,0.107222307410593,0.934409687184662,0.00786414821352207,0.385232450649193,"03b_2x2_to_cor_CONT",1000
0.25,100,0.5,0.3,"phi (r)","population",1000,1000,996,996,0,-0.0979450959337282,0.00312144882275127,0.0987088787954524,0.0022083020568985,0.097895387473163,0.99175868136467,0.0221874948102992,0.139021369320581,0.830321285140562,0.0118934294144301,0.383106419208419,"03b_2x2_to_cor_CONT",1000
0.5,100,0.5,0.3,"phi (r)","population",1000,1000,999,999,0,-0.193265092286696,0.00285143932822112,0.0901704288695918,0.0020172809779024,0.0959728092160693,1.06434903791873,0.0238114767220125,0.213246269446545,0.416416416416416,0.0155966997020819,0.376634435683296,"03b_2x2_to_cor_CONT",1000
0,300,0.5,0.3,"phi (r)","population",1000,1000,998,998,0,0.000188381243496555,0.00184218068082597,0.0582548681296975,0.00130327024969803,0.0574728047195053,0.986575140665481,0.0220715293193755,0.0582260381499595,0.94689378757515,0.00709836009644863,0.225087643679893,"03b_2x2_to_cor_CONT",1000
0.1,300,0.5,0.3,"phi (r)","population",1000,1000,999,999,0,-0.0369016719575035,0.00179756018085626,0.0568438440272997,0.00127170300401879,0.0573906120883863,1.00961877350913,0.0225870584432802,0.0677475075147077,0.907907907907908,0.0091484880444636,0.224775104519201,"03b_2x2_to_cor_CONT",1000
0.25,300,0.5,0.3,"phi (r)","population",1000,1000,1000,1000,0,-0.09827469099265,0.00177250589379425,0.0560515579046235,0.00125397808306225,0.057001343757894,1.01694486092406,0.0227509567075988,0.113121838104288,0.582,0.0155973074599432,0.223298487587142,"03b_2x2_to_cor_CONT",1000
0.5,300,0.5,0.3,"phi (r)","population",1000,1000,1000,1000,0,-0.186637433690942,0.00174931871284726,0.0553183148615141,0.00123757406611804,0.0556521307933248,1.00603445590572,0.0225068705611691,0.194655047450353,0.072,0.00817410545564467,0.218226998813881,"03b_2x2_to_cor_CONT",1000
0,25,0.3,0.5,"phi (r)","population",1000,998,952,952,0.002,-0.00636301561326083,0.00653187499213189,0.206349364261226,0.00462104883576594,0.189856104098701,0.920071184994562,0.020604346872901,0.20634408813386,0.970588235294118,0.00547595132009504,0.740116684552329,"03b_2x2_to_cor_CONT",1000
0.1,25,0.3,0.5,"phi (r)","population",1000,1000,955,955,0,-0.031846660361137,0.00619192295282343,0.195805796271974,0.00438054152713129,0.190001734629518,0.97035807032804,0.0217087231542153,0.198282071100757,0.963350785340314,0.00608027018934253,0.740527767101489,"03b_2x2_to_cor_CONT",1000
0.25,25,0.3,0.5,"phi (r)","population",1000,1000,930,930,0,-0.109009094627803,0.00654843365788791,0.207079654654337,0.00463275880442957,0.188920056086225,0.91230621570031,0.0204099946958885,0.233927518902674,0.904301075268817,0.00964647356238338,0.738067256252808,"03b_2x2_to_cor_CONT",1000
0.5,25,0.3,0.5,"phi (r)","population",1000,1000,854,854,0,-0.191119170450552,0.00586275974162843,0.185396741578861,0.00414767152425342,0.185100967728048,0.998404643747811,0.0223361774068381,0.266203150150366,0.783372365339578,0.0140965266604847,0.729338017692148,"03b_2x2_to_cor_CONT",1000
0,50,0.3,0.5,"phi (r)","population",1000,1000,982,982,0,-0.00388643162625004,0.00462955402767251,0.146399352782513,0.00327522706997993,0.13770300370793,0.940598445899535,0.0210429447496791,0.146377737635984,0.95213849287169,0.0068122017686336,0.537587514666138,"03b_2x2_to_cor_CONT",1000
0.1,50,0.3,0.5,"phi (r)","population",1000,1000,985,985,0,-0.0412030139109357,0.00458199213713999,0.14489531374345,0.0032415789063684,0.137713956897371,0.950437618301489,0.0212630654208747,0.150570068898877,0.938071065989848,0.00767974071200142,0.537756123249931,"03b_2x2_to_cor_CONT",1000
0.25,50,0.3,0.5,"phi (r)","population",1000,1000,990,990,0,-0.0972957743366086,0.00451151697384808,0.142666693398702,0.00319172050506339,0.136811359249882,0.958957945899425,0.0214536810695334,0.172626473414926,0.875757575757576,0.0104835727322855,0.53495914512381,"03b_2x2_to_cor_CONT",1000
0.5,50,0.3,0.5,"phi (r)","population",1000,1000,986,986,0,-0.193259065115054,0.00426038852701219,0.134725314626083,0.00301405702339701,0.134477293004797,0.998159057026706,0.0223306831730065,0.235545803910493,0.669371196754564,0.0149818483042138,0.528826709146313,"03b_2x2_to_cor_CONT",1000
0,100,0.3,0.5,"phi (r)","population",1000,1000,987,987,0,-0.00199342026623378,0.00319504816591766,0.101036294382434,0.0022603706923719,0.0986610432448742,0.976491109931558,0.0218459307097743,0.101005436359184,0.947315096251266,0.00711101751345879,0.385800718867046,"03b_2x2_to_cor_CONT",1000
0.1,100,0.3,0.5,"phi (r)","population",1000,1000,989,989,0,-0.0370724159616292,0.00303722278589095,0.0960454176477733,0.00214871545432876,0.0985497328322903,1.02607428075019,0.0229551988874954,0.102907052985284,0.938321536905966,0.00764970113708676,0.385404917483088,"03b_2x2_to_cor_CONT",1000
0.25,100,0.3,0.5,"phi (r)","population",1000,1000,997,997,0,-0.0958544980232201,0.00305290120073642,0.0965412126579001,0.00215980731510182,0.0978912444213036,1.01398399425733,0.0226847165878636,0.136010919881456,0.831494483450351,0.0118546618029098,0.383096054524928,"03b_2x2_to_cor_CONT",1000
0.5,100,0.3,0.5,"phi (r)","population",1000,1000,1000,1000,0,-0.187846927203488,0.00282118434074811,0.0892136821596459,0.00199587676631286,0.0958528516810312,1.07441873668553,0.0240367546987299,0.207936504883559,0.455,0.0157472219772251,0.37622909901689,"03b_2x2_to_cor_CONT",1000
0,300,0.3,0.5,"phi (r)","population",1000,1000,995,995,0,-0.00184236075525525,0.00190756997922912,0.060322659305241,0.0013495306019775,0.0574672330676497,0.952664118749433,0.0213128763961271,0.0603206324202841,0.94070351758794,0.00748737024270694,0.225066441779731,"03b_2x2_to_cor_CONT",1000
0.1,300,0.3,0.5,"phi (r)","population",1000,1000,997,997,0,-0.0399369821525821,0.00175861155696288,0.0556121803949765,0.00124414838719144,0.0574014960168072,1.03217488703234,0.0230916808490537,0.0684440241155558,0.903711133400201,0.00934233152074234,0.224816499662638,"03b_2x2_to_cor_CONT",1000
0.25,300,0.3,0.5,"phi (r)","population",1000,1000,1000,1000,0,-0.0964093465851995,0.00187085652002506,0.0591616777865559,0.00132355727610227,0.0569817646495043,0.963153290802259,0.0215475387740417,0.113098921848915,0.6,0.0154919333848297,0.22322382368661,"03b_2x2_to_cor_CONT",1000
0.5,300,0.3,0.5,"phi (r)","population",1000,1000,1000,1000,0,-0.188578439472922,0.00169163127204391,0.0534940778082667,0.00119676247463695,0.0556543736208903,1.04038383127879,0.0232753302703175,0.196011689902003,0.05,0.00689202437604511,0.218231999961918,"03b_2x2_to_cor_CONT",1000
0,25,0.5,0.5,"phi (r)","population",1000,1000,986,986,0,-0.0064967644484537,0.00630784596264314,0.199471603714497,0.0044625524892079,0.188922684112187,0.947115682604085,0.0211887475122632,0.199477667211253,0.96551724137931,0.00581088874185175,0.736312743301126,"03b_2x2_to_cor_CONT",1000
0.1,25,0.5,0.5,"phi (r)","population",1000,1000,988,988,0,-0.0276460456639947,0.00659456198447832,0.208538360421115,0.00466539277803452,0.187977127417015,0.901403113736108,0.0201660719324255,0.21025951431556,0.944331983805668,0.00729435254952215,0.733520076975416,"03b_2x2_to_cor_CONT",1000
0.25,25,0.5,0.5,"phi (r)","population",1000,1000,986,986,0,-0.0786456677200845,0.00632947433798238,0.200155552996107,0.00447785371260163,0.18633823000082,0.930967076414032,0.0208274730180058,0.214958889560121,0.936105476673428,0.00778853458678693,0.729191498297203,"03b_2x2_to_cor_CONT",1000
0.5,25,0.5,0.5,"phi (r)","population",1000,1000,977,977,0,-0.1734232947051,0.00602121526392631,0.19040754516179,0.00425977256312577,0.179491315313088,0.942669131943137,0.0210892698655661,0.257477022989735,0.820880245649949,0.0122677343462183,0.710113801172837,"03b_2x2_to_cor_CONT",1000
0.75,25,0.5,0.5,"phi (r)","population",1000,1000,905,905,0,-0.208899338660983,0.00552114105336352,0.1745938101169,0.00390598976209483,0.16217960827464,0.928896666875257,0.0207811540880484,0.272197445295875,0.629834254143646,0.0160504407419894,0.663407703113777,"03b_2x2_to_cor_CONT",1000
0,50,0.5,0.5,"phi (r)","population",1000,1000,971,971,0,-0.000770338920097494,0.00441821510838406,0.139716229350613,0.00312571311134452,0.137303889950242,0.982734007268992,0.0219855959881109,0.139648478478145,0.955715756951596,0.00660205854253086,0.535942833488133,"03b_2x2_to_cor_CONT",1000
0.1,50,0.5,0.5,"phi (r)","population",1000,1000,976,976,0,-0.0379698650106553,0.0045750851430117,0.144676895411142,0.00323669248015846,0.136958189874757,0.946648664844168,0.0211782994523478,0.149506465782146,0.939549180327869,0.00762844373141867,0.534786641892944,"03b_2x2_to_cor_CONT",1000
0.25,50,0.5,0.5,"phi (r)","population",1000,1000,985,985,0,-0.0889084478157307,0.00451317005434432,0.142718968393939,0.00319288999438305,0.135426755668732,0.948905090842033,0.0212287799180681,0.168086428150798,0.883248730964467,0.0102318508487463,0.529539746652014,"03b_2x2_to_cor_CONT",1000
0.5,50,0.5,0.5,"phi (r)","population",1000,1000,998,998,0,-0.175036007748772,0.00425116386518533,0.134433605205906,0.00300753093860652,0.130065649652185,0.967508454846311,0.0216449719313622,0.220662470354787,0.692384769539078,0.0146087278813049,0.511581084958773,"03b_2x2_to_cor_CONT",1000
0.75,50,0.5,0.5,"phi (r)","population",1000,1000,999,999,0,-0.209485366022249,0.00379852206138962,0.120119814563891,0.00268730469652471,0.116106564801516,0.966589610740357,0.0216244156718453,0.241450739610564,0.454454454454454,0.015753532208937,0.465841602277338,"03b_2x2_to_cor_CONT",1000
0,100,0.5,0.5,"phi (r)","population",1000,1000,987,987,0,0.00421004824743297,0.00325878638153694,0.103051873735952,0.00230546296863451,0.098485218180819,0.95568585616566,0.0213804783082661,0.103086340016783,0.945288753799392,0.00723872324548366,0.385115400895277,"03b_2x2_to_cor_CONT",1000
0.1,100,0.5,0.5,"phi (r)","population",1000,1000,989,989,0,-0.0275720832674793,0.00321400440576872,0.101635743320452,0.00227378148518998,0.0982388767203637,0.966578031614549,0.0216241566251652,0.105260221696941,0.933265925176946,0.00793557464045173,0.384209788395898,"03b_2x2_to_cor_CONT",1000
0.25,100,0.5,0.5,"phi (r)","population",1000,1000,997,997,0,-0.0941215185134983,0.00307890772169435,0.0973636110603396,0.00217820590402167,0.0973423216366617,0.999781341063195,0.022366976698152,0.135384834206927,0.844533600802407,0.0114756992352073,0.380929467833782,"03b_2x2_to_cor_CONT",1000
0.5,100,0.5,0.5,"phi (r)","population",1000,1000,1000,1000,0,-0.167130346958195,0.00292215534069646,0.0924066655342614,0.00206730977051522,0.09296553349061,1.00604791822232,0.0225071717383458,0.190952888738799,0.518,0.0158011391994375,0.364922900817961,"03b_2x2_to_cor_CONT",1000
0.75,100,0.5,0.5,"phi (r)","population",1000,1000,1000,1000,0,-0.208490645155945,0.00263236759522635,0.0832427723973545,0.00186229635824291,0.0830001599174934,0.997085482944957,0.0223066653148169,0.224478905277942,0.19,0.0124056438768812,0.328812992213258,"03b_2x2_to_cor_CONT",1000
0,300,0.5,0.5,"phi (r)","population",1000,1000,997,997,0,0.000364676832321934,0.00190878841757765,0.0603611897089395,0.00135039259910257,0.0574387074520567,0.951583421881264,0.0212886991878964,0.0603321037180665,0.938816449348044,0.00759032032720518,0.224954516646665,"03b_2x2_to_cor_CONT",1000
0.1,300,0.5,0.5,"phi (r)","population",1000,1000,998,998,0,-0.0365585216844709,0.00181145536838774,0.0572832484384463,0.00128153330172642,0.0573331070310897,1.00087038696307,0.0223913406898224,0.0679309553065687,0.891783567134269,0.00983356672793415,0.224549522499739,"03b_2x2_to_cor_CONT",1000
0.25,300,0.5,0.5,"phi (r)","population",1000,1000,1000,1000,0,-0.0885061347543082,0.00180471015059608,0.057069945923091,0.00127676132590065,0.0566951131023428,0.993432045279082,0.0222249310877569,0.105295097882497,0.646,0.0151223014121528,0.222101969312452,"03b_2x2_to_cor_CONT",1000
0.5,300,0.5,0.5,"phi (r)","population",1000,1000,1000,1000,0,-0.168262128156464,0.00171672470873105,0.0542876019507926,0.00121451509241077,0.0542039866365912,0.998459771454315,0.0223374107166391,0.176794627615164,0.109,0.00985489725973843,0.212554286576315,"03b_2x2_to_cor_CONT",1000
0.75,300,0.5,0.5,"phi (r)","population",1000,1000,1000,1000,0,-0.209093918417333,0.00153775079812385,0.0486279499581315,0.00108789810223482,0.0483448937642345,0.994179146064338,0.0222416451282863,0.214668534160756,0.005,0.00223047080231955,0.190144813011286,"03b_2x2_to_cor_CONT",1000
0,25,0.3,0.1,"phi (z)","population",1000,920,433,433,0.08,0.00908457252877999,0.0072206407106003,0.21901287653892,0.0051085411468969,0.208474467057278,0.951882237938785,0.0222029391894976,0.219082249156821,0.983833718244804,0.006060688664558,0.815775153857265,"03b_2x2_to_cor_CONT",1000
0.1,25,0.3,0.1,"phi (z)","population",1000,911,458,458,0.089,-0.0427154947953315,0.00746684266628815,0.225370043697527,0.00528275530611626,0.209542980869472,0.929772996586463,0.0217942151965543,0.229260804221812,1,0,0.820116496876806,"03b_2x2_to_cor_CONT",1000
0.25,25,0.3,0.1,"phi (z)","population",1000,916,502,502,0.084,-0.115315397635864,0.00779460019424882,0.235907409049348,0.00551462564282776,0.212409510659122,0.90039355489123,0.0210478060288533,0.26246750424406,0.98406374501992,0.00558924172160134,0.830662167397829,"03b_2x2_to_cor_CONT",1000
0.5,25,0.3,0.1,"phi (z)","population",1000,945,500,500,0.055,-0.227812288691299,0.00791449620252569,0.243298358773965,0.0055993573415908,0.220508485704632,0.906329524028947,0.0208585988818229,0.333211480910747,0.816,0.0173288199251998,0.860783233390159,"03b_2x2_to_cor_CONT",1000
0,50,0.3,0.1,"phi (z)","population",1000,996,735,735,0.004,-0.0106073938885487,0.00459520661273538,0.145022274559711,0.00325093416172264,0.145251691639864,1.00158194374519,0.0224522540869759,0.145337059966704,0.989115646258503,0.00382720028487931,0.569000417692652,"03b_2x2_to_cor_CONT",1000
0.1,50,0.3,0.1,"phi (z)","population",1000,998,821,821,0.002,-0.0432702881854188,0.00461375062419381,0.145753632656632,0.00326405005854017,0.146776955234415,1.0070209061629,0.0225515247050869,0.15197089384955,0.996345919610231,0.00210582629107375,0.574723693773981,"03b_2x2_to_cor_CONT",1000
0.25,50,0.3,0.1,"phi (z)","population",1000,994,857,857,0.00600000000000001,-0.128059960534132,0.00520855781601647,0.164214189629427,0.00368486056992163,0.150075268701543,0.913899517698251,0.0205073161170549,0.208179068335725,0.864644107351225,0.0116860264706249,0.586809452408348,"03b_2x2_to_cor_CONT",1000
0.5,50,0.3,0.1,"phi (z)","population",1000,999,805,805,0.001,-0.231792934385169,0.00541176472899514,0.171049438129781,0.00382861224017635,0.159506320207026,0.932515896871888,0.020872572374157,0.288021852500672,0.604968944099379,0.0172299580492368,0.622319600285301,"03b_2x2_to_cor_CONT",1000
0,100,0.3,0.1,"phi (z)","population",1000,1000,931,931,0,3.26799020982064e-05,0.0032129669329771,0.101602935550132,0.00227304751406638,0.102234983244362,1.00622076213455,0.0225110385796225,0.101552126633901,0.975295381310419,0.00508724110148977,0.400573403617977,"03b_2x2_to_cor_CONT",1000
0.1,100,0.3,0.1,"phi (z)","population",1000,1000,971,971,0,-0.0498710492948732,0.00335002339818208,0.105937041531126,0.00237000956316915,0.102698355570925,0.969428200812566,0.0216879202356864,0.117040829069905,0.937178166838311,0.00778675963297732,0.402329292225755,"03b_2x2_to_cor_CONT",1000
0.25,100,0.3,0.1,"phi (z)","population",1000,1000,989,989,0,-0.12341201522098,0.00349904722788047,0.110649588806005,0.0024754380511364,0.104969750986916,0.948668242870315,0.0212234811863887,0.165715459967797,0.753286147623862,0.0137081425553338,0.410890856098993,"03b_2x2_to_cor_CONT",1000
0.5,100,0.3,0.1,"phi (z)","population",1000,1000,961,961,0,-0.23279418549669,0.00380011585615678,0.120170214779762,0.00268843224352691,0.114803675931151,0.955342188091728,0.021372789811306,0.261953378372491,0.45369406867846,0.0160597142947946,0.447797359318861,"03b_2x2_to_cor_CONT",1000
0,300,0.3,0.1,"phi (z)","population",1000,1000,995,995,0,0.0028154960903288,0.00191210943091365,0.0604662093717551,0.00135274208518975,0.0582184106123687,0.96282553871425,0.0215402063474258,0.0605015151177869,0.942713567839196,0.0073672299568614,0.228192297251838,"03b_2x2_to_cor_CONT",1000
0.1,300,0.3,0.1,"phi (z)","population",1000,1000,998,998,0,-0.0552845365904971,0.00190849021418784,0.0603517596897617,0.00135018163195351,0.0583243853111526,0.966407369246054,0.0216203385890982,0.0818234229837588,0.832665330661323,0.0118157946742299,0.228609222794567,"03b_2x2_to_cor_CONT",1000
0.25,300,0.3,0.1,"phi (z)","population",1000,1000,999,999,0,-0.130158760211584,0.00197390581849561,0.0624203827310504,0.00139646059462405,0.0594870148908291,0.95300625033236,0.0213205305189125,0.144338874652421,0.398398398398398,0.0154892553592344,0.233109197645475,"03b_2x2_to_cor_CONT",1000
0.5,300,0.3,0.1,"phi (z)","population",1000,1000,1000,1000,0,-0.236919755216528,0.00214849055208201,0.0679412367593176,0.00151997241499152,0.0648839340013958,0.955000778558797,0.0213651518421281,0.246459664149314,0.064,0.00773976743836661,0.25391113351687,"03b_2x2_to_cor_CONT",1000
0,25,0.5,0.1,"phi (z)","population",1000,944,543,543,0.056,0.00698286305201877,0.00683190389897101,0.209907398333713,0.00483344634183078,0.205160122195513,0.977383950371049,0.0225057950171656,0.209912365859533,0.998158379373849,0.00183992406141857,0.803759953719916,"03b_2x2_to_cor_CONT",1000
0.1,25,0.5,0.1,"phi (z)","population",1000,935,517,517,0.0649999999999999,-0.0385782957986325,0.00672055141346757,0.205499473397116,0.00475469077337007,0.205182042174662,0.998455318560155,0.0231015010029065,0.208981225620671,0.996131528046422,0.00273012667121075,0.803844603718785,"03b_2x2_to_cor_CONT",1000
0.25,25,0.5,0.1,"phi (z)","population",1000,923,453,453,0.077,-0.121865124072712,0.00658599679416836,0.20008860920175,0.00465952779930778,0.205370212713941,1.0263963227755,0.0239020213002606,0.234186217877516,0.955849889624724,0.00965187398212005,0.804509880302584,"03b_2x2_to_cor_CONT",1000
0,50,0.5,0.1,"phi (z)","population",1000,997,803,803,0.003,-0.00396497339379817,0.00471046730758143,0.148734450444496,0.00333247504630568,0.145589092821194,0.978852528019559,0.0219317153079859,0.148712707126136,0.991282689912827,0.00328044103586846,0.570307316953581,"03b_2x2_to_cor_CONT",1000
0.1,50,0.5,0.1,"phi (z)","population",1000,991,813,813,0.00900000000000001,-0.0531318976861149,0.00459589520311389,0.144679481764151,0.00325142955688812,0.145861429641764,1.00816942294236,0.0226569228762462,0.154058523758191,0.979089790897909,0.00501816776290673,0.571388861129572,"03b_2x2_to_cor_CONT",1000
0.25,50,0.5,0.1,"phi (z)","population",1000,991,731,731,0.00900000000000001,-0.132721194754517,0.00464619551910506,0.146262943381214,0.00328701521036944,0.14795288201371,1.01155411338942,0.0227329881373757,0.197449175766324,0.845417236662107,0.0133708000356492,0.579195137713382,"03b_2x2_to_cor_CONT",1000
0,100,0.5,0.1,"phi (z)","population",1000,1000,981,981,0,-0.00152736459410298,0.00318095044069547,0.10059048516714,0.00225039710722809,0.10231826721534,1.01717639640895,0.0227561365890216,0.100551778219273,0.980632008154944,0.00440008256072875,0.400826740577829,"03b_2x2_to_cor_CONT",1000
0.1,100,0.5,0.1,"phi (z)","population",1000,1000,980,980,0,-0.0566972249621845,0.00319317123760498,0.100976940697704,0.00225904283954173,0.102730662766293,1.01736755002153,0.0227604130525069,0.115761485514516,0.912244897959184,0.00903813598866573,0.402388255426831,"03b_2x2_to_cor_CONT",1000
0.25,100,0.5,0.1,"phi (z)","population",1000,1000,968,968,0,-0.133855109706108,0.00292476505110306,0.0924891918234442,0.0020691560378052,0.105060734568919,1.13592445233464,0.0254127524816688,0.162674173574,0.753099173553719,0.0138595675231273,0.411125157267518,"03b_2x2_to_cor_CONT",1000
0,300,0.5,0.1,"phi (z)","population",1000,1000,996,996,0,0.000570290558653795,0.00184013034344892,0.0581900307688649,0.00130181971678713,0.0581119489313719,0.998658157824265,0.0223418489904213,0.0581637243694199,0.959839357429719,0.00622113941824714,0.22778308185208,"03b_2x2_to_cor_CONT",1000
0.1,300,0.5,0.1,"phi (z)","population",1000,1000,997,997,0,-0.0533249379226813,0.00181261162110388,0.057319812359784,0.00128235130496669,0.0583565958054967,1.01808769783134,0.0227765241046136,0.0782676455026578,0.852557673019057,0.0112285943549918,0.2287251140274,"03b_2x2_to_cor_CONT",1000
0.25,300,0.5,0.1,"phi (z)","population",1000,1000,1000,1000,0,-0.135718506425511,0.001798008544182,0.0568580225205862,0.00127202020340623,0.0597053763406845,1.05007831250317,0.0234922139295143,0.14713638189312,0.379,0.0153414145371279,0.23392487371123,"03b_2x2_to_cor_CONT",1000
0,25,0.3,0.3,"phi (z)","population",1000,1000,890,890,0,0.00518463949805139,0.00649480708581326,0.205383833545706,0.00459482011757565,0.20664253729288,1.00612854344689,0.0225089754752683,0.205346577886199,0.980898876404494,0.0045882447101377,0.809118663176878,"03b_2x2_to_cor_CONT",1000
0.1,25,0.3,0.3,"phi (z)","population",1000,1000,913,913,0,-0.0303807458737217,0.00688248747197737,0.217643363790228,0.00486908871616534,0.208004274837407,0.955711542107429,0.0213810529507778,0.219645748622565,0.969331872946331,0.00570616709061645,0.814151467747904,"03b_2x2_to_cor_CONT",1000
0.25,25,0.3,0.3,"phi (z)","population",1000,1000,941,941,0,-0.0873995619067666,0.00701632234138363,0.221875593966978,0.00496377161317151,0.21184010323447,0.954769740316725,0.0213599830849564,0.238365756434299,0.956429330499469,0.0066547040771725,0.828093341102623,"03b_2x2_to_cor_CONT",1000
0.5,25,0.3,0.3,"phi (z)","population",1000,1000,939,939,0,-0.147960560174572,0.00798597154781765,0.25253859420404,0.0056497602225093,0.225365023306956,0.892398344170994,0.0199646184117777,0.292582113582091,0.856230031948882,0.0114497636054906,0.878235012266433,"03b_2x2_to_cor_CONT",1000
0.75,25,0.3,0.3,"phi (z)","population",1000,998,851,851,0.002,-0.135628086829067,0.00904707877623112,0.285807514097452,0.00640045819865584,0.254346610475433,0.889922755455299,0.019929194004263,0.316226285145771,0.829612220916569,0.0128881924219096,0.985702542433486,"03b_2x2_to_cor_CONT",1000
0,50,0.3,0.3,"phi (z)","population",1000,1000,986,986,0,0.00640490964849797,0.00467476859561254,0.147829162963622,0.00330721459534187,0.14426007197509,0.975856651576858,0.0218317366908897,0.147893985099828,0.968559837728195,0.00555734246214042,0.565249430209006,"03b_2x2_to_cor_CONT",1000
0.1,50,0.3,0.3,"phi (z)","population",1000,1000,987,987,0,-0.0416118733599178,0.00442227629718456,0.139844655416789,0.00312858624240988,0.144178856370902,1.03099296817026,0.0230652391156849,0.145837303614382,0.956433637284701,0.00649747318628888,0.56498024809913,"03b_2x2_to_cor_CONT",1000
0.25,50,0.3,0.3,"phi (z)","population",1000,1000,993,993,0,-0.0828720797867077,0.00486569988575428,0.153866940498046,0.00344229096041732,0.14689425433668,0.954683662788146,0.0213580573698056,0.174697286616093,0.901309164149043,0.0094645655354815,0.575215228623816,"03b_2x2_to_cor_CONT",1000
0.5,50,0.3,0.3,"phi (z)","population",1000,1000,1000,1000,0,-0.163780133504817,0.00524037123206537,0.165715088781494,0.00370735617586764,0.155722043196161,0.939697430941192,0.0210227873615081,0.232933383803318,0.757,0.0135628536820243,0.608312470472888,"03b_2x2_to_cor_CONT",1000
0.75,50,0.3,0.3,"phi (z)","population",1000,1000,986,986,0,-0.146181862487683,0.0064490322770478,0.203936306994131,0.00456243624390323,0.181462031895459,0.889797577342034,0.0199064343982625,0.25083373818819,0.795131845841785,0.0128534094880134,0.704256416005855,"03b_2x2_to_cor_CONT",1000
0,100,0.3,0.3,"phi (z)","population",1000,1000,992,992,0,0.00536313555811339,0.0032495691137248,0.102760398135051,0.00229894211481811,0.100930527940801,0.982192846393561,0.0219734892081645,0.10284893265593,0.942540322580645,0.00738883085893255,0.395605100375211,"03b_2x2_to_cor_CONT",1000
0.1,100,0.3,0.3,"phi (z)","population",1000,1000,993,993,0,-0.0398562778221817,0.00326276220293428,0.103177600247808,0.00230827570562562,0.101132493133601,0.980178768363527,0.0219284305193135,0.110559913429518,0.929506545820745,0.008123178522121,0.396362049693537,"03b_2x2_to_cor_CONT",1000
0.25,100,0.3,0.3,"phi (z)","population",1000,1000,997,997,0,-0.0994100280915746,0.00337632038193546,0.106768625173657,0.00238861364307254,0.10239387497852,0.959025882481661,0.021455200937818,0.14584407244492,0.818455366098295,0.0122079187268808,0.401251001171087,"03b_2x2_to_cor_CONT",1000
0.5,100,0.3,0.3,"phi (z)","population",1000,1000,1000,1000,0,-0.164371858800916,0.00372695856251647,0.117856778026191,0.00263667634067644,0.108486787748144,0.920496806081322,0.0205932335068883,0.202223732218195,0.636,0.0152152555022911,0.424727825839228,"03b_2x2_to_cor_CONT",1000
0.75,100,0.3,0.3,"phi (z)","population",1000,1000,999,999,0,-0.159114633823777,0.00428565878832153,0.135524430454135,0.00303193473762415,0.124269175407913,0.916950360842643,0.0205138929003408,0.208964042542113,0.687687687687688,0.0146624800156952,0.48513328047559,"03b_2x2_to_cor_CONT",1000
0,300,0.3,0.3,"phi (z)","population",1000,1000,1000,1000,0,0.0013145296576487,0.00179975757300493,0.0569133316683234,0.00127325757238665,0.0578864218883597,1.01709775533274,0.0227543772412054,0.0569000543276352,0.953,0.00669260786241059,0.22690901705438,"03b_2x2_to_cor_CONT",1000
0.1,300,0.3,0.3,"phi (z)","population",1000,1000,997,997,0,-0.0399202985339719,0.00188109805071356,0.0594855434235776,0.0013308027555477,0.0580366695574165,0.975643260819791,0.0218269627409319,0.0716143950722435,0.895687061183551,0.00968054173467349,0.227495446539577,"03b_2x2_to_cor_CONT",1000
0.25,300,0.3,0.3,"phi (z)","population",1000,1000,999,999,0,-0.0967308659421638,0.00195215752088637,0.0617326411742867,0.00138107453094924,0.0588262626820136,0.952919906924642,0.0213185988555486,0.114734338771301,0.607607607607608,0.0154486006501241,0.230575609109114,"03b_2x2_to_cor_CONT",1000
0.5,300,0.3,0.3,"phi (z)","population",1000,1000,1000,1000,0,-0.170607488759044,0.0021685768109335,0.0685764200357421,0.00153418265172962,0.0620161164140912,0.904335869118982,0.0202316831502147,0.183861191881814,0.238,0.0134668481835951,0.24301481430798,"03b_2x2_to_cor_CONT",1000
0.75,300,0.3,0.3,"phi (z)","population",1000,1000,1000,1000,0,-0.16240140718666,0.00236434943478229,0.0747672939844376,0.00167268406965408,0.0704481217888296,0.942231797281483,0.021079485872022,0.178770174127881,0.371,0.0152760924322943,0.27588072085719,"03b_2x2_to_cor_CONT",1000
0,25,0.5,0.3,"phi (z)","population",1000,998,956,956,0.002,-0.00373351600043934,0.00689136372545082,0.217706022444182,0.00487537320580907,0.206884102322559,0.950291131131217,0.0212811013054221,0.217628951328162,0.960251046025105,0.00631867910902604,0.810117576166427,"03b_2x2_to_cor_CONT",1000
0.1,25,0.5,0.3,"phi (z)","population",1000,1000,940,940,0,-0.0390759809751162,0.00675670892764249,0.213665896981441,0.00478010535172766,0.207036406606005,0.968972632183731,0.0216777283142261,0.217104570901947,0.956382978723404,0.00666162212144203,0.810715325720308,"03b_2x2_to_cor_CONT",1000
0.25,25,0.5,0.3,"phi (z)","population",1000,1000,921,921,0,-0.0893865381428388,0.00668800287763047,0.211493220910727,0.00473149852836505,0.20954059518942,0.990767431159741,0.0221653186910568,0.229509490674925,0.928338762214984,0.00849895598008982,0.820021336098812,"03b_2x2_to_cor_CONT",1000
0.5,25,0.5,0.3,"phi (z)","population",1000,999,863,863,0.001,-0.155509431086185,0.00669727783504239,0.211680601069986,0.00473806256907738,0.220339046127495,1.04090334689973,0.0232986166944151,0.262577619944465,0.870220162224797,0.0114396512904906,0.860534677862828,"03b_2x2_to_cor_CONT",1000
0,50,0.5,0.3,"phi (z)","population",1000,1000,981,981,0,-0.000341873445305741,0.00467449792919944,0.147820603740107,0.00330702310951886,0.143822298490904,0.972951637674049,0.0217667461018446,0.147747070484163,0.946992864424057,0.00715329305872994,0.56358712512926,"03b_2x2_to_cor_CONT",1000
0.1,50,0.5,0.3,"phi (z)","population",1000,1000,982,982,0,-0.0366280300272674,0.00460901454149394,0.145749837199575,0.0032606961927651,0.144170316087092,0.989162793298219,0.0221294199438173,0.150211133450012,0.941955193482688,0.00746175632733152,0.564903579129311,"03b_2x2_to_cor_CONT",1000
0.25,50,0.5,0.3,"phi (z)","population",1000,1000,987,987,0,-0.0903831776158045,0.00457495171313908,0.144672675988088,0.00323659808378072,0.146509006371035,1.01269300073705,0.0226558346505843,0.170523815903547,0.912867274569402,0.00897709646725516,0.573751806654825,"03b_2x2_to_cor_CONT",1000
0.5,50,0.5,0.3,"phi (z)","population",1000,1000,986,986,0,-0.170190808063437,0.00479223914687554,0.151543907963489,0.00339032038201641,0.156654032476979,1.03372042190387,0.0231262573519726,0.227832178662478,0.768762677484787,0.0134272369790546,0.61176770599343,"03b_2x2_to_cor_CONT",1000
0,100,0.5,0.3,"phi (z)","population",1000,1000,994,994,0,0.00279357897841873,0.0032378430930602,0.102389588803147,0.00229064641720355,0.100712424138928,0.983619773418134,0.0220054122319276,0.102376502923723,0.950704225352113,0.00686648329252985,0.394761918256427,"03b_2x2_to_cor_CONT",1000
0.1,100,0.5,0.3,"phi (z)","population",1000,1000,991,991,0,-0.0330729613477103,0.00326787489030251,0.103339277618288,0.00231189273049857,0.10103835996005,0.97773433576014,0.021873743994536,0.108453437311494,0.935418768920283,0.00780763266440902,0.396021266153993,"03b_2x2_to_cor_CONT",1000
0.25,100,0.5,0.3,"phi (z)","population",1000,1000,996,996,0,-0.0951646691056886,0.00323114446407965,0.102177759555358,0.00228590740112604,0.102405519834051,1.00222905923642,0.0224217367272659,0.139592866935241,0.842369477911647,0.0115462723949933,0.401281175936065,"03b_2x2_to_cor_CONT",1000
0.5,100,0.5,0.3,"phi (z)","population",1000,1000,999,999,0,-0.179987734701331,0.00317772538185747,0.100488499851979,0.00224811550516765,0.108598675418336,1.08070749964725,0.024177446076782,0.206115077825024,0.615615615615616,0.0153905782648069,0.42503679540699,"03b_2x2_to_cor_CONT",1000
0,300,0.5,0.3,"phi (z)","population",1000,1000,998,998,0,0.000192806618517586,0.00184831794290886,0.0584489453974906,0.00130761212081332,0.0578624957927858,0.989966463881998,0.0221473995564406,0.0584200317806564,0.94689378757515,0.00709836009644863,0.226815729569933,"03b_2x2_to_cor_CONT",1000
0.1,300,0.5,0.3,"phi (z)","population",1000,1000,999,999,0,-0.0366086214325655,0.00181052305546601,0.0572537661151997,0.00128087372706746,0.0580052823207043,1.01312605713993,0.0226655229314859,0.0679331060958684,0.907907907907908,0.0091484880444636,0.227373037040525,"03b_2x2_to_cor_CONT",1000
0.25,300,0.5,0.3,"phi (z)","population",1000,1000,1000,1000,0,-0.0965937168479703,0.00181991022476825,0.0575506144729666,0.00128751477949398,0.0587498603366543,1.02083810702405,0.0228380558974139,0.112423784349646,0.613,0.015402305022301,0.230278300097169,"03b_2x2_to_cor_CONT",1000
0.5,300,0.5,0.3,"phi (z)","population",1000,1000,1000,1000,0,-0.174546904758777,0.00194663821276136,0.0615581053264535,0.00137716983791173,0.0622506832409341,1.01125079972504,0.0226235699191827,0.185073587775028,0.214,0.0129693484801666,0.243912166915103,"03b_2x2_to_cor_CONT",1000
0,25,0.3,0.5,"phi (z)","population",1000,998,952,952,0.002,-0.00663504344237685,0.0068308566623293,0.215794535463264,0.00483256679969595,0.206697488281607,0.957843940940732,0.0214502411673353,0.215788425858633,0.970588235294118,0.00547595132009504,0.809378435199902,"03b_2x2_to_cor_CONT",1000
0.1,25,0.3,0.5,"phi (z)","population",1000,1000,955,955,0,-0.0287904552173194,0.00651857740915513,0.206135517170495,0.00461163668478841,0.206568288699963,1.0020994515424,0.0224188371609779,0.208034251745545,0.963350785340314,0.00608027018934253,0.808853710125663,"03b_2x2_to_cor_CONT",1000
0.25,25,0.3,0.5,"phi (z)","population",1000,1000,930,930,0,-0.101923741486467,0.00696292913539755,0.220187152542032,0.00492599802363063,0.209303676489113,0.950571702629919,0.0212660651378392,0.24253319121519,0.918279569892473,0.00898279127839159,0.819212434752038,"03b_2x2_to_cor_CONT",1000
0.5,25,0.3,0.5,"phi (z)","population",1000,1000,854,854,0,-0.166760926020991,0.00677667855963561,0.214297392192777,0.00479423307955857,0.219516199744154,1.02435310807087,0.0229166930386357,0.271452860319619,0.844262295081967,0.0124081389105511,0.857319810231461,"03b_2x2_to_cor_CONT",1000
0,50,0.3,0.5,"phi (z)","population",1000,1000,982,982,0,-0.003880015803371,0.0047214048239939,0.149303929995271,0.00334020788945257,0.14376777677183,0.962920244473022,0.0215423250922079,0.149279691757303,0.95213849287169,0.0068122017686336,0.563412418044331,"03b_2x2_to_cor_CONT",1000
0.1,50,0.3,0.5,"phi (z)","population",1000,1000,985,985,0,-0.0397162978560972,0.00470305789003053,0.148723749001222,0.00332722815654336,0.144300932445734,0.970261531294158,0.0217065633956435,0.153863637935854,0.938071065989848,0.00767974071200142,0.565342270124815,"03b_2x2_to_cor_CONT",1000
0.25,50,0.3,0.5,"phi (z)","population",1000,1000,990,990,0,-0.0927603458667261,0.00471288054046527,0.149034368481556,0.00333417729471314,0.146467919290464,0.98277948088592,0.0219866133178894,0.175480806674183,0.883838383838384,0.0101835723868354,0.573567149929435,"03b_2x2_to_cor_CONT",1000
0.5,50,0.3,0.5,"phi (z)","population",1000,1000,986,986,0,-0.176039047966885,0.0048143159873899,0.152242038959145,0.003405938876852,0.156329368007381,1.02684757164434,0.0229724988496971,0.232689078379495,0.761663286004057,0.0135687089598562,0.610581861108483,"03b_2x2_to_cor_CONT",1000
0,100,0.3,0.5,"phi (z)","population",1000,1000,987,987,0,-0.00200480437194335,0.00322938606129474,0.102122153976915,0.00228466340043685,0.100717613461669,0.98624646601595,0.0220641762533346,0.102090766669281,0.947315096251266,0.00711101751345879,0.394783092202615,"03b_2x2_to_cor_CONT",1000
0.1,100,0.3,0.5,"phi (z)","population",1000,1000,989,989,0,-0.0363896425941048,0.00307945667315245,0.0973809704296642,0.00217859426554957,0.100923455639997,1.03637759199465,0.0231857032118446,0.103912349778782,0.939332659251769,0.00759082614555631,0.395576565132881,"03b_2x2_to_cor_CONT",1000
0.25,100,0.3,0.5,"phi (z)","population",1000,1000,997,997,0,-0.0931166879184784,0.00315356154171686,0.0997243721333737,0.00223102054032435,0.102405489366522,1.02688527564318,0.0229733423586014,0.136402796950449,0.847542627883651,0.0113843282891663,0.401306390033518,"03b_2x2_to_cor_CONT",1000
0.5,100,0.3,0.5,"phi (z)","population",1000,1000,1000,1000,0,-0.173941097807115,0.00316544735421941,0.100100234526872,0.00223942928436846,0.108927777714794,1.08818703801891,0.0243447773257267,0.200662757884283,0.637,0.0152062815967613,0.426255916246062,"03b_2x2_to_cor_CONT",1000
0,300,0.3,0.5,"phi (z)","population",1000,1000,995,995,0,-0.00185013629533134,0.00191489483566547,0.0605542916039671,0.00135471264930661,0.0578723518397272,0.955710162018241,0.0213810220756039,0.0605522783529896,0.94070351758794,0.00748737024270694,0.226854028086438,"03b_2x2_to_cor_CONT",1000
0.1,300,0.3,0.5,"phi (z)","population",1000,1000,997,997,0,-0.0396789877037642,0.00177063063207345,0.055992256922157,0.00125265140928017,0.0579865937843563,1.0356180831391,0.0231687115795983,0.0686033509939352,0.904714142427282,0.00929870208689645,0.227300206769245,"03b_2x2_to_cor_CONT",1000
0.25,300,0.3,0.5,"phi (z)","population",1000,1000,1000,1000,0,-0.0946281968850052,0.00192223897810052,0.0607865337795217,0.00135990834071993,0.0587878738614755,0.967120021594002,0.0216362819537177,0.112453560779316,0.634,0.0152329905140127,0.23042519197883,"03b_2x2_to_cor_CONT",1000
0.5,300,0.3,0.5,"phi (z)","population",1000,1000,1000,1000,0,-0.176773609951655,0.00188352780594789,0.0595623790305496,0.00133252171164354,0.0621492220626764,1.04343082116985,0.0233434971275029,0.186528921334261,0.194,0.0125045591685593,0.243521811770027,"03b_2x2_to_cor_CONT",1000
0,25,0.5,0.5,"phi (z)","population",1000,1000,986,986,0,-0.00688741476893273,0.00663589412015127,0.209845397313971,0.00469463363553547,0.205406523184977,0.978846931189288,0.0218986348331785,0.209853501675058,0.96551724137931,0.00581088874185175,0.804426478689845,"03b_2x2_to_cor_CONT",1000
0.1,25,0.5,0.5,"phi (z)","population",1000,1000,988,988,0,-0.0237280266886074,0.00700261078618977,0.22144199652022,0.00495407122810763,0.206734167174648,0.93358157180348,0.0208859641650711,0.222599506997598,0.944331983805668,0.00729435254952215,0.809283983667298,"03b_2x2_to_cor_CONT",1000
0.25,25,0.5,0.5,"phi (z)","population",1000,1000,986,986,0,-0.0688446586801873,0.00686629046926902,0.217131169591965,0.00485762997491168,0.209826705357197,0.966359209281218,0.0216192611606975,0.227680446881935,0.941176470588235,0.00749329123880567,0.82073414349359,"03b_2x2_to_cor_CONT",1000
0.5,25,0.5,0.5,"phi (z)","population",1000,1000,977,977,0,-0.144673349295358,0.00711954098967124,0.225139654222904,0.00503679474001647,0.221019014073303,0.981697403934353,0.0219624052346143,0.267521128204936,0.878198567041965,0.010463459051373,0.862478047392307,"03b_2x2_to_cor_CONT",1000
0.75,25,0.5,0.5,"phi (z)","population",1000,997,905,905,0.003,-0.109165846812873,0.00849037239381606,0.268086113246317,0.00600661299372483,0.251864197695236,0.939489907348629,0.0210497747034316,0.289335894424634,0.880662983425414,0.0107762626927862,0.977461059603841,"03b_2x2_to_cor_CONT",1000
0,50,0.5,0.5,"phi (z)","population",1000,1000,971,971,0,-0.000779115485288409,0.00451425649440248,0.14275332464519,0.00319365860791842,0.143027056187659,1.00191751430763,0.022414766885085,0.142684057296171,0.955715756951596,0.00660205854253086,0.560578834066241,"03b_2x2_to_cor_CONT",1000
0.1,50,0.5,0.5,"phi (z)","population",1000,1000,976,976,0,-0.0365362218568722,0.00470126190226634,0.148666954881375,0.00332595756596218,0.143514507747933,0.965342351045301,0.0215965121419532,0.153018486196282,0.939549180327869,0.00762844373141867,0.562424324147277,"03b_2x2_to_cor_CONT",1000
0.25,50,0.5,0.5,"phi (z)","population",1000,1000,985,985,0,-0.0838551593931528,0.00474589610137889,0.150078412188707,0.00335753450324522,0.145354165204818,0.968521475440794,0.021667635094897,0.171850790024746,0.882233502538071,0.0102703332819986,0.569470720832824,"03b_2x2_to_cor_CONT",1000
0.5,50,0.5,0.5,"phi (z)","population",1000,1000,998,998,0,-0.155115976078533,0.00487702833474094,0.154225177509595,0.00345030539173407,0.152964797076846,0.991827661001265,0.0221890380136587,0.218683757986926,0.787575150300601,0.0129474246295804,0.598357381568573,"03b_2x2_to_cor_CONT",1000
0.75,50,0.5,0.5,"phi (z)","population",1000,1000,999,999,0,-0.128462808155565,0.00559783156861531,0.177018977148175,0.00396024528002636,0.176816332921671,0.998855240100419,0.0223462580891885,0.218648292084638,0.836836836836837,0.0116909205357289,0.687874154310271,"03b_2x2_to_cor_CONT",1000
0,100,0.5,0.5,"phi (z)","population",1000,1000,987,987,0,0.0041920420892159,0.00329389985703367,0.104162259327294,0.00233030436907623,0.100571427210759,0.965526553093935,0.021600633085964,0.104194528209384,0.945288753799392,0.00723872324548366,0.394220069603049,"03b_2x2_to_cor_CONT",1000
0.1,100,0.5,0.5,"phi (z)","population",1000,1000,989,989,0,-0.0266365022890456,0.00326824525559231,0.103350989597108,0.0023121547493487,0.100845363171342,0.975756144807767,0.0218294881666675,0.106678249319368,0.933265925176946,0.00793557464045173,0.395280028140387,"03b_2x2_to_cor_CONT",1000
0.25,100,0.5,0.5,"phi (z)","population",1000,1000,997,997,0,-0.0912716426054102,0.00318652004309419,0.100766611459556,0.00225433738148265,0.101858859142261,1.010839380891,0.0226143657111263,0.135920082471082,0.859578736208626,0.0110030146533116,0.399213255066552,"03b_2x2_to_cor_CONT",1000
0.5,100,0.5,0.5,"phi (z)","population",1000,1000,1000,1000,0,-0.150234835181072,0.00333767479089229,0.105546544281459,0.0023612734100472,0.107066658349456,1.0144023101689,0.0226940750964317,0.183574068535379,0.692,0.0145991780590552,0.419378603371214,"03b_2x2_to_cor_CONT",1000
0.75,100,0.5,0.5,"phi (z)","population",1000,1000,1000,1000,0,-0.135901003233843,0.00381587397721945,0.120668530321789,0.0026995804933082,0.121494697136869,1.00684658056974,0.0225250393073638,0.181701447423447,0.762,0.0134668481835951,0.474987073237894,"03b_2x2_to_cor_CONT",1000
0,300,0.5,0.5,"phi (z)","population",1000,1000,997,997,0,0.000358824342089999,0.00191591249400305,0.0605864727862333,0.00135543260248467,0.0578425500868791,0.954710637982912,0.0213586608553159,0.060557235066512,0.938816449348044,0.00759032032720518,0.226737822778802,"03b_2x2_to_cor_CONT",1000
0.1,300,0.5,0.5,"phi (z)","population",1000,1000,998,998,0,-0.036267958494796,0.00182454104501158,0.0576970538670038,0.00129079090236164,0.057951523849393,1.00441045019345,0.0224705385189193,0.0681247817485476,0.892785571142285,0.00979343237776752,0.227163663343418,"03b_2x2_to_cor_CONT",1000
0.25,300,0.5,0.5,"phi (z)","population",1000,1000,1000,1000,0,-0.0865145183175712,0.00186136012334342,0.0588613753557715,0.00131683894960839,0.0586207128622058,0.995911368157622,0.0222803981731824,0.104622935950898,0.667,0.0149033888763596,0.22977712044392,"03b_2x2_to_cor_CONT",1000
0.5,300,0.5,0.5,"phi (z)","population",1000,1000,1000,1000,0,-0.153978838561254,0.00193638875356889,0.0612339889681218,0.00136991874936212,0.0613911365493884,1.00256634565075,0.0224292824545766,0.165696513325464,0.283,0.0142446832186609,0.240596585737168,"03b_2x2_to_cor_CONT",1000
0.75,300,0.5,0.5,"phi (z)","population",1000,1000,1000,1000,0,-0.141972702005671,0.00219317319618342,0.069354226031709,0.00155158362519545,0.0690984005621219,0.996311321108678,0.0222893458680125,0.157991919966117,0.448,0.0157256478403912,0.270654802353356,"03b_2x2_to_cor_CONT",1000
0,25,0.3,0.1,"tetrachoric (r)","population",1000,582,582,436,0.418,0.192512933446632,0.0221821608020386,0.535137445958741,0.0156986489345778,9565.78205083437,17875.3741175718,524.387192421656,0.568279216014121,0.990825688073395,0.00456606547934309,1.30478654392425,"03b_2x2_to_cor_CONT",1000
0.1,25,0.3,0.1,"tetrachoric (r)","population",1000,613,613,462,0.387,0.174829649188026,0.0203787155665672,0.504553293034232,0.0144216959807274,8485.06567822927,16816.9860258024,480.681551631076,0.533595483206851,0.997835497835498,0.00216215836071295,1.29626891363413,"03b_2x2_to_cor_CONT",1000
0.25,25,0.3,0.1,"tetrachoric (r)","population",1000,696,696,507,0.304,0.166256925961446,0.0169829382505673,0.448040682716778,0.0120173870850542,7545.67058372356,16841.485326665,451.72381898572,0.477591246368528,0.994082840236686,0.00340615146724984,1.27480577314591,"03b_2x2_to_cor_CONT",1000
0.5,25,0.3,0.1,"tetrachoric (r)","population",1000,775,774,504,0.225,0.0969114420117414,0.0132827686627876,0.36977663000192,0.00939840123628356,7859.59249065229,21254.9735514964,540.225513176755,0.382034228499257,1,0,1.22012972881897,"03b_2x2_to_cor_CONT",1000
0,50,0.3,0.1,"tetrachoric (r)","population",1000,826,826,742,0.174,-0.00193418464275768,0.0137298501204858,0.394598854353899,0.00971435226423159,4907.29172673798,12436.153000933,306.15692298639,0.394364663913123,0.987870619946092,0.00401853156613213,1.0792254871223,"03b_2x2_to_cor_CONT",1000
0.1,50,0.3,0.1,"tetrachoric (r)","population",1000,879,879,828,0.121,0.0592151229399444,0.0111968906154861,0.331964675773019,0.00792190476771099,3150.41940859878,9490.22482968301,226.471859241794,0.337018703318412,0.992753623188406,0.00294758290289566,1.0637880748918,"03b_2x2_to_cor_CONT",1000
0.25,50,0.3,0.1,"tetrachoric (r)","population",1000,923,923,860,0.077,0.0244562756013993,0.010925573128235,0.331928909211775,0.00772973527097038,3043.8227546999,9170.10441159828,213.54717092023,0.332649277826708,0.980232558139535,0.00474668673952761,1.03109658821735,"03b_2x2_to_cor_CONT",1000
0.5,50,0.3,0.1,"tetrachoric (r)","population",1000,954,954,806,0.046,0.0316086684772066,0.0092648990771802,0.286163922576657,0.00655470924741779,3402.40917978281,11889.7209303922,272.339234904014,0.287755208732094,0.982630272952854,0.00460176086017201,0.947468398827688,"03b_2x2_to_cor_CONT",1000
0,100,0.3,0.1,"tetrachoric (r)","population",1000,948,948,940,0.052,0.00328904522364234,0.00751093213807876,0.231258661028117,0.00531383444265116,882.678675114558,3816.84591266937,87.7030385926555,0.231160057140973,0.977659574468085,0.00482031725350457,0.831161922873109,"03b_2x2_to_cor_CONT",1000
0.1,100,0.3,0.1,"tetrachoric (r)","population",1000,982,982,976,0.018,0.00212291037416932,0.00740814246472866,0.23214806575054,0.00524101699477394,913.68633944411,3935.79130840543,88.8551410865608,0.232039545348193,0.969262295081967,0.00552498965342892,0.814639305033083,"03b_2x2_to_cor_CONT",1000
0.25,100,0.3,0.1,"tetrachoric (r)","population",1000,995,995,992,0.005,0.00233366316013658,0.00683261777056461,0.21552550259921,0.00483382002473304,411.54710519323,1909.50537282143,42.8265110029414,0.215429811281513,0.957661290322581,0.0063932095513293,0.77854907936216,"03b_2x2_to_cor_CONT",1000
0.5,100,0.3,0.1,"tetrachoric (r)","population",1000,999,999,961,0.001,0.00698336436009684,0.00647553365807095,0.204671941459138,0.00458118722200399,1160.58699592812,5670.47435840064,126.922647472871,0.204688637843633,0.966701352757544,0.00578759009425728,0.691198429697851,"03b_2x2_to_cor_CONT",1000
0,300,0.3,0.1,"tetrachoric (r)","population",1000,1000,1000,1000,0,-0.0001062598179588,0.0043272394546552,0.136839326576553,0.00306135142077544,0.13034415462667,0.952534318076686,0.0213099725125443,0.136770931077388,0.938,0.00762600813007697,0.499345843382186,"03b_2x2_to_cor_CONT",1000
0.1,300,0.3,0.1,"tetrachoric (r)","population",1000,1000,1000,1000,0,-0.00752521201798408,0.00408794879944745,0.129272291644048,0.00289206271027654,0.127789204860221,0.988527419410879,0.0221152054427568,0.129426592620808,0.956,0.00648567652600714,0.489904884235004,"03b_2x2_to_cor_CONT",1000
0.25,300,0.3,0.1,"tetrachoric (r)","population",1000,1000,1000,1000,0,-0.00501379744463334,0.00379478826375723,0.120001741515487,0.00268466318181157,0.121474503879678,1.0122728415904,0.0226464349054034,0.120046473141024,0.956,0.00648567652600714,0.466726845911641,"03b_2x2_to_cor_CONT",1000
0.5,300,0.3,0.1,"tetrachoric (r)","population",1000,1000,1000,1000,0,-0.00206579381317311,0.00336953067962812,0.1065539159344,0.00238381019620462,0.103485968344258,0.971207556632353,0.021727727750114,0.106520658879077,0.935,0.0077958322198467,0.400515027597848,"03b_2x2_to_cor_CONT",1000
0,25,0.5,0.1,"tetrachoric (r)","population",1000,766,766,545,0.234,0.0316698986663822,0.020959638801489,0.580093740145233,0.0148303862980306,7659.31100612976,13203.57465711,337.55598298786,0.580579385940058,0.998165137614679,0.00183317825244182,1.28927966483211,"03b_2x2_to_cor_CONT",1000
0.1,25,0.5,0.1,"tetrachoric (r)","population",1000,754,754,517,0.246,0.0661525235565562,0.0210478925630361,0.577955353928151,0.0148929868236705,8376.42909880425,14493.2113559858,373.466919702938,0.581348031497286,1,0,1.29069925892656,"03b_2x2_to_cor_CONT",1000
0.25,25,0.5,0.1,"tetrachoric (r)","population",1000,752,752,457,0.248,0.110018570069508,0.0201588395955252,0.552808165647235,0.0142639393360902,9153.81156849874,16558.7488342929,427.260311137718,0.563289068731644,0.99781181619256,0.00218578842214878,1.29149503063806,"03b_2x2_to_cor_CONT",1000
0,50,0.5,0.1,"tetrachoric (r)","population",1000,919,919,834,0.081,0.00215763715294837,0.0127789654519452,0.387394501022184,0.00904101340738887,3249.52158544408,8388.14587421828,195.762560159826,0.387189685893476,0.986810551558753,0.00395045559268339,1.0498982865493,"03b_2x2_to_cor_CONT",1000
0.1,50,0.5,0.1,"tetrachoric (r)","population",1000,925,925,839,0.075,0.0174420897088195,0.0123597876602596,0.375908266311348,0.00874441765902433,3166.60942601009,8423.8887776608,195.957387444156,0.376109673929836,0.99046483909416,0.00335507755885193,1.04580583989734,"03b_2x2_to_cor_CONT",1000
0.25,50,0.5,0.1,"tetrachoric (r)","population",1000,916,916,757,0.084,0.0514084459063474,0.0132988314855888,0.402495676617765,0.00940883115264656,4493.80702832684,11164.8578839132,260.992275881747,0.405547456024096,0.984147952443857,0.00453967685818907,1.03297924478998,"03b_2x2_to_cor_CONT",1000
0,100,0.5,0.1,"tetrachoric (r)","population",1000,999,999,992,0.001,-0.00380158726720774,0.00736781597413204,0.232874274054578,0.00521244212092098,812.72496063849,3489.97313652609,78.1163271536291,0.232788734413777,0.956653225806452,0.00646546590397051,0.792631756377725,"03b_2x2_to_cor_CONT",1000
0.1,100,0.5,0.1,"tetrachoric (r)","population",1000,997,997,987,0.003,-0.00423714416853951,0.00749813710528458,0.236755979585514,0.00530464456401656,774.602136017439,3271.7320904567,73.3049103086795,0.236675146984536,0.968591691995947,0.00555180321504435,0.795597483537114,"03b_2x2_to_cor_CONT",1000
0.25,100,0.5,0.1,"tetrachoric (r)","population",1000,997,997,970,0.003,0.0122379104753537,0.00727597573218803,0.229741166069172,0.00514747390901474,1087.43457004782,4733.30308474367,106.052191468555,0.229951799333622,0.97319587628866,0.00518579171732451,0.777447240713918,"03b_2x2_to_cor_CONT",1000
0,300,0.5,0.1,"tetrachoric (r)","population",1000,1000,1000,1000,0,0.000926303649777157,0.00401194813397983,0.126868939578386,0.00283829523388721,0.123927421231941,0.976814511446058,0.0218531658059317,0.126808872482828,0.957,0.00641490451994416,0.475894600089976,"03b_2x2_to_cor_CONT",1000
0.1,300,0.5,0.1,"tetrachoric (r)","population",1000,1000,1000,1000,0,0.00100581809442463,0.0039506624323706,0.12493091552752,0.00279493801465756,0.122848094612088,0.98332821858675,0.0219988896055772,0.124872485323745,0.952,0.00675988165576884,0.471998997266127,"03b_2x2_to_cor_CONT",1000
0.25,300,0.5,0.1,"tetrachoric (r)","population",1000,1000,1000,1000,0,-0.00259139245600159,0.00388721658538916,0.122924581682121,0.00275005257768689,0.119991172661692,0.976136514110615,0.021837997738695,0.12289042942314,0.947,0.00708456067798138,0.46163223939764,"03b_2x2_to_cor_CONT",1000
0,25,0.3,0.3,"tetrachoric (r)","population",1000,958,958,909,0.042,-0.00370113323557674,0.012081605561658,0.373944721641704,0.00854744747454099,2994.34967746816,8007.46608836267,183.030784587534,0.373767826381527,0.983498349834984,0.00422540716193139,1.16548655579216,"03b_2x2_to_cor_CONT",1000
0.1,25,0.3,0.3,"tetrachoric (r)","population",1000,969,969,936,0.031,-0.00139727949560162,0.0117152959651764,0.364682693043659,0.00828824302371951,2859.17971967497,7840.18483523888,178.186018982702,0.364497147912041,0.972222222222222,0.00537147547329001,1.14444435434643,"03b_2x2_to_cor_CONT",1000
0.25,25,0.3,0.3,"tetrachoric (r)","population",1000,974,974,951,0.026,-0.00160316330702318,0.0108762768566686,0.339437431507001,0.00769464015441229,2743.23075195347,8081.6978250582,183.202413253109,0.339266925358774,0.982124079915878,0.00429662175824274,1.11792014145652,"03b_2x2_to_cor_CONT",1000
0.5,25,0.3,0.3,"tetrachoric (r)","population",1000,980,980,943,0.02,-0.0135664649275498,0.00968408133642602,0.303159698350398,0.00685117597265806,2526.32524213762,8333.31493560744,188.326507019534,0.303308539680643,0.975609756097561,0.00502331361200537,1.02068730574098,"03b_2x2_to_cor_CONT",1000
0.75,25,0.3,0.3,"tetrachoric (r)","population",1000,979,977,853,0.021,-0.0166084895663799,0.00683022199714939,0.213710650055645,0.00483216483022097,2649.93248155291,12399.6276313929,280.36527207536,0.214246194692817,0.966002344665885,0.00620496102674091,0.857520209512203,"03b_2x2_to_cor_CONT",1000
0,50,0.3,0.3,"tetrachoric (r)","population",1000,999,999,991,0.001,-0.00104938271209493,0.0082943112520901,0.262157974411235,0.00586790135451454,1443.34164963101,5505.61794991178,123.232654273752,0.262028832673681,0.958627648839556,0.00632620482814537,0.880619312747809,"03b_2x2_to_cor_CONT",1000
0.1,50,0.3,0.3,"tetrachoric (r)","population",1000,1000,1000,996,0,-0.0120988947112503,0.00767582021154241,0.242730747784295,0.00543034037206859,706.138136852734,2909.1416859979,65.0829352677675,0.242910849813748,0.969879518072289,0.00541576963497431,0.878412950495977,"03b_2x2_to_cor_CONT",1000
0.25,50,0.3,0.3,"tetrachoric (r)","population",1000,999,999,997,0.001,0.00966203212602906,0.0075016225351488,0.237103492844775,0.0053071050382832,772.438586556707,3257.81192545485,72.9198455742678,0.237181674762906,0.958876629889669,0.00628894992941937,0.840938997216309,"03b_2x2_to_cor_CONT",1000
0.5,50,0.3,0.3,"tetrachoric (r)","population",1000,1000,1000,1000,0,-0.0112393902607156,0.00629954376596478,0.199209065203634,0.00445667901216482,0.197911652107948,0.993487178435581,0.0222261645194845,0.199426405726722,0.963,0.00596917079668525,0.744082141180082,"03b_2x2_to_cor_CONT",1000
0.75,50,0.3,0.3,"tetrachoric (r)","population",1000,998,998,986,0.002,-0.0108522441754137,0.00473356986903865,0.149538858955325,0.00334881753840768,5.78689040585316,38.6982383460744,0.86661982165807,0.14985738172542,0.955375253549696,0.00657561560176234,0.558044943332234,"03b_2x2_to_cor_CONT",1000
0,100,0.3,0.3,"tetrachoric (r)","population",1000,1000,1000,1000,0,0.00444058994804116,0.00561407219547116,0.177532550863109,0.00397173488364558,0.171729842078874,0.967314676908409,0.0216406367568159,0.177499317318217,0.943,0.00733150734842434,0.648806406724827,"03b_2x2_to_cor_CONT",1000
0.1,100,0.3,0.3,"tetrachoric (r)","population",1000,1000,1000,1000,0,-0.00279236933855694,0.00546924541109092,0.172952725814713,0.00386927563987717,0.17020072717604,0.984088145325789,0.0220158905866581,0.172888779415829,0.952,0.00675988165576884,0.643321544035163,"03b_2x2_to_cor_CONT",1000
0.25,100,0.3,0.3,"tetrachoric (r)","population",1000,1000,1000,1000,0,-0.00778137154352987,0.00517852766874645,0.163759423594407,0.00366360429145816,0.163428033038952,0.997976357340652,0.0223265958396538,0.163862385586977,0.955,0.00655553201502365,0.61940769326669,"03b_2x2_to_cor_CONT",1000
0.5,100,0.3,0.3,"tetrachoric (r)","population",1000,1000,1000,1000,0,-0.0026098303011728,0.00446147124072415,0.141084108360257,0.00315631512068193,0.139202708231242,0.986664691361192,0.0220735327357647,0.14103769751516,0.951,0.00682634602111555,0.534044558456111,"03b_2x2_to_cor_CONT",1000
0.75,100,0.3,0.3,"tetrachoric (r)","population",1000,1000,1000,999,0,-0.0061446247667793,0.00313926794674806,0.0992723689728404,0.00222090838505209,0.101532957686422,1.02277158021886,0.0228813113054902,0.0994127992351227,0.953953953953954,0.00663097108024447,0.383160356862983,"03b_2x2_to_cor_CONT",1000
0,300,0.3,0.3,"tetrachoric (r)","population",1000,1000,1000,1000,0,0.000886118968950992,0.00312528429329854,0.098830167023731,0.00221101550119301,0.100069341331458,1.01253842166866,0.0226523764279923,0.0987847139938754,0.952,0.00675988165576884,0.387250878449197,"03b_2x2_to_cor_CONT",1000
0.1,300,0.3,0.3,"tetrachoric (r)","population",1000,1000,1000,1000,0,0.0010215859089498,0.00315773504982639,0.0998563500479668,0.00223397313287547,0.0987610797760216,0.989031541094592,0.0221264835867764,0.0998116375580851,0.947,0.00708456067798138,0.382306950654783,"03b_2x2_to_cor_CONT",1000
0.25,300,0.3,0.3,"tetrachoric (r)","population",1000,1000,1000,1000,0,0.00102895777517261,0.00301833363345409,0.0954480902000673,0.00213535212321299,0.0943802805389666,0.988812666038026,0.0221215869427915,0.0954059030617102,0.957,0.00641490451994416,0.365774476449499,"03b_2x2_to_cor_CONT",1000
0.5,300,0.3,0.3,"tetrachoric (r)","population",1000,1000,1000,1000,0,-0.00338251277759716,0.00268326504091772,0.0848522909520489,0.00189830429570833,0.0805151377123498,0.948885843964425,0.0212283493294531,0.0848772805951154,0.933,0.00790638982089803,0.31333069190209,"03b_2x2_to_cor_CONT",1000
0.75,300,0.3,0.3,"tetrachoric (r)","population",1000,1000,1000,1000,0,-0.000956598191321128,0.00172354162058432,0.0545031716314421,0.00121933778896039,0.0547784221855226,1.00505017498691,0.0224848503578794,0.0544843115242194,0.949,0.00695693898205238,0.215541576234679,"03b_2x2_to_cor_CONT",1000
0,25,0.5,0.3,"tetrachoric (r)","population",1000,988,988,968,0.012,-0.00632600642098084,0.0111580616059101,0.350725406458769,0.0078939369451662,1823.98998058439,5200.62118966797,117.052756917285,0.350604943995526,0.958677685950413,0.00639721501349602,1.11206405953609,"03b_2x2_to_cor_CONT",1000
0.1,25,0.5,0.3,"tetrachoric (r)","population",1000,984,984,955,0.016,0.00213518041355107,0.0111807802982491,0.350727373480417,0.00791002591164692,2120.95585791911,6047.30630766558,136.386131240969,0.35055561563865,0.96544502617801,0.0059104067954851,1.10847226108221,"03b_2x2_to_cor_CONT",1000
0.25,25,0.5,0.3,"tetrachoric (r)","population",1000,979,979,937,0.021,-0.0020451925913705,0.0107886331192206,0.337565279442273,0.00763261480323958,1800.24657444236,5333.03240610746,120.58403090586,0.337399030960515,0.975453575240128,0.00505507530410589,1.0902095842578,"03b_2x2_to_cor_CONT",1000
0.5,25,0.5,0.3,"tetrachoric (r)","population",1000,982,982,866,0.018,0.0174280349508097,0.00936507344339118,0.293472175494217,0.00662548126035762,2811.84252621927,9581.29172376915,216.308986223135,0.293840006791035,0.975750577367205,0.00522710427419127,1.00972983693168,"03b_2x2_to_cor_CONT",1000
0,50,0.5,0.3,"tetrachoric (r)","population",1000,1000,1000,1000,0,-0.000680779170304199,0.00758146550892472,0.239746990102097,0.00536358813754531,0.228537682790817,0.953245263656878,0.0213258776935801,0.239628053666575,0.949,0.00695693898205238,0.841658953801653,"03b_2x2_to_cor_CONT",1000
0.1,50,0.5,0.3,"tetrachoric (r)","population",1000,1000,1000,1000,0,0.00223970875897163,0.00740559791056325,0.234185568327638,0.0052391687408944,0.227810445630962,0.972777474110802,0.0217628497375089,0.234079161455801,0.949,0.00695693898205238,0.839206420874291,"03b_2x2_to_cor_CONT",1000
0.25,50,0.5,0.3,"tetrachoric (r)","population",1000,1000,1000,998,0,0.00378010450741166,0.00709353967637119,0.224317420501066,0.00501839983530938,96.0787106598763,428.315867957386,9.58222627746167,0.224237097789815,0.959919839679359,0.00620893249720293,0.815184560981473,"03b_2x2_to_cor_CONT",1000
0.5,50,0.5,0.3,"tetrachoric (r)","population",1000,1000,1000,986,0,-0.00157298572476494,0.00637726746711845,0.201666904441872,0.00451166546841436,661.570515453132,3280.51108477157,73.3911626247056,0.201572183326248,0.959432048681542,0.0062829006366504,0.726106444114331,"03b_2x2_to_cor_CONT",1000
0,100,0.5,0.3,"tetrachoric (r)","population",1000,1000,1000,1000,0,0.00407455928621716,0.00527432429327646,0.166788778851115,0.00373137662892263,0.163444194776661,0.979947187709552,0.021923249627374,0.166755150706875,0.949,0.00695693898205238,0.619703626148634,"03b_2x2_to_cor_CONT",1000
0.1,100,0.5,0.3,"tetrachoric (r)","population",1000,1000,1000,1000,0,0.00861901210459394,0.00527862793420286,0.166924871926705,0.00373442128531444,0.162124171744716,0.97124035425891,0.0217284614943027,0.167063868997872,0.949,0.00695693898205238,0.615089431019454,"03b_2x2_to_cor_CONT",1000
0.25,100,0.5,0.3,"tetrachoric (r)","population",1000,1000,1000,1000,0,-0.00194442489976516,0.00501641017936971,0.158632818444621,0.00354891255515914,0.156540241541548,0.986808676013005,0.0220767539414621,0.158565404501698,0.957,0.00641490451994416,0.59549492294655,"03b_2x2_to_cor_CONT",1000
0.5,100,0.5,0.3,"tetrachoric (r)","population",1000,1000,1000,999,0,-0.00955286095458966,0.00428802444696639,0.135599239148977,0.00303360834790834,10.7041604799032,78.9396795076633,1.76602812994076,0.135867669651545,0.953953953953954,0.00663097108024447,0.52560900469882,"03b_2x2_to_cor_CONT",1000
0,300,0.5,0.3,"tetrachoric (r)","population",1000,1000,1000,1000,0,0.00030982783164518,0.00304589361507739,0.0963196133420873,0.00215484972434718,0.0951445514638885,0.98780038833809,0.0220989403991958,0.0962719400435043,0.948,0.00702111102319284,0.368673680257246,"03b_2x2_to_cor_CONT",1000
0.1,300,0.5,0.3,"tetrachoric (r)","population",1000,1000,1000,1000,0,0.00387556308665955,0.00295164194743531,0.0933391139119057,0.00208817038300957,0.0943162609719465,1.01046878440439,0.0226060747752588,0.0933728974859007,0.956,0.00648567652600714,0.365549557876078,"03b_2x2_to_cor_CONT",1000
0.25,300,0.5,0.3,"tetrachoric (r)","population",1000,1000,1000,1000,0,-0.00163837045908017,0.00285554797088082,0.0903003555585558,0.00202018768070347,0.0910321565624388,1.00810407666012,0.0225531718445462,0.0902700632410811,0.955,0.00655553201502365,0.35316138396279,"03b_2x2_to_cor_CONT",1000
0.5,300,0.5,0.3,"tetrachoric (r)","population",1000,1000,1000,1000,0,0.000985912845795961,0.00257876687811043,0.0815477688943076,0.00182437596275361,0.0783343641486993,0.960594817133832,0.0214903009375527,0.081512947420439,0.936,0.0077397674383666,0.305118241131142,"03b_2x2_to_cor_CONT",1000
0,25,0.3,0.5,"tetrachoric (r)","population",1000,987,987,966,0.013,-0.0139401080214952,0.0111064031366377,0.348924937709072,0.00785739442420741,1773.85882690064,5083.78345940885,114.481045895157,0.349026627317024,0.966873706004141,0.00575814686534991,1.1081595190753,"03b_2x2_to_cor_CONT",1000
0.1,25,0.3,0.5,"tetrachoric (r)","population",1000,992,992,967,0.00800000000000001,0.0188032902139795,0.010441281393044,0.328858927614405,0.00738682501416933,1879.38424528069,5714.86460444923,128.367215446966,0.329230523550656,0.966907962771458,0.00575229411549109,1.11296311546293,"03b_2x2_to_cor_CONT",1000
0.25,25,0.3,0.5,"tetrachoric (r)","population",1000,986,986,935,0.014,-0.0137110102441635,0.0113574067961446,0.356629807342638,0.00803497492676421,2965.30100895189,8314.78734502675,187.334615512041,0.35671251814035,0.970053475935829,0.0055739779054576,1.09247413218159,"03b_2x2_to_cor_CONT",1000
0.5,25,0.3,0.5,"tetrachoric (r)","population",1000,983,983,859,0.017,0.00532209048902142,0.00970855181403123,0.30439058246633,0.00686847734255484,2784.73321975038,9148.55248538582,206.434196990956,0.304282262649401,0.968568102444703,0.00595324559755306,1.02117734624408,"03b_2x2_to_cor_CONT",1000
0,50,0.3,0.5,"tetrachoric (r)","population",1000,1000,1000,1000,0,-0.00691935823585877,0.00762975418790075,0.241274012209747,0.00539775047534513,0.228218853763839,0.945890739220771,0.021161343239963,0.241252592394812,0.952,0.00675988165576884,0.840629381862107,"03b_2x2_to_cor_CONT",1000
0.1,50,0.3,0.5,"tetrachoric (r)","population",1000,1000,1000,999,0,-0.00323909602503417,0.00759157184857488,0.240066580623115,0.00537073797465765,12.5384364116928,52.2289957192216,1.1684602244901,0.239968378983569,0.950950950950951,0.00683300298303749,0.837645115202197,"03b_2x2_to_cor_CONT",1000
0.25,50,0.3,0.5,"tetrachoric (r)","population",1000,1000,1000,997,0,-0.00122497049047678,0.00732540882661699,0.231649766840112,0.00518243812345526,90.5011303151775,390.680860808475,8.74026084626119,0.231537153423168,0.954864593781344,0.00657479163008761,0.812018602848252,"03b_2x2_to_cor_CONT",1000
0.5,50,0.3,0.5,"tetrachoric (r)","population",1000,999,999,987,0.001,-0.00951628294307133,0.00647694371674407,0.204716509128992,0.00458218478345863,418.195901556097,2042.80496641622,45.7242548366633,0.204835197051443,0.96048632218845,0.00620098589061106,0.729808962348108,"03b_2x2_to_cor_CONT",1000
0,100,0.3,0.5,"tetrachoric (r)","population",1000,1000,1000,1000,0,-0.0029988645192601,0.0052725643804304,0.166733125520346,0.00373013155992467,0.1635893725513,0.98114500067557,0.0219500469415459,0.166676718227359,0.946,0.00714730718522718,0.62021105537321,"03b_2x2_to_cor_CONT",1000
0.1,100,0.3,0.5,"tetrachoric (r)","population",1000,1000,1000,1000,0,0.0032133224608871,0.00498770712545017,0.157725148182737,0.00352860627541244,0.16244970751187,1.02995438193318,0.0230420040009556,0.157679011247961,0.957,0.00641490451994416,0.616244148631436,"03b_2x2_to_cor_CONT",1000
0.25,100,0.3,0.5,"tetrachoric (r)","population",1000,1000,1000,1000,0,0.0019484600704556,0.00492063766311373,0.155604225558477,0.00348115727334869,0.156619284312581,1.00652333669256,0.022517807737848,0.155538608818801,0.958,0.00634318531969546,0.595935910645984,"03b_2x2_to_cor_CONT",1000
0.5,100,0.3,0.5,"tetrachoric (r)","population",1000,1000,1000,1000,0,-0.00182319619078447,0.0041753207056791,0.132035233916075,0.00295387489147912,0.135627631695367,1.02720787226821,0.0229805594478775,0.131981793201288,0.964,0.00589101010014412,0.522280295459781,"03b_2x2_to_cor_CONT",1000
0,300,0.3,0.5,"tetrachoric (r)","population",1000,1000,1000,1000,0,-0.00309365909982568,0.0031509312430672,0.0996411947867798,0.00222915970766358,0.0950070845994289,0.953492025087944,0.0213313982078685,0.0996394001259762,0.942,0.00739161687318817,0.368157372467211,"03b_2x2_to_cor_CONT",1000
0.1,300,0.3,0.5,"tetrachoric (r)","population",1000,1000,1000,1000,0,-0.000970009634502659,0.0028875144177953,0.0913112233680817,0.00204280268241628,0.0944401591530928,1.03426671628742,0.0231384789780875,0.0912707110312709,0.961,0.00612200947402077,0.366020624856864,"03b_2x2_to_cor_CONT",1000
0.25,300,0.3,0.5,"tetrachoric (r)","population",1000,1000,1000,1000,0,0.00122841068062725,0.00301097432013469,0.0952153682790259,0.00213014569899672,0.0908413725549971,0.954062082591426,0.0213441514593779,0.0951756764249895,0.942,0.00739161687318817,0.352432550377857,"03b_2x2_to_cor_CONT",1000
0.5,300,0.3,0.5,"tetrachoric (r)","population",1000,1000,1000,1000,0,-0.00234791785081732,0.00250314934269723,0.0791565324647662,0.00177087953578244,0.0784764876555378,0.991408860544376,0.0221796686649065,0.0791517756809531,0.951,0.00682634602111555,0.305707724030635,"03b_2x2_to_cor_CONT",1000
0,25,0.5,0.5,"tetrachoric (r)","population",1000,1000,1000,997,0,-0.0101590698590596,0.0097661363022822,0.308832346548664,0.0069091566477364,255.948471484189,828.761864955289,18.540951466507,0.308845021907236,0.964894684052157,0.00582879552840735,1.06933947077427,"03b_2x2_to_cor_CONT",1000
0.1,25,0.5,0.5,"tetrachoric (r)","population",1000,999,999,998,0.001,0.00965763059009796,0.00998308223286076,0.315534893375031,0.00706264088433769,11.2105651960286,35.5287653803289,0.795242986476654,0.315524764218181,0.949899799599198,0.0069054718450956,1.05670223408384,"03b_2x2_to_cor_CONT",1000
0.25,25,0.5,0.5,"tetrachoric (r)","population",1000,998,998,992,0.002,0.00965264159107744,0.00950109395152202,0.30015037015319,0.00672165636912378,94.9831875368148,316.452008665981,7.08672009461821,0.300155205529585,0.959677419354839,0.0062456977236912,1.03419258144341,"03b_2x2_to_cor_CONT",1000
0.5,25,0.5,0.5,"tetrachoric (r)","population",1000,997,997,980,0.003,-0.0181604073456804,0.0083414950630212,0.263385265849758,0.00590128798933812,44.3156174107486,168.253973007083,3.76982040685413,0.263878794376931,0.960204081632653,0.006244360986624,0.949367169023717,"03b_2x2_to_cor_CONT",1000
0.75,25,0.5,0.5,"tetrachoric (r)","population",1000,982,979,907,0.018,-0.0141855688603759,0.00609734439108784,0.19107174481934,0.00431367049551623,40.1930854969457,210.35598714477,4.7490350609377,0.19150055985186,0.953693495038589,0.00697785223301155,0.771063699348467,"03b_2x2_to_cor_CONT",1000
0,50,0.5,0.5,"tetrachoric (r)","population",1000,1000,1000,1000,0,-0.00124982536171739,0.00685397891436567,0.216741844041637,0.00484892003489328,0.217461339949006,1.0033195985323,0.0224461341289953,0.216637051297892,0.961,0.00612200947402077,0.80547764593742,"03b_2x2_to_cor_CONT",1000
0.1,50,0.5,0.5,"tetrachoric (r)","population",1000,1000,1000,1000,0,-0.00406343785775267,0.00706497585845472,0.223414153268203,0.00499819205954895,0.215600249866225,0.965025029579941,0.0215894130678557,0.223339386414245,0.953,0.00669260786241059,0.799471267593808,"03b_2x2_to_cor_CONT",1000
0.25,50,0.5,0.5,"tetrachoric (r)","population",1000,1000,1000,1000,0,-0.00308641835253658,0.00678517640506012,0.214566117660232,0.00480024497038098,0.208056004584391,0.969659174771714,0.021693087554729,0.214481015959883,0.941,0.00745110730026082,0.775088555103519,"03b_2x2_to_cor_CONT",1000
0.5,50,0.5,0.5,"tetrachoric (r)","population",1000,1000,1000,1000,0,-0.0166430752644446,0.00583736370225175,0.184593648299085,0.0041297048269993,0.181993095312866,0.985912012627835,0.0220566939061139,0.185250457844595,0.954,0.00662449998113065,0.69021036693872,"03b_2x2_to_cor_CONT",1000
0.75,50,0.5,0.5,"tetrachoric (r)","population",1000,1000,1000,999,0,-0.00578630495617898,0.00401378824428744,0.126927128975566,0.00283959703942943,0.924648132317099,7.28487392553482,0.162976241553115,0.126995538893915,0.970970970970971,0.00531173785702218,0.506543769101289,"03b_2x2_to_cor_CONT",1000
0,100,0.5,0.5,"tetrachoric (r)","population",1000,1000,1000,1000,0,0.00670512020326015,0.00508464601924106,0.160790625165101,0.00359718672337353,0.155132468870602,0.964810409259314,0.0215846116102637,0.160850023788569,0.948,0.00702111102319284,0.590295734578526,"03b_2x2_to_cor_CONT",1000
0.1,100,0.5,0.5,"tetrachoric (r)","population",1000,1000,1000,1000,0,0.0126946569368935,0.00497927011152712,0.157458346376263,0.00352263742048055,0.153895332789975,0.977371707068651,0.0218656313131331,0.157890759791221,0.952,0.00675988165576884,0.585872670000995,"03b_2x2_to_cor_CONT",1000
0.25,100,0.5,0.5,"tetrachoric (r)","population",1000,1000,1000,1000,0,-0.00891916934659402,0.00467775325330797,0.147923546127157,0.00330932612306576,0.149180449358598,1.00849697877281,0.0225619617989473,0.148118350332319,0.957,0.00641490451994416,0.569224184185259,"03b_2x2_to_cor_CONT",1000
0.5,100,0.5,0.5,"tetrachoric (r)","population",1000,1000,1000,1000,0,-0.00329761375659562,0.00396261751326233,0.125308968379815,0.00280339576335784,0.127988454268042,1.02138303365571,0.0228502469243633,0.125289702191938,0.962,0.00604615580348373,0.493647030585916,"03b_2x2_to_cor_CONT",1000
0.75,100,0.5,0.5,"tetrachoric (r)","population",1000,1000,1000,1000,0,-0.00138006362592602,0.00274900811149498,0.0869312693860224,0.00194481492786235,0.0883345185328652,1.01614205287411,0.022732996391469,0.0868987521606596,0.962,0.00604615580348373,0.350090377332528,"03b_2x2_to_cor_CONT",1000
0,300,0.5,0.5,"tetrachoric (r)","population",1000,1000,1000,1000,0,0.000584900951631012,0.00299083740516172,0.0945785831153886,0.00211589962504853,0.0903068068742693,0.954833577535121,0.0213614112428122,0.094533091480463,0.94,0.00750999334220744,0.350362608389853,"03b_2x2_to_cor_CONT",1000
0.1,300,0.5,0.5,"tetrachoric (r)","population",1000,1000,1000,1000,0,-0.000711104114334897,0.00282606530986336,0.0893680319555773,0.00199932985965154,0.0897311337950082,1.00406299469156,0.0224627652901189,0.089326167272188,0.948,0.00702111102319284,0.34818451889878,"03b_2x2_to_cor_CONT",1000
0.25,300,0.5,0.5,"tetrachoric (r)","population",1000,1000,1000,1000,0,0.000398321990508618,0.0027365875690999,0.0865384973485912,0.00193602788348766,0.0863521860248,0.997847070038197,0.0223237034411236,0.0864961344352272,0.949,0.00695693898205238,0.335373617979865,"03b_2x2_to_cor_CONT",1000
0.5,300,0.5,0.5,"tetrachoric (r)","population",1000,1000,1000,1000,0,-0.00308444252395886,0.00233865930211315,0.073954900658174,0.00165450931298284,0.0741295397143041,1.00236142641767,0.0224246980284394,0.0739822396911085,0.949,0.00695693898205238,0.288973171739306,"03b_2x2_to_cor_CONT",1000
0.75,300,0.5,0.5,"tetrachoric (r)","population",1000,1000,1000,1000,0,-3.74406755629594e-05,0.00160070120274361,0.0506186165404078,0.00113243303325505,0.0506081437229468,0.999793103443423,0.0223672398445758,0.0505933147552971,0.948,0.00702111102319284,0.199151722999804,"03b_2x2_to_cor_CONT",1000
0,25,0.3,0.1,"tetrachoric (z)","population",1000,436,436,436,0.564,0.20150226853062,0.0136589258416324,0.285206744738242,0.00966941422967494,0.438738589446653,1.53831772053399,0.0521538551633629,0.348940518157499,0.990825688073395,0.00456606547934309,1.71086658698986,"03b_2x2_to_cor_CONT",1000
0.1,25,0.3,0.1,"tetrachoric (z)","population",1000,462,462,462,0.538,0.149445579942631,0.0127602011772237,0.274270128060728,0.00903260562446299,0.440106285139685,1.6046453481884,0.0528461801501974,0.312082139470932,0.997835497835498,0.00216215836071295,1.71615897566212,"03b_2x2_to_cor_CONT",1000
0.25,25,0.3,0.1,"tetrachoric (z)","population",1000,507,507,507,0.493,0.0631502625685284,0.0130437798948595,0.293702363508347,0.00923245469493678,0.443331698820554,1.50945907797557,0.0474494395782227,0.300131460861599,0.994082840236686,0.00340615146724984,1.72817247592179,"03b_2x2_to_cor_CONT",1000
0.5,25,0.3,0.1,"tetrachoric (z)","population",1000,504,504,504,0.496,-0.0275417125610086,0.0139336950338991,0.312810677691863,0.00986239922973324,0.455107629309986,1.45489799986398,0.0458705087021783,0.313711520591033,1,0,1.77314082119336,"03b_2x2_to_cor_CONT",1000
0,50,0.3,0.1,"tetrachoric (z)","population",1000,742,742,742,0.258,0.0702227859271399,0.00921391591329474,0.250984092865049,0.0065196171778158,0.328757717119097,1.30987471503171,0.0340255894125493,0.260459897658359,0.987870619946092,0.00401853156613213,1.28180144285637,"03b_2x2_to_cor_CONT",1000
0.1,50,0.3,0.1,"tetrachoric (z)","population",1000,828,828,828,0.172,0.0700215735513568,0.00902378711402922,0.259659376206747,0.00638463768264258,0.330970595945711,1.27463371737512,0.0313413464301027,0.268783525687133,0.992753623188406,0.00294758290289566,1.28847560589148,"03b_2x2_to_cor_CONT",1000
0.25,50,0.3,0.1,"tetrachoric (z)","population",1000,860,860,860,0.14,0.0209696919037157,0.0100714939118546,0.295354179029536,0.00712576573383433,0.333502509513226,1.12916130257251,0.0272423398384971,0.295926315252854,0.982558139534884,0.00446402180339654,1.29890953393387,"03b_2x2_to_cor_CONT",1000
0.5,50,0.3,0.1,"tetrachoric (z)","population",1000,806,806,806,0.194,0.0157087365893192,0.0103299178571411,0.293267805198315,0.00730889042423261,0.345510350280554,1.17813938030774,0.0293618715812316,0.293506495274184,0.993796526054591,0.00276565942051717,1.34560062035398,"03b_2x2_to_cor_CONT",1000
0,100,0.3,0.1,"tetrachoric (z)","population",1000,940,940,940,0.0600000000000001,0.0128543550976075,0.00725410292708793,0.222406584255454,0.00513215596778043,0.238102129499158,1.07057140550154,0.0247040322393021,0.222659608272082,0.977659574468085,0.00482031725350457,0.927504976646737,"03b_2x2_to_cor_CONT",1000
0.1,100,0.3,0.1,"tetrachoric (z)","population",1000,976,976,976,0.024,0.00809139573685239,0.00741282933995735,0.231584191799813,0.00524434923691731,0.235802491515491,1.01821497263218,0.0230580285866716,0.231606905203018,0.969262295081967,0.00552498965342892,0.918578251145177,"03b_2x2_to_cor_CONT",1000
0.25,100,0.3,0.1,"tetrachoric (z)","population",1000,992,992,992,0.00800000000000001,0.0184595348995739,0.00748153620478928,0.235638699944861,0.00529291345588758,0.235719703340242,1.00034376100106,0.0224697087293159,0.23624220189549,0.956653225806452,0.00646546590397051,0.919108113215584,"03b_2x2_to_cor_CONT",1000
0.5,100,0.3,0.1,"tetrachoric (z)","population",1000,961,961,961,0.039,0.0608203501916349,0.00793797512087729,0.246077228747196,0.00561591871138325,0.252149883991449,1.02467784311116,0.0233849653686552,0.253357664293609,0.966701352757544,0.00578759009425728,0.981001921189057,"03b_2x2_to_cor_CONT",1000
0,300,0.3,0.1,"tetrachoric (z)","population",1000,1000,1000,1000,0,-0.000124444640369986,0.00441663811237378,0.139666360358079,0.00312459744880095,0.132909159802414,0.9516189829939,0.0212894947564323,0.13959656517954,0.938,0.00762600813007697,0.519986886356488,"03b_2x2_to_cor_CONT",1000
0.1,300,0.3,0.1,"tetrachoric (z)","population",1000,1000,1000,1000,0,-0.00575241267481454,0.00418701075093374,0.132404905605626,0.00296214513790857,0.131062216055899,0.989859215989129,0.0221450002206837,0.132463648677619,0.957,0.00641490451994416,0.512921364031566,"03b_2x2_to_cor_CONT",1000
0.25,300,0.3,0.1,"tetrachoric (z)","population",1000,1000,1000,1000,0,0.00416380192297047,0.00410360403795675,0.129767353754074,0.0029031381747049,0.13116852444362,1.01079755923975,0.0226134300826439,0.129769271326799,0.954,0.00662449998113065,0.513400526985672,"03b_2x2_to_cor_CONT",1000
0.5,300,0.3,0.1,"tetrachoric (z)","population",1000,1000,1000,1000,0,0.0567654079272982,0.0045663395315113,0.144400334892419,0.00323050530459934,0.139978703669642,0.969379356176207,0.0216868274899045,0.155090028040098,0.939,0.00756828910652864,0.547263815563182,"03b_2x2_to_cor_CONT",1000
0,25,0.5,0.1,"tetrachoric (z)","population",1000,545,545,545,0.455,0.0034604511618313,0.0120396030248353,0.281067362642152,0.00852110605946599,0.418406792685845,1.48863528213537,0.0451308860754801,0.280830705272523,0.998165137614679,0.00183317825244182,1.6348507637111,"03b_2x2_to_cor_CONT",1000
0.1,25,0.5,0.1,"tetrachoric (z)","population",1000,517,517,517,0.483,-0.0288370829082502,0.0119711343143287,0.272195270625646,0.00847306867563023,0.419041141787302,1.53948722482991,0.0479221440962474,0.273456641252053,1,0,1.63742368043612,"03b_2x2_to_cor_CONT",1000
0.25,25,0.5,0.1,"tetrachoric (z)","population",1000,457,457,457,0.543,-0.123832023373812,0.0120140884513375,0.25683187660738,0.0085045532723053,0.420486435893167,1.63720501305204,0.0542132753734132,0.28487303230247,0.99781181619256,0.00218578842214878,1.64241677662151,"03b_2x2_to_cor_CONT",1000
0,50,0.5,0.1,"tetrachoric (z)","population",1000,834,834,834,0.166,-0.00889017435985341,0.00926620851673388,0.267599374643969,0.00655613059092298,0.319316556830513,1.19326346429379,0.0292347136898047,0.267586617546013,0.986810551558753,0.00395045559268339,1.24365146845181,"03b_2x2_to_cor_CONT",1000
0.1,50,0.5,0.1,"tetrachoric (z)","population",1000,839,839,839,0.161,-0.0206136668671673,0.00919073146470872,0.266214102057927,0.00650270496931581,0.319121582616512,1.19874033775668,0.0292811488609777,0.266852771863743,0.99046483909416,0.00335507755885193,1.24327139878765,"03b_2x2_to_cor_CONT",1000
0.25,50,0.5,0.1,"tetrachoric (z)","population",1000,757,757,757,0.243,-0.0431587757963746,0.00969740665868421,0.266810887707468,0.00686163562993697,0.323144330405103,1.21113622154505,0.0311470627074719,0.270104961138415,0.986789960369881,0.00414969790612997,1.2591477218692,"03b_2x2_to_cor_CONT",1000
0,100,0.5,0.1,"tetrachoric (z)","population",1000,992,992,992,0.00800000000000001,-0.0028705701897965,0.00728388929834343,0.229413606754346,0.00515308549248454,0.22634547609916,0.986626204528177,0.0221615851517618,0.229315913302897,0.956653225806452,0.00646546590397051,0.881781000383452,"03b_2x2_to_cor_CONT",1000
0.1,100,0.5,0.1,"tetrachoric (z)","population",1000,987,987,987,0.013,-0.00470825287113403,0.00734493192693643,0.230752466262406,0.00519628420280491,0.229142469581507,0.993022840852034,0.0223617497334829,0.230683593491757,0.968591691995947,0.00555180321504435,0.892756594276139,"03b_2x2_to_cor_CONT",1000
0.25,100,0.5,0.1,"tetrachoric (z)","population",1000,970,970,970,0.03,0.00966369661449319,0.00692070277694612,0.215544063056779,0.00489620032956123,0.233538563283555,1.08348409124141,0.0246119289456517,0.215649563005249,0.97319587628866,0.00518579171732451,0.909393356094708,"03b_2x2_to_cor_CONT",1000
0,300,0.5,0.1,"tetrachoric (z)","population",1000,1000,1000,1000,0,0.00102364013586049,0.00408209458890671,0.129087165251939,0.00288792108697508,0.126032711280936,0.976338050610671,0.0218425064867736,0.129026666141834,0.957,0.00641490451994416,0.493255663524668,"03b_2x2_to_cor_CONT",1000
0.1,300,0.5,0.1,"tetrachoric (z)","population",1000,1000,1000,1000,0,0.0030765972772757,0.00406667527656633,0.128599563782448,0.00287701253101573,0.126244727349679,0.981688612593176,0.0219622085558855,0.128572063093183,0.952,0.00675988165576884,0.494036870679093,"03b_2x2_to_cor_CONT",1000
0.25,300,0.5,0.1,"tetrachoric (z)","population",1000,1000,1000,1000,0,0.00701929533872476,0.00421620689988458,0.133328168901528,0.00298280026296196,0.130194867110611,0.976499326310926,0.0218461145255331,0.133446224109429,0.947,0.00708456067798138,0.509277521569036,"03b_2x2_to_cor_CONT",1000
0,25,0.3,0.3,"tetrachoric (z)","population",1000,909,909,909,0.091,0.055774057778556,0.011140102161579,0.335869923391348,0.00788157827612895,0.374842058111416,1.11603341652792,0.0261890217567692,0.340287009866414,0.983498349834984,0.00422540716193139,1.46273139863628,"03b_2x2_to_cor_CONT",1000
0.1,25,0.3,0.3,"tetrachoric (z)","population",1000,936,936,936,0.0639999999999999,0.0428147652837784,0.0116085554255503,0.355153503837026,0.00821287665404807,0.373696198563275,1.05221036685804,0.0243322221623956,0.357536511219419,0.972222222222222,0.00537147547329001,1.45842142866387,"03b_2x2_to_cor_CONT",1000
0.25,25,0.3,0.3,"tetrachoric (z)","population",1000,951,951,951,0.049,0.0493944384759631,0.0117125422126601,0.361194748680349,0.00828637583386953,0.38210148079095,1.0578821596576,0.0242694812006422,0.364368321045522,0.982124079915878,0.00429662175824274,1.48787934194935,"03b_2x2_to_cor_CONT",1000
0.5,25,0.3,0.3,"tetrachoric (z)","population",1000,943,943,943,0.0570000000000001,0.0852762833392437,0.0126492872945844,0.388438173104112,0.00894914312057869,0.40757047552727,1.04925443416198,0.024173546142955,0.397487426663478,0.979851537645811,0.00457557045437839,1.58190983292653,"03b_2x2_to_cor_CONT",1000
0.75,25,0.3,0.3,"tetrachoric (z)","population",1000,853,853,853,0.147,0.216365883108076,0.0143284834135463,0.418480032621901,0.0101377119152934,0.46527386486261,1.11181855427493,0.0269338924839478,0.470886852268603,0.99179366940211,0.00308894840838203,1.79444658512538,"03b_2x2_to_cor_CONT",1000
0,50,0.3,0.3,"tetrachoric (z)","population",1000,991,991,991,0.00900000000000001,0.00728771047130237,0.00836199513289479,0.263236881798758,0.00591580898346584,0.257234668224863,0.977198432328784,0.0219609016225121,0.26320494619297,0.958627648839556,0.00632620482814537,1.00558256141157,"03b_2x2_to_cor_CONT",1000
0.1,50,0.3,0.3,"tetrachoric (z)","population",1000,996,996,996,0.004,-0.00275926858871713,0.00785646247065768,0.247945773391363,0.00555814882520576,0.25681467685792,1.03576952873707,0.0232186300681438,0.247836631883249,0.969879518072289,0.00541576963497431,1.00404405945681,"03b_2x2_to_cor_CONT",1000
0.25,50,0.3,0.3,"tetrachoric (z)","population",1000,997,997,997,0.003,0.0358551813615024,0.0083690072312205,0.264253971001596,0.00592075179367158,0.260636826093379,0.986311861674179,0.0220988456748364,0.26654402063926,0.956870611835506,0.00643377216833111,1.01857141876239,"03b_2x2_to_cor_CONT",1000
0.5,50,0.3,0.3,"tetrachoric (z)","population",1000,1000,1000,1000,0,0.0717439093345761,0.00897357980901485,0.283769509617857,0.00634845415550463,0.276530312350811,0.974489164544863,0.0218011434508247,0.292560759468487,0.961,0.00612200947402077,1.0774806183333,"03b_2x2_to_cor_CONT",1000
0.75,50,0.3,0.3,"tetrachoric (z)","population",1000,986,986,986,0.014,0.272984192975463,0.0110659969247675,0.347479351771897,0.00782881245922618,0.329806604429093,0.949140151054484,0.0213844080295309,0.44174632226465,0.913793103448276,0.0089383320851911,1.27556691945214,"03b_2x2_to_cor_CONT",1000
0,100,0.3,0.3,"tetrachoric (z)","population",1000,1000,1000,1000,0,0.00441987614666429,0.00579598517105857,0.183285144251057,0.00410043114649577,0.177479580661799,0.968324963744438,0.021663238761066,0.183246789778647,0.943,0.00733150734842434,0.694912991005859,"03b_2x2_to_cor_CONT",1000
0.1,100,0.3,0.3,"tetrachoric (z)","population",1000,1000,1000,1000,0,0.000125359186205073,0.00572538566083087,0.181052591710938,0.00405048477463296,0.177272713375581,0.979122760411008,0.0219048056482573,0.180962086192683,0.952,0.00675988165576884,0.69413316078136,"03b_2x2_to_cor_CONT",1000
0.25,100,0.3,0.3,"tetrachoric (z)","population",1000,1000,1000,1000,0,0.00487632148069762,0.00569930796823061,0.180227942663553,0.00403203583458032,0.178652578626738,0.991259046663169,0.0221763170484556,0.180203794956164,0.954,0.00662449998113065,0.699593791831387,"03b_2x2_to_cor_CONT",1000
0.5,100,0.3,0.3,"tetrachoric (z)","population",1000,1000,1000,1000,0,0.0645758129871632,0.00620710461521392,0.19628588259019,0.0043912819551145,0.190348800071418,0.969752880643141,0.0216951839301629,0.206542138992165,0.944,0.00727076337120113,0.744428378692352,"03b_2x2_to_cor_CONT",1000
0.75,100,0.3,0.3,"tetrachoric (z)","population",1000,999,999,999,0.001,0.246728210524753,0.00735985393582172,0.232622618218164,0.00520680928969897,0.223675924323996,0.961539879644128,0.0215222183298259,0.339019062775922,0.846846846846847,0.0113941692072886,0.871544658446433,"03b_2x2_to_cor_CONT",1000
0,300,0.3,0.3,"tetrachoric (z)","population",1000,1000,1000,1000,0,0.00088507139457673,0.00315593367164394,0.0997993854681279,0.00223269872878575,0.101063896165728,1.0126705258922,0.0226553318463107,0.0997533998109822,0.952,0.00675988165576884,0.396058823216649,"03b_2x2_to_cor_CONT",1000
0.1,300,0.3,0.3,"tetrachoric (z)","population",1000,1000,1000,1000,0,0.00237027410176243,0.00321907595088055,0.101796119658548,0.00227736940353754,0.100787651759353,0.990093257949537,0.0221502361766471,0.101772814281995,0.948,0.00702111102319284,0.394985841004891,"03b_2x2_to_cor_CONT",1000
0.25,300,0.3,0.3,"tetrachoric (z)","population",1000,1000,1000,1000,0,0.00913978343193557,0.00325097821178554,0.102804957728236,0.00229993899617757,0.101702743776446,0.98927859145954,0.0221320105650557,0.103159227000562,0.955,0.00655553201502365,0.398557777223531,"03b_2x2_to_cor_CONT",1000
0.5,300,0.3,0.3,"tetrachoric (z)","population",1000,1000,1000,1000,0,0.0510723742925444,0.00357359812683832,0.113007095229204,0.00252817987484094,0.107945942539189,0.955213850247638,0.0213699186539335,0.123960559794025,0.913,0.00891240708226459,0.422867713720566,"03b_2x2_to_cor_CONT",1000
0.75,300,0.3,0.3,"tetrachoric (z)","population",1000,1000,1000,1000,0,0.232529719855607,0.00399180870224843,0.126232074827859,0.00282404737943159,0.125853217991163,0.996998727643406,0.0223047244366183,0.264553723834608,0.563,0.0156853753541316,0.492574173869979,"03b_2x2_to_cor_CONT",1000
0,25,0.5,0.3,"tetrachoric (z)","population",1000,968,968,968,0.032,0.00181548600805682,0.0116640844777727,0.362901142144897,0.00825201673730217,0.356459004162464,0.982248228968479,0.02233536322792,0.362718188257512,0.958677685950413,0.00639721501349602,1.39261215578302,"03b_2x2_to_cor_CONT",1000
0.1,25,0.5,0.3,"tetrachoric (z)","population",1000,955,955,955,0.045,-0.00484839921861497,0.0114256712176651,0.353088366346646,0.00808340285418277,0.355852677634312,1.0078289503454,0.0230726588305432,0.352936758444841,0.96544502617801,0.0059104067954851,1.38991633216851,"03b_2x2_to_cor_CONT",1000
0.25,25,0.5,0.3,"tetrachoric (z)","population",1000,937,937,937,0.0629999999999999,7.29253956748896e-05,0.0112461872351693,0.344250916493755,0.00795650212207503,0.36067478575417,1.0477090066388,0.0242151829820619,0.344067176722184,0.975453575240128,0.00505507530410589,1.40790823939599,"03b_2x2_to_cor_CONT",1000
0.5,25,0.5,0.3,"tetrachoric (z)","population",1000,866,866,866,0.134,0.0357928733307865,0.0114890258698706,0.338097650937993,0.00812866268070933,0.381321357067095,1.12784385223969,0.0271160187180643,0.339792809864517,0.980369515011547,0.00471412905604101,1.48626691723388,"03b_2x2_to_cor_CONT",1000
0,50,0.5,0.3,"tetrachoric (z)","population",1000,1000,1000,1000,0,-0.000366891865993149,0.00806369708268027,0.254996491429247,0.00570474797603568,0.243085692315765,0.953290341185785,0.0213268861621294,0.254869225369063,0.949,0.00695693898205238,0.951187693304231,"03b_2x2_to_cor_CONT",1000
0.1,50,0.5,0.3,"tetrachoric (z)","population",1000,1000,1000,1000,0,0.00802171454721222,0.00795057235439381,0.251419173418519,0.00562471668789145,0.244235771071373,0.971428581800373,0.0217326724961097,0.251421433187319,0.949,0.00695693898205238,0.955739668034634,"03b_2x2_to_cor_CONT",1000
0.25,50,0.5,0.3,"tetrachoric (z)","population",1000,998,998,998,0.002,0.0233524489599607,0.00795450268586029,0.251291792053381,0.00562750288697649,0.249198567854961,0.991670144968461,0.0222077552081483,0.252249137784152,0.958917835671343,0.00628278336698022,0.974361932107949,"03b_2x2_to_cor_CONT",1000
0.5,50,0.5,0.3,"tetrachoric (z)","population",1000,986,986,986,0.014,0.0728765037254262,0.00868288517139169,0.272648124825717,0.00614284280702073,0.269531098232293,0.988567584701286,0.0222727197585456,0.282086143352207,0.960446247464503,0.00620714542739685,1.05045554712946,"03b_2x2_to_cor_CONT",1000
0,100,0.5,0.3,"tetrachoric (z)","population",1000,1000,1000,1000,0,0.00440183564370872,0.00544098549929318,0.172059068937149,0.00384928286572183,0.168181630388165,0.977464491857733,0.0218677070822339,0.172029343535774,0.949,0.00695693898205238,0.65891416341241,"03b_2x2_to_cor_CONT",1000
0.1,100,0.5,0.3,"tetrachoric (z)","population",1000,1000,1000,1000,0,0.0122559203411293,0.00550651956672395,0.174131438111312,0.00389564563638444,0.168899730838316,0.969955412246399,0.0216997149405595,0.17447533798329,0.949,0.00695693898205238,0.661690308241479,"03b_2x2_to_cor_CONT",1000
0.25,100,0.5,0.3,"tetrachoric (z)","population",1000,1000,1000,1000,0,0.0109043051211133,0.0055293649871117,0.174853873736606,0.00391180787119838,0.171669873781298,0.981790509485057,0.0219644881797519,0.175106273884491,0.958,0.00634318531969546,0.672244907245002,"03b_2x2_to_cor_CONT",1000
0.5,100,0.5,0.3,"tetrachoric (z)","population",1000,999,999,999,0.001,0.0521704181700616,0.00581295155400394,0.183729734565278,0.00411243625429076,0.18522791076224,1.00815423916279,0.0225655909908091,0.190904629304,0.952952952952953,0.00669914180415015,0.724114450935652,"03b_2x2_to_cor_CONT",1000
0,300,0.5,0.3,"tetrachoric (z)","population",1000,1000,1000,1000,0,0.000331070603407787,0.00307396295133209,0.0972072436918271,0.0021747076738145,0.0960387077833124,0.987978921486352,0.0221029345193129,0.0971591919772933,0.948,0.00702111102319284,0.376411769060941,"03b_2x2_to_cor_CONT",1000
0.1,300,0.5,0.3,"tetrachoric (z)","population",1000,1000,1000,1000,0,0.00520137279252825,0.00301022081966611,0.0951915405020389,0.00212961262710315,0.0961967630230405,1.0105599984589,0.0226081154040921,0.0952860022914962,0.956,0.00648567652600714,0.37703210806367,"03b_2x2_to_cor_CONT",1000
0.25,300,0.5,0.3,"tetrachoric (z)","population",1000,1000,1000,1000,0,0.00599753783330945,0.00307164242781278,0.0971338622949772,0.00217306599485331,0.0978978517356052,1.00786532546506,0.0225478305342042,0.0972703586772314,0.954,0.00662449998113065,0.3836535768027,"03b_2x2_to_cor_CONT",1000
0.5,300,0.5,0.3,"tetrachoric (z)","population",1000,1000,1000,1000,0,0.0566599538244603,0.00348626459832806,0.110245366567287,0.00246639484436415,0.105690770143247,0.958686731552929,0.0214476134978363,0.123904145112647,0.905,0.00927227048785787,0.413975877338496,"03b_2x2_to_cor_CONT",1000
0,25,0.3,0.5,"tetrachoric (z)","population",1000,966,966,966,0.034,-0.00589985116336805,0.0115250729431564,0.358205496788287,0.00815367865512608,0.354103945095243,0.988549724306806,0.0225019349476235,0.358068651052767,0.966873706004141,0.00575814686534991,1.38334753608321,"03b_2x2_to_cor_CONT",1000
0.1,25,0.3,0.5,"tetrachoric (z)","population",1000,967,967,967,0.033,0.0108437109982246,0.0108179412329877,0.336401446767404,0.00765339791744928,0.355080923173571,1.0555273367153,0.0240140784121337,0.3364022764532,0.966907962771458,0.00575229411549109,1.38714220561758,"03b_2x2_to_cor_CONT",1000
0.25,25,0.3,0.5,"tetrachoric (z)","population",1000,935,935,935,0.0649999999999999,-0.0204199275515758,0.011637279416949,0.355842049979081,0.0082332031505652,0.361367583927807,1.01552805226097,0.0234965169514224,0.356237437255404,0.970053475935829,0.0055739779054576,1.41074307145208,"03b_2x2_to_cor_CONT",1000
0.5,25,0.3,0.5,"tetrachoric (z)","population",1000,859,859,859,0.141,0.0113750046904529,0.0116433491093321,0.341251446760087,0.00823788755241624,0.380570362410343,1.11521977715716,0.0269216591099473,0.341242396353499,0.976717112922002,0.00514524705200886,1.483105789691,"03b_2x2_to_cor_CONT",1000
0,50,0.3,0.5,"tetrachoric (z)","population",1000,1000,1000,1000,0,-0.00708495027222431,0.00807026666773957,0.255204239949944,0.00570939569862325,0.242714088395018,0.951058212992952,0.0212769492837083,0.255174981933378,0.952,0.00675988165576884,0.950039597041263,"03b_2x2_to_cor_CONT",1000
0.1,50,0.3,0.5,"tetrachoric (z)","population",1000,999,999,999,0.001,0.00303851313689195,0.00813692255176082,0.257183395857393,0.00575655499436743,0.244138076388042,0.949276198699139,0.0212477194510867,0.257072600948079,0.950950950950951,0.00683300298303749,0.955111254979973,"03b_2x2_to_cor_CONT",1000
0.25,50,0.3,0.5,"tetrachoric (z)","population",1000,997,997,997,0.003,0.0174955254534787,0.00815666199865738,0.257549105134264,0.00577052568179949,0.248117505853875,0.963379413508454,0.0215850318876836,0.25801376674781,0.954864593781344,0.00657479163008761,0.970110961267629,"03b_2x2_to_cor_CONT",1000
0.5,50,0.3,0.5,"tetrachoric (z)","population",1000,987,987,987,0.013,0.0633205914740032,0.00872712617202456,0.274176249366251,0.00617413861893904,0.269122616258462,0.981567939894612,0.0221037983371063,0.281257800407277,0.954407294832827,0.00663981500232948,1.04887730090994,"03b_2x2_to_cor_CONT",1000
0,100,0.3,0.5,"tetrachoric (z)","population",1000,1000,1000,1000,0,-0.00301583377060872,0.00543355164968335,0.171823989971647,0.00384402371001682,0.168332353772226,0.979678994766695,0.0219172496501219,0.171764534463837,0.946,0.00714730718522718,0.659471908060794,"03b_2x2_to_cor_CONT",1000
0.1,100,0.3,0.5,"tetrachoric (z)","population",1000,1000,1000,1000,0,0.00636015235732579,0.00518439157395078,0.163944856558697,0.00366775277335215,0.168511404293271,1.02785416895917,0.0229950183124643,0.163986248246822,0.957,0.00641490451994416,0.660177625072032,"03b_2x2_to_cor_CONT",1000
0.25,100,0.3,0.5,"tetrachoric (z)","population",1000,1000,1000,1000,0,0.014619956720542,0.0053880484663525,0.17038505297051,0.00381183200063734,0.171907589748075,1.0089358588152,0.0225717803655461,0.170926236558342,0.96,0.00619677335393187,0.673255089374362,"03b_2x2_to_cor_CONT",1000
0.5,100,0.3,0.5,"tetrachoric (z)","population",1000,1000,1000,1000,0,0.0634450303898319,0.005824189571002,0.184177045689653,0.00412038464820135,0.185842151364873,1.00904078827514,0.0225741278336263,0.194711414292989,0.962,0.00604615580348373,0.726483656615555,"03b_2x2_to_cor_CONT",1000
0,300,0.3,0.5,"tetrachoric (z)","population",1000,1000,1000,1000,0,-0.00313114666071984,0.00318456977235999,0.100704938483815,0.00225295764177894,0.095965507062916,0.952937447832703,0.0213189912784372,0.100703263253009,0.942,0.00739161687318817,0.37612741458111,"03b_2x2_to_cor_CONT",1000
0.1,300,0.3,0.5,"tetrachoric (z)","population",1000,1000,1000,1000,0,0.000197493384436716,0.00294154407167872,0.0930197910427034,0.00208102653376846,0.0961888092239604,1.03406821436314,0.0231340381191391,0.0929734792709161,0.962,0.00604615580348373,0.377004686553949,"03b_2x2_to_cor_CONT",1000
0.25,300,0.3,0.5,"tetrachoric (z)","population",1000,1000,1000,1000,0,0.00930877231568621,0.00324382341085834,0.102578703056885,0.002294877256421,0.0979456364518544,0.954834030193757,0.0213614213696317,0.102949119338327,0.943,0.00733150734842434,0.383838479235805,"03b_2x2_to_cor_CONT",1000
0.5,300,0.3,0.5,"tetrachoric (z)","population",1000,1000,1000,1000,0,0.0518408665760888,0.00338186809099104,0.106944059137773,0.00239253842864943,0.105361319377071,0.985200302162999,0.0220407716131794,0.118798443594343,0.93,0.00806845710157772,0.412695922951242,"03b_2x2_to_cor_CONT",1000
0,25,0.5,0.5,"tetrachoric (z)","population",1000,997,997,997,0.003,-0.00974570488889599,0.0108145917416396,0.341474052242224,0.00765090908432647,0.334813111100612,0.980493565769128,0.0219684836379467,0.341441871661881,0.964894684052157,0.00582879552840735,1.30969627063462,"03b_2x2_to_cor_CONT",1000
0.1,25,0.5,0.5,"tetrachoric (z)","population",1000,998,998,998,0.002,0.0234734578581806,0.0114736603191172,0.362465986481831,0.00811717075472158,0.337148732100392,0.930152744462527,0.0208301163043162,0.363044005182496,0.949899799599198,0.0069054718450956,1.31786572011108,"03b_2x2_to_cor_CONT",1000
0.25,25,0.5,0.5,"tetrachoric (z)","population",1000,992,992,992,0.00800000000000001,0.0409043750051578,0.0112911381544113,0.35562604293756,0.00798806761524621,0.344433512847821,0.968527248462216,0.0217550466327432,0.357792622211761,0.959677419354839,0.0062456977236912,1.34453963343385,"03b_2x2_to_cor_CONT",1000
0.5,25,0.5,0.5,"tetrachoric (z)","population",1000,980,980,980,0.02,0.0717856061884947,0.0116423528058783,0.36446329208771,0.00823659003242933,0.36854410380225,1.0111967701635,0.0228522691276933,0.371283072811574,0.972448979591837,0.00522864575304631,1.43362613897538,"03b_2x2_to_cor_CONT",1000
0.75,25,0.5,0.5,"tetrachoric (z)","population",1000,907,907,907,0.093,0.250049044199066,0.0132576909142816,0.399274462142789,0.0093797753435978,0.434721141583025,1.08877772760623,0.0255776200392379,0.470923405933387,0.992282249173098,0.00290575734416909,1.6779112981334,"03b_2x2_to_cor_CONT",1000
0,50,0.5,0.5,"tetrachoric (z)","population",1000,1000,1000,1000,0,-0.00128938330280206,0.00722304118245754,0.228412617697617,0.00511001704850138,0.228324288935958,0.999613292984647,0.0223632171486359,0.228302023882522,0.961,0.00612200947402077,0.894703784260158,"03b_2x2_to_cor_CONT",1000
0.1,50,0.5,0.5,"tetrachoric (z)","population",1000,1000,1000,1000,0,0.00156924553163671,0.00756256220444976,0.239149215127652,0.00535021479442017,0.229432059395893,0.959367812574369,0.0214628505528907,0.239034761657409,0.953,0.00669260786241059,0.898840468720746,"03b_2x2_to_cor_CONT",1000
0.25,50,0.5,0.5,"tetrachoric (z)","population",1000,1000,1000,1000,0,0.0161729662890256,0.00764090592484308,0.241626661095795,0.00540563988985299,0.233542013154566,0.966540745526324,0.0216233224657023,0.242046740832294,0.948,0.00702111102319284,0.914451462034009,"03b_2x2_to_cor_CONT",1000
0.5,50,0.5,0.5,"tetrachoric (z)","population",1000,1000,1000,1000,0,0.0581787213982868,0.00812957053595046,0.257079592925992,0.00575135084880787,0.250732744472421,0.975311737577715,0.0218195459465532,0.263455102067571,0.953,0.00669260786241059,0.979151000087237,"03b_2x2_to_cor_CONT",1000
0.75,50,0.5,0.5,"tetrachoric (z)","population",1000,999,999,999,0.001,0.27642496303178,0.00989188989961135,0.312652580830939,0.00699812586922288,0.302611564624194,0.96788442884412,0.0216642288443946,0.417210434914543,0.901901901901902,0.00941081424066517,1.17311790675723,"03b_2x2_to_cor_CONT",1000
0,100,0.5,0.5,"tetrachoric (z)","population",1000,1000,1000,1000,0,0.00664199924707055,0.00522059168200349,0.165089604488605,0.00369336292351386,0.159278317633466,0.964799195726827,0.0215843607425894,0.165140664545992,0.948,0.00702111102319284,0.62430754691056,"03b_2x2_to_cor_CONT",1000
0.1,100,0.5,0.5,"tetrachoric (z)","population",1000,1000,1000,1000,0,0.0163038329905226,0.00518605918307143,0.163997590989379,0.00366893254110114,0.159934960311194,0.975227497832892,0.0218176613460589,0.164724405024429,0.952,0.00675988165576884,0.62683585541739,"03b_2x2_to_cor_CONT",1000
0.25,100,0.5,0.5,"tetrachoric (z)","population",1000,1000,1000,1000,0,0.00204764400198601,0.0050868713137023,0.160860995154721,0.00359876103152817,0.162281399486167,1.00883001084309,0.0225694123486322,0.160793583044735,0.959,0.00627048642451286,0.63589991960051,"03b_2x2_to_cor_CONT",1000
0.5,100,0.5,0.5,"tetrachoric (z)","population",1000,1000,1000,1000,0,0.0593856829109113,0.0054453052666227,0.172195671974382,0.00385233893090848,0.174075130887402,1.01091466987219,0.0226160500663135,0.182066903725135,0.946,0.00714730718522718,0.681365822430536,"03b_2x2_to_cor_CONT",1000
0.75,100,0.5,0.5,"tetrachoric (z)","population",1000,1000,1000,1000,0,0.250655850461976,0.00655340250551385,0.207236783412779,0.00463627406835213,0.206320953099399,0.995580754061619,0.0222730017181,0.325165331309616,0.826,0.0119884944842962,0.805216556933098,"03b_2x2_to_cor_CONT",1000
0,300,0.5,0.5,"tetrachoric (z)","population",1000,1000,1000,1000,0,0.000562334022188021,0.00301841936773653,0.0954508013561278,0.00213541277683987,0.0911225775177378,0.954654924035248,0.0213574144302047,0.0954047212856888,0.94,0.00750999334220744,0.357190512553234,"03b_2x2_to_cor_CONT",1000
0.1,300,0.5,0.5,"tetrachoric (z)","population",1000,1000,1000,1000,0,0.000412702745143794,0.00287644285805257,0.0909611099077053,0.00203496999011816,0.0913645825641792,1.00443566109608,0.0224711025339179,0.0909165546844019,0.949,0.00695693898205238,0.358134816177418,"03b_2x2_to_cor_CONT",1000
0.25,300,0.5,0.5,"tetrachoric (z)","population",1000,1000,1000,1000,0,0.00803085370485006,0.00295139700236926,0.0933313680688024,0.00208799709402618,0.0928919817519117,0.995292190332336,0.0222665460082925,0.0936297395732647,0.948,0.00702111102319284,0.364089813813298,"03b_2x2_to_cor_CONT",1000
0.5,300,0.5,0.5,"tetrachoric (z)","population",1000,1000,1000,1000,0,0.0500456756980519,0.00313220972189277,0.0990491683050373,0.00221591496906129,0.0992430453864661,1.00195738222487,0.0224156588048872,0.110930143154385,0.93,0.00806845710157772,0.388857750409464,"03b_2x2_to_cor_CONT",1000
0.75,300,0.5,0.5,"tetrachoric (z)","population",1000,1000,1000,1000,0,0.233092394373929,0.00372099118050026,0.117668072837796,0.00263245465301504,0.11663525435477,0.991222610703847,0.0221755019079647,0.26108235081094,0.505,0.0158105977116616,0.456594897553696,"03b_2x2_to_cor_CONT",1000
0,25,0.3,0.1,"phi (r)","sample",1000,920,433,433,0.08,0.00685666984302971,0.00690988799364594,0.209587279952658,0.00488868627463594,0.193218660040295,0.921900699717749,0.0215036108026473,0.212851289282236,0.953810623556582,0.010086910772439,0.752280281925142,"03b_2x2_to_cor_CONT",1000
0.1,25,0.3,0.1,"phi (r)","sample",1000,911,458,458,0.089,-0.0479861916657755,0.00713721729049523,0.215421034636219,0.00504954693668557,0.193465204575095,0.898079451255998,0.0210513070353044,0.214546507603837,0.980349344978166,0.00648554098558079,0.753562448283349,"03b_2x2_to_cor_CONT",1000
0.25,25,0.3,0.1,"phi (r)","sample",1000,916,502,502,0.084,-0.129474380435403,0.00729329027504213,0.220735017749785,0.00515995234765337,0.193038622746616,0.874526501116536,0.0204431318533996,0.246063742217397,0.934262948207171,0.0110608324988025,0.753322584231082,"03b_2x2_to_cor_CONT",1000
0.5,25,0.3,0.1,"phi (r)","sample",1000,946,500,500,0.054,-0.237673017479859,0.00711115445661613,0.218718581171641,0.00503100533515914,0.191626557569796,0.876132958358101,0.0201529726655885,0.318454413110383,0.696,0.0205710476155202,0.752115514349963,"03b_2x2_to_cor_CONT",1000
0,50,0.3,0.1,"phi (r)","sample",1000,996,735,735,0.004,-0.0110425152035258,0.00451047718450063,0.14234825890812,0.00319099130910135,0.140089008384225,0.98412870981897,0.0220610085726193,0.158359765437265,0.949659863945578,0.00806487359251149,0.54653471889204,"03b_2x2_to_cor_CONT",1000
0.1,50,0.3,0.1,"phi (r)","sample",1000,998,821,821,0.002,-0.047670816831568,0.00451468039765329,0.14262389145851,0.00319396170633417,0.140463155184704,0.984850109952058,0.022055025322184,0.157223106292174,0.952496954933009,0.00742370907886636,0.548225061021087,"03b_2x2_to_cor_CONT",1000
0.25,50,0.3,0.1,"phi (r)","sample",1000,994,857,857,0.00600000000000001,-0.12926039636119,0.00500167759419334,0.157691718500745,0.00353850052189671,0.140950689027066,0.893836977408554,0.0200571256443997,0.20613007114115,0.838973162193699,0.0125554636636449,0.550784420083686,"03b_2x2_to_cor_CONT",1000
0.5,50,0.3,0.1,"phi (r)","sample",1000,999,805,805,0.001,-0.24380612854805,0.00493562804511652,0.156000204408651,0.00349176412737357,0.14208471267685,0.910798246806467,0.0203864646045117,0.285694875024562,0.509316770186335,0.0176196247798577,0.557361806204523,"03b_2x2_to_cor_CONT",1000
0,100,0.3,0.1,"phi (r)","sample",1000,1000,931,931,0,-0.00482220360307961,0.00318201665365461,0.100624201781357,0.00225115141088786,0.100216199603211,0.995945287804289,0.0222811570190574,0.102705115262273,0.958109559613319,0.00656583869730467,0.39177498372782,"03b_2x2_to_cor_CONT",1000
0.1,100,0.3,0.1,"phi (r)","sample",1000,1000,971,971,0,-0.0513341110647551,0.00330738748502709,0.104588775574217,0.00233984633446854,0.100207290282027,0.95810749989056,0.0214346550032506,0.1205978023357,0.903192584963955,0.00948931533300865,0.391801357090987,"03b_2x2_to_cor_CONT",1000
0.25,100,0.3,0.1,"phi (r)","sample",1000,1000,989,989,0,-0.126316782201893,0.00340500206400183,0.107675619598202,0.00240890480307517,0.100767189047176,0.935840345504349,0.0209364971532943,0.165055673085078,0.731041456016178,0.0140998836703218,0.394158790431389,"03b_2x2_to_cor_CONT",1000
0.5,100,0.3,0.1,"phi (r)","sample",1000,1000,961,961,0,-0.24166523634054,0.00350698417046409,0.110900576968227,0.00248105312529849,0.10386433867742,0.936553636751384,0.0209524548112802,0.261940725887393,0.289281997918835,0.0146267442674603,0.406863815164598,"03b_2x2_to_cor_CONT",1000
0,300,0.3,0.1,"phi (r)","sample",1000,1000,995,995,0,0.00307598646477353,0.0019045167489076,0.0602261076848701,0.00134737056182241,0.0578037384949994,0.959778752388489,0.0214720440443765,0.061153164017959,0.939698492462312,0.00754652142742892,0.22637449219002,"03b_2x2_to_cor_CONT",1000
0.1,300,0.3,0.1,"phi (r)","sample",1000,1000,998,998,0,-0.0548197872926354,0.00189788992224139,0.0600165490256264,0.00134268234305328,0.0577931435894698,0.962953460799499,0.0215430682034962,0.0830177507067213,0.806613226452906,0.0125020370830754,0.22634258605976,"03b_2x2_to_cor_CONT",1000
0.25,300,0.3,0.1,"phi (r)","sample",1000,1000,999,999,0,-0.128340747911581,0.00193771368270752,0.0612758869062858,0.00137085608452545,0.0581788940800638,0.949458212967876,0.0212411542935359,0.142455041097812,0.399399399399399,0.0154957942293255,0.227876750476238,"03b_2x2_to_cor_CONT",1000
0.5,300,0.3,0.1,"phi (r)","sample",1000,1000,1000,1000,0,-0.241441853709807,0.00199922454977653,0.0632210313141849,0.00141437259944635,0.0599307916532187,0.947956564570815,0.0212075596130529,0.248548427010863,0.011,0.00329833291224521,0.234827243725521,"03b_2x2_to_cor_CONT",1000
0,25,0.5,0.1,"phi (r)","sample",1000,944,543,543,0.056,0.00663340487054391,0.00661405126023688,0.203213966855014,0.00467931960712857,0.192844777598785,0.948974032559353,0.0218516121993673,0.20552771704643,0.965009208103131,0.00788574446122454,0.749605941218862,"03b_2x2_to_cor_CONT",1000
0.1,25,0.5,0.1,"phi (r)","sample",1000,935,517,517,0.0649999999999999,-0.0351367917695037,0.00650684717484316,0.198964874403938,0.0046034981837886,0.192892389410015,0.969479612860741,0.0224310831265811,0.210638650311018,0.965183752417795,0.00806214696634603,0.749781464674339,"03b_2x2_to_cor_CONT",1000
0.25,25,0.5,0.1,"phi (r)","sample",1000,923,453,453,0.077,-0.120170242615585,0.00632391399153766,0.192126293835835,0.00447410680036962,0.192807072622156,1.00354339207158,0.0233698377525045,0.23437665227374,0.880794701986755,0.0152242541286011,0.749564854558955,"03b_2x2_to_cor_CONT",1000
0,50,0.5,0.1,"phi (r)","sample",1000,997,803,803,0.003,-0.00439548969029889,0.00462127385562696,0.145918139833796,0.00326937409824183,0.140293796083414,0.96145548622818,0.02154192526623,0.15454526519343,0.945205479452055,0.00803107919016724,0.547348832016526,"03b_2x2_to_cor_CONT",1000
0.1,50,0.5,0.1,"phi (r)","sample",1000,991,813,813,0.00900000000000001,-0.0521542229329866,0.00450893266068301,0.141941887668605,0.00318990670479821,0.140400119132007,0.989138029922515,0.0222292241243641,0.15251339264429,0.947109471094711,0.00784953213931631,0.547792937814945,"03b_2x2_to_cor_CONT",1000
0.25,50,0.5,0.1,"phi (r)","sample",1000,991,731,731,0.00900000000000001,-0.131743589225057,0.00451717772056547,0.14220144341089,0.00319573978632321,0.140998734999554,0.991542220792653,0.0222832542961635,0.192443811016447,0.839945280437757,0.0135612914930864,0.550444749159433,"03b_2x2_to_cor_CONT",1000
0,100,0.5,0.1,"phi (r)","sample",1000,1000,981,981,0,-0.0011935174065144,0.00315070328203418,0.0996339860259587,0.00222899843421439,0.100214881634833,1.00583029578605,0.0225023031178173,0.103830367741763,0.949031600407747,0.00702192734543037,0.391750321870433,"03b_2x2_to_cor_CONT",1000
0.1,100,0.5,0.1,"phi (r)","sample",1000,1000,980,980,0,-0.0535269767458383,0.00315784578157488,0.0998598516933121,0.0022340514712247,0.10041497593598,1.00555903331774,0.0224962344695455,0.115685122057954,0.912244897959184,0.00903813598866573,0.392540970478128,"03b_2x2_to_cor_CONT",1000
0.25,100,0.5,0.1,"phi (r)","sample",1000,1000,968,968,0,-0.136642926195107,0.00286310365022452,0.0905392871185154,0.00202553302614509,0.101603199245963,1.12220012416229,0.0251057136164483,0.167843113201451,0.714876033057851,0.0145109067849109,0.397175163489352,"03b_2x2_to_cor_CONT",1000
0,300,0.5,0.1,"phi (r)","sample",1000,1000,996,996,0,0.00288635211175034,0.00183396378686239,0.0579950271275273,0.00129745712096472,0.0577165081025791,0.995197536086401,0.0222644284159488,0.060521193274519,0.941767068273092,0.0074203844787617,0.226037568645996,"03b_2x2_to_cor_CONT",1000
0.1,300,0.5,0.1,"phi (r)","sample",1000,1000,997,997,0,-0.0519083406594468,0.00180280091661274,0.0570095706433553,0.00127541061808132,0.0578322837071439,1.01443113944736,0.0226947200612587,0.0781377253471748,0.847542627883651,0.0113843282891663,0.226490079080502,"03b_2x2_to_cor_CONT",1000
0.25,300,0.5,0.1,"phi (r)","sample",1000,1000,1000,1000,0,-0.13413793933958,0.00177064380288221,0.0559926734197001,0.00125266072710843,0.058500536350617,1.04478912646515,0.0233738849549619,0.145228170725618,0.363,0.0152062815967613,0.229100470540118,"03b_2x2_to_cor_CONT",1000
0,25,0.3,0.3,"phi (r)","sample",1000,1000,890,890,0,0.00399384221563899,0.00623792012440806,0.197260354553304,0.00441308271373717,0.190958653070855,0.968053887479221,0.0216571742785052,0.188077869128851,0.965168539325843,0.00614599806044112,0.743865028482139,"03b_2x2_to_cor_CONT",1000
0.1,25,0.3,0.3,"phi (r)","sample",1000,1000,913,913,0,-0.0465004318059308,0.00651676540444504,0.206078216550347,0.00461035476284908,0.189863800919628,0.921319119011505,0.0206116301836341,0.199502798949315,0.95947426067908,0.00652599518191382,0.740633550401539,"03b_2x2_to_cor_CONT",1000
0.25,25,0.3,0.3,"phi (r)","sample",1000,1000,941,941,0,-0.0922139700714895,0.0065021972799652,0.205617532004416,0.00460004838876423,0.188382050491859,0.91617698479045,0.0204965910329946,0.21016750962656,0.943676939426142,0.00751553639979709,0.737158953734455,"03b_2x2_to_cor_CONT",1000
0.5,25,0.3,0.3,"phi (r)","sample",1000,1000,939,939,0,-0.172330742144684,0.00669910612001787,0.211844336264298,0.00473935363488598,0.182172185065405,0.859934177509123,0.0192383343440247,0.250966714367087,0.808306709265176,0.0128457288941591,0.721699209432966,"03b_2x2_to_cor_CONT",1000
0.75,25,0.3,0.3,"phi (r)","sample",1000,1000,851,851,0,-0.220359623135353,0.00611482878043909,0.193367864481372,0.00432600043768259,0.168567668221494,0.871746030156594,0.0195025875582795,0.276586611625729,0.605170387779083,0.0167563303201611,0.68719768030914,"03b_2x2_to_cor_CONT",1000
0,50,0.3,0.3,"phi (r)","sample",1000,1000,986,986,0,-0.0069361727816872,0.00457898894009781,0.144800344314294,0.00323945426278713,0.138314735968171,0.955209993616824,0.021369832373896,0.130521877712868,0.970588235294118,0.00538071011875922,0.539905439479735,"03b_2x2_to_cor_CONT",1000
0.1,50,0.3,0.3,"phi (r)","sample",1000,1000,987,987,0,-0.0426366348575795,0.00433098959858866,0.136957916540385,0.00306400449985255,0.138025581412595,1.00779556888115,0.0225462699490816,0.134801082790428,0.956433637284701,0.00649747318628888,0.538845929978277,"03b_2x2_to_cor_CONT",1000
0.25,50,0.3,0.3,"phi (r)","sample",1000,1000,993,993,0,-0.0897223953501087,0.00460952973618564,0.145766129086217,0.00326106067271079,0.136526149614347,0.936610929234427,0.0209537365511773,0.155545094343659,0.905337361530715,0.00929008954171975,0.533976305088258,"03b_2x2_to_cor_CONT",1000
0.5,50,0.3,0.3,"phi (r)","sample",1000,1000,1000,1000,0,-0.176530579052613,0.00454439691076921,0.143706448298637,0.00321498176496437,0.132312744822824,0.920715433366393,0.020598124607762,0.218225544691928,0.696,0.0145459272650457,0.520588605942987,"03b_2x2_to_cor_CONT",1000
0.75,50,0.3,0.3,"phi (r)","sample",1000,1000,986,986,0,-0.221149410964819,0.00444179740915452,0.140461967179631,0.0031423966599961,0.120859743569684,0.860444617119172,0.0192497538318615,0.252366526670352,0.433062880324544,0.0157799080794373,0.484689725270736,"03b_2x2_to_cor_CONT",1000
0,100,0.3,0.3,"phi (r)","sample",1000,1000,992,992,0,0.0042215499407131,0.00321659044144767,0.101717520949011,0.00227561100354294,0.0988485207503687,0.971794434509659,0.0217408573048149,0.0906566733043317,0.965725806451613,0.00577636602376606,0.386533315500041,"03b_2x2_to_cor_CONT",1000
0.1,100,0.3,0.3,"phi (r)","sample",1000,1000,993,993,0,-0.0401361460391183,0.0032141727930209,0.10164106819291,0.00227390061253644,0.0986732399360028,0.970800894661257,0.0217186299619698,0.0997421720287941,0.94662638469285,0.00713309468425989,0.385884985581468,"03b_2x2_to_cor_CONT",1000
0.25,100,0.3,0.3,"phi (r)","sample",1000,1000,997,997,0,-0.10300140253641,0.00325343000597357,0.102882490268117,0.00230167354396482,0.0979350983853033,0.951912207121732,0.0212960547280632,0.138935344409105,0.834503510531595,0.0117695781722668,0.383246105634982,"03b_2x2_to_cor_CONT",1000
0.5,100,0.3,0.3,"phi (r)","sample",1000,1000,1000,1000,0,-0.182735654339124,0.00327420965028887,0.103539600318162,0.00231637432359915,0.0947137909224833,0.914759093442911,0.02046487015421,0.204079755876898,0.438,0.0156893594515519,0.371749889338621,"03b_2x2_to_cor_CONT",1000
0.75,100,0.3,0.3,"phi (r)","sample",1000,1000,999,999,0,-0.224885521666682,0.00303349652230058,0.0959275828466959,0.0021460792696535,0.0865519084584148,0.902262997669142,0.0201853091427067,0.239799729305736,0.141141141141141,0.0110155191016855,0.342799357416622,"03b_2x2_to_cor_CONT",1000
0,300,0.3,0.3,"phi (r)","sample",1000,1000,1000,1000,0,-0.000370378303771562,0.00179405637239907,0.056733043875203,0.00126922419758551,0.0575064998759868,1.01363325406063,0.022676869874303,0.0526779734717227,0.973,0.00512552436341883,0.22521914158139,"03b_2x2_to_cor_CONT",1000
0.1,300,0.3,0.3,"phi (r)","sample",1000,1000,997,997,0,-0.0395029595380939,0.00186827490568891,0.0590800399731322,0.00132173088567514,0.0574286604123494,0.972048435283154,0.0217465397767202,0.0659415362515919,0.915747241725176,0.0087969534594889,0.22492390599273,"03b_2x2_to_cor_CONT",1000
0.25,300,0.3,0.3,"phi (r)","sample",1000,1000,999,999,0,-0.100471773216295,0.00190016148047055,0.0600883820040448,0.00134428938100094,0.0570475010875793,0.949393196903507,0.021239699762693,0.113544811087234,0.56956956956957,0.0156654230862232,0.223479487657418,"03b_2x2_to_cor_CONT",1000
0.5,300,0.3,0.3,"phi (r)","sample",1000,1000,1000,1000,0,-0.183497791741131,0.00194691150422536,0.0615667475613668,0.00137736318085482,0.0552790150233827,0.897871289502231,0.0200870584250749,0.191028052457466,0.042,0.00634318531969546,0.216754970878758,"03b_2x2_to_cor_CONT",1000
0.75,300,0.3,0.3,"phi (r)","sample",1000,1000,1000,1000,0,-0.224042375101148,0.00169637484712833,0.0536440828234548,0.00120011836711214,0.05031613648872,0.937962471169704,0.0209839730696352,0.229023485670808,0.001,0.000999499874937461,0.19787391999358,"03b_2x2_to_cor_CONT",1000
0,25,0.5,0.3,"phi (r)","sample",1000,998,956,956,0.002,0.0080509543279917,0.00657782674557454,0.207801032445477,0.0046535579234327,0.189892601451006,0.913819335815043,0.0204643411090072,0.182265400570289,0.969665271966527,0.0055469215998557,0.740274562757065,"03b_2x2_to_cor_CONT",1000
0.1,25,0.5,0.3,"phi (r)","sample",1000,1000,940,940,0,-0.0315690407059589,0.00645404778509981,0.204094911284803,0.00456598451823883,0.189855032468621,0.930229133462758,0.0208109638553342,0.180964774553773,0.969148936170213,0.00563983511249443,0.740257660722135,"03b_2x2_to_cor_CONT",1000
0.25,25,0.5,0.3,"phi (r)","sample",1000,1000,921,921,0,-0.0866574269420013,0.00626634525392145,0.19815923607378,0.00443319237291675,0.188881896652259,0.953182402166373,0.0213244713645804,0.201971977693245,0.935939196525516,0.0080684515123708,0.738019205457103,"03b_2x2_to_cor_CONT",1000
0.5,25,0.5,0.3,"phi (r)","sample",1000,999,863,863,0.001,-0.176549015260623,0.00577389925708906,0.182495410129632,0.00408480827904375,0.184236217433803,1.00953891006319,0.0225965841821099,0.236702409310018,0.825028968713789,0.0129333871168325,0.7266504359062,"03b_2x2_to_cor_CONT",1000
0,50,0.5,0.3,"phi (r)","sample",1000,1000,981,981,0,0.00330564640879399,0.00457783307556969,0.144763792668539,0.00323863653417459,0.137796138346051,0.951868805078615,0.0212950837432617,0.123147031372242,0.965341488277268,0.00583997431395574,0.537941189066835,"03b_2x2_to_cor_CONT",1000
0.1,50,0.5,0.3,"phi (r)","sample",1000,1000,982,982,0,-0.0470054917241752,0.00449747415757886,0.142222620556962,0.0031817857658404,0.137634982193401,0.967743258100605,0.0216502249188923,0.134325767852102,0.957230142566191,0.00645685955906421,0.537430666480429,"03b_2x2_to_cor_CONT",1000
0.25,50,0.5,0.3,"phi (r)","sample",1000,1000,987,987,0,-0.0910312946235976,0.00437431950909888,0.138328128620621,0.00309465870433847,0.13687106013635,0.989466578498529,0.022136216186373,0.152599794788334,0.921985815602837,0.00853670609737248,0.535177556347021,"03b_2x2_to_cor_CONT",1000
0.5,50,0.5,0.3,"phi (r)","sample",1000,1000,986,986,0,-0.18512214610868,0.00420775768822428,0.133060981368734,0.00297682277861154,0.134291269175652,1.00924604489057,0.022578719807637,0.215277916808257,0.71501014198783,0.014375810722085,0.528242840022503,"03b_2x2_to_cor_CONT",1000
0,100,0.5,0.3,"phi (r)","sample",1000,1000,994,994,0,0.00184625473548017,0.00320181934685505,0.101250417924546,0.00226516103610033,0.0986577522169071,0.974393530804276,0.0217990039453554,0.0917296407569662,0.968812877263581,0.005513335407513,0.385787170690497,"03b_2x2_to_cor_CONT",1000
0.1,100,0.5,0.3,"phi (r)","sample",1000,1000,991,991,0,-0.039644519650117,0.00321876137279638,0.101786171826069,0.00227714685193737,0.0985006899555094,0.967721726717715,0.0216497432216255,0.092540694914182,0.974772956609485,0.00498136179779511,0.385232450649193,"03b_2x2_to_cor_CONT",1000
0.25,100,0.5,0.3,"phi (r)","sample",1000,1000,996,996,0,-0.0993302876815426,0.00312144882275127,0.0987088787954524,0.0022083020568985,0.097895387473163,0.99175868136467,0.0221874948102992,0.131302360348984,0.859437751004016,0.0110131585751035,0.383106419208419,"03b_2x2_to_cor_CONT",1000
0.5,100,0.5,0.3,"phi (r)","sample",1000,1000,999,999,0,-0.190958664348511,0.00285143932822112,0.0901704288695918,0.0020172809779024,0.0959728092160693,1.06434903791873,0.0238114767220125,0.206267787290553,0.43043043043043,0.0156654230862232,0.376634435683296,"03b_2x2_to_cor_CONT",1000
0,300,0.5,0.3,"phi (r)","sample",1000,1000,998,998,0,-0.000619660496835743,0.00184218068082597,0.0582548681296975,0.00130327024969803,0.0574728047195053,0.986575140665481,0.0220715293193755,0.0509532885642662,0.965931863727455,0.00574225088741065,0.225087643679893,"03b_2x2_to_cor_CONT",1000
0.1,300,0.5,0.3,"phi (r)","sample",1000,1000,999,999,0,-0.0406500959288236,0.00179756018085626,0.0568438440272997,0.00127170300401879,0.0573906120883863,1.00961877350913,0.0225870584432802,0.0668266757276872,0.898898898898899,0.00953785296051173,0.224775104519201,"03b_2x2_to_cor_CONT",1000
0.25,300,0.5,0.3,"phi (r)","sample",1000,1000,1000,1000,0,-0.0977610885923207,0.00177250589379425,0.0560515579046235,0.00125397808306225,0.057001343757894,1.01694486092406,0.0227509567075988,0.108733438780868,0.598,0.0155047089621186,0.223298487587142,"03b_2x2_to_cor_CONT",1000
0.5,300,0.5,0.3,"phi (r)","sample",1000,1000,1000,1000,0,-0.183788572639958,0.00174931871284726,0.0553183148615141,0.00123757406611804,0.0556521307933248,1.00603445590572,0.0225068705611691,0.189809667861081,0.045,0.00655553201502365,0.218226998813881,"03b_2x2_to_cor_CONT",1000
0,25,0.3,0.5,"phi (r)","sample",1000,998,952,952,0.002,-0.0116968507180238,0.00653187499213189,0.206349364261226,0.00462104883576594,0.189856104098701,0.920071184994562,0.020604346872901,0.184181535868276,0.971638655462185,0.00538018644379371,0.740116684552329,"03b_2x2_to_cor_CONT",1000
0.1,25,0.3,0.5,"phi (r)","sample",1000,1000,955,955,0,-0.0337862648307795,0.00619192295282343,0.195805796271974,0.00438054152713129,0.190001734629518,0.97035807032804,0.0217087231542153,0.180005744858875,0.963350785340314,0.00608027018934253,0.740527767101489,"03b_2x2_to_cor_CONT",1000
0.25,25,0.3,0.5,"phi (r)","sample",1000,1000,930,930,0,-0.0998801997927856,0.00654843365788791,0.207079654654337,0.00463275880442957,0.188920056086225,0.91230621570031,0.0204099946958885,0.201414963478497,0.945161290322581,0.00746543472927963,0.738067256252808,"03b_2x2_to_cor_CONT",1000
0.5,25,0.3,0.5,"phi (r)","sample",1000,1000,854,854,0,-0.184303362985565,0.00586275974162843,0.185396741578861,0.00414767152425342,0.185100967728048,0.998404643747811,0.0223361774068381,0.243294880047198,0.799765807962529,0.0136937249674969,0.729338017692148,"03b_2x2_to_cor_CONT",1000
0,50,0.3,0.5,"phi (r)","sample",1000,1000,982,982,0,-0.00378458225636354,0.00462955402767251,0.146399352782513,0.00327522706997993,0.13770300370793,0.940598445899535,0.0210429447496791,0.131254496833008,0.966395112016293,0.00575072823576798,0.537587514666138,"03b_2x2_to_cor_CONT",1000
0.1,50,0.3,0.5,"phi (r)","sample",1000,1000,985,985,0,-0.0404428798302509,0.00458199213713999,0.14489531374345,0.0032415789063684,0.137713956897371,0.950437618301489,0.0212630654208747,0.140873769622221,0.946192893401015,0.00718938175567713,0.537756123249931,"03b_2x2_to_cor_CONT",1000
0.25,50,0.3,0.5,"phi (r)","sample",1000,1000,990,990,0,-0.0921387501650318,0.00451151697384808,0.142666693398702,0.00319172050506339,0.136811359249882,0.958957945899425,0.0214536810695334,0.155479425356484,0.92020202020202,0.00861231571869763,0.53495914512381,"03b_2x2_to_cor_CONT",1000
0.5,50,0.3,0.5,"phi (r)","sample",1000,1000,986,986,0,-0.184569555887508,0.00426038852701219,0.134725314626083,0.00301405702339701,0.134477293004797,0.998159057026706,0.0223306831730065,0.216249727415508,0.698782961460446,0.0146107484342986,0.528826709146313,"03b_2x2_to_cor_CONT",1000
0,100,0.3,0.5,"phi (r)","sample",1000,1000,987,987,0,-0.00347956032952129,0.00319504816591766,0.101036294382434,0.0022603706923719,0.0986610432448742,0.976491109931558,0.0218459307097743,0.090749835614646,0.970618034447822,0.00537534105347787,0.385800718867046,"03b_2x2_to_cor_CONT",1000
0.1,100,0.3,0.5,"phi (r)","sample",1000,1000,989,989,0,-0.0375247988378493,0.00303722278589095,0.0960454176477733,0.00214871545432876,0.0985497328322903,1.02607428075019,0.0229551988874954,0.0991269631596216,0.953488372093023,0.00669638361091489,0.385404917483088,"03b_2x2_to_cor_CONT",1000
0.25,100,0.3,0.5,"phi (r)","sample",1000,1000,997,997,0,-0.0929516457148913,0.00305290120073642,0.0965412126579001,0.00215980731510182,0.0978912444213036,1.01398399425733,0.0226847165878636,0.126443807791842,0.874623871614845,0.0104874646870916,0.383096054524928,"03b_2x2_to_cor_CONT",1000
0.5,100,0.3,0.5,"phi (r)","sample",1000,1000,1000,1000,0,-0.186982728406512,0.00282118434074811,0.0892136821596459,0.00199587676631286,0.0958528516810312,1.07441873668553,0.0240367546987299,0.202657713615979,0.444,0.0157119063133663,0.37622909901689,"03b_2x2_to_cor_CONT",1000
0,300,0.3,0.5,"phi (r)","sample",1000,1000,995,995,0,0.00155627288795665,0.00190756997922912,0.060322659305241,0.0013495306019775,0.0574672330676497,0.952664118749433,0.0213128763961271,0.0535465490184773,0.966834170854271,0.00567688223254773,0.225066441779731,"03b_2x2_to_cor_CONT",1000
0.1,300,0.3,0.5,"phi (r)","sample",1000,1000,997,997,0,-0.0409133983862134,0.00175861155696288,0.0556121803949765,0.00124414838719144,0.0574014960168072,1.03217488703234,0.0230916808490537,0.0645966649333239,0.923771313941825,0.00840415151983374,0.224816499662638,"03b_2x2_to_cor_CONT",1000
0.25,300,0.3,0.5,"phi (r)","sample",1000,1000,1000,1000,0,-0.0958933207040353,0.00187085652002506,0.0591616777865559,0.00132355727610227,0.0569817646495043,0.963153290802259,0.0215475387740417,0.10780721373711,0.617,0.0153724103510152,0.22322382368661,"03b_2x2_to_cor_CONT",1000
0.5,300,0.3,0.5,"phi (r)","sample",1000,1000,1000,1000,0,-0.18783431998493,0.00169163127204391,0.0534940778082667,0.00119676247463695,0.0556543736208903,1.04038383127879,0.0232753302703175,0.193582119591725,0.035,0.00581162627841812,0.218231999961918,"03b_2x2_to_cor_CONT",1000
0,25,0.5,0.5,"phi (r)","sample",1000,1000,986,986,0,0.000602870813589561,0.00630784596264314,0.199471603714497,0.0044625524892079,0.188922684112187,0.947115682604085,0.0211887475122632,0.165529789396205,0.988843813387424,0.00334490107441281,0.736312743301126,"03b_2x2_to_cor_CONT",1000
0.1,25,0.5,0.5,"phi (r)","sample",1000,1000,988,988,0,-0.0414896678552108,0.00659456198447832,0.208538360421115,0.00466539277803452,0.187977127417015,0.901403113736108,0.0201660719324255,0.172236772432105,0.976720647773279,0.00479724786007528,0.733520076975416,"03b_2x2_to_cor_CONT",1000
0.25,25,0.5,0.5,"phi (r)","sample",1000,1000,986,986,0,-0.0730280332721397,0.00632947433798238,0.200155552996107,0.00447785371260163,0.18633823000082,0.930967076414032,0.0208274730180058,0.185600871526173,0.952332657200811,0.00678525779588707,0.729191498297203,"03b_2x2_to_cor_CONT",1000
0.5,25,0.5,0.5,"phi (r)","sample",1000,1000,977,977,0,-0.164124960478301,0.00602121526392631,0.19040754516179,0.00425977256312577,0.179491315313088,0.942669131943137,0.0210892698655661,0.230992767735741,0.83828045035824,0.0117795486124133,0.710113801172837,"03b_2x2_to_cor_CONT",1000
0.75,25,0.5,0.5,"phi (r)","sample",1000,1000,905,905,0,-0.199431857428619,0.00552114105336352,0.1745938101169,0.00390598976209483,0.16217960827464,0.928896666875257,0.0207811540880484,0.250350891410572,0.657458563535912,0.0157748944106651,0.663407703113777,"03b_2x2_to_cor_CONT",1000
0,50,0.5,0.5,"phi (r)","sample",1000,1000,971,971,0,-0.00683403197504706,0.00441821510838406,0.139716229350613,0.00312571311134452,0.137303889950242,0.982734007268992,0.0219855959881109,0.122356780873455,0.976313079299691,0.00488021821784709,0.535942833488133,"03b_2x2_to_cor_CONT",1000
0.1,50,0.5,0.5,"phi (r)","sample",1000,1000,976,976,0,-0.0359023534781829,0.0045750851430117,0.144676895411142,0.00323669248015846,0.136958189874757,0.946648664844168,0.0211782994523478,0.12681020064158,0.965163934426229,0.00586935236997584,0.534786641892944,"03b_2x2_to_cor_CONT",1000
0.25,50,0.5,0.5,"phi (r)","sample",1000,1000,985,985,0,-0.079960851593664,0.00451317005434432,0.142718968393939,0.00319288999438305,0.135426755668732,0.948905090842033,0.0212287799180681,0.143810725379413,0.93502538071066,0.00785353993303285,0.529539746652014,"03b_2x2_to_cor_CONT",1000
0.5,50,0.5,0.5,"phi (r)","sample",1000,1000,998,998,0,-0.170009667643882,0.00425116386518533,0.134433605205906,0.00300753093860652,0.130065649652185,0.967508454846311,0.0216449719313622,0.205674118072407,0.735470941883767,0.0139622105045267,0.511581084958773,"03b_2x2_to_cor_CONT",1000
0.75,50,0.5,0.5,"phi (r)","sample",1000,1000,999,999,0,-0.203829921812562,0.00379852206138962,0.120119814563891,0.00268730469652471,0.116106564801516,0.966589610740357,0.0216244156718453,0.227897992130029,0.442442442442442,0.015714135726461,0.465841602277338,"03b_2x2_to_cor_CONT",1000
0,100,0.5,0.5,"phi (r)","sample",1000,1000,987,987,0,0.0016975183776295,0.00325878638153694,0.103051873735952,0.00230546296863451,0.098485218180819,0.95568585616566,0.0213804783082661,0.0838424976641763,0.980749746707194,0.00437359687049251,0.385115400895277,"03b_2x2_to_cor_CONT",1000
0.1,100,0.5,0.5,"phi (r)","sample",1000,1000,989,989,0,-0.0300913048232751,0.00321400440576872,0.101635743320452,0.00227378148518998,0.0982388767203637,0.966578031614549,0.0216241566251652,0.0903932686328389,0.963599595551062,0.00595529477858063,0.384209788395898,"03b_2x2_to_cor_CONT",1000
0.25,100,0.5,0.5,"phi (r)","sample",1000,1000,997,997,0,-0.0902952677920259,0.00307890772169435,0.0973636110603396,0.00217820590402167,0.0973423216366617,0.999781341063195,0.022366976698152,0.125872468479197,0.871614844533601,0.0105942968004657,0.380929467833782,"03b_2x2_to_cor_CONT",1000
0.5,100,0.5,0.5,"phi (r)","sample",1000,1000,1000,1000,0,-0.165493003870062,0.00292215534069646,0.0924066655342614,0.00206730977051522,0.09296553349061,1.00604791822232,0.0225071717383458,0.18249437796858,0.524,0.0157931630777371,0.364922900817961,"03b_2x2_to_cor_CONT",1000
0.75,100,0.5,0.5,"phi (r)","sample",1000,1000,1000,1000,0,-0.206966895353817,0.00263236759522635,0.0832427723973545,0.00186229635824291,0.0830001599174934,0.997085482944957,0.0223066653148169,0.219159070279357,0.143,0.0110702755159933,0.328812992213258,"03b_2x2_to_cor_CONT",1000
0,300,0.5,0.5,"phi (r)","sample",1000,1000,997,997,0,0.0013405006569225,0.00190878841757765,0.0603611897089395,0.00135039259910257,0.0574387074520567,0.951583421881264,0.0212886991878964,0.0482189875260304,0.982948846539619,0.00410010294486946,0.224954516646665,"03b_2x2_to_cor_CONT",1000
0.1,300,0.5,0.5,"phi (r)","sample",1000,1000,998,998,0,-0.0359128541445136,0.00181145536838774,0.0572832484384463,0.00128153330172642,0.0573331070310897,1.00087038696307,0.0223913406898224,0.0609692667235038,0.924849699398798,0.00834517926438136,0.224549522499739,"03b_2x2_to_cor_CONT",1000
0.25,300,0.5,0.5,"phi (r)","sample",1000,1000,1000,1000,0,-0.0871952603066237,0.00180471015059608,0.057069945923091,0.00127676132590065,0.0566951131023428,0.993432045279082,0.0222249310877569,0.0997528938908368,0.673,0.0148347901906296,0.222101969312452,"03b_2x2_to_cor_CONT",1000
0.5,300,0.5,0.5,"phi (r)","sample",1000,1000,1000,1000,0,-0.166415413451991,0.00171672470873105,0.0542876019507926,0.00121451509241077,0.0542039866365912,0.998459771454315,0.0223374107166391,0.172746876450849,0.069,0.00801492358042171,0.212554286576315,"03b_2x2_to_cor_CONT",1000
0.75,300,0.5,0.5,"phi (r)","sample",1000,1000,1000,1000,0,-0.20919292282955,0.00153775079812385,0.0486279499581315,0.00108789810223482,0.0483448937642345,0.994179146064338,0.0222416451282863,0.213530119079845,0.001,0.000999499874937461,0.190144813011286,"03b_2x2_to_cor_CONT",1000
0,25,0.3,0.1,"phi (z)","sample",1000,920,433,433,0.08,0.00926914061703848,0.0072206407106003,0.21901287653892,0.0051085411468969,0.208474467057278,0.951882237938785,0.0222029391894976,0.217998602400347,0.958429561200924,0.00959242597403135,0.815775153857265,"03b_2x2_to_cor_CONT",1000
0.1,25,0.3,0.1,"phi (z)","sample",1000,911,458,458,0.089,-0.0439302859538565,0.00746684266628815,0.225370043697527,0.00528275530611626,0.209542980869472,0.929772996586463,0.0217942151965543,0.219547714562651,0.98471615720524,0.00573243414163447,0.820116496876806,"03b_2x2_to_cor_CONT",1000
0.25,25,0.3,0.1,"phi (z)","sample",1000,916,502,502,0.084,-0.121016990085287,0.00779460019424882,0.235907409049348,0.00551462564282776,0.212409510659122,0.90039355489123,0.0210478060288533,0.249962199519725,0.956175298804781,0.00913642689104423,0.830662167397829,"03b_2x2_to_cor_CONT",1000
0.5,25,0.3,0.1,"phi (z)","sample",1000,945,500,500,0.055,-0.218373204018459,0.00791449620252569,0.243298358773965,0.0055993573415908,0.220508485704632,0.906329524028947,0.0208585988818229,0.317746151682674,0.814,0.0174013792556797,0.860783233390159,"03b_2x2_to_cor_CONT",1000
0,50,0.3,0.1,"phi (z)","sample",1000,996,735,735,0.004,-0.0109089837983035,0.00459520661273538,0.145022274559711,0.00325093416172264,0.145251691639864,1.00158194374519,0.0224522540869759,0.159851639216156,0.951020408163265,0.00796083879457773,0.569000417692652,"03b_2x2_to_cor_CONT",1000
0.1,50,0.3,0.1,"phi (z)","sample",1000,998,821,821,0.002,-0.0463212249570662,0.00461375062419381,0.145753632656632,0.00326405005854017,0.146776955234415,1.0070209061629,0.0225515247050869,0.158523547699088,0.957369062119367,0.00705067277791671,0.574723693773981,"03b_2x2_to_cor_CONT",1000
0.25,50,0.3,0.1,"phi (z)","sample",1000,994,857,857,0.00600000000000001,-0.125334701742919,0.00520855781601647,0.164214189629427,0.00368486056992163,0.150075268701543,0.913899517698251,0.0205073161170549,0.206995946379667,0.865810968494749,0.01164339523761,0.586809452408348,"03b_2x2_to_cor_CONT",1000
0.5,50,0.3,0.1,"phi (z)","sample",1000,999,805,805,0.001,-0.230767564960235,0.00541176472899514,0.171049438129781,0.00382861224017635,0.159506320207026,0.932515896871888,0.020872572374157,0.281204805111949,0.629813664596273,0.0170183829173952,0.622319600285301,"03b_2x2_to_cor_CONT",1000
0,100,0.3,0.1,"phi (z)","sample",1000,1000,931,931,0,-0.00474794539402951,0.0032129669329771,0.101602935550132,0.00227304751406638,0.102234983244362,1.00622076213455,0.0225110385796225,0.103225409736638,0.959183673469388,0.00648474654261637,0.400573403617977,"03b_2x2_to_cor_CONT",1000
0.1,100,0.3,0.1,"phi (z)","sample",1000,1000,971,971,0,-0.0507201892519227,0.00335002339818208,0.105937041531126,0.00237000956316915,0.102698355570925,0.969428200812566,0.0216879202356864,0.121040413741775,0.906282183316169,0.00935261780763338,0.402329292225755,"03b_2x2_to_cor_CONT",1000
0.25,100,0.3,0.1,"phi (z)","sample",1000,1000,989,989,0,-0.124148904479405,0.00349904722788047,0.110649588806005,0.0024754380511364,0.104969750986916,0.948668242870315,0.0212234811863887,0.164621833928134,0.759352881698686,0.0135929590839458,0.410890856098993,"03b_2x2_to_cor_CONT",1000
0.5,100,0.3,0.1,"phi (z)","sample",1000,1000,961,961,0,-0.232077813358854,0.00380011585615678,0.120170214779762,0.00268843224352691,0.114803675931151,0.955342188091728,0.021372789811306,0.256073717645641,0.428720083246618,0.0159642933215548,0.447797359318861,"03b_2x2_to_cor_CONT",1000
0,300,0.3,0.1,"phi (z)","sample",1000,1000,995,995,0,0.00310720690434143,0.00191210943091365,0.0604662093717551,0.00135274208518975,0.0582184106123687,0.96282553871425,0.0215402063474258,0.0612858588167262,0.939698492462312,0.00754652142742892,0.228192297251838,"03b_2x2_to_cor_CONT",1000
0.1,300,0.3,0.1,"phi (z)","sample",1000,1000,998,998,0,-0.0546234311768886,0.00190849021418784,0.0603517596897617,0.00135018163195351,0.0583243853111526,0.966407369246054,0.0216203385890982,0.0830370900125324,0.817635270541082,0.0122232012257306,0.228609222794567,"03b_2x2_to_cor_CONT",1000
0.25,300,0.3,0.1,"phi (z)","sample",1000,1000,999,999,0,-0.127308697848524,0.00197390581849561,0.0624203827310504,0.00139646059462405,0.0594870148908291,0.95300625033236,0.0213205305189125,0.141831316236008,0.427427427427427,0.0156517794486796,0.233109197645475,"03b_2x2_to_cor_CONT",1000
0.5,300,0.3,0.1,"phi (z)","sample",1000,1000,1000,1000,0,-0.234439330985612,0.00214849055208201,0.0679412367593176,0.00151997241499152,0.0648839340013958,0.955000778558797,0.0213651518421281,0.242633412755919,0.057,0.00733150734842433,0.25391113351687,"03b_2x2_to_cor_CONT",1000
0,25,0.5,0.1,"phi (z)","sample",1000,944,543,543,0.056,0.00681139287370192,0.00683190389897101,0.209907398333713,0.00483344634183078,0.205160122195513,0.977383950371049,0.0225057950171656,0.208861686025627,0.970534069981584,0.00725714089004146,0.803759953719916,"03b_2x2_to_cor_CONT",1000
0.1,25,0.5,0.1,"phi (z)","sample",1000,935,517,517,0.0649999999999999,-0.0331004240452884,0.00672055141346757,0.205499473397116,0.00475469077337007,0.205182042174662,0.998455318560155,0.0231015010029065,0.213517444620339,0.969052224371373,0.00761628241712338,0.803844603718785,"03b_2x2_to_cor_CONT",1000
0.25,25,0.5,0.1,"phi (z)","sample",1000,923,453,453,0.077,-0.115575412829106,0.00658599679416836,0.20008860920175,0.00465952779930778,0.205370212713941,1.0263963227755,0.0239020213002606,0.235704724122605,0.905077262693157,0.013771424108004,0.804509880302584,"03b_2x2_to_cor_CONT",1000
0,50,0.5,0.1,"phi (z)","sample",1000,997,803,803,0.003,-0.00452909572616072,0.00471046730758143,0.148734450444496,0.00333247504630568,0.145589092821194,0.978852528019559,0.0219317153079859,0.156184907632225,0.948941469489415,0.00776776531881438,0.570307316953581,"03b_2x2_to_cor_CONT",1000
0.1,50,0.5,0.1,"phi (z)","sample",1000,991,813,813,0.00900000000000001,-0.0512293963654661,0.00459589520311389,0.144679481764151,0.00325142955688812,0.145861429641764,1.00816942294236,0.0226569228762462,0.153510932805069,0.95079950799508,0.00758549496175118,0.571388861129572,"03b_2x2_to_cor_CONT",1000
0.25,50,0.5,0.1,"phi (z)","sample",1000,991,731,731,0.00900000000000001,-0.129061967494371,0.00464619551910506,0.146262943381214,0.00328701521036944,0.14795288201371,1.01155411338942,0.0227329881373757,0.192121335433912,0.863201094391245,0.0127097970028489,0.579195137713382,"03b_2x2_to_cor_CONT",1000
0,100,0.5,0.1,"phi (z)","sample",1000,1000,981,981,0,-0.00120020994061418,0.00318095044069547,0.10059048516714,0.00225039710722809,0.10231826721534,1.01717639640895,0.0227561365890216,0.104339108603699,0.950050968399592,0.00695508569069589,0.400826740577829,"03b_2x2_to_cor_CONT",1000
0.1,100,0.5,0.1,"phi (z)","sample",1000,1000,980,980,0,-0.0530930161729595,0.00319317123760498,0.100976940697704,0.00225904283954173,0.102730662766293,1.01736755002153,0.0227604130525069,0.1160384583411,0.916326530612245,0.00884516585995848,0.402388255426831,"03b_2x2_to_cor_CONT",1000
0.25,100,0.5,0.1,"phi (z)","sample",1000,1000,968,968,0,-0.135179219913826,0.00292476505110306,0.0924891918234442,0.0020691560378052,0.105060734568919,1.13592445233464,0.0254127524816688,0.167207244400343,0.741735537190083,0.0140675734212483,0.411125157267518,"03b_2x2_to_cor_CONT",1000
0,300,0.5,0.1,"phi (z)","sample",1000,1000,996,996,0,0.00289575987436999,0.00184013034344892,0.0581900307688649,0.00130181971678713,0.0581119489313719,0.998658157824265,0.0223418489904213,0.0606219927322977,0.941767068273092,0.0074203844787617,0.22778308185208,"03b_2x2_to_cor_CONT",1000
0.1,300,0.5,0.1,"phi (z)","sample",1000,1000,997,997,0,-0.0517225193133102,0.00181261162110388,0.057319812359784,0.00128235130496669,0.0583565958054967,1.01808769783134,0.0227765241046136,0.0781344134755242,0.849548645937813,0.0113225591258565,0.2287251140274,"03b_2x2_to_cor_CONT",1000
0.25,300,0.5,0.1,"phi (z)","sample",1000,1000,1000,1000,0,-0.133289110105581,0.001798008544182,0.0568580225205862,0.00127202020340623,0.0597053763406845,1.05007831250317,0.0234922139295143,0.144627660087085,0.401,0.0154983547513922,0.23392487371123,"03b_2x2_to_cor_CONT",1000
0,25,0.3,0.3,"phi (z)","sample",1000,1000,890,890,0,0.00474930813979517,0.00649480708581326,0.205383833545706,0.00459482011757565,0.20664253729288,1.00612854344689,0.0225089754752683,0.191867371969817,0.968539325842697,0.00585123631792206,0.809118663176878,"03b_2x2_to_cor_CONT",1000
0.1,25,0.3,0.3,"phi (z)","sample",1000,1000,913,913,0,-0.0423722527783598,0.00688248747197737,0.217643363790228,0.00486908871616534,0.208004274837407,0.955711542107429,0.0213810529507778,0.204549467643362,0.968236582694414,0.00580388722577601,0.814151467747904,"03b_2x2_to_cor_CONT",1000
0.25,25,0.3,0.3,"phi (z)","sample",1000,1000,941,941,0,-0.0829869116174143,0.00701632234138363,0.221875593966978,0.00496377161317151,0.21184010323447,0.954769740316725,0.0213599830849564,0.214445747075877,0.9596174282678,0.00641728368520358,0.828093341102623,"03b_2x2_to_cor_CONT",1000
0.5,25,0.3,0.3,"phi (z)","sample",1000,1000,939,939,0,-0.140593249663177,0.00798597154781765,0.25253859420404,0.0056497602225093,0.225365023306956,0.892398344170994,0.0199646184117777,0.256522595439468,0.887113951011715,0.0103270681958082,0.878235012266433,"03b_2x2_to_cor_CONT",1000
0.75,25,0.3,0.3,"phi (z)","sample",1000,998,851,851,0.002,-0.12514633020342,0.00904707877623112,0.285807514097452,0.00640045819865584,0.254346610475433,0.889922755455299,0.019929194004263,0.280866596376312,0.890716803760282,0.0106950233470556,0.985702542433486,"03b_2x2_to_cor_CONT",1000
0,50,0.3,0.3,"phi (z)","sample",1000,1000,986,986,0,-0.00667722950907539,0.00467476859561254,0.147829162963622,0.00330721459534187,0.14426007197509,0.975856651576858,0.0218317366908897,0.132003126346875,0.970588235294118,0.00538071011875922,0.565249430209006,"03b_2x2_to_cor_CONT",1000
0.1,50,0.3,0.3,"phi (z)","sample",1000,1000,987,987,0,-0.0414895132509236,0.00442227629718456,0.139844655416789,0.00312858624240988,0.144178856370902,1.03099296817026,0.0230652391156849,0.135875214141674,0.96048632218845,0.00620098589061106,0.56498024809913,"03b_2x2_to_cor_CONT",1000
0.25,50,0.3,0.3,"phi (z)","sample",1000,1000,993,993,0,-0.0843913469641035,0.00486569988575428,0.153866940498046,0.00344229096041732,0.14689425433668,0.954683662788146,0.0213580573698056,0.156558117595406,0.925478348439074,0.0083339279753334,0.575215228623816,"03b_2x2_to_cor_CONT",1000
0.5,50,0.3,0.3,"phi (z)","sample",1000,1000,1000,1000,0,-0.156582111025612,0.00524037123206537,0.165715088781494,0.00370735617586764,0.155722043196161,0.939697430941192,0.0210227873615081,0.213360786212855,0.809,0.0124305671632472,0.608312470472888,"03b_2x2_to_cor_CONT",1000
0.75,50,0.3,0.3,"phi (z)","sample",1000,1000,986,986,0,-0.141886748177438,0.0064490322770478,0.203936306994131,0.00456243624390323,0.181462031895459,0.889797577342034,0.0199064343982625,0.229596631715898,0.838742393509128,0.0117121316258313,0.704256416005855,"03b_2x2_to_cor_CONT",1000
0,100,0.3,0.3,"phi (z)","sample",1000,1000,992,992,0,0.00429997507286093,0.0032495691137248,0.102760398135051,0.00229894211481811,0.100930527940801,0.982192846393561,0.0219734892081645,0.0911643162534838,0.966733870967742,0.00569375486362415,0.395605100375211,"03b_2x2_to_cor_CONT",1000
0.1,100,0.3,0.3,"phi (z)","sample",1000,1000,993,993,0,-0.0394457828082187,0.00326276220293428,0.103177600247808,0.00230827570562562,0.101132493133601,0.980178768363527,0.0219284305193135,0.100173630271986,0.949647532729104,0.00693932097106089,0.396362049693537,"03b_2x2_to_cor_CONT",1000
0.25,100,0.3,0.3,"phi (z)","sample",1000,1000,997,997,0,-0.100182621286316,0.00337632038193546,0.106768625173657,0.00238861364307254,0.10239387497852,0.959025882481661,0.021455200937818,0.138392953967676,0.855566700100301,0.0111330208947307,0.401251001171087,"03b_2x2_to_cor_CONT",1000
0.5,100,0.3,0.3,"phi (z)","sample",1000,1000,1000,1000,0,-0.166662388299843,0.00372695856251647,0.117856778026191,0.00263667634067644,0.108486787748144,0.920496806081322,0.0205932335068883,0.195399951214533,0.641,0.0151696736945789,0.424727825839228,"03b_2x2_to_cor_CONT",1000
0.75,100,0.3,0.3,"phi (z)","sample",1000,1000,999,999,0,-0.157670693304661,0.00428565878832153,0.135524430454135,0.00303193473762415,0.124269175407913,0.916950360842643,0.0205138929003408,0.198288668375938,0.718718718718719,0.0142254872172664,0.48513328047559,"03b_2x2_to_cor_CONT",1000
0,300,0.3,0.3,"phi (z)","sample",1000,1000,1000,1000,0,-0.000363026976779209,0.00179975757300493,0.0569133316683234,0.00127325757238665,0.0578864218883597,1.01709775533274,0.0227543772412054,0.0527615913314429,0.973,0.00512552436341883,0.22690901705438,"03b_2x2_to_cor_CONT",1000
0.1,300,0.3,0.3,"phi (z)","sample",1000,1000,997,997,0,-0.0392239561473672,0.00188109805071356,0.0594855434235776,0.0013308027555477,0.0580366695574165,0.975643260819791,0.0218269627409319,0.0659459955822985,0.922768304914744,0.00845466762050606,0.227495446539577,"03b_2x2_to_cor_CONT",1000
0.25,300,0.3,0.3,"phi (z)","sample",1000,1000,999,999,0,-0.0987189750456134,0.00195215752088637,0.0617326411742867,0.00138107453094924,0.0588262626820136,0.952919906924642,0.0213185988555486,0.112419461875823,0.615615615615616,0.0153905782648069,0.230575609109114,"03b_2x2_to_cor_CONT",1000
0.5,300,0.3,0.3,"phi (z)","sample",1000,1000,1000,1000,0,-0.170753114474353,0.0021685768109335,0.0685764200357421,0.00153418265172962,0.0620161164140912,0.904335869118982,0.0202316831502147,0.180444363543375,0.207,0.0128121426779442,0.24301481430798,"03b_2x2_to_cor_CONT",1000
0.75,300,0.3,0.3,"phi (z)","sample",1000,1000,1000,1000,0,-0.162494453622841,0.00236434943478229,0.0747672939844376,0.00167268406965408,0.0704481217888296,0.942231797281483,0.021079485872022,0.175712930141817,0.36,0.0151789327688082,0.27588072085719,"03b_2x2_to_cor_CONT",1000
0,25,0.5,0.3,"phi (z)","sample",1000,998,956,956,0.002,0.00762749889797204,0.00689136372545082,0.217706022444182,0.00487537320580907,0.206884102322559,0.950291131131217,0.0212811013054221,0.187265139472307,0.973849372384937,0.00516128696634426,0.810117576166427,"03b_2x2_to_cor_CONT",1000
0.1,25,0.5,0.3,"phi (z)","sample",1000,1000,940,940,0,-0.0294923571018654,0.00675670892764249,0.213665896981441,0.00478010535172766,0.207036406606005,0.968972632183731,0.0216777283142261,0.185057796989307,0.972340425531915,0.00534894326492761,0.810715325720308,"03b_2x2_to_cor_CONT",1000
0.25,25,0.5,0.3,"phi (z)","sample",1000,1000,921,921,0,-0.0789115351452456,0.00668800287763047,0.211493220910727,0.00473149852836505,0.20954059518942,0.990767431159741,0.0221653186910568,0.205580434621101,0.95114006514658,0.00710344242368454,0.820021336098812,"03b_2x2_to_cor_CONT",1000
0.5,25,0.5,0.3,"phi (z)","sample",1000,999,863,863,0.001,-0.151051933278043,0.00669727783504239,0.211680601069986,0.00473806256907738,0.220339046127495,1.04090334689973,0.0232986166944151,0.233607828837413,0.92468134414832,0.00898342467042734,0.860534677862828,"03b_2x2_to_cor_CONT",1000
0,50,0.5,0.3,"phi (z)","sample",1000,1000,981,981,0,0.00336597776287142,0.00467449792919944,0.147820603740107,0.00330702310951886,0.143822298490904,0.972951637674049,0.0217667461018446,0.124646055623247,0.970438328236493,0.00540771707859177,0.56358712512926,"03b_2x2_to_cor_CONT",1000
0.1,50,0.5,0.3,"phi (z)","sample",1000,1000,982,982,0,-0.0458081355573474,0.00460901454149394,0.145749837199575,0.0032606961927651,0.144170316087092,0.989162793298219,0.0221294199438173,0.135587840347825,0.959266802443992,0.00630794960997204,0.564903579129311,"03b_2x2_to_cor_CONT",1000
0.25,50,0.5,0.3,"phi (z)","sample",1000,1000,987,987,0,-0.0865312232480026,0.00457495171313908,0.144672675988088,0.00323659808378072,0.146509006371035,1.01269300073705,0.0226558346505843,0.152610034317737,0.938196555217832,0.00766469154298224,0.573751806654825,"03b_2x2_to_cor_CONT",1000
0.5,50,0.5,0.3,"phi (z)","sample",1000,1000,986,986,0,-0.167226789026252,0.00479223914687554,0.151543907963489,0.00339032038201641,0.156654032476979,1.03372042190387,0.0231262573519726,0.207581443041194,0.836713995943205,0.011771303028372,0.61176770599343,"03b_2x2_to_cor_CONT",1000
0,100,0.5,0.3,"phi (z)","sample",1000,1000,994,994,0,0.00192533569438262,0.0032378430930602,0.102389588803147,0.00229064641720355,0.100712424138928,0.983619773418134,0.0220054122319276,0.092297795128255,0.969818913480885,0.00542649700581926,0.394761918256427,"03b_2x2_to_cor_CONT",1000
0.1,100,0.5,0.3,"phi (z)","sample",1000,1000,991,991,0,-0.0388566059911066,0.00326787489030251,0.103339277618288,0.00231189273049857,0.10103835996005,0.97773433576014,0.021873743994536,0.0927911377769015,0.978809283551968,0.0045749361031144,0.396021266153993,"03b_2x2_to_cor_CONT",1000
0.25,100,0.5,0.3,"phi (z)","sample",1000,1000,996,996,0,-0.0965498608535029,0.00323114446407965,0.102177759555358,0.00228590740112604,0.102405519834051,1.00222905923642,0.0224217367272659,0.13047114721482,0.881526104417671,0.0102399834321467,0.401281175936065,"03b_2x2_to_cor_CONT",1000
0.5,100,0.5,0.3,"phi (z)","sample",1000,1000,999,999,0,-0.177681306763147,0.00317772538185747,0.100488499851979,0.00224811550516765,0.108598675418336,1.08070749964725,0.024177446076782,0.196829287157758,0.655655655655656,0.0150332070489495,0.42503679540699,"03b_2x2_to_cor_CONT",1000
0,300,0.5,0.3,"phi (z)","sample",1000,1000,998,998,0,-0.000615235121814711,0.00184831794290886,0.0584489453974906,0.00130761212081332,0.0578624957927858,0.989966463881998,0.0221473995564406,0.0510426080703634,0.965931863727455,0.00574225088741065,0.226815729569933,"03b_2x2_to_cor_CONT",1000
0.1,300,0.5,0.3,"phi (z)","sample",1000,1000,999,999,0,-0.0403570454038856,0.00181052305546601,0.0572537661151997,0.00128087372706746,0.0580052823207043,1.01312605713993,0.0226655229314859,0.0668089573720633,0.8998998998999,0.00949580119317745,0.227373037040525,"03b_2x2_to_cor_CONT",1000
0.25,300,0.5,0.3,"phi (z)","sample",1000,1000,1000,1000,0,-0.096080114447641,0.00181991022476825,0.0575506144729666,0.00128751477949398,0.0587498603366543,1.02083810702405,0.0228380558974139,0.107550202061981,0.648,0.0151028474136502,0.230278300097169,"03b_2x2_to_cor_CONT",1000
0.5,300,0.5,0.3,"phi (z)","sample",1000,1000,1000,1000,0,-0.171698043707793,0.00194663821276136,0.0615581053264535,0.00137716983791173,0.0622506832409341,1.01125079972504,0.0226235699191827,0.179355123058086,0.182,0.0122014753206323,0.243912166915103,"03b_2x2_to_cor_CONT",1000
0,25,0.3,0.5,"phi (z)","sample",1000,998,952,952,0.002,-0.0119688785471399,0.0068308566623293,0.215794535463264,0.00483256679969595,0.206697488281607,0.957843940940732,0.0214502411673353,0.188691556310278,0.972689075630252,0.00528246641725136,0.809378435199902,"03b_2x2_to_cor_CONT",1000
0.1,25,0.3,0.5,"phi (z)","sample",1000,1000,955,955,0,-0.0307300596869619,0.00651857740915513,0.206135517170495,0.00461163668478841,0.206568288699963,1.0020994515424,0.0224188371609779,0.184431837573381,0.967539267015707,0.00573471415031085,0.808853710125663,"03b_2x2_to_cor_CONT",1000
0.25,25,0.3,0.5,"phi (z)","sample",1000,1000,930,930,0,-0.09279484665145,0.00696292913539755,0.220187152542032,0.00492599802363063,0.209303676489113,0.950571702629919,0.0212660651378392,0.204407903426564,0.960215053763441,0.0064091755705473,0.819212434752038,"03b_2x2_to_cor_CONT",1000
0.5,25,0.3,0.5,"phi (z)","sample",1000,1000,854,854,0,-0.159945118556004,0.00677667855963561,0.214297392192777,0.00479423307955857,0.219516199744154,1.02435310807087,0.0229166930386357,0.239781340914305,0.90632318501171,0.00997076929949828,0.857319810231461,"03b_2x2_to_cor_CONT",1000
0,50,0.3,0.5,"phi (z)","sample",1000,1000,982,982,0,-0.0037781664334845,0.0047214048239939,0.149303929995271,0.00334020788945257,0.14376777677183,0.962920244473022,0.0215423250922079,0.132583282245912,0.968431771894094,0.00557961038213745,0.563412418044331,"03b_2x2_to_cor_CONT",1000
0.1,50,0.3,0.5,"phi (z)","sample",1000,1000,985,985,0,-0.0389561637754124,0.00470305789003053,0.148723749001222,0.00332722815654336,0.144300932445734,0.970261531294158,0.0217065633956435,0.142344728869767,0.948223350253807,0.00705999153644486,0.565342270124815,"03b_2x2_to_cor_CONT",1000
0.25,50,0.3,0.5,"phi (z)","sample",1000,1000,990,990,0,-0.0876033216951493,0.00471288054046527,0.149034368481556,0.00333417729471314,0.146467919290464,0.98277948088592,0.0219866133178894,0.155581258662502,0.935353535353535,0.0078152466407488,0.573567149929435,"03b_2x2_to_cor_CONT",1000
0.5,50,0.3,0.5,"phi (z)","sample",1000,1000,986,986,0,-0.167349538739339,0.0048143159873899,0.152242038959145,0.003405938876852,0.156329368007381,1.02684757164434,0.0229724988496971,0.208394642945095,0.839756592292089,0.0116822995906728,0.610581861108483,"03b_2x2_to_cor_CONT",1000
0,100,0.3,0.5,"phi (z)","sample",1000,1000,987,987,0,-0.00349094443523087,0.00322938606129474,0.102122153976915,0.00228466340043685,0.100717613461669,0.98624646601595,0.0220641762533346,0.0911999799812585,0.971631205673759,0.00528460571691962,0.394783092202615,"03b_2x2_to_cor_CONT",1000
0.1,100,0.3,0.5,"phi (z)","sample",1000,1000,989,989,0,-0.036842025470325,0.00307945667315245,0.0973809704296642,0.00217859426554957,0.100923455639997,1.03637759199465,0.0231857032118446,0.0994472154137965,0.955510616784631,0.0065561337527624,0.395576565132881,"03b_2x2_to_cor_CONT",1000
0.25,100,0.3,0.5,"phi (z)","sample",1000,1000,997,997,0,-0.0902138356101496,0.00315356154171686,0.0997243721333737,0.00223102054032435,0.102405489366522,1.02688527564318,0.0229733423586014,0.125466713877617,0.896690070210632,0.00963928085504782,0.401306390033518,"03b_2x2_to_cor_CONT",1000
0.5,100,0.3,0.5,"phi (z)","sample",1000,1000,1000,1000,0,-0.173076899010139,0.00316544735421941,0.100100234526872,0.00223942928436846,0.108927777714794,1.08818703801891,0.0243447773257267,0.193087257863943,0.643,0.0151509405648626,0.426255916246062,"03b_2x2_to_cor_CONT",1000
0,300,0.3,0.5,"phi (z)","sample",1000,1000,995,995,0,0.00154849734788057,0.00191489483566547,0.0605542916039671,0.00135471264930661,0.0578723518397272,0.955710162018241,0.0213810220756039,0.0536562955601243,0.966834170854271,0.00567688223254773,0.226854028086438,"03b_2x2_to_cor_CONT",1000
0.1,300,0.3,0.5,"phi (z)","sample",1000,1000,997,997,0,-0.0406554039373956,0.00177063063207345,0.055992256922157,0.00125265140928017,0.0579865937843563,1.0356180831391,0.0231687115795983,0.0645691524393033,0.929789368104313,0.00809181881034628,0.227300206769245,"03b_2x2_to_cor_CONT",1000
0.25,300,0.3,0.5,"phi (z)","sample",1000,1000,1000,1000,0,-0.0941121710038409,0.00192223897810052,0.0607865337795217,0.00135990834071993,0.0587878738614755,0.967120021594002,0.0216362819537177,0.106636927752554,0.656,0.0150221170279026,0.23042519197883,"03b_2x2_to_cor_CONT",1000
0.5,300,0.3,0.5,"phi (z)","sample",1000,1000,1000,1000,0,-0.176029490463662,0.00188352780594789,0.0595623790305496,0.00133252171164354,0.0621492220626764,1.04343082116985,0.0233434971275029,0.183236290938916,0.157,0.0115043904662524,0.243521811770027,"03b_2x2_to_cor_CONT",1000
0,25,0.5,0.5,"phi (z)","sample",1000,1000,986,986,0,0.000212220493110528,0.00663589412015127,0.209845397313971,0.00469463363553547,0.205406523184977,0.978846931189288,0.0218986348331785,0.170137042521308,0.990872210953347,0.00302867842730074,0.804426478689845,"03b_2x2_to_cor_CONT",1000
0.1,25,0.5,0.5,"phi (z)","sample",1000,1000,988,988,0,-0.0375716488798235,0.00700261078618977,0.22144199652022,0.00495407122810763,0.206734167174648,0.93358157180348,0.0208859641650711,0.177902926382936,0.983805668016194,0.00401566714089219,0.809283983667298,"03b_2x2_to_cor_CONT",1000
0.25,25,0.5,0.5,"phi (z)","sample",1000,1000,986,986,0,-0.0632270242322424,0.00686629046926902,0.217131169591965,0.00485762997491168,0.209826705357197,0.966359209281218,0.0216192611606975,0.1909146263082,0.968559837728195,0.00555734246214042,0.82073414349359,"03b_2x2_to_cor_CONT",1000
0.5,25,0.5,0.5,"phi (z)","sample",1000,1000,977,977,0,-0.135375015068559,0.00711954098967124,0.225139654222904,0.00503679474001647,0.221019014073303,0.981697403934353,0.0219624052346143,0.230719064072014,0.920163766632549,0.00867132176166463,0.862478047392307,"03b_2x2_to_cor_CONT",1000
0.75,25,0.5,0.5,"phi (z)","sample",1000,997,905,905,0.003,-0.0991961184681628,0.00849037239381606,0.268086113246317,0.00600661299372483,0.251864197695236,0.939489907348629,0.0210497747034316,0.257528265873061,0.925966850828729,0.00870335186558566,0.977461059603841,"03b_2x2_to_cor_CONT",1000
0,50,0.5,0.5,"phi (z)","sample",1000,1000,971,971,0,-0.00684280854023798,0.00451425649440248,0.14275332464519,0.00319365860791842,0.143027056187659,1.00191751430763,0.022414766885085,0.123766958294604,0.976313079299691,0.00488021821784709,0.560578834066241,"03b_2x2_to_cor_CONT",1000
0.1,50,0.5,0.5,"phi (z)","sample",1000,1000,976,976,0,-0.0344687103243998,0.00470126190226634,0.148666954881375,0.00332595756596218,0.143514507747933,0.965342351045301,0.0215965121419532,0.128136631166547,0.968237704918033,0.00561334874311012,0.562424324147277,"03b_2x2_to_cor_CONT",1000
0.25,50,0.5,0.5,"phi (z)","sample",1000,1000,985,985,0,-0.0749075631710861,0.00474589610137889,0.150078412188707,0.00335753450324522,0.145354165204818,0.968521475440794,0.021667635094897,0.144418268943491,0.950253807106599,0.00692758109907619,0.569470720832824,"03b_2x2_to_cor_CONT",1000
0.5,50,0.5,0.5,"phi (z)","sample",1000,1000,998,998,0,-0.150089635973643,0.00487702833474094,0.154225177509595,0.00345030539173407,0.152964797076846,0.991827661001265,0.0221890380136587,0.198513617935738,0.849699398797595,0.0113122174221774,0.598357381568573,"03b_2x2_to_cor_CONT",1000
0.75,50,0.5,0.5,"phi (z)","sample",1000,1000,999,999,0,-0.122807363945878,0.00559783156861531,0.177018977148175,0.00396024528002636,0.176816332921671,0.998855240100419,0.0223462580891885,0.196774922707238,0.884884884884885,0.0100978012942485,0.687874154310271,"03b_2x2_to_cor_CONT",1000
0,100,0.5,0.5,"phi (z)","sample",1000,1000,987,987,0,0.00167951221941242,0.00329389985703367,0.104162259327294,0.00233030436907623,0.100571427210759,0.965526553093935,0.021600633085964,0.0843327217429935,0.982776089159068,0.00414128003649897,0.394220069603049,"03b_2x2_to_cor_CONT",1000
0.1,100,0.5,0.5,"phi (z)","sample",1000,1000,989,989,0,-0.0291557238448414,0.00326824525559231,0.103350989597108,0.0023121547493487,0.100845363171342,0.975756144807767,0.0218294881666675,0.0908921714244169,0.964610717896865,0.00587507982996421,0.395280028140387,"03b_2x2_to_cor_CONT",1000
0.25,100,0.5,0.5,"phi (z)","sample",1000,1000,997,997,0,-0.0874453918839377,0.00318652004309419,0.100766611459556,0.00225433738148265,0.101858859142261,1.010839380891,0.0226143657111263,0.125052572966159,0.894684052156469,0.00972152369963046,0.399213255066552,"03b_2x2_to_cor_CONT",1000
0.5,100,0.5,0.5,"phi (z)","sample",1000,1000,1000,1000,0,-0.14859749209294,0.00333767479089229,0.105546544281459,0.0023612734100472,0.107066658349456,1.0144023101689,0.0226940750964317,0.171702314423951,0.748,0.013729384545565,0.419378603371214,"03b_2x2_to_cor_CONT",1000
0.75,100,0.5,0.5,"phi (z)","sample",1000,1000,1000,1000,0,-0.134377253431715,0.00381587397721945,0.120668530321789,0.0026995804933082,0.121494697136869,1.00684658056974,0.0225250393073638,0.171144247144206,0.806,0.0125045591685593,0.474987073237894,"03b_2x2_to_cor_CONT",1000
0,300,0.5,0.5,"phi (z)","sample",1000,1000,997,997,0,0.00133464816669057,0.00191591249400305,0.0605864727862333,0.00135543260248467,0.0578425500868791,0.954710637982912,0.0213586608553159,0.048313223532438,0.982948846539619,0.00410010294486946,0.226737822778802,"03b_2x2_to_cor_CONT",1000
0.1,300,0.5,0.5,"phi (z)","sample",1000,1000,998,998,0,-0.0356222909548387,0.00182454104501158,0.0576970538670038,0.00129079090236164,0.057951523849393,1.00441045019345,0.0224705385189193,0.0609295937926378,0.92685370741483,0.0082420735266225,0.227163663343418,"03b_2x2_to_cor_CONT",1000
0.25,300,0.5,0.5,"phi (z)","sample",1000,1000,1000,1000,0,-0.0852036438698868,0.00186136012334342,0.0588613753557715,0.00131683894960839,0.0586207128622058,0.995911368157622,0.0222803981731824,0.0984635594799831,0.706,0.0144070815920505,0.22977712044392,"03b_2x2_to_cor_CONT",1000
0.5,300,0.5,0.5,"phi (z)","sample",1000,1000,1000,1000,0,-0.15213212385678,0.00193638875356889,0.0612339889681218,0.00136991874936212,0.0613911365493884,1.00256634565075,0.0224292824545766,0.160485783129984,0.27,0.0140392307481571,0.240596585737168,"03b_2x2_to_cor_CONT",1000
0.75,300,0.5,0.5,"phi (z)","sample",1000,1000,1000,1000,0,-0.142071706417888,0.00219317319618342,0.069354226031709,0.00155158362519545,0.0690984005621219,0.996311321108678,0.0222893458680125,0.154880268669866,0.445,0.0157154382694216,0.270654802353356,"03b_2x2_to_cor_CONT",1000
0,25,0.3,0.1,"tetrachoric (r)","sample",1000,582,582,436,0.418,0.144420923078722,0.0221821608020386,0.535137445958741,0.0156986489345778,9565.78205083437,17875.3741175718,524.387192421656,0.497484633960478,0.995412844036697,0.00323616106649965,1.30478654392425,"03b_2x2_to_cor_CONT",1000
0.1,25,0.3,0.1,"tetrachoric (r)","sample",1000,613,613,462,0.387,0.133828134507391,0.0203787155665672,0.504553293034232,0.0144216959807274,8485.06567822927,16816.9860258024,480.681551631076,0.477975652693705,1,0,1.29626891363413,"03b_2x2_to_cor_CONT",1000
0.25,25,0.3,0.1,"tetrachoric (r)","sample",1000,696,696,507,0.304,0.136050928265027,0.0169829382505673,0.448040682716778,0.0120173870850542,7545.67058372356,16841.485326665,451.72381898572,0.427591687421493,0.998027613412229,0.0019704404732492,1.27480577314591,"03b_2x2_to_cor_CONT",1000
0.5,25,0.3,0.1,"tetrachoric (r)","sample",1000,775,774,504,0.225,0.0998017479240973,0.0132827686627876,0.36977663000192,0.00939840123628356,7859.59249065229,21254.9735514964,540.225513176755,0.369015166291647,0.998015873015873,0.00198215762683364,1.22012972881897,"03b_2x2_to_cor_CONT",1000
0,50,0.3,0.1,"tetrachoric (r)","sample",1000,826,826,742,0.174,-0.0129457462898845,0.0137298501204858,0.394598854353899,0.00971435226423159,4907.29172673798,12436.153000933,306.15692298639,0.365065865375783,0.991913746630728,0.0032878248562442,1.0792254871223,"03b_2x2_to_cor_CONT",1000
0.1,50,0.3,0.1,"tetrachoric (r)","sample",1000,879,879,828,0.121,0.0474493002543282,0.0111968906154861,0.331964675773019,0.00792190476771099,3150.41940859878,9490.22482968301,226.471859241794,0.309823872649955,0.995169082125604,0.00240961743182147,1.0637880748918,"03b_2x2_to_cor_CONT",1000
0.25,50,0.3,0.1,"tetrachoric (r)","sample",1000,923,923,860,0.077,0.0232216953371048,0.010925573128235,0.331928909211775,0.00772973527097038,3043.8227546999,9170.10441159828,213.54717092023,0.312287670236082,0.988372093023256,0.00365562623975008,1.03109658821735,"03b_2x2_to_cor_CONT",1000
0.5,50,0.3,0.1,"tetrachoric (r)","sample",1000,954,954,806,0.046,0.0305805406501091,0.0092648990771802,0.286163922576657,0.00655470924741779,3402.40917978281,11889.7209303922,272.339234904014,0.272941341407328,0.990074441687345,0.00349175590659089,0.947468398827688,"03b_2x2_to_cor_CONT",1000
0,100,0.3,0.1,"tetrachoric (r)","sample",1000,948,948,940,0.052,-0.00539779078378692,0.00751093213807876,0.231258661028117,0.00531383444265116,882.678675114558,3816.84591266937,87.7030385926555,0.209207631085509,0.98936170212766,0.0033461830415526,0.831161922873109,"03b_2x2_to_cor_CONT",1000
0.1,100,0.3,0.1,"tetrachoric (r)","sample",1000,982,982,976,0.018,-0.000282566853761422,0.00740814246472866,0.23214806575054,0.00524101699477394,913.68633944411,3935.79130840543,88.8551410865608,0.212949408647952,0.979508196721312,0.00453491569104355,0.814639305033083,"03b_2x2_to_cor_CONT",1000
0.25,100,0.3,0.1,"tetrachoric (r)","sample",1000,995,995,992,0.005,0.00113885701894852,0.00683261777056461,0.21552550259921,0.00483382002473304,411.54710519323,1909.50537282143,42.8265110029414,0.191940584543084,0.976814516129032,0.00477813370493699,0.77854907936216,"03b_2x2_to_cor_CONT",1000
0.5,100,0.3,0.1,"tetrachoric (r)","sample",1000,999,999,961,0.001,0.00758059260962407,0.00647553365807095,0.204671941459138,0.00458118722200399,1160.58699592812,5670.47435840064,126.922647472871,0.186214023241305,0.977107180020812,0.00482457492184246,0.691198429697851,"03b_2x2_to_cor_CONT",1000
0,300,0.3,0.1,"tetrachoric (r)","sample",1000,1000,1000,1000,0,0.000185450996053838,0.0043272394546552,0.136839326576553,0.00306135142077544,0.13034415462667,0.952534318076686,0.0213099725125443,0.12165912130066,0.967,0.00564898220921256,0.499345843382186,"03b_2x2_to_cor_CONT",1000
0.1,300,0.3,0.1,"tetrachoric (r)","sample",1000,1000,1000,1000,0,-0.00686410660437557,0.00408794879944745,0.129272291644048,0.00289206271027654,0.127789204860221,0.988527419410879,0.0221152054427568,0.11727189977437,0.971,0.00530650544143696,0.489904884235004,"03b_2x2_to_cor_CONT",1000
0.25,300,0.3,0.1,"tetrachoric (r)","sample",1000,1000,1000,1000,0,-0.00216373508157332,0.00379478826375723,0.120001741515487,0.00268466318181157,0.121474503879678,1.0122728415904,0.0226464349054034,0.108079305434062,0.971,0.00530650544143696,0.466726845911641,"03b_2x2_to_cor_CONT",1000
0.5,300,0.3,0.1,"tetrachoric (r)","sample",1000,1000,1000,1000,0,0.000414630417742786,0.00336953067962812,0.1065539159344,0.00238381019620462,0.103485968344258,0.971207556632353,0.021727727750114,0.0961122778116282,0.974,0.00503229569878401,0.400515027597848,"03b_2x2_to_cor_CONT",1000
0,25,0.5,0.1,"tetrachoric (r)","sample",1000,766,766,545,0.234,0.0334507044792033,0.020959638801489,0.580093740145233,0.0148303862980306,7659.31100612976,13203.57465711,337.55598298786,0.5223070981422,0.996330275229358,0.00259012163319998,1.28927966483211,"03b_2x2_to_cor_CONT",1000
0.1,25,0.5,0.1,"tetrachoric (r)","sample",1000,754,754,517,0.246,0.063328904065498,0.0210478925630361,0.577955353928151,0.0148929868236705,8376.42909880425,14493.2113559858,373.466919702938,0.526936089805947,1,0,1.29069925892656,"03b_2x2_to_cor_CONT",1000
0.25,25,0.5,0.1,"tetrachoric (r)","sample",1000,752,752,457,0.248,0.111208157693077,0.0201588395955252,0.552808165647235,0.0142639393360902,9153.81156849874,16558.7488342929,427.260311137718,0.515594071331331,0.99781181619256,0.00218578842214878,1.29149503063806,"03b_2x2_to_cor_CONT",1000
0,50,0.5,0.1,"tetrachoric (r)","sample",1000,919,919,834,0.081,0.00164903350424485,0.0127789654519452,0.387394501022184,0.00904101340738887,3249.52158544408,8388.14587421828,195.762560159826,0.351733052770041,0.989208633093525,0.00357766072219308,1.0498982865493,"03b_2x2_to_cor_CONT",1000
0.1,50,0.5,0.1,"tetrachoric (r)","sample",1000,925,925,839,0.075,0.0196453330300742,0.0123597876602596,0.375908266311348,0.00874441765902433,3166.60942601009,8423.8887776608,195.957387444156,0.337471492805151,0.99642431466031,0.00206072872481664,1.04580583989734,"03b_2x2_to_cor_CONT",1000
0.25,50,0.5,0.1,"tetrachoric (r)","sample",1000,916,916,757,0.084,0.0516080601694516,0.0132988314855888,0.402495676617765,0.00940883115264656,4493.80702832684,11164.8578839132,260.992275881747,0.366771405643492,0.990752972258917,0.0034788510339714,1.03297924478998,"03b_2x2_to_cor_CONT",1000
0,100,0.5,0.1,"tetrachoric (r)","sample",1000,999,999,992,0.001,-0.00346462379726921,0.00736781597413204,0.232874274054578,0.00521244212092098,812.72496063849,3489.97313652609,78.1163271536291,0.210521086898973,0.980846774193548,0.00435176777989587,0.792631756377725,"03b_2x2_to_cor_CONT",1000
0.1,100,0.5,0.1,"tetrachoric (r)","sample",1000,997,997,987,0.003,-0.000576068072655222,0.00749813710528458,0.236755979585514,0.00530464456401656,774.602136017439,3271.7320904567,73.3049103086795,0.210582249833926,0.979736575481256,0.00448489733425429,0.795597483537114,"03b_2x2_to_cor_CONT",1000
0.25,100,0.5,0.1,"tetrachoric (r)","sample",1000,997,997,970,0.003,0.0110977090283535,0.00727597573218803,0.229741166069172,0.00514747390901474,1087.43457004782,4733.30308474367,106.052191468555,0.211572072324458,0.984536082474227,0.00396177414966032,0.777447240713918,"03b_2x2_to_cor_CONT",1000
0,300,0.5,0.1,"tetrachoric (r)","sample",1000,1000,1000,1000,0,0.00325177296549335,0.00401194813397983,0.126868939578386,0.00283829523388721,0.123927421231941,0.976814511446058,0.0218531658059317,0.112358364417634,0.973,0.00512552436341883,0.475894600089976,"03b_2x2_to_cor_CONT",1000
0.1,300,0.5,0.1,"tetrachoric (r)","sample",1000,1000,1000,1000,0,0.00260823670379575,0.0039506624323706,0.12493091552752,0.00279493801465756,0.122848094612088,0.98332821858675,0.0219988896055772,0.110475793359244,0.975,0.00493710441453288,0.471998997266127,"03b_2x2_to_cor_CONT",1000
0.25,300,0.5,0.1,"tetrachoric (r)","sample",1000,1000,1000,1000,0,-0.000161996136071354,0.00388721658538916,0.122924581682121,0.00275005257768689,0.119991172661692,0.976136514110615,0.021837997738695,0.107221687977304,0.974,0.00503229569878401,0.46163223939764,"03b_2x2_to_cor_CONT",1000
0,25,0.3,0.3,"tetrachoric (r)","sample",1000,958,958,909,0.042,-0.00889666786530283,0.012081605561658,0.373944721641704,0.00854744747454099,2994.34967746816,8007.46608836267,183.030784587534,0.316392400226613,0.992299229922992,0.00289938884672616,1.16548655579216,"03b_2x2_to_cor_CONT",1000
0.1,25,0.3,0.3,"tetrachoric (r)","sample",1000,969,969,936,0.031,-0.0134264121132035,0.0117152959651764,0.364682693043659,0.00828824302371951,2859.17971967497,7840.18483523888,178.186018982702,0.307698360548242,0.989316239316239,0.00336040575831011,1.14444435434643,"03b_2x2_to_cor_CONT",1000
0.25,25,0.3,0.3,"tetrachoric (r)","sample",1000,974,974,951,0.026,0.000112685921771189,0.0108762768566686,0.339437431507001,0.00769464015441229,2743.23075195347,8081.6978250582,183.202413253109,0.28940449301845,0.994742376445847,0.00234509151308622,1.11792014145652,"03b_2x2_to_cor_CONT",1000
0.5,25,0.3,0.3,"tetrachoric (r)","sample",1000,980,980,943,0.02,-0.00788503517242945,0.00968408133642602,0.303159698350398,0.00685117597265806,2526.32524213762,8333.31493560744,188.326507019534,0.256696627632169,0.993637327677625,0.00258927323157591,1.02068730574098,"03b_2x2_to_cor_CONT",1000
0.75,25,0.3,0.3,"tetrachoric (r)","sample",1000,979,977,853,0.021,-0.00667238548209237,0.00683022199714939,0.213710650055645,0.00483216483022097,2649.93248155291,12399.6276313929,280.36527207536,0.18890512550529,0.980070339976553,0.00478524361729901,0.857520209512203,"03b_2x2_to_cor_CONT",1000
0,50,0.3,0.3,"tetrachoric (r)","sample",1000,999,999,991,0.001,-0.0144679231988999,0.0082943112520901,0.262157974411235,0.00586790135451454,1443.34164963101,5505.61794991178,123.232654273752,0.217137590947381,0.989909182643794,0.00317485592628446,0.880619312747809,"03b_2x2_to_cor_CONT",1000
0.1,50,0.3,0.3,"tetrachoric (r)","sample",1000,1000,1000,996,0,-0.0119765346022561,0.00767582021154241,0.242730747784295,0.00543034037206859,706.138136852734,2909.1416859979,65.0829352677675,0.204091101043007,0.987951807228916,0.00345699828908231,0.878412950495977,"03b_2x2_to_cor_CONT",1000
0.25,50,0.3,0.3,"tetrachoric (r)","sample",1000,999,999,997,0.001,0.00810682619648199,0.0075016225351488,0.237103492844775,0.0053071050382832,772.438586556707,3257.81192545485,72.9198455742678,0.191439118006496,0.990972918756269,0.00299541492613116,0.840938997216309,"03b_2x2_to_cor_CONT",1000
0.5,50,0.3,0.3,"tetrachoric (r)","sample",1000,1000,1000,1000,0,-0.00404136778151079,0.00629954376596478,0.199209065203634,0.00445667901216482,0.197911652107948,0.993487178435581,0.0222261645194845,0.171796030648002,0.989,0.00329833291224522,0.744082141180082,"03b_2x2_to_cor_CONT",1000
0.75,50,0.3,0.3,"tetrachoric (r)","sample",1000,998,998,986,0.002,-0.0064120274483455,0.00473356986903865,0.149538858955325,0.00334881753840768,5.78689040585316,38.6982383460744,0.86661982165807,0.130788636847928,0.975659229208925,0.00490769748381752,0.558044943332234,"03b_2x2_to_cor_CONT",1000
0,100,0.3,0.3,"tetrachoric (r)","sample",1000,1000,1000,1000,0,0.0033774294627887,0.00561407219547116,0.177532550863109,0.00397173488364558,0.171729842078874,0.967314676908409,0.0216406367568159,0.143265884646152,0.987,0.00358203852575597,0.648806406724827,"03b_2x2_to_cor_CONT",1000
0.1,100,0.3,0.3,"tetrachoric (r)","sample",1000,1000,1000,1000,0,-0.00238187432459392,0.00546924541109092,0.172952725814713,0.00386927563987717,0.17020072717604,0.984088145325789,0.0220158905866581,0.139714571449822,0.988,0.00344325427466518,0.643321544035163,"03b_2x2_to_cor_CONT",1000
0.25,100,0.3,0.3,"tetrachoric (r)","sample",1000,1000,1000,1000,0,-0.00855396473827096,0.00517852766874645,0.163759423594407,0.00366360429145816,0.163428033038952,0.997976357340652,0.0223265958396538,0.136717271624055,0.984,0.00396787096564392,0.61940769326669,"03b_2x2_to_cor_CONT",1000
0.5,100,0.3,0.3,"tetrachoric (r)","sample",1000,1000,1000,1000,0,-0.00490035980010011,0.00446147124072415,0.141084108360257,0.00315631512068193,0.139202708231242,0.986664691361192,0.0220735327357647,0.121469793375394,0.979,0.00453420334788814,0.534044558456111,"03b_2x2_to_cor_CONT",1000
0.75,100,0.3,0.3,"tetrachoric (r)","sample",1000,1000,1000,999,0,-0.00470068424766339,0.00313926794674806,0.0992723689728404,0.00222090838505209,0.101532957686422,1.02277158021886,0.0228813113054902,0.0865148707028165,0.972972972972973,0.00513058376082431,0.383160356862983,"03b_2x2_to_cor_CONT",1000
0,300,0.3,0.3,"tetrachoric (r)","sample",1000,1000,1000,1000,0,-0.00079143766547692,0.00312528429329854,0.098830167023731,0.00221101550119301,0.100069341331458,1.01253842166866,0.0226523764279923,0.0820196214775424,0.986,0.00371537346709587,0.387250878449197,"03b_2x2_to_cor_CONT",1000
0.1,300,0.3,0.3,"tetrachoric (r)","sample",1000,1000,1000,1000,0,0.00171792829555449,0.00315773504982639,0.0998563500479668,0.00223397313287547,0.0987610797760216,0.989031541094592,0.0221264835867764,0.0811784915985102,0.986,0.00371537346709587,0.382306950654783,"03b_2x2_to_cor_CONT",1000
0.25,300,0.3,0.3,"tetrachoric (r)","sample",1000,1000,1000,1000,0,-0.000959151328277061,0.00301833363345409,0.0954480902000673,0.00213535212321299,0.0943802805389666,0.988812666038026,0.0221215869427915,0.077815511916645,0.986,0.00371537346709587,0.365774476449499,"03b_2x2_to_cor_CONT",1000
0.5,300,0.3,0.3,"tetrachoric (r)","sample",1000,1000,1000,1000,0,-0.00352813849290578,0.00268326504091772,0.0848522909520489,0.00189830429570833,0.0805151377123498,0.948885843964425,0.0212283493294531,0.0721201387935349,0.968,0.00556560868189635,0.31333069190209,"03b_2x2_to_cor_CONT",1000
0.75,300,0.3,0.3,"tetrachoric (r)","sample",1000,1000,1000,1000,0,-0.00104964462750203,0.00172354162058432,0.0545031716314421,0.00121933778896039,0.0547784221855226,1.00505017498691,0.0224848503578794,0.0485362411111584,0.971,0.00530650544143696,0.215541576234679,"03b_2x2_to_cor_CONT",1000
0,25,0.5,0.3,"tetrachoric (r)","sample",1000,988,988,968,0.012,0.00515384312580606,0.0111580616059101,0.350725406458769,0.0078939369451662,1823.98998058439,5200.62118966797,117.052756917285,0.280063604447776,0.990702479338843,0.0030847325939789,1.11206405953609,"03b_2x2_to_cor_CONT",1000
0.1,25,0.5,0.3,"tetrachoric (r)","sample",1000,984,984,955,0.016,0.0126580956013988,0.0111807802982491,0.350727373480417,0.00791002591164692,2120.95585791911,6047.30630766558,136.386131240969,0.278486840883652,0.989528795811518,0.00329390331181188,1.10847226108221,"03b_2x2_to_cor_CONT",1000
0.25,25,0.5,0.3,"tetrachoric (r)","sample",1000,979,979,937,0.021,0.0088015212283823,0.0107886331192206,0.337565279442273,0.00763261480323958,1800.24657444236,5333.03240610746,120.58403090586,0.281244774160903,0.993596584845251,0.00260579999762968,1.0902095842578,"03b_2x2_to_cor_CONT",1000
0.5,25,0.5,0.3,"tetrachoric (r)","sample",1000,982,982,866,0.018,0.0227314841354191,0.00936507344339118,0.293472175494217,0.00662548126035762,2811.84252621927,9581.29172376915,216.308986223135,0.246147692156718,0.995381062355658,0.0023041290027204,1.00972983693168,"03b_2x2_to_cor_CONT",1000
0,50,0.5,0.3,"tetrachoric (r)","sample",1000,1000,1000,1000,0,0.00302707203787296,0.00758146550892472,0.239746990102097,0.00536358813754531,0.228537682790817,0.953245263656878,0.0213258776935801,0.185644920439807,0.982,0.00420428352992517,0.841658953801653,"03b_2x2_to_cor_CONT",1000
0.1,50,0.5,0.3,"tetrachoric (r)","sample",1000,1000,1000,1000,0,-0.00694039677110841,0.00740559791056325,0.234185568327638,0.0052391687408944,0.227810445630962,0.972777474110802,0.0217628497375089,0.187663531764505,0.987,0.00358203852575597,0.839206420874291,"03b_2x2_to_cor_CONT",1000
0.25,50,0.5,0.3,"tetrachoric (r)","sample",1000,1000,1000,998,0,0.00763205887521354,0.00709353967637119,0.224317420501066,0.00501839983530938,96.0787106598763,428.315867957386,9.58222627746167,0.181186947194403,0.988977955911824,0.00330490596525422,0.815184560981473,"03b_2x2_to_cor_CONT",1000
0.5,50,0.5,0.3,"tetrachoric (r)","sample",1000,1000,1000,986,0,0.00139103331241987,0.00637726746711845,0.201666904441872,0.00451166546841436,661.570515453132,3280.51108477157,73.3911626247056,0.165418785843465,0.990872210953347,0.00302867842730074,0.726106444114331,"03b_2x2_to_cor_CONT",1000
0,100,0.5,0.3,"tetrachoric (r)","sample",1000,1000,1000,1000,0,0.00320631600218104,0.00527432429327646,0.166788778851115,0.00373137662892263,0.163444194776661,0.979947187709552,0.021923249627374,0.134885740513793,0.983,0.00408790900094413,0.619703626148634,"03b_2x2_to_cor_CONT",1000
0.1,100,0.5,0.3,"tetrachoric (r)","sample",1000,1000,1000,1000,0,0.00283536746119764,0.00527862793420286,0.166924871926705,0.00373442128531444,0.162124171744716,0.97124035425891,0.0217284614943027,0.126159179996745,0.99,0.00314642654451046,0.615089431019454,"03b_2x2_to_cor_CONT",1000
0.25,100,0.5,0.3,"tetrachoric (r)","sample",1000,1000,1000,1000,0,-0.00332961664757951,0.00501641017936971,0.158632818444621,0.00354891255515914,0.156540241541548,0.986808676013005,0.0220767539414621,0.12804848356055,0.983,0.00408790900094413,0.59549492294655,"03b_2x2_to_cor_CONT",1000
0.5,100,0.5,0.3,"tetrachoric (r)","sample",1000,1000,1000,999,0,-0.00724643301640491,0.00428802444696639,0.135599239148977,0.00303360834790834,10.7041604799032,78.9396795076633,1.76602812994076,0.11176461525642,0.985985985985986,0.00371906612983786,0.52560900469882,"03b_2x2_to_cor_CONT",1000
0,300,0.5,0.3,"tetrachoric (r)","sample",1000,1000,1000,1000,0,-0.000498213908687117,0.00304589361507739,0.0963196133420873,0.00215484972434718,0.0951445514638885,0.98780038833809,0.0220989403991958,0.0755292186369981,0.987,0.00358203852575597,0.368673680257246,"03b_2x2_to_cor_CONT",1000
0.1,300,0.5,0.3,"tetrachoric (r)","sample",1000,1000,1000,1000,0,0.000127139115339425,0.00295164194743531,0.0933391139119057,0.00208817038300957,0.0943162609719465,1.01046878440439,0.0226060747752588,0.0778632687903494,0.984,0.00396787096564392,0.365549557876078,"03b_2x2_to_cor_CONT",1000
0.25,300,0.5,0.3,"tetrachoric (r)","sample",1000,1000,1000,1000,0,-0.00112476805875087,0.00285554797088082,0.0903003555585558,0.00202018768070347,0.0910321565624388,1.00810407666012,0.0225531718445462,0.0702964953852396,0.99,0.00314642654451046,0.35316138396279,"03b_2x2_to_cor_CONT",1000
0.5,300,0.5,0.3,"tetrachoric (r)","sample",1000,1000,1000,1000,0,0.00383477389678008,0.00257876687811043,0.0815477688943076,0.00182437596275361,0.0783343641486993,0.960594817133832,0.0214903009375527,0.0683755993439098,0.976,0.00483983470792134,0.305118241131142,"03b_2x2_to_cor_CONT",1000
0,25,0.3,0.5,"tetrachoric (r)","sample",1000,987,987,966,0.013,-0.0190627771669581,0.0111064031366377,0.348924937709072,0.00785739442420741,1773.85882690064,5083.78345940885,114.481045895157,0.284160486607312,0.992753623188406,0.00272893149724672,1.1081595190753,"03b_2x2_to_cor_CONT",1000
0.1,25,0.3,0.5,"tetrachoric (r)","sample",1000,992,992,967,0.00800000000000001,0.0160358677146151,0.010441281393044,0.328858927614405,0.00738682501416933,1879.38424528069,5714.86460444923,128.367215446966,0.265529317070095,0.991726990692865,0.00291282629164784,1.11296311546293,"03b_2x2_to_cor_CONT",1000
0.25,25,0.3,0.5,"tetrachoric (r)","sample",1000,986,986,935,0.014,-0.00327606951580496,0.0113574067961446,0.356629807342638,0.00803497492676421,2965.30100895189,8314.78734502675,187.334615512041,0.291638348983358,0.988235294117647,0.00352626471836923,1.09247413218159,"03b_2x2_to_cor_CONT",1000
0.5,25,0.3,0.5,"tetrachoric (r)","sample",1000,983,983,859,0.017,0.0133445292078542,0.00970855181403123,0.30439058246633,0.00686847734255484,2784.73321975038,9148.55248538582,206.434196990956,0.25043053194863,0.990686845168801,0.0032773289008634,1.02117734624408,"03b_2x2_to_cor_CONT",1000
0,50,0.3,0.5,"tetrachoric (r)","sample",1000,1000,1000,1000,0,-0.00681750886597227,0.00762975418790075,0.241274012209747,0.00539775047534513,0.228218853763839,0.945890739220771,0.021161343239963,0.194526757844186,0.988,0.00344325427466518,0.840629381862107,"03b_2x2_to_cor_CONT",1000
0.1,50,0.3,0.5,"tetrachoric (r)","sample",1000,1000,1000,999,0,-0.0024789619443494,0.00759157184857488,0.240066580623115,0.00537073797465765,12.5384364116928,52.2289957192216,1.1684602244901,0.201711808877643,0.977977977977978,0.00464312515222913,0.837645115202197,"03b_2x2_to_cor_CONT",1000
0.25,50,0.3,0.5,"tetrachoric (r)","sample",1000,1000,1000,997,0,0.00393205368110007,0.00732540882661699,0.231649766840112,0.00518243812345526,90.5011303151775,390.680860808475,8.74026084626119,0.18584544180018,0.990972918756269,0.00299541492613116,0.812018602848252,"03b_2x2_to_cor_CONT",1000
0.5,50,0.3,0.5,"tetrachoric (r)","sample",1000,999,999,987,0.001,-0.000662466852629044,0.00647694371674407,0.204716509128992,0.00458218478345863,418.195901556097,2042.80496641622,45.7242548366633,0.165598725825285,0.985815602836879,0.00376395748213158,0.729808962348108,"03b_2x2_to_cor_CONT",1000
0,100,0.3,0.5,"tetrachoric (r)","sample",1000,1000,1000,1000,0,-0.00448500458254762,0.0052725643804304,0.166733125520346,0.00373013155992467,0.1635893725513,0.98114500067557,0.0219500469415459,0.133939442499717,0.987,0.00358203852575597,0.62021105537321,"03b_2x2_to_cor_CONT",1000
0.1,100,0.3,0.5,"tetrachoric (r)","sample",1000,1000,1000,1000,0,0.00276093958466693,0.00498770712545017,0.157725148182737,0.00352860627541244,0.16244970751187,1.02995438193318,0.0230420040009556,0.132340266996343,0.991,0.00298646948753876,0.616244148631436,"03b_2x2_to_cor_CONT",1000
0.25,100,0.3,0.5,"tetrachoric (r)","sample",1000,1000,1000,1000,0,0.00485131237878437,0.00492063766311373,0.155604225558477,0.00348115727334869,0.156619284312581,1.00652333669256,0.022517807737848,0.124601001136867,0.99,0.00314642654451046,0.595935910645984,"03b_2x2_to_cor_CONT",1000
0.5,100,0.3,0.5,"tetrachoric (r)","sample",1000,1000,1000,1000,0,-0.000958997393808412,0.0041753207056791,0.132035233916075,0.00295387489147912,0.135627631695367,1.02720787226821,0.0229805594478775,0.110198992306041,0.985,0.00384382621875652,0.522280295459781,"03b_2x2_to_cor_CONT",1000
0,300,0.3,0.5,"tetrachoric (r)","sample",1000,1000,1000,1000,0,0.000304974543386223,0.0031509312430672,0.0996411947867798,0.00222915970766358,0.0950070845994289,0.953492025087944,0.0213313982078685,0.0798866636080867,0.977,0.00474035863622153,0.368157372467211,"03b_2x2_to_cor_CONT",1000
0.1,300,0.3,0.5,"tetrachoric (r)","sample",1000,1000,1000,1000,0,-0.001946425868134,0.0028875144177953,0.0913112233680817,0.00204280268241628,0.0944401591530928,1.03426671628742,0.0231384789780875,0.0729704862264312,0.983,0.00408790900094413,0.366020624856864,"03b_2x2_to_cor_CONT",1000
0.25,300,0.3,0.5,"tetrachoric (r)","sample",1000,1000,1000,1000,0,0.00174443656179149,0.00301097432013469,0.0952153682790259,0.00213014569899672,0.0908413725549971,0.954062082591426,0.0213441514593779,0.0744553542430411,0.982,0.00420428352992517,0.352432550377857,"03b_2x2_to_cor_CONT",1000
0.5,300,0.3,0.5,"tetrachoric (r)","sample",1000,1000,1000,1000,0,-0.0016037983628247,0.00250314934269723,0.0791565324647662,0.00177087953578244,0.0784764876555378,0.991408860544376,0.0221796686649065,0.0663167625184743,0.98,0.00442718872423573,0.305707724030635,"03b_2x2_to_cor_CONT",1000
0,25,0.5,0.5,"tetrachoric (r)","sample",1000,1000,1000,997,0,-0.00305943459701634,0.0097661363022822,0.308832346548664,0.0069091566477364,255.948471484189,828.761864955289,18.540951466507,0.231019990679886,0.997993981945838,0.00141704551787443,1.06933947077427,"03b_2x2_to_cor_CONT",1000
0.1,25,0.5,0.5,"tetrachoric (r)","sample",1000,999,999,998,0.001,-0.00374037335543338,0.00998308223286076,0.315534893375031,0.00706264088433769,11.2105651960286,35.5287653803289,0.795242986476654,0.2351626299264,0.992985971943888,0.00264173977610012,1.05670223408384,"03b_2x2_to_cor_CONT",1000
0.25,25,0.5,0.5,"tetrachoric (r)","sample",1000,998,998,992,0.002,0.0158174980687706,0.00950109395152202,0.30015037015319,0.00672165636912378,94.9831875368148,316.452008665981,7.08672009461821,0.236374035142992,0.991935483870968,0.00283971682422227,1.03419258144341,"03b_2x2_to_cor_CONT",1000
0.5,25,0.5,0.5,"tetrachoric (r)","sample",1000,997,997,980,0.003,-0.00837329476551269,0.0083414950630212,0.263385265849758,0.00590128798933812,44.3156174107486,168.253973007083,3.76982040685413,0.215571865815426,0.988775510204082,0.0033652638288089,0.949367169023717,"03b_2x2_to_cor_CONT",1000
0.75,25,0.5,0.5,"tetrachoric (r)","sample",1000,982,979,907,0.018,-0.00446835579380662,0.00609734439108784,0.19107174481934,0.00431367049551623,40.1930854969457,210.35598714477,4.7490350609377,0.166375947660164,0.979051819184123,0.00475523903458649,0.771063699348467,"03b_2x2_to_cor_CONT",1000
0,50,0.5,0.5,"tetrachoric (r)","sample",1000,1000,1000,1000,0,-0.00731351841666696,0.00685397891436567,0.216741844041637,0.00484892003489328,0.217461339949006,1.0033195985323,0.0224461341289953,0.170214920739001,0.99,0.00314642654451046,0.80547764593742,"03b_2x2_to_cor_CONT",1000
0.1,50,0.5,0.5,"tetrachoric (r)","sample",1000,1000,1000,1000,0,-0.00199592632528028,0.00706497585845472,0.223414153268203,0.00499819205954895,0.215600249866225,0.965025029579941,0.0215894130678557,0.171769500199693,0.992,0.00281709069786544,0.799471267593808,"03b_2x2_to_cor_CONT",1000
0.25,50,0.5,0.5,"tetrachoric (r)","sample",1000,1000,1000,1000,0,0.00586117786953013,0.00678517640506012,0.214566117660232,0.00480024497038098,0.208056004584391,0.969659174771714,0.021693087554729,0.165788965304579,0.987,0.00358203852575597,0.775088555103519,"03b_2x2_to_cor_CONT",1000
0.5,50,0.5,0.5,"tetrachoric (r)","sample",1000,1000,1000,1000,0,-0.011616735159554,0.00583736370225175,0.184593648299085,0.0041297048269993,0.181993095312866,0.985912012627835,0.0220566939061139,0.153342787405827,0.981,0.00431729081716764,0.69021036693872,"03b_2x2_to_cor_CONT",1000
0.75,50,0.5,0.5,"tetrachoric (r)","sample",1000,1000,1000,999,0,-0.000130860746491986,0.00401378824428744,0.126927128975566,0.00283959703942943,0.924648132317099,7.28487392553482,0.162976241553115,0.107530766345571,0.987987987987988,0.00344668002324235,0.506543769101289,"03b_2x2_to_cor_CONT",1000
0,100,0.5,0.5,"tetrachoric (r)","sample",1000,1000,1000,1000,0,0.00419259033345668,0.00508464601924106,0.160790625165101,0.00359718672337353,0.155132468870602,0.964810409259314,0.0215846116102637,0.120724724882438,0.989,0.00329833291224522,0.590295734578526,"03b_2x2_to_cor_CONT",1000
0.1,100,0.5,0.5,"tetrachoric (r)","sample",1000,1000,1000,1000,0,0.0101754353810977,0.00497927011152712,0.157458346376263,0.00352263742048055,0.153895332789975,0.977371707068651,0.0218656313131331,0.122134801633812,0.989,0.00329833291224522,0.585872670000995,"03b_2x2_to_cor_CONT",1000
0.25,100,0.5,0.5,"tetrachoric (r)","sample",1000,1000,1000,1000,0,-0.00509291862512159,0.00467775325330797,0.147923546127157,0.00330932612306576,0.149180449358598,1.00849697877281,0.0225619617989473,0.120230795149606,0.984,0.00396787096564392,0.569224184185259,"03b_2x2_to_cor_CONT",1000
0.5,100,0.5,0.5,"tetrachoric (r)","sample",1000,1000,1000,1000,0,-0.0016602706684632,0.00396261751326233,0.125308968379815,0.00280339576335784,0.127988454268042,1.02138303365571,0.0228502469243633,0.100908288364867,0.987,0.00358203852575597,0.493647030585916,"03b_2x2_to_cor_CONT",1000
0.75,100,0.5,0.5,"tetrachoric (r)","sample",1000,1000,1000,1000,0,0.000143686176201409,0.00274900811149498,0.0869312693860224,0.00194481492786235,0.0883345185328652,1.01614205287411,0.022732996391469,0.0751948063487158,0.98,0.00442718872423573,0.350090377332528,"03b_2x2_to_cor_CONT",1000
0,300,0.5,0.5,"tetrachoric (r)","sample",1000,1000,1000,1000,0,0.00156072477623158,0.00299083740516172,0.0945785831153886,0.00211589962504853,0.0903068068742693,0.954833577535121,0.0213614112428122,0.070040663868285,0.99,0.00314642654451046,0.350362608389853,"03b_2x2_to_cor_CONT",1000
0.1,300,0.5,0.5,"tetrachoric (r)","sample",1000,1000,1000,1000,0,-6.54365743776249e-05,0.00282606530986336,0.0893680319555773,0.00199932985965154,0.0897311337950082,1.00406299469156,0.0224627652901189,0.0686519973447728,0.995,0.00223047080231955,0.34818451889878,"03b_2x2_to_cor_CONT",1000
0.25,300,0.5,0.5,"tetrachoric (r)","sample",1000,1000,1000,1000,0,0.00170919643819309,0.0027365875690999,0.0865384973485912,0.00193602788348766,0.0863521860248,0.997847070038197,0.0223237034411236,0.0681399404697105,0.988,0.00344325427466518,0.335373617979865,"03b_2x2_to_cor_CONT",1000
0.5,300,0.5,0.5,"tetrachoric (r)","sample",1000,1000,1000,1000,0,-0.00123772781948527,0.00233865930211315,0.073954900658174,0.00165450931298284,0.0741295397143041,1.00236142641767,0.0224246980284394,0.0607889893663584,0.988,0.00344325427466518,0.288973171739306,"03b_2x2_to_cor_CONT",1000
0.75,300,0.5,0.5,"tetrachoric (r)","sample",1000,1000,1000,1000,0,-0.000136445087780886,0.00160070120274361,0.0506186165404078,0.00113243303325505,0.0506081437229468,0.999793103443423,0.0223672398445758,0.0446428479640276,0.983,0.00408790900094413,0.199151722999804,"03b_2x2_to_cor_CONT",1000
0,25,0.3,0.1,"tetrachoric (z)","sample",1000,436,436,436,0.564,0.152719236017662,0.0136589258416324,0.285206744738242,0.00966941422967494,0.438738589446653,1.53831772053399,0.0521538551633629,0.314494760532468,0.995412844036697,0.00323616106649965,1.71086658698986,"03b_2x2_to_cor_CONT",1000
0.1,25,0.3,0.1,"tetrachoric (z)","sample",1000,462,462,462,0.538,0.106431113022212,0.0127602011772237,0.274270128060728,0.00903260562446299,0.440106285139685,1.6046453481884,0.0528461801501974,0.285356051252632,1,0,1.71615897566212,"03b_2x2_to_cor_CONT",1000
0.25,25,0.3,0.1,"tetrachoric (z)","sample",1000,507,507,507,0.493,0.0511284067126782,0.0130437798948595,0.293702363508347,0.00923245469493678,0.443331698820554,1.50945907797557,0.0474494395782227,0.280270305836695,0.998027613412229,0.0019704404732492,1.72817247592179,"03b_2x2_to_cor_CONT",1000
0.5,25,0.3,0.1,"tetrachoric (z)","sample",1000,504,504,504,0.496,-0.0130178478106162,0.0139336950338991,0.312810677691863,0.00986239922973324,0.455107629309986,1.45489799986398,0.0458705087021783,0.296396701297262,1,0,1.77314082119336,"03b_2x2_to_cor_CONT",1000
0,50,0.3,0.1,"tetrachoric (z)","sample",1000,742,742,742,0.258,0.0520253223126888,0.00921391591329474,0.250984092865049,0.0065196171778158,0.328757717119097,1.30987471503171,0.0340255894125493,0.250670129847629,0.991913746630728,0.0032878248562442,1.28180144285637,"03b_2x2_to_cor_CONT",1000
0.1,50,0.3,0.1,"tetrachoric (z)","sample",1000,828,828,828,0.172,0.0573440599214046,0.00902378711402922,0.259659376206747,0.00638463768264258,0.330970595945711,1.27463371737512,0.0313413464301027,0.252811843185703,0.995169082125604,0.00240961743182147,1.28847560589148,"03b_2x2_to_cor_CONT",1000
0.25,50,0.3,0.1,"tetrachoric (z)","sample",1000,860,860,860,0.14,0.0208717594207621,0.0100714939118546,0.295354179029536,0.00712576573383433,0.333502509513226,1.12916130257251,0.0272423398384971,0.274417684973961,0.987209302325581,0.00383179715675147,1.29890953393387,"03b_2x2_to_cor_CONT",1000
0.5,50,0.3,0.1,"tetrachoric (z)","sample",1000,806,806,806,0.194,0.0186321252104746,0.0103299178571411,0.293267805198315,0.00730889042423261,0.345510350280554,1.17813938030774,0.0293618715812316,0.269713110043119,0.991315136476427,0.00326828444483418,1.34560062035398,"03b_2x2_to_cor_CONT",1000
0,100,0.3,0.1,"tetrachoric (z)","sample",1000,940,940,940,0.0600000000000001,0.00359293087644167,0.00725410292708793,0.222406584255454,0.00513215596778043,0.238102129499158,1.07057140550154,0.0247040322393021,0.199800812061894,0.98936170212766,0.0033461830415526,0.927504976646737,"03b_2x2_to_cor_CONT",1000
0.1,100,0.3,0.1,"tetrachoric (z)","sample",1000,976,976,976,0.024,0.00528078542080494,0.00741282933995735,0.231584191799813,0.00524434923691731,0.235802491515491,1.01821497263218,0.0230580285866716,0.211074526325295,0.979508196721312,0.00453491569104355,0.918578251145177,"03b_2x2_to_cor_CONT",1000
0.25,100,0.3,0.1,"tetrachoric (z)","sample",1000,992,992,992,0.00800000000000001,0.0177347758501291,0.00748153620478928,0.235638699944861,0.00529291345588758,0.235719703340242,1.00034376100106,0.0224697087293159,0.211758090345275,0.977822580645161,0.0046755176340992,0.919108113215584,"03b_2x2_to_cor_CONT",1000
0.5,100,0.3,0.1,"tetrachoric (z)","sample",1000,961,961,961,0.039,0.062857028846589,0.00793797512087729,0.246077228747196,0.00561591871138325,0.252149883991449,1.02467784311116,0.0233849653686552,0.232385015238254,0.979188345473465,0.00460494797479575,0.981001921189057,"03b_2x2_to_cor_CONT",1000
0,300,0.3,0.1,"tetrachoric (z)","sample",1000,1000,1000,1000,0,0.000167266173642652,0.00441663811237378,0.139666360358079,0.00312459744880095,0.132909159802414,0.9516189829939,0.0212894947564323,0.124220285624025,0.967,0.00564898220921256,0.519986886356488,"03b_2x2_to_cor_CONT",1000
0.1,300,0.3,0.1,"tetrachoric (z)","sample",1000,1000,1000,1000,0,-0.00509130726120603,0.00418701075093374,0.132404905605626,0.00296214513790857,0.131062216055899,0.989859215989129,0.0221450002206837,0.120018285763568,0.971,0.00530650544143696,0.512921364031566,"03b_2x2_to_cor_CONT",1000
0.25,300,0.3,0.1,"tetrachoric (z)","sample",1000,1000,1000,1000,0,0.0070138642860305,0.00410360403795675,0.129767353754074,0.0029031381747049,0.13116852444362,1.01079755923975,0.0226134300826439,0.117081970797167,0.971,0.00530650544143696,0.513400526985672,"03b_2x2_to_cor_CONT",1000
0.5,300,0.3,0.1,"tetrachoric (z)","sample",1000,1000,1000,1000,0,0.0592458321582141,0.0045663395315113,0.144400334892419,0.00323050530459934,0.139978703669642,0.969379356176207,0.0216868274899045,0.144207034504074,0.957,0.00641490451994416,0.547263815563182,"03b_2x2_to_cor_CONT",1000
0,25,0.5,0.1,"tetrachoric (z)","sample",1000,545,545,545,0.455,0.00573957397041869,0.0120396030248353,0.281067362642152,0.00852110605946599,0.418406792685845,1.48863528213537,0.0451308860754801,0.258987381238807,0.996330275229358,0.00259012163319998,1.6348507637111,"03b_2x2_to_cor_CONT",1000
0.1,25,0.5,0.1,"tetrachoric (z)","sample",1000,517,517,517,0.483,-0.0210029853184624,0.0119711343143287,0.272195270625646,0.00847306867563023,0.419041141787302,1.53948722482991,0.0479221440962474,0.259707102369519,1,0,1.63742368043612,"03b_2x2_to_cor_CONT",1000
0.25,25,0.5,0.1,"tetrachoric (z)","sample",1000,457,457,457,0.543,-0.0899393107429281,0.0120140884513375,0.25683187660738,0.0085045532723053,0.420486435893167,1.63720501305204,0.0542132753734132,0.274239001870674,0.99781181619256,0.00218578842214878,1.64241677662151,"03b_2x2_to_cor_CONT",1000
0,50,0.5,0.1,"tetrachoric (z)","sample",1000,834,834,834,0.166,-0.00903272334022273,0.00926620851673388,0.267599374643969,0.00655613059092298,0.319316556830513,1.19326346429379,0.0292347136898047,0.249471949387193,0.990407673860911,0.00337509453075361,1.24365146845181,"03b_2x2_to_cor_CONT",1000
0.1,50,0.5,0.1,"tetrachoric (z)","sample",1000,839,839,839,0.161,-0.0114250734654452,0.00919073146470872,0.266214102057927,0.00650270496931581,0.319121582616512,1.19874033775668,0.0292811488609777,0.241197386402391,0.99761620977354,0.00168358398380715,1.24327139878765,"03b_2x2_to_cor_CONT",1000
0.25,50,0.5,0.1,"tetrachoric (z)","sample",1000,757,757,757,0.243,-0.0288247626924673,0.00969740665868421,0.266810887707468,0.00686163562993697,0.323144330405103,1.21113622154505,0.0311470627074719,0.239849705340637,0.992073976221929,0.0032229366895851,1.2591477218692,"03b_2x2_to_cor_CONT",1000
0,100,0.5,0.1,"tetrachoric (z)","sample",1000,992,992,992,0.00800000000000001,-0.0024616270099785,0.00728388929834343,0.229413606754346,0.00515308549248454,0.22634547609916,0.986626204528177,0.0221615851517618,0.207112477869402,0.980846774193548,0.00435176777989587,0.881781000383452,"03b_2x2_to_cor_CONT",1000
0.1,100,0.5,0.1,"tetrachoric (z)","sample",1000,987,987,987,0.013,-0.000242702762727071,0.00734493192693643,0.230752466262406,0.00519628420280491,0.229142469581507,0.993022840852034,0.0223617497334829,0.205888717837423,0.979736575481256,0.00448489733425429,0.892756594276139,"03b_2x2_to_cor_CONT",1000
0.25,100,0.5,0.1,"tetrachoric (z)","sample",1000,970,970,970,0.03,0.00981457158290051,0.00692070277694612,0.215544063056779,0.00489620032956123,0.233538563283555,1.08348409124141,0.0246119289456517,0.194633564658192,0.985567010309278,0.00382944082205183,0.909393356094708,"03b_2x2_to_cor_CONT",1000
0,300,0.5,0.1,"tetrachoric (z)","sample",1000,1000,1000,1000,0,0.00334910945157668,0.00408209458890671,0.129087165251939,0.00288792108697508,0.126032711280936,0.976338050610671,0.0218425064867736,0.114345183205408,0.973,0.00512552436341883,0.493255663524668,"03b_2x2_to_cor_CONT",1000
0.1,300,0.5,0.1,"tetrachoric (z)","sample",1000,1000,1000,1000,0,0.00467901588664681,0.00406667527656633,0.128599563782448,0.00287701253101573,0.126244727349679,0.981688612593176,0.0219622085558855,0.113862526000646,0.975,0.00493710441453288,0.494036870679093,"03b_2x2_to_cor_CONT",1000
0.25,300,0.5,0.1,"tetrachoric (z)","sample",1000,1000,1000,1000,0,0.00944869165865499,0.00421620689988458,0.133328168901528,0.00298280026296196,0.130194867110611,0.976499326310926,0.0218461145255331,0.117209881340969,0.976,0.00483983470792134,0.509277521569036,"03b_2x2_to_cor_CONT",1000
0,25,0.3,0.3,"tetrachoric (z)","sample",1000,909,909,909,0.091,0.0399189556557146,0.011140102161579,0.335869923391348,0.00788157827612895,0.374842058111416,1.11603341652792,0.0261890217567692,0.287916421888792,0.993399339933993,0.00268580003726144,1.46273139863628,"03b_2x2_to_cor_CONT",1000
0.1,25,0.3,0.3,"tetrachoric (z)","sample",1000,936,936,936,0.0639999999999999,0.0276935506643865,0.0116085554255503,0.355153503837026,0.00821287665404807,0.373696198563275,1.05221036685804,0.0243322221623956,0.297274430658525,0.989316239316239,0.00336040575831011,1.45842142866387,"03b_2x2_to_cor_CONT",1000
0.25,25,0.3,0.3,"tetrachoric (z)","sample",1000,951,951,951,0.049,0.0478214443538371,0.0117125422126601,0.361194748680349,0.00828637583386953,0.38210148079095,1.0578821596576,0.0242694812006422,0.306532900657086,0.996845425867508,0.00181841925162894,1.48787934194935,"03b_2x2_to_cor_CONT",1000
0.5,25,0.3,0.3,"tetrachoric (z)","sample",1000,943,943,943,0.0570000000000001,0.0934798579385581,0.0126492872945844,0.388438173104112,0.00894914312057869,0.40757047552727,1.04925443416198,0.024173546142955,0.353573287922479,0.994697773064687,0.0023649332223492,1.58190983292653,"03b_2x2_to_cor_CONT",1000
0.75,25,0.3,0.3,"tetrachoric (z)","sample",1000,853,853,853,0.147,0.234198862031634,0.0143284834135463,0.418480032621901,0.0101377119152934,0.46527386486261,1.11181855427493,0.0269338924839478,0.448201917173144,0.998827667057444,0.00117164555877185,1.79444658512538,"03b_2x2_to_cor_CONT",1000
0,50,0.3,0.3,"tetrachoric (z)","sample",1000,991,991,991,0.00900000000000001,-0.0069943181523665,0.00836199513289479,0.263236881798758,0.00591580898346584,0.257234668224863,0.977198432328784,0.0219609016225121,0.215324176097489,0.989909182643794,0.00317485592628446,1.00558256141157,"03b_2x2_to_cor_CONT",1000
0.1,50,0.3,0.3,"tetrachoric (z)","sample",1000,996,996,996,0.004,-0.00312173226114789,0.00785646247065768,0.247945773391363,0.00555814882520576,0.25681467685792,1.03576952873707,0.0232186300681438,0.206973195554784,0.988955823293173,0.00331150526743363,1.00404405945681,"03b_2x2_to_cor_CONT",1000
0.25,50,0.3,0.3,"tetrachoric (z)","sample",1000,997,997,997,0.003,0.0336963199141357,0.0083690072312205,0.264253971001596,0.00592075179367158,0.260636826093379,0.986311861674179,0.0220988456748364,0.218024079155219,0.99197592778335,0.00282553311675754,1.01857141876239,"03b_2x2_to_cor_CONT",1000
0.5,50,0.3,0.3,"tetrachoric (z)","sample",1000,1000,1000,1000,0,0.078941931813781,0.00897357980901485,0.283769509617857,0.00634845415550463,0.276530312350811,0.974489164544863,0.0218011434508247,0.260159900202369,0.983,0.00408790900094413,1.0774806183333,"03b_2x2_to_cor_CONT",1000
0.75,50,0.3,0.3,"tetrachoric (z)","sample",1000,986,986,986,0.014,0.278130435703697,0.0110659969247675,0.347479351771897,0.00782881245922618,0.329806604429093,0.949140151054484,0.0213844080295309,0.424441460946002,0.942190669371197,0.00743241433730604,1.27556691945214,"03b_2x2_to_cor_CONT",1000
0,100,0.3,0.3,"tetrachoric (z)","sample",1000,1000,1000,1000,0,0.00335671566141183,0.00579598517105857,0.183285144251057,0.00410043114649577,0.177479580661799,0.968324963744438,0.021663238761066,0.148067112399831,0.987,0.00358203852575597,0.694912991005859,"03b_2x2_to_cor_CONT",1000
0.1,100,0.3,0.3,"tetrachoric (z)","sample",1000,1000,1000,1000,0,0.000535854200168086,0.00572538566083087,0.181052591710938,0.00405048477463296,0.177272713375581,0.979122760411008,0.0219048056482573,0.14665067979446,0.988,0.00344325427466518,0.69413316078136,"03b_2x2_to_cor_CONT",1000
0.25,100,0.3,0.3,"tetrachoric (z)","sample",1000,1000,1000,1000,0,0.00410372828595653,0.00569930796823061,0.180227942663553,0.00403203583458032,0.178652578626738,0.991259046663169,0.0221763170484556,0.150331682332868,0.982,0.00420428352992517,0.699593791831387,"03b_2x2_to_cor_CONT",1000
0.5,100,0.3,0.3,"tetrachoric (z)","sample",1000,1000,1000,1000,0,0.0622852834882359,0.00620710461521392,0.19628588259019,0.0043912819551145,0.190348800071418,0.969752880643141,0.0216951839301629,0.182399515330488,0.977,0.00474035863622153,0.744428378692352,"03b_2x2_to_cor_CONT",1000
0.75,100,0.3,0.3,"tetrachoric (z)","sample",1000,999,999,999,0.001,0.248213012836016,0.00735985393582172,0.232622618218164,0.00520680928969897,0.223675924323996,0.961539879644128,0.0215222183298259,0.328295435718996,0.864864864864865,0.0108162202736516,0.871544658446433,"03b_2x2_to_cor_CONT",1000
0,300,0.3,0.3,"tetrachoric (z)","sample",1000,1000,1000,1000,0,-0.000792485239851181,0.00315593367164394,0.0997993854681279,0.00223269872878575,0.101063896165728,1.0126705258922,0.0226553318463107,0.0828079846379636,0.986,0.00371537346709587,0.396058823216649,"03b_2x2_to_cor_CONT",1000
0.1,300,0.3,0.3,"tetrachoric (z)","sample",1000,1000,1000,1000,0,0.00306661648836711,0.00321907595088055,0.101796119658548,0.00227736940353754,0.100787651759353,0.990093257949537,0.0221502361766471,0.0828480231970101,0.985,0.00384382621875652,0.394985841004891,"03b_2x2_to_cor_CONT",1000
0.25,300,0.3,0.3,"tetrachoric (z)","sample",1000,1000,1000,1000,0,0.0071516743284859,0.00325097821178554,0.102804957728236,0.00229993899617757,0.101702743776446,0.98927859145954,0.0221320105650557,0.0841943652773425,0.987,0.00358203852575597,0.398557777223531,"03b_2x2_to_cor_CONT",1000
0.5,300,0.3,0.3,"tetrachoric (z)","sample",1000,1000,1000,1000,0,0.0509267485772358,0.00357359812683832,0.113007095229204,0.00252817987484094,0.107945942539189,0.955213850247638,0.0213699186539335,0.109708916546231,0.954,0.00662449998113065,0.422867713720566,"03b_2x2_to_cor_CONT",1000
0.75,300,0.3,0.3,"tetrachoric (z)","sample",1000,1000,1000,1000,0,0.232436673419426,0.00399180870224843,0.126232074827859,0.00282404737943159,0.125853217991163,0.996998727643406,0.0223047244366183,0.260146649082902,0.571,0.0156511660907422,0.492574173869979,"03b_2x2_to_cor_CONT",1000
0,25,0.5,0.3,"tetrachoric (z)","sample",1000,968,968,968,0.032,0.0111066788519074,0.0116640844777727,0.362901142144897,0.00825201673730217,0.356459004162464,0.982248228968479,0.02233536322792,0.292080403608657,0.990702479338843,0.0030847325939789,1.39261215578302,"03b_2x2_to_cor_CONT",1000
0.1,25,0.5,0.3,"tetrachoric (z)","sample",1000,955,955,955,0.045,0.00831831333201717,0.0114256712176651,0.353088366346646,0.00808340285418277,0.355852677634312,1.0078289503454,0.0230726588305432,0.281919695475339,0.990575916230366,0.00312652399107056,1.38991633216851,"03b_2x2_to_cor_CONT",1000
0.25,25,0.5,0.3,"tetrachoric (z)","sample",1000,937,937,937,0.0629999999999999,0.015274983655231,0.0112461872351693,0.344250916493755,0.00795650212207503,0.36067478575417,1.0477090066388,0.0242151829820619,0.289151104070472,0.996798292422625,0.00184554517024501,1.40790823939599,"03b_2x2_to_cor_CONT",1000
0.5,25,0.5,0.3,"tetrachoric (z)","sample",1000,866,866,866,0.134,0.0541064467410835,0.0114890258698706,0.338097650937993,0.00812866268070933,0.381321357067095,1.12784385223969,0.0271160187180643,0.290785647386802,0.996535796766744,0.00199659135892171,1.48626691723388,"03b_2x2_to_cor_CONT",1000
0,50,0.5,0.3,"tetrachoric (z)","sample",1000,1000,1000,1000,0,0.00334095934218401,0.00806369708268027,0.254996491429247,0.00570474797603568,0.243085692315765,0.953290341185785,0.0213268861621294,0.198551953552046,0.982,0.00420428352992517,0.951187693304231,"03b_2x2_to_cor_CONT",1000
0.1,50,0.5,0.3,"tetrachoric (z)","sample",1000,1000,1000,1000,0,-0.00115839098286783,0.00795057235439381,0.251419173418519,0.00562471668789145,0.244235771071373,0.971428581800373,0.0217326724961097,0.201965621833961,0.987,0.00358203852575597,0.955739668034634,"03b_2x2_to_cor_CONT",1000
0.25,50,0.5,0.3,"tetrachoric (z)","sample",1000,998,998,998,0.002,0.0275001947631644,0.00795450268586029,0.251291792053381,0.00562750288697649,0.249198567854961,0.991670144968461,0.0222077552081483,0.205364377266776,0.990981963927856,0.00299242716506554,0.974361932107949,"03b_2x2_to_cor_CONT",1000
0.5,50,0.5,0.3,"tetrachoric (z)","sample",1000,986,986,986,0.014,0.0763178214673245,0.00868288517139169,0.272648124825717,0.00614284280702073,0.269531098232293,0.988567584701286,0.0222727197585456,0.239007242536748,0.990872210953347,0.00302867842730074,1.05045554712946,"03b_2x2_to_cor_CONT",1000
0,100,0.5,0.3,"tetrachoric (z)","sample",1000,1000,1000,1000,0,0.00353359235967261,0.00544098549929318,0.172059068937149,0.00384928286572183,0.168181630388165,0.977464491857733,0.0218677070822339,0.139272830079913,0.983,0.00408790900094413,0.65891416341241,"03b_2x2_to_cor_CONT",1000
0.1,100,0.5,0.3,"tetrachoric (z)","sample",1000,1000,1000,1000,0,0.00647227569773305,0.00550651956672395,0.174131438111312,0.00389564563638444,0.168899730838316,0.969955412246399,0.0216997149405595,0.132024975767643,0.991,0.00298646948753876,0.661690308241479,"03b_2x2_to_cor_CONT",1000
0.25,100,0.5,0.3,"tetrachoric (z)","sample",1000,1000,1000,1000,0,0.00951911337329898,0.0055293649871117,0.174853873736606,0.00391180787119838,0.171669873781298,0.981790509485057,0.0219644881797519,0.14220445568186,0.982,0.00420428352992517,0.672244907245002,"03b_2x2_to_cor_CONT",1000
0.5,100,0.5,0.3,"tetrachoric (z)","sample",1000,999,999,999,0.001,0.054567704672794,0.00581295155400394,0.183729734565278,0.00411243625429076,0.18522791076224,1.00815423916279,0.0225655909908091,0.163695364616192,0.97997997997998,0.00443157507846749,0.724114450935652,"03b_2x2_to_cor_CONT",1000
0,300,0.5,0.3,"tetrachoric (z)","sample",1000,1000,1000,1000,0,-0.00047697113692451,0.00307396295133209,0.0972072436918271,0.0021747076738145,0.0960387077833124,0.987978921486352,0.0221029345193129,0.0762535544640448,0.987,0.00358203852575597,0.376411769060941,"03b_2x2_to_cor_CONT",1000
0.1,300,0.5,0.3,"tetrachoric (z)","sample",1000,1000,1000,1000,0,0.00145294882120813,0.00301022081966611,0.0951915405020389,0.00212961262710315,0.0961967630230405,1.0105599984589,0.0226081154040921,0.0793645457355693,0.984,0.00396787096564392,0.37703210806367,"03b_2x2_to_cor_CONT",1000
0.25,300,0.5,0.3,"tetrachoric (z)","sample",1000,1000,1000,1000,0,0.00651114023363875,0.00307164242781278,0.0971338622949772,0.00217306599485331,0.0978978517356052,1.00786532546506,0.0225478305342042,0.0762109982710933,0.991,0.00298646948753876,0.3836535768027,"03b_2x2_to_cor_CONT",1000
0.5,300,0.5,0.3,"tetrachoric (z)","sample",1000,1000,1000,1000,0,0.0595088148754445,0.00348626459832806,0.110245366567287,0.00246639484436415,0.105690770143247,0.958686731552929,0.0214476134978363,0.111288593264624,0.947,0.00708456067798138,0.413975877338496,"03b_2x2_to_cor_CONT",1000
0,25,0.3,0.5,"tetrachoric (z)","sample",1000,966,966,966,0.034,-0.0121048773865626,0.0115250729431564,0.358205496788287,0.00815367865512608,0.354103945095243,0.988549724306806,0.0225019349476235,0.290088595644248,0.992753623188406,0.00272893149724672,1.38334753608321,"03b_2x2_to_cor_CONT",1000
0.1,25,0.3,0.5,"tetrachoric (z)","sample",1000,967,967,967,0.033,0.0127090380231368,0.0108179412329877,0.336401446767404,0.00765339791744928,0.355080923173571,1.0555273367153,0.0240140784121337,0.27277465474036,0.991726990692865,0.00291282629164784,1.38714220561758,"03b_2x2_to_cor_CONT",1000
0.25,25,0.3,0.5,"tetrachoric (z)","sample",1000,935,935,935,0.0649999999999999,-0.00385365079537902,0.011637279416949,0.355842049979081,0.0082332031505652,0.361367583927807,1.01552805226097,0.0234965169514224,0.288119325376218,0.99144385026738,0.0030120865321907,1.41074307145208,"03b_2x2_to_cor_CONT",1000
0.5,25,0.3,0.5,"tetrachoric (z)","sample",1000,859,859,859,0.141,0.0358540275702476,0.0116433491093321,0.341251446760087,0.00823788755241624,0.380570362410343,1.11521977715716,0.0269216591099473,0.289042589558513,0.9953434225844,0.00232286145401369,1.483105789691,"03b_2x2_to_cor_CONT",1000
0,50,0.3,0.5,"tetrachoric (z)","sample",1000,1000,1000,1000,0,-0.00698310090233781,0.00807026666773957,0.255204239949944,0.00570939569862325,0.242714088395018,0.951058212992952,0.0212769492837083,0.205786076680606,0.989,0.00329833291224522,0.950039597041263,"03b_2x2_to_cor_CONT",1000
0.1,50,0.3,0.5,"tetrachoric (z)","sample",1000,999,999,999,0.001,0.00420024384080911,0.00813692255176082,0.257183395857393,0.00575655499436743,0.244138076388042,0.949276198699139,0.0212477194510867,0.216854973484652,0.977977977977978,0.00464312515222913,0.955111254979973,"03b_2x2_to_cor_CONT",1000
0.25,50,0.3,0.5,"tetrachoric (z)","sample",1000,997,997,997,0.003,0.0231331800374062,0.00815666199865738,0.257549105134264,0.00577052568179949,0.248117505853875,0.963379413508454,0.0215850318876836,0.208870136519538,0.990972918756269,0.00299541492613116,0.970110961267629,"03b_2x2_to_cor_CONT",1000
0.5,50,0.3,0.5,"tetrachoric (z)","sample",1000,987,987,987,0.013,0.0734185431678338,0.00872712617202456,0.274176249366251,0.00617413861893904,0.269122616258462,0.981567939894612,0.0221037983371063,0.239045032773626,0.985815602836879,0.00376395748213158,1.04887730090994,"03b_2x2_to_cor_CONT",1000
0,100,0.3,0.5,"tetrachoric (z)","sample",1000,1000,1000,1000,0,-0.00450197383389623,0.00543355164968335,0.171823989971647,0.00384402371001682,0.168332353772226,0.979678994766695,0.0219172496501219,0.137910845728394,0.987,0.00358203852575597,0.659471908060794,"03b_2x2_to_cor_CONT",1000
0.1,100,0.3,0.5,"tetrachoric (z)","sample",1000,1000,1000,1000,0,0.00590776948110562,0.00518439157395078,0.163944856558697,0.00366775277335215,0.168511404293271,1.02785416895917,0.0229950183124643,0.137378870353822,0.99,0.00314642654451046,0.660177625072032,"03b_2x2_to_cor_CONT",1000
0.25,100,0.3,0.5,"tetrachoric (z)","sample",1000,1000,1000,1000,0,0.0175228090288707,0.0053880484663525,0.17038505297051,0.00381183200063734,0.171907589748075,1.0089358588152,0.0225717803655461,0.137529004592273,0.989,0.00329833291224522,0.673255089374362,"03b_2x2_to_cor_CONT",1000
0.5,100,0.3,0.5,"tetrachoric (z)","sample",1000,1000,1000,1000,0,0.0643092291868079,0.005824189571002,0.184177045689653,0.00412038464820135,0.185842151364873,1.00904078827514,0.0225741278336263,0.16979717391256,0.984,0.00396787096564392,0.726483656615555,"03b_2x2_to_cor_CONT",1000
0,300,0.3,0.5,"tetrachoric (z)","sample",1000,1000,1000,1000,0,0.000267486982492066,0.00318456977235999,0.100704938483815,0.00225295764177894,0.095965507062916,0.952937447832703,0.0213189912784372,0.0807504972405785,0.977,0.00474035863622153,0.37612741458111,"03b_2x2_to_cor_CONT",1000
0.1,300,0.3,0.5,"tetrachoric (z)","sample",1000,1000,1000,1000,0,-0.000778922849194622,0.00294154407167872,0.0930197910427034,0.00208102653376846,0.0961888092239604,1.03406821436314,0.0231340381191391,0.0743257163899599,0.983,0.00408790900094413,0.377004686553949,"03b_2x2_to_cor_CONT",1000
0.25,300,0.3,0.5,"tetrachoric (z)","sample",1000,1000,1000,1000,0,0.00982479819685046,0.00324382341085834,0.102578703056885,0.002294877256421,0.0979456364518544,0.954834030193757,0.0213614213696317,0.0812884286648419,0.98,0.00442718872423573,0.383838479235805,"03b_2x2_to_cor_CONT",1000
0.5,300,0.3,0.5,"tetrachoric (z)","sample",1000,1000,1000,1000,0,0.0525849860640815,0.00338186809099104,0.106944059137773,0.00239253842864943,0.105361319377071,0.985200302162999,0.0220407716131794,0.104952751515902,0.961,0.00612200947402077,0.412695922951242,"03b_2x2_to_cor_CONT",1000
0,25,0.5,0.5,"tetrachoric (z)","sample",1000,997,997,997,0.003,-0.00293286073904927,0.0108145917416396,0.341474052242224,0.00765090908432647,0.334813111100612,0.980493565769128,0.0219684836379467,0.257822673090911,0.997993981945838,0.00141704551787443,1.30969627063462,"03b_2x2_to_cor_CONT",1000
0.1,25,0.5,0.5,"tetrachoric (z)","sample",1000,998,998,998,0.002,0.0103917172917995,0.0114736603191172,0.362465986481831,0.00811717075472158,0.337148732100392,0.930152744462527,0.0208301163043162,0.274674139758345,0.991983967935872,0.00282271336049308,1.31786572011108,"03b_2x2_to_cor_CONT",1000
0.25,25,0.5,0.5,"tetrachoric (z)","sample",1000,992,992,992,0.00800000000000001,0.0487362126263556,0.0112911381544113,0.35562604293756,0.00798806761524621,0.344433512847821,0.968527248462216,0.0217550466327432,0.287691263921889,0.991935483870968,0.00283971682422227,1.34453963343385,"03b_2x2_to_cor_CONT",1000
0.5,25,0.5,0.5,"tetrachoric (z)","sample",1000,980,980,980,0.02,0.0836875786503536,0.0116423528058783,0.36446329208771,0.00823659003242933,0.36854410380225,1.0111967701635,0.0228522691276933,0.314371483512895,0.991836734693878,0.00287434578282594,1.43362613897538,"03b_2x2_to_cor_CONT",1000
0.75,25,0.5,0.5,"tetrachoric (z)","sample",1000,907,907,907,0.093,0.265295964601503,0.0132576909142816,0.399274462142789,0.0093797753435978,0.434721141583025,1.08877772760623,0.0255776200392379,0.45096141490886,0.996692392502756,0.00190648727992037,1.6779112981334,"03b_2x2_to_cor_CONT",1000
0,50,0.5,0.5,"tetrachoric (z)","sample",1000,1000,1000,1000,0,-0.00735307635775163,0.00722304118245754,0.228412617697617,0.00511001704850138,0.228324288935958,0.999613292984647,0.0223632171486359,0.17941230457097,0.99,0.00314642654451046,0.894703784260158,"03b_2x2_to_cor_CONT",1000
0.1,50,0.5,0.5,"tetrachoric (z)","sample",1000,1000,1000,1000,0,0.0036367570641091,0.00756256220444976,0.239149215127652,0.00535021479442017,0.229432059395893,0.959367812574369,0.0214628505528907,0.184115131685934,0.992,0.00281709069786544,0.898840468720746,"03b_2x2_to_cor_CONT",1000
0.25,50,0.5,0.5,"tetrachoric (z)","sample",1000,1000,1000,1000,0,0.0251205625110924,0.00764090592484308,0.241626661095795,0.00540563988985299,0.233542013154566,0.966540745526324,0.0216233224657023,0.189574741334194,0.987,0.00358203852575597,0.914451462034009,"03b_2x2_to_cor_CONT",1000
0.5,50,0.5,0.5,"tetrachoric (z)","sample",1000,1000,1000,1000,0,0.0632050615031775,0.00812957053595046,0.257079592925992,0.00575135084880787,0.250732744472421,0.975311737577715,0.0218195459465532,0.226109694220645,0.979,0.00453420334788814,0.979151000087237,"03b_2x2_to_cor_CONT",1000
0.75,50,0.5,0.5,"tetrachoric (z)","sample",1000,999,999,999,0.001,0.281983292926348,0.00989188989961135,0.312652580830939,0.00699812586922288,0.302611564624194,0.96788442884412,0.0216642288443946,0.400707136783036,0.91991991991992,0.00858725811049746,1.17311790675723,"03b_2x2_to_cor_CONT",1000
0,100,0.5,0.5,"tetrachoric (z)","sample",1000,1000,1000,1000,0,0.00412946937726708,0.00522059168200349,0.165089604488605,0.00369336292351386,0.159278317633466,0.964799195726827,0.0215843607425894,0.124101695259858,0.989,0.00329833291224522,0.62430754691056,"03b_2x2_to_cor_CONT",1000
0.1,100,0.5,0.5,"tetrachoric (z)","sample",1000,1000,1000,1000,0,0.0137846114347268,0.00518605918307143,0.163997590989379,0.00366893254110114,0.159934960311194,0.975227497832892,0.0218176613460589,0.127728537378101,0.989,0.00329833291224522,0.62683585541739,"03b_2x2_to_cor_CONT",1000
0.25,100,0.5,0.5,"tetrachoric (z)","sample",1000,1000,1000,1000,0,0.00587389472345845,0.0050868713137023,0.160860995154721,0.00359876103152817,0.162281399486167,1.00883001084309,0.0225694123486322,0.130506065368525,0.984,0.00396787096564392,0.63589991960051,"03b_2x2_to_cor_CONT",1000
0.5,100,0.5,0.5,"tetrachoric (z)","sample",1000,1000,1000,1000,0,0.0610230259990438,0.0054453052666227,0.172195671974382,0.00385233893090848,0.174075130887402,1.01091466987219,0.0226160500663135,0.154352337579972,0.977,0.00474035863622153,0.681365822430536,"03b_2x2_to_cor_CONT",1000
0.75,100,0.5,0.5,"tetrachoric (z)","sample",1000,1000,1000,1000,0,0.252179600264104,0.00655340250551385,0.207236783412779,0.00463627406835213,0.206320953099399,0.995580754061619,0.0222730017181,0.315346710138225,0.851,0.0112605062053178,0.805216556933098,"03b_2x2_to_cor_CONT",1000
0,300,0.5,0.5,"tetrachoric (z)","sample",1000,1000,1000,1000,0,0.00153815784678859,0.00301841936773653,0.0954508013561278,0.00213541277683987,0.0911225775177378,0.954654924035248,0.0213574144302047,0.0707182098730689,0.99,0.00314642654451046,0.357190512553234,"03b_2x2_to_cor_CONT",1000
0.1,300,0.5,0.5,"tetrachoric (z)","sample",1000,1000,1000,1000,0,0.00105837028510107,0.00287644285805257,0.0909611099077053,0.00203496999011816,0.0913645825641792,1.00443566109608,0.0224711025339179,0.0698523560856412,0.995,0.00223047080231955,0.358134816177418,"03b_2x2_to_cor_CONT",1000
0.25,300,0.5,0.5,"tetrachoric (z)","sample",1000,1000,1000,1000,0,0.00934172815253453,0.00295139700236926,0.0933313680688024,0.00208799709402618,0.0928919817519117,0.995292190332336,0.0222665460082925,0.0741167840671809,0.989,0.00329833291224522,0.364089813813298,"03b_2x2_to_cor_CONT",1000
0.5,300,0.5,0.5,"tetrachoric (z)","sample",1000,1000,1000,1000,0,0.0518923904025255,0.00313220972189277,0.0990491683050373,0.00221591496906129,0.0992430453864661,1.00195738222487,0.0224156588048872,0.0974647915843242,0.964,0.00589101010014412,0.388857750409464,"03b_2x2_to_cor_CONT",1000
0.75,300,0.5,0.5,"tetrachoric (z)","sample",1000,1000,1000,1000,0,0.232993389961711,0.00372099118050026,0.117668072837796,0.00263245465301504,0.11663525435477,0.991222610703847,0.0221755019079647,0.256948482115463,0.494,0.0158102498398982,0.456594897553696,"03b_2x2_to_cor_CONT",1000
