"rr","n","br","br_guess","p_exp","method","target","n_sim","n_valid","nonest_rate","bias","bias_mcse","emp_se","emp_se_mcse","mod_se","se_ratio","se_ratio_mcse","rmse","coverage","coverage_mcse","ci_width","study","nrep"
0.25,50,0.01,0.01,0.5,"dipietrantonj","population",1000,1000,0,1.16917073412884,0.0179358813570453,0.567182369308149,0.0126889293857267,1.38221712930588,2.43698888417831,0.0545199948701848,1.29935920736235,0.998,0.00141279864099595,5.40129818025713,"05_rr_to_or",1000
0.5,50,0.01,0.01,0.5,"dipietrantonj","population",1000,1000,0,0.510876441041244,0.019056050346837,0.602605223028464,0.013481404811305,1.37384237940303,2.2798381542374,0.0510042394041466,0.789787730834895,1,0,5.36769593928181,"05_rr_to_or",1000
0.75,50,0.01,0.01,0.5,"dipietrantonj","population",1000,1000,0,0.142142965822935,0.0191497721612393,0.605568967028013,0.0135477093023518,1.37247378370319,2.26642027321672,0.0507040563343074,0.621732806586951,1,0,5.36246919567638,"05_rr_to_or",1000
1,50,0.01,0.01,0.5,"dipietrantonj","population",1000,1000,0,-0.0729750392546149,0.0185199591620594,0.585652531254113,0.0131021414200873,1.37575663135111,2.34910046133511,0.0525537666310371,0.589890883834627,0.998,0.00141279864099595,5.37670061035863,"05_rr_to_or",1000
2,50,0.01,0.01,0.5,"dipietrantonj","population",1000,1000,0,-0.59632069276515,0.0213705323664215,0.6757955708824,0.0151188096494847,1.34439404684979,1.98935018928044,0.0445054808492245,0.901022376298476,0.988,0.00344325427466518,5.25125437277838,"05_rr_to_or",1000
0.25,100,0.01,0.01,0.5,"dipietrantonj","population",1000,1000,0,1.02374052478119,0.0211606185163008,0.669157512094434,0.0149703038711377,1.32940666127442,1.9866871958344,0.0444459047100143,1.2228526756301,0.998,0.00141279864099595,5.18746496752618,"05_rr_to_or",1000
0.5,100,0.01,0.01,0.5,"dipietrantonj","population",1000,1000,0,0.378128746496938,0.0226984430039806,0.71778779232093,0.0160582541058299,1.32307280262216,1.84326456478742,0.0412372724672841,0.810978078876053,1,0,5.16250065473462,"05_rr_to_or",1000
0.75,100,0.01,0.01,0.5,"dipietrantonj","population",1000,1000,0,0.0984054712983488,0.023835196469294,0.753735093205727,0.016862462394411,1.32058392794528,1.7520531282797,0.0391967022033864,0.759757929159391,0.999,0.000999499874937461,5.15342562317207,"05_rr_to_or",1000
1,100,0.01,0.01,0.5,"dipietrantonj","population",1000,1000,0,-0.0927324055446241,0.0235121120649707,0.743518267264324,0.0166338929078897,1.31359337251774,1.76672642805526,0.0395249713365312,0.748909803234061,0.999,0.000999499874937461,5.12701142945248,"05_rr_to_or",1000
2,100,0.01,0.01,0.5,"dipietrantonj","population",1000,1000,0,-0.518661062211077,0.0256501190842094,0.81112798560654,0.0181464486364461,1.27799650795176,1.57557935446661,0.0352486541406824,0.962434401857608,0.962,0.00604615580348373,4.98570161969732,"05_rr_to_or",1000
0.25,300,0.01,0.01,0.5,"dipietrantonj","population",1000,1000,0,0.572454406233902,0.0287582421714003,0.909415467643314,0.0203453232604701,1.21459245976879,1.33557488626878,0.0298793057370358,1.07420366016539,0.981,0.00431729081716764,4.73096024197,"05_rr_to_or",1000
0.5,300,0.01,0.01,0.5,"dipietrantonj","population",1000,1000,0,0.104155614986801,0.0291665564850351,0.922327499966657,0.0206341895497678,1.20512628698868,1.30661428509098,0.0292314029755985,0.927731492033566,0.997,0.00172945077987204,4.68864025881965,"05_rr_to_or",1000
0.75,300,0.01,0.01,0.5,"dipietrantonj","population",1000,1000,0,0.00185089074525836,0.03149550515942,0.995975323613518,0.022281828976232,1.18695236481611,1.19174876794106,0.0266616467299166,0.995478932071572,0.994,0.00244213021765835,4.61566203137908,"05_rr_to_or",1000
1,300,0.01,0.01,0.5,"dipietrantonj","population",1000,1000,0,-0.117486149041578,0.0308323728329744,0.975005238196973,0.0218126889827097,1.15737230795223,1.18704214358119,0.0265563507486251,0.981574029054174,0.981,0.00431729081716764,4.49189006914504,"05_rr_to_or",1000
2,300,0.01,0.01,0.5,"dipietrantonj","population",1000,1000,0,-0.0511346199140066,0.0269781322642241,0.853123449722237,0.0190859656375386,1.08411444974816,1.27075917336598,0.0284292571307781,0.85422862876355,0.978,0.00463853425124791,4.19415372357085,"05_rr_to_or",1000
0.25,50,0.05,0.01,0.5,"dipietrantonj","population",1000,1000,0,0.573982963301558,0.0289559343890188,0.915667044476955,0.0204851827153546,1.25655964905215,1.37228882117289,0.0307006650610901,1.08030742493295,0.988,0.00344325427466518,4.89972671354781,"05_rr_to_or",1000
0.5,50,0.05,0.01,0.5,"dipietrantonj","population",1000,1000,0,0.139163833030118,0.0317129846584155,1.0028526292257,0.0224356871530711,1.25212201637786,1.24856033667143,0.0279326276752363,1.01196554040767,0.994,0.00244213021765835,4.88225231896501,"05_rr_to_or",1000
0.75,50,0.05,0.01,0.5,"dipietrantonj","population",1000,1000,0,-0.0663063315160163,0.0325613662585527,1.02968081103982,0.023035883708902,1.25388575197557,1.21774217653851,0.0272431678491109,1.03129959742555,0.982,0.00420428352992517,4.88801925699874,"05_rr_to_or",1000
1,50,0.05,0.01,0.5,"dipietrantonj","population",1000,1000,0,-0.13618547300321,0.0330208055500235,1.04420955711603,0.0233609189056926,1.23314889385264,1.18094005695411,0.0264198356689849,1.05253489663307,0.956,0.00648567652600714,4.80259382403306,"05_rr_to_or",1000
2,50,0.05,0.01,0.5,"dipietrantonj","population",1000,1000,0,-0.147238728187558,0.0300202892941531,0.949324901866924,0.0212381718751149,1.16382322414632,1.22594827319663,0.0274267535645032,0.960206120899898,0.978,0.00463853425124791,4.51972833276606,"05_rr_to_or",1000
0.25,100,0.05,0.01,0.5,"dipietrantonj","population",1000,1000,0,0.247910333101584,0.0298344669914862,0.943448684702077,0.0211067099173835,1.16027413132209,1.22982219397389,0.0275134204107392,0.975020440044182,0.976,0.00483983470792134,4.52066658532692,"05_rr_to_or",1000
0.5,100,0.05,0.01,0.5,"dipietrantonj","population",1000,1000,0,-0.0479845719542234,0.0324151558780642,1.02505723284078,0.0229324456254008,1.14019052369223,1.11231889026565,0.0248846519510244,1.02566763983965,0.981,0.00431729081716764,4.42697383031999,"05_rr_to_or",1000
0.75,100,0.05,0.01,0.5,"dipietrantonj","population",1000,1000,0,-0.0267611226311386,0.031942731301634,1.01011785599918,0.022598223851122,1.0722451329316,1.06150497841755,0.0237478497968258,1.00996727798967,0.979,0.00453420334788814,4.14351228459038,"05_rr_to_or",1000
1,100,0.05,0.01,0.5,"dipietrantonj","population",1000,1000,0,-0.0281689324042277,0.0308197040827692,0.974604617139412,0.0218037263410887,1.03396232292651,1.0609043962477,0.023734413651494,0.974524393918646,0.982,0.00420428352992517,3.9836630389954,"05_rr_to_or",1000
2,100,0.05,0.01,0.5,"dipietrantonj","population",1000,1000,0,0.04590481449704,0.0268047845924,0.847641715021721,0.0189633289896276,0.915562059663299,1.08012860084386,0.0241644950288735,0.848460507367271,0.976,0.00483983470792134,3.51645939526538,"05_rr_to_or",1000
0.25,300,0.05,0.01,0.5,"dipietrantonj","population",1000,1000,0,-0.132040245491528,0.0262551423420567,0.830260500928269,0.0185744787534346,0.90444085619213,1.08934588021582,0.0243707027909766,0.840284352663859,0.964,0.00589101010014412,3.47888142091756,"05_rr_to_or",1000
0.5,300,0.05,0.01,0.5,"dipietrantonj","population",1000,1000,0,-0.0429257639484906,0.0238681300002392,0.754776542897511,0.0168857615699724,0.72106803276846,0.955339748636533,0.0213727352361351,0.755619324322222,0.963,0.00596917079668525,2.75830370388525,"05_rr_to_or",1000
0.75,300,0.05,0.01,0.5,"dipietrantonj","population",1000,1000,0,0.0197214205102306,0.0208221090329966,0.658452902326353,0.014730821748986,0.628463402966151,0.95445460221339,0.021352932856747,0.658419014598118,0.966,0.00573096850453743,2.41660791901228,"05_rr_to_or",1000
1,300,0.05,0.01,0.5,"dipietrantonj","population",1000,1000,0,0.0234732194482373,0.0188731102604566,0.596820149545365,0.013351981908037,0.571074510771779,0.956861981296714,0.0214067904250459,0.596983323589289,0.963,0.00596917079668525,2.20745806510925,"05_rr_to_or",1000
2,300,0.05,0.01,0.5,"dipietrantonj","population",1000,1000,0,0.0510981199483368,0.0157894199878166,0.499305300944886,0.011170392537654,0.493169465487017,0.987711255125355,0.0220969463226809,0.501664724323294,0.97,0.00539444158370447,1.90846444032701,"05_rr_to_or",1000
0.25,50,0.15,0.01,0.5,"dipietrantonj","population",1000,1000,0,-0.0086171382493618,0.0328304056470429,1.0381885835191,0.0232262184760971,1.10885899908694,1.06807088489482,0.0238947413931653,1.03770513850807,0.967,0.00564898220921256,4.31462758903558,"05_rr_to_or",1000
0.5,50,0.15,0.01,0.5,"dipietrantonj","population",1000,1000,0,-0.129149244415923,0.0335576838148441,1.06118713854676,0.02374073912503,1.04118784379854,0.981153847401877,0.0219502448593436,1.0684903145126,0.955,0.00655553201502365,4.02884486616067,"05_rr_to_or",1000
0.75,50,0.15,0.01,0.5,"dipietrantonj","population",1000,1000,0,-0.112474209713177,0.0313020142477748,0.989856603740106,0.022144941779792,0.956809093358771,0.966613840574011,0.0216249577384977,0.995734265616351,0.955,0.00655553201502365,3.68640438565432,"05_rr_to_or",1000
1,50,0.15,0.01,0.5,"dipietrantonj","population",1000,1000,0,0.0586109488991885,0.0296804949886737,0.938579662454222,0.0209977807918962,0.897016164580114,0.955716600799311,0.0213811661231674,0.939939409920008,0.96,0.00619677335393187,3.45983015579651,"05_rr_to_or",1000
2,50,0.15,0.01,0.5,"dipietrantonj","population",1000,1000,0,0.0639350998852189,0.0243670465530653,0.770553669590413,0.0172387253737664,0.782213785406605,1.01513212677631,0.022710402457607,0.772817508703617,0.973,0.00512552436341883,3.01767989995524,"05_rr_to_or",1000
0.25,100,0.15,0.01,0.5,"dipietrantonj","population",1000,1000,0,-0.145430928353076,0.0287567059587057,0.90936688833246,0.0203442364505155,0.918432577476731,1.00996923162762,0.0225948988462243,0.920473434912438,0.956,0.00648567652600714,3.53599636525165,"05_rr_to_or",1000
0.5,100,0.15,0.01,0.5,"dipietrantonj","population",1000,1000,0,-0.0743533885393527,0.0252635249075207,0.7989028043216,0.0178729484882636,0.754078166247792,0.943892250932989,0.0211166333227757,0.80195752471652,0.957,0.00641490451994416,2.89302956987513,"05_rr_to_or",1000
0.75,100,0.15,0.01,0.5,"dipietrantonj","population",1000,1000,0,-0.0211975874162332,0.0216991651106475,0.686187850737058,0.0153513043678824,0.64575208261058,0.941071868172769,0.0210535360905243,0.686172172595853,0.96,0.00619677335393187,2.50039531516796,"05_rr_to_or",1000
1,100,0.15,0.01,0.5,"dipietrantonj","population",1000,1000,0,-0.034993800118733,0.0197134185222249,0.623393029983815,0.0139464668950618,0.5949050777822,0.954301779404954,0.0213495139249718,0.624063151459304,0.96,0.00619677335393187,2.30904252343266,"05_rr_to_or",1000
2,100,0.15,0.01,0.5,"dipietrantonj","population",1000,1000,0,0.0288170835612684,0.0171664071387194,0.542849458001274,0.0121445566935735,0.522960550932497,0.963362020951432,0.0215522084574924,0.543342684521658,0.953,0.00669260786241059,2.03722085012795,"05_rr_to_or",1000
0.25,300,0.15,0.01,0.5,"dipietrantonj","population",1000,1000,0,-0.0751132804902082,0.0165168822949848,0.522309678970609,0.0116850434579339,0.529744506079332,1.01423451911398,0.0226903212970144,0.527424495308699,0.965,0.00581162627841812,2.03538950595129,"05_rr_to_or",1000
0.5,300,0.15,0.01,0.5,"dipietrantonj","population",1000,1000,0,-0.0240699927000974,0.0132317317977961,0.418424098695101,0.00936092891622291,0.398527283208527,0.952448208531431,0.0213080460811206,0.418906925451253,0.952,0.00675988165576884,1.55278656548853,"05_rr_to_or",1000
0.75,300,0.15,0.01,0.5,"dipietrantonj","population",1000,1000,0,-0.00385500653591729,0.0112543004652117,0.355892229419617,0.00796197415928649,0.352415256181568,0.990230263684827,0.0221533012509417,0.355735127247361,0.948,0.00702111102319284,1.37756039575287,"05_rr_to_or",1000
1,300,0.15,0.01,0.5,"dipietrantonj","population",1000,1000,0,0.0139826511286559,0.0108167306286063,0.342055056229009,0.00765241074015577,0.329444790206249,0.963133811960617,0.0215471029959578,0.342169803406035,0.951,0.00682634602111555,1.28884803524315,"05_rr_to_or",1000
2,300,0.15,0.01,0.5,"dipietrantonj","population",1000,1000,0,0.012717301225093,0.00930857115935518,0.294362866253165,0.00658544733719893,0.293542902089669,0.997214444287985,0.0223095504210256,0.29449036874268,0.949,0.00695693898205238,1.14903113721449,"05_rr_to_or",1000
0.25,50,0.3,0.01,0.5,"dipietrantonj","population",1000,997,0.003,-0.247132114250725,0.0333818281144247,1.05404146451466,0.0236163637124368,0.956330086497086,0.907298354659541,0.0203285057188916,1.08211059710271,0.906720160481444,0.00921049459529825,3.68997543226627,"05_rr_to_or",1000
0.5,50,0.3,0.01,0.5,"dipietrantonj","population",1000,1000,0,-0.0687436562328808,0.0258774274267253,0.818316106541619,0.0183072603328191,0.775930358572096,0.94820369826441,0.0212130884555497,0.820790654946482,0.961,0.00612200947402077,2.99933248448359,"05_rr_to_or",1000
0.75,50,0.3,0.01,0.5,"dipietrantonj","population",1000,1000,0,-0.0371846959941866,0.023787834208091,0.752237367000354,0.0168289554606847,0.692875580494063,0.921086363014637,0.0206064229970779,0.752780111899547,0.96,0.00619677335393187,2.69393531894516,"05_rr_to_or",1000
1,50,0.3,0.01,0.5,"dipietrantonj","population",1000,1000,0,-0.00611523145505877,0.0208119374291226,0.658131247969365,0.0147236257400067,0.645721848088531,0.981144490678535,0.0219500355319593,0.657830524428525,0.954,0.00662449998113065,2.52123127249788,"05_rr_to_or",1000
2,50,0.3,0.01,0.5,"dipietrantonj","population",1000,1000,0,0.0895892286235207,0.0205760761732242,0.650672660165097,0.0145567631944007,0.624046075482184,0.959078371794266,0.0214563752218176,0.656488968422924,0.957,0.00641490451994416,2.43684595830878,"05_rr_to_or",1000
0.25,100,0.3,0.01,0.5,"dipietrantonj","population",1000,1000,0,-0.162169165663992,0.0239700637756057,0.757999971904092,0.0169578756998497,0.693646236247403,0.915100609443253,0.0204725105052628,0.774782699691567,0.958,0.00634318531969546,2.65313021509552,"05_rr_to_or",1000
0.5,100,0.3,0.01,0.5,"dipietrantonj","population",1000,1000,0,-0.0256386743544302,0.0166677712640614,0.527081207131377,0.0117917914585247,0.524445891138229,0.995000170832328,0.0222600129864369,0.527441111343068,0.965,0.00581162627841812,2.04019723525912,"05_rr_to_or",1000
0.75,100,0.3,0.01,0.5,"dipietrantonj","population",1000,1000,0,-0.0174042949597248,0.0146533895897404,0.4633808654538,0.0103666957906544,0.469659294154699,1.01354917556803,0.0226749888813222,0.463476012459425,0.95,0.00689202437604511,1.83685606169119,"05_rr_to_or",1000
1,100,0.3,0.01,0.5,"dipietrantonj","population",1000,1000,0,0.0152215334087289,0.0142337506566973,0.450110717220809,0.0100698177793158,0.445349796920116,0.989422779510586,0.022135236321174,0.450143036354653,0.951,0.00682634602111555,1.74330763706207,"05_rr_to_or",1000
2,100,0.3,0.01,0.5,"dipietrantonj","population",1000,1000,0,0.0473561213133654,0.0131750543856943,0.416631801553844,0.00932083188025301,0.430054080267407,1.03221616464107,0.0230926043062883,0.419107478141087,0.965,0.00581162627841812,1.68440667964012,"05_rr_to_or",1000
0.25,300,0.3,0.01,0.5,"dipietrantonj","population",1000,1000,0,-0.00861102217649473,0.0123443792592589,0.390363547602003,0.0087331619569304,0.36936799226805,0.946215379322869,0.0211686060456393,0.390263328151709,0.946,0.00714730718522718,1.43692037102735,"05_rr_to_or",1000
0.5,300,0.3,0.01,0.5,"dipietrantonj","population",1000,1000,0,8.60244990653224e-05,0.00927877671938882,0.293420683334137,0.00656436894482476,0.293111768798842,0.998947195774392,0.0223483153094351,0.293273948913091,0.957,0.00641490451994416,1.14715990924778,"05_rr_to_or",1000
0.75,300,0.3,0.01,0.5,"dipietrantonj","population",1000,1000,0,-0.00874513271458743,0.00854408743422302,0.270187768197688,0.00604460522235472,0.267335098398967,0.989441898803377,0.0221356640554783,0.270194200529471,0.947,0.00708456067798138,1.0471606950495,"05_rr_to_or",1000
1,300,0.3,0.01,0.5,"dipietrantonj","population",1000,1000,0,-0.0100086787211043,0.00795655710567649,0.251608427871347,0.00562895066362453,0.253553526749183,1.00773065868378,0.0225448177866812,0.25168167955705,0.956,0.00648567652600714,0.993553162352362,"05_rr_to_or",1000
2,300,0.3,0.01,0.5,"dipietrantonj","population",1000,1000,0,0.00463460884201462,0.0080127410666122,0.253385120716615,0.00566869860233642,0.245210910382111,0.967739974978063,0.0216501514693065,0.253300799407131,0.94,0.00750999334220744,0.960958035891074,"05_rr_to_or",1000
0.25,50,0.5,0.01,0.5,"dipietrantonj","population",1000,984,0.016,-0.181252302200961,0.02878169357655,0.902846449277101,0.0203620799173779,0.804856478214225,0.89146551870328,0.0201054034713844,0.920410626916206,0.955284552845528,0.00658866789683034,3.08929504163746,"05_rr_to_or",1000
0.5,50,0.5,0.01,0.5,"dipietrantonj","population",1000,1000,0,-0.0759374670204934,0.021878423068893,0.69185648510473,0.015478122310571,0.643898593030999,0.93068231185768,0.0208211023027956,0.695667470479236,0.95,0.00689202437604511,2.50612627945357,"05_rr_to_or",1000
0.75,50,0.5,0.01,0.5,"dipietrantonj","population",1000,1000,0,0.0141283685570755,0.0193685207246992,0.612486403982246,0.0137024652922982,0.590035383970313,0.963344459785619,0.0215518155814,0.612343095222053,0.946,0.00714730718522718,2.31005336817436,"05_rr_to_or",1000
1,50,0.5,0.01,0.5,"dipietrantonj","population",1000,1000,0,-0.0371075922718245,0.0188923783716179,0.597429460720156,0.0133656133375194,0.578602474366748,0.968486679028662,0.0216668566341403,0.598282551960235,0.946,0.00714730718522718,2.26740903402792,"05_rr_to_or",1000
0.25,100,0.5,0.01,0.5,"dipietrantonj","population",1000,998,0.002,-0.0937421750531081,0.019004184127968,0.600363803323429,0.0134447249901465,0.552063418685503,0.919548140026847,0.0205926336488367,0.607341034930369,0.961923847695391,0.00605803255580389,2.12854632056723,"05_rr_to_or",1000
0.5,100,0.5,0.01,0.5,"dipietrantonj","population",1000,1000,0,-0.0314806304009984,0.0142303894856149,0.450004427658551,0.0100674398832053,0.441397375002288,0.980873404510602,0.0219439708278562,0.450879707924222,0.954,0.00662449998113065,1.72705683402445,"05_rr_to_or",1000
0.75,100,0.5,0.01,0.5,"dipietrantonj","population",1000,1000,0,-0.0218420397539812,0.0135906166322893,0.429773033642014,0.00961482579655127,0.41191099030111,0.958438426930755,0.0214420584594794,0.430113043612988,0.951,0.00682634602111555,1.61415901136559,"05_rr_to_or",1000
1,100,0.5,0.01,0.5,"dipietrantonj","population",1000,1000,0,-0.0165500135623236,0.0125989519198094,0.398413841975487,0.00891326208409772,0.404210462571101,1.01454924499328,0.0226973623030018,0.398558350605158,0.945,0.00720936890441875,1.58438623695497,"05_rr_to_or",1000
0.25,300,0.5,0.01,0.5,"dipietrantonj","population",1000,1000,0,-0.0373520344022178,0.00969654935142799,0.306631813947409,0.00685992662173546,0.301491502954935,0.983236211121408,0.0219968312266609,0.308746207635557,0.945,0.00720936890441875,1.17890442241239,"05_rr_to_or",1000
0.5,300,0.5,0.01,0.5,"dipietrantonj","population",1000,1000,0,-0.0177433403566237,0.00816261000156913,0.25812439256629,0.00577472496897692,0.250958487110598,0.972238557602214,0.0217507931682425,0.25860471759558,0.95,0.00689202437604511,0.983319402515799,"05_rr_to_or",1000
0.75,300,0.5,0.01,0.5,"dipietrantonj","population",1000,1000,0,0.00351067566420533,0.00717009796221249,0.226738406071234,0.00507256180614283,0.235562547742737,1.03891771943008,0.0232425306088214,0.226652199033134,0.96,0.00619677335393187,0.923325274211862,"05_rr_to_or",1000
1,300,0.5,0.01,0.5,"dipietrantonj","population",1000,1000,0,0.000151466894006677,0.00714233465558554,0.225860453228046,0.00505292036057956,0.231650224636307,1.02563428579688,0.0229453553782563,0.225747545568641,0.956,0.00648567652600714,0.908047846541054,"05_rr_to_or",1000
0.25,50,0.01,0.05,0.5,"dipietrantonj","population",1000,1000,0,1.15974738570414,0.017982571294856,0.568658834781083,0.0127219606771425,1.38245993064727,2.43108845953212,0.054387991345864,1.29153532516606,0.998,0.00141279864099595,5.40218103357965,"05_rr_to_or",1000
0.5,50,0.01,0.05,0.5,"dipietrantonj","population",1000,1000,0,0.536657443977704,0.0186005569621319,0.588201257480391,0.0131591611880823,1.37844450053629,2.34349125066643,0.0524282781075288,0.796012531785081,1,0,5.38662786154915,"05_rr_to_or",1000
0.75,50,0.01,0.05,0.5,"dipietrantonj","population",1000,1000,0,0.151691953478449,0.0202332774750898,0.639832413514647,0.014314246621752,1.36674221447649,2.13609405464295,0.0477884153093431,0.657256860456171,0.999,0.000999499874937461,5.33944441569483,"05_rr_to_or",1000
1,50,0.01,0.05,0.5,"dipietrantonj","population",1000,1000,0,-0.0921585136795322,0.0203587134261544,0.643799046572979,0.014402987614949,1.36229465321965,2.11602465159169,0.0473394252632637,0.650043019191445,1,0,5.32209188960316,"05_rr_to_or",1000
2,50,0.01,0.05,0.5,"dipietrantonj","population",1000,1000,0,-0.639170756373667,0.021106348714685,0.667441350281721,0.0149319101247267,1.35018657322958,2.02292916472688,0.0452567052725165,0.923889459791109,0.986,0.00371537346709587,5.27414402411463,"05_rr_to_or",1000
0.25,100,0.01,0.05,0.5,"dipietrantonj","population",1000,1000,0,0.968045587251913,0.0223107642828946,0.705528314730801,0.0157839866852174,1.32385615113295,1.87640399894946,0.041978663530758,1.1976580028046,0.995,0.00223047080231955,5.16370162785677,"05_rr_to_or",1000
0.5,100,0.01,0.05,0.5,"dipietrantonj","population",1000,1000,0,0.360858020045599,0.0235405056877775,0.744416152455254,0.0166539802773157,1.31530002257135,1.76688807494732,0.0395285876795448,0.826933953384113,1,0,5.13157749435899,"05_rr_to_or",1000
0.75,100,0.01,0.05,0.5,"dipietrantonj","population",1000,1000,0,0.0973194636985386,0.0247060918429341,0.781275223049787,0.0174785865579517,1.30607516774382,1.67172224231741,0.0373995501855764,0.7869254483062,1,0,5.09685383194881,"05_rr_to_or",1000
1,100,0.01,0.05,0.5,"dipietrantonj","population",1000,1000,0,-0.0853445317826603,0.0253327049038242,0.801090467890014,0.017921890609954,1.29993467163755,1.62270645294463,0.0363029753909552,0.805225360325728,1,0,5.07205475786454,"05_rr_to_or",1000
2,100,0.01,0.05,0.5,"dipietrantonj","population",1000,1000,0,-0.462163154382051,0.025286686644714,0.799635242762571,0.0178893345047545,1.27709913681722,1.59710211421536,0.035730158491692,0.923239885519931,0.966,0.00573096850453743,4.98246002782752,"05_rr_to_or",1000
0.25,300,0.01,0.05,0.5,"dipietrantonj","population",1000,1000,0,0.567866587641022,0.0273712751286279,0.865555718695825,0.019364098724261,1.21520471393864,1.40395896842972,0.0314091854311214,1.03484780370059,0.983,0.00408790900094413,4.735500393537,"05_rr_to_or",1000
0.5,300,0.01,0.05,0.5,"dipietrantonj","population",1000,1000,0,0.0826220091313769,0.0287811414277109,0.910139605709967,0.0203615235820783,1.2107199594603,1.33025741530703,0.0297603439758889,0.913428784401345,1,0,4.71335786232136,"05_rr_to_or",1000
0.75,300,0.01,0.05,0.5,"dipietrantonj","population",1000,1000,0,-0.0243106046258274,0.03096553060149,0.979216056563522,0.0219068928575135,1.19245047097251,1.21776033284964,0.0272435740397161,0.979028205336116,0.996,0.00199599599197994,4.63244980119333,"05_rr_to_or",1000
1,300,0.01,0.05,0.5,"dipietrantonj","population",1000,1000,0,-0.085827718401531,0.0298813368345654,0.944930839279126,0.0211398684846885,1.16863828258049,1.23674477962009,0.0276682915865453,0.948350037684264,0.987,0.00358203852575597,4.53723936772275,"05_rr_to_or",1000
2,300,0.01,0.05,0.5,"dipietrantonj","population",1000,1000,0,-0.104439737742235,0.027878076444631,0.881582183493228,0.0197226406873427,1.07857219373879,1.2234505346569,0.0273708744863271,0.887309200857346,0.98,0.00442718872423573,4.16996086067355,"05_rr_to_or",1000
0.25,50,0.05,0.05,0.5,"dipietrantonj","population",1000,1000,0,0.593272408793555,0.028914246705771,0.914348764182568,0.020455690321953,1.25808120905079,1.3759314370327,0.0307821571841277,1.08957320999341,0.99,0.00314642654451046,4.9060803536093,"05_rr_to_or",1000
0.5,50,0.05,0.05,0.5,"dipietrantonj","population",1000,1000,0,0.148158043665043,0.0306675944180106,0.969794487191795,0.0216961147463984,1.26232714440877,1.30164396795454,0.0291202076941833,0.980567005330519,0.997,0.00172945077987204,4.922068180992,"05_rr_to_or",1000
0.75,50,0.05,0.05,0.5,"dipietrantonj","population",1000,1000,0,-0.0231185053466159,0.0326044475220105,1.03104316020986,0.023066362005395,1.24128562655167,1.20391238161069,0.0269337694955051,1.03078679342858,0.982,0.00420428352992517,4.83659975300174,"05_rr_to_or",1000
1,50,0.05,0.05,0.5,"dipietrantonj","population",1000,1000,0,-0.146482157302431,0.0331285225464281,1.04761586762954,0.0234371244365953,1.22939435724136,1.17351635769238,0.0262537536452649,1.05728829063367,0.964,0.00589101010014412,4.78753548078941,"05_rr_to_or",1000
2,50,0.05,0.05,0.5,"dipietrantonj","population",1000,1000,0,-0.192530176944976,0.0309546461406995,0.978871859691514,0.0218991925303524,1.151104493361,1.17595013276178,0.0263082017410934,0.997145825149307,0.967,0.00564898220921256,4.46968927718965,"05_rr_to_or",1000
0.25,100,0.05,0.05,0.5,"dipietrantonj","population",1000,1000,0,0.279032765821863,0.0302956256651482,0.958031802417219,0.0214329615093307,1.15949449389518,1.21028810418365,0.0270764063225454,0.997379764137283,0.974,0.00503229569878401,4.51440848955264,"05_rr_to_or",1000
0.5,100,0.05,0.05,0.5,"dipietrantonj","population",1000,1000,0,-0.0256529490127152,0.0320209148442527,1.01259023670134,0.0226535356270903,1.12739045509988,1.11337282766276,0.0249082304998875,1.01240887109333,0.986,0.00371537346709587,4.37282320858931,"05_rr_to_or",1000
0.75,100,0.05,0.05,0.5,"dipietrantonj","population",1000,1000,0,-0.0427592397823308,0.0320104901287675,1.01226057825242,0.0226461605516187,1.08289371827098,1.06977762597502,0.0239329243801874,1.01265747387377,0.987,0.00358203852575597,4.18483451601791,"05_rr_to_or",1000
1,100,0.05,0.05,0.5,"dipietrantonj","population",1000,1000,0,-0.0138185168723517,0.0314781862129783,0.995427650439215,0.0222695765039916,1.0441079191388,1.0489038743078,0.0234659395526377,0.995025769746809,0.98,0.00442718872423573,4.027804504495,"05_rr_to_or",1000
2,100,0.05,0.05,0.5,"dipietrantonj","population",1000,1000,0,0.039211346658955,0.026780338001824,0.846868645949262,0.0189460339899916,0.91263802840121,1.07766184610392,0.0241093091161923,0.847352846631941,0.973,0.00512552436341883,3.5043506731922,"05_rr_to_or",1000
0.25,300,0.05,0.05,0.5,"dipietrantonj","population",1000,1000,0,-0.121866675419921,0.0261447829419019,0.826770630271278,0.0184964038259895,0.904614279997722,1.09415386429596,0.0244782663786018,0.835294925150387,0.964,0.00589101010014412,3.47953219564975,"05_rr_to_or",1000
0.5,300,0.05,0.05,0.5,"dipietrantonj","population",1000,1000,0,-0.0538773635450959,0.0239933915833108,0.758737661955756,0.0169743792046846,0.737601295288784,0.972142721092175,0.0217486491264417,0.760269641070185,0.961,0.00612200947402077,2.81591338164467,"05_rr_to_or",1000
0.75,300,0.05,0.05,0.5,"dipietrantonj","population",1000,1000,0,-0.0632172849766535,0.0210272874818188,0.664941214576938,0.0148759774174893,0.628964824153617,0.945895381975668,0.0211614471070651,0.667608490916667,0.97,0.00539444158370447,2.4210794088254,"05_rr_to_or",1000
1,300,0.05,0.05,0.5,"dipietrantonj","population",1000,1000,0,-0.0173779537767828,0.0189213124197346,0.598344435659931,0.0133860830365594,0.572909242073128,0.957490715930616,0.0214208563936015,0.598297618998257,0.966,0.00573096850453743,2.21313226918029,"05_rr_to_or",1000
2,300,0.05,0.05,0.5,"dipietrantonj","population",1000,1000,0,0.0455836581657441,0.0155649707512043,0.492207592877076,0.011011603546059,0.492516463053873,1.00062752013839,0.0223859073051557,0.49406873617254,0.965,0.00581162627841812,1.90990998089775,"05_rr_to_or",1000
0.25,50,0.15,0.05,0.5,"dipietrantonj","population",1000,1000,0,-0.0101068703153479,0.0337217532221162,1.06637546876009,0.0238568117663343,1.10363498805374,1.03494033798149,0.0231535491540509,1.06589006588883,0.955,0.00655553201502365,4.29663787454387,"05_rr_to_or",1000
0.5,50,0.15,0.05,0.5,"dipietrantonj","population",1000,1000,0,-0.0962970128427832,0.0323514326784646,1.0230421283355,0.0228873639723804,1.03391885027559,1.01063174393198,0.0226097204843819,1.02705486505606,0.956,0.00648567652600714,3.99620613528403,"05_rr_to_or",1000
0.75,50,0.15,0.05,0.5,"dipietrantonj","population",1000,1000,0,-0.0600382226720296,0.0312624474308635,0.98860539112808,0.0221169498157613,0.955979174081856,0.966997735052816,0.0216335461752981,0.989933263876789,0.955,0.00655553201502365,3.68545978415201,"05_rr_to_or",1000
1,50,0.15,0.05,0.5,"dipietrantonj","population",1000,1000,0,-0.0681482635885946,0.0286301382942823,0.905364467355401,0.0202546948147066,0.891594164224109,0.984790320773782,0.0220315995634495,0.907474142750701,0.961,0.00612200947402077,3.4344953004284,"05_rr_to_or",1000
2,50,0.15,0.05,0.5,"dipietrantonj","population",1000,1000,0,0.0572115197632156,0.0250838540988395,0.793221114476832,0.0177458384701581,0.781962187688289,0.985806067711688,0.0220543237203809,0.794885963336272,0.969,0.00548078461536303,3.01738809734112,"05_rr_to_or",1000
0.25,100,0.15,0.05,0.5,"dipietrantonj","population",1000,1000,0,-0.173427530948415,0.0285086025535902,0.901521169778376,0.0201687130666796,0.917953398718666,1.01822722470769,0.0227796455815446,0.917608188515052,0.956,0.00648567652600714,3.53458738168212,"05_rr_to_or",1000
0.5,100,0.15,0.05,0.5,"dipietrantonj","population",1000,1000,0,-0.0678554785422361,0.0236825849172518,0.748909092188659,0.0167544957342419,0.747604951418984,0.998258612716446,0.0223329104198065,0.751603838137269,0.965,0.00581162627841812,2.87233879619017,"05_rr_to_or",1000
0.75,100,0.15,0.05,0.5,"dipietrantonj","population",1000,1000,0,-0.0457999313510517,0.0211944994186756,0.670228920301296,0.0149942732746591,0.648359779910828,0.967370640496031,0.0216418887668394,0.671457543344621,0.969,0.00548078461536303,2.50740141000934,"05_rr_to_or",1000
1,100,0.15,0.05,0.5,"dipietrantonj","population",1000,1000,0,0.00441090116347194,0.0198054120002757,0.626302119189025,0.0140115486562363,0.600350527306035,0.958563780820998,0.0214448628602287,0.626004429860713,0.955,0.00655553201502365,2.33044641243358,"05_rr_to_or",1000
2,100,0.15,0.05,0.5,"dipietrantonj","population",1000,1000,0,0.050387656954119,0.0167664857836891,0.530202834332908,0.0118616280918056,0.527312110455225,0.994547890560939,0.022249894631677,0.532327762250327,0.964,0.00589101010014412,2.05127628988945,"05_rr_to_or",1000
0.25,300,0.15,0.05,0.5,"dipietrantonj","population",1000,1000,0,-0.0368334369909751,0.0163536326523439,0.517147271991074,0.0115695507678074,0.5249772294127,1.01514067238812,0.0227105936389107,0.518199345529739,0.967,0.00564898220921256,2.0167817438538,"05_rr_to_or",1000
0.5,300,0.15,0.05,0.5,"dipietrantonj","population",1000,1000,0,-0.0403641597466786,0.0130851897716642,0.413790032939976,0.00925725620649584,0.399929530470493,0.966503537141762,0.0216224900446155,0.415548113413069,0.952,0.00675988165576884,1.55859356340065,"05_rr_to_or",1000
0.75,300,0.15,0.05,0.5,"dipietrantonj","population",1000,1000,0,-0.00350932290030241,0.0112811237787372,0.356740457070948,0.00798095059676618,0.35259229830625,0.988372054017206,0.022111729628599,0.356579311380647,0.951,0.00682634602111555,1.37844584266468,"05_rr_to_or",1000
1,300,0.15,0.05,0.5,"dipietrantonj","population",1000,1000,0,-0.00144179954276319,0.010540420579599,0.333317365276449,0.00745693226710912,0.329255518618609,0.987813876260328,0.0220992421492185,0.333153784782284,0.952,0.00675988165576884,1.28818970744071,"05_rr_to_or",1000
2,300,0.15,0.05,0.5,"dipietrantonj","population",1000,1000,0,0.0186800307999774,0.00897346192543899,0.283765781811872,0.00634837075751933,0.294098353039448,1.0364123227318,0.0231864802033294,0.284238349733219,0.954,0.00662449998113065,1.15111302666972,"05_rr_to_or",1000
0.25,50,0.3,0.05,0.5,"dipietrantonj","population",1000,999,0.001,-0.263100418263109,0.0333068216296847,1.05272742089515,0.0235632758182485,0.959407029054815,0.911353698984125,0.0203988973317365,1.08459555062139,0.921921921921922,0.00848845956269211,3.70293781450659,"05_rr_to_or",1000
0.5,50,0.3,0.05,0.5,"dipietrantonj","population",1000,1000,0,-0.116148359369783,0.026312434415104,0.832072235355291,0.0186150106378058,0.780912317387838,0.938515052187015,0.020996335339494,0.839727516536522,0.969,0.00548078461536303,3.01372755806009,"05_rr_to_or",1000
0.75,50,0.3,0.05,0.5,"dipietrantonj","population",1000,1000,0,-0.0206257509598415,0.0217799608864283,0.688742837504932,0.0154084641958908,0.686385391751462,0.996577175652367,0.0222952935309059,0.68870730439047,0.973,0.00512552436341883,2.67099462408972,"05_rr_to_or",1000
1,50,0.3,0.05,0.5,"dipietrantonj","population",1000,1000,0,-0.00230336418770706,0.0211982216632127,0.670346628008748,0.0149969066160125,0.646938495364928,0.965080554349391,0.0215906552606967,0.670015330098944,0.954,0.00662449998113065,2.52526790394982,"05_rr_to_or",1000
2,50,0.3,0.05,0.5,"dipietrantonj","population",1000,1000,0,0.0881867102432867,0.0206337705887821,0.65249711777945,0.0145975797202459,0.622663588148392,0.954277913544528,0.0213489800010805,0.658106094855011,0.953,0.00669260786241059,2.4333280919239,"05_rr_to_or",1000
0.25,100,0.3,0.05,0.5,"dipietrantonj","population",1000,1000,0,-0.13686025507259,0.0237718338432055,0.751731391036032,0.0168176358329432,0.693640032080667,0.9227232497564,0.0206430432120257,0.76371834703851,0.959,0.00627048642451286,2.65114877341622,"05_rr_to_or",1000
0.5,100,0.3,0.05,0.5,"dipietrantonj","population",1000,1000,0,-0.0879142156060474,0.0167961841169383,0.53114197809069,0.011882638492464,0.529139141506958,0.99622918792649,0.0222875083952605,0.538106493544566,0.971,0.00530650544143696,2.05921318406953,"05_rr_to_or",1000
0.75,100,0.3,0.05,0.5,"dipietrantonj","population",1000,1000,0,-0.0195322543130275,0.0154700527171425,0.489206021090468,0.0109444527767342,0.471009404391467,0.962803776089183,0.0215397194768394,0.489351323180642,0.945,0.00720936890441875,1.84121998979291,"05_rr_to_or",1000
1,100,0.3,0.05,0.5,"dipietrantonj","population",1000,1000,0,-0.00537766400883921,0.0140985562755224,0.445835495507112,0.00997417308129811,0.445565605349681,0.999394641835046,0.0223583255138681,0.445644969718284,0.961,0.00612200947402077,1.74437391272676,"05_rr_to_or",1000
2,100,0.3,0.05,0.5,"dipietrantonj","population",1000,1000,0,0.0174761481711106,0.0141829950146574,0.448505682891307,0.0100339101623467,0.429371186281368,0.957337225948647,0.0214174225359077,0.448621896470859,0.936,0.0077397674383666,1.68152330858061,"05_rr_to_or",1000
0.25,300,0.3,0.05,0.5,"dipietrantonj","population",1000,1000,0,-0.0304219909379618,0.0119555016406736,0.378066157544084,0.0084580463635737,0.368995716203253,0.976008322459349,0.0218351298519291,0.379099700597742,0.954,0.00662449998113065,1.43565449826966,"05_rr_to_or",1000
0.5,300,0.3,0.05,0.5,"dipietrantonj","population",1000,1000,0,0.00573758636272128,0.0093183435065058,0.294671895003984,0.00659236088777716,0.293668584016234,0.996595158870728,0.0222956958491024,0.294580403416119,0.945,0.00720936890441875,1.14944279091827,"05_rr_to_or",1000
0.75,300,0.3,0.05,0.5,"dipietrantonj","population",1000,1000,0,0.00973550528457549,0.00847629288631637,0.268043916354424,0.00599664325081844,0.266365445152526,0.993738073877122,0.0222317775193117,0.268086690487739,0.957,0.00641490451994416,1.0435009041794,"05_rr_to_or",1000
1,300,0.3,0.05,0.5,"dipietrantonj","population",1000,1000,0,-0.00927882595018909,0.00828674421732447,0.262049861139747,0.00586254503573118,0.253611661375317,0.967799258783311,0.0216514777588021,0.262083109346351,0.939,0.00756828910652864,0.99378505286429,"05_rr_to_or",1000
2,300,0.3,0.05,0.5,"dipietrantonj","population",1000,1000,0,0.0029650060556184,0.00777704648983874,0.245931803769079,0.00550195397564416,0.244991859347971,0.996178028190324,0.0222863638563701,0.245826688774669,0.949,0.00695693898205238,0.960127309043122,"05_rr_to_or",1000
0.25,50,0.5,0.05,0.5,"dipietrantonj","population",1000,983,0.017,-0.15376699161174,0.0264768505473946,0.830124215678361,0.0187314907074158,0.797107088453178,0.960226281077462,0.0216672027165485,0.843830242139988,0.960325534079349,0.00622569762845076,3.06376666743578,"05_rr_to_or",1000
0.5,50,0.5,0.05,0.5,"dipietrantonj","population",1000,998,0.002,-0.0635642791237496,0.0203054387800012,0.641471918606168,0.0143653123103349,0.64048913818322,0.998467929157236,0.0223599868024825,0.644293666814095,0.957915831663327,0.00635561789834974,2.49745465567491,"05_rr_to_or",1000
0.75,50,0.5,0.05,0.5,"dipietrantonj","population",1000,1000,0,-0.0270646384831799,0.0191995822140396,0.607144099200236,0.0135829479521901,0.59019638257971,0.972086170905966,0.0217473839931118,0.60744368289801,0.949,0.00695693898205238,2.31152183638473,"05_rr_to_or",1000
1,50,0.5,0.05,0.5,"dipietrantonj","population",1000,1000,0,0.0118714709928751,0.0188854343189278,0.597209870493226,0.0133607006938371,0.578569514993151,0.968787596419529,0.0216735887184403,0.597029230112442,0.952,0.00675988165576884,2.26729478486746,"05_rr_to_or",1000
0.25,100,0.5,0.05,0.5,"dipietrantonj","population",1000,999,0.001,-0.0617492550355793,0.0177241983963822,0.560208052053452,0.0125391783135227,0.544652290230082,0.972232170233272,0.021761544661866,0.563322185675461,0.962962962962963,0.00597503103928965,2.10766652557823,"05_rr_to_or",1000
0.5,100,0.5,0.05,0.5,"dipietrantonj","population",1000,1000,0,-0.0369710289798628,0.0142457640678526,0.450490614637997,0.0100783167943793,0.441896690253059,0.980923188839696,0.0219450845963204,0.451780598373673,0.955,0.00655553201502365,1.72885168153902,"05_rr_to_or",1000
0.75,100,0.5,0.05,0.5,"dipietrantonj","population",1000,1000,0,-0.00702669336256816,0.0130091387591515,0.411385088760953,0.00920345311155575,0.411392231287459,1.00001736214243,0.0223722569307017,0.41123938038959,0.957,0.00641490451994416,1.61217044178294,"05_rr_to_or",1000
1,100,0.5,0.05,0.5,"dipietrantonj","population",1000,1000,0,-0.0017555038642066,0.0124998030532145,0.395278479516846,0.00884311816745079,0.404097626604523,1.02231122498361,0.0228710122987004,0.395084691030414,0.948,0.00702111102319284,1.58393899259912,"05_rr_to_or",1000
0.25,300,0.5,0.05,0.5,"dipietrantonj","population",1000,1000,0,-0.0215373022591737,0.00981184012287723,0.310277628257184,0.00694149030007518,0.300908158705312,0.96980294839657,0.0216963040393591,0.310869409525784,0.946,0.00714730718522718,1.1762426251553,"05_rr_to_or",1000
0.5,300,0.5,0.05,0.5,"dipietrantonj","population",1000,1000,0,0.00202573179609569,0.00809112131196672,0.255863721705446,0.00572414953774021,0.250540087040773,0.979193476006723,0.021906387688266,0.255743780824064,0.948,0.00702111102319284,0.981679126355901,"05_rr_to_or",1000
0.75,300,0.5,0.05,0.5,"dipietrantonj","population",1000,1000,0,0.00906479442300723,0.00759450406093924,0.240159305319662,0.00537281239937616,0.235660861278876,0.981268916335352,0.0219528191663925,0.240210295236533,0.951,0.00682634602111555,0.923707994093541,"05_rr_to_or",1000
1,300,0.5,0.05,0.5,"dipietrantonj","population",1000,1000,0,0.00331216575388481,0.00729504373382865,0.230689538294377,0.00516095601669328,0.231721720714481,1.0044743356276,0.0224719677554515,0.230597952847321,0.95,0.00689202437604511,0.908326326831829,"05_rr_to_or",1000
0.25,50,0.01,0.15,0.5,"dipietrantonj","population",1000,1000,0,1.15869330278561,0.0187306409814809,0.592314875363713,0.0132511905064565,1.37892731931188,2.32803087794334,0.0520824006818964,1.30117494772447,0.998,0.00141279864099595,5.38768170116521,"05_rr_to_or",1000
0.5,50,0.01,0.15,0.5,"dipietrantonj","population",1000,1000,0,0.512543473166091,0.0187317383077303,0.592349575866559,0.0132519668215433,1.37661392438375,2.32398904374985,0.051991977298792,0.783088726706255,1,0,5.37906414577643,"05_rr_to_or",1000
0.75,50,0.01,0.15,0.5,"dipietrantonj","population",1000,1000,0,0.157701183161467,0.0186636123416143,0.590195243659298,0.0132037703846818,1.37450689524568,2.32890202015782,0.0521018897609699,0.610615884482992,1,0,5.37108759187271,"05_rr_to_or",1000
1,50,0.01,0.15,0.5,"dipietrantonj","population",1000,1000,0,-0.0899067974272796,0.0198483458961749,0.627659808187686,0.014041922695988,1.3658712404706,2.17613303043003,0.0486841620108119,0.633755560293571,0.999,0.000999499874937461,5.33656523759256,"05_rr_to_or",1000
2,50,0.01,0.15,0.5,"dipietrantonj","population",1000,1000,0,-0.57479646383358,0.0207671491131709,0.65671491705966,0.0146919397711322,1.34646895322921,2.05030968271258,0.0458692586205498,0.872487353857908,0.99,0.00314642654451046,5.25970691068544,"05_rr_to_or",1000
0.25,100,0.01,0.15,0.5,"dipietrantonj","population",1000,1000,0,0.98211063447612,0.0220277493605865,0.696578597067709,0.0155837647784828,1.31725400374519,1.89103427709415,0.0423059701896339,1.20385955098675,0.996,0.00199599599197994,5.13843213357928,"05_rr_to_or",1000
0.5,100,0.01,0.15,0.5,"dipietrantonj","population",1000,1000,0,0.397755948574528,0.0231231847989256,0.731219307215874,0.0163587421909113,1.31835668780915,1.80295661616049,0.04033550834081,0.832079796772185,1,0,5.1442770326017,"05_rr_to_or",1000
0.75,100,0.01,0.15,0.5,"dipietrantonj","population",1000,1000,0,0.0947682710282833,0.0240158560333841,0.759448050241905,0.0169902719180113,1.31198120113094,1.72754568362251,0.03864842487407,0.764961178667849,0.999,0.000999499874937461,5.11956976937658,"05_rr_to_or",1000
1,100,0.01,0.15,0.5,"dipietrantonj","population",1000,1000,0,-0.0892796400700427,0.02368039548859,0.748839856375201,0.0167529467997272,1.31064013625623,1.75022753543121,0.0391558602802325,0.753771333692501,0.999,0.000999499874937461,5.11517628078733,"05_rr_to_or",1000
2,100,0.01,0.15,0.5,"dipietrantonj","population",1000,1000,0,-0.467530521299377,0.0264354599538148,0.835962644482245,0.0187020463592329,1.27270637238532,1.52244407185631,0.0340599185850353,0.957454697504402,0.96,0.00619677335393187,4.96606579819695,"05_rr_to_or",1000
0.25,300,0.01,0.15,0.5,"dipietrantonj","population",1000,1000,0,0.535084771301332,0.027706859689401,0.876167834292126,0.0196015115789639,1.20671644801418,1.37726631905988,0.0308120209893123,1.02626415520221,0.982,0.00420428352992517,4.70257177317641,"05_rr_to_or",1000
0.5,300,0.01,0.15,0.5,"dipietrantonj","population",1000,1000,0,0.173897462945004,0.0300364656050926,0.949836441734004,0.0212496159777573,1.20961377697887,1.27349691360612,0.0284905054954373,0.965156673498441,0.999,0.000999499874937461,4.71029114621254,"05_rr_to_or",1000
0.75,300,0.01,0.15,0.5,"dipietrantonj","population",1000,1000,0,0.00165022765687738,0.0305433463745502,0.965865419070251,0.0216082141510277,1.19717697647218,1.23948632266449,0.0277296250270411,0.965383776018281,0.988,0.00344325427466518,4.65568679590176,"05_rr_to_or",1000
1,300,0.01,0.15,0.5,"dipietrantonj","population",1000,1000,0,-0.0952835302112271,0.0310178330703693,0.980870005852607,0.0219438947935264,1.17090039380702,1.19373656735403,0.0267061175170021,0.984998890122434,0.983,0.00408790900094413,4.54711789817647,"05_rr_to_or",1000
2,300,0.01,0.15,0.5,"dipietrantonj","population",1000,1000,0,-0.0936086565040192,0.0286892389805747,0.907233395155032,0.0202965062216893,1.07716607803733,1.18730867248693,0.0265623134982576,0.911598563745978,0.969,0.00548078461536303,4.16649225624665,"05_rr_to_or",1000
0.25,50,0.05,0.15,0.5,"dipietrantonj","population",1000,1000,0,0.602120599952323,0.0289968091516096,0.91695961796301,0.0205140999994204,1.26102966080903,1.37522922068297,0.030766447292288,1.09659625337717,0.99,0.00314642654451046,4.91622131668466,"05_rr_to_or",1000
0.5,50,0.05,0.15,0.5,"dipietrantonj","population",1000,1000,0,0.144850013281412,0.0314687012338169,0.995127709062122,0.0222628662549434,1.2550547291816,1.26119966086006,0.0282153929740035,1.00512208439249,0.991,0.00298646948753876,4.89375978275205,"05_rr_to_or",1000
0.75,50,0.05,0.15,0.5,"dipietrantonj","population",1000,1000,0,0.00547278600095773,0.0325421850153031,1.02907424686959,0.0230223137350446,1.24245322886901,1.20735042456704,0.0270106849404463,1.028574140814,0.987,0.00358203852575597,4.84048648075965,"05_rr_to_or",1000
1,50,0.05,0.15,0.5,"dipietrantonj","population",1000,1000,0,-0.0840001394157714,0.0315017298653147,0.996172166097437,0.0222862327103988,1.23834481715819,1.24310320976893,0.0278105415497469,0.999211013222243,0.969,0.00548078461536303,4.82094579945313,"05_rr_to_or",1000
2,50,0.05,0.15,0.5,"dipietrantonj","population",1000,1000,0,-0.138560371964707,0.0294030932444328,0.929807449067176,0.0208015299874847,1.15979780798852,1.24735267409621,0.0279056100069025,0.93961498877331,0.981,0.00431729081716764,4.50648234960139,"05_rr_to_or",1000
0.25,100,0.05,0.15,0.5,"dipietrantonj","population",1000,1000,0,0.262820449514594,0.0304252553733098,0.962131053719354,0.0215246694204398,1.1570986853295,1.20264144978634,0.0269053363758491,0.996917778480069,0.969,0.00548078461536303,4.50864187230169,"05_rr_to_or",1000
0.5,100,0.05,0.15,0.5,"dipietrantonj","population",1000,1000,0,0.0397151376868355,0.0320246386667774,1.01270799430915,0.0226561700848078,1.12795186176136,1.11379772659031,0.0249177362828234,1.01298035342123,0.983,0.00408790900094413,4.3758720366062,"05_rr_to_or",1000
0.75,100,0.05,0.15,0.5,"dipietrantonj","population",1000,1000,0,-0.0194173715343521,0.0318571489307969,1.00741150380516,0.0225376776957033,1.08514122139107,1.07715786179958,0.0240980340456059,1.0070948785384,0.97,0.00539444158370447,4.18984024432979,"05_rr_to_or",1000
1,100,0.05,0.15,0.5,"dipietrantonj","population",1000,1000,0,-0.0625139519581341,0.0315928580560774,0.999053892516043,0.0223507023149094,1.03489139705594,1.03587144278037,0.0231743797081777,1.00050915321187,0.975,0.00493710441453288,3.98978687485091,"05_rr_to_or",1000
2,100,0.05,0.15,0.5,"dipietrantonj","population",1000,1000,0,0.0276350152652097,0.0270846575977781,0.856492076547633,0.0191613281139259,0.922120851461386,1.07662508120132,0.0240861147481186,0.856509657026934,0.973,0.00512552436341883,3.54535390384922,"05_rr_to_or",1000
0.25,300,0.05,0.15,0.5,"dipietrantonj","population",1000,1000,0,-0.153916033481659,0.02626356737433,0.830526923841707,0.0185804391318213,0.903031300169888,1.08729924852141,0.0243249158158268,0.844260233350754,0.966,0.00573096850453743,3.46776836729035,"05_rr_to_or",1000
0.5,300,0.05,0.15,0.5,"dipietrantonj","population",1000,1000,0,-0.1093118265429,0.0245353398183737,0.775875569922829,0.0173577862282113,0.740542500227503,0.954460391504735,0.0213530623740117,0.783153875381599,0.956,0.00648567652600714,2.83263033752393,"05_rr_to_or",1000
0.75,300,0.05,0.15,0.5,"dipietrantonj","population",1000,1000,0,0.000663490323826319,0.02079116504,0.657474367348658,0.0147089300931354,0.627495898722733,0.954403593334266,0.0213517916928105,0.657145882887664,0.975,0.00493710441453288,2.41678332645387,"05_rr_to_or",1000
1,300,0.05,0.15,0.5,"dipietrantonj","population",1000,1000,0,-0.0112360565130117,0.0189559574207079,0.599440006786075,0.0134105930097337,0.575559479854324,0.960161940041694,0.0214806166681676,0.599245561001429,0.96,0.00619677335393187,2.22703173985967,"05_rr_to_or",1000
2,300,0.05,0.15,0.5,"dipietrantonj","population",1000,1000,0,0.05369971711702,0.0166853442142287,0.527636912608752,0.0118042236283932,0.49175066213674,0.931986846229954,0.0208502871742352,0.530099962699674,0.958,0.00634318531969546,1.9036494724207,"05_rr_to_or",1000
0.25,50,0.15,0.15,0.5,"dipietrantonj","population",1000,1000,0,0.0332979469978082,0.0316405351749499,1.00056157539516,0.0223844319980315,1.11016064159092,1.10953755260137,0.0248224282305254,1.00061535864954,0.975,0.00493710441453288,4.32007351596751,"05_rr_to_or",1000
0.5,50,0.15,0.15,0.5,"dipietrantonj","population",1000,1000,0,-0.164418210393336,0.0320892850213172,1.01475229153687,0.022701904833576,1.03136457514395,1.01637077713017,0.02273811338045,1.02748520129251,0.956,0.00648567652600714,3.98750638792481,"05_rr_to_or",1000
0.75,50,0.15,0.15,0.5,"dipietrantonj","population",1000,1000,0,-0.0754890168996582,0.0318782595470234,1.00807908010602,0.0225526126249245,0.958747087762867,0.951063370605845,0.0212770646691458,1.01039883213913,0.951,0.00682634602111555,3.69263089538123,"05_rr_to_or",1000
1,50,0.15,0.15,0.5,"dipietrantonj","population",1000,1000,0,-0.0521216905808916,0.0290280649785834,0.917948013996903,0.0205362122655236,0.895304790718271,0.975332782539569,0.0218200167616725,0.918968224953109,0.959,0.00627048642451286,3.45170198529859,"05_rr_to_or",1000
2,50,0.15,0.15,0.5,"dipietrantonj","population",1000,1000,0,0.0636275300099761,0.0257456612852998,0.814149295287654,0.0182140409793513,0.784559924186976,0.963656087069111,0.0215587872660096,0.816225886944011,0.964,0.00589101010014412,3.0246552082681,"05_rr_to_or",1000
0.25,100,0.15,0.15,0.5,"dipietrantonj","population",1000,1000,0,-0.109608991372019,0.0284364568441877,0.899239722127169,0.0201176728198209,0.911856833806788,1.01403086559585,0.0226857651872858,0.905448826142642,0.95,0.00689202437604511,3.51041035200836,"05_rr_to_or",1000
0.5,100,0.15,0.15,0.5,"dipietrantonj","population",1000,1000,0,-0.125642795034502,0.0250515796306199,0.792200506178385,0.0177230055555079,0.75173670620598,0.948922274529204,0.021229164349258,0.801710778455287,0.961,0.00612200947402077,2.88638322960074,"05_rr_to_or",1000
0.75,100,0.15,0.15,0.5,"dipietrantonj","population",1000,1000,0,-0.0406775801945627,0.0228521209642484,0.72264751612708,0.0161669752078021,0.658740345277975,0.911565224507231,0.020393417338352,0.723430631548429,0.963,0.00596917079668525,2.54152575152003,"05_rr_to_or",1000
1,100,0.15,0.15,0.5,"dipietrantonj","population",1000,1000,0,-0.0179937895154715,0.0191189083720952,0.604592968318828,0.0135258743875667,0.595208530691511,0.98447809002243,0.0220246143781364,0.604558434846755,0.963,0.00596917079668525,2.31512169490356,"05_rr_to_or",1000
2,100,0.15,0.15,0.5,"dipietrantonj","population",1000,1000,0,0.0504264264843926,0.0170467630363904,0.539065979281616,0.0120599132051578,0.526850346232595,0.97733926176291,0.0218649054510194,0.541150960801895,0.96,0.00619677335393187,2.04839232859035,"05_rr_to_or",1000
0.25,300,0.15,0.15,0.5,"dipietrantonj","population",1000,1000,0,-0.0621007373984176,0.0176026742970391,0.556645436887469,0.0124531985191427,0.532622391358541,0.956843182505448,0.0214063698609596,0.559822105539483,0.955,0.00655553201502365,2.03995614964112,"05_rr_to_or",1000
0.5,300,0.15,0.15,0.5,"dipietrantonj","population",1000,1000,0,-0.0126061716682663,0.0128415011496783,0.406083922086544,0.00908485610778146,0.398006829749244,0.980109795296013,0.0219268874629166,0.406076548435812,0.958,0.00634318531969546,1.55109517455076,"05_rr_to_or",1000
0.75,300,0.15,0.15,0.5,"dipietrantonj","population",1000,1000,0,-0.00610280490936383,0.0112533878348365,0.35586336951314,0.00796132850925366,0.352384348570826,0.990223717189342,0.0221531547936055,0.355737745047171,0.951,0.00682634602111555,1.37738206215708,"05_rr_to_or",1000
1,300,0.15,0.15,0.5,"dipietrantonj","population",1000,1000,0,0.00786158262957195,0.0104165955178468,0.32940167301097,0.00736933091463143,0.328372014645155,0.996874155627678,0.0223019375278628,0.329330777792914,0.952,0.00675988165576884,1.28490163134425,"05_rr_to_or",1000
2,300,0.15,0.15,0.5,"dipietrantonj","population",1000,1000,0,-0.0089397262102224,0.00932470446805114,0.294873046269904,0.00659686101744838,0.293010204650906,0.99368256392857,0.0222305356580419,0.294861123256,0.946,0.00714730718522718,1.1467862687241,"05_rr_to_or",1000
0.25,50,0.3,0.15,0.5,"dipietrantonj","population",1000,997,0.003,-0.288334635987527,0.0343845088839062,1.08570141744122,0.024325721919494,0.964781506228272,0.888625077511708,0.0199101209402345,1.12280992856883,0.901705115346038,0.0094286637124799,3.72538633024766,"05_rr_to_or",1000
0.5,50,0.3,0.15,0.5,"dipietrantonj","population",1000,999,0.001,-0.0884684360070685,0.0270843986439132,0.85605553864951,0.0191611545140389,0.782680188815438,0.914286694587799,0.0204645467895271,0.860188458869413,0.960960960960961,0.00612801313762972,3.02083702508342,"05_rr_to_or",1000
0.75,50,0.3,0.15,0.5,"dipietrantonj","population",1000,1000,0,-0.019937634954078,0.0230080398327608,0.727578103674037,0.0162772816640656,0.693145072977778,0.952674454436736,0.0213131076247644,0.72748748191053,0.963,0.00596917079668525,2.69098878272782,"05_rr_to_or",1000
1,50,0.3,0.15,0.5,"dipietrantonj","population",1000,1000,0,0.0132846037298284,0.0219599426854275,0.694434361727055,0.0155357942273933,0.650721481133294,0.937052538003667,0.0209636161644944,0.694214177585544,0.948,0.00702111102319284,2.53846965365695,"05_rr_to_or",1000
2,50,0.3,0.15,0.5,"dipietrantonj","population",1000,1000,0,0.0896204496417255,0.0205887957605364,0.651074888833138,0.0145657618012719,0.622192408916732,0.955638774568362,0.0213794250049622,0.65689149587447,0.96,0.00619677335393187,2.43119010085031,"05_rr_to_or",1000
0.25,100,0.3,0.15,0.5,"dipietrantonj","population",1000,1000,0,-0.127395675184307,0.024384643817,0.771110143936621,0.0172511747446674,0.695242904876947,0.901612967153614,0.0201707667454877,0.78118237389456,0.95,0.00689202437604511,2.65551821792185,"05_rr_to_or",1000
0.5,100,0.3,0.15,0.5,"dipietrantonj","population",1000,1000,0,-0.0518581730549054,0.0165206340396456,0.522428319553885,0.0116876976694626,0.528078408488837,1.01081505102897,0.0226138214066521,0.524735826712277,0.966,0.00573096850453743,2.05344379790519,"05_rr_to_or",1000
0.75,100,0.3,0.15,0.5,"dipietrantonj","population",1000,1000,0,-0.0391119963965919,0.0145080277356804,0.458784120016453,0.0102638580061693,0.469929797036035,1.02429394683317,0.0229153694912051,0.460219658611645,0.962,0.00604615580348373,1.83725736262666,"05_rr_to_or",1000
1,100,0.3,0.15,0.5,"dipietrantonj","population",1000,1000,0,0.00196262056242852,0.0143341442716418,0.453285442078435,0.0101408423063769,0.445360939078223,0.982517631795374,0.0219807552644669,0.453062993619777,0.959,0.00627048642451286,1.74318376043122,"05_rr_to_or",1000
2,100,0.3,0.15,0.5,"dipietrantonj","population",1000,1000,0,0.0369815277516091,0.013946054572111,0.441012968208758,0.00986628413470727,0.429271101514654,0.973375234878477,0.0217762227628021,0.44234102125511,0.945,0.00720936890441875,1.68133457109281,"05_rr_to_or",1000
0.25,300,0.3,0.15,0.5,"dipietrantonj","population",1000,1000,0,-0.0289725409131247,0.0120089714393679,0.379757021043132,0.00849587413943792,0.370215653932152,0.97487507384387,0.0218097769629178,0.380671233170416,0.949,0.00695693898205238,1.44198721231506,"05_rr_to_or",1000
0.5,300,0.3,0.15,0.5,"dipietrantonj","population",1000,1000,0,-0.00514127819150618,0.00945074725606552,0.298858869197536,0.00668603132387808,0.293518136113408,0.982129581435986,0.0219720738528526,0.298753644020913,0.945,0.00720936890441875,1.14882438447177,"05_rr_to_or",1000
0.75,300,0.3,0.15,0.5,"dipietrantonj","population",1000,1000,0,-0.0111787583403354,0.00823685789946013,0.260472317254442,0.0058272524313649,0.266978714905917,1.02497922896397,0.0229307005329257,0.260581938871201,0.956,0.00648567652600714,1.04586608543774,"05_rr_to_or",1000
1,300,0.3,0.15,0.5,"dipietrantonj","population",1000,1000,0,-0.0031425296952669,0.00823208228137579,0.260321298950626,0.00582387386972976,0.253379449405682,0.973333532166109,0.0217752897952046,0.260210082436364,0.942,0.00739161687318817,0.992877489963135,"05_rr_to_or",1000
2,300,0.3,0.15,0.5,"dipietrantonj","population",1000,1000,0,0.0098608283309099,0.00792227393048677,0.250524298681127,0.00560469666793616,0.245196479591726,0.978733324003107,0.0218960932281478,0.250593091965466,0.946,0.00714730718522718,0.96091567369989,"05_rr_to_or",1000
0.25,50,0.5,0.15,0.5,"dipietrantonj","population",1000,987,0.013,-0.127476819286537,0.0261025486680204,0.820052185751499,0.0184666464775739,0.796579877183598,0.971377055051209,0.0218743111520628,0.829490556766174,0.963525835866261,0.00596713385200843,3.06535446533934,"05_rr_to_or",1000
0.5,50,0.5,0.15,0.5,"dipietrantonj","population",1000,1000,0,-0.0545182531121554,0.0198395603451985,0.627381984671837,0.0140357072648232,0.6355790886242,1.01306557113949,0.0226641697466374,0.62943370298903,0.967,0.00564898220921256,2.48078963355851,"05_rr_to_or",1000
0.75,50,0.5,0.15,0.5,"dipietrantonj","population",1000,1000,0,-0.0319970921114572,0.0193428461196683,0.611674501683017,0.0136843015208192,0.590952373136649,0.966122294636524,0.021613960937419,0.612205328477911,0.947,0.00708456067798138,2.31389597358378,"05_rr_to_or",1000
1,50,0.5,0.15,0.5,"dipietrantonj","population",1000,1000,0,-0.00720959775004997,0.0189854313589327,0.600372054550131,0.0134314446597535,0.578536941459908,0.963630697123996,0.021558219245496,0.600115101943434,0.951,0.00682634602111555,2.26714527641071,"05_rr_to_or",1000
0.25,100,0.5,0.15,0.5,"dipietrantonj","population",1000,999,0.001,-0.0796708785022054,0.0185151959787204,0.585209081994029,0.0130987782180537,0.547647110564567,0.935814442076882,0.0209464039557435,0.590317123288387,0.958958958958959,0.00627662887714177,2.11579782689022,"05_rr_to_or",1000
0.5,100,0.5,0.15,0.5,"dipietrantonj","population",1000,1000,0,-0.0068488393310363,0.0138821424395215,0.438991889117742,0.00982106881904053,0.439914365181549,1.00210135104241,0.0224188796563423,0.438825787109913,0.958,0.00634318531969546,1.72184498537915,"05_rr_to_or",1000
0.75,100,0.5,0.15,0.5,"dipietrantonj","population",1000,1000,0,-0.0424754595819836,0.0134901936978632,0.42659738162097,0.00954378052711207,0.411968619594556,0.96570827047548,0.0216046984433294,0.428494463612498,0.947,0.00708456067798138,1.61440219410611,"05_rr_to_or",1000
1,100,0.5,0.15,0.5,"dipietrantonj","population",1000,1000,0,0.00091954195519131,0.0132486826058791,0.418960130312329,0.00937292094507922,0.404352896323253,0.965134548773921,0.0215918632168624,0.418751607469082,0.945,0.00720936890441875,1.58494091577247,"05_rr_to_or",1000
0.25,300,0.5,0.15,0.5,"dipietrantonj","population",1000,1000,0,-0.0122756782498671,0.00978783869553391,0.309518636482185,0.0069245102358869,0.300027292431083,0.969335145182289,0.0216858384073619,0.309607294519938,0.948,0.00702111102319284,1.17305358548566,"05_rr_to_or",1000
0.5,300,0.5,0.15,0.5,"dipietrantonj","population",1000,1000,0,-0.00561530317296947,0.00799456411587413,0.252810315064125,0.00565583912586177,0.250943922004193,0.992617417293835,0.0222067063375888,0.252746264022129,0.949,0.00695693898205238,0.983314124265568,"05_rr_to_or",1000
0.75,300,0.5,0.15,0.5,"dipietrantonj","population",1000,1000,0,0.00684151977073239,0.00724603690081928,0.229139806162165,0.00512628561321017,0.235659394495746,1.02845244762478,0.0230084029241018,0.229127370931628,0.955,0.00655553201502365,0.92370594031724,"05_rr_to_or",1000
1,300,0.5,0.15,0.5,"dipietrantonj","population",1000,1000,0,-0.00768022121318551,0.0076007784789362,0.240357719838285,0.00537725130289671,0.231755391319723,0.964210309016286,0.0215711862465355,0.240360245153514,0.935,0.0077958322198467,0.908457736854174,"05_rr_to_or",1000
0.25,50,0.01,0.3,0.5,"dipietrantonj","population",1000,1000,0,1.1629686919448,0.0175871606153602,0.556154851197469,0.0124422232005945,1.38208000749121,2.48506329579868,0.0555955092855136,1.28898994904373,0.997,0.00172945077987204,5.4008600989512,"05_rr_to_or",1000
0.5,50,0.01,0.3,0.5,"dipietrantonj","population",1000,1000,0,0.516229625166043,0.0184794954595731,0.584372956629909,0.0130735149448495,1.37995109152748,2.36142188968785,0.0528294200059649,0.779514776375031,1,0,5.39250727301031,"05_rr_to_or",1000
0.75,50,0.01,0.3,0.5,"dipietrantonj","population",1000,1000,0,0.172274948120412,0.0197716957121841,0.625235916542868,0.0139876957108345,1.3696309560205,2.19058265813268,0.0490074271817526,0.64823428568208,1,0,5.35105447949597,"05_rr_to_or",1000
1,50,0.01,0.3,0.5,"dipietrantonj","population",1000,1000,0,-0.0670405932674778,0.0196841485514621,0.622467432237243,0.013925759543985,1.3668154266514,2.19580231167896,0.0491242005845428,0.625757684441419,0.998,0.00141279864099595,5.34029412540855,"05_rr_to_or",1000
2,50,0.01,0.3,0.5,"dipietrantonj","population",1000,1000,0,-0.588397023364023,0.0217881465485695,0.68900169087016,0.0154142552293403,1.34298110824584,1.94916953911934,0.0436065646272892,0.905792285126982,0.983,0.00408790900094413,5.24571882035073,"05_rr_to_or",1000
0.25,100,0.01,0.3,0.5,"dipietrantonj","population",1000,1000,0,0.988180345067871,0.021640591038226,0.684335575930222,0.0153098655194648,1.32674942947513,1.93874098635259,0.0433732584160717,1.20180999316935,0.996,0.00199599599197994,5.17612182645674,"05_rr_to_or",1000
0.5,100,0.01,0.3,0.5,"dipietrantonj","population",1000,1000,0,0.404237864221201,0.0230305235346646,0.72828910075652,0.0162931879973038,1.31897867211298,1.81106468673343,0.0405169010295144,0.832636091060541,1,0,5.14662164985658,"05_rr_to_or",1000
0.75,100,0.01,0.3,0.5,"dipietrantonj","population",1000,1000,0,0.0966320626698592,0.0242647449560045,0.767318609040565,0.0171663510245326,1.31250382576186,1.71050696581305,0.0382672369197065,0.772998593445033,1,0,5.12130726224154,"05_rr_to_or",1000
1,100,0.01,0.3,0.5,"dipietrantonj","population",1000,1000,0,-0.0792773711214834,0.0238079174225521,0.7528724540047,0.0168431635436366,1.31279863323566,1.74371983760673,0.0390102709202191,0.75666043681363,0.999,0.000999499874937461,5.1238181644096,"05_rr_to_or",1000
2,100,0.01,0.3,0.5,"dipietrantonj","population",1000,1000,0,-0.487347198726246,0.0247820299142897,0.783676595715828,0.017532309751473,1.28036253180431,1.63378942130433,0.0365509221017672,0.922519457666014,0.973,0.00512552436341883,4.99495515780818,"05_rr_to_or",1000
0.25,300,0.01,0.3,0.5,"dipietrantonj","population",1000,1000,0,0.498214630028737,0.0280604536943665,0.887349458518845,0.0198516654058603,1.20212684346086,1.35473891590292,0.0303080408880776,1.01726077779831,0.979,0.00453420334788814,4.68421816249635,"05_rr_to_or",1000
0.5,300,0.01,0.3,0.5,"dipietrantonj","population",1000,1000,0,0.0904057722432452,0.0300254129289019,0.949486925423974,0.0212417966448282,1.20431646788052,1.26838657345677,0.0283761776375894,0.953308501894543,0.997,0.00172945077987204,4.68782627084877,"05_rr_to_or",1000
0.75,300,0.01,0.3,0.5,"dipietrantonj","population",1000,1000,0,-0.0474359826816895,0.0315590939566789,0.997986177943605,0.0223268155448917,1.1918609391104,1.19426597827866,0.0267179614285942,0.998614343682333,0.993,0.00263647491928143,4.63584721629522,"05_rr_to_or",1000
1,300,0.01,0.3,0.5,"dipietrantonj","population",1000,1000,0,-0.101937385971386,0.0305684179462112,0.966658251779938,0.0216259513001569,1.16730871359699,1.20757125017821,0.0270156252219826,0.971537430167871,0.986,0.00371537346709587,4.53361582700214,"05_rr_to_or",1000
2,300,0.01,0.3,0.5,"dipietrantonj","population",1000,1000,0,-0.12070623774026,0.0289433550091302,0.915269249556949,0.0204762832997114,1.0778680304688,1.17765130969992,0.0263462602478609,0.922740525399619,0.969,0.00548078461536303,4.16972326281184,"05_rr_to_or",1000
0.25,50,0.05,0.3,0.5,"dipietrantonj","population",1000,1000,0,0.636097999088345,0.0301422525823964,0.953181719684648,0.0213244560961889,1.26459596468388,1.32671025741268,0.0296809874259026,1.14554244783615,0.986,0.00371537346709587,4.93087312984554,"05_rr_to_or",1000
0.5,50,0.05,0.3,0.5,"dipietrantonj","population",1000,1000,0,0.1241193446455,0.0315485851491062,0.997653860269384,0.0223193809775814,1.25643730937415,1.2593920190264,0.0281749526485929,1.00485000044819,0.995,0.00223047080231955,4.89758808970345,"05_rr_to_or",1000
0.75,50,0.05,0.3,0.5,"dipietrantonj","population",1000,1000,0,-0.040271836201339,0.0322765095737163,1.02067285173174,0.0228343588277441,1.25023790274556,1.22491540812938,0.027403646443033,1.02095696186615,0.981,0.00431729081716764,4.87132041790489,"05_rr_to_or",1000
1,50,0.05,0.3,0.5,"dipietrantonj","population",1000,1000,0,-0.104983058761729,0.0327061610285472,1.03425962370445,0.0231383203037539,1.23054708165571,1.18978547886092,0.0266177242847742,1.03905953577406,0.957,0.00641490451994416,4.79020804128931,"05_rr_to_or",1000
2,50,0.05,0.3,0.5,"dipietrantonj","population",1000,1000,0,-0.140933654164639,0.0300549179908155,0.950419957405486,0.0212626703136316,1.16532239558745,1.2261131371532,0.027430441879261,0.96034217454791,0.975,0.00493710441453288,4.52839176153746,"05_rr_to_or",1000
0.25,100,0.05,0.3,0.5,"dipietrantonj","population",1000,1000,0,0.259553718106342,0.0296698571547514,0.938243264608574,0.0209902549435273,1.1606507978713,1.23704676777564,0.0276750476258518,0.973030449545438,0.983,0.00408790900094413,4.52186767565999,"05_rr_to_or",1000
0.5,100,0.05,0.3,0.5,"dipietrantonj","population",1000,1000,0,0.00892517384541825,0.0327721384974973,1.0363460144658,0.0231849967635214,1.13356141024864,1.09380592430121,0.0244704823107909,1.03586616286353,0.975,0.00493710441453288,4.40007003146513,"05_rr_to_or",1000
0.75,100,0.05,0.3,0.5,"dipietrantonj","population",1000,1000,0,-0.0653644206737121,0.0323153777184727,1.02190197039029,0.0228618565087529,1.0818125693707,1.05862656176065,0.0236834542378687,1.02348026895514,0.982,0.00420428352992517,4.18373981246761,"05_rr_to_or",1000
1,100,0.05,0.3,0.5,"dipietrantonj","population",1000,1000,0,0.0202371013091954,0.0307820844598583,0.97341498020826,0.0217771119400938,1.04126488498317,1.06970295932819,0.0239312539477825,0.973138596110314,0.987,0.00358203852575597,4.01137284476854,"05_rr_to_or",1000
2,100,0.05,0.3,0.5,"dipietrantonj","population",1000,1000,0,0.0166667002836085,0.0272210303178226,0.860804560608166,0.0192578064402673,0.911332183762213,1.05869813598379,0.0236850554869774,0.860535464679171,0.977,0.00474035863622153,3.5015742572715,"05_rr_to_or",1000
0.25,300,0.05,0.3,0.5,"dipietrantonj","population",1000,1000,0,-0.126270656003966,0.025774622157894,0.815065118491892,0.0182345296556523,0.892794920805824,1.09536637079716,0.0245053924146109,0.824385282985142,0.97,0.00539444158370447,3.43468569765897,"05_rr_to_or",1000
0.5,300,0.05,0.3,0.5,"dipietrantonj","population",1000,1000,0,-0.0897211531948899,0.0231393028915328,0.731729006057638,0.0163701451063774,0.720737173014027,0.984978273441923,0.0220358044158267,0.736845842967451,0.966,0.00573096850453743,2.75873012448617,"05_rr_to_or",1000
0.75,300,0.05,0.3,0.5,"dipietrantonj","population",1000,1000,0,-0.0393683792659872,0.0208055953404804,0.657930693517045,0.0147191389621709,0.630812133711133,0.958782041827315,0.0214497457667623,0.658779017547142,0.978,0.00463853425124791,2.42931387013942,"05_rr_to_or",1000
1,300,0.05,0.3,0.5,"dipietrantonj","population",1000,1000,0,-0.0149564642768963,0.0184861555055264,0.584583565775247,0.0130782266649554,0.57422357278464,0.982277994803244,0.0219753941371896,0.584482594482329,0.97,0.00539444158370447,2.21857042606267,"05_rr_to_or",1000
2,300,0.05,0.3,0.5,"dipietrantonj","population",1000,1000,0,0.0494403721762758,0.0165433167616638,0.523145610204986,0.0117037448015904,0.494964178623886,0.946130807501076,0.0211667140159627,0.525216144599725,0.953,0.00669260786241059,1.91697217711598,"05_rr_to_or",1000
0.25,50,0.15,0.3,0.5,"dipietrantonj","population",1000,1000,0,-0.00831598410772614,0.0329362045785197,1.04153423949388,0.0233010670516351,1.11500257752298,1.07053857208266,0.0239499481664485,1.04104655710383,0.965,0.00581162627841812,4.34362268455594,"05_rr_to_or",1000
0.5,50,0.15,0.3,0.5,"dipietrantonj","population",1000,1000,0,-0.0940324454001042,0.033566805172505,1.06147558120237,0.0237471921261932,1.03814059524802,0.9780164646577,0.0218800557451343,1.06510364747631,0.957,0.00641490451994416,4.01328860326902,"05_rr_to_or",1000
0.75,50,0.15,0.3,0.5,"dipietrantonj","population",1000,1000,0,-0.02624187310942,0.0319815873433933,1.01134659192736,0.0226257129697372,0.964828990110819,0.954004292704548,0.0213428585916277,1.01118136008254,0.966,0.00573096850453743,3.71745996771209,"05_rr_to_or",1000
1,50,0.15,0.3,0.5,"dipietrantonj","population",1000,1000,0,-0.0545819867331405,0.0291744714219692,0.92257779224914,0.0206397890557999,0.888081335729132,0.962608620313839,0.021535353477495,0.923730386121558,0.974,0.00503229569878401,3.42188989577431,"05_rr_to_or",1000
2,50,0.15,0.3,0.5,"dipietrantonj","population",1000,1000,0,0.0364848433980169,0.0234908830048513,0.742846945438705,0.016618874184281,0.775339840446837,1.04374103603393,0.0233504372136511,0.743371311365353,0.973,0.00512552436341883,2.99161064503512,"05_rr_to_or",1000
0.25,100,0.15,0.3,0.5,"dipietrantonj","population",1000,1000,0,-0.174439255492742,0.0280891568235256,0.888257131160013,0.019871971738836,0.922376796770187,1.0384119242202,0.0232312150248945,0.904787701166645,0.962,0.00604615580348373,3.55182565869576,"05_rr_to_or",1000
0.5,100,0.15,0.3,0.5,"dipietrantonj","population",1000,1000,0,-0.0562559637054652,0.0245684541066379,0.77692273566293,0.017381213282454,0.739958727595115,0.952422542974915,0.0213074718946651,0.778569240148371,0.962,0.00604615580348373,2.83911522127141,"05_rr_to_or",1000
0.75,100,0.15,0.3,0.5,"dipietrantonj","population",1000,1000,0,-0.0428838805699296,0.0213103925772735,0.673893783765301,0.0150762631181724,0.650426399121244,0.965176434017634,0.0215928002680271,0.674920533232211,0.96,0.00619677335393187,2.51545347737681,"05_rr_to_or",1000
1,100,0.15,0.3,0.5,"dipietrantonj","population",1000,1000,0,0.00955371177470241,0.0202799302998231,0.641307705369024,0.0143472516571277,0.598634602637496,0.933459239029456,0.0208832273523365,0.641058164912819,0.96,0.00619677335393187,2.32193541857478,"05_rr_to_or",1000
2,100,0.15,0.3,0.5,"dipietrantonj","population",1000,1000,0,0.0441039685026031,0.0169180695422254,0.534996333665545,0.0119688676285644,0.52514302070165,0.981582466376199,0.0219598338666768,0.536544514459163,0.962,0.00604615580348373,2.04513636777176,"05_rr_to_or",1000
0.25,300,0.15,0.3,0.5,"dipietrantonj","population",1000,1000,0,-0.0964681960004874,0.0176806004469884,0.559109678118744,0.0125083281999386,0.539581744494608,0.965073161155354,0.0215904898611319,0.567095354745097,0.968,0.00556560868189635,2.06433645198228,"05_rr_to_or",1000
0.5,300,0.15,0.3,0.5,"dipietrantonj","population",1000,1000,0,-0.0284234915460325,0.0128716145853065,0.407036192534121,0.00910616017701789,0.400324078396174,0.983509785466107,0.0220029515959275,0.40782432301459,0.96,0.00619677335393187,1.55770047480483,"05_rr_to_or",1000
0.75,300,0.15,0.3,0.5,"dipietrantonj","population",1000,1000,0,-0.0134995392482202,0.0115787909765512,0.36615352036907,0.0081915384111211,0.353248060309638,0.964753964275902,0.0215833488305169,0.366219291733926,0.947,0.00708456067798138,1.38079144482729,"05_rr_to_or",1000
1,300,0.15,0.3,0.5,"dipietrantonj","population",1000,1000,0,0.0093347892427583,0.0102736676039793,0.324881895520592,0.00726821504693518,0.328321506511871,1.01058726583015,0.0226087254261363,0.324853560979748,0.956,0.00648567652600714,1.28467795900028,"05_rr_to_or",1000
2,300,0.15,0.3,0.5,"dipietrantonj","population",1000,1000,0,0.0134417226177644,0.00941670132767935,0.297782242409983,0.00666194517095569,0.294037038198139,0.98742301024556,0.0220904977461322,0.297936687129592,0.944,0.00727076337120113,1.15076501867214,"05_rr_to_or",1000
0.25,50,0.3,0.3,0.5,"dipietrantonj","population",1000,997,0.003,-0.234476613324169,0.0328966927629833,1.03872316694964,0.0232731490487542,0.94979762610866,0.914389566276717,0.0204873881142727,1.06435093242742,0.904714142427282,0.00929870208689645,3.66545787990513,"05_rr_to_or",1000
0.5,50,0.3,0.3,0.5,"dipietrantonj","population",1000,1000,0,-0.128764287521425,0.0263657682115775,0.833758798086491,0.0186527421974572,0.78783245917151,0.944916516598825,0.0211395480595682,0.843231179092747,0.965,0.00581162627841812,3.03928108842358,"05_rr_to_or",1000
0.75,50,0.3,0.3,0.5,"dipietrantonj","population",1000,1000,0,-0.0772996816361625,0.0226329193536835,0.715715752565459,0.016011898704879,0.690188792272107,0.964333661510382,0.0215739458723135,0.719522084590127,0.969,0.00548078461536303,2.68116612892191,"05_rr_to_or",1000
1,50,0.3,0.3,0.5,"dipietrantonj","population",1000,1000,0,-0.0044545833150928,0.0215457669030849,0.681336973488205,0.0152427811799269,0.647251363027409,0.949972463278647,0.0212526590338682,0.68101078896236,0.94,0.00750999334220744,2.5252878110589,"05_rr_to_or",1000
2,50,0.3,0.3,0.5,"dipietrantonj","population",1000,1000,0,0.0420112708538608,0.0203802491659202,0.644480066460545,0.0144182233023244,0.619685754747551,0.961528194581465,0.0215111823350786,0.645526256931258,0.956,0.00648567652600714,2.42163195118919,"05_rr_to_or",1000
0.25,100,0.3,0.3,0.5,"dipietrantonj","population",1000,1000,0,-0.131017573057567,0.0237336287347354,0.750523239425842,0.0167906072239833,0.686885399271678,0.915208701328359,0.0204749287227031,0.761503415773847,0.955,0.00655553201502365,2.62832044970432,"05_rr_to_or",1000
0.5,100,0.3,0.3,0.5,"dipietrantonj","population",1000,1000,0,-0.0286043637055992,0.0177570616971422,0.561527595151044,0.0125624215218464,0.525385711801915,0.935636496476353,0.0209319366696446,0.56197520986161,0.947,0.00708456067798138,2.04371639851012,"05_rr_to_or",1000
0.75,100,0.3,0.3,0.5,"dipietrantonj","population",1000,1000,0,0.0017479360995952,0.015122175323853,0.478205171997698,0.010698343227364,0.469958287859555,0.982754506598724,0.0219860545964202,0.477969205722953,0.959,0.00627048642451286,1.83751827725152,"05_rr_to_or",1000
1,100,0.3,0.3,0.5,"dipietrantonj","population",1000,1000,0,0.00299901150178429,0.013973476264242,0.441880118253056,0.00988568390147426,0.444712244296293,1.00640926334145,0.0225152557038368,0.441669304953848,0.954,0.00662449998113065,1.74104778221385,"05_rr_to_or",1000
2,100,0.3,0.3,0.5,"dipietrantonj","population",1000,1000,0,0.0173839874053595,0.0138696214300496,0.438595940032385,0.00981221069816741,0.42939716475648,0.979026766013325,0.0219026580742149,0.438721136067534,0.955,0.00655553201502365,1.68161280519156,"05_rr_to_or",1000
0.25,300,0.3,0.3,0.5,"dipietrantonj","population",1000,1000,0,-0.0481353123608505,0.0116174885131666,0.367377243924495,0.00821891539359216,0.370199771063867,1.00768291228172,0.0225437496104526,0.370335093679064,0.961,0.00612200947402077,1.44211826722038,"05_rr_to_or",1000
0.5,300,0.3,0.3,0.5,"dipietrantonj","population",1000,1000,0,-0.03418518164489,0.00966109807765063,0.305510746236503,0.00683484624231947,0.29414480936918,0.96279693265348,0.0215395663763957,0.307265529947654,0.95,0.00689202437604511,1.15111786835593,"05_rr_to_or",1000
0.75,300,0.3,0.3,0.5,"dipietrantonj","population",1000,1000,0,-0.00256396372387809,0.00823899850230552,0.260540009060015,0.00582876682353819,0.266721739984017,1.02372660900068,0.0229026770838176,0.260422328410313,0.962,0.00604615580348373,1.04483357951138,"05_rr_to_or",1000
1,300,0.3,0.3,0.5,"dipietrantonj","population",1000,1000,0,0.0116343790057597,0.00797818213859911,0.252292271456463,0.00564424952239019,0.253536271078532,1.00493078767291,0.0224821794405891,0.252434343189026,0.956,0.00648567652600714,0.993473054825097,"05_rr_to_or",1000
2,300,0.3,0.3,0.5,"dipietrantonj","population",1000,1000,0,0.0100738342779448,0.00802933256142365,0.253909789850526,0.00568043643121002,0.245255386872722,0.96591544192566,0.0216093332557712,0.25398266345878,0.947,0.00708456067798138,0.961121699393578,"05_rr_to_or",1000
0.25,50,0.5,0.3,0.5,"dipietrantonj","population",1000,981,0.019,-0.175782365158169,0.0268408515544967,0.84068015156734,0.0189890290189169,0.812057424820529,0.965952893388231,0.0218186518252615,0.858441684581845,0.961264016309888,0.00616089963062089,3.1195632478946,"05_rr_to_or",1000
0.5,50,0.5,0.3,0.5,"dipietrantonj","population",1000,1000,0,-0.0370489330291382,0.0213346547042888,0.674661019587788,0.015093427617107,0.638001773973922,0.945662718684616,0.0211562419945112,0.675340615762505,0.956,0.00648567652600714,2.48592222300569,"05_rr_to_or",1000
0.75,50,0.5,0.3,0.5,"dipietrantonj","population",1000,1000,0,0.00888425893603676,0.0190911433247714,0.603714960429974,0.0135062317105291,0.589957882910183,0.9772126277772,0.0218620724121425,0.603478426913805,0.95,0.00689202437604511,2.3106399319354,"05_rr_to_or",1000
1,50,0.5,0.3,0.5,"dipietrantonj","population",1000,1000,0,0.00335715406998494,0.0178809299857471,0.565444654369628,0.0126500534556192,0.578041883753861,1.02227844809723,0.0228702790185085,0.565171832261201,0.963,0.00596917079668525,2.26529724965309,"05_rr_to_or",1000
0.25,100,0.5,0.3,0.5,"dipietrantonj","population",1000,1000,0,-0.0919361389398683,0.0173291208394945,0.547994917010918,0.0122596702259461,0.541673425820754,0.988464325135267,0.0221137939059193,0.555383096865491,0.974,0.00503229569878401,2.10279420140299,"05_rr_to_or",1000
0.5,100,0.5,0.3,0.5,"dipietrantonj","population",1000,1000,0,-0.0302424187403089,0.0142798813972791,0.451569499324698,0.0101024534607245,0.440715126179786,0.975963006444978,0.0218341160480144,0.452355724622671,0.95,0.00689202437604511,1.72472624212403,"05_rr_to_or",1000
0.75,100,0.5,0.3,0.5,"dipietrantonj","population",1000,1000,0,-0.0188592209335015,0.0126482308227508,0.399972177714381,0.00894812496633822,0.411367747048432,1.02849090504037,0.0230092632883466,0.400216735553197,0.956,0.00648567652600714,1.61209280117415,"05_rr_to_or",1000
1,100,0.5,0.3,0.5,"dipietrantonj","population",1000,1000,0,-0.0184071567549752,0.0127454712913871,0.403047191330709,0.00901691876662035,0.404240543294683,1.00296082441372,0.0224381076815907,0.403265935606934,0.944,0.00727076337120113,1.58449138680061,"05_rr_to_or",1000
0.25,300,0.5,0.3,0.5,"dipietrantonj","population",1000,1000,0,-0.038624890249684,0.00956210478225914,0.302380303371273,0.00676481238616945,0.301550201732719,0.997254776090576,0.0223104527188099,0.304687210374568,0.955,0.00655553201502365,1.17910443088736,"05_rr_to_or",1000
0.5,300,0.5,0.3,0.5,"dipietrantonj","population",1000,1000,0,-0.0185063204393228,0.00781146431347292,0.247020190916979,0.00552630322980183,0.250958084098869,1.01594158423759,0.022728511533493,0.247589255910153,0.952,0.00675988165576884,0.983372355554294,"05_rr_to_or",1000
0.75,300,0.5,0.3,0.5,"dipietrantonj","population",1000,1000,0,-0.00168706266500823,0.00742314507784465,0.23474045847857,0.00525158267038695,0.235709328961524,1.00412741156439,0.0224642064159275,0.23462912424573,0.954,0.00662449998113065,0.923902206675143,"05_rr_to_or",1000
1,300,0.5,0.3,0.5,"dipietrantonj","population",1000,1000,0,0.00176538277792723,0.00743843484824413,0.235223963472204,0.00526239958052707,0.231702455336927,0.98502912678073,0.0220369421000357,0.235112949994112,0.96,0.00619677335393187,0.908252066466474,"05_rr_to_or",1000
0.25,50,0.01,0.5,0.5,"dipietrantonj","population",1000,1000,0,1.12537251225699,0.0181309988717505,0.573352526886747,0.0128269673397434,1.3790026867834,2.40515672664993,0.0538078500276615,1.2628807062866,1,0,5.38781470500326,"05_rr_to_or",1000
0.5,50,0.01,0.5,0.5,"dipietrantonj","population",1000,1000,0,0.514130376642113,0.0186938762174135,0.591152271442797,0.0132251808844119,1.37658088085771,2.32864009385933,0.0520960299802614,0.783225121666886,1,0,5.37899125518022,"05_rr_to_or",1000
0.75,50,0.01,0.5,0.5,"dipietrantonj","population",1000,1000,0,0.136565465206673,0.0200781711708342,0.634927521505658,0.0142045150226852,1.36732539670617,2.15351414199799,0.0481781352130329,0.649137851996683,1,0,5.34163181589883,"05_rr_to_or",1000
1,50,0.01,0.5,0.5,"dipietrantonj","population",1000,1000,0,-0.0706342787884875,0.0190697622994429,0.603038833042495,0.0134911054775223,1.3693935648582,2.27082152893743,0.0508025206485575,0.60686191152771,0.999,0.000999499874937461,5.35057895995767,"05_rr_to_or",1000
2,50,0.01,0.5,0.5,"dipietrantonj","population",1000,1000,0,-0.622914909888188,0.0215787671658074,0.682380533424077,0.0152661275655915,1.34650061695437,1.973240077934,0.0441450675565465,0.923688548248131,0.985,0.00384382621875652,5.25974728980406,"05_rr_to_or",1000
0.25,100,0.01,0.5,0.5,"dipietrantonj","population",1000,1000,0,1.03569823261309,0.0211343835776598,0.668327890490631,0.0149517436857067,1.33357576168345,1.99539145479093,0.0446406352468419,1.2324310674745,0.996,0.00199599599197994,5.20396475117767,"05_rr_to_or",1000
0.5,100,0.01,0.5,0.5,"dipietrantonj","population",1000,1000,0,0.407666676582144,0.0236481104850329,0.747818914920133,0.0167301064317409,1.31579004800796,1.75950356664687,0.0393633824308573,0.851390636299427,1,0,5.13423010691746,"05_rr_to_or",1000
0.75,100,0.01,0.5,0.5,"dipietrantonj","population",1000,1000,0,0.0684646009211102,0.0234234559983183,0.74071471627419,0.0165711722337854,1.31689291507705,1.77786789723991,0.0397742268201064,0.743503217339061,1,0,5.13888552617298,"05_rr_to_or",1000
1,100,0.01,0.5,0.5,"dipietrantonj","population",1000,1000,0,-0.131528762002044,0.024976463617089,0.789825129263288,0.0176698639355085,1.30123597721314,1.64749883107273,0.0368576272144164,0.800312268002149,1,0,5.07756188862283,"05_rr_to_or",1000
2,100,0.01,0.5,0.5,"dipietrantonj","population",1000,1000,0,-0.493586908599653,0.0259394835853711,0.820278494583234,0.0183511626200461,1.27554712108534,1.55501714296852,0.0347886390488312,0.956980662400251,0.962,0.00604615580348373,4.97694124377152,"05_rr_to_or",1000
0.25,300,0.01,0.5,0.5,"dipietrantonj","population",1000,1000,0,0.482735382642402,0.0278789268073849,0.881609074324627,0.0197232422854868,1.20594544631434,1.36789137207801,0.0306022859081725,1.00473418127707,0.987,0.00358203852575597,4.69874987779673,"05_rr_to_or",1000
0.5,300,0.01,0.5,0.5,"dipietrantonj","population",1000,1000,0,0.0814186588874298,0.0294931845270229,0.932656385570282,0.0208652660203173,1.20416375985837,1.29111190197028,0.028884585698875,0.935738790275633,0.999,0.000999499874937461,4.68733661331305,"05_rr_to_or",1000
0.75,300,0.01,0.5,0.5,"dipietrantonj","population",1000,1000,0,0.00145922384164827,0.0304580243389135,0.96316729939811,0.021547852172506,1.19377958920721,1.23943118703595,0.0277283915400095,0.962686701226021,0.994,0.00244213021765835,4.64326637803564,"05_rr_to_or",1000
1,300,0.01,0.5,0.5,"dipietrantonj","population",1000,1000,0,-0.117906011190975,0.0296237683794216,0.936785809562473,0.0209576489508809,1.17379180241486,1.25299912790425,0.0280319317290277,0.943711774229604,0.986,0.00371537346709587,4.55580330047366,"05_rr_to_or",1000
2,300,0.01,0.5,0.5,"dipietrantonj","population",1000,1000,0,-0.0364201968895097,0.0274635972077597,0.868475199179611,0.0194294129577534,1.07109503707864,1.23330526662181,0.0275913432540192,0.868804554062618,0.976,0.00483983470792134,4.14250219518752,"05_rr_to_or",1000
0.25,50,0.05,0.5,0.5,"dipietrantonj","population",1000,1000,0,0.569054660046365,0.0300085311307898,0.94895307609364,0.0212298534378074,1.25485976473436,1.32236229203238,0.0295837153161409,1.10608979509235,0.99,0.00314642654451046,4.89354654444976,"05_rr_to_or",1000
0.5,50,0.05,0.5,0.5,"dipietrantonj","population",1000,1000,0,0.114552603126972,0.0311929131331685,0.986406523565916,0.022067757039796,1.25215951529694,1.26941528201812,0.028399191770256,0.992545782715754,0.999,0.000999499874937461,4.88200400893016,"05_rr_to_or",1000
0.75,50,0.05,0.5,0.5,"dipietrantonj","population",1000,1000,0,-0.0115431583793231,0.0328368156259832,1.03839128485115,0.0232307532836439,1.24497418533145,1.19894514090603,0.0268226430396171,1.03793614856586,0.985,0.00384382621875652,4.85243534544255,"05_rr_to_or",1000
1,50,0.05,0.5,0.5,"dipietrantonj","population",1000,1000,0,-0.0634026625736683,0.0323719262211776,1.02369019105849,0.0229018623464036,1.24019498522973,1.21149445023731,0.0271033945378318,1.02514075291324,0.965,0.00581162627841812,4.83137553237415,"05_rr_to_or",1000
2,50,0.05,0.5,0.5,"dipietrantonj","population",1000,1000,0,-0.194072602092059,0.0291399633541576,0.921486551329777,0.0206153759574423,1.1599341889823,1.258764099496,0.0281609049154257,0.941250498910969,0.971,0.00530650544143696,4.50317499298313,"05_rr_to_or",1000
0.25,100,0.05,0.5,0.5,"dipietrantonj","population",1000,1000,0,0.276739615756226,0.0302406337884829,0.956292806586525,0.021394056923272,1.16708304428759,1.22042436819479,0.0273031734881562,0.995070977833294,0.976,0.00483983470792134,4.5456712441425,"05_rr_to_or",1000
0.5,100,0.05,0.5,0.5,"dipietrantonj","population",1000,1000,0,-0.0081793976711153,0.0324757572587321,1.02697361676339,0.0229753187145266,1.13105010234217,1.10134290100536,0.0246390985625576,1.02649258997073,0.979,0.00453420334788814,4.3904464164485,"05_rr_to_or",1000
0.75,100,0.05,0.5,0.5,"dipietrantonj","population",1000,1000,0,-0.00028523375394035,0.0311935933954573,0.986428035348305,0.022068238298563,1.08849355499893,1.10346980823044,0.024686681451324,0.98593473922491,0.979,0.00453420334788814,4.20678732251536,"05_rr_to_or",1000
1,100,0.05,0.5,0.5,"dipietrantonj","population",1000,1000,0,-0.0549243589123292,0.0317226028690352,1.00315678375143,0.0224424916581267,1.03708452706003,1.03382097779544,0.0231285069751564,1.00415830149218,0.976,0.00483983470792134,4.00031988142109,"05_rr_to_or",1000
2,100,0.05,0.5,0.5,"dipietrantonj","population",1000,1000,0,0.0623195149759858,0.0265346443483844,0.839099130434091,0.0187722154105221,0.915994026686534,1.09163982354822,0.0244220225895719,0.840991667789518,0.977,0.00474035863622153,3.51997460161176,"05_rr_to_or",1000
0.25,300,0.05,0.5,0.5,"dipietrantonj","population",1000,1000,0,-0.109838439637434,0.0267013190220864,0.84436984640573,0.018890131175178,0.903327667890112,1.06982464110407,0.0239339761964723,0.851065191335953,0.962,0.00604615580348373,3.47048367830402,"05_rr_to_or",1000
0.5,300,0.05,0.5,0.5,"dipietrantonj","population",1000,1000,0,-0.0706417920329742,0.0246022167653613,0.777990404677219,0.0174050990332508,0.730468484095833,0.938917086514579,0.0210053295986057,0.780803473021018,0.948,0.00702111102319284,2.79480242341215,"05_rr_to_or",1000
0.75,300,0.05,0.5,0.5,"dipietrantonj","population",1000,1000,0,-0.0289924054010042,0.019693163640785,0.622752514392946,0.0139321373644861,0.622305789176684,0.999282660116278,0.0223558202735806,0.623115906601243,0.978,0.00463853425124791,2.39913635217341,"05_rr_to_or",1000
1,300,0.05,0.5,0.5,"dipietrantonj","population",1000,1000,0,0.00952194610477544,0.0180829269739916,0.571832360003098,0.0127929583661135,0.566696249557843,0.991018153563001,0.0221709278196943,0.571625684479265,0.962,0.00604615580348373,2.19510720599797,"05_rr_to_or",1000
2,300,0.05,0.5,0.5,"dipietrantonj","population",1000,1000,0,0.034072999431093,0.0160688777500612,0.508142531329952,0.011368097893796,0.492378713249853,0.96897756611941,0.0216778386955863,0.509030050787275,0.961,0.00612200947402077,1.90791468950806,"05_rr_to_or",1000
0.25,50,0.15,0.5,0.5,"dipietrantonj","population",1000,1000,0,-0.0471875565171682,0.0321835436753335,1.01773301189561,0.0227685891174981,1.11248342532451,1.09309947925578,0.0244546778151272,1.01831791131682,0.965,0.00581162627841812,4.33101009766474,"05_rr_to_or",1000
0.5,50,0.15,0.5,0.5,"dipietrantonj","population",1000,1000,0,-0.0956021149868298,0.0341725493801025,1.08063089495699,0.0241757322867245,1.03486800645067,0.957651693358126,0.0214244577594423,1.08431320770079,0.951,0.00682634602111555,4.00307305628175,"05_rr_to_or",1000
0.75,50,0.15,0.5,0.5,"dipietrantonj","population",1000,1000,0,-0.0807792053070516,0.0312716661500556,0.988896912625645,0.0221234716963719,0.953831074871212,0.964540451783463,0.0215785721571114,0.991697769840575,0.958,0.00634318531969546,3.67575875605098,"05_rr_to_or",1000
1,50,0.15,0.5,0.5,"dipietrantonj","population",1000,1000,0,0.0568200831433004,0.0290579535086252,0.91889317230537,0.0205573572229191,0.880646875257878,0.958377863499043,0.0214407035423487,0.920189556176187,0.958,0.00634318531969546,3.39860619543077,"05_rr_to_or",1000
2,50,0.15,0.5,0.5,"dipietrantonj","population",1000,1000,0,0.0407379442668452,0.0255026202002828,0.806463661351132,0.0180420989875295,0.777750093049117,0.964395707236319,0.0215753339511356,0.807089111279469,0.964,0.00589101010014412,3.00096521156823,"05_rr_to_or",1000
0.25,100,0.15,0.5,0.5,"dipietrantonj","population",1000,1000,0,-0.18780398707506,0.0284794460778667,0.900599161060078,0.0201480860088714,0.921619227865716,1.02334009147965,0.0228940299646613,0.919531460916103,0.966,0.00573096850453743,3.55031904438549,"05_rr_to_or",1000
0.5,100,0.15,0.5,0.5,"dipietrantonj","population",1000,1000,0,-0.0844799550942603,0.0254610324859433,0.8051485423512,0.0180126773181918,0.747400904616257,0.928277038711009,0.0207672918482346,0.809167951594562,0.959,0.00627048642451286,2.87094619291824,"05_rr_to_or",1000
0.75,100,0.15,0.5,0.5,"dipietrantonj","population",1000,1000,0,-0.049552619947369,0.0222055855534232,0.702202271265479,0.0157095768781622,0.651813577630451,0.928241910205987,0.0207665059579394,0.703598183542479,0.959,0.00627048642451286,2.5151172234451,"05_rr_to_or",1000
1,100,0.15,0.5,0.5,"dipietrantonj","population",1000,1000,0,0.0131284258568149,0.0197058985833627,0.623155228637115,0.0139411468346027,0.591123950583667,0.948598235910653,0.0212219149998925,0.622981919564505,0.952,0.00675988165576884,2.29714723666667,"05_rr_to_or",1000
2,100,0.15,0.5,0.5,"dipietrantonj","population",1000,1000,0,0.0392233279294552,0.017232483952498,0.544938990321945,0.012191303435893,0.527173099299768,0.967398385254685,0.0216425094689317,0.546076930591093,0.962,0.00604615580348373,2.05117368808297,"05_rr_to_or",1000
0.25,300,0.15,0.5,0.5,"dipietrantonj","population",1000,1000,0,-0.089810476310952,0.0183014954643673,0.578744102546418,0.0129475869614478,0.540138810780563,0.933294712471375,0.0208795465858132,0.585385098162933,0.96,0.00619677335393187,2.06313875359553,"05_rr_to_or",1000
0.5,300,0.15,0.5,0.5,"dipietrantonj","population",1000,1000,0,-0.0155170899932219,0.0128330257588254,0.405815906694989,0.00907886010268371,0.399386868877564,0.984157748103608,0.0220174477308512,0.405909649624651,0.954,0.00662449998113065,1.55731094340208,"05_rr_to_or",1000
0.75,300,0.15,0.5,0.5,"dipietrantonj","population",1000,1000,0,-0.0109461215039038,0.0109588637517005,0.346549700228317,0.00775296432469466,0.351401895176092,1.0140014403261,0.0226851068890202,0.346549297517086,0.953,0.00669260786241059,1.37405746999321,"05_rr_to_or",1000
1,300,0.15,0.5,0.5,"dipietrantonj","population",1000,1000,0,-0.0139636756990045,0.0102924648163551,0.325476315568287,0.00728151333408021,0.329294502500992,1.0117310745823,0.0226343145651368,0.32561308542953,0.952,0.00675988165576884,1.28832453786307,"05_rr_to_or",1000
2,300,0.15,0.5,0.5,"dipietrantonj","population",1000,1000,0,0.00512704639118982,0.00932065168568926,0.294744886038659,0.00659399383360711,0.293346994791981,0.99525728413658,0.022265765091471,0.294642087799407,0.954,0.00662449998113065,1.14810691138179,"05_rr_to_or",1000
0.25,50,0.3,0.5,0.5,"dipietrantonj","population",1000,999,0.001,-0.278215793138185,0.0329963538053411,1.04291447639909,0.0233436319549271,0.963788633829458,0.924130075514114,0.0206848719137208,1.07888176982923,0.905905905905906,0.00923719228293846,3.71978178719362,"05_rr_to_or",1000
0.5,50,0.3,0.5,0.5,"dipietrantonj","population",1000,1000,0,-0.117505121358069,0.0277176038001652,0.876507592906605,0.0196091126140112,0.787556919827373,0.898516939500477,0.0201015028219373,0.883914446316996,0.952,0.00675988165576884,3.03850504179926,"05_rr_to_or",1000
0.75,50,0.3,0.5,0.5,"dipietrantonj","population",1000,1000,0,-0.10522301248289,0.0230467594003557,0.728802523910205,0.0163046742325866,0.691560699943121,0.948899979424779,0.0212286655661135,0.735998538106565,0.974,0.00503229569878401,2.6883620488278,"05_rr_to_or",1000
1,50,0.3,0.5,0.5,"dipietrantonj","population",1000,1000,0,-0.0303179779234713,0.0203534930168466,0.643633962735672,0.0143992943810481,0.646331224495484,1.00419067655838,0.0224656217720541,0.644026081066757,0.97,0.00539444158370447,2.52042885597841,"05_rr_to_or",1000
2,50,0.3,0.5,0.5,"dipietrantonj","population",1000,1000,0,0.0771887166129527,0.0206702061060294,0.653649310001729,0.0146233564131377,0.621902955554177,0.951432130407255,0.0212853145149336,0.657866446186174,0.959,0.00627048642451286,2.42969867251244,"05_rr_to_or",1000
0.25,100,0.3,0.5,0.5,"dipietrantonj","population",1000,1000,0,-0.127657304923762,0.0240106100566534,0.759282157891692,0.016986560596166,0.691900120588133,0.911255602935989,0.0203864905252732,0.769564339998788,0.953,0.00669260786241059,2.64050245022857,"05_rr_to_or",1000
0.5,100,0.3,0.5,0.5,"dipietrantonj","population",1000,1000,0,-0.0277416200611283,0.0171215970691659,0.541432439182276,0.0121128553348828,0.523875151812392,0.967572524105869,0.0216464052804124,0.541872249332152,0.952,0.00675988165576884,2.0376625519832,"05_rr_to_or",1000
0.75,100,0.3,0.5,0.5,"dipietrantonj","population",1000,1000,0,-0.0259022451254497,0.0148627157976441,0.470000341363215,0.010514785835286,0.46965383420031,0.999262751252691,0.0223553748751023,0.470478848475886,0.944,0.00727076337120113,1.83610743499307,"05_rr_to_or",1000
1,100,0.3,0.5,0.5,"dipietrantonj","population",1000,1000,0,-0.00678279262093428,0.0145176354282415,0.45908794193197,0.0102706550701129,0.445062822487254,0.969450037424868,0.0216884087615054,0.458908469048724,0.949,0.00695693898205238,1.74249777169401,"05_rr_to_or",1000
2,100,0.3,0.5,0.5,"dipietrantonj","population",1000,1000,0,0.0510601015820801,0.013447347124804,0.425242454012973,0.00951346826482927,0.430003127260237,1.01119519747461,0.0226223259929476,0.42808579458311,0.953,0.00669260786241059,1.68410690789945,"05_rr_to_or",1000
0.25,300,0.3,0.5,0.5,"dipietrantonj","population",1000,1000,0,-0.0415143088745284,0.012076827113685,0.381902805873218,0.0085438793555012,0.370724909293111,0.970731043584378,0.0217170672628628,0.383962682069537,0.962,0.00604615580348373,1.44228050625335,"05_rr_to_or",1000
0.5,300,0.3,0.5,0.5,"dipietrantonj","population",1000,1000,0,-0.0281318180530473,0.00989856356142435,0.31302006418049,0.00700284371594061,0.294190125377863,0.939844307258945,0.0210260732591757,0.31412573629989,0.931,0.00801492358042171,1.15135550828521,"05_rr_to_or",1000
0.75,300,0.3,0.5,0.5,"dipietrantonj","population",1000,1000,0,-0.00650738969889022,0.00851560040012193,0.269286929082265,0.00602445176811839,0.26733594795796,0.992755009940682,0.0222097845421916,0.269230906184776,0.951,0.00682634602111555,1.04724221991738,"05_rr_to_or",1000
1,300,0.3,0.5,0.5,"dipietrantonj","population",1000,1000,0,-0.00279799684375002,0.0078629976083458,0.248649816788293,0.00556276100551069,0.253230307981187,1.01842145412395,0.0227839908565053,0.248541210755481,0.955,0.00655553201502365,0.992305622861533,"05_rr_to_or",1000
2,300,0.3,0.5,0.5,"dipietrantonj","population",1000,1000,0,0.0063331451051245,0.00775498256521553,0.245234081209763,0.00548634461829268,0.245149073837504,0.999653362322889,0.0223641135746022,0.245193237180662,0.952,0.00675988165576884,0.960745487999159,"05_rr_to_or",1000
0.25,50,0.5,0.5,0.5,"dipietrantonj","population",1000,987,0.013,-0.17319334901122,0.0283039574922335,0.889212869675069,0.0200240667519841,0.804200873339323,0.904396349586337,0.02036598152362,0.905480176330642,0.956433637284701,0.00649747318628888,3.08799971081106,"05_rr_to_or",1000
0.5,50,0.5,0.5,0.5,"dipietrantonj","population",1000,999,0.001,-0.0621581757903239,0.0206656610743051,0.653178748958055,0.0146201483069852,0.64131482513487,0.981836635312906,0.0219765221149713,0.655804122707652,0.963963963963964,0.00589679678768064,2.49852005749692,"05_rr_to_or",1000
0.75,50,0.5,0.5,0.5,"dipietrantonj","population",1000,1000,0,-0.0414228813353227,0.0185690880014645,0.587206121567319,0.0131368981382883,0.591083337666614,1.006602819618,0.0225195859194044,0.58837239336584,0.954,0.00662449998113065,2.31394776855751,"05_rr_to_or",1000
1,50,0.5,0.5,0.5,"dipietrantonj","population",1000,1000,0,0.011641015416396,0.0192471784182342,0.60864922333257,0.0136166203913656,0.578578624916668,0.950594534153424,0.0212665759216808,0.608456191049283,0.947,0.00708456067798138,2.26726305396981,"05_rr_to_or",1000
0.25,100,0.5,0.5,0.5,"dipietrantonj","population",1000,999,0.001,-0.0703870250250111,0.0184921553062625,0.58448083635228,0.0130824778419266,0.546810865452737,0.935549690329216,0.0209404779977702,0.588413308438092,0.958958958958959,0.00627662887714177,2.11375313566297,"05_rr_to_or",1000
0.5,100,0.5,0.5,0.5,"dipietrantonj","population",1000,1000,0,-0.0339245640391775,0.0135979741010558,0.43000569723317,0.00962003091581901,0.440442004780683,1.02427016110406,0.0229148373600012,0.431127441481727,0.96,0.00619677335393187,1.72342850000462,"05_rr_to_or",1000
0.75,100,0.5,0.5,0.5,"dipietrantonj","population",1000,1000,0,-0.00413589364211149,0.0128230606360048,0.405500781842224,0.00907181017091433,0.411776967995883,1.01547761788558,0.0227181317392741,0.405319082707438,0.96,0.00619677335393187,1.61367296851651,"05_rr_to_or",1000
1,100,0.5,0.5,0.5,"dipietrantonj","population",1000,1000,0,0.00427346183418061,0.0120466767133025,0.380949366497473,0.00852254913515751,0.403895110322265,1.06023305416087,0.0237193944746043,0.380782825099871,0.958,0.00634318531969546,1.58315307395114,"05_rr_to_or",1000
0.25,300,0.5,0.5,0.5,"dipietrantonj","population",1000,1000,0,-0.0221634696394298,0.00981422462266544,0.310353032761294,0.00694317723972596,0.300897680454908,0.96953355917853,0.0216902772991958,0.310988593561961,0.954,0.00662449998113065,1.17629705854925,"05_rr_to_or",1000
0.5,300,0.5,0.5,0.5,"dipietrantonj","population",1000,1000,0,-0.00169857299957079,0.00806370248305165,0.254996662203985,0.00570475179658566,0.250655777316739,0.98297669918607,0.0219910254597675,0.254874791981618,0.947,0.00708456067798138,0.982139101435709,"05_rr_to_or",1000
0.75,300,0.5,0.5,0.5,"dipietrantonj","population",1000,1000,0,-0.00552030819771088,0.00768277995394122,0.242950834163378,0.00543526411560164,0.235671056091604,0.970036002976315,0.0217015179057721,0.242892067625639,0.946,0.00714730718522718,0.923747115668931,"05_rr_to_or",1000
1,300,0.5,0.5,0.5,"dipietrantonj","population",1000,1000,0,-0.0142850888999135,0.00728204499775737,0.23027848216749,0.00515175992307353,0.231719988607741,1.00625983994111,0.0225119128231724,0.230606190148687,0.945,0.00720936890441875,0.908320605804667,"05_rr_to_or",1000
0.25,50,0.01,0.01,0.5,"grant","population",1000,1000,0,1.20826663768495,0.0181499606781555,0.573952151854656,0.012840382070679,2.03502517049994,3.54563557941897,0.0793224929569775,1.33753501609807,0.998,0.00141279864099595,7.92830040218172,"05_rr_to_or",1000
0.5,50,0.01,0.01,0.5,"grant","population",1000,1000,0,0.567914905326191,0.0201753332872896,0.638000057408475,0.0142732533918864,2.02203779365189,3.16933794938092,0.0709040118582202,0.853911218377895,1,0,7.87079309592186,"05_rr_to_or",1000
0.75,50,0.01,0.01,0.5,"grant","population",1000,1000,0,0.206250269921717,0.0207678343361871,0.656736585714024,0.0146924245394184,2.01568202506979,3.06923973616953,0.0686646277944557,0.688048554910974,1,0,7.83615849698146,"05_rr_to_or",1000
1,50,0.01,0.01,0.5,"grant","population",1000,1000,0,0.000319153936527589,0.0207519754704324,0.656235084345105,0.0146812050167368,2.02169371105632,3.08074615223276,0.0689220478216107,0.655906962380136,1,0,7.85750400655876,"05_rr_to_or",1000
2,50,0.01,0.01,0.5,"grant","population",1000,1000,0,-0.462949119104741,0.0254297798727008,0.804160247944412,0.0179905673256768,2.0165671325786,2.50766826354987,0.0561012246516511,0.927549954207049,1,0,7.79786383830438,"05_rr_to_or",1000
0.25,100,0.01,0.01,0.5,"grant","population",1000,1000,0,1.06592262064553,0.0221479409432996,0.70037938863725,0.0156687955876996,1.94574614208087,2.77813164357502,0.0621519958255688,1.27523793463953,1,0,7.54539092024435,"05_rr_to_or",1000
0.5,100,0.01,0.01,0.5,"grant","population",1000,1000,0,0.437097787056233,0.0244561389489514,0.773371018522427,0.0173017547336121,1.92772466268756,2.49262594087195,0.0557646997866588,0.888008505031107,1,0,7.46860825548254,"05_rr_to_or",1000
0.75,100,0.01,0.01,0.5,"grant","population",1000,1000,0,0.187457662544269,0.0268839721448462,0.850145845302361,0.0190193510629908,1.90545688200797,2.24132940546252,0.0501427267401806,0.870152621999809,1,0,7.37473594284253,"05_rr_to_or",1000
1,100,0.01,0.01,0.5,"grant","population",1000,1000,0,0.0153550657532815,0.0272641145872095,0.862167004834033,0.0192882868633367,1.8843793774489,2.18563151556889,0.0488966608713556,0.861872606783944,1,0,7.28135056310775,"05_rr_to_or",1000
2,100,0.01,0.01,0.5,"grant","population",1000,1000,0,-0.350662498134451,0.0304754735511489,0.963719091938505,0.021560196802663,1.78672785583346,1.85399238302884,0.0414772738063494,1.0250804462463,1,0,6.86113310702193,"05_rr_to_or",1000
0.25,300,0.01,0.01,0.5,"grant","population",1000,1000,0,0.618125210891075,0.0305743538173666,0.966845960507422,0.0216301506951259,1.64834988162319,1.70487331897016,0.0381412017133219,1.14714214314413,0.995939086294416,0.00202632990370253,6.34504421912966,"05_rr_to_or",1000
0.5,300,0.01,0.01,0.5,"grant","population",1000,1000,0,0.15818225512575,0.0314242063447674,0.993720657125792,0.0222313878740412,1.56360176344619,1.57348219767183,0.0352017368246307,1.00574096540351,0.997933884297521,0.0014594543827874,5.97618469769021,"05_rr_to_or",1000
0.75,300,0.01,0.01,0.5,"grant","population",1000,1000,0,0.0823289077533593,0.0346227126426613,1.09486630724317,0.0244942050585357,1.47430736807235,1.34656383004844,0.0301251489423066,1.0974112937078,1,0,5.61251894109594,"05_rr_to_or",1000
1,300,0.01,0.01,0.5,"grant","population",1000,1000,0,-0.0328350862763245,0.0341691822249794,1.08052441616275,0.0241733501571409,1.38744821698246,1.28405077777852,0.0287266151569444,1.08048305113995,1,0,5.26091152009205,"05_rr_to_or",1000
2,300,0.01,0.01,0.5,"grant","population",1000,1000,0,0.0808181520930864,0.0315662999434259,0.998214051252701,0.0223319134965991,1.19462252877123,1.19675988058077,0.0267737546829665,1.00098273438354,0.995098039215686,0.00244496570728155,4.52396665827417,"05_rr_to_or",1000
0.25,50,0.05,0.01,0.5,"grant","population",1000,1000,0,0.684047746871002,0.0282867603897492,0.894505904590397,0.0200117684763515,1.68963250203581,1.88890033410065,0.0422582298975816,1.12572731713014,0.98997995991984,0.00315270009876897,6.50229420973421,"05_rr_to_or",1000
0.5,50,0.05,0.01,0.5,"grant","population",1000,1000,0,0.253757758067597,0.0319423845423838,1.01010689050888,0.0225979785326148,1.65586857758091,1.63930034844797,0.0366742118391772,1.04100365710345,1,0,6.30675067877879,"05_rr_to_or",1000
0.75,50,0.05,0.01,0.5,"grant","population",1000,1000,0,0.0481501979754181,0.0331933359682019,1.04966544798709,0.0234829773788491,1.62817507991027,1.55113715806553,0.0347018365367719,1.05024482703335,1,0,6.16634592319704,"05_rr_to_or",1000
1,50,0.05,0.01,0.5,"grant","population",1000,1000,0,-0.0156677827453205,0.0342586517363748,1.08335369053427,0.0242366463113511,1.60133386519813,1.47812656124189,0.033068453065006,1.08292522502321,1,0,5.99721739690706,"05_rr_to_or",1000
2,50,0.05,0.01,0.5,"grant","population",1000,1000,0,-0.0471744430000721,0.0323450482089692,1.02284023368293,0.0228828472117608,1.43297077111199,1.40097223781696,0.0313423666865865,1.02341651812411,0.988505747126437,0.00361385186683825,5.22887150924305,"05_rr_to_or",1000
0.25,100,0.05,0.01,0.5,"grant","population",1000,1000,0,0.325200302274884,0.0291631570558171,0.922220000575924,0.0206317845875337,1.44175015272595,1.56334730522606,0.0349750003434999,0.97744282509642,0.98685540950455,0.00362161389373649,5.54068816059406,"05_rr_to_or",1000
0.5,100,0.05,0.01,0.5,"grant","population",1000,1000,0,0.0197747905043981,0.0323829072846273,1.02403744277481,0.0229096310161399,1.31980215989038,1.28882217071492,0.0288333601323133,1.02371630536006,0.994882292732856,0.00228284428603007,5.02056469612135,"05_rr_to_or",1000
0.75,100,0.05,0.01,0.5,"grant","population",1000,1000,0,0.0281774608549499,0.032336564382566,1.02257195153585,0.0228768452388436,1.16106077168676,1.13543185879772,0.0254017322438334,1.02244887988202,0.998955067920585,0.00104438599519701,4.38555328542065,"05_rr_to_or",1000
1,100,0.05,0.01,0.5,"grant","population",1000,1000,0,0.0168037409154373,0.0315396595894818,0.997371609291335,0.0223130664958145,1.0837455448481,1.08660155828792,0.0243093071816644,0.997014414440494,0.997888067581837,0.00149178396128337,4.08631358968417,"05_rr_to_or",1000
2,100,0.05,0.01,0.5,"grant","population",1000,1000,0,0.0631130911078598,0.0283935553390844,0.897883057415413,0.0200873216952812,0.911539687653753,1.0152098094797,0.0227121403648326,0.899650517188783,0.980392156862745,0.00457607870597389,3.44554395197953,"05_rr_to_or",1000
0.25,300,0.05,0.01,0.5,"grant","population",1000,1000,0,-0.0914518585143964,0.0254299054850278,0.804164220154969,0.017990656191449,0.974014876800862,1.21121389436247,0.0270971179786911,0.808947992957649,0.96996996996997,0.00539975783819392,3.66828945105355,"05_rr_to_or",1000
0.5,300,0.05,0.01,0.5,"grant","population",1000,1000,0,-0.0206861792032644,0.0232431377369436,0.735012552177534,0.0164436041684089,0.725588563548809,0.987178465727142,0.0220850268283221,0.734936137645104,0.972,0.0052168956286282,2.73997150106149,"05_rr_to_or",1000
0.75,300,0.05,0.01,0.5,"grant","population",1000,1000,0,0.0314996484073492,0.020442631461421,0.646452767855069,0.0144623563185265,0.616469791795742,0.953619231674402,0.021334244056894,0.646896829282846,0.968968968968969,0.0054861830400134,2.3573839624887,"05_rr_to_or",1000
1,300,0.05,0.01,0.5,"grant","population",1000,1000,0,0.0255934514066968,0.0184533787861562,0.583547074900868,0.013055038427405,0.56100274638064,0.961366735453077,0.0215075701926891,0.583816483316154,0.967967967967968,0.00557108768320019,2.14725462285737,"05_rr_to_or",1000
2,300,0.05,0.01,0.5,"grant","population",1000,1000,0,0.0101589172426412,0.0153082160668849,0.484088296853409,0.010829959723047,0.485142345260614,1.00217738874097,0.0224205807617361,0.483952829592747,0.967967967967968,0.00557108768320019,1.85134976333315,"05_rr_to_or",1000
0.25,50,0.15,0.01,0.5,"grant","population",1000,1000,0,0.198031047483478,0.0275332342005513,0.870677314245874,0.0194786783864534,1.2444229547396,1.42925850298218,0.0319751832914206,0.892489328969411,0.959,0.00627048642451286,4.73417128414152,"05_rr_to_or",1000
0.5,50,0.15,0.01,0.5,"grant","population",1000,1000,0,-0.00271994286259082,0.0293190490122897,0.927149737089456,0.0207420720045893,1.0743303120716,1.15874520489449,0.0259232953571718,0.92669003795187,0.985957873620863,0.00372647351802362,4.03566142239755,"05_rr_to_or",1000
0.75,50,0.15,0.01,0.5,"grant","population",1000,1000,0,-0.041592402429572,0.0280137189299298,0.885871575503529,0.0198186024013727,0.93833485786851,1.0592222211613,0.0236967802516552,0.886404878019454,0.993957703927492,0.00245929331228518,3.4892401531571,"05_rr_to_or",1000
1,50,0.15,0.01,0.5,"grant","population",1000,1000,0,0.0737047158079582,0.0269881352096737,0.853439770631547,0.0190930423273277,0.842884537706751,0.987632129075745,0.0220951761251035,0.856191256546027,0.993890020366599,0.00248675673219,3.15062949484678,"05_rr_to_or",1000
2,50,0.15,0.01,0.5,"grant","population",1000,1000,0,-0.0984807898316447,0.0219680207851848,0.694689813671044,0.0155415091646941,0.688183178332537,0.990633754503866,0.0221623280944891,0.701291529427638,0.93265306122449,0.00800582241011655,2.57307163377158,"05_rr_to_or",1000
0.25,100,0.15,0.01,0.5,"grant","population",1000,1000,0,0.000800456399982337,0.0256324195706935,0.810568277844667,0.0181339269279951,0.960062165093915,1.1844309619996,0.0264979337376334,0.810163287767021,0.958,0.00634318531969546,3.60063425310914,"05_rr_to_or",1000
0.5,100,0.15,0.01,0.5,"grant","population",1000,1000,0,0.0084350686501066,0.0229895880303541,0.726994606448632,0.0162642277408645,0.714255683676082,0.982477280217001,0.0219798525242615,0.726679975663791,0.958,0.00634318531969546,2.69638229291763,"05_rr_to_or",1000
0.75,100,0.15,0.01,0.5,"grant","population",1000,1000,0,0.0211782804795754,0.0193717014392769,0.61258698700877,0.0137047155225417,0.588834498480112,0.961225933569631,0.021504420191467,0.612646777025638,0.969,0.00548078461536303,2.24883804003395,"05_rr_to_or",1000
1,100,0.15,0.01,0.5,"grant","population",1000,1000,0,-0.0287413087427056,0.0173456319914703,0.548517045481286,0.0122713512154291,0.525178988212668,0.957452448450092,0.0214200002785591,0.548995574720397,0.968,0.00556560868189635,2.01922892973387,"05_rr_to_or",1000
2,100,0.15,0.01,0.5,"grant","population",1000,1000,0,-0.153347857201637,0.0142721518187452,0.451325068589494,0.0100969850884575,0.439772267362307,0.97440248275308,0.0217992042171769,0.476451664419496,0.923,0.00843036179532053,1.69313398574432,"05_rr_to_or",1000
0.25,300,0.15,0.01,0.5,"grant","population",1000,1000,0,0.0425361583648108,0.0156099429043107,0.493629737228055,0.0110434195724772,0.505822043336451,1.02469929420553,0.0229244378693193,0.495213057104514,0.953,0.00669260786241059,1.93086905250084,"05_rr_to_or",1000
0.5,300,0.15,0.01,0.5,"grant","population",1000,1000,0,0.0562083268868279,0.0120601610995654,0.381375780231874,0.00853208880715317,0.363086432889659,0.952043762896807,0.0212989978765646,0.385306909194657,0.932,0.00796090447122687,1.41082219553958,"05_rr_to_or",1000
0.75,300,0.15,0.01,0.5,"grant","population",1000,1000,0,0.036815937502999,0.00995891608965289,0.314928578698008,0.00704554075177048,0.311582554175284,0.989375290941975,0.0221341739131615,0.316916776023756,0.956,0.00648567652600714,1.21548320444777,"05_rr_to_or",1000
1,300,0.15,0.01,0.5,"grant","population",1000,1000,0,0.0121394602739739,0.00936192973522383,0.296050212577644,0.00662319642729616,0.285140327704197,0.963148532208585,0.0215474323154097,0.296151057966444,0.953,0.00669260786241059,1.11336738958749,"05_rr_to_or",1000
2,300,0.15,0.01,0.5,"grant","population",1000,1000,0,-0.171486807754032,0.00760030827475321,0.24034285067645,0.00537691865196331,0.24082496597777,1.00200594816931,0.02241674531581,0.295151903973326,0.857,0.0110702755159933,0.940187262292734,"05_rr_to_or",1000
0.25,50,0.3,0.01,0.5,"grant","population",1000,1000,0,0.121146672474302,0.0244847478013962,0.77427570987212,0.017321994369527,0.940804204477717,1.21507648048665,0.0271835312475586,0.783313403609738,0.924,0.00837997613361756,3.51110807241072,"05_rr_to_or",1000
0.5,50,0.3,0.01,0.5,"grant","population",1000,1000,0,0.128661724926652,0.0207561874199634,0.656368277884182,0.014684184805079,0.658252489501276,1.00287066221903,0.0224360905848268,0.668537460698752,0.935,0.0077958322198467,2.49040261814433,"05_rr_to_or",1000
0.75,50,0.3,0.01,0.5,"grant","population",1000,1000,0,0.066721083283311,0.0186257020861721,0.588996416120537,0.0131769503726219,0.543316063063191,0.922443750408155,0.0206367902893589,0.592470728710822,0.94994994994995,0.0068987415646053,2.0796341850711,"05_rr_to_or",1000
1,50,0.3,0.01,0.5,"grant","population",1000,1000,0,-0.00437506710484252,0.015172271985212,0.479789367528345,0.0107337846414652,0.476561619899229,0.993272573659263,0.0222213634096477,0.479569369922879,0.97,0.00539444158370447,1.83588501979249,"05_rr_to_or",1000
2,50,0.3,0.01,0.5,"grant","population",1000,1000,0,-0.480697672055516,0.0132370107191499,0.418591032845771,0.00936466354509107,0.398749325025995,0.95259882256702,0.0213114155985202,0.637270340001559,0.664664664664665,0.0149368221810311,1.50481441024834,"05_rr_to_or",1000
0.25,100,0.3,0.01,0.5,"grant","population",1000,1000,0,0.133096942660584,0.0200344515771222,0.633544986560587,0.0141735851326875,0.647130729130792,1.02144400612174,0.0228516109923559,0.64706465433653,0.927,0.00822623850857729,2.40923087365602,"05_rr_to_or",1000
0.5,100,0.3,0.01,0.5,"grant","population",1000,1000,0,0.163215947099391,0.0137105242755071,0.433564846256323,0.00969965572976228,0.429661838086948,0.990997867555279,0.022170473983797,0.463065808304728,0.92,0.00857904423581089,1.65602497849746,"05_rr_to_or",1000
0.75,100,0.3,0.01,0.5,"grant","population",1000,1000,0,0.0841831805421614,0.0111615396062203,0.352958873498351,0.00789634950633131,0.357692930847886,1.01341248996693,0.0226719309690275,0.36268746090958,0.947,0.00708456067798138,1.39075492511936,"05_rr_to_or",1000
1,100,0.3,0.01,0.5,"grant","population",1000,1000,0,0.0118031578194607,0.0102129748939123,0.322962623508794,0.0072252773458578,0.321037857247562,0.994040281688573,0.0222385384727313,0.323016819781896,0.955,0.00655553201502365,1.24923104444632,"05_rr_to_or",1000
2,100,0.3,0.01,0.5,"grant","population",1000,1000,0,-0.516780223582895,0.00794582565878762,0.251269069723768,0.00562135858777005,0.26081496501918,1.03799072964256,0.0232217921151875,0.574573588621018,0.46,0.0157607106438764,1.01321660158391,"05_rr_to_or",1000
0.25,300,0.3,0.01,0.5,"grant","population",1000,1000,0,0.258536408653493,0.0109398135845374,0.34594728104789,0.00773948708200398,0.326970666598189,0.945145935553475,0.0211446805902546,0.431741724115946,0.806,0.0125045591685593,1.26612443015366,"05_rr_to_or",1000
0.5,300,0.3,0.01,0.5,"grant","population",1000,1000,0,0.188147003139802,0.00746379341159138,0.236025871655874,0.00528033976496692,0.236108685887153,1.00035086929538,0.0223797181088735,0.301747905824237,0.861,0.0109397897603199,0.92179145968237,"05_rr_to_or",1000
0.75,300,0.3,0.01,0.5,"grant","population",1000,1000,0,0.0913101230951464,0.00647143482944967,0.204644737904043,0.00457828516706617,0.201557329162869,0.984913324560431,0.0220343513879903,0.223998053256526,0.918,0.00867617427210864,0.787897162282831,"05_rr_to_or",1000
1,300,0.3,0.01,0.5,"grant","population",1000,1000,0,-0.00701003674100508,0.00566295290167481,0.17907829451552,0.00400631605738305,0.180351659264686,1.00711065934937,0.0225309472430973,0.179125953301387,0.958,0.00634318531969546,0.705460536015129,"05_rr_to_or",1000
2,300,0.3,0.01,0.5,"grant","population",1000,1000,0,-0.545395054513589,0.00478848551191032,0.151425207603539,0.00338766483317187,0.14604090835882,0.964442517002741,0.0215763811730748,0.566005679646554,0.072,0.00817410545564467,0.570721992552925,"05_rr_to_or",1000
0.25,50,0.5,0.01,0.5,"grant","population",1000,1000,0,0.398088624653251,0.0214085745876016,0.676998571544209,0.0151457230221047,0.69581499916439,1.02779389560197,0.0229936698848424,0.785075341534393,0.784,0.0130132240432569,2.56202480441419,"05_rr_to_or",1000
0.5,50,0.5,0.01,0.5,"grant","population",1000,1000,0,0.341570081291524,0.0152686256792373,0.482836338869253,0.010801951083649,0.445757062890986,0.923205291331009,0.0206538273827478,0.591242690978949,0.798,0.0126962986732354,1.69487016544596,"05_rr_to_or",1000
0.75,50,0.5,0.01,0.5,"grant","population",1000,1000,0,0.228583816592976,0.0113628003197245,0.35932329608019,0.00803873353145604,0.348090927474605,0.968740216044668,0.021672528730924,0.425716665263456,0.878,0.0103496859855746,1.34452523087116,"05_rr_to_or",1000
1,50,0.5,0.01,0.5,"grant","population",1000,1000,0,-0.0161645149596405,0.00955462790763544,0.302143863835369,0.00675952279196232,0.296562968769591,0.981529014043394,0.0219586380381158,0.302425056969149,0.96,0.00619677335393187,1.14896341348572,"05_rr_to_or",1000
0.25,100,0.5,0.01,0.5,"grant","population",1000,1000,0,0.462533975917916,0.0154218309960178,0.487681116375993,0.0109103378089761,0.452975637134,0.928835712360787,0.0207797904216658,0.671961842128629,0.697,0.0145324120503102,1.70842686867257,"05_rr_to_or",1000
0.5,100,0.5,0.01,0.5,"grant","population",1000,1000,0,0.37589858773931,0.00955534490385936,0.302166537246782,0.00676003003854107,0.296891187161767,0.9825415807684,0.0219812910477424,0.48219608032406,0.686,0.0146766481186952,1.15189546662846,"05_rr_to_or",1000
0.75,100,0.5,0.01,0.5,"grant","population",1000,1000,0,0.208020115222966,0.00783623386753395,0.247803472991575,0.00554382671337867,0.238851231191289,0.963873622543658,0.0215636539410418,0.323446321671518,0.822,0.0120961150788177,0.930261147354496,"05_rr_to_or",1000
1,100,0.5,0.01,0.5,"grant","population",1000,1000,0,-0.00881341926150303,0.00645944300975277,0.20426552326872,0.00456980142710875,0.206108050322205,1.00902025473511,0.022573668459969,0.204353507313495,0.957,0.00641490451994416,0.803400292565876,"05_rr_to_or",1000
0.25,300,0.5,0.01,0.5,"grant","population",1000,1000,0,0.521913380196535,0.00760833430950964,0.240596656180549,0.00538259675532742,0.238225653453845,0.990145321367539,0.0221514009325887,0.574649841766679,0.396,0.0154655746740947,0.92776173864531,"05_rr_to_or",1000
0.5,300,0.5,0.01,0.5,"grant","population",1000,1000,0,0.389347684474583,0.00540831820444849,0.171026038370094,0.00382617204171183,0.165898927732543,0.970021461723526,0.0217011925907768,0.425220266803556,0.356,0.0151414662433993,0.648444455111326,"05_rr_to_or",1000
0.75,300,0.5,0.01,0.5,"grant","population",1000,1000,0,0.222553174326044,0.00412989375254917,0.130598707525552,0.00292173711196332,0.135260584206778,1.03569619309068,0.0231704590451642,0.2580094606551,0.602,0.0154788888490098,0.529180838329021,"05_rr_to_or",1000
1,300,0.5,0.01,0.5,"grant","population",1000,1000,0,0.000127456460508215,0.00361602541144183,0.114348763772037,0.00255819550706135,0.117315614836904,1.02594563305277,0.0229523207981251,0.114291646158266,0.961,0.00612200947402077,0.459189274616166,"05_rr_to_or",1000
0.25,50,0.01,0.05,0.5,"grant","population",1000,1000,0,1.19546016049656,0.0186981481299353,0.591287361178134,0.0132282030942076,1.70937669902369,2.89094070202646,0.064675745247658,1.33356519078746,1,0,6.69338762652985,"05_rr_to_or",1000
0.5,50,0.01,0.05,0.5,"grant","population",1000,1000,0,0.597557066109179,0.020783734397933,0.657239389814566,0.0147036732066405,1.7165487234847,2.61175570132675,0.0584298551228399,0.888034965057856,1,0,6.72458207799046,"05_rr_to_or",1000
0.75,50,0.01,0.05,0.5,"grant","population",1000,1000,0,0.237035189772139,0.0233071420386345,0.737036545911452,0.0164888846900833,1.7112728329865,2.32182900899475,0.0519436532852801,0.773863895222789,1,0,6.69981945097636,"05_rr_to_or",1000
1,50,0.01,0.05,0.5,"grant","population",1000,1000,0,0.00803436314826756,0.0242737982668639,0.767604899867375,0.0171727558852648,1.71342682710984,2.2321728631564,0.0499378777797281,0.767263068320964,1,0,6.70826280474336,"05_rr_to_or",1000
2,50,0.01,0.05,0.5,"grant","population",1000,1000,0,-0.487325632246927,0.0267661604471344,0.846420312304557,0.018936003928645,1.7033973147155,2.01247216064279,0.0450227625521687,0.976318180503431,1,0,6.65870089031879,"05_rr_to_or",1000
0.25,100,0.01,0.05,0.5,"grant","population",1000,1000,0,1.00505928770371,0.023874392945894,0.754974594628821,0.0168901923572629,1.70152584746369,2.25375245679656,0.0504206536110831,1.25680580190255,1,0,6.65492215349341,"05_rr_to_or",1000
0.5,100,0.01,0.05,0.5,"grant","population",1000,1000,0,0.432765469318999,0.0268749620133361,0.849860919926466,0.0190129767499469,1.70403314529739,2.00507295410739,0.0448572284765016,0.95332432627618,1,0,6.66144091307862,"05_rr_to_or",1000
0.75,100,0.01,0.05,0.5,"grant","population",1000,1000,0,0.219143098517815,0.0297442037533721,0.940594310487851,0.0210428522327927,1.70730586039945,1.81513521968248,0.0406079664574044,0.965327217524287,1,0,6.67285613141156,"05_rr_to_or",1000
1,100,0.01,0.05,0.5,"grant","population",1000,1000,0,0.0670046739242416,0.0312330421413362,0.987675514226451,0.0220961467319903,1.66987233299787,1.69070945765596,0.0378243296704471,0.989452901763786,1,0,6.50437888137537,"05_rr_to_or",1000
2,100,0.01,0.05,0.5,"grant","population",1000,1000,0,-0.218814337553255,0.0330973209314809,1.04662918593045,0.0234150505233649,1.64755968227217,1.57415797726632,0.0352168552768583,1.06874549566652,1,0,6.38725442467268,"05_rr_to_or",1000
0.25,300,0.01,0.05,0.5,"grant","population",1000,1000,0,0.599836561372588,0.0302255491987445,0.955815789975099,0.0213833851703655,1.61263534253564,1.68718215314026,0.0377454172776373,1.12803995536534,1,0,6.26818505394131,"05_rr_to_or",1000
0.5,300,0.01,0.05,0.5,"grant","population",1000,1000,0,0.138886796898068,0.0326169492559907,1.03143849975065,0.0230752064896172,1.53816979621875,1.49128600162841,0.0333628543349605,1.04023605770119,1,0,5.93485449068257,"05_rr_to_or",1000
0.75,300,0.01,0.05,0.5,"grant","population",1000,1000,0,0.0691571710119593,0.0361370549881773,1.1427540169339,0.0255655426028444,1.48023158243702,1.29531951802594,0.0289787179320006,1.14427425505327,1,0,5.66631607078064,"05_rr_to_or",1000
1,300,0.01,0.05,0.5,"grant","population",1000,1000,0,0.0307460359631798,0.0356520620285227,1.12741719291735,0.0252224291926291,1.40718797368214,1.24815195521442,0.0279234914189795,1.12727271593266,1,0,5.36304391566904,"05_rr_to_or",1000
2,300,0.01,0.05,0.5,"grant","population",1000,1000,0,0.13848906019773,0.0372630976339768,1.17836261196598,0.0263621734086261,1.18337400399817,1.00425284371831,0.0224670125675816,1.18588748480978,0.984466019417476,0.0054492675253369,4.47589602449963,"05_rr_to_or",1000
0.25,50,0.05,0.05,0.5,"grant","population",1000,1000,0,0.692669763962658,0.0292764516447087,0.925802690050622,0.0207119360453636,1.61207173560137,1.74126922823396,0.038955446209569,1.15587409011196,0.998585572842999,0.00141342650094622,6.27779399412205,"05_rr_to_or",1000
0.5,50,0.05,0.05,0.5,"grant","population",1000,1000,0,0.267019863532591,0.0326513235452596,1.03252551022104,0.0230995249449268,1.57050632590739,1.5210339215456,0.0340283708877088,1.06599363405648,1,0,6.08745552154628,"05_rr_to_or",1000
0.75,50,0.05,0.05,0.5,"grant","population",1000,1000,0,0.111240949377579,0.0354945755336511,1.12243703267224,0.0251110137024812,1.50422776550426,1.34014445507297,0.0299815355294574,1.12737729986024,1,0,5.78873653166812,"05_rr_to_or",1000
1,50,0.05,0.05,0.5,"grant","population",1000,1000,0,0.0159308179339421,0.0374333460756265,1.18374634040305,0.0264826174732984,1.46512858223827,1.23770484624215,0.0276897700707721,1.18326156617176,1,0,5.61432325059584,"05_rr_to_or",1000
2,50,0.05,0.05,0.5,"grant","population",1000,1000,0,0.0260348555387258,0.0378038517975515,1.19546276007713,0.0267447356736213,1.21125665880539,1.01321153552892,0.0226674352427644,1.19514848166386,0.985042735042735,0.00561087641551075,4.57358193743467,"05_rr_to_or",1000
0.25,100,0.05,0.05,0.5,"grant","population",1000,1000,0,0.341298225735192,0.0307890036329269,0.973633783672478,0.0217820069824242,1.4596998838852,1.49922887677471,0.0335405512933023,1.03126100520366,0.987584650112867,0.00372005864390917,5.61872910874672,"05_rr_to_or",1000
0.5,100,0.05,0.05,0.5,"grant","population",1000,1000,0,0.0369082743733741,0.0333238852660325,1.05379377926789,0.0235753358634172,1.31403847463097,1.24695979468002,0.0278968205602645,1.0539132168313,1,0,5.00285067468605,"05_rr_to_or",1000
0.75,100,0.05,0.05,0.5,"grant","population",1000,1000,0,0.0286506082273624,0.034554881440626,1.09272129629459,0.0244462171556477,1.20064680255868,1.09876764242636,0.0245814852162564,1.09255052464229,1,0,4.54262258030472,"05_rr_to_or",1000
1,100,0.05,0.05,0.5,"grant","population",1000,1000,0,0.0714078916757837,0.0349998986621318,1.10679397647417,0.0247610493061682,1.10712106379247,1.00029552683269,0.0223784799945754,1.10854273731179,1,0,4.18798098066397,"05_rr_to_or",1000
2,100,0.05,0.05,0.5,"grant","population",1000,997,0.003,0.167412392116058,0.0342119214903764,1.08025191753937,0.0242036229546377,0.928907249100382,0.859898727341556,0.0192664916746045,1.09261185185291,0.967605633802817,0.00664438460740185,3.51653533915587,"05_rr_to_or",1000
0.25,300,0.05,0.05,0.5,"grant","population",1000,1000,0,-0.111609212763467,0.0255768150028146,0.8088099070166,0.0180945888870428,0.996400566545537,1.23193417625272,0.0275606694005706,0.816073470097021,0.969,0.00548078461536303,3.75412865459673,"05_rr_to_or",1000
0.5,300,0.05,0.05,0.5,"grant","population",1000,1000,0,-0.0470326130838401,0.0240859138202815,0.761663471986171,0.0170398350419619,0.762118929967977,1.00059797797657,0.0223852463917962,0.76273401655293,0.974899598393574,0.00495667691399599,2.88206231222976,"05_rr_to_or",1000
0.75,300,0.05,0.05,0.5,"grant","population",1000,1000,0,-0.0544255360414354,0.0212975782606651,0.67348855949389,0.0150671974940565,0.647364333150949,0.961210586320021,0.0215040768448168,0.675348348560048,0.973895582329317,0.00505223488747208,2.47339269822773,"05_rr_to_or",1000
1,300,0.05,0.05,0.5,"grant","population",1000,1000,0,-0.00772145462252476,0.0192667791406297,0.609269052598115,0.0136304871301912,0.594918039055737,0.976445523564376,0.021844910857562,0.609013292578116,0.974823766364552,0.00497145840636174,2.28036093540036,"05_rr_to_or",1000
2,300,0.05,0.05,0.5,"grant","population",1000,1000,0,0.0673957117335118,0.0169351396891504,0.535536139108311,0.0119809440849494,0.565208237467744,1.05540634178085,0.0236114118999167,0.539494522024841,0.973469387755102,0.00513359670816181,2.11754832819564,"05_rr_to_or",1000
0.25,50,0.15,0.05,0.5,"grant","population",1000,1000,0,0.178725940815982,0.0290367260812603,0.918221902111981,0.0205423396544198,1.2664176430284,1.37920652961505,0.0308554271247287,0.935003364687627,0.974066390041494,0.00511902498912038,4.83301578648247,"05_rr_to_or",1000
0.5,50,0.15,0.05,0.5,"grant","population",1000,1000,0,0.0125631821106662,0.0291453667681147,0.921657422282231,0.0206191986599223,1.07815660164704,1.16980189773471,0.026170654235517,0.921282142011135,0.991578947368421,0.00296472924194741,4.06540089684109,"05_rr_to_or",1000
0.75,50,0.15,0.05,0.5,"grant","population",1000,1000,0,0.00926272616561793,0.0294260843380495,0.930534491284445,0.0208177952803686,0.932233953138498,1.00182632870675,0.0224127268928123,0.93011523110126,0.995656894679696,0.00216683188791596,3.52250439273143,"05_rr_to_or",1000
1,50,0.15,0.05,0.5,"grant","population",1000,1000,0,-0.0298505662342145,0.0271567808744304,0.858772814812993,0.0192123524904977,0.845269386246218,0.984275901223404,0.0220200910369109,0.858862220043979,0.990280777537797,0.00322395849824653,3.19916666865072,"05_rr_to_or",1000
2,50,0.15,0.05,0.5,"grant","population",1000,1000,0,-0.0191824167213692,0.0264714276031278,0.837100041421355,0.0187274920539951,0.751488059942994,0.897727897214059,0.020083850471659,0.836901253422146,0.946892655367232,0.00753799824908389,2.80783644292798,"05_rr_to_or",1000
0.25,100,0.15,0.05,0.5,"grant","population",1000,1000,0,-0.0509200764600665,0.0255355792474602,0.807505917937027,0.0180654162148198,0.976678063637186,1.20949957386362,0.0270587654259117,0.808706742819989,0.965931863727455,0.00574225088741065,3.66671693517495,"05_rr_to_or",1000
0.5,100,0.15,0.05,0.5,"grant","population",1000,1000,0,-0.00373127399228531,0.0220649617597716,0.697755356453954,0.0156100910847364,0.726119229045142,1.04065016818407,0.023281288724541,0.697416372999895,0.962962962962963,0.00597503103928965,2.75204391691972,"05_rr_to_or",1000
0.75,100,0.15,0.05,0.5,"grant","population",1000,1000,0,-0.006849709341957,0.0196910095277682,0.622684395358241,0.0139306134143989,0.615199287803461,0.987979291579206,0.0221029427989815,0.622410667392924,0.976953907815631,0.00474974630895136,2.35150344596518,"05_rr_to_or",1000
1,100,0.15,0.05,0.5,"grant","population",1000,1000,0,0.0146187541477908,0.0184875010313008,0.584626115036225,0.0130791785714271,0.568776631537806,0.972889538987774,0.0217653568382008,0.584516564915658,0.967871485943775,0.00558758957600173,2.17670908521718,"05_rr_to_or",1000
2,100,0.15,0.05,0.5,"grant","population",1000,1000,0,-0.0717568917109832,0.0161520382817946,0.510772298247035,0.0114269306934694,0.508379815001678,0.995315949487534,0.0222670775449885,0.515535162548515,0.942973523421589,0.00740000946409529,1.92725775997259,"05_rr_to_or",1000
0.25,300,0.15,0.05,0.5,"grant","population",1000,1000,0,0.047798741771218,0.0156292925367626,0.494241626332407,0.0110571086750607,0.505233489717482,1.02223985759079,0.0228694156767728,0.496301551608913,0.947,0.00708456067798138,1.93204985665344,"05_rr_to_or",1000
0.5,300,0.15,0.05,0.5,"grant","population",1000,1000,0,0.0207080140006059,0.0121621329031374,0.384600411795902,0.00860422984048755,0.372657783524408,0.968947957658894,0.021677176299001,0.384965428474652,0.952,0.00675988165576884,1.44926715090142,"05_rr_to_or",1000
0.75,300,0.15,0.05,0.5,"grant","population",1000,1000,0,0.0280684551663394,0.0102728186927099,0.324855050589166,0.00726761447565924,0.322650923755878,0.993215045204651,0.0222200763906257,0.325903530611163,0.954,0.00662449998113065,1.2591008688708,"05_rr_to_or",1000
1,300,0.15,0.05,0.5,"grant","population",1000,1000,0,0.000828583160123482,0.00949833990304908,0.30036388084098,0.00671970124646692,0.298353162241121,0.993305724395925,0.0222221050535693,0.300214804769841,0.952,0.00675988165576884,1.16478987982188,"05_rr_to_or",1000
2,300,0.15,0.05,0.5,"grant","population",1000,1000,0,-0.117671568631562,0.00804751941115214,0.254484908536578,0.00569330291083038,0.266527134653997,1.04732000096457,0.023430505346471,0.280257745956129,0.932,0.00796090447122687,1.0381766446629,"05_rr_to_or",1000
0.25,50,0.3,0.05,0.5,"grant","population",1000,1000,0,0.0794382925666209,0.0245475452825344,0.776261540589301,0.0173664211132092,0.962941203175615,1.24048552301663,0.0277519790059316,0.779929381254853,0.942,0.00739161687318817,3.60245688340798,"05_rr_to_or",1000
0.5,50,0.3,0.05,0.5,"grant","population",1000,1000,0,0.0738516270241375,0.0213583067380193,0.675408962566621,0.0151101604990803,0.683166781298416,1.0114861056956,0.0226288341534151,0.679098779459009,0.966,0.00573096850453743,2.5786509742093,"05_rr_to_or",1000
0.75,50,0.3,0.05,0.5,"grant","population",1000,1000,0,0.0722469340590228,0.0175718623512138,0.555671077607973,0.0124314002814631,0.559537055300013,1.0069573131441,0.022527516601957,0.560072491401287,0.967967967967968,0.00557108768320019,2.1431824249828,"05_rr_to_or",1000
1,50,0.3,0.05,0.5,"grant","population",1000,1000,0,0.00881977330435241,0.0164833372702187,0.521248892146333,0.0116613116745871,0.509101980480581,0.976696522815167,0.0218505261797961,0.521062851830137,0.9678391959799,0.00559311194335817,1.94952670668511,"05_rr_to_or",1000
2,50,0.3,0.05,0.5,"grant","population",1000,999,0.001,-0.429181981214215,0.0143042811199955,0.452114859191224,0.0101197203731928,0.448194949334365,0.991329836263574,0.0221890091348387,0.623217784118922,0.723684210526316,0.0142265281498901,1.68389205427073,"05_rr_to_or",1000
0.25,100,0.3,0.05,0.5,"grant","population",1000,1000,0,0.11884884268979,0.020459491358092,0.646985924601022,0.0144742840311407,0.647554287354946,1.00087847777256,0.0223915216963484,0.657493150727755,0.909,0.00909499862561837,2.42214282439702,"05_rr_to_or",1000
0.5,100,0.3,0.05,0.5,"grant","population",1000,1000,0,0.0927062416317549,0.0139821558927091,0.442154592205055,0.00989182439663701,0.445975877550659,1.00864241921937,0.0225652155734934,0.451552466455556,0.951,0.00682634602111555,1.71907601532671,"05_rr_to_or",1000
0.75,100,0.3,0.05,0.5,"grant","population",1000,1000,0,0.0734152862093618,0.0121610774637248,0.38456703587114,0.00860348315868749,0.372176693998063,0.96778106099237,0.0216510706402161,0.391323034746025,0.941,0.00745110730026082,1.44592445816019,"05_rr_to_or",1000
1,100,0.3,0.05,0.5,"grant","population",1000,1000,0,-1.03419008709676e-05,0.0105898947179812,0.33488187490207,0.00749193327073166,0.337447323379936,1.00766075643424,0.0225432539427461,0.334714392243212,0.967,0.00564898220921256,1.31308997196128,"05_rr_to_or",1000
2,100,0.3,0.05,0.5,"grant","population",1000,1000,0,-0.485531304585514,0.00939891791845991,0.29721988163302,0.00664936410959991,0.288677276893297,0.971258299771913,0.0217288629689599,0.569202921735667,0.559,0.0157009235397157,1.11499068303862,"05_rr_to_or",1000
0.25,300,0.3,0.05,0.5,"grant","population",1000,1000,0,0.211765564103128,0.0107398448307432,0.339623713819339,0.00759801706747081,0.329790777686358,0.971047557243862,0.0217241482648335,0.400091960505792,0.851,0.0112605062053178,1.27784023844029,"05_rr_to_or",1000
0.5,300,0.3,0.05,0.5,"grant","population",1000,1000,0,0.171326661878714,0.00762597436083896,0.241154483582979,0.00539507639662424,0.242001990864976,1.00351437497411,0.0224504916419396,0.295719722943405,0.862,0.0109066951914867,0.94526060200788,"05_rr_to_or",1000
0.75,300,0.3,0.05,0.5,"grant","population",1000,1000,0,0.0965868208765183,0.00657036638571401,0.207773228406647,0.00464827534521625,0.206743188279296,0.995042479075626,0.0222609595008927,0.229031785337998,0.918,0.00867617427210864,0.80852856041841,"05_rr_to_or",1000
1,300,0.3,0.05,0.5,"grant","population",1000,1000,0,-0.00616358129910063,0.00613060063142499,0.193866614201694,0.0043371584008436,0.188335918987922,0.971471646954034,0.0217336359440647,0.193867659944502,0.942,0.00739161687318817,0.736684070624696,"05_rr_to_or",1000
2,300,0.3,0.05,0.5,"grant","population",1000,1000,0,-0.50378222473675,0.00504280819548636,0.159467597011005,0.00356758811147887,0.158969052273342,0.996873692543137,0.0223019271677963,0.528394752569211,0.148,0.0112292475259921,0.620804651077601,"05_rr_to_or",1000
0.25,50,0.5,0.05,0.5,"grant","population",1000,1000,0,0.385511301650727,0.0205178302710972,0.648830763014172,0.0145155565135366,0.687668567682168,1.05985814311204,0.0237110070139179,0.754439753310333,0.799,0.0126727660753286,2.5470484029899,"05_rr_to_or",1000
0.5,50,0.5,0.05,0.5,"grant","population",1000,1000,0,0.323831855939436,0.0147094316521994,0.465153071075239,0.0104063433417849,0.455644584185183,0.979558370176776,0.0219145510526575,0.566584577157176,0.837,0.0116803681448831,1.73803050045614,"05_rr_to_or",1000
0.75,50,0.5,0.05,0.5,"grant","population",1000,1000,0,0.196430046321819,0.0115329244882666,0.364703094656543,0.00815908967780108,0.359530613626163,0.985817282314942,0.0220545746120102,0.41407741064057,0.901,0.00944452222190196,1.39143291010307,"05_rr_to_or",1000
1,50,0.5,0.05,0.5,"grant","population",1000,1000,0,0.0083487211821577,0.0100719012904904,0.318501484463388,0.00712547332974194,0.313755992128737,0.985100564467868,0.0220385402945788,0.318451650262883,0.966,0.00573096850453743,1.21496167701118,"05_rr_to_or",1000
0.25,100,0.5,0.05,0.5,"grant","population",1000,1000,0,0.460088443573761,0.0146983385158936,0.464802275304029,0.0103984953849185,0.446852601823806,0.961382130781348,0.0215079146149488,0.653839804449683,0.684,0.0147018366199601,1.69922212144924,"05_rr_to_or",1000
0.5,100,0.5,0.05,0.5,"grant","population",1000,1000,0,0.35113772443914,0.00984325169656845,0.311270949434729,0.00696371275084456,0.303770757810766,0.975904620596354,0.0218328098474863,0.469137949735825,0.724,0.0141359117144951,1.17850818354936,"05_rr_to_or",1000
0.75,100,0.5,0.05,0.5,"grant","population",1000,1000,0,0.205909565893463,0.00778288301720143,0.24611637097,0.00550608308879388,0.246230565466532,1.00046398578072,0.0223822487360096,0.32079813608844,0.841,0.0115636931816786,0.959587376649998,"05_rr_to_or",1000
1,100,0.5,0.05,0.5,"grant","population",1000,1000,0,0.000306781726704818,0.00663163865783259,0.20971082777973,0.00469162306361038,0.215451427301618,1.02737388232484,0.0229842734030353,0.209606170643422,0.964,0.00589101010014412,0.839927346904818,"05_rr_to_or",1000
0.25,300,0.5,0.05,0.5,"grant","population",1000,1000,0,0.502497580476,0.00786849803946461,0.248823755692776,0.00556665234381006,0.239934154413962,0.964273502527666,0.0215726000034626,0.5606738503978,0.416,0.0155866609637857,0.933913107204077,"05_rr_to_or",1000
0.5,300,0.5,0.05,0.5,"grant","population",1000,1000,0,0.381532268390344,0.00548490415339592,0.173447898724487,0.00388035358310294,0.168816065801815,0.973295537410752,0.0217744397815338,0.419071546661724,0.365,0.0152241584332271,0.659943801097158,"05_rr_to_or",1000
0.75,300,0.5,0.05,0.5,"grant","population",1000,1000,0,0.214625442971573,0.00451998947274361,0.142934617338534,0.00319771446421521,0.140042380205991,0.979765313774952,0.0219191807676242,0.257825435711109,0.634,0.0152329905140127,0.54796599011726,"05_rr_to_or",1000
1,300,0.5,0.05,0.5,"grant","population",1000,1000,0,0.00177660383314747,0.00387513057585823,0.122542388502719,0.00274150220213298,0.122919284971505,1.0030756416077,0.0224406763567568,0.122493986236677,0.957,0.00641490451994416,0.481003014072915,"05_rr_to_or",1000
0.25,50,0.01,0.15,0.5,"grant","population",1000,1000,0,1.20305469019723,0.022096862099881,0.69876413378275,0.0156326593184892,1.72796257796597,2.47288390234293,0.0553230334966249,1.39108721184261,1,0,6.76907740324393,"05_rr_to_or",1000
0.5,50,0.01,0.15,0.5,"grant","population",1000,1000,0,0.585338670030973,0.0237607479333579,0.751380823785497,0.0168097929885113,1.71594075616043,2.28371646153468,0.0510910043850316,0.9521711652029,1,0,6.72052246844532,"05_rr_to_or",1000
0.75,50,0.01,0.15,0.5,"grant","population",1000,1000,0,0.261069805582397,0.025411175406369,0.803571923061808,0.0179774053987637,1.72132870563812,2.14209662662108,0.0479227040603425,0.844535109444569,1,0,6.73678825912213,"05_rr_to_or",1000
1,50,0.01,0.15,0.5,"grant","population",1000,999,0.001,0.05526347138867,0.028339284998715,0.895718683049623,0.0200489376122736,1.7100432745924,1.90912984953074,0.0427321947965337,0.896974300278352,1,0,6.69627026546877,"05_rr_to_or",1000
2,50,0.01,0.15,0.5,"grant","population",1000,987,0.013,-0.302224051599409,0.0332771489054789,1.04545341692818,0.0235424269267599,1.72709840501802,1.65200895329482,0.0372013706546318,1.08775220325803,1,0,6.73957521580228,"05_rr_to_or",1000
0.25,100,0.01,0.15,0.5,"grant","population",1000,1000,0,1.02600932978202,0.027329117093822,0.864222564579191,0.0193342735756639,1.73913004652155,2.01236361766181,0.0450203342428709,1.34120427425745,1,0,6.80522995675567,"05_rr_to_or",1000
0.5,100,0.01,0.15,0.5,"grant","population",1000,1000,0,0.501137751732834,0.0310154061747396,0.980793260674275,0.0219421778604882,1.72404351092882,1.75780521752727,0.0393253871876744,1.10096889646154,1,0,6.74766391449982,"05_rr_to_or",1000
0.75,100,0.01,0.15,0.5,"grant","population",1000,995,0.005,0.257158506268519,0.0343643546713843,1.08397616561472,0.024311488118534,1.70104184755914,1.56926130068043,0.035195494768773,1.11353218008959,1,0,6.64866248271164,"05_rr_to_or",1000
1,100,0.01,0.15,0.5,"grant","population",1000,992,0.00800000000000001,0.109826666410269,0.0346386342650711,1.09097951579274,0.0245055678909633,1.68640022956281,1.54576708833751,0.0347210005124126,1.09594633333499,1,0,6.58767519409128,"05_rr_to_or",1000
2,100,0.01,0.15,0.5,"grant","population",1000,944,0.056,-0.114159021786335,0.042716443335108,1.31244490835014,0.0302210979292605,1.64100481200308,1.2503418631613,0.0287910781254451,1.31670772200144,1,0,6.38424597861153,"05_rr_to_or",1000
0.25,300,0.01,0.15,0.5,"grant","population",1000,997,0.003,0.541231885786636,0.0343784501453621,1.08551011091282,0.0243214355942332,1.64265461304556,1.51325593058202,0.0339053098476371,1.21246949539018,1,0,6.39449082659089,"05_rr_to_or",1000
0.5,300,0.01,0.15,0.5,"grant","population",1000,991,0.00900000000000001,0.258142133034644,0.0394660488566688,1.24239723568823,0.0279208015141906,1.56835541056098,1.26236228277841,0.0283694825809329,1.26831805280895,1,0,6.07504930461279,"05_rr_to_or",1000
0.75,300,0.01,0.15,0.5,"grant","population",1000,973,0.027,0.0798831796952608,0.0394313243895729,1.2299792481386,0.0278964958532562,1.53457423017959,1.24764237486279,0.0282971037026671,1.23193970790242,1,0,5.92616709133713,"05_rr_to_or",1000
1,300,0.01,0.15,0.5,"grant","population",1000,956,0.044,0.0211752567819357,0.0424366271977979,1.31210867137451,0.0300229333416606,1.49431051929451,1.13886185793523,0.0260587971043062,1.31159318756543,1,0,5.75167874344101,"05_rr_to_or",1000
2,300,0.01,0.15,0.5,"grant","population",1000,855,0.145,0.077081300988043,0.0436750279659798,1.27707454676456,0.0309009844813527,1.28936335732665,1.00962262586254,0.0244295316767854,1.27865296968649,0.977272727272727,0.0100477821618081,4.91866852823606,"05_rr_to_or",1000
0.25,50,0.05,0.15,0.5,"grant","population",1000,999,0.001,0.68118708784379,0.0326947630695246,1.0333821096962,0.0231302682851274,1.64940876659529,1.59612669032967,0.0357262219056911,1.23726532552768,0.997214484679666,0.00278163306713009,6.43059537356354,"05_rr_to_or",1000
0.5,50,0.05,0.15,0.5,"grant","population",1000,993,0.00700000000000001,0.270761611164086,0.0379301793243762,1.19525211317708,0.0268342020981638,1.62232717809096,1.35730960874746,0.0304725002778665,1.22494929104468,1,0,6.3003291006621,"05_rr_to_or",1000
0.75,50,0.05,0.15,0.5,"grant","population",1000,977,0.023,0.155110453585979,0.0410316683251603,1.28252682467791,0.0290286307229392,1.61244846301563,1.25724346032339,0.028456368659364,1.29122062832984,1,0,6.21871160676305,"05_rr_to_or",1000
1,50,0.05,0.15,0.5,"grant","population",1000,968,0.032,0.083239080257538,0.0407158817380522,1.26678094747451,0.028805358724612,1.57286511110681,1.24162359265232,0.0282333051018761,1.26885969686993,1,0,6.04664180684295,"05_rr_to_or",1000
2,50,0.05,0.15,0.5,"grant","population",1000,870,0.13,0.0496329696428049,0.0426676750988776,1.25851560719712,0.0301879567886612,1.51378829619361,1.20283633157718,0.0288523805297522,1.25877100170601,0.991031390134529,0.0063132623954833,5.73249303632729,"05_rr_to_or",1000
0.25,100,0.05,0.15,0.5,"grant","population",1000,994,0.00600000000000001,0.270041023746624,0.0337171822871041,1.06302741784656,0.0238536500749898,1.51043287312755,1.42087856603673,0.0318835991850079,1.0962721364781,0.998571428571429,0.00142755065571614,5.84178556376141,"05_rr_to_or",1000
0.5,100,0.05,0.15,0.5,"grant","population",1000,994,0.00600000000000001,0.0941510002979023,0.037812089760335,1.19213070057413,0.0267506445250055,1.40505132068164,1.17860509758282,0.026447138711899,1.19524485523947,1,0,5.38281955151877,"05_rr_to_or",1000
0.75,100,0.05,0.15,0.5,"grant","population",1000,967,0.033,-0.00222517330216634,0.0370467426668172,1.15202861272109,0.0262095584610782,1.2775619099802,1.10896716962837,0.0252298767086509,1.15143493727699,1,0,4.86619220530051,"05_rr_to_or",1000
1,100,0.05,0.15,0.5,"grant","population",1000,956,0.044,-0.0287609522952321,0.0378772763512389,1.17113696422812,0.0267972979510472,1.23058464093955,1.05076065270522,0.024042914830493,1.17087757399934,0.998106060606061,0.00189214504072375,4.68015026509212,"05_rr_to_or",1000
2,100,0.05,0.15,0.5,"grant","population",1000,892,0.108,0.185970275568327,0.0392885214215318,1.1734054800525,0.0277967654358657,1.16199806693055,0.990278370677594,0.0234586731133255,1.18740127004172,0.973262032085562,0.00834148337425712,4.35013072824685,"05_rr_to_or",1000
0.25,300,0.05,0.15,0.5,"grant","population",1000,1000,0,-0.222219050053508,0.026431081317208,0.835824179835007,0.018698948646352,1.04424837232937,1.24936367901622,0.0279505999445401,0.864456339987132,0.978851963746224,0.0045658212715316,3.93600156019463,"05_rr_to_or",1000
0.5,300,0.05,0.15,0.5,"grant","population",1000,999,0.001,-0.150315779312883,0.0260974400741683,0.824860777371781,0.0184629198623315,0.829313459494711,1.00539810140702,0.0225039001553248,0.838038817226501,0.992715920915713,0.00274307780306997,3.14136308375894,"05_rr_to_or",1000
0.75,300,0.05,0.15,0.5,"grant","population",1000,1000,0,0.0046201144995954,0.023598122776923,0.746238164793741,0.0166947420977707,0.731942447893313,0.980842956612412,0.0219432896514816,0.745879261445259,0.990445859872611,0.00316946326401947,2.79066499673486,"05_rr_to_or",1000
1,300,0.05,0.15,0.5,"grant","population",1000,996,0.004,0.0168532455893409,0.0220078511140926,0.694556065856043,0.0155697188489029,0.712238897507273,1.02545918539987,0.0229875052462792,0.694411848252648,0.982665222101842,0.00429596845114569,2.6962125241694,"05_rr_to_or",1000
2,300,0.05,0.15,0.5,"grant","population",1000,982,0.018,0.260636490223974,0.0237851384426801,0.745352010894305,0.0168272026887516,0.74740927149755,1.00276011947801,0.0226384950090999,0.789249813031158,0.976190476190476,0.00570549766638556,2.73571785270463,"05_rr_to_or",1000
0.25,50,0.15,0.15,0.5,"grant","population",1000,1000,0,0.141359511324199,0.029270597963585,0.925617580400148,0.0207077947966038,1.35860186776763,1.46777880685921,0.0328369544646124,0.935891900105185,0.992256637168142,0.00291536271895782,5.18943603295147,"05_rr_to_or",1000
0.5,50,0.15,0.15,0.5,"grant","population",1000,996,0.004,-0.0902708908042035,0.0315855677823475,0.996823705458861,0.0223455896491052,1.20981277383678,1.21366774005428,0.0272065372654091,1.00040426098612,0.997732426303855,0.00160159777283138,4.54050032101718,"05_rr_to_or",1000
0.75,50,0.15,0.15,0.5,"grant","population",1000,989,0.011,-0.0252444836007801,0.0326219487105277,1.02590712579546,0.0230788718811521,1.09722420440327,1.06951611584968,0.0240599024920344,1.02569904122628,1,0,4.08955388232217,"05_rr_to_or",1000
1,50,0.15,0.15,0.5,"grant","population",1000,986,0.014,0.00420094559297845,0.031845022136111,0.999953978321756,0.0225292585709586,1.01821494401807,1.01826180613528,0.0229417393406992,0.99945560245092,0.99353169469599,0.00288334341526103,3.80665087825081,"05_rr_to_or",1000
2,50,0.15,0.15,0.5,"grant","population",1000,920,0.08,0.0473917204510083,0.030635699585084,0.929226776380295,0.0216744937418944,0.828290285040155,0.89137582568022,0.0207916089446339,0.929930014044258,0.952468007312614,0.00909755198992667,3.13492929638647,"05_rr_to_or",1000
0.25,100,0.15,0.15,0.5,"grant","population",1000,999,0.001,-0.0749387676449872,0.0262654667186016,0.83017158901279,0.0185817921525673,1.000648096148,1.2053509291229,0.0269794591049544,0.83313312943264,0.972727272727273,0.00517657170002402,3.77704324429165,"05_rr_to_or",1000
0.5,100,0.15,0.15,0.5,"grant","population",1000,1000,0,-0.104125406578063,0.0243088128220646,0.768712157324296,0.0171975273034946,0.800437290177396,1.04127049709156,0.0232951666412906,0.775351251196774,0.98880976602238,0.00335505155657091,3.01968425605396,"05_rr_to_or",1000
0.75,100,0.15,0.15,0.5,"grant","population",1000,999,0.001,-0.013583797492098,0.0232540797444609,0.734990797586598,0.0164513534497667,0.724433681775606,0.985636397291426,0.0220615724687157,0.734748419437924,0.984342379958246,0.00401100508236444,2.72321216482695,"05_rr_to_or",1000
1,100,0.15,0.15,0.5,"grant","population",1000,999,0.001,0.0151912142291895,0.0208717774439182,0.659693461067171,0.0147659675905496,0.658533588716539,0.998241801049907,0.0223437201544945,0.659538175142934,0.979851537645811,0.00457557045437839,2.50631457221899,"05_rr_to_or",1000
2,100,0.15,0.15,0.5,"grant","population",1000,985,0.015,0.118787549188594,0.0233939000783681,0.734210761609717,0.0165503887297383,0.686152920992277,0.934544897554925,0.0210662689089666,0.743389971512178,0.973007712082262,0.00581016133101493,2.53948955349445,"05_rr_to_or",1000
0.25,300,0.15,0.15,0.5,"grant","population",1000,1000,0,-0.060048242707598,0.0172135814710854,0.544341241375016,0.012177930675052,0.530475974160972,0.974528354348055,0.0218020201999485,0.547372698558215,0.96,0.00619677335393187,2.02054844750213,"05_rr_to_or",1000
0.5,300,0.15,0.15,0.5,"grant","population",1000,1000,0,-0.00823677145849232,0.0125757716269915,0.397680816754146,0.00889686294023346,0.393960105289485,0.990643975500179,0.0221625567572746,0.39756726020422,0.96,0.00619677335393187,1.53335859292791,"05_rr_to_or",1000
0.75,300,0.15,0.15,0.5,"grant","population",1000,1000,0,0.000445781346841503,0.0112051961900206,0.354339415895061,0.00792723481929902,0.355008117555117,1.00188717831,0.022414088212135,0.354162482423259,0.957,0.00641490451994416,1.38334325989638,"05_rr_to_or",1000
1,300,0.15,0.15,0.5,"grant","population",1000,1000,0,0.0163182029441135,0.0106308452076083,0.336176843087279,0.00752090412869207,0.341246835484767,1.01508132550395,0.0227092659382217,0.336404724559014,0.954,0.00662449998113065,1.32683276763672,"05_rr_to_or",1000
2,300,0.15,0.15,0.5,"grant","population",1000,1000,0,0.0122577341583263,0.011440606023983,0.361783728484293,0.00809377800167133,0.378725323015994,1.04682796156333,0.0234194975056861,0.361810490141589,0.961616161616162,0.00610600956954669,1.41419016924687,"05_rr_to_or",1000
0.25,50,0.3,0.15,0.5,"grant","population",1000,1000,0,-0.021844073762975,0.0259457015963365,0.8204751253549,0.0183555616178142,1.01460110931959,1.23660191267922,0.02766509538613,0.820355663997864,0.961732124874119,0.00608792945545638,3.81106915729363,"05_rr_to_or",1000
0.5,50,0.3,0.15,0.5,"grant","population",1000,999,0.001,0.0452690990329512,0.0235388050420103,0.743990099035574,0.0166527854805135,0.738497654205919,0.992617583437232,0.0222178328751867,0.744994284170968,0.967313585291113,0.00568297755710608,2.79168283090942,"05_rr_to_or",1000
0.75,50,0.3,0.15,0.5,"grant","population",1000,1000,0,0.0613818831350343,0.0205771224993159,0.650705747901347,0.0145575034288853,0.637619172392682,0.979888643137283,0.0219219398759014,0.65327045544606,0.978372811534501,0.00466812637978107,2.42208575023254,"05_rr_to_or",1000
1,50,0.3,0.15,0.5,"grant","population",1000,998,0.002,0.0403638801117752,0.0199171355945758,0.629204979090386,0.0140906028302705,0.59909284609795,0.952142570397381,0.0213225629852098,0.630183668655035,0.981012658227848,0.00443266816627876,2.27811131144384,"05_rr_to_or",1000
2,50,0.3,0.15,0.5,"grant","population",1000,989,0.011,-0.240442232519362,0.0205445754315627,0.646093417616118,0.0145345585711342,0.615836500376518,0.953169438947019,0.0214425602565448,0.689076985456711,0.842874543239951,0.0127008611060652,2.23011640013371,"05_rr_to_or",1000
0.25,100,0.3,0.15,0.5,"grant","population",1000,1000,0,0.0438467736538817,0.0213864225525172,0.676298062687464,0.0151300513300735,0.671582766924539,0.993027784607002,0.0222158870211586,0.67738041755359,0.937,0.00768316341099159,2.51360766039551,"05_rr_to_or",1000
0.5,100,0.3,0.15,0.5,"grant","population",1000,1000,0,0.0634250904408069,0.0146651143601591,0.463751635249456,0.0103749906037693,0.471192000170107,1.01604385700257,0.022730799566343,0.467838920692553,0.95,0.00689202437604511,1.82084942737222,"05_rr_to_or",1000
0.75,100,0.3,0.15,0.5,"grant","population",1000,1000,0,0.0324817720809001,0.012380713984592,0.391512552504094,0.00875886734351404,0.408429243266238,1.04320855271165,0.0233385245667827,0.392662529670222,0.964,0.00589101010014412,1.58475239466824,"05_rr_to_or",1000
1,100,0.3,0.15,0.5,"grant","population",1000,1000,0,0.0142586005948771,0.0122047143170318,0.385946954334869,0.0086343545131086,0.390449610159467,1.01166651472184,0.0226328702404277,0.386017362562522,0.961923847695391,0.00605803255580389,1.50678341420447,"05_rr_to_or",1000
2,100,0.3,0.15,0.5,"grant","population",1000,1000,0,-0.318652476066803,0.0119034102108168,0.37641888189486,0.00842119372935427,0.413566151709316,1.09868598946859,0.0245796584870219,0.493040448620429,0.801627670396745,0.0127189171296618,1.54594376704911,"05_rr_to_or",1000
0.25,300,0.3,0.15,0.5,"grant","population",1000,1000,0,0.125112122437449,0.0109533260072049,0.346374581371255,0.00774904658865135,0.340131540899673,0.981976043256794,0.0219686389168969,0.368114681112144,0.905,0.00927227048785787,1.32140372151336,"05_rr_to_or",1000
0.5,300,0.3,0.15,0.5,"grant","population",1000,1000,0,0.105999162518967,0.00818845646100806,0.258941729379072,0.00579301032067852,0.255497727311488,0.986699702377664,0.0220743159976215,0.279677655255713,0.92,0.00857904423581089,0.998403224893196,"05_rr_to_or",1000
0.75,300,0.3,0.15,0.5,"grant","population",1000,1000,0,0.0506243899861975,0.00694533245610982,0.219630696683985,0.00491354906634437,0.225973194678728,1.02887801245684,0.0230179236045659,0.225282565114216,0.95,0.00689202437604511,0.883741660767125,"05_rr_to_or",1000
1,300,0.3,0.15,0.5,"grant","population",1000,1000,0,0.000760124321778132,0.00682586589215796,0.215852832220764,0.00482903117933542,0.211662361593437,0.980586445939974,0.0219375510284471,0.215746217861478,0.945,0.00720936890441875,0.827364810771469,"05_rr_to_or",1000
2,300,0.3,0.15,0.5,"grant","population",1000,1000,0,-0.35162907411567,0.00672770823489061,0.212748814553254,0.00475958850423407,0.21123174340864,0.992869191079633,0.0222123389876182,0.410925542889663,0.588,0.0155645751628498,0.819253406049413,"05_rr_to_or",1000
0.25,50,0.5,0.15,0.5,"grant","population",1000,1000,0,0.318476238491546,0.0205346126679637,0.649361469001121,0.0145274293980926,0.706405774273733,1.08784676639401,0.0243371648136778,0.722963181351302,0.851,0.0112605062053178,2.63397413852447,"05_rr_to_or",1000
0.5,50,0.5,0.15,0.5,"grant","population",1000,1000,0,0.287228787054177,0.0145026474406056,0.458613980147251,0.0102600516593877,0.469934175414834,1.02468349365178,0.0229240843814085,0.540940691865874,0.86,0.0109726933794762,1.80769843598747,"05_rr_to_or",1000
0.75,50,0.5,0.15,0.5,"grant","population",1000,1000,0,0.168278472457048,0.0127774059867673,0.404057055068559,0.00903951130537367,0.397486823888449,0.98373934795175,0.0220080873376704,0.437511698060067,0.917,0.00872416185085994,1.53445496773222,"05_rr_to_or",1000
1,50,0.5,0.15,0.5,"grant","population",1000,1000,0,0.00529287709703602,0.0112889530361268,0.356988039928338,0.00798648948789634,0.361381446954308,1.01230687455762,0.0226471962864711,0.356848756112711,0.966966966966967,0.00565454026312121,1.39409524342849,"05_rr_to_or",1000
0.25,100,0.5,0.15,0.5,"grant","population",1000,1000,0,0.364974376077812,0.0155081551056538,0.490410924410353,0.0109714087153705,0.463659259948225,0.945450512762756,0.0211514945515309,0.611120828559807,0.781,0.0130781879478772,1.75700918035514,"05_rr_to_or",1000
0.5,100,0.5,0.15,0.5,"grant","population",1000,1000,0,0.314574752038304,0.0100022197405388,0.31629796037601,0.00707617637860682,0.318748089775735,1.00774626999432,0.0225451670408678,0.445983889796757,0.786,0.0129693484801666,1.24039902974985,"05_rr_to_or",1000
0.75,100,0.5,0.15,0.5,"grant","population",1000,1000,0,0.15631653693831,0.00865865068544352,0.273810576297797,0.00612565420879693,0.26854494145722,0.980769059720871,0.0219416364399409,0.315169984581694,0.896,0.00965318600255895,1.04714471587111,"05_rr_to_or",1000
1,100,0.5,0.15,0.5,"grant","population",1000,1000,0,0.00648742992783139,0.00792964649132153,0.250757439525386,0.00560991246424759,0.243924148268167,0.972749397704199,0.0217622216158323,0.250715976616806,0.959,0.00627048642451286,0.949203617634673,"05_rr_to_or",1000
0.25,300,0.5,0.15,0.5,"grant","population",1000,1000,0,0.425604005388984,0.00796551805334207,0.251891797917515,0.00563529018103626,0.24510743273726,0.973066351360607,0.0217693124613563,0.494494487111238,0.529,0.0157847711418316,0.955140697446315,"05_rr_to_or",1000
0.5,300,0.5,0.15,0.5,"grant","population",1000,1000,0,0.316712733448108,0.00562877623064989,0.177997533282709,0.003982137409195,0.178976926868559,1.00550228740695,0.022494964957491,0.363260779965367,0.532,0.0157789733506334,0.700121064567287,"05_rr_to_or",1000
0.75,300,0.5,0.15,0.5,"grant","population",1000,1000,0,0.184683464029371,0.00466196771257564,0.147424363499042,0.00329815847494852,0.152252783479914,1.03275184553131,0.0231045884887266,0.236262969794321,0.761,0.0134862522592453,0.59578869002728,"05_rr_to_or",1000
1,300,0.5,0.15,0.5,"grant","population",1000,1000,0,-0.00293580352423962,0.0044659640281672,0.141226182773887,0.0031594935907819,0.137022564353686,0.970234850665533,0.0217059665001282,0.141186078663994,0.943,0.00733150734842434,0.53604258556517,"05_rr_to_or",1000
0.25,50,0.01,0.3,0.5,"grant","population",1000,997,0.003,1.22504486232114,0.0284894992738743,0.899564680370153,0.0201552286031419,NA,NA,NA,1.51958542941817,NA,NA,NA,"05_rr_to_or",1000
0.5,50,0.01,0.3,0.5,"grant","population",1000,996,0.004,0.666208581969077,0.0340694992867192,1.07521526148077,0.0241028768536808,1.81070842455081,1.68404271164932,0.037750835157717,1.26442121242439,1,0,7.08892648672338,"05_rr_to_or",1000
0.75,50,0.01,0.3,0.5,"grant","population",1000,979,0.021,0.393550918277847,0.0392620576253739,1.22846956674947,0.0277766570542833,NA,NA,NA,1.28937127800258,NA,NA,NA,"05_rr_to_or",1000
1,50,0.01,0.3,0.5,"grant","population",1000,976,0.024,0.238116895518039,0.0424350437091292,1.32571314550524,0.0300214909703836,1.79230331672228,1.35195409564956,0.0306157314744346,1.34625936103039,1,0,7.01631232836328,"05_rr_to_or",1000
2,50,0.01,0.3,0.5,"grant","population",1000,912,0.088,-0.131697633673087,0.0507206757671292,1.5317308179475,0.0358846127587937,NA,NA,NA,1.53654514363065,NA,NA,NA,"05_rr_to_or",1000
0.25,100,0.01,0.3,0.5,"grant","population",1000,996,0.004,1.03865850683319,0.0347631436763214,1.09710630917314,0.0245936039160931,1.885670026762,1.71876691528934,0.0385292404074945,1.51037918129396,1,0,7.38716187809338,"05_rr_to_or",1000
0.5,100,0.01,0.3,0.5,"grant","population",1000,983,0.017,0.59415309320495,0.043216955832404,1.35497390447411,0.0305745581457434,1.84485373175449,1.36154189070565,0.0307227626803646,1.47888622777393,1,0,7.20542224461889,"05_rr_to_or",1000
0.75,100,0.01,0.3,0.5,"grant","population",1000,960,0.04,0.369435315578126,0.0481248677273438,1.4910944899715,0.034047157828761,1.81805068999645,1.21927262304564,0.027840467329415,1.53542477104087,1,0,7.09754482926624,"05_rr_to_or",1000
1,100,0.01,0.3,0.5,"grant","population",1000,939,0.0610000000000001,0.234561330686788,0.0492124980512863,1.50802383821229,0.0348170354522714,1.83784269297545,1.2187093110903,0.0281373836507422,1.52536325001806,1,0,7.17615293882881,"05_rr_to_or",1000
2,100,0.01,0.3,0.5,"grant","population",1000,854,0.146,-0.00366505234510079,0.0562148724354044,1.64278286697335,0.0397732107466276,1.76149865997209,1.07226505424753,0.0259604752619586,1.64182485934004,1,0,6.86338014103839,"05_rr_to_or",1000
0.25,300,0.01,0.3,0.5,"grant","population",1000,986,0.014,0.444265866095882,0.0422969078597509,1.32814984722858,0.0299236084638725,1.82659257383335,1.37529103184016,0.0309857132811742,1.39984468711952,1,0,7.11937283026857,"05_rr_to_or",1000
0.5,300,0.01,0.3,0.5,"grant","population",1000,951,0.049,0.0743108112739357,0.0468954075703423,1.44617407938335,0.0331775087726315,1.77888133713012,1.23006031050469,0.0282195188839485,1.4473224883561,1,0,6.8934278403535,"05_rr_to_or",1000
0.75,300,0.01,0.3,0.5,"grant","population",1000,922,0.078,-0.00652320366657562,0.0504237328813634,1.53108906218782,0.0356743148594351,1.76171990819744,1.15063189445038,0.0268096778323767,1.53027243185636,0.993670886075949,0.00630905329062679,6.82279064491645,"05_rr_to_or",1000
1,300,0.01,0.3,0.5,"grant","population",1000,878,0.122,-0.0581899482510604,0.0506072658095577,1.49954717154462,0.0358051368094397,1.70342614032617,1.135960357,0.0271236655733804,1.49982222093561,0.992857142857143,0.00711730122141705,6.55324265447003,"05_rr_to_or",1000
2,300,0.01,0.3,0.5,"grant","population",1000,691,0.309,-0.0854100720040208,0.0547385077131543,1.4389045210243,0.0387340076454578,1.6658539751136,1.15772377581227,0.0311648764239886,1.4403974440401,0.987012987012987,0.0129024061385767,6.39753070743819,"05_rr_to_or",1000
0.25,50,0.05,0.3,0.5,"grant","population",1000,987,0.013,0.723676732042358,0.0443188274774902,1.39234493171872,0.0313540309697838,1.78028738524403,1.27862524916612,0.0287931925112943,1.56855610767143,1,0,6.95173689321106,"05_rr_to_or",1000
0.5,50,0.05,0.3,0.5,"grant","population",1000,964,0.036,0.241137486387202,0.047978902315172,1.48966572255105,0.0339438174635641,1.70908540071481,1.1472945741062,0.0261424808336917,1.50829349836738,1,0,6.65017166274095,"05_rr_to_or",1000
0.75,50,0.05,0.3,0.5,"grant","population",1000,928,0.072,0.13207447119308,0.0524011981497205,1.59630254233475,0.0370732227347421,1.6861130602904,1.05626158925005,0.0245310773652881,1.60089961803912,1,0,6.54391371556558,"05_rr_to_or",1000
1,50,0.05,0.3,0.5,"grant","population",1000,886,0.114,0.0657598685928105,0.0538137756794693,1.6018075081769,0.0380735779881571,1.65606092091208,1.03387012013505,0.0245741978656276,1.60225332925738,1,0,6.41216144797461,"05_rr_to_or",1000
2,50,0.05,0.3,0.5,"grant","population",1000,681,0.319,-0.121219368016597,0.0563203704856731,1.46973507600833,0.039853787863828,1.49207475429577,1.01519979937344,0.0275284696569361,1.47364966823866,0.977272727272727,0.0224675239369127,5.7503572748578,"05_rr_to_or",1000
0.25,100,0.05,0.3,0.5,"grant","population",1000,990,0.01,0.176228029993237,0.0383597293343054,1.20696070617695,0.0271381343281091,1.67722721329176,1.38962868029431,0.0312453666461707,1.21915503360969,1,0,6.49379158804488,"05_rr_to_or",1000
0.5,100,0.05,0.3,0.5,"grant","population",1000,958,0.042,-0.0352848263997409,0.0446212614395706,1.38109832365956,0.0315684770915622,1.55213992240458,1.12384462120829,0.0256882964603717,1.38082820858239,1,0,5.96724877246777,"05_rr_to_or",1000
0.75,100,0.05,0.3,0.5,"grant","population",1000,932,0.0679999999999999,-0.0878830036879325,0.0450403418839485,1.3750219612884,0.031865430949459,1.50848059450924,1.09705927394482,0.0254237877834302,1.37709120393879,1,0,5.77598123181446,"05_rr_to_or",1000
1,100,0.05,0.3,0.5,"grant","population",1000,887,0.113,0.0532316471016381,0.0460346545992655,1.37102918245869,0.0325697811301069,1.41530212337384,1.03229175679233,0.0245228307400764,1.37128969878083,1,0,5.38576992310236,"05_rr_to_or",1000
2,100,0.05,0.3,0.5,"grant","population",1000,705,0.295,0.0530892221300414,0.0459424272584658,1.21985579835962,0.0325092662576021,1.28794575771501,1.05581803967891,0.02813764530009,1.22014586327847,0.951612903225806,0.0192701058888478,4.92306423756292,"05_rr_to_or",1000
0.25,300,0.05,0.3,0.5,"grant","population",1000,1000,0,-0.33688290760756,0.0275515586414741,0.871256783947526,0.0194916422064226,1.11734039878558,1.28244671303802,0.0286907292314929,0.9337126906223,0.998956158663883,0.00104329639150335,4.22784669658109,"05_rr_to_or",1000
0.5,300,0.05,0.3,0.5,"grant","population",1000,998,0.002,-0.219903681467361,0.0273001105956012,0.862441561182548,0.0193137719928883,0.907905280321972,1.05271513014411,0.0235748147030259,0.889616647516984,0.995381062355658,0.0023041290027204,3.44975541474063,"05_rr_to_or",1000
0.75,300,0.05,0.3,0.5,"grant","population",1000,986,0.014,-0.096893058791442,0.0261448916286658,0.820966249768427,0.0184966121641967,0.865268367258476,1.05396338461239,0.023746106451926,0.826250744473203,0.988235294117647,0.003898432327433,3.28969270745304,"05_rr_to_or",1000
1,300,0.05,0.3,0.5,"grant","population",1000,986,0.014,0.303835831982287,0.103928548404423,3.26342261575516,0.073525875720857,0.833439192641969,0.255388066693627,0.00575396859776936,3.27588800764696,0.983333333333333,0.00498313654555541,3.15472929421266,"05_rr_to_or",1000
2,300,0.05,0.3,0.5,"grant","population",1000,856,0.144,0.739506790437862,0.100700732535379,2.94624943417671,0.0712477997131755,0.923151798935595,0.313331175638751,0.00757714421149875,3.03597025412917,0.965217391304348,0.0120817467114611,3.41270358590357,"05_rr_to_or",1000
0.25,50,0.15,0.3,0.5,"grant","population",1000,995,0.005,-0.01571944785544,0.0338854067990256,1.06886841564609,0.0239726505171999,1.50572974219722,1.40871385116855,0.0315947261032963,1.06844680270602,1,0,5.78793480203888,"05_rr_to_or",1000
0.5,50,0.15,0.3,0.5,"grant","population",1000,989,0.011,-0.0768441116918746,0.0383044078137261,1.20461120438201,0.0270990101866935,1.31724585878664,1.09350291114254,0.0245995109629026,1.20645179910613,1,0,5.00735171371979,"05_rr_to_or",1000
0.75,50,0.15,0.3,0.5,"grant","population",1000,949,0.051,-0.0424645916046229,0.0379023710708657,1.16761451533506,0.0268151554424647,1.19806409902545,1.02607845593771,0.0235646721848421,1.16777151370826,0.99792531120332,0.00207253551245041,4.54081623533978,"05_rr_to_or",1000
1,50,0.15,0.3,0.5,"grant","population",1000,937,0.0629999999999999,-0.0366011790113786,0.0365078804074826,1.1175228570104,0.025828756169577,1.0746000410023,0.961591106849546,0.0222247823190783,1.11752590883338,0.993087557603687,0.0039770831241135,4.08829104497201,"05_rr_to_or",1000
2,50,0.15,0.3,0.5,"grant","population",1000,787,0.213,0.144993034778791,0.0343849097083943,0.964617761768895,0.0243292647046458,0.968848152898156,1.00438556213344,0.0253322747881595,0.974847723718296,0.96319018404908,0.0147483706910413,3.67968069860045,"05_rr_to_or",1000
0.25,100,0.15,0.3,0.5,"grant","population",1000,1000,0,-0.277238656520012,0.0275675804626003,0.871763438417753,0.0195029770136091,1.10910210170696,1.27225122416235,0.0284626370950004,0.914370162318524,0.992700729927007,0.00274877747579978,4.19246971423248,"05_rr_to_or",1000
0.5,100,0.15,0.3,0.5,"grant","population",1000,999,0.001,-0.118445484574349,0.0271452055389906,0.857977459826477,0.0192041730180646,0.896820304031723,1.04527256953009,0.0233964133280992,0.865689200696527,0.998873873873874,0.00112549186748607,3.38718149681718,"05_rr_to_or",1000
0.75,100,0.15,0.3,0.5,"grant","population",1000,993,0.00700000000000001,-0.0531747467548823,0.0257240794956175,0.810614685307126,0.0181988369227407,0.838039755523488,1.03383243693145,0.0232102233850188,0.811949501793135,0.980246913580247,0.00488925528887691,3.17621544940511,"05_rr_to_or",1000
1,100,0.15,0.3,0.5,"grant","population",1000,975,0.025,0.0557010017574551,0.0259413019046052,0.810016892350539,0.0183526845371274,0.80811785949475,0.997655563885491,0.0226040444509357,0.811515259465589,0.982808022922636,0.00492005034706681,3.06115133555102,"05_rr_to_or",1000
2,100,0.15,0.3,0.5,"grant","population",1000,870,0.13,0.429177359620874,0.0328509147351241,0.968962775896434,0.0232424661571965,0.8205517628249,0.846835175959953,0.020312996956734,1.05924637572433,0.96078431372549,0.0121554984289817,3.09592054858333,"05_rr_to_or",1000
0.25,300,0.15,0.3,0.5,"grant","population",1000,1000,0,-0.247220123286125,0.0179613605768942,0.567988092985414,0.0127069549298876,0.557821536477046,0.982100757685022,0.0219714290116861,0.61919758773516,0.974,0.00503229569878401,2.13716078131718,"05_rr_to_or",1000
0.5,300,0.15,0.3,0.5,"grant","population",1000,1000,0,-0.129314216177981,0.0137757233091647,0.435626620732325,0.00974578147723077,0.438848930472572,1.00739695323217,0.0225373521721978,0.454205843911876,0.964,0.00589101010014412,1.70732719213923,"05_rr_to_or",1000
0.75,300,0.15,0.3,0.5,"grant","population",1000,1000,0,-0.0545033559826132,0.013358273977423,0.422425713772134,0.00945045252254246,0.427995411097583,1.01318503382693,0.0226668423501723,0.425717812624288,0.962739174219537,0.00601043542353502,1.65295069965004,"05_rr_to_or",1000
1,300,0.15,0.3,0.5,"grant","population",1000,1000,0,0.0382386289625268,0.0131841545661353,0.416919574526965,0.00932726989936758,0.459379539986513,1.10184210110001,0.0246502666014338,0.418461829127885,0.972533062054934,0.00521291389500074,1.73906828391865,"05_rr_to_or",1000
2,300,0.15,0.3,0.5,"grant","population",1000,975,0.025,0.489069994179012,0.0228293108563136,0.712845003012467,0.0161510452284418,0.680982363801694,0.955302149729433,0.021644436254592,0.864185327399123,0.998284734133791,0.0017137941663534,2.47790307808179,"05_rr_to_or",1000
0.25,50,0.3,0.3,0.5,"grant","population",1000,1000,0,-0.128667127678071,0.0260677297396017,0.824333994068494,0.0184418917212611,1.06180839527604,1.28808032049666,0.0288167635567785,0.833907810844859,0.981632653061224,0.00428928274119157,4.00571894092861,"05_rr_to_or",1000
0.5,50,0.3,0.3,0.5,"grant","population",1000,999,0.001,-0.0857041040968313,0.0253397865244168,0.800913650977377,0.0179269095589179,0.838994328332991,1.0475465455098,0.023447311900845,0.805087426929429,0.992456896551724,0.00284025197678706,3.18864772262809,"05_rr_to_or",1000
0.75,50,0.3,0.3,0.5,"grant","population",1000,993,0.00700000000000001,-0.0444294302195691,0.0220695759243888,0.695454325036509,0.0156134105117511,0.747922872446091,1.07544499404303,0.0241444528710353,0.696522523900082,0.990804597701149,0.00323608371149928,2.84287083656879,"05_rr_to_or",1000
1,50,0.3,0.3,0.5,"grant","population",1000,985,0.015,0.050164222346487,0.0237366876119194,0.744969048822877,0.0167928992522667,0.75051159122725,1.00743996332885,0.0227094505921024,0.746278703011753,0.967234600262123,0.00644482869674582,2.81493745794518,"05_rr_to_or",1000
2,50,0.3,0.3,0.5,"grant","population",1000,900,0.1,0.0592430390331153,0.0291021290862959,0.873063872588878,0.020589754755726,0.740043746397455,0.84763986877961,0.0199901720450255,0.874587519563601,0.875722543352601,0.0177354165782538,2.7689417316876,"05_rr_to_or",1000
0.25,100,0.3,0.3,0.5,"grant","population",1000,1000,0,-0.105967093476317,0.0215112941438838,0.680246849125147,0.0152183930610201,0.692454967147846,1.01794659988267,0.0227733674798595,0.688114863136065,0.964,0.00589101010014412,2.6118507238021,"05_rr_to_or",1000
0.5,100,0.3,0.3,0.5,"grant","population",1000,1000,0,-0.0111222256326363,0.0172192193209723,0.544519525842505,0.0121819192317156,0.530927475996404,0.975038452799152,0.0218134320554221,0.544360832915766,0.962814070351759,0.00599858746224042,2.0448415100827,"05_rr_to_or",1000
0.75,100,0.3,0.3,0.5,"grant","population",1000,1000,0,0.0256723607809702,0.0153685906417722,0.48599750854749,0.0108726723560192,0.500391562811387,1.02961754743747,0.023034468383909,0.486432374379134,0.974567650050865,0.00502137298944069,1.92410160169615,"05_rr_to_or",1000
1,100,0.3,0.3,0.5,"grant","population",1000,1000,0,0.0392779626829793,0.0155177123818129,0.490713152019251,0.010978170111696,0.512478327001929,1.04435417084933,0.0233641541851184,0.49203796247813,0.980083857442348,0.00452334844517565,1.9449050511391,"05_rr_to_or",1000
2,100,0.3,0.3,0.5,"grant","population",1000,955,0.045,0.0947675862069859,0.0227219977743984,0.702179585028699,0.0160752972987998,0.741447596350379,1.05592303188375,0.0241736971909936,0.708181315655613,0.952631578947368,0.00889753107284836,2.62064732352462,"05_rr_to_or",1000
0.25,300,0.3,0.3,0.5,"grant","population",1000,1000,0,-0.043812100764296,0.0110214636041876,0.348529281378813,0.00779725125389277,0.354102739974736,1.01599136397916,0.0227296251993256,0.35109925589758,0.959,0.00627048642451286,1.37773776486622,"05_rr_to_or",1000
0.5,300,0.3,0.3,0.5,"grant","population",1000,1000,0,-0.027228628680061,0.00911729253382061,0.288314105009209,0.00645012524601808,0.279767590343356,0.970356931841472,0.0217086976841435,0.289453444173515,0.952,0.00675988165576884,1.09368229081563,"05_rr_to_or",1000
0.75,300,0.3,0.3,0.5,"grant","population",1000,1000,0,0.00361059875617006,0.00797304825574112,0.252129923825746,0.00564061750254334,0.262383163598058,1.04066649296019,0.0232816539402857,0.25202969153111,0.964,0.00589101010014412,1.02483622654988,"05_rr_to_or",1000
1,300,0.3,0.3,0.5,"grant","population",1000,1000,0,0.0216420397902445,0.00816993388483581,0.25835599409069,0.00577990632782683,0.266376184549358,1.03104317547149,0.0230663623468262,0.259132108680473,0.959,0.00627048642451286,1.03580952004142,"05_rr_to_or",1000
2,300,0.3,0.3,0.5,"grant","population",1000,996,0.004,0.0629181652834033,0.0136774314413656,0.431652455466112,0.00967626330318293,0.449334975192703,1.04096471479004,0.0233350894732068,0.435999387272185,0.967141292442497,0.00589976635466171,1.6409937020798,"05_rr_to_or",1000
0.25,50,0.5,0.3,0.5,"grant","population",1000,1000,0,0.110587789016439,0.0222828606598017,0.704645924691356,0.015764245971283,0.762073343373505,1.08149826270166,0.0241951369238555,0.712922865662546,0.909,0.00909499862561837,2.85071149944248,"05_rr_to_or",1000
0.5,50,0.5,0.3,0.5,"grant","population",1000,1000,0,0.200181175540645,0.0166642568766432,0.526970072443162,0.0117893051678934,0.531968526224813,1.0094852706881,0.0225840717357229,0.563464517813088,0.908726178535607,0.00912099163715297,2.03953329071438,"05_rr_to_or",1000
0.75,50,0.5,0.3,0.5,"grant","population",1000,1000,0,0.151332659940549,0.0148378546545396,0.469214162988761,0.0104971975560696,0.489445541724409,1.04311757898947,0.0233364893146326,0.492791378560113,0.950253807106599,0.00692758109907619,1.8624206959056,"05_rr_to_or",1000
1,50,0.5,0.3,0.5,"grant","population",1000,1000,0,0.0341117785664118,0.014428552736314,0.45627089986607,0.0102076325754355,0.481024963659222,1.05425299706911,0.0235856094236821,0.457316700293673,0.98860103626943,0.00341727209275109,1.81083417806093,"05_rr_to_or",1000
0.25,100,0.5,0.3,0.5,"grant","population",1000,1000,0,0.207397739543402,0.0147035312264717,0.464966483230595,0.0104021690230595,0.470928963679928,1.01282346290405,0.0226587533330296,0.508912034702474,0.881,0.0102390917565964,1.81431815609249,"05_rr_to_or",1000
0.5,100,0.5,0.3,0.5,"grant","population",1000,1000,0,0.194353190599637,0.0110939496185198,0.350821490416787,0.00784853225308119,0.350613256502137,0.999406439114083,0.0223585894410434,0.40090622982984,0.893,0.00977501918156686,1.36550119512712,"05_rr_to_or",1000
0.75,100,0.5,0.3,0.5,"grant","population",1000,1000,0,0.117572415071285,0.0093947663590741,0.297088597798014,0.00664642704490604,0.313770065476254,1.05614980784143,0.0236280446248636,0.319369137664151,0.94,0.00750999334220744,1.22032005613138,"05_rr_to_or",1000
1,100,0.5,0.3,0.5,"grant","population",1000,1000,0,0.00175392023177888,0.0093578685042759,0.29592178517865,0.00662032326641315,0.309501958990047,1.04589109180724,0.0233985379786946,0.295778987550764,0.962,0.00604615580348373,1.19240700636797,"05_rr_to_or",1000
0.25,300,0.5,0.3,0.5,"grant","population",1000,1000,0,0.249610453059188,0.00809616810612561,0.256023315349688,0.00572771994576375,0.256927067350601,1.00352995976042,0.0224508403027297,0.357474150591419,0.796,0.0127429980773757,1.00225077147807,"05_rr_to_or",1000
0.5,300,0.5,0.3,0.5,"grant","population",1000,1000,0,0.200295853608202,0.00598313633421188,0.1892033836742,0.00423283322066405,0.194847318021289,1.02982998632206,0.023039221038701,0.275464247128391,0.807,0.0124800240384384,0.76250129626091,"05_rr_to_or",1000
0.75,300,0.5,0.3,0.5,"grant","population",1000,1000,0,0.122849595129626,0.00544419205060746,0.172160468993023,0.00385155137443845,0.175347084942265,1.01850956824108,0.0227859621339473,0.211427554685587,0.892,0.00981509042240569,0.686007758277664,"05_rr_to_or",1000
1,300,0.5,0.3,0.5,"grant","population",1000,1000,0,0.00506282091784295,0.00535668397560754,0.169393220686457,0.00378964285919736,0.16873057988163,0.996088150386768,0.0222843531219672,0.169384182576066,0.965,0.00581162627841812,0.659390689419522,"05_rr_to_or",1000
0.25,50,0.01,0.5,0.5,"grant","population",1000,963,0.037,0.982707391030155,0.023487486918355,0.728869361542602,0.0166167911313487,NA,NA,NA,1.22327948586538,NA,NA,NA,"05_rr_to_or",1000
0.5,50,0.01,0.5,0.5,"grant","population",1000,905,0.095,0.321731387212263,0.0235496758049277,0.708450029019736,0.0166613431626458,NA,NA,NA,0.777726135541988,NA,NA,NA,"05_rr_to_or",1000
0.75,50,0.01,0.5,0.5,"grant","population",1000,863,0.137,-0.112800488396551,0.024803947343485,0.728662129313209,0.0175492098746533,NA,NA,NA,0.736924156934716,NA,NA,NA,"05_rr_to_or",1000
1,50,0.01,0.5,0.5,"grant","population",1000,829,0.171,-0.332645876420767,0.0233343816369097,0.671851918748834,0.0165098601911248,NA,NA,NA,0.749328890714786,NA,NA,NA,"05_rr_to_or",1000
2,50,0.01,0.5,0.5,"grant","population",1000,690,0.31,-1.05886191912373,0.0261827312434384,0.68776408499036,0.0185274173448622,NA,NA,NA,1.26234799677334,NA,NA,NA,"05_rr_to_or",1000
0.25,100,0.01,0.5,0.5,"grant","population",1000,930,0.07,0.786186184224051,0.0275910981555747,0.841415407875573,0.0195203502408517,NA,NA,NA,1.15121993388655,NA,NA,NA,"05_rr_to_or",1000
0.5,100,0.01,0.5,0.5,"grant","population",1000,844,0.156,0.0250648293922278,0.0297171696859346,0.863333647540959,0.021025671861089,NA,NA,NA,0.863186030050705,NA,NA,NA,"05_rr_to_or",1000
0.75,100,0.01,0.5,0.5,"grant","population",1000,812,0.188,-0.333954205625352,0.0296604634035085,0.845193107236699,0.0209860412259701,NA,NA,NA,0.908293486096853,NA,NA,NA,"05_rr_to_or",1000
1,100,0.01,0.5,0.5,"grant","population",1000,736,0.264,-0.657151242759979,0.0312357902513119,0.847405747072338,0.0221020591919541,NA,NA,NA,1.07189952021614,NA,NA,NA,"05_rr_to_or",1000
2,100,0.01,0.5,0.5,"grant","population",1000,534,0.466,-1.26188728416404,0.0361745275698,0.83593690047494,0.0256032380540324,NA,NA,NA,1.51322219884115,NA,NA,NA,"05_rr_to_or",1000
0.25,300,0.01,0.5,0.5,"grant","population",1000,914,0.086,-0.0606840299841381,0.0322351293915361,0.974546386857298,0.0228061580159463,1.75131868993868,1.79706036937483,0.0420544812446761,0.975901689754066,1,0,6.83622992474745,"05_rr_to_or",1000
0.5,300,0.01,0.5,0.5,"grant","population",1000,842,0.158,-0.530925696089863,0.0337691558382906,0.979887573162298,0.023892591302879,1.67232961728195,1.70665458271401,0.0416133458131095,1.11396651427248,1,0,6.46794597023006,"05_rr_to_or",1000
0.75,300,0.01,0.5,0.5,"grant","population",1000,733,0.267,-0.70759976197643,0.0369348132213071,0.999972126360956,0.0261346901852394,1.66173272051493,1.66177904034407,0.0434312909638444,1.2244498749317,1,0,6.46855871428827,"05_rr_to_or",1000
1,300,0.01,0.5,0.5,"grant","population",1000,688,0.312,-0.822287585686588,0.0378413545987477,0.992569425830404,0.0267773458029058,1.55525292933895,1.56689586528196,0.0422714132935297,1.28837842676355,1,0,6.0403444185303,"05_rr_to_or",1000
2,300,0.01,0.5,0.5,"grant","population",1000,380,0.62,-0.918613634956343,0.0534027167504758,1.04101059524195,0.0378112075113235,1.43087670394036,1.37450733977189,0.049924354744798,1.3873363757854,0.857142857142857,0.132260014253222,5.549248875095,"05_rr_to_or",1000
0.25,50,0.05,0.5,0.5,"grant","population",1000,900,0.1,0.114479681608884,0.0323142540155377,0.969427620466131,0.0228623329695648,2.27118220215693,2.34280739913814,0.0552512036090965,0.975628667993779,1,0,8.81874366312272,"05_rr_to_or",1000
0.5,50,0.05,0.5,0.5,"grant","population",1000,828,0.172,-0.444456317280511,0.0333040446795294,0.958323523967415,0.0235637494500235,2.30320177410126,2.40336558218472,0.0590951834104578,1.0558485853416,1,0,8.89754441710008,"05_rr_to_or",1000
0.75,50,0.05,0.5,0.5,"grant","population",1000,716,0.284,-0.715247327517735,0.0371038805046105,0.992832176717847,0.0262547462392673,2.34691680943284,2.36386054407644,0.062510623834647,1.22307717364811,1,0,9.12150955187235,"05_rr_to_or",1000
1,50,0.05,0.5,0.5,"grant","population",1000,638,0.362,-0.841097528139875,0.0390495608964135,0.986339655269587,0.0276338744464286,2.19779804109676,2.22823652010225,0.0624275906423158,1.2956797826601,1,0,8.43773830874756,"05_rr_to_or",1000
2,50,0.05,0.5,0.5,"grant","population",1000,440,0.56,-1.06879728558944,0.0456133100023525,0.956792862495907,0.0322901950907898,1.47743648139618,1.54415499875502,0.0521127070598639,1.43377112725745,1,0,5.79144458596418,"05_rr_to_or",1000
0.25,100,0.05,0.5,0.5,"grant","population",1000,939,0.0610000000000001,-0.221516820020218,0.0323185532064924,0.990340880504216,0.0228648464783054,1.7108730328616,1.72755973881492,0.0398856484546953,1.01429792086368,1,0,6.64759142230406,"05_rr_to_or",1000
0.5,100,0.05,0.5,0.5,"grant","population",1000,864,0.136,-0.575238970461929,0.0356800090111302,1.0487737931421,0.0252441894600668,1.62013098089579,1.54478591235763,0.0371832977728826,1.19563927640268,1,0,6.27506506248842,"05_rr_to_or",1000
0.75,100,0.05,0.5,0.5,"grant","population",1000,776,0.224,-0.577516299218642,0.037827476272687,1.05375155414391,0.0267653162405849,1.57452965281807,1.49421336236819,0.0379530573572283,1.20103559304574,1,0,6.08472028593181,"05_rr_to_or",1000
1,100,0.05,0.5,0.5,"grant","population",1000,709,0.291,-0.66001189134388,0.0405114333237823,1.07870011913998,0.0286661322423324,1.53592397463076,1.42386558356488,0.0378388009693731,1.26394955101775,0.973684210526316,0.0183615977611674,5.90748814428066,"05_rr_to_or",1000
2,100,0.05,0.5,0.5,"grant","population",1000,413,0.587,-0.490958738602178,0.0477043712410874,0.969467382465544,0.0337729965821312,1.42399221209026,1.468839733905,0.0511694567657463,1.08564809290991,0.944444444444444,0.0539902953226417,5.44739968059572,"05_rr_to_or",1000
0.25,300,0.05,0.5,0.5,"grant","population",1000,996,0.004,-0.585786589569151,0.0304797042047071,0.961923239626121,0.021563233166419,1.2412586358177,1.29039260585923,0.028926462622091,1.12583890281135,1,0,4.72276715731215,"05_rr_to_or",1000
0.5,300,0.05,0.5,0.5,"grant","population",1000,974,0.026,-0.420698464797063,0.0309926600701204,0.967249093454351,0.0219263788344428,1.0849971574793,1.12173499548543,0.025428389263232,1.05432322467669,0.981512605042017,0.00552239309739013,4.12560968521536,"05_rr_to_or",1000
0.75,300,0.05,0.5,0.5,"grant","population",1000,946,0.054,-0.216623772599451,0.0298383002034723,0.917739971040152,0.0211100248815553,0.99782469800551,1.08726298242692,0.0250094246040223,0.942487235532113,0.948356807511737,0.0107222918550158,3.79651199343997,"05_rr_to_or",1000
1,300,0.05,0.5,0.5,"grant","population",1000,888,0.112,-0.0169739427671469,0.0312740889028127,0.931946859746048,0.0221265825094151,0.986049263251668,1.05805309920821,0.0251206374635484,0.931576618151658,0.933333333333333,0.0156207782967735,3.76396197419601,"05_rr_to_or",1000
2,300,0.05,0.5,0.5,"grant","population",1000,467,0.533,0.364697663207752,0.0415144828907233,0.89713556349222,0.0293866524561372,0.974831274188251,1.08660420326399,0.0355929041029188,0.967539742099524,0.857142857142857,0.0763603548321213,3.71013320459138,"05_rr_to_or",1000
0.25,50,0.15,0.5,0.5,"grant","population",1000,979,0.021,-0.365940581695398,0.0313102746369904,0.979666422099404,0.0221510234936095,1.74164208156249,1.77779093196865,0.0401972424617487,1.0453126205221,1,0,6.58342332392482,"05_rr_to_or",1000
0.5,50,0.15,0.5,0.5,"grant","population",1000,918,0.082,-0.46444540338445,0.0363256712795845,1.10061388943244,0.0257001301993529,1.51674334401732,1.37808850004561,0.0321793630059192,1.19404393216608,1,0,5.72056886550926,"05_rr_to_or",1000
0.75,50,0.15,0.5,0.5,"grant","population",1000,864,0.136,-0.447392925651958,0.0356388667988805,1.04756446401928,0.0252150806725518,1.39001040477631,1.32689724834989,0.0319386751942299,1.13854363437363,0.985849056603774,0.00811203804895273,5.23941846669956,"05_rr_to_or",1000
1,50,0.15,0.5,0.5,"grant","population",1000,772,0.228,-0.242079498749465,0.0376310874899516,1.04557555043248,0.0266264478444524,1.30840348914094,1.25137154230486,0.0318672133175173,1.07257382805627,0.985401459854015,0.0102471013425273,5.0097212869388,"05_rr_to_or",1000
2,50,0.15,0.5,0.5,"grant","population",1000,463,0.537,-0.242547755717493,0.0419946952043501,0.903618115642222,0.0297268535391576,1.11073974871636,1.22921367941692,0.0404381611920049,0.934661199737684,0.84375,0.0641862372076367,4.25235084509171,"05_rr_to_or",1000
0.25,100,0.15,0.5,0.5,"grant","population",1000,998,0.002,-0.561651885261322,0.0290953590719389,0.919155503538985,0.02058384083093,1.25252006212983,1.36268570150242,0.0305163875691469,1.07677905810992,1,0,4.7445904034868,"05_rr_to_or",1000
0.5,100,0.15,0.5,0.5,"grant","population",1000,985,0.015,-0.354524047916171,0.0303867118385396,0.953678128360435,0.0214975652397269,1.04111805283028,1.09168703975646,0.0246085263577094,1.01698865323443,0.986046511627907,0.00461859882345332,3.95699917702697,"05_rr_to_or",1000
0.75,100,0.15,0.5,0.5,"grant","population",1000,957,0.043,-0.201491001281242,0.0302719555760649,0.936475556936795,0.0214166974893286,0.957869126896448,1.02284477133566,0.0233919154472024,0.957428170174138,0.948717948717949,0.0101959647726961,3.66761470304992,"05_rr_to_or",1000
1,100,0.15,0.5,0.5,"grant","population",1000,895,0.105,-0.0129310632833191,0.0306143051824389,0.915874410175399,0.0216596865612558,0.933080119136798,1.0187861007691,0.0240934645301388,0.915453937634204,0.930693069306931,0.0145905028167457,3.57403433116265,"05_rr_to_or",1000
2,100,0.15,0.5,0.5,"grant","population",1000,459,0.541,0.297172454495496,0.0422752658487355,0.905717356069099,0.0299257437822733,0.923310127103937,1.01942412930143,0.0336827213197561,0.952285775748591,0.884615384615385,0.0626562680016194,3.50013866185587,"05_rr_to_or",1000
0.25,300,0.15,0.5,0.5,"grant","population",1000,1000,0,-0.515940878042484,0.0195761564590829,0.619052422425187,0.0138493593935191,0.600160293805299,0.969482182872532,0.0216891279152337,0.805628739211822,0.925,0.00832916562447884,2.30575821055018,"05_rr_to_or",1000
0.5,300,0.15,0.5,0.5,"grant","population",1000,1000,0,-0.311938953123924,0.0158554105081278,0.501392104426514,0.0112170782307452,0.537644781511832,1.07230404460952,0.0239894450856724,0.590295314918657,0.925813008130081,0.00835464442345022,2.06521654036865,"05_rr_to_or",1000
0.75,300,0.15,0.5,0.5,"grant","population",1000,1000,0,-0.14204245633014,0.016983784806265,0.537074432779588,0.0120153585886886,0.579157494265091,1.07835610655995,0.0241248410198243,0.555280610862176,0.948066298342541,0.00737597955211124,2.19052993761968,"05_rr_to_or",1000
1,300,0.15,0.5,0.5,"grant","population",1000,992,0.00800000000000001,0.0563693868747241,0.0198690917214165,0.625797538655585,0.0140566562868771,0.666442961604915,1.06494979676119,0.0239208886759305,0.628016947508733,0.963380281690141,0.0070489949878764,2.47164226539207,"05_rr_to_or",1000
2,300,0.15,0.5,0.5,"grant","population",1000,474,0.526,0.967282298732424,0.0414080848190682,0.90151781873328,0.0293108725379536,0.898642539254492,0.996810623795736,0.0324091088733089,1.32161068149675,1,0,3.31343839552174,"05_rr_to_or",1000
0.25,50,0.3,0.5,0.5,"grant","population",1000,998,0.002,-0.439781738068821,0.0278877950052341,0.881007180466456,0.0197295359749307,1.19314286391285,1.35429414239409,0.0303284645067879,0.984278365129516,1,0,4.52148408040815,"05_rr_to_or",1000
0.5,50,0.3,0.5,0.5,"grant","population",1000,983,0.017,-0.278477527916884,0.0295972844195828,0.927958650936802,0.020939093835113,0.987214481729929,1.06385611118912,0.0240055770984612,0.968390929407197,0.99862258953168,0.0013764615116321,3.75424670015359,"05_rr_to_or",1000
0.75,50,0.3,0.5,0.5,"grant","population",1000,974,0.026,-0.180359258215749,0.0276872275683314,0.864089939525763,0.019587884330198,0.905618084705149,1.04805997996248,0.0237582648744663,0.882277905788959,0.982547993019197,0.00547044006849634,3.45262407806094,"05_rr_to_or",1000
1,50,0.3,0.5,0.5,"grant","population",1000,930,0.07,-0.00954132212932543,0.0285027618910552,0.869217415229882,0.0201653407127104,0.902678760113127,1.03849594393411,0.0240925045578623,0.868802362066008,0.974811083123426,0.00786447474921281,3.41854274172778,"05_rr_to_or",1000
2,50,0.3,0.5,0.5,"grant","population",1000,460,0.54,0.145260199531818,0.0387995917958303,0.832158535869582,0.0274653243219445,1.02095892691498,1.22688031535735,0.0404930843259176,0.843850073215087,0.911764705882353,0.0486433076799638,3.6991594106388,"05_rr_to_or",1000
0.25,100,0.3,0.5,0.5,"grant","population",1000,1000,0,-0.377929275274484,0.0226013612195415,0.714717796739519,0.0159895725683652,0.750665436055614,1.05029627005244,0.0234970900471466,0.808171544015696,0.991943605236657,0.0028368687024615,2.84774280910567,"05_rr_to_or",1000
0.5,100,0.3,0.5,0.5,"grant","population",1000,1000,0,-0.201870457465422,0.0190779824373704,0.603298776627811,0.0134969209012323,0.636340061514731,1.05476769747754,0.0235971242335401,0.635890813004899,0.974576271186441,0.0051232027467488,2.43880032091346,"05_rr_to_or",1000
0.75,100,0.3,0.5,0.5,"grant","population",1000,997,0.003,-0.0925405792065407,0.0191696265033072,0.605286838230824,0.0135617758914181,0.669995434229267,1.10690567167721,0.0248008145957758,0.612019967611412,0.956626506024096,0.00707040616718353,2.52019645814116,"05_rr_to_or",1000
1,100,0.3,0.5,0.5,"grant","population",1000,984,0.016,0.0812578906381907,0.0225782121558774,0.708250840824999,0.0159733255128553,0.726729119539234,1.02609002015827,0.0231416172812283,0.712539348145862,0.958881578947368,0.00805283708002656,2.71006040125638,"05_rr_to_or",1000
2,100,0.3,0.5,0.5,"grant","population",1000,432,0.568,0.553160467795357,0.0399347832415751,0.830028882763899,0.0282708959373845,0.898371000523538,1.08233703570901,0.0368645457298023,0.996664267665553,1,0,3.31896692325094,"05_rr_to_or",1000
0.25,300,0.3,0.5,0.5,"grant","population",1000,1000,0,-0.317173458715163,0.0121467884442998,0.384115177402006,0.00859337424043219,0.376589257006372,0.980407125678978,0.0219335392991474,0.497991895470602,0.921,0.00852988862764339,1.46600251456625,"05_rr_to_or",1000
0.5,300,0.3,0.5,0.5,"grant","population",1000,1000,0,-0.229019827797554,0.0106162645983634,0.335715763738412,0.00751058892212786,0.324109581134593,0.965428544449101,0.0215984404494492,0.406254169791356,0.896,0.00965318600255895,1.26508393912878,"05_rr_to_or",1000
0.75,300,0.3,0.5,0.5,"grant","population",1000,1000,0,-0.110532517114774,0.0105838517065297,0.334690778100937,0.00748765807822458,0.345850902741975,1.03334458363138,0.0231178491475605,0.352311419583006,0.931795386158475,0.00798398249130831,1.33714223818368,"05_rr_to_or",1000
1,300,0.3,0.5,0.5,"grant","population",1000,1000,0,0.0309743944962486,0.0118591778154593,0.375020130737914,0.00838990105239686,0.44300883356517,1.18129347534885,0.0264277422988399,0.376110185284356,0.975359342915811,0.00496739834386377,1.62568353013413,"05_rr_to_or",1000
2,300,0.3,0.5,0.5,"grant","population",1000,489,0.511,1.18179863500618,0.0407525998902842,0.901176276059686,0.0288459496640571,0.719887409045152,0.798830848269549,0.0255699523516454,1.48563317135741,1,0,2.68916711202862,"05_rr_to_or",1000
0.25,50,0.5,0.5,0.5,"grant","population",1000,1000,0,-0.128548667264822,0.0232771619924578,0.736088493608697,0.0164676749886282,0.806279427917909,1.09535665197685,0.0245051749864409,0.746866255770241,0.968844221105528,0.00550788346255954,3.03923610190089,"05_rr_to_or",1000
0.5,50,0.5,0.5,0.5,"grant","population",1000,1000,0,-0.0258650266845576,0.019148686656141,0.605534640342789,0.0135469413502636,0.651852877346601,1.07649147367951,0.0240831256982091,0.605784225661092,0.980208333333333,0.00449536295777176,2.48170575240352,"05_rr_to_or",1000
0.75,50,0.5,0.5,0.5,"grant","population",1000,997,0.003,0.0163805545490585,0.0186129716284199,0.58771028977026,0.0131679639065689,0.670784316953175,1.14135200391912,0.0255726031241892,0.587643824570919,0.984054669703872,0.00422745618619941,2.48349279548151,"05_rr_to_or",1000
1,50,0.5,0.5,0.5,"grant","population",1000,976,0.024,0.0761460759249151,0.0209428905806873,0.654276817481446,0.0148164522881491,0.772925717878645,1.18134358000628,0.0267521641015053,0.658359912286993,0.973011363636364,0.00610749468226099,2.76235389912921,"05_rr_to_or",1000
0.25,100,0.5,0.5,0.5,"grant","population",1000,1000,0,-0.0606548850118612,0.0169256248587269,0.535235253751426,0.0119742127173095,0.511420524225202,0.955506052041026,0.0213764557540327,0.538395129210227,0.967,0.00564898220921256,1.96112591572031,"05_rr_to_or",1000
0.5,100,0.5,0.5,0.5,"grant","population",1000,1000,0,-0.0147726408371773,0.0121924162870749,0.385558056480899,0.00862565414145687,0.40846772082218,1.05941949326746,0.0237011935972742,0.385648273456157,0.964964964964965,0.00581733811789437,1.58726285974366,"05_rr_to_or",1000
0.75,100,0.5,0.5,0.5,"grant","population",1000,1000,0,0.0192947906763194,0.0121363548244751,0.383785237373143,0.00858599286549121,0.433217398893761,1.1288016231655,0.0252534014840982,0.384078255391238,0.967676767676768,0.00562088825930983,1.65226505695941,"05_rr_to_or",1000
1,100,0.5,0.5,0.5,"grant","population",1000,1000,0,0.0465329925068804,0.0132778646635014,0.419882948001298,0.00939356610107287,0.495626364474536,1.18039174211239,0.0264075688414453,0.422244843336048,0.985854189336235,0.00389549371427336,1.84611774802692,"05_rr_to_or",1000
0.25,300,0.5,0.5,0.5,"grant","population",1000,1000,0,-0.0170664949709649,0.00881606836186419,0.278788560312404,0.00623702101260233,0.271461865416151,0.973719528204305,0.0217839252478154,0.279171279952462,0.947,0.00708456067798138,1.05978621483845,"05_rr_to_or",1000
0.5,300,0.5,0.5,0.5,"grant","population",1000,1000,0,0.00500245942286756,0.00713170604675841,0.225524347105519,0.00504540103860194,0.222642137140523,0.987219960939971,0.0220859551537671,0.225467058583977,0.948,0.00702111102319284,0.871242559451146,"05_rr_to_or",1000
0.75,300,0.5,0.5,0.5,"grant","population",1000,1000,0,0.00467926164049209,0.00704092944473849,0.222653738899183,0.0049811801692743,0.221219747587883,0.993559545335326,0.0222277835022499,0.222591572724216,0.947,0.00708456067798138,0.863185960438188,"05_rr_to_or",1000
1,300,0.5,0.5,0.5,"grant","population",1000,1000,0,-0.000828239014554297,0.00748904657993445,0.236824446956871,0.00529820538659388,0.245986135095723,1.03868556754413,0.0232373369373554,0.236707454123474,0.952952952952953,0.00669914180415015,0.9520973417789,"05_rr_to_or",1000
0.25,50,0.01,0.01,0.5,"metaumbrella","population",1000,1000,0,1.19934735680627,0.0188833349845918,0.597143483712506,0.0133592154975082,1.63880978350974,2.74441541808524,0.0613977008623546,1.33964840240951,0.998,0.00141279864099595,6.42167207412721,"05_rr_to_or",1000
0.5,50,0.01,0.01,0.5,"metaumbrella","population",1000,1000,0,0.56046842293829,0.0209650898090439,0.662974351465632,0.0148319750145917,1.63175270818892,2.46126068765951,0.0550630004660971,0.86788265844036,1,0,6.39230315549916,"05_rr_to_or",1000
0.75,50,0.01,0.01,0.5,"metaumbrella","population",1000,1000,0,0.200531012469012,0.0215569694000848,0.681691227548216,0.0152507065051755,1.62557831631299,2.38462554690572,0.0533485291741275,0.710247079366275,1,0,6.36660430912137,"05_rr_to_or",1000
1,50,0.01,0.01,0.5,"metaumbrella","population",1000,1000,0,-0.00242243088302395,0.0215264536077327,0.680726233463843,0.0152291177844098,1.62229882240575,2.38318834012134,0.05331637617293,0.680390097585442,1,0,6.35237057049748,"05_rr_to_or",1000
2,50,0.01,0.01,0.5,"metaumbrella","population",1000,1000,0,-0.457436120759914,0.0263358022265031,0.832811190434835,0.018631542443678,1.59713119709755,1.91775904963962,0.0429038532869041,0.949804563586874,1,0,6.24992350795299,"05_rr_to_or",1000
0.25,100,0.01,0.01,0.5,"metaumbrella","population",1000,1000,0,1.05823393891983,0.0225312496135217,0.712500673085171,0.015939971369506,1.59718671102453,2.24166344167594,0.0501501997544239,1.27554248122885,0.998,0.00141279864099595,6.25332248280089,"05_rr_to_or",1000
0.5,100,0.01,0.01,0.5,"metaumbrella","population",1000,1000,0,0.429795901018491,0.0248524571348537,0.7859036999784,0.017582134235187,1.58777271983531,2.02031460073156,0.0451982125906096,0.89540577256705,1,0,6.21426690694401,"05_rr_to_or",1000
0.75,100,0.01,0.01,0.5,"metaumbrella","population",1000,1000,0,0.181717241254582,0.0272687613193899,0.862313947407704,0.0192915742432729,1.57439132190676,1.82577508648643,0.040846000158476,0.880830809133706,1,0,6.1598958104942,"05_rr_to_or",1000
1,100,0.01,0.01,0.5,"metaumbrella","population",1000,1000,0,0.0111934275080669,0.0276104649258233,0.873119564217935,0.0195333160816899,1.56034137399901,1.78708786052301,0.0399804946263165,0.872754678283695,1,0,6.09949381674052,"05_rr_to_or",1000
2,100,0.01,0.01,0.5,"metaumbrella","population",1000,1000,0,-0.351558327021783,0.0308203855587408,0.974626167301821,0.0218042084584885,1.51007552417417,1.54938947345802,0.0346627375665405,1.03563484255881,1,0,5.88737848708788,"05_rr_to_or",1000
0.25,300,0.01,0.01,0.5,"metaumbrella","population",1000,1000,0,0.612063617697471,0.0306450084688386,0.969080256766791,0.0216801360772464,1.48312673335638,1.53044778592914,0.0342389766238414,1.14577454135622,0.981,0.00431729081716764,5.78178178354836,"05_rr_to_or",1000
0.5,300,0.01,0.01,0.5,"metaumbrella","population",1000,1000,0,0.152484412404768,0.0314451630891475,0.994383367571623,0.0222462139449936,1.42250903122962,1.43054387032189,0.0320039393605281,1.00551528056405,0.998,0.00141279864099595,5.51521236263941,"05_rr_to_or",1000
0.75,300,0.01,0.01,0.5,"metaumbrella","population",1000,1000,0,0.0754357868784971,0.0345577460021064,1.09281188168234,0.0244482437200312,1.36458635386903,1.24869282329572,0.0279355916485739,1.09486717408064,1,0,5.27373823821322,"05_rr_to_or",1000
1,300,0.01,0.01,0.5,"metaumbrella","population",1000,1000,0,-0.040018715750009,0.0340395810260754,1.0764260664025,0.0240816624152083,1.30777920261689,1.21492710315684,0.0271801893975781,1.07663172949927,1,0,5.03179790001999,"05_rr_to_or",1000
2,300,0.01,0.01,0.5,"metaumbrella","population",1000,1000,0,0.0688921988735113,0.0311067458303764,0.983681674199352,0.0220067970680655,1.19519277819191,1.21501986825638,0.0271822647261871,0.985600396502108,0.995,0.00223047080231955,4.56973813075195,"05_rr_to_or",1000
0.25,50,0.05,0.01,0.5,"metaumbrella","population",1000,1000,0,0.641406765009823,0.0297784719770452,0.941677966869601,0.0210670956508721,1.53275761526149,1.62768766944479,0.0364144145115026,1.13897904901484,0.988,0.00344325427466518,5.98548543456461,"05_rr_to_or",1000
0.5,50,0.05,0.01,0.5,"metaumbrella","population",1000,1000,0,0.223631848904774,0.0335600636410817,1.06126239526022,0.0237424227583278,1.48393481811017,1.39827324961073,0.0312819852773343,1.08404925975088,0.998,0.00141279864099595,5.7767597750526,"05_rr_to_or",1000
0.75,50,0.05,0.01,0.5,"metaumbrella","population",1000,1000,0,0.0282959247973299,0.0348736940222602,1.10280303534141,0.0246717644959264,1.45247665381401,1.31707712734427,0.0294654763067001,1.10261462877272,0.999,0.000999499874937461,5.64686979362248,"05_rr_to_or",1000
1,50,0.05,0.01,0.5,"metaumbrella","population",1000,1000,0,-0.0243686951976341,0.0359913005413302,1.13814485662255,0.0254624270744307,1.41127013243114,1.23997408960674,0.0277405372849354,1.13783662019085,1,0,5.46907777524808,"05_rr_to_or",1000
2,50,0.05,0.01,0.5,"metaumbrella","population",1000,1000,0,-0.0081113261811818,0.0341638252373241,1.08035501333887,0.0241695602994403,1.28915468983887,1.19326950300781,0.0266956684148641,1.07984516552328,0.995,0.00223047080231955,4.96274306942318,"05_rr_to_or",1000
0.25,100,0.05,0.01,0.5,"metaumbrella","population",1000,1000,0,0.288304262754657,0.0300799561770382,0.951211734374916,0.0212803838438786,1.39699236787901,1.46864501077359,0.0328563330646854,0.993487950491313,0.976,0.00483983470792134,5.41535612150969,"05_rr_to_or",1000
0.5,100,0.05,0.01,0.5,"metaumbrella","population",1000,1000,0,-0.00797885284849851,0.0333284331926477,1.05393759733524,0.0235785533423089,1.28997043405927,1.2239533320766,0.0273821230040863,1.05344071342932,0.991,0.00298646948753876,4.96382435155318,"05_rr_to_or",1000
0.75,100,0.05,0.01,0.5,"metaumbrella","population",1000,1000,0,0.0122347161825514,0.0332733390100791,1.05219536630782,0.0235395763788544,1.16474751127368,1.10696886583031,0.0247649619078472,1.05174030162908,0.996,0.00199599599197994,4.44853708796868,"05_rr_to_or",1000
1,100,0.05,0.01,0.5,"metaumbrella","population",1000,1000,0,0.0112666439094931,0.0324475660696385,1.02608213308855,0.0229553745589768,1.10190797812514,1.07389841669726,0.0240251141683706,1.0256308480953,0.998,0.00141279864099595,4.19722522085892,"05_rr_to_or",1000
2,100,0.05,0.01,0.5,"metaumbrella","population",1000,1000,0,0.0954944341334594,0.0291478258123165,0.921735184087678,0.0206209383368086,0.962466712755397,1.04419005520337,0.0233604826114668,0.926210203348047,0.982,0.00420428352992517,3.64940171182712,"05_rr_to_or",1000
0.25,300,0.05,0.01,0.5,"metaumbrella","population",1000,1000,0,-0.123997330394059,0.0259036586224863,0.819145609785163,0.0183258178703099,0.983368981092659,1.20048129336928,0.0268570096405318,0.828072381163103,0.97,0.00539444158370447,3.71227119004983,"05_rr_to_or",1000
0.5,300,0.05,0.01,0.5,"metaumbrella","population",1000,1000,0,-0.0417368592715922,0.0237596867423685,0.751347265979908,0.0168090422376973,0.738388756781116,0.982752969518174,0.0219860202090562,0.752130412098357,0.974,0.00503229569878401,2.79781111276255,"05_rr_to_or",1000
0.75,300,0.05,0.01,0.5,"metaumbrella","population",1000,1000,0,0.0204938532689435,0.0209165224215351,0.661438515820316,0.0147976155014861,0.630917213930887,0.953856176863883,0.0213395449635165,0.661425284761764,0.968,0.00556560868189635,2.42147539769904,"05_rr_to_or",1000
1,300,0.05,0.01,0.5,"metaumbrella","population",1000,1000,0,0.0241177827813712,0.0189639289908041,0.599692089966394,0.0134162325814966,0.571945130464154,0.953731323179876,0.0213367517533152,0.599877187107313,0.963,0.00596917079668525,2.20901371009098,"05_rr_to_or",1000
2,300,0.05,0.01,0.5,"metaumbrella","population",1000,1000,0,0.0510981199483368,0.0157894199878166,0.499305300944886,0.011170392537654,0.493169465487017,0.987711255125355,0.0220969463226809,0.501664724323294,0.97,0.00539444158370447,1.90846444032701,"05_rr_to_or",1000
0.25,50,0.15,0.01,0.5,"metaumbrella","population",1000,1000,0,0.0732902495671654,0.0300482751380768,0.950209891957332,0.0212579707570476,1.27737200731848,1.34430510367266,0.030074617012834,0.952558344993318,0.976,0.00483983470792134,4.91340111041165,"05_rr_to_or",1000
0.5,50,0.15,0.01,0.5,"metaumbrella","population",1000,1000,0,-0.0892849229085068,0.0320972872187838,1.01500534323968,0.0227075660729967,1.12081868474103,1.10424904874255,0.0247041145175963,1.01841907308194,0.987,0.00358203852575597,4.28454674693622,"05_rr_to_or",1000
0.75,50,0.15,0.01,0.5,"metaumbrella","population",1000,1000,0,-0.0920966430330921,0.0309909291987325,0.980019230730117,0.0219248613643569,0.996886100894667,1.01721075427467,0.0227569052386757,0.983849097456624,0.99,0.00314642654451046,3.80262850359564,"05_rr_to_or",1000
1,50,0.15,0.01,0.5,"metaumbrella","population",1000,1000,0,0.0770207786655069,0.0301211920249181,0.952515726380406,0.0213095565815598,0.92133948377224,0.967269577031934,0.0216396277883097,0.955149790943406,0.979,0.00453420334788814,3.52551050744017,"05_rr_to_or",1000
2,50,0.15,0.01,0.5,"metaumbrella","population",1000,1000,0,0.0764831459078891,0.0253018804354218,0.800115712611856,0.0179000835130444,0.794714455953376,0.993249405588038,0.0222208450966047,0.80336457478705,0.976,0.00483983470792134,3.04747385870987,"05_rr_to_or",1000
0.25,100,0.15,0.01,0.5,"metaumbrella","population",1000,1000,0,-0.117298560068471,0.0272439227254436,0.86152848210024,0.0192740019166974,0.99801812666549,1.15842731540635,0.0259161835753433,0.86905008275623,0.971,0.00530650544143696,3.77239502923966,"05_rr_to_or",1000
0.5,100,0.15,0.01,0.5,"metaumbrella","population",1000,1000,0,-0.0709974941435622,0.0249509337741675,0.789017804743907,0.0176518025775183,0.766481240808394,0.971437192164723,0.0217328651260488,0.791812598587163,0.967,0.00564898220921256,2.92216402344045,"05_rr_to_or",1000
0.75,100,0.15,0.01,0.5,"metaumbrella","population",1000,1000,0,-0.019645885234393,0.0214918297910516,0.679631332243836,0.0152046227982875,0.65135800620434,0.958399025032954,0.0214411769654028,0.679575462937271,0.966,0.00573096850453743,2.51171049475705,"05_rr_to_or",1000
1,100,0.15,0.01,0.5,"metaumbrella","population",1000,1000,0,-0.034993800118733,0.0197134185222249,0.623393029983815,0.0139464668950618,0.5949050777822,0.954301779404954,0.0213495139249718,0.624063151459304,0.96,0.00619677335393187,2.30904252343266,"05_rr_to_or",1000
2,100,0.15,0.01,0.5,"metaumbrella","population",1000,1000,0,0.0288170835612684,0.0171664071387194,0.542849458001274,0.0121445566935735,0.522960550932497,0.963362020951432,0.0215522084574924,0.543342684521658,0.953,0.00669260786241059,2.03722085012795,"05_rr_to_or",1000
0.25,300,0.15,0.01,0.5,"metaumbrella","population",1000,1000,0,-0.0746036922069307,0.016430316218248,0.519572219264678,0.0116238013693493,0.531655725939445,1.02325664503747,0.0228921631118294,0.524643733052724,0.966,0.00573096850453743,2.03863620000517,"05_rr_to_or",1000
0.5,300,0.15,0.01,0.5,"metaumbrella","population",1000,1000,0,-0.0240699927000974,0.0132317317977961,0.418424098695101,0.00936092891622291,0.398527283208527,0.952448208531431,0.0213080460811206,0.418906925451253,0.952,0.00675988165576884,1.55278656548853,"05_rr_to_or",1000
0.75,300,0.15,0.01,0.5,"metaumbrella","population",1000,1000,0,-0.00385500653591729,0.0112543004652117,0.355892229419617,0.00796197415928649,0.352415256181568,0.990230263684827,0.0221533012509417,0.355735127247361,0.948,0.00702111102319284,1.37756039575287,"05_rr_to_or",1000
1,300,0.15,0.01,0.5,"metaumbrella","population",1000,1000,0,0.0139826511286559,0.0108167306286063,0.342055056229009,0.00765241074015577,0.329444790206249,0.963133811960617,0.0215471029959578,0.342169803406035,0.951,0.00682634602111555,1.28884803524315,"05_rr_to_or",1000
2,300,0.15,0.01,0.5,"metaumbrella","population",1000,1000,0,0.012717301225093,0.00930857115935518,0.294362866253165,0.00658544733719893,0.293542902089669,0.997214444287985,0.0223095504210256,0.29449036874268,0.949,0.00695693898205238,1.14903113721449,"05_rr_to_or",1000
0.25,50,0.3,0.01,0.5,"metaumbrella","population",1000,1000,0,-0.163505968145388,0.0279891136996562,0.885093489803354,0.0198011951704011,1.02490072995758,1.15795759630465,0.0259056750813647,0.89963397936369,0.973,0.00512552436341883,3.89553213349747,"05_rr_to_or",1000
0.5,50,0.3,0.01,0.5,"metaumbrella","population",1000,1000,0,-0.0622352412473998,0.0252104963984769,0.79722589562659,0.0178354329074403,0.782933530115255,0.982072376738213,0.021970794076876,0.799253892566112,0.97,0.00539444158370447,3.01586055733513,"05_rr_to_or",1000
0.75,50,0.3,0.01,0.5,"metaumbrella","population",1000,1000,0,-0.0365872590734523,0.0238508244904154,0.754229294626374,0.0168735186036098,0.693580642968037,0.919588575927191,0.0205729147013059,0.754739421635198,0.96,0.00619677335393187,2.69538691109529,"05_rr_to_or",1000
1,50,0.3,0.01,0.5,"metaumbrella","population",1000,1000,0,-0.00611523145505877,0.0208119374291226,0.658131247969365,0.0147236257400067,0.645721848088531,0.981144490678535,0.0219500355319593,0.657830524428525,0.954,0.00662449998113065,2.52123127249788,"05_rr_to_or",1000
2,50,0.3,0.01,0.5,"metaumbrella","population",1000,1000,0,0.0895892286235207,0.0205760761732242,0.650672660165097,0.0145567631944007,0.624046075482184,0.959078371794266,0.0214563752218176,0.656488968422924,0.957,0.00641490451994416,2.43684595830878,"05_rr_to_or",1000
0.25,100,0.3,0.01,0.5,"metaumbrella","population",1000,1000,0,-0.145513204765658,0.0221848626857733,0.70154695665124,0.0156949162657817,0.712094214589312,1.01503428649797,0.0227082135877653,0.716135501853806,0.98,0.00442718872423573,2.69369780040153,"05_rr_to_or",1000
0.5,100,0.3,0.01,0.5,"metaumbrella","population",1000,1000,0,-0.0256386743544302,0.0166677712640614,0.527081207131377,0.0117917914585247,0.524445891138229,0.995000170832328,0.0222600129864369,0.527441111343068,0.965,0.00581162627841812,2.04019723525912,"05_rr_to_or",1000
0.75,100,0.3,0.01,0.5,"metaumbrella","population",1000,1000,0,-0.0174042949597248,0.0146533895897404,0.4633808654538,0.0103666957906544,0.469659294154699,1.01354917556803,0.0226749888813222,0.463476012459425,0.95,0.00689202437604511,1.83685606169119,"05_rr_to_or",1000
1,100,0.3,0.01,0.5,"metaumbrella","population",1000,1000,0,0.0152215334087289,0.0142337506566973,0.450110717220809,0.0100698177793158,0.445349796920116,0.989422779510586,0.022135236321174,0.450143036354653,0.951,0.00682634602111555,1.74330763706207,"05_rr_to_or",1000
2,100,0.3,0.01,0.5,"metaumbrella","population",1000,1000,0,0.0473561213133654,0.0131750543856943,0.416631801553844,0.00932083188025301,0.430054080267407,1.03221616464107,0.0230926043062883,0.419107478141087,0.965,0.00581162627841812,1.68440667964012,"05_rr_to_or",1000
0.25,300,0.3,0.01,0.5,"metaumbrella","population",1000,1000,0,-0.00861102217649473,0.0123443792592589,0.390363547602003,0.0087331619569304,0.36936799226805,0.946215379322869,0.0211686060456393,0.390263328151709,0.946,0.00714730718522718,1.43692037102735,"05_rr_to_or",1000
0.5,300,0.3,0.01,0.5,"metaumbrella","population",1000,1000,0,4.47859246598507e-05,0.00927727319152151,0.293373137608275,0.00656330525809769,0.293153734724614,0.999252137106179,0.0223551374168122,0.293226417769669,0.957,0.00641490451994416,1.14733099249595,"05_rr_to_or",1000
0.75,300,0.3,0.01,0.5,"metaumbrella","population",1000,1000,0,-0.00884822915060111,0.00854591163065519,0.27024545435394,0.00604589576945707,0.267450112679904,0.98965628605773,0.0221404602989423,0.270255183396119,0.947,0.00708456067798138,1.04758840316991,"05_rr_to_or",1000
1,300,0.3,0.01,0.5,"metaumbrella","population",1000,1000,0,-0.0100086787211043,0.00795655710567649,0.251608427871347,0.00562895066362453,0.253553526749183,1.00773065868378,0.0225448177866812,0.25168167955705,0.956,0.00648567652600714,0.993553162352362,"05_rr_to_or",1000
2,300,0.3,0.01,0.5,"metaumbrella","population",1000,1000,0,0.00463460884201462,0.0080127410666122,0.253385120716615,0.00566869860233642,0.245210910382111,0.967739974978063,0.0216501514693065,0.253300799407131,0.94,0.00750999334220744,0.960958035891074,"05_rr_to_or",1000
0.25,50,0.5,0.01,0.5,"metaumbrella","population",1000,1000,0,-0.177268994608348,0.0261932244710091,0.828302485924479,0.0185306742992348,0.831277151767478,1.00359127962737,0.02245221214273,0.846654132234608,0.979,0.00453420334788814,3.16038671028931,"05_rr_to_or",1000
0.5,50,0.5,0.01,0.5,"metaumbrella","population",1000,1000,0,-0.0759374670204934,0.021878423068893,0.69185648510473,0.015478122310571,0.643898593030999,0.93068231185768,0.0208211023027956,0.695667470479236,0.95,0.00689202437604511,2.50612627945357,"05_rr_to_or",1000
0.75,50,0.5,0.01,0.5,"metaumbrella","population",1000,1000,0,0.0141283685570755,0.0193685207246992,0.612486403982246,0.0137024652922982,0.590035383970313,0.963344459785619,0.0215518155814,0.612343095222053,0.946,0.00714730718522718,2.31005336817436,"05_rr_to_or",1000
1,50,0.5,0.01,0.5,"metaumbrella","population",1000,1000,0,-0.0371075922718245,0.0188923783716179,0.597429460720156,0.0133656133375194,0.578602474366748,0.968486679028662,0.0216668566341403,0.598282551960235,0.946,0.00714730718522718,2.26740903402792,"05_rr_to_or",1000
0.25,100,0.5,0.01,0.5,"metaumbrella","population",1000,1000,0,-0.0957464068461284,0.0185560787553619,0.58679473308406,0.0131276946092355,0.554748642466551,0.945387903451209,0.0211500938642457,0.594265180824489,0.962,0.00604615580348373,2.13486570539896,"05_rr_to_or",1000
0.5,100,0.5,0.01,0.5,"metaumbrella","population",1000,1000,0,-0.0314806304009984,0.0142303894856149,0.450004427658551,0.0100674398832053,0.441397375002288,0.980873404510602,0.0219439708278562,0.450879707924222,0.954,0.00662449998113065,1.72705683402445,"05_rr_to_or",1000
0.75,100,0.5,0.01,0.5,"metaumbrella","population",1000,1000,0,-0.0218420397539812,0.0135906166322893,0.429773033642014,0.00961482579655127,0.41191099030111,0.958438426930755,0.0214420584594794,0.430113043612988,0.951,0.00682634602111555,1.61415901136559,"05_rr_to_or",1000
1,100,0.5,0.01,0.5,"metaumbrella","population",1000,1000,0,-0.0165500135623236,0.0125989519198094,0.398413841975487,0.00891326208409772,0.404210462571101,1.01454924499328,0.0226973623030018,0.398558350605158,0.945,0.00720936890441875,1.58438623695497,"05_rr_to_or",1000
0.25,300,0.5,0.01,0.5,"metaumbrella","population",1000,1000,0,-0.0373520344022178,0.00969654935142799,0.306631813947409,0.00685992662173546,0.301491502954935,0.983236211121408,0.0219968312266609,0.308746207635557,0.945,0.00720936890441875,1.17890442241239,"05_rr_to_or",1000
0.5,300,0.5,0.01,0.5,"metaumbrella","population",1000,1000,0,-0.0177433403566237,0.00816261000156913,0.25812439256629,0.00577472496897692,0.250958487110598,0.972238557602214,0.0217507931682425,0.25860471759558,0.95,0.00689202437604511,0.983319402515799,"05_rr_to_or",1000
0.75,300,0.5,0.01,0.5,"metaumbrella","population",1000,1000,0,0.00351067566420533,0.00717009796221249,0.226738406071234,0.00507256180614283,0.235562547742737,1.03891771943008,0.0232425306088214,0.226652199033134,0.96,0.00619677335393187,0.923325274211862,"05_rr_to_or",1000
1,300,0.5,0.01,0.5,"metaumbrella","population",1000,1000,0,0.000151466894006677,0.00714233465558554,0.225860453228046,0.00505292036057956,0.231650224636307,1.02563428579688,0.0229453553782563,0.225747545568641,0.956,0.00648567652600714,0.908047846541054,"05_rr_to_or",1000
0.25,50,0.01,0.05,0.5,"metaumbrella","population",1000,1000,0,1.18763251829766,0.0187656484376406,0.593421908329245,0.0132759569023945,1.63631367043435,2.75742039090084,0.061688646404124,1.32750458012087,0.998,0.00141279864099595,6.41089223601267,"05_rr_to_or",1000
0.5,50,0.01,0.05,0.5,"metaumbrella","population",1000,1000,0,0.586697852102239,0.0206038469650778,0.651550849711937,0.014576409935467,1.63267833396832,2.50583409520555,0.0560601908786319,0.876532007922111,1,0,6.39665645927805,"05_rr_to_or",1000
0.75,50,0.01,0.05,0.5,"metaumbrella","population",1000,1000,0,0.22227006856621,0.0229947913426257,0.727159149630185,0.016267908879286,1.62387826899537,2.23318137414792,0.0499604400550184,0.760023454797567,1,0,6.36081360735155,"05_rr_to_or",1000
1,50,0.01,0.05,0.5,"metaumbrella","population",1000,1000,0,-0.00902645638795212,0.0237331928608227,0.750509455882472,0.0167902988603635,1.61883753614161,2.15698486335276,0.0482557817348066,0.750188413560592,1,0,6.34004785659186,"05_rr_to_or",1000
2,50,0.01,0.05,0.5,"metaumbrella","population",1000,1000,0,-0.513209897365651,0.0258287195192336,0.816775827264275,0.0182728014073621,1.60280014663303,1.96235012488247,0.0439014389588289,0.964282130916725,1,0,6.27331113910326,"05_rr_to_or",1000
0.25,100,0.01,0.05,0.5,"metaumbrella","population",1000,1000,0,1.00050495265242,0.0234659308262817,0.74205788827007,0.0166012215010596,1.59656800692851,2.15154104843563,0.0481339934233034,1.24543543386091,0.995,0.00223047080231955,6.25132566419373,"05_rr_to_or",1000
0.5,100,0.01,0.05,0.5,"metaumbrella","population",1000,1000,0,0.421102457093983,0.0260706677209644,0.824426901196787,0.0184439702273186,1.58174593945312,1.91860059049136,0.0429226801281827,0.925379551898631,1,0,6.19072311634933,"05_rr_to_or",1000
0.75,100,0.01,0.05,0.5,"metaumbrella","population",1000,1000,0,0.197069340707098,0.028565682906318,0.903326209021031,0.0202090951672665,1.57056937809942,1.73865140014204,0.0388968805037225,0.924131249721127,1,0,6.14525989067523,"05_rr_to_or",1000
1,100,0.01,0.05,0.5,"metaumbrella","population",1000,1000,0,0.0359747399174088,0.0297181058526198,0.939769022402589,0.0210243889962687,1.55702798375312,1.65681986385597,0.0370661561341938,0.939987676283139,1,0,6.08487451975545,"05_rr_to_or",1000
2,100,0.01,0.05,0.5,"metaumbrella","population",1000,1000,0,-0.279642393593422,0.0307413112097793,0.972125616829689,0.0217482664721305,1.51198152566228,1.5553355445906,0.0347957622880528,1.01108014270693,1,0,5.896259463077,"05_rr_to_or",1000
0.25,300,0.01,0.05,0.5,"metaumbrella","population",1000,1000,0,0.604549710307503,0.0292037072093341,0.923502309021754,0.0206604722234694,1.48597962363525,1.60906974364722,0.0359978967236838,1.10339657897178,0.983,0.00408790900094413,5.79480143806628,"05_rr_to_or",1000
0.5,300,0.01,0.05,0.5,"metaumbrella","population",1000,1000,0,0.133439804457513,0.0312242869942601,0.987398652166348,0.022089952810387,1.42982050973266,1.44806811979704,0.0323959895654724,0.995885196001668,1,0,5.54869119586192,"05_rr_to_or",1000
0.75,300,0.01,0.05,0.5,"metaumbrella","population",1000,1000,0,0.0421168146162201,0.0338653404091287,1.07091609429785,0.0239583940438052,1.36734288968527,1.27679740454528,0.0285643436447373,1.07120877788532,0.999,0.000999499874937461,5.28047069505108,"05_rr_to_or",1000
1,300,0.01,0.05,0.5,"metaumbrella","population",1000,1000,0,-0.00998550854026791,0.0330207394363346,1.04420746641762,0.0233608721328627,1.30869590291963,1.25329107960643,0.0280384632341192,1.04373299941613,1,0,5.04075133624836,"05_rr_to_or",1000
2,300,0.01,0.05,0.5,"metaumbrella","population",1000,1000,0,0.00964467819781126,0.0319342908752262,1.00985094628047,0.0225922525819916,1.18501519460549,1.173455547049,0.0262523931975473,1.00939197271793,0.991,0.00298646948753876,4.52686217246636,"05_rr_to_or",1000
0.25,50,0.05,0.05,0.5,"metaumbrella","population",1000,1000,0,0.661134677925871,0.0297137849091228,0.939632382171672,0.0210213320989899,1.53554200076942,1.63419442529267,0.0365599827977392,1.14853174399671,0.99,0.00314642654451046,5.99728441297237,"05_rr_to_or",1000
0.5,50,0.05,0.05,0.5,"metaumbrella","population",1000,1000,0,0.23386618725206,0.0327131826879266,1.03448166807037,0.0231432878511111,1.48905478589507,1.43942114380104,0.0322025405555056,1.06008280940307,0.999,0.000999499874937461,5.80101753012668,"05_rr_to_or",1000
0.75,50,0.05,0.05,0.5,"metaumbrella","population",1000,1000,0,0.0731723099362186,0.0351048727807793,1.11011354957712,0.0248353143591272,1.43429141001484,1.29202225354444,0.0289049519645874,1.11196849227087,0.999,0.000999499874937461,5.56608536529047,"05_rr_to_or",1000
1,50,0.05,0.05,0.5,"metaumbrella","population",1000,1000,0,-0.0289341634051538,0.0365480246237344,1.15575001790919,0.0258562874277823,1.41595032411371,1.22513545504869,0.0274085693037773,1.15553430568078,1,0,5.4855314234415,"05_rr_to_or",1000
2,50,0.05,0.05,0.5,"metaumbrella","population",1000,1000,0,-0.0468548523671199,0.0351895927951106,1.112792631664,0.0248952504312949,1.28161833007887,1.15171353009627,0.0257659836532011,1.11322257919742,0.993,0.00263647491928143,4.92734154734374,"05_rr_to_or",1000
0.25,100,0.05,0.05,0.5,"metaumbrella","population",1000,1000,0,0.321205385591203,0.0307143545691473,0.971273173005052,0.021729195710976,1.39037022053924,1.43149245668707,0.0320251610099575,1.02254638269151,0.974,0.00503229569878401,5.3832325365306,"05_rr_to_or",1000
0.5,100,0.05,0.05,0.5,"metaumbrella","population",1000,1000,0,0.0128298219684233,0.0329032780070873,1.04049300988122,0.0232777727996548,1.26882199807443,1.21944307748812,0.0272812201814992,1.04005176901912,0.998,0.00141279864099595,4.87249044022893,"05_rr_to_or",1000
0.75,100,0.05,0.05,0.5,"metaumbrella","population",1000,1000,0,-0.00305371601623614,0.0334639106161406,1.05822176963293,0.0236743982816147,1.17700390948975,1.11224692523385,0.024883041958796,1.05769693466174,0.996,0.00199599599197994,4.49753736843596,"05_rr_to_or",1000
1,100,0.05,0.05,0.5,"metaumbrella","population",1000,1000,0,0.0289247045430614,0.0331609721842534,1.0486420152773,0.0234600812768398,1.1126686484552,1.06105671167579,0.0237378212322228,1.04851660199614,1,0,4.2461987335031,"05_rr_to_or",1000
2,100,0.05,0.05,0.5,"metaumbrella","population",1000,1000,0,0.0830228055805308,0.0289890631924024,0.916714669225434,0.0205086200384724,0.952877342459598,1.03944812322543,0.0232543967327867,0.920009894096138,0.975,0.00493710441453288,3.61799419249871,"05_rr_to_or",1000
0.25,300,0.05,0.05,0.5,"metaumbrella","population",1000,1000,0,-0.114173067358172,0.0257345007816854,0.813796369175094,0.0182061453627684,0.988449426919328,1.214615184289,0.0271732111896821,0.8213633515455,0.969,0.00548078461536303,3.7279016661385,"05_rr_to_or",1000
0.5,300,0.05,0.05,0.5,"metaumbrella","population",1000,1000,0,-0.052191528589353,0.0239647082511248,0.757830615349848,0.0169540868772874,0.752390940770022,0.99282204430694,0.022211284226219,0.759247581475543,0.972,0.0052168956286282,2.85032261245473,"05_rr_to_or",1000
0.75,300,0.05,0.05,0.5,"metaumbrella","population",1000,1000,0,-0.0624741805977474,0.021075172892676,0.666455484226956,0.0149098544589839,0.633099520288603,0.949950199634049,0.0212521609545388,0.669045419074886,0.973,0.00512552436341883,2.42915972976053,"05_rr_to_or",1000
1,300,0.05,0.05,0.5,"metaumbrella","population",1000,1000,0,-0.0173529318078694,0.0189183706199127,0.598251407781358,0.0133840018290924,0.573842764921173,0.959200024366503,0.0214590968171673,0.59820395051169,0.967,0.00564898220921256,2.21478292101399,"05_rr_to_or",1000
2,300,0.05,0.05,0.5,"metaumbrella","population",1000,1000,0,0.0455836581657441,0.0155649707512043,0.492207592877076,0.011011603546059,0.492516463053873,1.00062752013839,0.0223859073051557,0.49406873617254,0.965,0.00581162627841812,1.90990998089775,"05_rr_to_or",1000
0.25,50,0.15,0.05,0.5,"metaumbrella","population",1000,1000,0,0.0772732155236389,0.0309874935260081,0.979910585219075,0.02192243076127,1.27872424365687,1.30493971893466,0.0291939398017427,0.982464085911912,0.971,0.00530650544143696,4.91758818587493,"05_rr_to_or",1000
0.5,50,0.15,0.05,0.5,"metaumbrella","population",1000,1000,0,-0.0590355067591967,0.0309103250195798,0.977470302779608,0.021867837083414,1.10879968960538,1.13435639574145,0.0253776721257542,0.978763472796956,0.988,0.00344325427466518,4.23480176533021,"05_rr_to_or",1000
0.75,50,0.15,0.05,0.5,"metaumbrella","population",1000,1000,0,-0.0401057519360578,0.0308845874930339,0.976656410727368,0.0218496287974423,0.992033349389452,1.01574447112944,0.0227241017449564,0.976991483181203,0.986,0.00371537346709587,3.78989781587963,"05_rr_to_or",1000
1,50,0.15,0.05,0.5,"metaumbrella","population",1000,1000,0,-0.0570690907471718,0.028690175725365,0.90726301762627,0.0202971689317206,0.910683900831821,1.00377055290372,0.0224562228208954,0.908603289718831,0.977,0.00474035863622153,3.48541505978457,"05_rr_to_or",1000
2,50,0.15,0.05,0.5,"metaumbrella","population",1000,1000,0,0.0660977045945903,0.0256436579859457,0.810923667739546,0.0181418776639921,0.791407386919919,0.975933270175688,0.0218334507921079,0.813208770401508,0.97,0.00539444158370447,3.03977869553971,"05_rr_to_or",1000
0.25,100,0.15,0.05,0.5,"metaumbrella","population",1000,1000,0,-0.142969966381487,0.0268356389502657,0.848617415487696,0.0189851572321548,1.00063023557394,1.17912997931923,0.0263793408501495,0.860157995741638,0.973,0.00512552436341883,3.78060452412961,"05_rr_to_or",1000
0.5,100,0.15,0.05,0.5,"metaumbrella","population",1000,1000,0,-0.0653086751402721,0.0234490195583546,0.74152310702236,0.0165892574453058,0.758771986290431,1.02326141843015,0.0228922699015428,0.744024115723694,0.972,0.0052168956286282,2.8982866043819,"05_rr_to_or",1000
0.75,100,0.15,0.05,0.5,"metaumbrella","population",1000,1000,0,-0.0455100807847428,0.0211600897780923,0.669140791924185,0.0149699298096875,0.649982979393241,0.971369534241286,0.0217313514918822,0.670352755995336,0.97,0.00539444158370447,2.51065123478027,"05_rr_to_or",1000
1,100,0.15,0.05,0.5,"metaumbrella","population",1000,1000,0,0.00441090116347194,0.0198054120002757,0.626302119189025,0.0140115486562363,0.600350527306035,0.958563780820998,0.0214448628602287,0.626004429860713,0.955,0.00655553201502365,2.33044641243358,"05_rr_to_or",1000
2,100,0.15,0.05,0.5,"metaumbrella","population",1000,1000,0,0.050387656954119,0.0167664857836891,0.530202834332908,0.0118616280918056,0.527312110455225,0.994547890560939,0.022249894631677,0.532327762250327,0.964,0.00589101010014412,2.05127628988945,"05_rr_to_or",1000
0.25,300,0.15,0.05,0.5,"metaumbrella","population",1000,1000,0,-0.0365873939398901,0.0163116617339614,0.515820035015296,0.0115398579967075,0.52594254256371,1.01962410697776,0.0228108964480106,0.516858661154063,0.968,0.00556560868189635,2.01840541192432,"05_rr_to_or",1000
0.5,300,0.15,0.05,0.5,"metaumbrella","population",1000,1000,0,-0.0403641597466786,0.0130851897716642,0.413790032939976,0.00925725620649584,0.399929530470493,0.966503537141762,0.0216224900446155,0.415548113413069,0.952,0.00675988165576884,1.55859356340065,"05_rr_to_or",1000
0.75,300,0.15,0.05,0.5,"metaumbrella","population",1000,1000,0,-0.00350932290030241,0.0112811237787372,0.356740457070948,0.00798095059676618,0.35259229830625,0.988372054017206,0.022111729628599,0.356579311380647,0.951,0.00682634602111555,1.37844584266468,"05_rr_to_or",1000
1,300,0.15,0.05,0.5,"metaumbrella","population",1000,1000,0,-0.00144179954276319,0.010540420579599,0.333317365276449,0.00745693226710912,0.329255518618609,0.987813876260328,0.0220992421492185,0.333153784782284,0.952,0.00675988165576884,1.28818970744071,"05_rr_to_or",1000
2,300,0.15,0.05,0.5,"metaumbrella","population",1000,1000,0,0.0186800307999774,0.00897346192543899,0.283765781811872,0.00634837075751933,0.294098353039448,1.0364123227318,0.0231864802033294,0.284238349733219,0.954,0.00662449998113065,1.15111302666972,"05_rr_to_or",1000
0.25,50,0.3,0.05,0.5,"metaumbrella","population",1000,1000,0,-0.170496453957983,0.0276722231311423,0.875072530148058,0.0195770075786775,1.0352117426756,1.18300107363723,0.0264659444632106,0.89109776225673,0.985,0.00384382621875652,3.93148742858591,"05_rr_to_or",1000
0.5,50,0.3,0.05,0.5,"metaumbrella","population",1000,1000,0,-0.105896098103511,0.0251532925644522,0.795416951562466,0.017794963448701,0.789419702759477,0.992460245169268,0.022203190103485,0.802040785932762,0.981,0.00431729081716764,3.03386109535425,"05_rr_to_or",1000
0.75,50,0.3,0.05,0.5,"metaumbrella","population",1000,1000,0,-0.0206257509598415,0.0217799608864283,0.688742837504932,0.0154084641958908,0.686385391751462,0.996577175652367,0.0222952935309059,0.68870730439047,0.973,0.00512552436341883,2.67099462408972,"05_rr_to_or",1000
1,50,0.3,0.05,0.5,"metaumbrella","population",1000,1000,0,-0.00230336418770706,0.0211982216632127,0.670346628008748,0.0149969066160125,0.646938495364928,0.965080554349391,0.0215906552606967,0.670015330098944,0.954,0.00662449998113065,2.52526790394982,"05_rr_to_or",1000
2,50,0.3,0.05,0.5,"metaumbrella","population",1000,1000,0,0.0887581739341569,0.0207269141955892,0.655442577249385,0.0146634751522004,0.623442180813674,0.951177421872709,0.0212796162090911,0.661100128981511,0.953,0.00669260786241059,2.43478340622556,"05_rr_to_or",1000
0.25,100,0.3,0.05,0.5,"metaumbrella","population",1000,1000,0,-0.126253746356024,0.0226376602672265,0.715865673415316,0.0160152527144185,0.706513538349869,0.98693590793252,0.0220796003572354,0.72656122053198,0.973,0.00512552436341883,2.67931362643316,"05_rr_to_or",1000
0.5,100,0.3,0.05,0.5,"metaumbrella","population",1000,1000,0,-0.0873556745092418,0.0166928060863722,0.527872877724575,0.0118095026089367,0.530088261729177,1.00419681347174,0.0224657590662729,0.534791678255329,0.971,0.00530650544143696,2.06078848586443,"05_rr_to_or",1000
0.75,100,0.3,0.05,0.5,"metaumbrella","population",1000,1000,0,-0.0195322543130275,0.0154700527171425,0.489206021090468,0.0109444527767342,0.471009404391467,0.962803776089183,0.0215397194768394,0.489351323180642,0.945,0.00720936890441875,1.84121998979291,"05_rr_to_or",1000
1,100,0.3,0.05,0.5,"metaumbrella","population",1000,1000,0,-0.00537766400883921,0.0140985562755224,0.445835495507112,0.00997417308129811,0.445565605349681,0.999394641835046,0.0223583255138681,0.445644969718284,0.961,0.00612200947402077,1.74437391272676,"05_rr_to_or",1000
2,100,0.3,0.05,0.5,"metaumbrella","population",1000,1000,0,0.0174761481711106,0.0141829950146574,0.448505682891307,0.0100339101623467,0.429371186281368,0.957337225948647,0.0214174225359077,0.448621896470859,0.936,0.0077397674383666,1.68152330858061,"05_rr_to_or",1000
0.25,300,0.3,0.05,0.5,"metaumbrella","population",1000,1000,0,-0.0304219909379618,0.0119555016406736,0.378066157544084,0.0084580463635737,0.368995716203253,0.976008322459349,0.0218351298519291,0.379099700597742,0.954,0.00662449998113065,1.43565449826966,"05_rr_to_or",1000
0.5,300,0.3,0.05,0.5,"metaumbrella","population",1000,1000,0,0.00571696707551854,0.00931760750715522,0.294648620660941,0.00659184019723503,0.293689527946437,0.996744961125721,0.0222990472054532,0.294556744211163,0.945,0.00720936890441875,1.14952833254236,"05_rr_to_or",1000
0.75,300,0.3,0.05,0.5,"metaumbrella","population",1000,1000,0,0.00965302813576454,0.00847794401499377,0.26809612962773,0.00599781135930317,0.266457795383264,0.993889004489767,0.0222351541191315,0.268135861344277,0.957,0.00641490451994416,1.04384307067572,"05_rr_to_or",1000
1,300,0.3,0.05,0.5,"metaumbrella","population",1000,1000,0,-0.00927882595018909,0.00828674421732447,0.262049861139747,0.00586254503573118,0.253611661375317,0.967799258783311,0.0216514777588021,0.262083109346351,0.939,0.00756828910652864,0.99378505286429,"05_rr_to_or",1000
2,300,0.3,0.05,0.5,"metaumbrella","population",1000,1000,0,0.0029650060556184,0.00777704648983874,0.245931803769079,0.00550195397564416,0.244991859347971,0.996178028190324,0.0222863638563701,0.245826688774669,0.949,0.00695693898205238,0.960127309043122,"05_rr_to_or",1000
0.25,50,0.5,0.05,0.5,"metaumbrella","population",1000,1000,0,-0.162438910487699,0.0246836559154848,0.780565736728205,0.0174627140232577,0.819179661663672,1.0494691518197,0.023478585866804,0.796906510279043,0.974,0.00503229569878401,3.12404513574982,"05_rr_to_or",1000
0.5,50,0.5,0.05,0.5,"metaumbrella","population",1000,1000,0,-0.0706757272244114,0.0209029731014792,0.661010048699082,0.0147880298913902,0.643324887400898,0.973245245918743,0.0217733146668875,0.664448951098112,0.956,0.00648567652600714,2.50416781494311,"05_rr_to_or",1000
0.75,50,0.5,0.05,0.5,"metaumbrella","population",1000,1000,0,-0.0270646384831799,0.0191995822140396,0.607144099200236,0.0135829479521901,0.59019638257971,0.972086170905966,0.0217473839931118,0.60744368289801,0.949,0.00695693898205238,2.31152183638473,"05_rr_to_or",1000
1,50,0.5,0.05,0.5,"metaumbrella","population",1000,1000,0,0.0118714709928751,0.0188854343189278,0.597209870493226,0.0133607006938371,0.578569514993151,0.968787596419529,0.0216735887184403,0.597029230112442,0.952,0.00675988165576884,2.26729478486746,"05_rr_to_or",1000
0.25,100,0.5,0.05,0.5,"metaumbrella","population",1000,1000,0,-0.0645122802559541,0.0179207483868603,0.566703822772669,0.0126782234055604,0.546301444752559,0.963998164119859,0.0215664401688082,0.570082365826408,0.963,0.00596917079668525,2.11123368748022,"05_rr_to_or",1000
0.5,100,0.5,0.05,0.5,"metaumbrella","population",1000,1000,0,-0.0369710289798628,0.0142457640678526,0.450490614637997,0.0100783167943793,0.441896690253059,0.980923188839696,0.0219450845963204,0.451780598373673,0.955,0.00655553201502365,1.72885168153902,"05_rr_to_or",1000
0.75,100,0.5,0.05,0.5,"metaumbrella","population",1000,1000,0,-0.00702669336256816,0.0130091387591515,0.411385088760953,0.00920345311155575,0.411392231287459,1.00001736214243,0.0223722569307017,0.41123938038959,0.957,0.00641490451994416,1.61217044178294,"05_rr_to_or",1000
1,100,0.5,0.05,0.5,"metaumbrella","population",1000,1000,0,-0.0017555038642066,0.0124998030532145,0.395278479516846,0.00884311816745079,0.404097626604523,1.02231122498361,0.0228710122987004,0.395084691030414,0.948,0.00702111102319284,1.58393899259912,"05_rr_to_or",1000
0.25,300,0.5,0.05,0.5,"metaumbrella","population",1000,1000,0,-0.0215373022591737,0.00981184012287723,0.310277628257184,0.00694149030007518,0.300908158705312,0.96980294839657,0.0216963040393591,0.310869409525784,0.946,0.00714730718522718,1.1762426251553,"05_rr_to_or",1000
0.5,300,0.5,0.05,0.5,"metaumbrella","population",1000,1000,0,0.00202573179609569,0.00809112131196672,0.255863721705446,0.00572414953774021,0.250540087040773,0.979193476006723,0.021906387688266,0.255743780824064,0.948,0.00702111102319284,0.981679126355901,"05_rr_to_or",1000
0.75,300,0.5,0.05,0.5,"metaumbrella","population",1000,1000,0,0.00906479442300723,0.00759450406093924,0.240159305319662,0.00537281239937616,0.235660861278876,0.981268916335352,0.0219528191663925,0.240210295236533,0.951,0.00682634602111555,0.923707994093541,"05_rr_to_or",1000
1,300,0.5,0.05,0.5,"metaumbrella","population",1000,1000,0,0.00331216575388481,0.00729504373382865,0.230689538294377,0.00516095601669328,0.231721720714481,1.0044743356276,0.0224719677554515,0.230597952847321,0.95,0.00689202437604511,0.908326326831829,"05_rr_to_or",1000
0.25,50,0.01,0.15,0.5,"metaumbrella","population",1000,1000,0,1.19135015961979,0.0196723456773331,0.622094192585403,0.0139174094755724,1.63573320086411,2.62939795992317,0.0588245454123279,1.3438487214304,0.998,0.00141279864099595,6.40873001641313,"05_rr_to_or",1000
0.5,50,0.01,0.15,0.5,"metaumbrella","population",1000,1000,0,0.55852317208351,0.0204841846439505,0.647766794863287,0.0144917535579692,1.6313991767393,2.51849769033562,0.0563434991637095,0.855061607406832,1,0,6.39094587891372,"05_rr_to_or",1000
0.75,50,0.01,0.15,0.5,"metaumbrella","population",1000,1000,0,0.216589632696815,0.0211491398621567,0.668794525178746,0.0149621831755901,1.62608577080926,2.43136824479037,0.0543942506648717,0.702673394817177,1,0,6.36881827751694,"05_rr_to_or",1000
1,50,0.01,0.15,0.5,"metaumbrella","population",1000,1000,0,-0.0115935516807823,0.023044192742221,0.728721359053397,0.0163028584230827,1.61925745270213,2.22205295972871,0.0497114766309389,0.728449171021605,1,0,6.34133494933823,"05_rr_to_or",1000
2,50,0.01,0.15,0.5,"metaumbrella","population",1000,1000,0,-0.431275122694468,0.0258678497688824,0.818013234407286,0.0183004845172553,1.60022346909746,1.95623175981614,0.0437645597000864,0.924378027361605,1,0,6.26290151685189,"05_rr_to_or",1000
0.25,100,0.01,0.15,0.5,"metaumbrella","population",1000,1000,0,1.02211738045887,0.0236616889013748,0.748248302146716,0.0167397126263127,1.59617418396849,2.13321457514715,0.0477239959726942,1.26650684387408,0.996,0.00199599599197994,6.25014066133794,"05_rr_to_or",1000
0.5,100,0.01,0.15,0.5,"metaumbrella","population",1000,1000,0,0.46030286213812,0.0257300335628413,0.813655103311558,0.0182029849814448,1.58495940938883,1.94794993964652,0.0435792799082518,0.934479169061752,1,0,6.20349157965958,"05_rr_to_or",1000
0.75,100,0.01,0.15,0.5,"metaumbrella","population",1000,1000,0,0.185574161344696,0.0276894850092014,0.875618398661648,0.0195892196772857,1.57173689869328,1.79500213916888,0.0401575518275106,0.894638833191082,1,0,6.14838735853904,"05_rr_to_or",1000
1,100,0.01,0.15,0.5,"metaumbrella","population",1000,1000,0,0.0195075559704459,0.0277875943739941,0.878720889187021,0.019658628187364,1.55950028922663,1.77473906494866,0.0397042289955056,0.87849803382391,1,0,6.09587550575461,"05_rr_to_or",1000
2,100,0.01,0.15,0.5,"metaumbrella","population",1000,1000,0,-0.27342422750433,0.0321178673173845,1.01565614310017,0.0227221256819001,1.51853970079105,1.49513170486607,0.033448889902111,1.05132613959819,0.999,0.000999499874937461,5.92608614747896,"05_rr_to_or",1000
0.25,300,0.01,0.15,0.5,"metaumbrella","population",1000,1000,0,0.574411246804591,0.0297215018085834,0.939876411959373,0.0210267915013121,1.48447656718319,1.57943804982666,0.0353349803658865,1.10110516416166,0.982,0.00420428352992517,5.78735858861385,"05_rr_to_or",1000
0.5,300,0.01,0.15,0.5,"metaumbrella","population",1000,1000,0,0.238654247803573,0.0329531910558144,1.04207139907062,0.0233130843150533,1.42408611028683,1.36659168609455,0.0305732095042501,1.06854234261209,0.999,0.000999499874937461,5.52581176360294,"05_rr_to_or",1000
0.75,300,0.01,0.15,0.5,"metaumbrella","population",1000,1000,0,0.0726895565994635,0.0335159988074245,1.05986894286949,0.0237112486246714,1.36816159440114,1.29087808790489,0.0288793548413489,1.06182984772601,1,0,5.29059667787285,"05_rr_to_or",1000
1,300,0.01,0.15,0.5,"metaumbrella","population",1000,1000,0,-0.0137667001939768,0.0343163111765998,1.08517704213148,0.0242774380935262,1.32342321678352,1.21954590394217,0.0272835206014082,1.08472168116558,1,0,5.10021460121652,"05_rr_to_or",1000
2,300,0.01,0.15,0.5,"metaumbrella","population",1000,1000,0,0.0241580129410857,0.0327065421674966,1.0342716763763,0.0231385899445437,1.19197921077139,1.15248172989484,0.0257831697180819,1.03403664937126,0.988,0.00344325427466518,4.55321255935891,"05_rr_to_or",1000
0.25,50,0.05,0.15,0.5,"metaumbrella","population",1000,1000,0,0.670967468714836,0.0297828930824202,0.941817774497209,0.0210702234087333,1.53639168954531,1.63130462298348,0.0364953325204664,1.15599785627488,0.99,0.00314642654451046,5.99935783749269,"05_rr_to_or",1000
0.5,50,0.05,0.15,0.5,"metaumbrella","population",1000,1000,0,0.230636149147555,0.0333409277277451,1.05433270922737,0.0235873927336052,1.48922441152207,1.41248051823546,0.0315998284228524,1.07874875553976,0.998,0.00141279864099595,5.79899424584773,"05_rr_to_or",1000
0.75,50,0.05,0.15,0.5,"metaumbrella","population",1000,1000,0,0.1043161481648,0.0352825305537448,1.11573158164315,0.0249610002337775,1.44468798515611,1.2948347155581,0.0289678719949383,1.12004194746518,1,0,5.60581102110059,"05_rr_to_or",1000
1,50,0.05,0.15,0.5,"metaumbrella","population",1000,1000,0,0.0202939067917451,0.0345196717760135,1.09160786893632,0.0244213077051963,1.41037313109483,1.29201444147624,0.0289047771940248,1.09125064693546,1,0,5.46159849515831,"05_rr_to_or",1000
2,50,0.05,0.15,0.5,"metaumbrella","population",1000,1000,0,0.00706185261951107,0.0335605101272209,1.06127651439165,0.0237427386296797,1.28901178665166,1.2145861791642,0.0271725622908441,1.06076925008303,0.994,0.00244213021765835,4.96162983576347,"05_rr_to_or",1000
0.25,100,0.05,0.15,0.5,"metaumbrella","population",1000,1000,0,0.309706217221098,0.0311918538444372,0.98637302591501,0.0220670076347546,1.3841580681779,1.40328053567146,0.0313940076226627,1.03338122466584,0.969,0.00548078461536303,5.36185751283937,"05_rr_to_or",1000
0.5,100,0.05,0.15,0.5,"metaumbrella","population",1000,1000,0,0.0817678237458783,0.0330883940986278,1.04634689468938,0.0234087351408389,1.27280255887838,1.21642503584457,0.0272137009507006,1.0490152330649,0.991,0.00298646948753876,4.88774688642536,"05_rr_to_or",1000
0.75,100,0.05,0.15,0.5,"metaumbrella","population",1000,1000,0,0.0245754428337161,0.033519430566297,1.05997746461366,0.0237136764588623,1.17827412377232,1.11160299450495,0.0248686360252014,1.05973233679726,0.994,0.00244213021765835,4.50034562137814,"05_rr_to_or",1000
1,100,0.05,0.15,0.5,"metaumbrella","population",1000,1000,0,-0.0206853504575501,0.0333192164819576,1.05364613935209,0.0235720328826344,1.10536347412268,1.04908415912993,0.0234699728609721,1.05332231558443,0.998,0.00141279864099595,4.2126305446612,"05_rr_to_or",1000
2,100,0.05,0.15,0.5,"metaumbrella","population",1000,1000,0,0.0765665350416735,0.0293680375846145,0.928698891768118,0.0207767294893575,0.967229121012387,1.04148839800047,0.0233000414917722,0.931386914353024,0.976,0.00483983470792134,3.67365951217047,"05_rr_to_or",1000
0.25,300,0.05,0.15,0.5,"metaumbrella","population",1000,1000,0,-0.145474971338349,0.0258168577126281,0.816400724003894,0.0182644096465442,0.991705882418506,1.21472930297619,0.027175764237946,0.828858612368734,0.974,0.00503229569878401,3.73107399795276,"05_rr_to_or",1000
0.5,300,0.05,0.15,0.5,"metaumbrella","population",1000,1000,0,-0.107444257843042,0.0244853335654016,0.774294233356406,0.0173224087744817,0.76084631169152,0.982632026579105,0.0219833144895265,0.781329825869086,0.97,0.00539444158370447,2.88021239766951,"05_rr_to_or",1000
0.75,300,0.05,0.15,0.5,"metaumbrella","population",1000,1000,0,0.000908847774677356,0.0207589721065301,0.656456337405386,0.0146861548611082,0.630812460915597,0.96093589926918,0.0214979315822348,0.65612865659187,0.979,0.00453420334788814,2.42336005085192,"05_rr_to_or",1000
1,300,0.05,0.15,0.5,"metaumbrella","population",1000,1000,0,-0.0112360565130117,0.0189559574207079,0.599440006786075,0.0134105930097337,0.575559479854324,0.960161940041694,0.0214806166681676,0.599245561001429,0.96,0.00619677335393187,2.22703173985967,"05_rr_to_or",1000
2,300,0.05,0.15,0.5,"metaumbrella","population",1000,1000,0,0.05369971711702,0.0166853442142287,0.527636912608752,0.0118042236283932,0.49175066213674,0.931986846229954,0.0208502871742352,0.530099962699674,0.958,0.00634318531969546,1.9036494724207,"05_rr_to_or",1000
0.25,50,0.15,0.15,0.5,"metaumbrella","population",1000,1000,0,0.10900170902808,0.0292182463664525,0.923962077539288,0.0206707581042874,1.27446027512105,1.37934262249725,0.0308584717767941,0.929910526545984,0.981,0.00431729081716764,4.90270552629132,"05_rr_to_or",1000
0.5,50,0.15,0.15,0.5,"metaumbrella","population",1000,1000,0,-0.124363617058811,0.0309846871473562,0.97982183973391,0.0219204453589453,1.11194382789025,1.13484286918142,0.0253885554455855,0.98719658428799,0.986,0.00371537346709587,4.24341629735562,"05_rr_to_or",1000
0.75,50,0.15,0.15,0.5,"metaumbrella","population",1000,1000,0,-0.0565993302462056,0.0315571036468615,0.997923238820881,0.0223254074791142,0.994273453089794,0.99634261876154,0.0222900460549869,0.99902874031356,0.983,0.00408790900094413,3.79603753341566,"05_rr_to_or",1000
1,50,0.15,0.15,0.5,"metaumbrella","population",1000,1000,0,-0.0394594416289278,0.0291506525171156,0.921824572342059,0.0206229381190817,0.914798128854375,0.992377678249743,0.0222013429272183,0.922208126815804,0.973,0.00512552436341883,3.50399600029785,"05_rr_to_or",1000
2,50,0.15,0.15,0.5,"metaumbrella","population",1000,1000,0,0.0723721578307073,0.0263080486920407,0.831933546614624,0.0186119079115361,0.793299944001151,0.953561672358707,0.0213329563474519,0.834661034064653,0.964,0.00589101010014412,3.04544766934635,"05_rr_to_or",1000
0.25,100,0.15,0.15,0.5,"metaumbrella","population",1000,1000,0,-0.0822747472253227,0.0269609866354894,0.852581257335062,0.0190738357807471,0.983333454603933,1.15336039367974,0.0258028270687395,0.85611742161322,0.969,0.00548078461536303,3.72059479496102,"05_rr_to_or",1000
0.5,100,0.15,0.15,0.5,"metaumbrella","population",1000,1000,0,-0.119371167909038,0.024432715604193,0.772630307323869,0.0172851836400762,0.770177698611403,0.996825637450127,0.0223008520855744,0.781415452836421,0.979,0.00453420334788814,2.92998814301341,"05_rr_to_or",1000
0.75,100,0.15,0.15,0.5,"metaumbrella","population",1000,1000,0,-0.0391600898487712,0.0226371803586893,0.715850497374856,0.0160149131980368,0.662642060567105,0.925671020690948,0.0207089903557625,0.716563329576807,0.965,0.00581162627841812,2.54955927013887,"05_rr_to_or",1000
1,100,0.15,0.15,0.5,"metaumbrella","population",1000,1000,0,-0.0179937895154715,0.0191189083720952,0.604592968318828,0.0135258743875667,0.595208530691511,0.98447809002243,0.0220246143781364,0.604558434846755,0.963,0.00596917079668525,2.31512169490356,"05_rr_to_or",1000
2,100,0.15,0.15,0.5,"metaumbrella","population",1000,1000,0,0.0504264264843926,0.0170467630363904,0.539065979281616,0.0120599132051578,0.526850346232595,0.97733926176291,0.0218649054510194,0.541150960801895,0.96,0.00619677335393187,2.04839232859035,"05_rr_to_or",1000
0.25,300,0.15,0.15,0.5,"metaumbrella","population",1000,1000,0,-0.0613382103639483,0.0174914242538267,0.553127401624035,0.0123744934968257,0.536436249391549,0.969824036589982,0.0216967758216491,0.556243066074159,0.958,0.00634318531969546,2.04646782787814,"05_rr_to_or",1000
0.5,300,0.15,0.15,0.5,"metaumbrella","population",1000,1000,0,-0.0126061716682663,0.0128415011496783,0.406083922086544,0.00908485610778146,0.398006829749244,0.980109795296013,0.0219268874629166,0.406076548435812,0.958,0.00634318531969546,1.55109517455076,"05_rr_to_or",1000
0.75,300,0.15,0.15,0.5,"metaumbrella","population",1000,1000,0,-0.00610280490936383,0.0112533878348365,0.35586336951314,0.00796132850925366,0.352384348570826,0.990223717189342,0.0221531547936055,0.355737745047171,0.951,0.00682634602111555,1.37738206215708,"05_rr_to_or",1000
1,300,0.15,0.15,0.5,"metaumbrella","population",1000,1000,0,0.00786158262957195,0.0104165955178468,0.32940167301097,0.00736933091463143,0.328372014645155,0.996874155627678,0.0223019375278628,0.329330777792914,0.952,0.00675988165576884,1.28490163134425,"05_rr_to_or",1000
2,300,0.15,0.15,0.5,"metaumbrella","population",1000,1000,0,-0.0089397262102224,0.00932470446805114,0.294873046269904,0.00659686101744838,0.293010204650906,0.99368256392857,0.0222305356580419,0.294861123256,0.946,0.00714730718522718,1.1467862687241,"05_rr_to_or",1000
0.25,50,0.3,0.15,0.5,"metaumbrella","population",1000,1000,0,-0.191777706038651,0.0283741902900626,0.897270680796316,0.0200736216860819,1.04640409114484,1.16620782729262,0.0260902481641811,0.917097742051258,0.975,0.00493710441453288,3.97387216706506,"05_rr_to_or",1000
0.5,50,0.3,0.15,0.5,"metaumbrella","population",1000,1000,0,-0.0821049232852797,0.0262292522994806,0.829441785895677,0.0185561625683806,0.792301769141917,0.955222877138201,0.0213701206023422,0.833082781565735,0.971,0.00530650544143696,3.04407072235951,"05_rr_to_or",1000
0.75,50,0.3,0.15,0.5,"metaumbrella","population",1000,1000,0,-0.0184716183584222,0.022797971556172,0.720935161492369,0.0161286666350768,0.6945455964179,0.963395369675352,0.0215529545307589,0.720811320841821,0.964,0.00589101010014412,2.6939336060675,"05_rr_to_or",1000
1,50,0.3,0.15,0.5,"metaumbrella","population",1000,1000,0,0.0132846037298284,0.0219599426854275,0.694434361727055,0.0155357942273933,0.650721481133294,0.937052538003667,0.0209636161644944,0.694214177585544,0.948,0.00702111102319284,2.53846965365695,"05_rr_to_or",1000
2,50,0.3,0.15,0.5,"metaumbrella","population",1000,1000,0,0.0896204496417255,0.0205887957605364,0.651074888833138,0.0145657618012719,0.622192408916732,0.955638774568362,0.0213794250049622,0.65689149587447,0.96,0.00619677335393187,2.43119010085031,"05_rr_to_or",1000
0.25,100,0.3,0.15,0.5,"metaumbrella","population",1000,1000,0,-0.114216233213103,0.023078351677212,0.729801559423568,0.0163270245237255,0.711658657124745,0.975139951313405,0.0218157027668367,0.738324490823868,0.971,0.00530650544143696,2.69168127402215,"05_rr_to_or",1000
0.5,100,0.3,0.15,0.5,"metaumbrella","population",1000,1000,0,-0.0518581730549054,0.0165206340396456,0.522428319553885,0.0116876976694626,0.528078408488837,1.01081505102897,0.0226138214066521,0.524735826712277,0.966,0.00573096850453743,2.05344379790519,"05_rr_to_or",1000
0.75,100,0.3,0.15,0.5,"metaumbrella","population",1000,1000,0,-0.0391119963965919,0.0145080277356804,0.458784120016453,0.0102638580061693,0.469929797036035,1.02429394683317,0.0229153694912051,0.460219658611645,0.962,0.00604615580348373,1.83725736262666,"05_rr_to_or",1000
1,100,0.3,0.15,0.5,"metaumbrella","population",1000,1000,0,0.00196262056242852,0.0143341442716418,0.453285442078435,0.0101408423063769,0.445360939078223,0.982517631795374,0.0219807552644669,0.453062993619777,0.959,0.00627048642451286,1.74318376043122,"05_rr_to_or",1000
2,100,0.3,0.15,0.5,"metaumbrella","population",1000,1000,0,0.0369815277516091,0.013946054572111,0.441012968208758,0.00986628413470727,0.429271101514654,0.973375234878477,0.0217762227628021,0.44234102125511,0.945,0.00720936890441875,1.68133457109281,"05_rr_to_or",1000
0.25,300,0.3,0.15,0.5,"metaumbrella","population",1000,1000,0,-0.0289725409131247,0.0120089714393679,0.379757021043132,0.00849587413943792,0.370215653932152,0.97487507384387,0.0218097769629178,0.380671233170416,0.949,0.00695693898205238,1.44198721231506,"05_rr_to_or",1000
0.5,300,0.3,0.15,0.5,"metaumbrella","population",1000,1000,0,-0.00516189747870891,0.00944999780805494,0.298835169570523,0.00668550111893887,0.293539090778027,0.982277592024703,0.021975385126281,0.298730315333499,0.945,0.00720936890441875,1.14890992609585,"05_rr_to_or",1000
0.75,300,0.3,0.15,0.5,"metaumbrella","population",1000,1000,0,-0.0113643319251601,0.00824020779623749,0.260578250291871,0.00582962235134883,0.267185981104041,1.02535795218814,0.0229391732790974,0.260695745152761,0.956,0.00648567652600714,1.04663596005447,"05_rr_to_or",1000
1,300,0.3,0.15,0.5,"metaumbrella","population",1000,1000,0,-0.0031425296952669,0.00823208228137579,0.260321298950626,0.00582387386972976,0.253379449405682,0.973333532166109,0.0217752897952046,0.260210082436364,0.942,0.00739161687318817,0.992877489963135,"05_rr_to_or",1000
2,300,0.3,0.15,0.5,"metaumbrella","population",1000,1000,0,0.0098608283309099,0.00792227393048677,0.250524298681127,0.00560469666793616,0.245196479591726,0.978733324003107,0.0218960932281478,0.250593091965466,0.946,0.00714730718522718,0.96091567369989,"05_rr_to_or",1000
0.25,50,0.5,0.15,0.5,"metaumbrella","population",1000,1000,0,-0.130347153589835,0.0245385723410323,0.775977791264723,0.0173600731106308,0.817782594683042,1.05387371119241,0.0235771240899221,0.786466637215155,0.981,0.00431729081716764,3.12190734808333,"05_rr_to_or",1000
0.5,50,0.5,0.15,0.5,"metaumbrella","population",1000,1000,0,-0.0545182531121554,0.0198395603451985,0.627381984671837,0.0140357072648232,0.6355790886242,1.01306557113949,0.0226641697466374,0.62943370298903,0.967,0.00564898220921256,2.48078963355851,"05_rr_to_or",1000
0.75,50,0.5,0.15,0.5,"metaumbrella","population",1000,1000,0,-0.0319970921114572,0.0193428461196683,0.611674501683017,0.0136843015208192,0.590952373136649,0.966122294636524,0.021613960937419,0.612205328477911,0.947,0.00708456067798138,2.31389597358378,"05_rr_to_or",1000
1,50,0.5,0.15,0.5,"metaumbrella","population",1000,1000,0,-0.00720959775004997,0.0189854313589327,0.600372054550131,0.0134314446597535,0.578536941459908,0.963630697123996,0.021558219245496,0.600115101943434,0.951,0.00682634602111555,2.26714527641071,"05_rr_to_or",1000
0.25,100,0.5,0.15,0.5,"metaumbrella","population",1000,1000,0,-0.0800674284078379,0.0183362602041108,0.579843460144942,0.0129721816450843,0.550991568091275,0.950241929008815,0.0212586874857507,0.58505812781845,0.961,0.00612200947402077,2.12227392788432,"05_rr_to_or",1000
0.5,100,0.5,0.15,0.5,"metaumbrella","population",1000,1000,0,-0.0068488393310363,0.0138821424395215,0.438991889117742,0.00982106881904053,0.439914365181549,1.00210135104241,0.0224188796563423,0.438825787109913,0.958,0.00634318531969546,1.72184498537915,"05_rr_to_or",1000
0.75,100,0.5,0.15,0.5,"metaumbrella","population",1000,1000,0,-0.0424754595819836,0.0134901936978632,0.42659738162097,0.00954378052711207,0.411968619594556,0.96570827047548,0.0216046984433294,0.428494463612498,0.947,0.00708456067798138,1.61440219410611,"05_rr_to_or",1000
1,100,0.5,0.15,0.5,"metaumbrella","population",1000,1000,0,0.00091954195519131,0.0132486826058791,0.418960130312329,0.00937292094507922,0.404352896323253,0.965134548773921,0.0215918632168624,0.418751607469082,0.945,0.00720936890441875,1.58494091577247,"05_rr_to_or",1000
0.25,300,0.5,0.15,0.5,"metaumbrella","population",1000,1000,0,-0.0122756782498671,0.00978783869553391,0.309518636482185,0.0069245102358869,0.300027292431083,0.969335145182289,0.0216858384073619,0.309607294519938,0.948,0.00702111102319284,1.17305358548566,"05_rr_to_or",1000
0.5,300,0.5,0.15,0.5,"metaumbrella","population",1000,1000,0,-0.00561530317296947,0.00799456411587413,0.252810315064125,0.00565583912586177,0.250943922004193,0.992617417293835,0.0222067063375888,0.252746264022129,0.949,0.00695693898205238,0.983314124265568,"05_rr_to_or",1000
0.75,300,0.5,0.15,0.5,"metaumbrella","population",1000,1000,0,0.00684151977073239,0.00724603690081928,0.229139806162165,0.00512628561321017,0.235659394495746,1.02845244762478,0.0230084029241018,0.229127370931628,0.955,0.00655553201502365,0.92370594031724,"05_rr_to_or",1000
1,300,0.5,0.15,0.5,"metaumbrella","population",1000,1000,0,-0.00768022121318551,0.0076007784789362,0.240357719838285,0.00537725130289671,0.231755391319723,0.964210309016286,0.0215711862465355,0.240360245153514,0.935,0.0077958322198467,0.908457736854174,"05_rr_to_or",1000
0.25,50,0.01,0.3,0.5,"metaumbrella","population",1000,1000,0,1.19052060887423,0.0184605995319513,0.583775414932045,0.0130601468205574,1.6368626459189,2.80392528368026,0.0627290477503237,1.32581758228584,0.997,0.00172945077987204,6.41352798827194,"05_rr_to_or",1000
0.5,50,0.01,0.3,0.5,"metaumbrella","population",1000,1000,0,0.559136971830429,0.0200925561041967,0.63538241303981,0.0142146917962722,1.63305959340973,2.57019955210407,0.0575001664167674,0.846133117929557,1,0,6.3976397102858,"05_rr_to_or",1000
0.75,50,0.01,0.3,0.5,"metaumbrella","population",1000,1000,0,0.239590246294732,0.0225957715661791,0.714541036379959,0.0159856181088438,1.6251576099027,2.2744076647244,0.0508827492068324,0.753300610578437,1,0,6.36508777315181,"05_rr_to_or",1000
1,50,0.01,0.3,0.5,"metaumbrella","population",1000,1000,0,0.0154963801826867,0.0230855212192979,0.730028280251288,0.0163320966922711,1.61987797398476,2.21892496195788,0.0496414974761192,0.729827710131269,1,0,6.34323831878792,"05_rr_to_or",1000
2,50,0.01,0.3,0.5,"metaumbrella","population",1000,1000,0,-0.442038073025659,0.0269481083246202,0.852174009387439,0.0190647248832131,1.59480451242011,1.8714540631983,0.0418679242190143,0.959620758288098,1,0,6.24122794903905,"05_rr_to_or",1000
0.25,100,0.01,0.3,0.5,"metaumbrella","population",1000,1000,0,1.02028126813548,0.0228580963628091,0.722836474820871,0.0161712025668529,1.59681503537005,2.20909582041466,0.0494216012139764,1.25017756453645,0.996,0.00199599599197994,6.25244391093417,"05_rr_to_or",1000
0.5,100,0.01,0.3,0.5,"metaumbrella","population",1000,1000,0,0.467287645192909,0.0256848513322366,0.812226315726779,0.0181710203334735,1.5865708968171,1.95336061648956,0.0437003268591188,0.936701457093492,1,0,6.20962916227695,"05_rr_to_or",1000
0.75,100,0.01,0.3,0.5,"metaumbrella","population",1000,1000,0,0.188137333183353,0.0279342298992067,0.883357911642689,0.0197623670440069,1.57364937369113,1.78144028932143,0.0398541479060101,0.902738353565979,1,0,6.1557525924443,"05_rr_to_or",1000
1,100,0.01,0.3,0.5,"metaumbrella","population",1000,1000,0,0.0285955378750318,0.02803758014724,0.886626133447974,0.0198354832724869,1.5625610680619,1.76236748400964,0.0394274536135125,0.88664395300411,1,0,6.10890609834135,"05_rr_to_or",1000
2,100,0.01,0.3,0.5,"metaumbrella","population",1000,1000,0,-0.31288419508046,0.0302232723709126,0.955743790357211,0.0213817744043815,1.51084076284349,1.58080102438208,0.0353654726534188,1.00520110731371,0.999,0.000999499874937461,5.89067988245002,"05_rr_to_or",1000
0.25,300,0.01,0.3,0.5,"metaumbrella","population",1000,1000,0,0.533233644887051,0.0297863087023552,0.941925785883368,0.0210726398252617,1.47129743784181,1.5620099373986,0.0349450809263183,1.08197739438743,0.979,0.00453420334788814,5.73312119292879,"05_rr_to_or",1000
0.5,300,0.01,0.3,0.5,"metaumbrella","population",1000,1000,0,0.150854940564952,0.0329715781172873,1.04265284900794,0.0233260924365944,1.430771637151,1.3722416224272,0.0306996091369577,1.05299337684227,0.998,0.00141279864099595,5.55496067923329,"05_rr_to_or",1000
0.75,300,0.01,0.3,0.5,"metaumbrella","population",1000,1000,0,0.0193080998075258,0.034412907269246,1.08823167878983,0.0243457760231838,1.36900817413062,1.25801169072107,0.0281440721252492,1.08785878736773,0.999,0.000999499874937461,5.29587105341527,"05_rr_to_or",1000
1,300,0.01,0.3,0.5,"metaumbrella","population",1000,1000,0,-0.019281266061389,0.0340060105484108,1.0753644746869,0.0240579126249387,1.32033428499025,1.2278016580143,0.0274682172459372,1.07499958692371,0.999,0.000999499874937461,5.08633440853867,"05_rr_to_or",1000
2,300,0.01,0.3,0.5,"metaumbrella","population",1000,1000,0,-0.00986228668714818,0.0327491685618899,1.03561964132353,0.0231687464390954,1.18838037017121,1.1475065967776,0.0256718666941776,1.03514868407987,0.992,0.00281709069786544,4.54145863692669,"05_rr_to_or",1000
0.25,50,0.05,0.3,0.5,"metaumbrella","population",1000,1000,0,0.709145585472095,0.0310583274052699,0.982150549158802,0.0219725429399903,1.53913313913919,1.56710510466795,0.03505906933849,1.21100889464375,0.986,0.00371537346709587,6.01313710976731,"05_rr_to_or",1000
0.5,50,0.05,0.3,0.5,"metaumbrella","population",1000,1000,0,0.207835036826167,0.0332653076843354,1.05194139348801,0.0235338945323253,1.48778575592839,1.41432380657178,0.0316410662271333,1.07176000913017,0.999,0.000999499874937461,5.79187941590448,"05_rr_to_or",1000
0.75,50,0.05,0.3,0.5,"metaumbrella","population",1000,1000,0,0.0643438329003976,0.0350259134429529,1.10761663607641,0.0247794537386158,1.44973617609797,1.30887901903809,0.0292820693056669,1.10893098375554,1,0,5.63073255383483,"05_rr_to_or",1000
1,50,0.05,0.3,0.5,"metaumbrella","population",1000,1000,0,0.00613570071997111,0.0357611216851329,1.13086596207459,0.0252995846027264,1.40089153386746,1.23877769855015,0.0277137717815343,1.13031704100134,1,0,5.42481920382979,"05_rr_to_or",1000
2,50,0.05,0.3,0.5,"metaumbrella","population",1000,1000,0,0.000384626624331252,0.0343329945806472,1.08570461769063,0.024289240944563,1.29155578362446,1.18960144645207,0.0266136071359223,1.08516169776468,0.995,0.00223047080231955,4.97548011987835,"05_rr_to_or",1000
0.25,100,0.05,0.3,0.5,"metaumbrella","population",1000,1000,0,0.301414697904476,0.0300245063462688,0.949458256763897,0.0212411552733347,1.39023372296132,1.46423890998615,0.0327577603572395,0.995700924207991,0.983,0.00408790900094413,5.38672960613925,"05_rr_to_or",1000
0.5,100,0.05,0.3,0.5,"metaumbrella","population",1000,1000,0,0.0590232327422025,0.0342972902286388,1.08457554694336,0.0242639815222699,1.28012815779425,1.18030335590915,0.0264055914769287,1.0856387773628,0.987,0.00358203852575597,4.92142199054301,"05_rr_to_or",1000
0.75,100,0.05,0.3,0.5,"metaumbrella","population",1000,1000,0,-0.0250816256256336,0.0336519932304983,1.06416946412942,0.0238074593208109,1.18661517321111,1.11506222759536,0.0249460255330355,1.06393293006709,0.996,0.00199599599197994,4.53239032130475,"05_rr_to_or",1000
1,100,0.05,0.3,0.5,"metaumbrella","population",1000,1000,0,0.0671204131437822,0.0326846405626086,1.03357908681771,0.0231230954220095,1.11761173689252,1.08130258356285,0.0241907592158926,1.03524035510543,0.999,0.000999499874937461,4.25299588373982,"05_rr_to_or",1000
2,100,0.05,0.3,0.5,"metaumbrella","population",1000,1000,0,0.0560166944523061,0.0290178323596748,0.917624430175107,0.0205289730908114,0.951495131520469,1.0369112898824,0.0231976430308118,0.918874545472176,0.982,0.00420428352992517,3.61387032739805,"05_rr_to_or",1000
0.25,300,0.05,0.3,0.5,"metaumbrella","population",1000,1000,0,-0.119071012576745,0.0253845952431545,0.802731384498439,0.0179586009805488,0.97113615188664,1.20978968885516,0.0270652558403544,0.811117256639984,0.975,0.00493710441453288,3.66346035228746,"05_rr_to_or",1000
0.5,300,0.05,0.3,0.5,"metaumbrella","population",1000,1000,0,-0.0882566647683303,0.023140480529572,0.73176624624227,0.0163709782388912,0.734445170554189,1.0036609017233,0.0224537697191053,0.736705908878429,0.978,0.00463853425124791,2.78985482118979,"05_rr_to_or",1000
0.75,300,0.05,0.3,0.5,"metaumbrella","population",1000,1000,0,-0.0392182743522288,0.0207875881279137,0.657361255456829,0.0147063995687648,0.633301627606303,0.963399686776784,0.0215530511123844,0.658201921448707,0.981,0.00431729081716764,2.43425464325165,"05_rr_to_or",1000
1,300,0.05,0.3,0.5,"metaumbrella","population",1000,1000,0,-0.0143032383722868,0.0185885306066297,0.587820950727012,0.0131506530154033,0.575090656395636,0.978343244970035,0.0218873664313126,0.587701045831492,0.97,0.00539444158370447,2.22013646766864,"05_rr_to_or",1000
2,300,0.05,0.3,0.5,"metaumbrella","population",1000,1000,0,0.0494403721762758,0.0165433167616638,0.523145610204986,0.0117037448015904,0.494964178623886,0.946130807501076,0.0211667140159627,0.525216144599725,0.953,0.00669260786241059,1.91697217711598,"05_rr_to_or",1000
0.25,50,0.15,0.3,0.5,"metaumbrella","population",1000,1000,0,0.0767571370077953,0.0304503812660123,0.962925604211203,0.0215424449995657,1.30174209997547,1.3518615501369,0.0302436688395133,0.965499949046036,0.971,0.00530650544143696,5.01419258487502,"05_rr_to_or",1000
0.5,50,0.15,0.3,0.5,"metaumbrella","population",1000,1000,0,-0.0560737392481426,0.0321868832000508,1.0178386169397,0.0227709516996581,1.11486051827366,1.09532149765124,0.0245043885184909,1.01887375023447,0.985,0.00384382621875652,4.25867620230374,"05_rr_to_or",1000
0.75,50,0.15,0.3,0.5,"metaumbrella","population",1000,1000,0,-0.000509598007663154,0.0320725011705866,1.0142215395747,0.0226900309204684,1.00938358907409,0.995229887838268,0.0222651521850876,1.01371443005221,0.988,0.00344325427466518,3.84736741083978,"05_rr_to_or",1000
1,50,0.15,0.3,0.5,"metaumbrella","population",1000,1000,0,-0.0435372780518456,0.0292236135321482,0.924131802221066,0.0206745551625506,0.904475786930169,0.978730290155954,0.0218960253553183,0.92469511887359,0.986,0.00371537346709587,3.46561807872957,"05_rr_to_or",1000
2,50,0.15,0.3,0.5,"metaumbrella","population",1000,1000,0,0.0470994177291924,0.0242861968135538,0.767996976339538,0.0171815273685448,0.78606218925344,1.02352250525777,0.0228981109017195,0.769056494323684,0.973,0.00512552436341883,3.01686730625307,"05_rr_to_or",1000
0.25,100,0.15,0.3,0.5,"metaumbrella","population",1000,1000,0,-0.145251735722166,0.0265541007693397,0.83971439648743,0.0187859800617643,1.00634316080939,1.19843504531895,0.0268112312482169,0.851770634696268,0.974,0.00503229569878401,3.80291202109413,"05_rr_to_or",1000
0.5,100,0.15,0.3,0.5,"metaumbrella","population",1000,1000,0,-0.0520249543553079,0.0241680012862607,0.76425930558463,0.017097908689893,0.755328666509426,0.988314647908183,0.0221104453466765,0.765646648110079,0.977,0.00474035863622153,2.87474565939043,"05_rr_to_or",1000
0.75,100,0.15,0.3,0.5,"metaumbrella","population",1000,1000,0,-0.0426596174250194,0.0212868784040461,0.673150200318358,0.0150596277670733,0.652053756078946,0.968660123358152,0.0216707369078729,0.674164597079457,0.961,0.00612200947402077,2.51871163673879,"05_rr_to_or",1000
1,100,0.15,0.3,0.5,"metaumbrella","population",1000,1000,0,0.00955371177470241,0.0202799302998231,0.641307705369024,0.0143472516571277,0.598634602637496,0.933459239029456,0.0208832273523365,0.641058164912819,0.96,0.00619677335393187,2.32193541857478,"05_rr_to_or",1000
2,100,0.15,0.3,0.5,"metaumbrella","population",1000,1000,0,0.0441039685026031,0.0169180695422254,0.534996333665545,0.0119688676285644,0.52514302070165,0.981582466376199,0.0219598338666768,0.536544514459163,0.962,0.00604615580348373,2.04513636777176,"05_rr_to_or",1000
0.25,300,0.15,0.3,0.5,"metaumbrella","population",1000,1000,0,-0.0963239064494259,0.0176625684807608,0.558539457279041,0.0124955712942928,0.540528797649072,0.967754006641342,0.0216504653838323,0.56650918259628,0.969,0.00548078461536303,2.06596766582344,"05_rr_to_or",1000
0.5,300,0.15,0.3,0.5,"metaumbrella","population",1000,1000,0,-0.0284234915460325,0.0128716145853065,0.407036192534121,0.00910616017701789,0.400324078396174,0.983509785466107,0.0220029515959275,0.40782432301459,0.96,0.00619677335393187,1.55770047480483,"05_rr_to_or",1000
0.75,300,0.15,0.3,0.5,"metaumbrella","population",1000,1000,0,-0.0134995392482202,0.0115787909765512,0.36615352036907,0.0081915384111211,0.353248060309638,0.964753964275902,0.0215833488305169,0.366219291733926,0.947,0.00708456067798138,1.38079144482729,"05_rr_to_or",1000
1,300,0.15,0.3,0.5,"metaumbrella","population",1000,1000,0,0.0093347892427583,0.0102736676039793,0.324881895520592,0.00726821504693518,0.328321506511871,1.01058726583015,0.0226087254261363,0.324853560979748,0.956,0.00648567652600714,1.28467795900028,"05_rr_to_or",1000
2,300,0.15,0.3,0.5,"metaumbrella","population",1000,1000,0,0.0134417226177644,0.00941670132767935,0.297782242409983,0.00666194517095569,0.294037038198139,0.98742301024556,0.0220904977461322,0.297936687129592,0.944,0.00727076337120113,1.15076501867214,"05_rr_to_or",1000
0.25,50,0.3,0.3,0.5,"metaumbrella","population",1000,1000,0,-0.15102042807132,0.0274168042439205,0.866995475737594,0.0193963087794817,1.02223670749003,1.17905656499576,0.0263776984345584,0.879623012141765,0.973,0.00512552436341883,3.88197782603531,"05_rr_to_or",1000
0.5,50,0.3,0.3,0.5,"metaumbrella","population",1000,1000,0,-0.119616697519309,0.0254388445334657,0.80444689768675,0.01799698021602,0.797839125440944,0.991785943528644,0.0221881047158468,0.812893492846428,0.978,0.00463853425124791,3.06321829073687,"05_rr_to_or",1000
0.75,50,0.3,0.3,0.5,"metaumbrella","population",1000,1000,0,-0.07558000304911,0.0225305974302796,0.712480049240202,0.0159395099755583,0.691550164522218,0.970623900640722,0.0217146702750159,0.716123264253898,0.969,0.00548078461536303,2.68398539695057,"05_rr_to_or",1000
1,50,0.3,0.3,0.5,"metaumbrella","population",1000,1000,0,-0.0044545833150928,0.0215457669030849,0.681336973488205,0.0152427811799269,0.647251363027409,0.949972463278647,0.0212526590338682,0.68101078896236,0.94,0.00750999334220744,2.5252878110589,"05_rr_to_or",1000
2,50,0.3,0.3,0.5,"metaumbrella","population",1000,1000,0,0.0420112708538608,0.0203802491659202,0.644480066460545,0.0144182233023244,0.619685754747551,0.961528194581465,0.0215111823350786,0.645526256931258,0.956,0.00648567652600714,2.42163195118919,"05_rr_to_or",1000
0.25,100,0.3,0.3,0.5,"metaumbrella","population",1000,1000,0,-0.118632733875401,0.0224558603865735,0.710116656403213,0.0158866364617784,0.70278445523338,0.989674652602896,0.0221408711928757,0.719607619180293,0.973,0.00512552436341883,2.66288852898598,"05_rr_to_or",1000
0.5,100,0.3,0.3,0.5,"metaumbrella","population",1000,1000,0,-0.0286043637055992,0.0177570616971422,0.561527595151044,0.0125624215218464,0.525385711801915,0.935636496476353,0.0209319366696446,0.56197520986161,0.947,0.00708456067798138,2.04371639851012,"05_rr_to_or",1000
0.75,100,0.3,0.3,0.5,"metaumbrella","population",1000,1000,0,0.0017479360995952,0.015122175323853,0.478205171997698,0.010698343227364,0.469958287859555,0.982754506598724,0.0219860545964202,0.477969205722953,0.959,0.00627048642451286,1.83751827725152,"05_rr_to_or",1000
1,100,0.3,0.3,0.5,"metaumbrella","population",1000,1000,0,0.00299901150178429,0.013973476264242,0.441880118253056,0.00988568390147426,0.444712244296293,1.00640926334145,0.0225152557038368,0.441669304953848,0.954,0.00662449998113065,1.74104778221385,"05_rr_to_or",1000
2,100,0.3,0.3,0.5,"metaumbrella","population",1000,1000,0,0.0173839874053595,0.0138696214300496,0.438595940032385,0.00981221069816741,0.42939716475648,0.979026766013325,0.0219026580742149,0.438721136067534,0.955,0.00655553201502365,1.68161280519156,"05_rr_to_or",1000
0.25,300,0.3,0.3,0.5,"metaumbrella","population",1000,1000,0,-0.0481353123608505,0.0116174885131666,0.367377243924495,0.00821891539359216,0.370199771063867,1.00768291228172,0.0225437496104526,0.370335093679064,0.961,0.00612200947402077,1.44211826722038,"05_rr_to_or",1000
0.5,300,0.3,0.3,0.5,"metaumbrella","population",1000,1000,0,-0.0342058009320927,0.00966030289442812,0.3054856003351,0.00683428368151979,0.294165719393224,0.962944633300364,0.0215428707158462,0.30724284756116,0.95,0.00689202437604511,1.15120340998001,"05_rr_to_or",1000
0.75,300,0.3,0.3,0.5,"metaumbrella","population",1000,1000,0,-0.00266706015989177,0.00824096763888126,0.260602278626048,0.00583015991008147,0.266837018639861,1.0239243495747,0.0229071009099381,0.260485599001863,0.962,0.00604615580348373,1.04526128763179,"05_rr_to_or",1000
1,300,0.3,0.3,0.5,"metaumbrella","population",1000,1000,0,0.011613759718557,0.00797963315912036,0.252338156754251,0.00564527606223871,0.253560529932614,1.00484418684073,0.022480242018159,0.252479207507429,0.957,0.00641490451994416,0.993558596449179,"05_rr_to_or",1000
2,300,0.3,0.3,0.5,"metaumbrella","population",1000,1000,0,0.0100738342779448,0.00802933256142365,0.253909789850526,0.00568043643121002,0.245255386872722,0.96591544192566,0.0216093332557712,0.25398266345878,0.947,0.00708456067798138,0.961121699393578,"05_rr_to_or",1000
0.25,50,0.5,0.3,0.5,"metaumbrella","population",1000,1000,0,-0.187869895821579,0.0252631044327598,0.798889507742171,0.017872651018937,0.836916392765401,1.04759968012435,0.0234367622918578,0.820293434626267,0.978,0.00463853425124791,3.18827466237615,"05_rr_to_or",1000
0.5,50,0.5,0.3,0.5,"metaumbrella","population",1000,1000,0,-0.0344673896057235,0.0208429676843916,0.659112510799632,0.0147455784230164,0.638081809536364,0.968092395579393,0.0216580357766587,0.659683919416666,0.957,0.00641490451994416,2.48605935630948,"05_rr_to_or",1000
0.75,50,0.5,0.3,0.5,"metaumbrella","population",1000,1000,0,0.00888425893603676,0.0190911433247714,0.603714960429974,0.0135062317105291,0.589957882910183,0.9772126277772,0.0218620724121425,0.603478426913805,0.95,0.00689202437604511,2.3106399319354,"05_rr_to_or",1000
1,50,0.5,0.3,0.5,"metaumbrella","population",1000,1000,0,0.00335715406998494,0.0178809299857471,0.565444654369628,0.0126500534556192,0.578041883753861,1.02227844809723,0.0228702790185085,0.565171832261201,0.963,0.00596917079668525,2.26529724965309,"05_rr_to_or",1000
0.25,100,0.5,0.3,0.5,"metaumbrella","population",1000,1000,0,-0.0919361389398683,0.0173291208394945,0.547994917010918,0.0122596702259461,0.541673425820754,0.988464325135267,0.0221137939059193,0.555383096865491,0.974,0.00503229569878401,2.10279420140299,"05_rr_to_or",1000
0.5,100,0.5,0.3,0.5,"metaumbrella","population",1000,1000,0,-0.0302424187403089,0.0142798813972791,0.451569499324698,0.0101024534607245,0.440715126179786,0.975963006444978,0.0218341160480144,0.452355724622671,0.95,0.00689202437604511,1.72472624212403,"05_rr_to_or",1000
0.75,100,0.5,0.3,0.5,"metaumbrella","population",1000,1000,0,-0.0188592209335015,0.0126482308227508,0.399972177714381,0.00894812496633822,0.411367747048432,1.02849090504037,0.0230092632883466,0.400216735553197,0.956,0.00648567652600714,1.61209280117415,"05_rr_to_or",1000
1,100,0.5,0.3,0.5,"metaumbrella","population",1000,1000,0,-0.0184071567549752,0.0127454712913871,0.403047191330709,0.00901691876662035,0.404240543294683,1.00296082441372,0.0224381076815907,0.403265935606934,0.944,0.00727076337120113,1.58449138680061,"05_rr_to_or",1000
0.25,300,0.5,0.3,0.5,"metaumbrella","population",1000,1000,0,-0.038624890249684,0.00956210478225914,0.302380303371273,0.00676481238616945,0.301550201732719,0.997254776090576,0.0223104527188099,0.304687210374568,0.955,0.00655553201502365,1.17910443088736,"05_rr_to_or",1000
0.5,300,0.5,0.3,0.5,"metaumbrella","population",1000,1000,0,-0.0185063204393228,0.00781146431347292,0.247020190916979,0.00552630322980183,0.250958084098869,1.01594158423759,0.022728511533493,0.247589255910153,0.952,0.00675988165576884,0.983372355554294,"05_rr_to_or",1000
0.75,300,0.5,0.3,0.5,"metaumbrella","population",1000,1000,0,-0.00168706266500823,0.00742314507784465,0.23474045847857,0.00525158267038695,0.235709328961524,1.00412741156439,0.0224642064159275,0.23462912424573,0.954,0.00662449998113065,0.923902206675143,"05_rr_to_or",1000
1,300,0.5,0.3,0.5,"metaumbrella","population",1000,1000,0,0.00176538277792723,0.00743843484824413,0.235223963472204,0.00526239958052707,0.231702455336927,0.98502912678073,0.0220369421000357,0.235112949994112,0.96,0.00619677335393187,0.908252066466474,"05_rr_to_or",1000
0.25,50,0.01,0.5,0.5,"metaumbrella","population",1000,1000,0,1.14956961771664,0.0186252985526499,0.588983655270112,0.0131766648885542,1.63769349969314,2.7805415057606,0.0622059089455049,1.29153596558762,1,0,6.41709367501185,"05_rr_to_or",1000
0.5,50,0.01,0.5,0.5,"metaumbrella","population",1000,1000,0,0.561107338721918,0.0204792650107636,0.647611222402056,0.0144882731113232,1.63206142009619,2.52012529066854,0.0563799116243398,0.85663430975726,1,0,6.39379686341312,"05_rr_to_or",1000
0.75,50,0.01,0.5,0.5,"metaumbrella","population",1000,1000,0,0.200392949084936,0.0225759529176644,0.713914315685432,0.0159715971958751,1.62392169352228,2.27467310550167,0.0508886876129978,0.741162135118501,1,0,6.36054189992824,"05_rr_to_or",1000
1,50,0.01,0.5,0.5,"metaumbrella","population",1000,1000,0,0.00566155200344375,0.0223005858985083,0.705206445955188,0.0157767858792929,1.61792022444135,2.29425047618489,0.0513266699756383,0.704876491632696,1,0,6.33461652291495,"05_rr_to_or",1000
2,50,0.01,0.5,0.5,"metaumbrella","population",1000,1000,0,-0.487944764690433,0.026421356712767,0.835516660841229,0.0186920688718598,1.59778853405196,1.91233593408329,0.0427825280587789,0.967202200081005,1,0,6.25418198936194,"05_rr_to_or",1000
0.25,100,0.01,0.5,0.5,"metaumbrella","population",1000,1000,0,1.07032414187048,0.0225218224033723,0.71220255852464,0.0159333019897578,1.60330621952655,2.25119413056851,0.0503634190731109,1.28542561844529,0.996,0.00199599599197994,6.27920834314008,"05_rr_to_or",1000
0.5,100,0.01,0.5,0.5,"metaumbrella","population",1000,1000,0,0.47612204481456,0.0265080031227505,0.838256660907476,0.0187533677930514,1.58192940869033,1.88716592717292,0.0422194279738564,0.963672017277971,1,0,6.1913379341372,"05_rr_to_or",1000
0.75,100,0.01,0.5,0.5,"metaumbrella","population",1000,1000,0,0.148294446514139,0.0266773768429327,0.843612728222993,0.0188731930267495,1.57412389593597,1.86593189419005,0.0417443829800876,0.856131996628765,1,0,6.15785700759632,"05_rr_to_or",1000
1,100,0.01,0.5,0.5,"metaumbrella","population",1000,1000,0,-0.0258201404402204,0.0290285702865804,0.917963993238807,0.0205365697510224,1.55525913156432,1.69424851412415,0.037903504976393,0.917868135759384,1,0,6.07868508870816,"05_rr_to_or",1000
2,100,0.01,0.5,0.5,"metaumbrella","population",1000,1000,0,-0.313196920380421,0.0313709727128576,0.992037261876213,0.022193727176872,1.51438727562339,1.52654273566224,0.0341516133527564,1.03982984279048,0.999,0.000999499874937461,5.90790384344832,"05_rr_to_or",1000
0.25,300,0.01,0.5,0.5,"metaumbrella","population",1000,1000,0,0.518634161030448,0.0296280485163746,0.936921159377164,0.0209606769791376,1.49259995434168,1.59309023966746,0.0356404053618393,1.07047878569242,0.987,0.00358203852575597,5.82246352126331,"05_rr_to_or",1000
0.5,300,0.01,0.5,0.5,"metaumbrella","population",1000,1000,0,0.128368891415133,0.031747113718844,1.00393188487925,0.022459832118638,1.42595257247426,1.42036784960342,0.0317762827630887,1.011607593156,1,0,5.53261076624499,"05_rr_to_or",1000
0.75,300,0.01,0.5,0.5,"metaumbrella","population",1000,1000,0,0.0709878752561515,0.0334233315980394,1.0569385484088,0.0236456902251229,1.36356078119633,1.29010412502141,0.0288620398454903,1.05879235662653,1,0,5.27222903000555,"05_rr_to_or",1000
1,300,0.01,0.5,0.5,"metaumbrella","population",1000,1000,0,-0.0433197117173951,0.0326659369494618,1.03298762663752,0.0231098633526312,1.3208424850941,1.27866244573866,0.0286060681010758,1.03337939343336,1,0,5.08574994011294,"05_rr_to_or",1000
2,300,0.01,0.5,0.5,"metaumbrella","population",1000,1000,0,0.091550446641872,0.0317017805179369,1.00249832319433,0.022427760665126,1.18383662880493,1.18088639293958,0.0264186351047083,1.00617064626223,0.991,0.00298646948753876,4.52104553197651,"05_rr_to_or",1000
0.25,50,0.05,0.5,0.5,"metaumbrella","population",1000,1000,0,0.643863889509352,0.0308432418392145,0.975348946353185,0.0218203783763853,1.54070282745002,1.579642683996,0.035339558414615,1.16829575442147,0.99,0.00314642654451046,6.01925685004671,"05_rr_to_or",1000
0.5,50,0.05,0.5,0.5,"metaumbrella","population",1000,1000,0,0.196273928083963,0.0329826736303063,1.04300371993742,0.0233339420748918,1.48181854319644,1.42072220345038,0.0317842103207579,1.06079798165768,1,0,5.76730805563727,"05_rr_to_or",1000
0.75,50,0.05,0.5,0.5,"metaumbrella","population",1000,1000,0,0.0949326933702754,0.0355456468612541,1.12405204985578,0.0251471446545482,1.44434659514451,1.2849463646544,0.0287466511087683,1.12749356275091,1,0,5.61085552232252,"05_rr_to_or",1000
1,50,0.05,0.5,0.5,"metaumbrella","population",1000,1000,0,0.0589990886479984,0.0358789199394337,1.13459106995441,0.0253829222263887,1.41763653922213,1.24946914951401,0.0279529595166482,1.13555734843537,1,0,5.49796556486417,"05_rr_to_or",1000
2,50,0.05,0.5,0.5,"metaumbrella","population",1000,1000,0,-0.0582672013643048,0.0334357865237447,1.05733240774197,0.0236545015943348,1.28469297902007,1.21503225439165,0.0271825418271767,1.05840868070693,0.997,0.00172945077987204,4.94162973914224,"05_rr_to_or",1000
0.25,100,0.05,0.5,0.5,"metaumbrella","population",1000,1000,0,0.318720817555837,0.0304419216011813,0.96265808612013,0.021536460120009,1.39057123073021,1.44451207628113,0.0323164342275288,1.01359106138776,0.976,0.00483983470792134,5.39011918098582,"05_rr_to_or",1000
0.5,100,0.05,0.5,0.5,"metaumbrella","population",1000,1000,0,0.030274777119227,0.0333534022994454,1.05472718982145,0.0235962180015846,1.27061444886102,1.20468540218075,0.0269510634100517,1.05463432413009,0.991,0.00298646948753876,4.88646587349412,"05_rr_to_or",1000
0.75,100,0.05,0.5,0.5,"metaumbrella","population",1000,1000,0,0.035391383104573,0.0323851261031748,1.02410760797806,0.0229112007428408,1.17175295069562,1.14416975478687,0.0255972153039318,1.02420708175831,0.995,0.00223047080231955,4.48195040315165,"05_rr_to_or",1000
1,100,0.05,0.5,0.5,"metaumbrella","population",1000,1000,0,-0.0198570983278679,0.033096203268914,1.04659384233678,0.0234142598211348,1.09929139294004,1.05035148160779,0.0234983252328031,1.04625886686826,0.997,0.00172945077987204,4.19708800400392,"05_rr_to_or",1000
2,100,0.05,0.5,0.5,"metaumbrella","population",1000,1000,0,0.111026098174912,0.0288548537672247,0.912470594555201,0.0204136721580155,0.960973882214319,1.05315600080544,0.0235610675675186,0.918747396087706,0.98,0.00442718872423573,3.64709281806946,"05_rr_to_or",1000
0.25,300,0.05,0.5,0.5,"metaumbrella","population",1000,1000,0,-0.102314157500092,0.026304097325585,0.831808593435921,0.0186091124754526,0.986260214411294,1.1856816846979,0.0265259147413787,0.837664501696643,0.97,0.00539444158370447,3.71557245440977,"05_rr_to_or",1000
0.5,300,0.05,0.5,0.5,"metaumbrella","population",1000,1000,0,-0.0689967599986849,0.0244528823974696,0.773268037322427,0.017299450851747,0.750983395812828,0.97118121992115,0.0217271385486741,0.775954938754339,0.968,0.00556560868189635,2.84251262384027,"05_rr_to_or",1000
0.75,300,0.05,0.5,0.5,"metaumbrella","population",1000,1000,0,-0.0278411856848317,0.0197756854031314,0.625362081648404,0.0139905182599858,0.625486291891274,1.00019862132118,0.0223763120372142,0.625669071515285,0.98,0.00442718872423573,2.4052025238077,"05_rr_to_or",1000
1,300,0.05,0.5,0.5,"metaumbrella","population",1000,1000,0,0.00952194610477544,0.0180829269739916,0.571832360003098,0.0127929583661135,0.566696249557843,0.991018153563001,0.0221709278196943,0.571625684479265,0.962,0.00604615580348373,2.19510720599797,"05_rr_to_or",1000
2,300,0.05,0.5,0.5,"metaumbrella","population",1000,1000,0,0.034072999431093,0.0160688777500612,0.508142531329952,0.011368097893796,0.492378713249853,0.96897756611941,0.0216778386955863,0.509030050787275,0.961,0.00612200947402077,1.90791468950806,"05_rr_to_or",1000
0.25,50,0.15,0.5,0.5,"metaumbrella","population",1000,1000,0,0.0353452282343816,0.0291771646267746,0.922662958863044,0.0206416943920873,1.28906862017145,1.39711755824674,0.0312561303021044,0.922878601919662,0.976,0.00483983470792134,4.96080824560878,"05_rr_to_or",1000
0.5,50,0.15,0.5,0.5,"metaumbrella","population",1000,1000,0,-0.0573946805374256,0.0329654489942166,1.04245902911831,0.0233217563235096,1.11236707052682,1.06706070882003,0.023872141866851,1.04351725233314,0.981,0.00431729081716764,4.25037210870175,"05_rr_to_or",1000
0.75,50,0.15,0.5,0.5,"metaumbrella","population",1000,1000,0,-0.0608155119337655,0.0311963876380667,0.986516397058114,0.0220702151151159,0.996875215993227,1.01050040218896,0.0226067821241775,0.987896711986949,0.985,0.00384382621875652,3.80029853725668,"05_rr_to_or",1000
1,50,0.15,0.5,0.5,"metaumbrella","population",1000,1000,0,0.0680599797046067,0.0290986008058171,0.920178552703929,0.0205861135841773,0.898428791454376,0.976363542504179,0.0218430767880632,0.922233159848871,0.971,0.00530650544143696,3.44557633953833,"05_rr_to_or",1000
2,50,0.15,0.5,0.5,"metaumbrella","population",1000,1000,0,0.0495786269690461,0.0261556194033917,0.827113309272122,0.0185040701955365,0.786581346369837,0.950995876323216,0.0212755546959298,0.828184973421301,0.965,0.00581162627841812,3.02188559739204,"05_rr_to_or",1000
0.25,100,0.15,0.5,0.5,"metaumbrella","population",1000,1000,0,-0.155780280850501,0.0267486971271659,0.84586807363847,0.0189236493178227,1.00922089134699,1.19311855217074,0.0266922913625862,0.859677149344285,0.98,0.00442718872423573,3.81255848609702,"05_rr_to_or",1000
0.5,100,0.15,0.5,0.5,"metaumbrella","population",1000,1000,0,-0.0794673239067101,0.024972471014023,0.789698872068475,0.0176670393261481,0.763274683632994,0.966538905689118,0.0216232813051063,0.793294232808085,0.972,0.0052168956286282,2.90810572819681,"05_rr_to_or",1000
0.75,100,0.15,0.5,0.5,"metaumbrella","population",1000,1000,0,-0.049552619947369,0.0222055855534232,0.702202271265479,0.0157095768781622,0.651813577630451,0.928241910205987,0.0207665059579394,0.703598183542479,0.959,0.00627048642451286,2.5151172234451,"05_rr_to_or",1000
1,100,0.15,0.5,0.5,"metaumbrella","population",1000,1000,0,0.0131284258568149,0.0197058985833627,0.623155228637115,0.0139411468346027,0.591123950583667,0.948598235910653,0.0212219149998925,0.622981919564505,0.952,0.00675988165576884,2.29714723666667,"05_rr_to_or",1000
2,100,0.15,0.5,0.5,"metaumbrella","population",1000,1000,0,0.0392233279294552,0.017232483952498,0.544938990321945,0.012191303435893,0.527173099299768,0.967398385254685,0.0216425094689317,0.546076930591093,0.962,0.00604615580348373,2.05117368808297,"05_rr_to_or",1000
0.25,300,0.15,0.5,0.5,"metaumbrella","population",1000,1000,0,-0.0894879772166515,0.0182600715146821,0.577434162239562,0.0129182811491507,0.542027013105964,0.938681928695953,0.0210000686788089,0.584041847452656,0.962,0.00604615580348373,2.0663988414678,"05_rr_to_or",1000
0.5,300,0.15,0.5,0.5,"metaumbrella","population",1000,1000,0,-0.0155170899932219,0.0128330257588254,0.405815906694989,0.00907886010268371,0.399386868877564,0.984157748103608,0.0220174477308512,0.405909649624651,0.954,0.00662449998113065,1.55731094340208,"05_rr_to_or",1000
0.75,300,0.15,0.5,0.5,"metaumbrella","population",1000,1000,0,-0.0109461215039038,0.0109588637517005,0.346549700228317,0.00775296432469466,0.351401895176092,1.0140014403261,0.0226851068890202,0.346549297517086,0.953,0.00669260786241059,1.37405746999321,"05_rr_to_or",1000
1,300,0.15,0.5,0.5,"metaumbrella","population",1000,1000,0,-0.0139636756990045,0.0102924648163551,0.325476315568287,0.00728151333408021,0.329294502500992,1.0117310745823,0.0226343145651368,0.32561308542953,0.952,0.00675988165576884,1.28832453786307,"05_rr_to_or",1000
2,300,0.15,0.5,0.5,"metaumbrella","population",1000,1000,0,0.00512704639118982,0.00932065168568926,0.294744886038659,0.00659399383360711,0.293346994791981,0.99525728413658,0.022265765091471,0.294642087799407,0.954,0.00662449998113065,1.14810691138179,"05_rr_to_or",1000
0.25,50,0.3,0.5,0.5,"metaumbrella","population",1000,1000,0,-0.190371365574163,0.0274538636537933,0.868167397176993,0.0194225268518246,1.0312849684782,1.18788723445687,0.0265752570105723,0.888370514887862,0.977,0.00474035863622153,3.92356680529659,"05_rr_to_or",1000
0.5,50,0.3,0.5,0.5,"metaumbrella","population",1000,1000,0,-0.10577179923355,0.0265503048501242,0.839594358982078,0.0187832945984786,0.798672197579004,0.951259604158503,0.0212814547803825,0.84581407085718,0.968,0.00556560868189635,3.0651366405334,"05_rr_to_or",1000
0.75,50,0.3,0.5,0.5,"metaumbrella","population",1000,1000,0,-0.103181489345717,0.0227163610247283,0.718354409888181,0.0160709303995383,0.692843927699865,0.964487609685188,0.0215773899806372,0.725371246253386,0.975,0.00493710441453288,2.69102273901975,"05_rr_to_or",1000
1,50,0.3,0.5,0.5,"metaumbrella","population",1000,1000,0,-0.0303179779234713,0.0203534930168466,0.643633962735672,0.0143992943810481,0.646331224495484,1.00419067655838,0.0224656217720541,0.644026081066757,0.97,0.00539444158370447,2.52042885597841,"05_rr_to_or",1000
2,50,0.3,0.5,0.5,"metaumbrella","population",1000,1000,0,0.0771887166129527,0.0206702061060294,0.653649310001729,0.0146233564131377,0.621902955554177,0.951432130407255,0.0212853145149336,0.657866446186174,0.959,0.00627048642451286,2.42969867251244,"05_rr_to_or",1000
0.25,100,0.3,0.5,0.5,"metaumbrella","population",1000,1000,0,-0.113417039043463,0.0222133591898745,0.70244809523436,0.0157150764196699,0.705125634220596,1.00381172502908,0.0224571439182701,0.711198508095503,0.969,0.00548078461536303,2.66960555000067,"05_rr_to_or",1000
0.5,100,0.3,0.5,0.5,"metaumbrella","population",1000,1000,0,-0.0277416200611283,0.0171215970691659,0.541432439182276,0.0121128553348828,0.523875151812392,0.967572524105869,0.0216464052804124,0.541872249332152,0.952,0.00675988165576884,2.0376625519832,"05_rr_to_or",1000
0.75,100,0.3,0.5,0.5,"metaumbrella","population",1000,1000,0,-0.0259022451254497,0.0148627157976441,0.470000341363215,0.010514785835286,0.46965383420031,0.999262751252691,0.0223553748751023,0.470478848475886,0.944,0.00727076337120113,1.83610743499307,"05_rr_to_or",1000
1,100,0.3,0.5,0.5,"metaumbrella","population",1000,1000,0,-0.00678279262093428,0.0145176354282415,0.45908794193197,0.0102706550701129,0.445062822487254,0.969450037424868,0.0216884087615054,0.458908469048724,0.949,0.00695693898205238,1.74249777169401,"05_rr_to_or",1000
2,100,0.3,0.5,0.5,"metaumbrella","population",1000,1000,0,0.0510601015820801,0.013447347124804,0.425242454012973,0.00951346826482927,0.430003127260237,1.01119519747461,0.0226223259929476,0.42808579458311,0.953,0.00669260786241059,1.68410690789945,"05_rr_to_or",1000
0.25,300,0.3,0.5,0.5,"metaumbrella","population",1000,1000,0,-0.0415143088745284,0.012076827113685,0.381902805873218,0.0085438793555012,0.370724909293111,0.970731043584378,0.0217170672628628,0.383962682069537,0.962,0.00604615580348373,1.44228050625335,"05_rr_to_or",1000
0.5,300,0.3,0.5,0.5,"metaumbrella","population",1000,1000,0,-0.02815243734025,0.00989780007919114,0.31299592075239,0.00700230358234184,0.294211032181229,0.939983599383644,0.0210291894842735,0.314103549310455,0.931,0.00801492358042171,1.15144104990929,"05_rr_to_or",1000
0.75,300,0.3,0.5,0.5,"metaumbrella","population",1000,1000,0,-0.00658986684770116,0.00851708646098872,0.269333922453072,0.00602550309763079,0.267427963047598,0.992923433527738,0.0222135524925347,0.26927986810611,0.951,0.00682634602111555,1.04758438641371,"05_rr_to_or",1000
1,300,0.3,0.5,0.5,"metaumbrella","population",1000,1000,0,-0.00279799684375002,0.0078629976083458,0.248649816788293,0.00556276100551069,0.253230307981187,1.01842145412395,0.0227839908565053,0.248541210755481,0.955,0.00655553201502365,0.992305622861533,"05_rr_to_or",1000
2,300,0.3,0.5,0.5,"metaumbrella","population",1000,1000,0,0.0063331451051245,0.00775498256521553,0.245234081209763,0.00548634461829268,0.245149073837504,0.999653362322889,0.0223641135746022,0.245193237180662,0.952,0.00675988165576884,0.960745487999159,"05_rr_to_or",1000
0.25,50,0.5,0.5,0.5,"metaumbrella","population",1000,1000,0,-0.164827531550419,0.0254060665262964,0.803410366088589,0.0179737910674024,0.822969245168296,1.02434481792279,0.0229165075725329,0.819750488428806,0.976,0.00483983470792134,3.13879218609596,"05_rr_to_or",1000
0.5,50,0.5,0.5,0.5,"metaumbrella","population",1000,1000,0,-0.0650047385110979,0.0208403053688297,0.659028320989373,0.0147436949396517,0.64269418633302,0.975214821372423,0.0218173777499522,0.661898500955473,0.963,0.00596917079668525,2.50181242264753,"05_rr_to_or",1000
0.75,50,0.5,0.5,0.5,"metaumbrella","population",1000,1000,0,-0.0414228813353227,0.0185690880014645,0.587206121567319,0.0131368981382883,0.591083337666614,1.006602819618,0.0225195859194044,0.58837239336584,0.954,0.00662449998113065,2.31394776855751,"05_rr_to_or",1000
1,50,0.5,0.5,0.5,"metaumbrella","population",1000,1000,0,0.011641015416396,0.0192471784182342,0.60864922333257,0.0136166203913656,0.578578624916668,0.950594534153424,0.0212665759216808,0.608456191049283,0.947,0.00708456067798138,2.26726305396981,"05_rr_to_or",1000
0.25,100,0.5,0.5,0.5,"metaumbrella","population",1000,1000,0,-0.0715173492152464,0.0184047100341902,0.582008033829964,0.0130206072029396,0.549259329397505,0.943731525118386,0.0211130375859857,0.586096706465711,0.96,0.00619677335393187,2.11867907788357,"05_rr_to_or",1000
0.5,100,0.5,0.5,0.5,"metaumbrella","population",1000,1000,0,-0.0339245640391775,0.0135979741010558,0.43000569723317,0.00962003091581901,0.440442004780683,1.02427016110406,0.0229148373600012,0.431127441481727,0.96,0.00619677335393187,1.72342850000462,"05_rr_to_or",1000
0.75,100,0.5,0.5,0.5,"metaumbrella","population",1000,1000,0,-0.00413589364211149,0.0128230606360048,0.405500781842224,0.00907181017091433,0.411776967995883,1.01547761788558,0.0227181317392741,0.405319082707438,0.96,0.00619677335393187,1.61367296851651,"05_rr_to_or",1000
1,100,0.5,0.5,0.5,"metaumbrella","population",1000,1000,0,0.00427346183418061,0.0120466767133025,0.380949366497473,0.00852254913515751,0.403895110322265,1.06023305416087,0.0237193944746043,0.380782825099871,0.958,0.00634318531969546,1.58315307395114,"05_rr_to_or",1000
0.25,300,0.5,0.5,0.5,"metaumbrella","population",1000,1000,0,-0.0221634696394298,0.00981422462266544,0.310353032761294,0.00694317723972596,0.300897680454908,0.96953355917853,0.0216902772991958,0.310988593561961,0.954,0.00662449998113065,1.17629705854925,"05_rr_to_or",1000
0.5,300,0.5,0.5,0.5,"metaumbrella","population",1000,1000,0,-0.00169857299957079,0.00806370248305165,0.254996662203985,0.00570475179658566,0.250655777316739,0.98297669918607,0.0219910254597675,0.254874791981618,0.947,0.00708456067798138,0.982139101435709,"05_rr_to_or",1000
0.75,300,0.5,0.5,0.5,"metaumbrella","population",1000,1000,0,-0.00552030819771088,0.00768277995394122,0.242950834163378,0.00543526411560164,0.235671056091604,0.970036002976315,0.0217015179057721,0.242892067625639,0.946,0.00714730718522718,0.923747115668931,"05_rr_to_or",1000
1,300,0.5,0.5,0.5,"metaumbrella","population",1000,1000,0,-0.0142850888999135,0.00728204499775737,0.23027848216749,0.00515175992307353,0.231719988607741,1.00625983994111,0.0225119128231724,0.230606190148687,0.945,0.00720936890441875,0.908320605804667,"05_rr_to_or",1000
0.25,50,0.01,0.01,0.5,"transpose","population",1000,1000,0,1.20858879684023,0.0179874800606786,0.56881406358608,0.0127254334355564,1.88431828113389,3.31271394601996,0.0741116008021081,1.33563197376451,0.998,0.00141279864099595,7.35520528755974,"05_rr_to_or",1000
0.5,50,0.01,0.01,0.5,"transpose","population",1000,1000,0,0.567222728459894,0.0199638210910307,0.631311454477646,0.0141236168466215,1.86299365215917,2.95098978316594,0.0660191553948848,0.848467572794396,1,0,7.26444168883469,"05_rr_to_or",1000
0.75,50,0.01,0.01,0.5,"transpose","population",1000,1000,0,0.204860820929888,0.0205278784673173,0.649148514878491,0.014522665216463,1.84729617283833,2.84572194266533,0.0636641171091751,0.680397204966811,1,0,7.19644948376469,"05_rr_to_or",1000
1,50,0.01,0.01,0.5,"transpose","population",1000,1000,0,-0.00207521578888546,0.0204901939627618,0.647956826209588,0.0144960049142609,1.84219779356689,2.84308725373473,0.0636051741948625,0.647636091569595,1,0,7.17226479061193,"05_rr_to_or",1000
2,50,0.01,0.01,0.5,"transpose","population",1000,1000,0,-0.470271211278748,0.0250126100683076,0.790968180415117,0.0176954361255742,1.76432017782082,2.23058300132234,0.049902309599832,0.919869579845074,1,0,6.85297146311981,"05_rr_to_or",1000
0.25,100,0.01,0.01,0.5,"transpose","population",1000,1000,0,1.06681058159872,0.0219555066704262,0.694294082615666,0.015532655921559,1.81296234774004,2.61123116721653,0.0584181203146986,1.27265354511468,1,0,7.05398375311008,"05_rr_to_or",1000
0.5,100,0.01,0.01,0.5,"transpose","population",1000,1000,0,0.436770393563431,0.0242076847600679,0.765514207211614,0.0171259831840813,1.78904518922123,2.33705027596788,0.0522841814685149,0.88101893630894,1,0,6.95373143649562,"05_rr_to_or",1000
0.75,100,0.01,0.01,0.5,"transpose","population",1000,1000,0,0.184585050586779,0.0265433728041779,0.839375148441728,0.0187783904490945,1.7535055211679,2.08906056418662,0.0467361882454225,0.859021379292667,1,0,6.80799081313816,"05_rr_to_or",1000
1,100,0.01,0.01,0.5,"transpose","population",1000,1000,0,0.0108363598011489,0.0268889920533243,0.850304588746726,0.0190229024504545,1.72420677441359,2.02775193410977,0.0453645996349907,0.849948411636751,1,0,6.68439670882305,"05_rr_to_or",1000
2,100,0.01,0.01,0.5,"transpose","population",1000,1000,0,-0.361982334059081,0.0299395464067543,0.946771587576536,0.0211810494635529,1.61590980189647,1.70675781054302,0.0381833613109926,1.01316892607996,1,0,6.24337614161115,"05_rr_to_or",1000
0.25,300,0.01,0.01,0.5,"transpose","population",1000,1000,0,0.620486992695444,0.0303162849303548,0.958685105745602,0.0214475771254886,1.57412606243001,1.64196361557715,0.0367337941011905,1.14156128304647,0.995,0.00223047080231955,6.0919403745162,"05_rr_to_or",1000
0.5,300,0.01,0.01,0.5,"transpose","population",1000,1000,0,0.158460654949796,0.0311078058173336,0.983715193930099,0.0220075469670741,1.49339030102397,1.51811246816026,0.0339630125167222,0.995910471053137,0.998,0.00141279864099595,5.74325574160162,"05_rr_to_or",1000
0.75,300,0.01,0.01,0.5,"transpose","population",1000,1000,0,0.0780338090258882,0.0341770297880283,1.08077257789591,0.0241789019988037,1.41120698735764,1.30573907612,0.0292118229155834,1.08304689239097,1,0,5.41345468412335,"05_rr_to_or",1000
1,300,0.01,0.01,0.5,"transpose","population",1000,1000,0,-0.0396073784140347,0.0336477821821613,1.0640362990886,0.0238044801700279,1.3380268567899,1.25750113782395,0.028132650102969,1.06424142794632,1,0,5.11404576650844,"05_rr_to_or",1000
2,300,0.01,0.01,0.5,"transpose","population",1000,1000,0,0.0571113651553325,0.0306657755081398,0.969736968211292,0.0216948279393299,1.19999970484488,1.23744865276026,0.0276840385438828,0.970933110856776,0.996,0.00199599599197994,4.56807607124928,"05_rr_to_or",1000
0.25,50,0.05,0.01,0.5,"transpose","population",1000,1000,0,0.686611601355722,0.0280431347350893,0.886801784938649,0.0198394129245393,1.60051469826656,1.80481673069398,0.0403771225785615,1.12118976069213,0.988,0.00344325427466518,6.19947313041722,"05_rr_to_or",1000
0.5,50,0.05,0.01,0.5,"transpose","population",1000,1000,0,0.253139014762771,0.0315954215151536,0.999134956209735,0.0223525158612054,1.52547069029556,1.52679143174262,0.0341571771487651,1.03021927319119,0.998,0.00141279864099595,5.88228914990388,"05_rr_to_or",1000
0.75,50,0.05,0.01,0.5,"transpose","population",1000,1000,0,0.0449543093042435,0.032785777202273,1.03677730818006,0.0231946456097847,1.47348600230915,1.42121745015396,0.0317952899148889,1.03723342093058,0.999,0.000999499874937461,5.67460186635717,"05_rr_to_or",1000
1,50,0.05,0.01,0.5,"transpose","population",1000,1000,0,-0.0223625061823455,0.0337735856631743,1.06801455446439,0.0238934811761828,1.41644398947278,1.32624034340349,0.0296704745714794,1.06771462251951,1,0,5.43322525461867,"05_rr_to_or",1000
2,50,0.05,0.01,0.5,"transpose","population",1000,1000,0,-0.0684337927215218,0.0315339690145099,0.997191657510267,0.0223090406382308,1.24748160570468,1.25099482763356,0.027987091786923,0.99903953605076,0.99,0.00314642654451046,4.75710651619882,"05_rr_to_or",1000
0.25,100,0.05,0.01,0.5,"transpose","population",1000,1000,0,0.329659814141174,0.0289533093229124,0.915584032597909,0.020483325584512,1.41106376669761,1.54116248914237,0.0344786845552208,0.972692870173876,0.976,0.00483983470792134,5.43854269123654,"05_rr_to_or",1000
0.5,100,0.05,0.01,0.5,"transpose","population",1000,1000,0,0.0209691072729928,0.0320616771049247,1.01387925256435,0.0226823733204812,1.28788100399871,1.27025087133535,0.0284178854645871,1.01358911354725,0.991,0.00298646948753876,4.91973522279089,"05_rr_to_or",1000
0.75,100,0.05,0.01,0.5,"transpose","population",1000,1000,0,0.0252895297818321,0.0319128981815697,1.00917444990806,0.0225771180941025,1.14557113077854,1.1351566925648,0.0253955762610531,1.00898671824434,0.996,0.00199599599197994,4.34079065890562,"05_rr_to_or",1000
1,100,0.05,0.01,0.5,"transpose","population",1000,1000,0,0.0102864368513364,0.0310308261405205,0.98128088280737,0.021953086878731,1.07564101408419,1.09616016466851,0.0245231510667224,0.98084405976452,0.998,0.00141279864099595,4.06369614901968,"05_rr_to_or",1000
2,100,0.05,0.01,0.5,"transpose","population",1000,1000,0,0.0401013157033686,0.0274754571835271,0.868850244543806,0.0194378034233254,0.920469900109323,1.05941145311252,0.0237010137239852,0.869341108091368,0.98,0.00442718872423573,3.461836871766,"05_rr_to_or",1000
0.25,300,0.05,0.01,0.5,"transpose","population",1000,1000,0,-0.0844503644214549,0.0253529110036859,0.801729440871929,0.017936185629485,0.970942343471887,1.21105985881712,0.0270936719157251,0.805766213188026,0.969,0.00548078461536303,3.65504563682717,"05_rr_to_or",1000
0.5,300,0.05,0.01,0.5,"transpose","population",1000,1000,0,-0.0167753451723389,0.0231177121657958,0.731046247360988,0.0163548705185939,0.720113727361008,0.985045378401919,0.0220373056791679,0.7308731759823,0.972,0.0052168956286282,2.71836552778316,"05_rr_to_or",1000
0.75,300,0.05,0.01,0.5,"transpose","population",1000,1000,0,0.031872919609541,0.0201911614690614,0.638500588464654,0.014284451206859,0.608936433943283,0.953697529719649,0.0213359957304666,0.638976683043032,0.968,0.00556560868189635,2.32997807923656,"05_rr_to_or",1000
1,300,0.05,0.01,0.5,"transpose","population",1000,1000,0,0.0231977980704231,0.0181680190359341,0.574523207268481,0.0128531576473074,0.54749397589641,0.95295363001857,0.0213193533041716,0.574704251428235,0.967,0.00564898220921256,2.10888102638065,"05_rr_to_or",1000
2,300,0.05,0.01,0.5,"transpose","population",1000,1000,0,-0.00393802505443434,0.0148793053980083,0.470524950589443,0.0105265223239128,0.464159520745927,0.986471642289019,0.0220692138673066,0.47030611673611,0.966,0.00573096850453743,1.79023329105168,"05_rr_to_or",1000
0.25,50,0.15,0.01,0.5,"transpose","population",1000,1000,0,0.203886937075915,0.0273924475905566,0.866225250729504,0.0193790774068798,1.22469288728763,1.41382727674613,0.0316299579271639,0.889474969814546,0.959,0.00627048642451286,4.67256301853792,"05_rr_to_or",1000
0.5,50,0.15,0.01,0.5,"transpose","population",1000,1000,0,0.000169776512336076,0.0291007847686906,0.920247615673986,0.0205876586518621,1.049760734433,1.14073725001086,0.0255204237584329,0.919787392446519,0.986,0.00371537346709587,3.9653479467831,"05_rr_to_or",1000
0.75,50,0.15,0.01,0.5,"transpose","population",1000,1000,0,-0.0417650573463253,0.0277238841937803,0.876706196390868,0.0196135557450462,0.910134285122582,1.03812918041338,0.023224889517627,0.877262481273704,0.994,0.00244213021765835,3.41917187010025,"05_rr_to_or",1000
1,50,0.15,0.01,0.5,"transpose","population",1000,1000,0,0.068129325035406,0.0265429566245599,0.83936198768664,0.0187780960184123,0.823020389765766,0.98053092925269,0.0219363090164192,0.841703999489532,0.994,0.00244213021765835,3.10057812681631,"05_rr_to_or",1000
2,50,0.15,0.01,0.5,"transpose","population",1000,1000,0,-0.117246877406729,0.021170922181238,0.669483342588922,0.014977593308116,0.668487256602612,0.998512157177118,0.0223385826831413,0.679342747307764,0.934,0.00785136930732467,2.50733227663013,"05_rr_to_or",1000
0.25,100,0.15,0.01,0.5,"transpose","population",1000,1000,0,0.00777599073592936,0.0255559391842305,0.808149755669139,0.0180798200679026,0.956419857665845,1.18346859719575,0.0264764038387858,0.807783007739347,0.958,0.00634318531969546,3.58551705750986,"05_rr_to_or",1000
0.5,100,0.15,0.01,0.5,"transpose","population",1000,1000,0,0.0125178884415083,0.0228644478925402,0.72303732782664,0.0161756960238872,0.709075393849024,0.980689884961287,0.0219398651526304,0.722784125437389,0.958,0.00634318531969546,2.67593486462047,"05_rr_to_or",1000
0.75,100,0.15,0.01,0.5,"transpose","population",1000,1000,0,0.0224097684025389,0.0192066641640572,0.607368050123546,0.0135879581527984,0.581547051678969,0.957487064985844,0.0214207747151451,0.607477777439161,0.969,0.00548078461536303,2.22289101136368,"05_rr_to_or",1000
1,100,0.15,0.01,0.5,"transpose","population",1000,1000,0,-0.0300582410161771,0.0171380604039406,0.541953055539976,0.0121245024955799,0.516341200793537,0.952741562235644,0.0213146089516174,0.542515344619573,0.968,0.00556560868189635,1.98920024333526,"05_rr_to_or",1000
2,100,0.15,0.01,0.5,"transpose","population",1000,1000,0,-0.166465497045761,0.0139002947176234,0.439565914552969,0.00983391084059717,0.425460396268953,0.96791034560002,0.0216539629784584,0.4698252193638,0.916,0.00877177291087725,1.64390560203018,"05_rr_to_or",1000
0.25,300,0.15,0.01,0.5,"transpose","population",1000,1000,0,0.0499908551730008,0.0155744332819749,0.492506824373722,0.0110182979137551,0.504530317850996,1.02441284644647,0.0229180294977194,0.494792375328845,0.947,0.00708456067798138,1.92550675479331,"05_rr_to_or",1000
0.5,300,0.15,0.01,0.5,"transpose","population",1000,1000,0,0.061008930786162,0.0120003354442073,0.379483926897436,0.00848976451312035,0.361131189910748,0.951637643426073,0.0212899122251671,0.384169405807381,0.932,0.00796090447122687,1.40301585800156,"05_rr_to_or",1000
0.75,300,0.15,0.01,0.5,"transpose","population",1000,1000,0,0.0389915569980124,0.00988109258119286,0.312467583275617,0.00699048368578409,0.309010698886105,0.988936822331223,0.0221243645510572,0.314735914894751,0.954,0.00662449998113065,1.20540018686554,"05_rr_to_or",1000
1,300,0.15,0.01,0.5,"transpose","population",1000,1000,0,0.0115677445300126,0.00926250662572958,0.292906177797063,0.00655285849460314,0.281952309696582,0.962602809599768,0.0215352234809639,0.292988135726013,0.953,0.00669260786241059,1.10094947749096,"05_rr_to_or",1000
2,300,0.15,0.01,0.5,"transpose","population",1000,1000,0,-0.182487994893458,0.00743480170971308,0.235109073544074,0.00525982927816214,0.235440235619324,1.00140854655356,0.0224033803254165,0.297527928884877,0.854,0.0111661989951818,0.919516121740347,"05_rr_to_or",1000
0.25,50,0.3,0.01,0.5,"transpose","population",1000,1000,0,0.128278500394541,0.0244108058265945,0.771937459321478,0.0172696833356713,0.934261934309662,1.21028189917207,0.0270762675048422,0.782142523665647,0.924,0.00837997613361756,3.49189940307209,"05_rr_to_or",1000
0.5,50,0.3,0.01,0.5,"transpose","population",1000,1000,0,0.132983152709132,0.0206524775729763,0.653088684561516,0.0146108141745074,0.654087756090179,1.00152976395439,0.0224060921851687,0.66617026650613,0.935,0.0077958322198467,2.47345555123308,"05_rr_to_or",1000
0.75,50,0.3,0.01,0.5,"transpose","population",1000,1000,0,0.068102893125469,0.0184591423572727,0.583729335022715,0.013059115926885,0.539178389875129,0.923678762613751,0.0206644198200272,0.587398672693047,0.946,0.00714730718522718,2.06155482468987,"05_rr_to_or",1000
1,50,0.3,0.01,0.5,"transpose","population",1000,1000,0,-0.00554373063113569,0.014997852353518,0.474273734480338,0.0106103896241816,0.469962550731225,0.990909925143047,0.0221685065477144,0.474068953415027,0.97,0.00539444158370447,1.81137130997823,"05_rr_to_or",1000
2,50,0.3,0.01,0.5,"transpose","population",1000,1000,0,-0.494450903314433,0.012852437283133,0.406429752991666,0.00909259299131656,0.381836071201317,0.939488480827698,0.0210181127570445,0.639923163169773,0.641,0.0151696736945789,1.45815468216419,"05_rr_to_or",1000
0.25,100,0.3,0.01,0.5,"transpose","population",1000,1000,0,0.14056140623319,0.0199933254246677,0.632244463429031,0.0141444900001979,0.645540926190882,1.02103057208241,0.0228423617003917,0.647372255659275,0.915,0.00881901355027874,2.40243291029444,"05_rr_to_or",1000
0.5,100,0.3,0.01,0.5,"transpose","population",1000,1000,0,0.167944256302397,0.0136459440741133,0.431522640974756,0.00965396778173849,0.42732181464862,0.99026510795205,0.0221540807823063,0.462850787089229,0.92,0.00857904423581089,1.64659058683715,"05_rr_to_or",1000
0.75,100,0.3,0.01,0.5,"transpose","population",1000,1000,0,0.0863519635584567,0.0110750338669834,0.350223321831699,0.00783515010415049,0.354702426974397,1.01278928290461,0.0226579886625766,0.360541787300828,0.946,0.00714730718522718,1.37902914382648,"05_rr_to_or",1000
1,100,0.3,0.01,0.5,"transpose","population",1000,1000,0,0.0111573188163739,0.0101065730565525,0.319597901975956,0.00715000223816203,0.317340401079504,0.992936433929964,0.0222138433358238,0.319632854837633,0.955,0.00655553201502365,1.23494207589436,"05_rr_to_or",1000
2,100,0.3,0.01,0.5,"transpose","population",1000,1000,0,-0.528256836724365,0.00777133193356938,0.245751093632796,0.00549791115223732,0.254655197662698,1.03623220510752,0.0231824506355232,0.582570589686543,0.424,0.0156276677722557,0.989991097653537,"05_rr_to_or",1000
0.25,300,0.3,0.01,0.5,"transpose","population",1000,1000,0,0.265973739446404,0.0109140047162693,0.345131132972307,0.00772122832457468,0.326135316535668,0.944960582741274,0.0211405339015126,0.43558973073628,0.792,0.0128349522788361,1.2627427455067,"05_rr_to_or",1000
0.5,300,0.3,0.01,0.5,"transpose","population",1000,1000,0,0.19305000415751,0.00742564239283843,0.234819430512722,0.00525334942235075,0.234883072116657,1.00027102358521,0.0223779318111448,0.303896905029629,0.855,0.0111344061359374,0.916948098002991,"05_rr_to_or",1000
0.75,300,0.3,0.01,0.5,"transpose","population",1000,1000,0,0.0937398635683799,0.00642430530771058,0.203154371566743,0.00454494288734065,0.200002979671837,0.984487698341898,0.0220248293341961,0.223646124513281,0.916,0.00877177291087725,0.781789670974227,"05_rr_to_or",1000
1,300,0.3,0.01,0.5,"transpose","population",1000,1000,0,-0.00709866659539963,0.00560593191420804,0.17727513256725,0.0039659759553793,0.178492025863419,1.0068644331472,0.0225254387028793,0.177328613657081,0.958,0.00634318531969546,0.698190813644309,"05_rr_to_or",1000
2,300,0.3,0.01,0.5,"transpose","population",1000,1000,0,-0.555858683071809,0.00468913988366963,0.14828362299533,0.00331738171541298,0.14297750345782,0.964216415607293,0.0215713228623866,0.575278124355601,0.057,0.00733150734842433,0.558864010918349,"05_rr_to_or",1000
0.25,50,0.5,0.01,0.5,"transpose","population",1000,1000,0,0.405534132432599,0.0213650557221425,0.675622384183837,0.0151149351394373,0.694148371624169,1.02742062411492,0.0229853191042167,0.787697323197243,0.771,0.0132875505643441,2.55482908291714,"05_rr_to_or",1000
0.5,50,0.5,0.01,0.5,"transpose","population",1000,1000,0,0.346382161784859,0.0152013097194124,0.480707621309983,0.0107543276943242,0.443492655497867,0.922582950295855,0.0206399044509427,0.59230848328474,0.792,0.0128349522788361,1.68556039373103,"05_rr_to_or",1000
0.75,50,0.5,0.01,0.5,"transpose","population",1000,1000,0,0.230571250387668,0.0112774041260433,0.356622831324776,0.00797831908903976,0.345147936511607,0.967823443130262,0.021652018807832,0.424518274616783,0.879,0.0103130499853341,1.33300585334499,"05_rr_to_or",1000
1,50,0.5,0.01,0.5,"transpose","population",1000,1000,0,-0.0164694313723422,0.00945222132650416,0.298905483397712,0.00668707417063499,0.293255081641836,0.981096359653066,0.0219489587509864,0.299209601595509,0.96,0.00619677335393187,1.13630589813254,"05_rr_to_or",1000
0.25,100,0.5,0.01,0.5,"transpose","population",1000,1000,0,0.470052393486142,0.0153907515620951,0.48669829838015,0.0108883503340067,0.451931107399778,0.928565209502302,0.020773738767285,0.676452223763466,0.678,0.0147755202954075,1.70401454065039,"05_rr_to_or",1000
0.5,100,0.5,0.01,0.5,"transpose","population",1000,1000,0,0.380840715702955,0.00950955925224405,0.300718667814189,0.00672763849397958,0.29537821156192,0.982241021845812,0.0219745669830476,0.485160732326831,0.686,0.0146766481186952,1.1458567430245,"05_rr_to_or",1000
0.75,100,0.5,0.01,0.5,"transpose","population",1000,1000,0,0.210407171007715,0.00777632361444875,0.245908944442111,0.00550144256978707,0.236993288217291,0.963744075088251,0.021560755722404,0.323545847383561,0.822,0.0120961150788177,0.922961846917884,"05_rr_to_or",1000
1,100,0.5,0.01,0.5,"transpose","population",1000,1000,0,-0.00893195117268065,0.00639418643903357,0.202201929311075,0.0045236349744362,0.203961342173781,1.00870126644538,0.0225665320958958,0.202298082908996,0.957,0.00641490451994416,0.795040697660401,"05_rr_to_or",1000
0.25,300,0.5,0.01,0.5,"transpose","population",1000,1000,0,0.529465874296643,0.00759014822455289,0.240021561678703,0.00536973081675293,0.237638412189618,0.990071102477558,0.0221497405173413,0.581280355564612,0.382,0.015364764885933,0.925419706775143,"05_rr_to_or",1000
0.5,300,0.5,0.01,0.5,"transpose","population",1000,1000,0,0.394368924199441,0.00538160994388073,0.17018144901274,0.00380727699966658,0.165067119323138,0.969947783854986,0.0216995442791899,0.429487615929391,0.344,0.0150221170279026,0.645163705348064,"05_rr_to_or",1000
0.75,300,0.5,0.01,0.5,"transpose","population",1000,1000,0,0.224997300431319,0.00409886533881983,0.129617502929885,0.00289978573177045,0.134229583841128,1.0355822385634,0.023167909669464,0.259629893444677,0.591,0.0155473148807117,0.525135632258931,"05_rr_to_or",1000
1,300,0.5,0.01,0.5,"transpose","population",1000,1000,0,6.1340171155883e-05,0.00357965334863256,0.113198578155277,0.0025324637056844,0.116123837332281,1.02584183674985,0.0229499986808847,0.113141981337152,0.961,0.00612200947402077,0.454525519081921,"05_rr_to_or",1000
0.25,50,0.01,0.05,0.5,"transpose","population",1000,1000,0,1.19752993866521,0.0178651823572675,0.564946670632213,0.0126389126289271,1.87985628006495,3.32749333306322,0.0744422433056558,1.32398018486579,0.998,0.00141279864099595,7.33427644539461,"05_rr_to_or",1000
0.5,50,0.01,0.05,0.5,"transpose","population",1000,1000,0,0.592129910402527,0.0196196429057042,0.620427584611894,0.0138801243411361,1.86559873297519,3.0069564591365,0.0672712345104794,0.857416636270201,1,0,7.27570523839328,"05_rr_to_or",1000
0.75,50,0.01,0.05,0.5,"transpose","population",1000,1000,0,0.225823649993387,0.0218762182532379,0.69178676271182,0.0154765624903649,1.83718763676942,2.65571377741835,0.0594132794209879,0.72738344566987,1,0,7.15726988349309,"05_rr_to_or",1000
1,50,0.01,0.05,0.5,"transpose","population",1000,1000,0,-0.00881313878712656,0.022586230350247,0.714239316640033,0.0159788680744962,1.82273406924309,2.5519934660244,0.0570928622529633,0.713936506314299,1,0,7.09678521515945,"05_rr_to_or",1000
2,50,0.01,0.05,0.5,"transpose","population",1000,1000,0,-0.523057174331066,0.0245401733964152,0.776028421081423,0.0173612057942325,1.78029851662658,2.294115097158,0.0513236412938502,0.935524824809582,1,0,6.91840474655879,"05_rr_to_or",1000
0.25,100,0.01,0.05,0.5,"transpose","population",1000,1000,0,1.01084939274269,0.0228406495586173,0.722284758429502,0.016158859640292,1.80892229498147,2.50444478285088,0.056029109365318,1.24217151464505,0.999,0.000999499874937461,7.03812071117851,"05_rr_to_or",1000
0.5,100,0.01,0.05,0.5,"transpose","population",1000,1000,0,0.428446741393267,0.0253850999251749,0.802747343945225,0.0179589580231938,1.76763078900272,2.20197650273799,0.0492623287750535,0.909574353817988,1,0,6.86917153788219,"05_rr_to_or",1000
0.75,100,0.01,0.05,0.5,"transpose","population",1000,1000,0,0.199638819427036,0.0278267164866631,0.879958039016139,0.0196863055406647,1.73374025066311,1.97025332321705,0.0440782482727559,0.901891059109093,1,0,6.7343019019824,"05_rr_to_or",1000
1,100,0.01,0.05,0.5,"transpose","population",1000,1000,0,0.0350746205666088,0.0289219256250412,0.914591592931193,0.020461122854787,1.71193474726644,1.87180240940093,0.0418757173744546,0.914806828290239,1,0,6.63626234615938,"05_rr_to_or",1000
2,100,0.01,0.05,0.5,"transpose","population",1000,1000,0,-0.292041194794641,0.0298598127290808,0.944250187299835,0.0211246410281087,1.61644558670446,1.71188272816427,0.0382980152941251,0.987929586183468,1,0,6.24823581480076,"05_rr_to_or",1000
0.25,300,0.01,0.05,0.5,"transpose","population",1000,1000,0,0.612788297653037,0.0288943740748191,0.913720336413488,0.0204416312185369,1.57627998812316,1.72512302211674,0.0385942254094255,1.09979973907203,0.994,0.00244213021765835,6.10460568122609,"05_rr_to_or",1000
0.5,300,0.01,0.05,0.5,"transpose","population",1000,1000,0,0.139746515766394,0.030890183122276,0.976833360060837,0.0218535874846631,1.50633802482506,1.54206242990231,0.0344988179115663,0.986295239055358,1,0,5.79660955493988,"05_rr_to_or",1000
0.75,300,0.01,0.05,0.5,"transpose","population",1000,1000,0,0.0449918302871416,0.0334842664814389,1.05886547861379,0.0236887992542914,1.420703439501,1.34172231335836,0.0300168351675411,1.05929182499007,0.999,0.000999499874937461,5.44064181392276,"05_rr_to_or",1000
1,300,0.01,0.05,0.5,"transpose","population",1000,1000,0,-0.00989803615295589,0.0326419959050503,1.03223054433848,0.023092926006988,1.34148262291142,1.29959593839681,0.0290743894462191,1.03176177865258,1,0,5.12981898517206,"05_rr_to_or",1000
2,300,0.01,0.05,0.5,"transpose","population",1000,1000,0,-0.00106467255659645,0.0314831044042891,0.99558317730432,0.0222730559305671,1.19188825753754,1.19717597153935,0.026783063415179,0.995085830768425,0.992,0.00281709069786544,4.52938649963103,"05_rr_to_or",1000
0.25,50,0.05,0.05,0.5,"transpose","population",1000,1000,0,0.704806498504056,0.0280002483154575,0.885445597271384,0.0198090724723763,1.60519144354484,1.8128628664386,0.0405571296694307,1.13136293564669,0.989,0.00329833291224522,6.21935800099633,"05_rr_to_or",1000
0.5,50,0.05,0.05,0.5,"transpose","population",1000,1000,0,0.263057657411234,0.0308299821889064,0.974929639393676,0.021810997696223,1.52767799179672,1.56696230175831,0.0350558745705732,1.00932484616659,0.999,0.000999499874937461,5.89922041712418,"05_rr_to_or",1000
0.75,50,0.05,0.05,0.5,"transpose","population",1000,1000,0,0.0871805992618996,0.0329725314210032,1.04268299511838,0.0233267668614132,1.44990914471098,1.39055604771454,0.0311093370512699,1.04580165297651,0.999,0.000999499874937461,5.570553868053,"05_rr_to_or",1000
1,50,0.05,0.05,0.5,"transpose","population",1000,1000,0,-0.0277327758286148,0.0342840776155016,1.0841577274298,0.0242546341190528,1.42388384954856,1.31335488695372,0.0293822028341306,1.08397033484453,1,0,5.45955847881927,"05_rr_to_or",1000
2,50,0.05,0.05,0.5,"transpose","population",1000,1000,0,-0.102716511982648,0.0325068306784964,1.02795624457485,0.022997301934716,1.24131845079395,1.20755961875337,0.0270153650052754,1.03256381330819,0.987,0.00358203852575597,4.72293157624503,"05_rr_to_or",1000
0.25,100,0.05,0.05,0.5,"transpose","population",1000,1000,0,0.361980939166712,0.0295832866968463,0.935505666357935,0.0209290097554386,1.40579633158214,1.50271279174087,0.0336184929808153,1.0026594044121,0.972,0.0052168956286282,5.40893661081079,"05_rr_to_or",1000
0.5,100,0.05,0.05,0.5,"transpose","population",1000,1000,0,0.0419018914888568,0.0316452326962743,1.00071012406258,0.022387755309286,1.26501119013468,1.26411351271147,0.0282805812844724,1.00108695933934,0.998,0.00141279864099595,4.81992657295043,"05_rr_to_or",1000
0.75,100,0.05,0.05,0.5,"transpose","population",1000,1000,0,0.0106463660169145,0.0321167946242606,1.01562222156515,0.022721366793779,1.16048709736942,1.14263657561669,0.0255629152211385,1.01517011064617,0.997,0.00172945077987204,4.39786503638805,"05_rr_to_or",1000
1,100,0.05,0.05,0.5,"transpose","population",1000,1000,0,0.0278153349850998,0.0317434595964975,1.00381633138462,0.0224572469710504,1.0842604736631,1.08013830793879,0.0241647121947249,1.0036997921628,1,0,4.10971797139657,"05_rr_to_or",1000
2,100,0.05,0.05,0.5,"transpose","population",1000,1000,0,0.0284824032470132,0.0273093133812469,0.863596316200544,0.019320263229284,0.909879993047168,1.05359411101966,0.0235708689116228,0.863634208477479,0.973,0.00512552436341883,3.42757756854918,"05_rr_to_or",1000
0.25,300,0.05,0.05,0.5,"transpose","population",1000,1000,0,-0.0756508058630641,0.0252101404700425,0.797214640181222,0.0178351811020966,0.976346643087343,1.22469733228356,0.0273987676788858,0.80039907281586,0.969,0.00548078461536303,3.6714156080331,"05_rr_to_or",1000
0.5,300,0.05,0.05,0.5,"transpose","population",1000,1000,0,-0.0274294022177415,0.0233285865347993,0.737714680423008,0.016504055826206,0.734447065429402,0.995570624957967,0.022272775111125,0.737855743941817,0.97,0.00539444158370447,2.77220343187322,"05_rr_to_or",1000
0.75,300,0.05,0.05,0.5,"transpose","population",1000,1000,0,-0.0480183000473098,0.0203309251482809,0.642920304069641,0.0143833285032127,0.611297290403689,0.950813478022423,0.0212714741051285,0.644390353750775,0.972,0.0052168956286282,2.33819065261591,"05_rr_to_or",1000
1,300,0.05,0.05,0.5,"transpose","population",1000,1000,0,-0.0167560288027977,0.0181213557585756,0.573047584873071,0.0128201452171111,0.549504996226401,0.958916869614093,0.0214527621162792,0.573006034432074,0.973,0.00512552436341883,2.11486621950994,"05_rr_to_or",1000
2,300,0.05,0.05,0.5,"transpose","population",1000,1000,0,-0.00887827581856561,0.0146237638380975,0.462444016927938,0.0103457367386227,0.463476045430994,1.0022316831125,0.0224217954282766,0.462297997081066,0.959,0.00627048642451286,1.79212578510486,"05_rr_to_or",1000
0.25,50,0.15,0.05,0.5,"transpose","population",1000,1000,0,0.207615075148449,0.0282171037735296,0.892303168976854,0.0199624891648493,1.22551995574472,1.3734344988934,0.0307262960124049,0.915703423521866,0.952,0.00675988165576884,4.67601664572321,"05_rr_to_or",1000
0.5,50,0.15,0.05,0.5,"transpose","population",1000,1000,0,0.0272225389547529,0.02803960757349,0.886690246295356,0.0198369175966781,1.03515668127851,1.16743889492802,0.0261177894474437,0.886664784408171,0.985,0.00384382621875652,3.90588765041665,"05_rr_to_or",1000
0.75,50,0.15,0.05,0.5,"transpose","population",1000,1000,0,0.00362684565017098,0.0276158712233478,0.873290526356794,0.0195371408241802,0.903798581019605,1.0349345993596,0.0231534207703566,0.87286130690418,0.99,0.00314642654451046,3.40394566012649,"05_rr_to_or",1000
1,50,0.15,0.05,0.5,"transpose","population",1000,1000,0,-0.0486366184594902,0.0252050026869664,0.797052169214778,0.017831546322999,0.811368691547901,1.01796183849199,0.0227737083960232,0.798136823448654,0.989,0.00329833291224522,3.05443343016527,"05_rr_to_or",1000
2,50,0.15,0.05,0.5,"transpose","population",1000,1000,0,-0.129877170872878,0.0212187020922695,0.67099427604152,0.0150113957126406,0.664309680489707,0.990037775595868,0.0221489949327263,0.683118704674339,0.94,0.00750999334220744,2.49860512227203,"05_rr_to_or",1000
0.25,100,0.15,0.05,0.5,"transpose","population",1000,1000,0,-0.0145868642454208,0.0251762311577265,0.796142333573135,0.0178111915996611,0.959084711334247,1.20466488326254,0.0269506043635117,0.795877848228284,0.958,0.00634318531969546,3.5938106699699,"05_rr_to_or",1000
0.5,100,0.15,0.05,0.5,"transpose","population",1000,1000,0,0.017880502956666,0.0214688986716701,0.678906186578408,0.015188399934812,0.700709337490275,1.0321151159658,0.0230903436586125,0.678802186907383,0.963,0.00596917079668525,2.65040490782853,"05_rr_to_or",1000
0.75,100,0.15,0.05,0.5,"transpose","population",1000,1000,0,0.000357474991484843,0.0188471359077897,0.595998768393606,0.0133336060769157,0.579924719730707,0.973030063960999,0.0217685006444238,0.595700801731153,0.975,0.00493710441453288,2.22152541409791,"05_rr_to_or",1000
1,100,0.15,0.05,0.5,"transpose","population",1000,1000,0,0.00458950962147594,0.0172632782200837,0.54591279056642,0.0122130891669146,0.522757744982775,0.957584716856294,0.0214229593699503,0.545659067300891,0.965,0.00581162627841812,2.01444892311779,"05_rr_to_or",1000
2,100,0.15,0.05,0.5,"transpose","population",1000,1000,0,-0.147373019850979,0.0137072756577978,0.433462115944237,0.00969735746072859,0.430858634341293,0.993993750532795,0.0222374974838328,0.457624653545778,0.911,0.00900438781928011,1.66007101256139,"05_rr_to_or",1000
0.25,300,0.15,0.05,0.5,"transpose","population",1000,1000,0,0.0855943620571845,0.0154487254443268,0.488531593506695,0.0109293645715125,0.498509003705432,1.02042326500753,0.0228287751063689,0.495732639183979,0.941,0.00745110730026082,1.90419081894088,"05_rr_to_or",1000
0.5,300,0.15,0.05,0.5,"transpose","population",1000,1000,0,0.045862574591914,0.0118590695513941,0.375016707127565,0.00838982445983632,0.362688680820584,0.96712672776259,0.0216364319832396,0.377624507735364,0.953,0.00669260786241059,1.40951925605701,"05_rr_to_or",1000
0.75,300,0.15,0.05,0.5,"transpose","population",1000,1000,0,0.039305744916698,0.00987922794514662,0.312408618306483,0.0069891645292481,0.309219815100682,0.989792844950671,0.0221435153765386,0.314716518840099,0.951,0.00682634602111555,1.20649933340275,"05_rr_to_or",1000
1,300,0.15,0.05,0.5,"transpose","population",1000,1000,0,-0.00138676005235633,0.00900518892194877,0.284769077534744,0.00637081635750517,0.281734050680429,0.989342147396798,0.0221334324301269,0.284630035653147,0.952,0.00675988165576884,1.10023853955468,"05_rr_to_or",1000
2,300,0.15,0.05,0.5,"transpose","population",1000,1000,0,-0.177013898613595,0.00719670971014097,0.227579943430956,0.00509138856929838,0.236160965876572,1.03770553026883,0.0232154116723003,0.288226921580496,0.877,0.0103860964755773,0.922135002227338,"05_rr_to_or",1000
0.25,50,0.3,0.05,0.5,"transpose","population",1000,1000,0,0.116505881908585,0.0242253485116303,0.766072784081219,0.0171384795923592,0.945885734710589,1.234720452633,0.0276230036093747,0.774502591034231,0.926,0.00827792244467173,3.53252310438757,"05_rr_to_or",1000
0.5,50,0.3,0.05,0.5,"transpose","population",1000,1000,0,0.097183302056175,0.0208707417580306,0.659990804125636,0.0147652274858165,0.66176297819772,1.002685149643,0.0224319403218694,0.666780974434195,0.956,0.00648567652600714,2.49193316795423,"05_rr_to_or",1000
0.75,50,0.3,0.05,0.5,"transpose","population",1000,1000,0,0.0801532743675896,0.0168294257878119,0.532193172022593,0.0119061556648841,0.529975815037219,0.995833548602387,0.0222786572043254,0.53793204976741,0.964,0.00589101010014412,2.03243439844923,"05_rr_to_or",1000
1,50,0.3,0.05,0.5,"transpose","population",1000,1000,0,0.00101278144903671,0.0154144293786381,0.487447056683105,0.010905101456304,0.471615042906552,0.967520546981483,0.0216452424550202,0.487204324859926,0.963,0.00596917079668525,1.81598628064216,"05_rr_to_or",1000
2,50,0.3,0.05,0.5,"transpose","population",1000,1000,0,-0.49912789571079,0.0127036120807817,0.401723486865012,0.00898730502437147,0.380032492204483,0.946005161834569,0.0211639030876331,0.640584915850947,0.639,0.0151881203577006,1.45332836175391,"05_rr_to_or",1000
0.25,100,0.3,0.05,0.5,"transpose","population",1000,1000,0,0.15680582920416,0.0202378319451272,0.639976438503176,0.0143174687298571,0.639368837962551,0.999050589202869,0.0223506284136215,0.658595733412975,0.892,0.00981509042240569,2.38709300447918,"05_rr_to_or",1000
0.5,100,0.3,0.05,0.5,"transpose","population",1000,1000,0,0.118360640623211,0.0136648014378859,0.432118963176634,0.0096673086236268,0.43425746364703,1.00494886976187,0.0224825839707056,0.447827324743867,0.945,0.00720936890441875,1.67186881807569,"05_rr_to_or",1000
0.75,100,0.3,0.05,0.5,"transpose","population",1000,1000,0,0.0844665658262513,0.0117128817232173,0.370393842095246,0.00828640233120705,0.356477707908987,0.962428818720262,0.0215313309798861,0.379722276679018,0.933,0.00790638982089803,1.38429898601019,"05_rr_to_or",1000
1,100,0.3,0.05,0.5,"transpose","population",1000,1000,0,-0.00270866545827853,0.0100394317340759,0.317474706934538,0.00710250239788043,0.317908646689785,1.00136684827411,0.0224024474569918,0.317327490492381,0.967,0.00564898220921256,1.23798522368428,"05_rr_to_or",1000
2,100,0.3,0.05,0.5,"transpose","population",1000,1000,0,-0.545839804915636,0.00835036193324619,0.264061629958249,0.00590755206320546,0.253538597328534,0.96014933092938,0.0214803345787649,0.606300180193054,0.406,0.0155294558822903,0.98517763471186,"05_rr_to_or",1000
0.25,300,0.3,0.05,0.5,"transpose","population",1000,1000,0,0.250166800599887,0.0106160255526438,0.33570820444902,0.00751041980669958,0.325634233934727,0.969991884676076,0.0217005308969604,0.418534020908975,0.824,0.0120425910833176,1.26103357936615,"05_rr_to_or",1000
0.5,300,0.3,0.05,0.5,"transpose","population",1000,1000,0,0.196516629330811,0.00743460890686051,0.235102976582538,0.00525969287774039,0.235664097411505,1.00238670235963,0.0224252634984895,0.306328127653852,0.849,0.0113224997240009,0.920245363338619,"05_rr_to_or",1000
0.75,300,0.3,0.05,0.5,"transpose","population",1000,1000,0,0.108567558464876,0.00631521871319597,0.199704750558169,0.00446776841973739,0.198598480184559,0.994460470416862,0.0222479388797088,0.227220201916839,0.913,0.00891240708226459,0.77658878335605,"05_rr_to_or",1000
1,300,0.3,0.05,0.5,"transpose","population",1000,1000,0,-0.00675586220691982,0.00581727153362227,0.183958278139071,0.00411549040932612,0.178573306518054,0.970727212303287,0.021716981549946,0.18399035062186,0.942,0.00739161687318817,0.698540724363226,"05_rr_to_or",1000
2,300,0.3,0.05,0.5,"transpose","population",1000,1000,0,-0.55918980602602,0.00452160066465047,0.142985567700267,0.0031988543190083,0.142296183012049,0.995178641457978,0.0222640057078063,0.577163466325975,0.052,0.00702111102319284,0.556331276621336,"05_rr_to_or",1000
0.25,50,0.5,0.05,0.5,"transpose","population",1000,1000,0,0.423637745633143,0.0202982454639288,0.641886881711961,0.0143602089141144,0.679157631062774,1.05806435746344,0.0236708766772574,0.768814470252819,0.771,0.0132875505643441,2.51059058107466,"05_rr_to_or",1000
0.5,50,0.5,0.05,0.5,"transpose","population",1000,1000,0,0.348765105290269,0.0143700243753622,0.454420070582828,0.0101662260660816,0.443747079125967,0.976512940013471,0.0218464190894964,0.572650156392265,0.811,0.012380589646701,1.68955992927025,"05_rr_to_or",1000
0.75,50,0.5,0.05,0.5,"transpose","population",1000,1000,0,0.2076153978978,0.0110901709259664,0.350701997666324,0.00784585897698027,0.344531309659605,0.982404753757377,0.0219782299718435,0.407397904658634,0.898,0.00957057991973318,1.33272047014261,"05_rr_to_or",1000
1,50,0.5,0.05,0.5,"transpose","population",1000,1000,0,0.0054405207753351,0.00953416139792607,0.301496655971013,0.00674504354272417,0.295649707783755,0.980606921929441,0.021938009114591,0.301394977719352,0.966,0.00573096850453743,1.14582055282019,"05_rr_to_or",1000
0.25,100,0.5,0.05,0.5,"transpose","population",1000,1000,0,0.498379771494052,0.014539812604519,0.459789245823051,0.0102863445485477,0.441420422314365,0.960049471196734,0.021478100529957,0.677921190890519,0.657,0.0150116954405557,1.67654761252976,"05_rr_to_or",1000
0.5,100,0.5,0.05,0.5,"transpose","population",1000,1000,0,0.37670378220741,0.00961348269913203,0.304005015758804,0.00680116023806522,0.296046395804826,0.973820761035426,0.0217861900154019,0.483975588316469,0.681,0.0147390298188178,1.14765826807808,"05_rr_to_or",1000
0.75,100,0.5,0.05,0.5,"transpose","population",1000,1000,0,0.21804848947125,0.00748952035573497,0.23683942906317,0.00529854056430597,0.236562742379963,0.998831754136961,0.0223457326643022,0.321841523120469,0.819,0.0121753439376471,0.921603575374231,"05_rr_to_or",1000
1,100,0.5,0.05,0.5,"transpose","population",1000,1000,0,-0.000761608968058938,0.00629313145539682,0.199006290139043,0.00445214255508325,0.204059384775756,1.02539163276288,0.0229399267764867,0.198908220191148,0.964,0.00589101010014412,0.795658381807279,"05_rr_to_or",1000
0.25,300,0.5,0.05,0.5,"transpose","population",1000,1000,0,0.541074545706291,0.00777477218701522,0.245859883998967,0.00550034499600414,0.236947017803552,0.963748188397209,0.0215608477448111,0.594262820213998,0.367,0.0152417518678136,0.921982818559443,"05_rr_to_or",1000
0.5,300,0.5,0.05,0.5,"transpose","population",1000,1000,0,0.407093730630373,0.00534933895462952,0.169160950728934,0.00378444654624951,0.164523850482961,0.972587643744071,0.0217586028775058,0.440808481477863,0.304,0.0145459272650457,0.643017919629709,"05_rr_to_or",1000
0.75,300,0.5,0.05,0.5,"transpose","population",1000,1000,0,0.227154871999517,0.00434811587031998,0.137499496805365,0.00307612066232673,0.134681607560152,0.979506185035705,0.0219133835735434,0.26549301569575,0.585,0.0155812387184075,0.526929451498075,"05_rr_to_or",1000
1,300,0.5,0.05,0.5,"transpose","population",1000,1000,0,0.00133178337118073,0.00368143657997007,0.11641724654166,0.00260447133159264,0.116659257200184,1.00207882135777,0.0224183756251999,0.116366644550735,0.957,0.00641490451994416,0.456510437535414,"05_rr_to_or",1000
0.25,50,0.01,0.15,0.5,"transpose","population",1000,1000,0,1.20121858952177,0.0187160942498463,0.591854867318949,0.0132408992669669,1.87641047965425,3.17038953849315,0.0709275378715625,1.33898020582749,0.998,0.00141279864099595,7.32059467260204,"05_rr_to_or",1000
0.5,50,0.01,0.15,0.5,"transpose","population",1000,1000,0,0.565313185955009,0.0195073375679111,0.616876178003685,0.0138006727394819,1.86330908133909,3.02055606583654,0.0675754831233215,0.836501453067506,1,0,7.26511358311061,"05_rr_to_or",1000
0.75,50,0.01,0.15,0.5,"transpose","population",1000,1000,0,0.220087470888969,0.0201494219128205,0.637180667802196,0.0142549221153587,1.84877355644321,2.90149034624687,0.0649117605009541,0.673818743476118,1,0,7.20285080441373,"05_rr_to_or",1000
1,50,0.01,0.15,0.5,"transpose","population",1000,1000,0,-0.0111808669634736,0.0219393238967506,0.693782338378928,0.0155212072467854,1.82637131980389,2.63248459750552,0.0588935992624493,0.693525494051619,1,0,7.1104262251865,"05_rr_to_or",1000
2,50,0.01,0.15,0.5,"transpose","population",1000,1000,0,-0.445343765208411,0.0245624088917604,0.77673156918335,0.0173769365311099,1.77027247552026,2.27913032732983,0.0509884039936446,0.895008205462647,1,0,6.87885288008165,"05_rr_to_or",1000
0.25,100,0.01,0.15,0.5,"transpose","population",1000,1000,0,1.03157330375708,0.0230607944152315,0.729246350050223,0.0163146034526311,1.80178168902394,2.47074488463309,0.0552751796736858,1.26309616413272,1,0,7.01238088244991,"05_rr_to_or",1000
0.5,100,0.01,0.15,0.5,"transpose","population",1000,1000,0,0.466510343593716,0.0250681995538096,0.79272607429655,0.0177347634963391,1.77713971976509,2.24180808148905,0.0501534356173037,0.919466211951628,1,0,6.9075921557774,"05_rr_to_or",1000
0.75,100,0.01,0.15,0.5,"transpose","population",1000,1000,0,0.188339113739471,0.0269687972639654,0.85282825109448,0.0190793614926549,1.74328752591583,2.04412497320367,0.0457308951126615,0.872960670135359,1,0,6.76819523502689,"05_rr_to_or",1000
1,100,0.01,0.15,0.5,"transpose","population",1000,1000,0,0.0190794612160962,0.02706321848004,0.855814112116865,0.0191461607828283,1.7193093871364,2.00897527020637,0.0449445305791412,0.85559885609097,1,0,6.66606278765388,"05_rr_to_or",1000
2,100,0.01,0.15,0.5,"transpose","population",1000,1000,0,-0.286061268424584,0.0311845280648559,0.986141364423876,0.0220618249343368,1.62167385766417,1.6444638833415,0.0367897297628472,1.02632030337991,0.999,0.000999499874937461,6.27654363722163,"05_rr_to_or",1000
0.25,300,0.01,0.15,0.5,"transpose","population",1000,1000,0,0.583073388431186,0.0294054135101599,0.929880822311921,0.0208031714840681,1.57164585690327,1.69015837211887,0.0378120008572753,1.09717284037494,0.995,0.00223047080231955,6.08655604181968,"05_rr_to_or",1000
0.5,300,0.01,0.15,0.5,"transpose","population",1000,1000,0,0.243946881309683,0.032602543413103,1.03098294699925,0.0230650149233649,1.49456573090797,1.44965126266929,0.0324314074296383,1.05894900352518,1,0,5.75335464088341,"05_rr_to_or",1000
0.75,300,0.01,0.15,0.5,"transpose","population",1000,1000,0,0.0753521421793791,0.0331430067664394,1.04807389888321,0.0234473714515745,1.41618043734493,1.35122193087144,0.0302293593614118,1.05025634202025,1,0,5.43521352515534,"05_rr_to_or",1000
1,300,0.01,0.15,0.5,"transpose","population",1000,1000,0,-0.0136704074259486,0.0339257787643064,1.07282732290181,0.02400115179882,1.35946628981773,1.26718089742589,0.0283492044119642,1.07237791209027,1,0,5.20085643897805,"05_rr_to_or",1000
2,300,0.01,0.15,0.5,"transpose","population",1000,1000,0,0.013294241781029,0.0322487613034335,1.0197953743795,0.0228147280198019,1.19820418971381,1.17494569971241,0.0262857306969888,1.01937204192815,0.993,0.00263647491928143,4.55481741304015,"05_rr_to_or",1000
0.25,50,0.05,0.15,0.5,"transpose","population",1000,1000,0,0.714491234815843,0.0280554079244111,0.887189897262762,0.0198480957224204,1.610574164967,1.8153657632217,0.0406131241471492,1.13877852654499,0.99,0.00314642654451046,6.23658505807302,"05_rr_to_or",1000
0.5,50,0.05,0.15,0.5,"transpose","population",1000,1000,0,0.25999688645849,0.0313897785149652,0.992631953555077,0.0222070315409139,1.53211598978322,1.54348848462514,0.0345307214203094,1.02563700108345,0.998,0.00141279864099595,5.91136289818253,"05_rr_to_or",1000
0.75,50,0.05,0.15,0.5,"transpose","population",1000,1000,0,0.116074387731284,0.0331560838920931,1.04848743390635,0.0234566230027353,1.47064478207216,1.40263462824059,0.0313795574665515,1.05437177344979,1,0,5.64581476508846,"05_rr_to_or",1000
1,50,0.05,0.15,0.5,"transpose","population",1000,1000,0,0.0181008567801241,0.0323818791248052,1.02400492950644,0.0229089036335753,1.42126893738848,1.38795126511111,0.0310510631973763,1.0236528467083,1,0,5.44263769311013,"05_rr_to_or",1000
2,50,0.05,0.15,0.5,"transpose","population",1000,1000,0,-0.0529866392533687,0.0310328750217119,0.981345674119569,0.0219545363814479,1.24879154208744,1.27252972629427,0.0284688677080748,0.982285028248137,0.989,0.00329833291224522,4.76050326147875,"05_rr_to_or",1000
0.25,100,0.05,0.15,0.5,"transpose","population",1000,1000,0,0.351306972217153,0.0300444028708083,0.950087440114557,0.0212552312805226,1.39649336572998,1.46985772758094,0.0328834638056358,1.01251176114056,0.969,0.00548078461536303,5.37710664272835,"05_rr_to_or",1000
0.5,100,0.05,0.15,0.5,"transpose","population",1000,1000,0,0.107109639868669,0.0318597297351274,1.00749311600396,0.0225395035130834,1.26821901771565,1.2587867823314,0.0281614123728365,1.0126696457233,0.991,0.00298646948753876,4.83425643907064,"05_rr_to_or",1000
0.75,100,0.05,0.15,0.5,"transpose","population",1000,1000,0,0.0373496277431723,0.0321476438005162,1.01659775817423,0.0227431913705212,1.1599737078313,1.14103508344792,0.0255270868489236,1.01677555321491,0.994,0.00244213021765835,4.3959121039865,"05_rr_to_or",1000
1,100,0.05,0.15,0.5,"transpose","population",1000,1000,0,-0.0205749464965776,0.0318578923610187,1.00743501313298,0.0225382036432941,1.07830001938852,1.07034201246903,0.0239455507606184,1.00714135492686,0.998,0.00141279864099595,4.07783656925259,"05_rr_to_or",1000
2,100,0.05,0.15,0.5,"transpose","population",1000,1000,0,0.0228906669440607,0.0277320527898692,0.876964510080135,0.0196193347049361,0.926298764857437,1.05625570272256,0.0236304136912197,0.876824764603108,0.975,0.00493710441453288,3.48970051718621,"05_rr_to_or",1000
0.25,300,0.05,0.15,0.5,"transpose","population",1000,1000,0,-0.105617932048836,0.0252989804971817,0.800024008512733,0.0178980319209972,0.979476206348111,1.22430851565191,0.027390069124329,0.806568982389515,0.973,0.00512552436341883,3.67384734975331,"05_rr_to_or",1000
0.5,300,0.05,0.15,0.5,"transpose","population",1000,1000,0,-0.0806796798787782,0.023840560777761,0.753904727534002,0.0168662574312975,0.743211594407627,0.985816333634952,0.0220545533882662,0.757834531151267,0.968,0.00556560868189635,2.80308397564517,"05_rr_to_or",1000
0.75,300,0.05,0.15,0.5,"transpose","population",1000,1000,0,0.0131108895011724,0.0200243367729166,0.633225128366823,0.0141664293072357,0.60884120353209,0.96149248704387,0.0215103834907428,0.633044220063256,0.979,0.00453420334788814,2.33215032519744,"05_rr_to_or",1000
1,300,0.05,0.15,0.5,"transpose","population",1000,1000,0,-0.0106671241605658,0.0181452216844048,0.57380229171396,0.0128370294193169,0.55127220724524,0.960735457501534,0.0214934473253657,0.573614512058467,0.965,0.00581162627841812,2.12799333270412,"05_rr_to_or",1000
2,300,0.05,0.15,0.5,"transpose","population",1000,1000,0,-0.00197358405509052,0.0156828052369854,0.495933846496905,0.011094966802066,0.462644104744852,0.932874632398656,0.0208701486096638,0.495689746469641,0.948,0.00702111102319284,1.78529738258836,"05_rr_to_or",1000
0.25,50,0.15,0.15,0.5,"transpose","population",1000,1000,0,0.234311407450147,0.0266776496444808,0.843621354965406,0.0188733860230964,1.22105280255278,1.44739437351352,0.0323809166022103,0.875149775309565,0.96,0.00619677335393187,4.66027640661968,"05_rr_to_or",1000
0.5,50,0.15,0.15,0.5,"transpose","population",1000,1000,0,-0.0291962216060688,0.0280505515195625,0.887036324257147,0.0198446600073325,1.04112165726534,1.1737080306573,0.0262580417276324,0.887073292612932,0.986,0.00371537346709587,3.92100728418372,"05_rr_to_or",1000
0.75,50,0.15,0.15,0.5,"transpose","population",1000,1000,0,-0.0103169116445427,0.028148740772837,0.890141341078131,0.019914125035364,0.905846952920237,1.01764395283909,0.0227665966999963,0.889755974498153,0.988,0.00344325427466518,3.40879657323217,"05_rr_to_or",1000
1,50,0.15,0.15,0.5,"transpose","population",1000,1000,0,-0.0362698501221398,0.0255833193658161,0.809015593034732,0.0180991904675942,0.816022882851427,1.00866150155451,0.022565642480986,0.809424008521769,0.991,0.00298646948753876,3.07736462566799,"05_rr_to_or",1000
2,50,0.15,0.15,0.5,"transpose","population",1000,1000,0,-0.123548129854573,0.0216947662742248,0.686048747315554,0.0153481923644277,0.666408072806898,0.971371313502856,0.0217313912972881,0.696746985067111,0.944,0.00727076337120113,2.50416072761818,"05_rr_to_or",1000
0.25,100,0.15,0.15,0.5,"transpose","population",1000,1000,0,0.0424212305422083,0.025256910490795,0.798693638099135,0.0178682690490384,0.940744510574229,1.17785401773472,0.0263507952053609,0.79942052563917,0.948,0.00702111102319284,3.53074705315812,"05_rr_to_or",1000
0.5,100,0.15,0.15,0.5,"transpose","population",1000,1000,0,-0.0310729467732572,0.0224595998673529,0.710234909168508,0.0158892819970942,0.71302379778552,1.00392671295231,0.0224597164129684,0.710559441986785,0.976,0.00483983470792134,2.68350591398774,"05_rr_to_or",1000
0.75,100,0.15,0.15,0.5,"transpose","population",1000,1000,0,0.00562034315952896,0.0202729272349137,0.641086249011867,0.0143422972646253,0.594171632554705,0.926820117371924,0.0207346977956113,0.64079027407621,0.967,0.00564898220921256,2.26406654860379,"05_rr_to_or",1000
1,100,0.15,0.15,0.5,"transpose","population",1000,1000,0,-0.0156207620906226,0.0165525331530118,0.523437058089656,0.0117102650353429,0.516812098864032,0.987343350794071,0.0220887156153582,0.523408421441673,0.967,0.00564898220921256,1.99769083015119,"05_rr_to_or",1000
2,100,0.15,0.15,0.5,"transpose","population",1000,1000,0,-0.148294806223307,0.0139778934504131,0.442019801944551,0.00988880888665298,0.430212346539768,0.973287496730147,0.0217742598964846,0.466023039514784,0.926,0.00827792244467173,1.65599948358439,"05_rr_to_or",1000
0.25,300,0.15,0.15,0.5,"transpose","population",1000,1000,0,0.0616028114888196,0.0166182323894487,0.525514650366401,0.0117567446565697,0.509575900829602,0.96967020895481,0.0216933344100223,0.528851953277378,0.93,0.00806845710157772,1.93312990534475,"05_rr_to_or",1000
0.5,300,0.15,0.15,0.5,"transpose","population",1000,1000,0,0.0715196869515824,0.011623718432335,0.367574251266605,0.00822332281594478,0.360564782862776,0.980930469477457,0.021945247477791,0.374287035556488,0.944,0.00727076337120113,1.40124759252997,"05_rr_to_or",1000
0.75,300,0.15,0.15,0.5,"transpose","population",1000,1000,0,0.0371984785952054,0.00987822506432196,0.312376904430207,0.0069884550305782,0.308972467738387,0.989101509607344,0.0221280489131434,0.314428812135235,0.953,0.00669260786241059,1.20517311673879,"05_rr_to_or",1000
1,300,0.15,0.15,0.5,"transpose","population",1000,1000,0,0.00640419197223887,0.0089083977388522,0.281708271574668,0.00630234040904051,0.280681299189247,0.996354482672161,0.0222903114728352,0.281640203802885,0.954,0.00662449998113065,1.09639596229663,"05_rr_to_or",1000
2,300,0.15,0.15,0.5,"transpose","population",1000,1000,0,-0.199704755472371,0.00746570826253725,0.23608642455956,0.00528169444656593,0.234786483236378,0.994493790459965,0.0222486843113317,0.309132742393515,0.85,0.0112915897906362,0.916638576296717,"05_rr_to_or",1000
0.25,50,0.3,0.15,0.5,"transpose","population",1000,1000,0,0.0964806620617713,0.0248060408767607,0.784435889018041,0.0175492965613885,0.959058449701908,1.22260909161418,0.0273520498332191,0.789957494089032,0.929,0.00812151463706124,3.58230679494628,"05_rr_to_or",1000
0.5,50,0.3,0.15,0.5,"transpose","population",1000,1000,0,0.117983510917729,0.0216879822317674,0.685834217056468,0.0153433929216806,0.66514613825608,0.969835160909325,0.0216970246934587,0.695570495033139,0.937,0.00768316341099159,2.50253910989561,"05_rr_to_or",1000
0.75,50,0.3,0.15,0.5,"transpose","population",1000,1000,0,0.0815961180410307,0.0176745705338751,0.558918995523435,0.0125040622739898,0.540371273151544,0.966815008041514,0.0216294582306286,0.564567072713893,0.957,0.00641490451994416,2.05682059232908,"05_rr_to_or",1000
1,50,0.3,0.15,0.5,"transpose","population",1000,1000,0,0.00974460315492064,0.015998683323105,0.505922788647634,0.0113184381023875,0.477097334955737,0.94302400615527,0.0210972090647766,0.50576364785893,0.965,0.00581162627841812,1.83447027180782,"05_rr_to_or",1000
2,50,0.3,0.15,0.5,"transpose","population",1000,1000,0,-0.503645245300772,0.0124207210682281,0.392777687572406,0.00878717077890608,0.375922349469841,0.957086823829683,0.0214118205726283,0.638575422841301,0.627,0.0152928414625929,1.44050599783317,"05_rr_to_or",1000
0.25,100,0.3,0.15,0.5,"transpose","population",1000,1000,0,0.165150011947248,0.0207048578761177,0.654745095186082,0.014647871175194,0.645144459895726,0.985336835111949,0.0220438261103602,0.674934793129482,0.898,0.00957057991973318,2.40025887368217,"05_rr_to_or",1000
0.5,100,0.3,0.15,0.5,"transpose","population",1000,1000,0,0.144366382442105,0.0136150830227762,0.430546728842629,0.00963213480384404,0.43191604365736,1.00318040928661,0.0224430202054931,0.453901715805075,0.921,0.00852988862764339,1.66319450748643,"05_rr_to_or",1000
0.75,100,0.3,0.15,0.5,"transpose","population",1000,1000,0,0.0710964517786494,0.0109929410799882,0.347627319967939,0.00777707269181018,0.354911613959716,1.02095431967904,0.0228406557916501,0.354652808095492,0.958,0.00634318531969546,1.37844629218975,"05_rr_to_or",1000
1,100,0.3,0.15,0.5,"transpose","population",1000,1000,0,0.00227509242597588,0.0102017024234622,0.322606156694,0.00721730251715008,0.317301145065148,0.983555764455282,0.0220039802318274,0.322452839420098,0.961,0.00612200947402077,1.23439426217759,"05_rr_to_or",1000
2,100,0.3,0.15,0.5,"transpose","population",1000,1000,0,-0.542417767622962,0.00790264690259789,0.249903637562841,0.0055908113190104,0.251272112543884,1.0054760106511,0.0224943770973642,0.597165312850764,0.42,0.0156076904121013,0.977444869684264,"05_rr_to_or",1000
0.25,300,0.3,0.15,0.5,"transpose","population",1000,1000,0,0.248415052986374,0.0105558853534173,0.333806404364101,0.00746787298527291,0.327091414403794,0.979883579606272,0.0219218265952514,0.415963132295541,0.817,0.0122274690758145,1.26883026152443,"05_rr_to_or",1000
0.5,300,0.3,0.15,0.5,"transpose","population",1000,1000,0,0.188509429467707,0.00757029025030896,0.239393597395425,0.00535568208238026,0.235413100097681,0.983372582470661,0.0219998821085546,0.304610883222661,0.859,0.0110054077616415,0.919167592240077,"05_rr_to_or",1000
0.75,300,0.3,0.15,0.5,"transpose","population",1000,1000,0,0.0922823858794565,0.00615305165708754,0.194576577970699,0.00435304161692862,0.19948922752581,1.02524789780119,0.022936711156824,0.215263149177229,0.926,0.00827792244467173,0.780007658942044,"05_rr_to_or",1000
1,300,0.3,0.15,0.5,"transpose","population",1000,1000,0,-0.00234034424324338,0.00578198377322309,0.182842381175194,0.00409052570918275,0.178174787037941,0.97447203374156,0.0218007602027458,0.182765921956579,0.945,0.00720936890441875,0.696976633536854,"05_rr_to_or",1000
2,300,0.3,0.15,0.5,"transpose","population",1000,1000,0,-0.554768586476827,0.00461455138970824,0.145924927713733,0.00326461329472469,0.142615196012995,0.977318942331559,0.0218644508673731,0.573620933182556,0.049,0.00682634602111554,0.557501674743594,"05_rr_to_or",1000
0.25,50,0.5,0.15,0.5,"transpose","population",1000,1000,0,0.440488670955213,0.019875317152653,0.628512714205959,0.0140610037972777,0.678540786254937,1.07959754976824,0.0241526144240392,0.767244076501418,0.778,0.0131421459434904,2.51558810107746,"05_rr_to_or",1000
0.5,50,0.5,0.15,0.5,"transpose","population",1000,1000,0,0.367192842440265,0.0134142786109119,0.424196735785613,0.00949007359415126,0.430601736150054,1.01509912694773,0.0227096641897813,0.560886362215983,0.804,0.0125532465920175,1.6501879091962,"05_rr_to_or",1000
0.75,50,0.5,0.15,0.5,"transpose","population",1000,1000,0,0.204745224955766,0.0113277006685439,0.358213347652108,0.00801390191117328,0.34539002074739,0.964201984686591,0.0215710000157262,0.412442835767432,0.893,0.00977501918156686,1.33340350481192,"05_rr_to_or",1000
1,50,0.5,0.15,0.5,"transpose","population",1000,1000,0,-0.00383673591110269,0.00947770434826931,0.299711327302128,0.00670510240450184,0.296780502629293,0.9902211748244,0.0221530979161514,0.299586003304462,0.967,0.00564898220921256,1.15083216392658,"05_rr_to_or",1000
0.25,100,0.5,0.15,0.5,"transpose","population",1000,1000,0,0.488093139654942,0.0150136296589379,0.474772656685009,0.0106215514461398,0.446895602375197,0.941283361800032,0.0210582675981435,0.680748543471393,0.678,0.0147755202954075,1.68666884095155,"05_rr_to_or",1000
0.5,100,0.5,0.15,0.5,"transpose","population",1000,1000,0,0.396162962851901,0.0092486797810228,0.292468934575794,0.00654307654675128,0.293485955433482,1.00347736370416,0.0224496636306751,0.492338940923633,0.668,0.0148921455808087,1.13989029045775,"05_rr_to_or",1000
0.75,100,0.5,0.15,0.5,"transpose","population",1000,1000,0,0.198462897460397,0.00769998213572165,0.243494814914882,0.0054474339814447,0.237043282720887,0.9735044370606,0.0217791132570314,0.314034961165024,0.84,0.0115931013969516,0.923600341322828,"05_rr_to_or",1000
1,100,0.5,0.15,0.5,"transpose","population",1000,1000,0,0.00143384194815886,0.00669025137635202,0.211564324683487,0.00473308925261962,0.204103472300573,0.96473482760349,0.021582920707398,0.211463377250137,0.959,0.00627048642451286,0.795750725183819,"05_rr_to_or",1000
0.25,300,0.5,0.15,0.5,"transpose","population",1000,1000,0,0.549158622391994,0.00767853837814632,0.242816703759576,0.00543226336784499,0.235823839674825,0.971201058343683,0.0217275823712544,0.600396689048594,0.339,0.0149692685192029,0.918103033217263,"05_rr_to_or",1000
0.5,300,0.5,0.15,0.5,"transpose","population",1000,1000,0,0.40048678801435,0.00520438050705006,0.164576962124602,0.00368189415595519,0.165331716680623,1.00458602799734,0.0224744665224607,0.432952836068493,0.32,0.0147512711316686,0.646384849943997,"05_rr_to_or",1000
0.75,300,0.5,0.15,0.5,"transpose","population",1000,1000,0,0.226240969229675,0.00413721117264515,0.130830104666548,0.0029269138983746,0.134702092821126,1.02959554427054,0.0230339761319517,0.261312793274182,0.595,0.0155233694795943,0.527010426766137,"05_rr_to_or",1000
1,300,0.5,0.15,0.5,"transpose","population",1000,1000,0,-0.0037700504008784,0.00378925240082553,0.1198266821587,0.00268074677690059,0.116057291144216,0.968542974347804,0.0216681160656177,0.119826076475157,0.943,0.00733150734842434,0.454164708555844,"05_rr_to_or",1000
0.25,50,0.01,0.3,0.5,"transpose","population",1000,1000,0,1.19999491182046,0.0175927289744527,0.556330938173087,0.0124461625952589,1.87947075786518,3.37833226395264,0.0755796051825573,1.32256659456179,0.997,0.00172945077987204,7.33397344361303,"05_rr_to_or",1000
0.5,50,0.01,0.3,0.5,"transpose","population",1000,1000,0,0.565965511141049,0.0191271793995262,0.604854521171545,0.0135317258135954,1.86923972321828,3.09039555428591,0.0691379229755164,0.828130486451879,1,0,7.28957285224105,"05_rr_to_or",1000
0.75,50,0.01,0.3,0.5,"transpose","population",1000,1000,0,0.241795979714052,0.0214915217479705,0.679621591066298,0.0152044048699445,1.84491691875771,2.71462375976477,0.0607312057997995,0.721033229013977,1,0,7.18716381358892,"05_rr_to_or",1000
1,50,0.01,0.3,0.5,"transpose","population",1000,1000,0,0.014744223809837,0.021969643524544,0.694741129195285,0.0155426571888548,1.8295990273097,2.63349750061424,0.0589162597976083,0.694550187887598,1,0,7.12268633364661,"05_rr_to_or",1000
2,50,0.01,0.3,0.5,"transpose","population",1000,1000,0,-0.455602632014337,0.025576544574321,0.808801355316762,0.0180943975695385,1.75651355408658,2.17174902408349,0.0485860835972927,0.92794354948362,1,0,6.82221607505188,"05_rr_to_or",1000
0.25,100,0.01,0.3,0.5,"transpose","population",1000,1000,0,1.02991152124595,0.0222638635432319,0.704045183117993,0.0157508062597969,1.81039215564922,2.57141473169601,0.0575273522548107,1.24735788042042,0.999,0.000999499874937461,7.0441981204884,"05_rr_to_or",1000
0.5,100,0.01,0.3,0.5,"transpose","population",1000,1000,0,0.473341137831562,0.0250239670047886,0.791327318280337,0.0177034707106708,1.78210953846731,2.25205107583052,0.0503825905398303,0.921750811497213,1,0,6.9273468227576,"05_rr_to_or",1000
0.75,100,0.01,0.3,0.5,"transpose","population",1000,1000,0,0.190927258123488,0.0272027051831326,0.860225068967667,0.019244842129485,1.75000738160375,2.03435989572343,0.0455124320833118,0.880738553718241,1,0,6.79412607256786,"05_rr_to_or",1000
1,100,0.01,0.3,0.5,"transpose","population",1000,1000,0,0.0276848248611679,0.0272930568003084,0.863082237973219,0.0193087623387799,1.72827999494839,2.00245112100432,0.0447985731710719,0.863094715592066,1,0,6.701836426209,"05_rr_to_or",1000
2,100,0.01,0.3,0.5,"transpose","population",1000,1000,0,-0.324166013015511,0.0293567232842478,0.928341102175217,0.0207687250676319,1.61690710095732,1.7417165922835,0.0389654545792602,0.982872824316698,0.999,0.000999499874937461,6.24765380991082,"05_rr_to_or",1000
0.25,300,0.01,0.3,0.5,"transpose","population",1000,1000,0,0.542451057629913,0.0294624726716585,0.931685191429072,0.0208435385926953,1.54994235094684,1.66359019678037,0.0372176211321278,1.07769309571701,0.99,0.00314642654451046,5.99919942096004,"05_rr_to_or",1000
0.5,300,0.01,0.3,0.5,"transpose","population",1000,1000,0,0.156928752099919,0.0326190487335483,1.03150489106044,0.0230766917872698,1.49390970101535,1.44828174249328,0.0324007687043428,1.04286383156046,1,0,5.76049466170491,"05_rr_to_or",1000
0.75,300,0.01,0.3,0.5,"transpose","population",1000,1000,0,0.0224364204748779,0.0340288420798778,1.07608647110595,0.0240740650338884,1.4144609518157,1.31444915422269,0.0294066836375837,1.07578228474338,1,0,5.43249546198206,"05_rr_to_or",1000
1,300,0.01,0.3,0.5,"transpose","population",1000,1000,0,-0.0190086041052872,0.0336184089458426,1.06310743579843,0.023783699762639,1.3545334482536,1.27412658649716,0.0285045924545581,1.06274575965274,0.999,0.000999499874937461,5.18187857713355,"05_rr_to_or",1000
2,300,0.01,0.3,0.5,"transpose","population",1000,1000,0,-0.020530251463173,0.0322923768473516,1.02117461898119,0.0228455842986699,1.19239617742077,1.16767118498344,0.026122986210019,1.02087036203137,0.994,0.00244213021765835,4.53742246866876,"05_rr_to_or",1000
0.25,50,0.05,0.3,0.5,"transpose","population",1000,1000,0,0.750859789436076,0.0292482501266023,0.924910879743715,0.0206919845824442,1.61407985538318,1.74511933066505,0.0390415801948965,1.190963936786,0.985,0.00384382621875652,6.25414970713636,"05_rr_to_or",1000
0.5,50,0.05,0.3,0.5,"transpose","population",1000,1000,0,0.23914889853038,0.0313007112834531,0.989815400390441,0.0221440199838713,1.53279698303024,1.54856853351202,0.0346443716060164,1.01781481026341,0.999,0.000999499874937461,5.90969067287241,"05_rr_to_or",1000
0.75,50,0.05,0.3,0.5,"transpose","population",1000,1000,0,0.0799849201911357,0.0329407903458255,1.04167925418894,0.0233043113013246,1.47258609715012,1.41366557049913,0.0316263402562693,1.0442261059737,1,0,5.66271615997842,"05_rr_to_or",1000
1,50,0.05,0.3,0.5,"transpose","population",1000,1000,0,0.00577550963995195,0.0335353125770691,1.06047969789229,0.0237249123557317,1.40018179844943,1.32032871655374,0.0295382204329334,1.05996506025609,1,0,5.36772131600078,"05_rr_to_or",1000
2,50,0.05,0.3,0.5,"transpose","population",1000,1000,0,-0.0609636402657073,0.0317279186510451,1.00332488353839,0.0224462523644566,1.25045390225802,1.2463100664344,0.027882284925388,1.00467443808422,0.989,0.00329833291224522,4.77262967991941,"05_rr_to_or",1000
0.25,100,0.05,0.3,0.5,"transpose","population",1000,1000,0,0.342822882170774,0.0289111540277134,0.914250965115252,0.0204535023740789,1.4040935631141,1.53578570511774,0.0343583958500303,0.975984887652894,0.983,0.00408790900094413,5.40801753168316,"05_rr_to_or",1000
0.5,100,0.05,0.3,0.5,"transpose","population",1000,1000,0,0.0862360495305307,0.0329941048314754,1.04336520625828,0.0233420291993292,1.27493919056382,1.22194911514829,0.0273372849265064,1.04640288556339,0.987,0.00358203852575597,4.86750454008712,"05_rr_to_or",1000
0.75,100,0.05,0.3,0.5,"transpose","population",1000,1000,0,-0.0111159273705729,0.0323126474298258,1.02181563108235,0.0228599249371087,1.17410055156379,1.14903365719717,0.0257060298890866,1.02136508682332,0.996,0.00199599599197994,4.44453332897678,"05_rr_to_or",1000
1,100,0.05,0.3,0.5,"transpose","population",1000,1000,0,0.0645959156115196,0.0313056678175881,0.989972139762109,0.0221475265364841,1.09615353391473,1.10725695187557,0.0247714069309704,0.991583292003931,0.999,0.000999499874937461,4.13213533618706,"05_rr_to_or",1000
2,100,0.05,0.3,0.5,"transpose","population",1000,1000,0,0.00168969499971728,0.0273094810884798,0.863601619568906,0.0193203818755437,0.909958238210676,1.05367824421741,0.0235727511284599,0.863171364581743,0.981,0.00431729081716764,3.42686181638243,"05_rr_to_or",1000
0.25,300,0.05,0.3,0.5,"transpose","population",1000,1000,0,-0.0791741725251805,0.0248531784971082,0.785926511455824,0.0175826445705603,0.958457833695962,1.2195260240306,0.0272830758506407,0.789513363105881,0.975,0.00493710441453288,3.60519184493448,"05_rr_to_or",1000
0.5,300,0.05,0.3,0.5,"transpose","population",1000,1000,0,-0.0609296568957825,0.0225032994143804,0.711616810181754,0.0159201977048524,0.716018471683298,1.00618543777854,0.0225102483077748,0.713865890162962,0.977,0.00474035863622153,2.71037502132647,"05_rr_to_or",1000
0.75,300,0.05,0.3,0.5,"transpose","population",1000,1000,0,-0.0258358457109216,0.0200735639046961,0.634781826957829,0.0142012555634189,0.611422681092441,0.96320130023675,0.0215486128347972,0.634990165901553,0.981,0.00431729081716764,2.3435040559117,"05_rr_to_or",1000
1,300,0.05,0.3,0.5,"transpose","population",1000,1000,0,-0.0129429617509859,0.0178181481919096,0.563459319728453,0.0126056378100842,0.550784397531869,0.977505168957553,0.0218686171049623,0.563326227724885,0.978,0.00463853425124791,2.12050567387448,"05_rr_to_or",1000
2,300,0.05,0.3,0.5,"transpose","population",1000,1000,0,-0.00507072260718864,0.015574150819144,0.492497892114721,0.0110180980824313,0.466075432972414,0.946350107146952,0.0211716201588039,0.492277697840827,0.952,0.00675988165576884,1.79941875607292,"05_rr_to_or",1000
0.25,50,0.15,0.3,0.5,"transpose","population",1000,1000,0,0.202155754253984,0.0278136325723163,0.879544289315675,0.019677049186771,1.25305846637158,1.42466784401103,0.0318724816725571,0.902048506283861,0.957,0.00641490451994416,4.7905252243697,"05_rr_to_or",1000
0.5,50,0.15,0.3,0.5,"transpose","population",1000,1000,0,0.0306109076147951,0.0291550763907381,0.921964467509335,0.0206260678353688,1.04258990589112,1.13083523566548,0.0252988971955422,0.922011653145135,0.985,0.00384382621875652,3.9343019301732,"05_rr_to_or",1000
0.75,50,0.15,0.3,0.5,"transpose","population",1000,1000,0,0.0413738922440773,0.02872294615025,0.908299309451549,0.0203203527161708,0.924825169385515,1.01819428877904,0.0227789087432797,0.908787338640914,0.995,0.00223047080231955,3.47075818830286,"05_rr_to_or",1000
1,50,0.15,0.3,0.5,"transpose","population",1000,1000,0,-0.0384917696889512,0.0256577300153396,0.8113686643814,0.0181518330703497,0.803060731998344,0.989760594970241,0.0221427938842171,0.811875856744308,0.994,0.00244213021765835,3.02925787873969,"05_rr_to_or",1000
2,50,0.15,0.3,0.5,"transpose","population",1000,1000,0,-0.142719200517658,0.0202881497551161,0.641567627367543,0.0143530665979007,0.658061423511021,1.02570858540845,0.0229470175993965,0.656936969321968,0.939,0.00756828910652864,2.47102940044105,"05_rr_to_or",1000
0.25,100,0.15,0.3,0.5,"transpose","population",1000,1000,0,-0.0174375484513264,0.0249553191650867,0.789156482981256,0.0176549050688091,0.965143692444084,1.22300673346557,0.0273609458244314,0.788954532766436,0.964,0.00589101010014412,3.61770164543714,"05_rr_to_or",1000
0.5,100,0.15,0.3,0.5,"transpose","population",1000,1000,0,0.031308197079884,0.022211414094226,0.702386585909199,0.0157137003411355,0.696865032557519,0.992138868448728,0.0221960003057518,0.702733073331197,0.964,0.00589101010014412,2.62282011798318,"05_rr_to_or",1000
0.75,100,0.15,0.3,0.5,"transpose","population",1000,1000,0,0.00186402957539029,0.0189325830184224,0.598700843284403,0.013394056541069,0.58228125183612,0.97257463116603,0.0217583117618209,0.598404321220998,0.961,0.00612200947402077,2.23066978414542,"05_rr_to_or",1000
1,100,0.15,0.3,0.5,"transpose","population",1000,1000,0,0.00858384122078999,0.017693739264616,0.559525164013393,0.0125176233957403,0.520693965369492,0.930599727873952,0.0208192547447709,0.559311204147703,0.966,0.00573096850453743,2.00400722590487,"05_rr_to_or",1000
2,100,0.15,0.3,0.5,"transpose","population",1000,1000,0,-0.154260430819038,0.0136704673786485,0.432298135955607,0.00967131705347805,0.428136591014575,0.990373437692871,0.0221565043210233,0.4587930657593,0.912,0.00895857131466843,1.65314719664065,"05_rr_to_or",1000
0.25,300,0.15,0.3,0.5,"transpose","population",1000,1000,0,0.0284229282387294,0.0167862297133316,0.530827192209232,0.0118755961441162,0.513875137032714,0.968064832726511,0.0216574191441383,0.531322494658764,0.941,0.00745110730026082,1.9536992395667,"05_rr_to_or",1000
0.5,300,0.15,0.3,0.5,"transpose","population",1000,1000,0,0.0560777733414513,0.0117426201059069,0.371334252327535,0.00830744106526659,0.363132952962686,0.977913970194121,0.0218777627524724,0.375361098793726,0.951,0.00682634602111555,1.40838163191893,"05_rr_to_or",1000
0.75,300,0.15,0.3,0.5,"transpose","population",1000,1000,0,0.0306409362127855,0.0101637141479881,0.321404861945201,0.00719042730899164,0.309970711330581,0.964424462824183,0.0215759772673661,0.322702109024295,0.946,0.00714730718522718,1.20915015746522,"05_rr_to_or",1000
1,300,0.15,0.3,0.5,"transpose","population",1000,1000,0,0.00792759033549529,0.00876841164998792,0.27728152275917,0.00620330576662606,0.280620058744394,1.01204023965248,0.0226412311654338,0.277256207341346,0.96,0.00619677335393187,1.09610605420187,"05_rr_to_or",1000
2,300,0.15,0.3,0.5,"transpose","population",1000,1000,0,-0.181492415434875,0.00753583672462471,0.238304081249572,0.00533130757042883,0.236076373548174,0.990651827321983,0.0221627324171996,0.299452071566465,0.864,0.0108399261990108,0.921637822954051,"05_rr_to_or",1000
0.25,50,0.3,0.3,0.5,"transpose","population",1000,1000,0,0.136405688667043,0.0239536691243423,0.757481527509727,0.0169462771300307,0.931346473177905,1.2295302781043,0.0275068897072895,0.769292530936496,0.921,0.00852988862764339,3.47722860919557,"05_rr_to_or",1000
0.5,50,0.3,0.3,0.5,"transpose","population",1000,1000,0,0.0831154896212558,0.0211240721494671,0.668001814500449,0.0149444487565311,0.672104296733388,1.00614142378641,0.0225092636325303,0.672821211293682,0.948,0.00702111102319284,2.52702601000636,"05_rr_to_or",1000
0.75,50,0.3,0.3,0.5,"transpose","population",1000,1000,0,0.0400684212973055,0.0174497067790476,0.551808179238709,0.0123449800270895,0.536149046853008,0.971622145203964,0.0217370028711227,0.552985761835983,0.965,0.00581162627841812,2.04391032521719,"05_rr_to_or",1000
1,50,0.3,0.3,0.5,"transpose","population",1000,1000,0,-0.00175663536049924,0.0157126435500033,0.496877416803641,0.0111160762328955,0.471812731766804,0.949555596231207,0.0212433329390979,0.496632022658547,0.952,0.00675988165576884,1.81450366385926,"05_rr_to_or",1000
2,50,0.3,0.3,0.5,"transpose","population",1000,1000,0,-0.531349200825015,0.0121140003422689,0.383078326576289,0.00857017795009774,0.373199357894088,0.974211622018679,0.0217949343059237,0.654930705117404,0.606,0.0154519901630826,1.43070967951555,"05_rr_to_or",1000
0.25,100,0.3,0.3,0.5,"transpose","population",1000,1000,0,0.166472860433556,0.020090654930687,0.635322292654631,0.0142133467909204,0.635165598972885,0.999753363476211,0.0223663507872549,0.656463246792479,0.905,0.00927227048785787,2.36816438746265,"05_rr_to_or",1000
0.5,100,0.3,0.3,0.5,"transpose","population",1000,1000,0,0.165889062938802,0.0144925026765451,0.458293174539689,0.010252874638519,0.428388280202605,0.934747240416311,0.0209120423500002,0.487177362362569,0.908,0.00913980306133562,1.65032386480749,"05_rr_to_or",1000
0.75,100,0.3,0.3,0.5,"transpose","population",1000,1000,0,0.100533215558826,0.0114691361796722,0.362685931224063,0.00811396196273224,0.35510870516112,0.979108023194146,0.0219044759491795,0.376186750236841,0.949,0.00695693898205238,1.37967314344461,"05_rr_to_or",1000
1,100,0.3,0.3,0.5,"transpose","population",1000,1000,0,0.00127543175230436,0.0099069198798347,0.313284314170793,0.00700875548197668,0.31640474611765,1.00996038360592,0.0225947008994463,0.313130230367675,0.957,0.00641490451994416,1.23189365278887,"05_rr_to_or",1000
2,100,0.3,0.3,0.5,"transpose","population",1000,1000,0,-0.544783847013047,0.00821365881210943,0.259738697697788,0.00581083999110918,0.253896479420512,0.977507324364605,0.0218686653254455,0.603478389718303,0.4,0.0154919333848297,0.986327478978296,"05_rr_to_or",1000
0.25,300,0.3,0.3,0.5,"transpose","population",1000,1000,0,0.234133610997333,0.010235383375293,0.323671241909478,0.00724113046353965,0.327012675751431,1.01032354256202,0.0226028254438594,0.39934553655329,0.85,0.0112915897906362,1.26877238070704,"05_rr_to_or",1000
0.5,300,0.3,0.3,0.5,"transpose","population",1000,1000,0,0.165768108867147,0.00776066882806902,0.245413896629678,0.00549036742522256,0.236129856743694,0.962169868888913,0.0215255377883093,0.296052053861637,0.865,0.0108062481925967,0.921705535606108,"05_rr_to_or",1000
0.75,300,0.3,0.3,0.5,"transpose","population",1000,1000,0,0.0990417523358494,0.00615910961043841,0.194768147276177,0.00435732738024078,0.199110896682589,1.02229702067379,0.0228706945217489,0.218416952794322,0.929,0.00812151463706124,0.778447402590908,"05_rr_to_or",1000
1,300,0.3,0.3,0.5,"transpose","population",1000,1000,0,0.00802836475178939,0.00562345825492923,0.177829364124522,0.00397837515090108,0.178450623434253,1.00349356987689,0.0224500261930404,0.177921651585114,0.959,0.00627048642451286,0.697980343643512,"05_rr_to_or",1000
2,300,0.3,0.3,0.5,"transpose","population",1000,1000,0,-0.553025861698146,0.00473736061727612,0.149808496481738,0.0033514959845409,0.142933503054292,0.954108120774823,0.0213451814195632,0.572937821006326,0.056,0.00727076337120113,0.558698766107589,"05_rr_to_or",1000
0.25,50,0.5,0.3,0.5,"transpose","population",1000,1000,0,0.386708381069925,0.0208436052622965,0.659132672783284,0.0147460294842635,0.701742471705491,1.06464525380343,0.0238181036248347,0.763914128969892,0.804,0.0125532465920175,2.59314522986465,"05_rr_to_or",1000
0.5,50,0.5,0.3,0.5,"transpose","population",1000,1000,0,0.379040390062171,0.0142188555314171,0.449639692001619,0.0100592800650485,0.434880168558444,0.967174776369337,0.0216375069203517,0.587916060393973,0.787,0.0129472390879291,1.65819263149528,"05_rr_to_or",1000
0.75,50,0.5,0.3,0.5,"transpose","population",1000,1000,0,0.226501652931707,0.0110764272540445,0.350267384599452,0.00783613587059672,0.345836045286778,0.98734869557512,0.022088835188097,0.416974282485409,0.882,0.0102017645532525,1.33763901945529,"05_rr_to_or",1000
1,50,0.5,0.3,0.5,"transpose","population",1000,1000,0,0.00156420357782526,0.00913303079308477,0.288811792466019,0.00646125944435948,0.297338823583969,1.02952452545356,0.0230323873083167,0.288671588398997,0.974,0.00503229569878401,1.15200861132488,"05_rr_to_or",1000
0.25,100,0.5,0.3,0.5,"transpose","population",1000,1000,0,0.484627334069278,0.0136977322305113,0.433160326275142,0.0096906058619348,0.435135974947713,1.0045610102143,0.0224739068279082,0.649849131197099,0.67,0.0148694317309035,1.66681352850499,"05_rr_to_or",1000
0.5,100,0.5,0.3,0.5,"transpose","population",1000,1000,0,0.383437030842665,0.00947357281990631,0.299580676903681,0.00670217951096739,0.294116657520399,0.981761108761233,0.0219638304306245,0.486500554998175,0.673,0.0148347901906296,1.14182085560907,"05_rr_to_or",1000
0.75,100,0.5,0.3,0.5,"transpose","population",1000,1000,0,0.212550055029286,0.00725431187619257,0.229401483859779,0.00513213983225244,0.236302668832342,1.03008343649939,0.0230448911927413,0.312649870700795,0.846,0.0114142016803629,0.920698769116039,"05_rr_to_or",1000
1,100,0.5,0.3,0.5,"transpose","population",1000,1000,0,-0.008017330550778,0.0064257030400485,0.203198571744214,0.00454593172789902,0.204484518051373,1.00632852040307,0.0225134493334364,0.20325512905826,0.962,0.00604615580348373,0.797149488522724,"05_rr_to_or",1000
0.25,300,0.5,0.3,0.5,"transpose","population",1000,1000,0,0.5284500903588,0.00751159812988817,0.237537589583079,0.00531415971965425,0.237715897679188,1.00075065212383,0.022388661997743,0.579333393098221,0.379,0.0153414145371279,0.925688609011314,"05_rr_to_or",1000
0.5,300,0.5,0.3,0.5,"transpose","population",1000,1000,0,0.393840953412249,0.00509367253116938,0.161076068535303,0.00360357262491792,0.16512844477226,1.02515815213152,0.0229347033785029,0.425476498692471,0.329,0.0148579608291313,0.645595097262012,"05_rr_to_or",1000
0.75,300,0.5,0.3,0.5,"transpose","population",1000,1000,0,0.221710200101959,0.00420724690308075,0.133044828924248,0.00297646141824744,0.13471359430361,1.01254288041749,0.0226524761785348,0.258531697101593,0.601,0.0154854447788883,0.527103834452562,"05_rr_to_or",1000
1,300,0.5,0.3,0.5,"transpose","population",1000,1000,0,0.000521002676828613,0.00372589365151778,0.117823102583579,0.0026359229581024,0.116374175936741,0.987702525098506,0.0220967510156681,0.117765328780195,0.965,0.00581162627841812,0.455468150886548,"05_rr_to_or",1000
0.25,50,0.01,0.5,0.5,"transpose","population",1000,1000,0,1.1611579501035,0.0177394013930159,0.56096912729894,0.0125499275524937,1.88054701339718,3.35231819699597,0.0749976218972668,1.2894415304733,1,0,7.33937885383763,"05_rr_to_or",1000
0.5,50,0.01,0.5,0.5,"transpose","population",1000,1000,0,0.567818483294445,0.0195076792582346,0.616886983200455,0.0138009144719232,1.86444207447811,3.02233978873286,0.0676153883374111,0.838204527822965,1,0,7.27044217985724,"05_rr_to_or",1000
0.75,50,0.01,0.5,0.5,"transpose","population",1000,1000,0,0.204742809296677,0.0214900581953281,0.679575309468044,0.0152033694641141,1.83943696593505,2.70674484535779,0.0605549397627076,0.709422579705527,1,0,7.16543568506244,"05_rr_to_or",1000
1,50,0.01,0.5,0.5,"transpose","population",1000,1000,0,0.00519318544844521,0.021236284028909,0.671550265696094,0.015023834240084,1.82660908040027,2.71998861992394,0.0608512277458397,0.671234496113124,1,0,7.10828879415617,"05_rr_to_or",1000
2,50,0.01,0.5,0.5,"transpose","population",1000,1000,0,-0.49916575763252,0.0250909180292171,0.793444495569093,0.0177508359225811,1.76230556096861,2.2210823451546,0.0496897621693159,0.937065134862135,1,0,6.84769472811631,"05_rr_to_or",1000
0.25,100,0.01,0.5,0.5,"transpose","population",1000,1000,0,1.07863954799544,0.0219422361937069,0.693874433294974,0.0155232675821374,1.8275842120919,2.63388319902972,0.0589248885918428,1.28235858555673,1,0,7.11636072309138,"05_rr_to_or",1000
0.5,100,0.01,0.5,0.5,"transpose","population",1000,1000,0,0.48197237164178,0.0258184790071992,0.816451993839924,0.0182655566485743,1.7686855754484,2.16630688490324,0.0484643327751546,0.947747134742672,1,0,6.87329580934914,"05_rr_to_or",1000
0.75,100,0.01,0.5,0.5,"transpose","population",1000,1000,0,0.152151173741266,0.025986724801973,0.821772393022226,0.0183845839194862,1.75173421607622,2.13165376562953,0.0476890777474013,0.835334984146114,1,0,6.80114005310347,"05_rr_to_or",1000
1,100,0.01,0.5,0.5,"transpose","population",1000,1000,0,-0.0252975700120432,0.0282638501820524,0.893781420210503,0.019995560407069,1.70696219758306,1.90982063285791,0.0427262560705088,0.893692536018347,1,0,6.6175545140294,"05_rr_to_or",1000
2,100,0.01,0.5,0.5,"transpose","population",1000,1000,0,-0.324659180009544,0.030473594481199,0.96365967052926,0.0215588674347088,1.61668200318779,1.67764829496276,0.0375321270561247,1.01642260099253,0.999,0.000999499874937461,6.25378666472355,"05_rr_to_or",1000
0.25,300,0.01,0.5,0.5,"transpose","population",1000,1000,0,0.527965090788868,0.0293090654207653,0.926834028204997,0.0207350090069396,1.5859774107877,1.71117736565981,0.0382822350169255,1.06625955171082,0.996,0.00199599599197994,6.14414151619471,"05_rr_to_or",1000
0.5,300,0.01,0.5,0.5,"transpose","population",1000,1000,0,0.134602157719254,0.0314049946970738,0.99311313148263,0.0222177963902376,1.49654664413517,1.50692463596867,0.0337127198060521,1.0017011326209,1,0,5.76064609339611,"05_rr_to_or",1000
0.75,300,0.01,0.5,0.5,"transpose","population",1000,1000,0,0.0735285951561065,0.0330568763365182,1.0453502155392,0.0233864375659474,1.41033611818511,1.3491517935524,0.0301830465215186,1.04741146182403,1,0,5.41211606125407,"05_rr_to_or",1000
1,300,0.01,0.5,0.5,"transpose","population",1000,1000,0,-0.0428815837008075,0.0322968444577081,1.02131589722543,0.0228487449569731,1.36123096958254,1.33282070051052,0.0298176894554078,1.021705390993,1,0,5.19907309525525,"05_rr_to_or",1000
2,300,0.01,0.5,0.5,"transpose","population",1000,1000,0,0.0796032359008574,0.0312522281141751,0.988282227959422,0.0221097200518458,1.18473730729152,1.1987843894934,0.0268190467301515,0.990990280226918,0.993,0.00263647491928143,4.50839812775825,"05_rr_to_or",1000
0.25,50,0.05,0.5,0.5,"transpose","population",1000,1000,0,0.68959013474914,0.0290143947830162,0.917515724456383,0.0205265411407661,1.61318424549814,1.75820882683393,0.0393344166820113,1.14740046342305,0.988,0.00344325427466518,6.25345677613879,"05_rr_to_or",1000
0.5,50,0.05,0.5,0.5,"transpose","population",1000,1000,0,0.2278775653399,0.031053659942498,0.982002951026272,0.0219692408939774,1.52254831048258,1.55045186869489,0.0346865053330825,1.00761780989308,1,0,5.86934277235747,"05_rr_to_or",1000
0.75,50,0.05,0.5,0.5,"transpose","population",1000,1000,0,0.108144811577163,0.0334440259606253,1.05759296161377,0.0236603306712938,1.45919019230394,1.37972759394823,0.0308670843074743,1.06258160620895,1,0,5.61669321270633,"05_rr_to_or",1000
1,50,0.05,0.5,0.5,"transpose","population",1000,1000,0,0.0556192302703532,0.0336709645655231,1.06476939041875,0.0238208807928696,1.42162350147758,1.33514685364734,0.0298697298475121,1.06568926976573,1,0,5.46094243422706,"05_rr_to_or",1000
2,50,0.05,0.5,0.5,"transpose","population",1000,1000,0,-0.112918995353537,0.030955683250982,0.978904655998288,0.0218999262450151,1.24648665185351,1.27334837383355,0.0284871823831772,0.984909524129625,0.994,0.00244213021765835,4.74395615909637,"05_rr_to_or",1000
0.25,100,0.05,0.5,0.5,"transpose","population",1000,1000,0,0.359757890246121,0.0292821428941089,0.925982663158987,0.0207159623800788,1.4044204600229,1.51668116034886,0.0339309914865724,0.992981464163798,0.976,0.00483983470792134,5.41110121080231,"05_rr_to_or",1000
0.5,100,0.05,0.5,0.5,"transpose","population",1000,1000,0,0.0576985211985013,0.0320790864922063,1.01442978572913,0.0226946897760524,1.26205026153244,1.24409819120732,0.0278328011436536,1.0155628201804,0.991,0.00298646948753876,4.82161285838719,"05_rr_to_or",1000
0.75,100,0.05,0.5,0.5,"transpose","population",1000,1000,0,0.0475070272988743,0.0310705608467558,0.982537404545983,0.0219811976178436,1.15593934576675,1.17648380653853,0.0263201410206527,0.983194431037626,0.995,0.00223047080231955,4.3838338339423,"05_rr_to_or",1000
1,100,0.05,0.5,0.5,"transpose","population",1000,1000,0,-0.0188196281012031,0.0316148812153605,0.999750325962115,0.0223662828323889,1.07092200221274,1.07118945040816,0.0239645095307607,0.999427532114741,0.997,0.00172945077987204,4.05913523746048,"05_rr_to_or",1000
2,100,0.05,0.5,0.5,"transpose","population",1000,1000,0,0.0541800410636953,0.0271840786261687,0.859636045517939,0.0192316645743201,0.919386565474283,1.06950676424968,0.0239268646972844,0.860912674707853,0.981,0.00431729081716764,3.46081053839739,"05_rr_to_or",1000
0.25,300,0.05,0.5,0.5,"transpose","population",1000,1000,0,-0.0632320514920326,0.025749751121845,0.81427862727506,0.0182169343775673,0.974176237764169,1.1963671956173,0.0267649695865991,0.81632403216493,0.968,0.00556560868189635,3.65884404964957,"05_rr_to_or",1000
0.5,300,0.05,0.5,0.5,"transpose","population",1000,1000,0,-0.0433233068233162,0.0237968260088461,0.752521712706879,0.0168353168054417,0.732981302270959,0.974033426403563,0.0217909477370538,0.753392028150887,0.968,0.00556560868189635,2.76418461900462,"05_rr_to_or",1000
0.75,300,0.05,0.5,0.5,"transpose","population",1000,1000,0,-0.0142005355865619,0.0190479003399672,0.60234749718192,0.0134756390025553,0.603539132710255,1.0019783190499,0.0224161272007836,0.602213699665582,0.98,0.00442718872423573,2.31384876988078,"05_rr_to_or",1000
1,300,0.05,0.5,0.5,"transpose","population",1000,1000,0,0.00899120300242128,0.0172885373634924,0.546711554815584,0.0122309590156651,0.541998281630868,0.991378866710973,0.0221789976468096,0.546512097191028,0.967,0.00564898220921256,2.09467496367184,"05_rr_to_or",1000
2,300,0.05,0.5,0.5,"transpose","population",1000,1000,0,-0.0195401935284462,0.0151173280666091,0.478051888264744,0.010694913983846,0.46332821863618,0.969200687226634,0.0216828303316583,0.478212184525597,0.946,0.00714730718522718,1.78989410378576,"05_rr_to_or",1000
0.25,50,0.15,0.5,0.5,"transpose","population",1000,1000,0,0.168217892283364,0.0265480838256235,0.839524124020467,0.0187817233111529,1.24219186583611,1.47963808340286,0.0331022686400368,0.85579975072547,0.957,0.00641490451994416,4.73825937818856,"05_rr_to_or",1000
0.5,50,0.15,0.5,0.5,"transpose","population",1000,1000,0,0.0303257153609637,0.0298387074706783,0.943582780428252,0.0211097098893369,1.03975993973333,1.10192763295387,0.0246521801088215,0.943598306521024,0.978,0.00463853425124791,3.92563808983912,"05_rr_to_or",1000
0.75,50,0.15,0.5,0.5,"transpose","population",1000,1000,0,-0.0145880716648112,0.0279560850304349,0.88404903157512,0.0197778286882579,0.910348944281917,1.02974938240692,0.0230374177785102,0.883727310528297,0.99,0.00314642654451046,3.41543989896636,"05_rr_to_or",1000
1,50,0.15,0.5,0.5,"transpose","population",1000,1000,0,0.0572655689812415,0.0255213009399838,0.807054398209451,0.0180553148748461,0.796510620928435,0.986935481295426,0.0220795908125664,0.808680907563852,0.993,0.00263647491928143,3.0093279934765,"05_rr_to_or",1000
2,50,0.15,0.5,0.5,"transpose","population",1000,1000,0,-0.143206476074151,0.0216021737238003,0.683120713778502,0.0152826867831523,0.658283215490524,0.963641128446251,0.0215584526136659,0.69763554272502,0.926,0.00827792244467173,2.47660760765572,"05_rr_to_or",1000
0.25,100,0.15,0.5,0.5,"transpose","population",1000,1000,0,-0.0276573190108156,0.0251147230396259,0.794197276095251,0.0177676770295271,0.968229938336107,1.21913026835915,0.027274222056798,0.79428174556553,0.963,0.00596917079668525,3.62783754566334,"05_rr_to_or",1000
0.5,100,0.15,0.5,0.5,"transpose","population",1000,1000,0,0.00592559759315798,0.0228876690519576,0.723771645363327,0.0161921240792605,0.705587303375249,0.974875581124831,0.0218097883117407,0.723433937512017,0.965,0.00581162627841812,2.66056077052532,"05_rr_to_or",1000
0.75,100,0.15,0.5,0.5,"transpose","population",1000,1000,0,-0.00433384552335522,0.0198489178267231,0.627677894219644,0.0140423273143167,0.581887048350558,0.927047222324096,0.0207397785577386,0.627378945749803,0.961,0.00612200947402077,2.22556907370836,"05_rr_to_or",1000
1,100,0.15,0.5,0.5,"transpose","population",1000,1000,0,0.0113377399494178,0.0170701761044689,0.53980636550302,0.0120764770283476,0.51192805261856,0.948354975661539,0.0212164728135863,0.539655506478441,0.958,0.00634318531969546,1.97598586442655,"05_rr_to_or",1000
2,100,0.15,0.5,0.5,"transpose","population",1000,1000,0,-0.155537324155141,0.0141079911846441,0.446133853530523,0.00998084790776591,0.43078428012635,0.965594241991046,0.0216021474130695,0.472258656941373,0.913,0.00891240708226459,1.66074843692728,"05_rr_to_or",1000
0.25,300,0.15,0.5,0.5,"transpose","population",1000,1000,0,0.0346669479317481,0.0173613790733221,0.549015011932812,0.0122824916554036,0.515455259059727,0.938872795563571,0.0210043387272736,0.549834396089551,0.93,0.00806845710157772,1.95400486979493,"05_rr_to_or",1000
0.5,300,0.15,0.5,0.5,"transpose","population",1000,1000,0,0.0676601106522824,0.0116335332790957,0.367884623973096,0.0082302664333226,0.362115691769845,0.984318637346276,0.0220210471238323,0.373873839727721,0.935,0.0077958322198467,1.40834603522581,"05_rr_to_or",1000
0.75,300,0.15,0.5,0.5,"transpose","population",1000,1000,0,0.0334226483092097,0.00958176375344899,0.303001974625429,0.00677872033372208,0.30783896455987,1.0159635591168,0.0227290031526011,0.304689120006414,0.953,0.00669260786241059,1.20147957595017,"05_rr_to_or",1000
1,300,0.15,0.5,0.5,"transpose","population",1000,1000,0,-0.011592289491496,0.0088030857494633,0.278378014060744,0.00622783632584411,0.28178553582015,1.01224062816492,0.0226457142308844,0.278480170872804,0.955,0.00655553201502365,1.10040942748173,"05_rr_to_or",1000
2,300,0.15,0.5,0.5,"transpose","population",1000,1000,0,-0.188321779659146,0.0074859974398183,0.236728024680151,0.00529604824009794,0.235187152684996,0.993490960788286,0.0222262491377819,0.302405704650698,0.848,0.0113532374237483,0.918184704150653,"05_rr_to_or",1000
0.25,50,0.3,0.5,0.5,"transpose","population",1000,1000,0,0.101146839475911,0.0240100874096735,0.759265630343007,0.0169861908440201,0.94107560138995,1.23945502572638,0.0277289248560572,0.765596823568848,0.935,0.0077958322198467,3.52401709978537,"05_rr_to_or",1000
0.5,50,0.3,0.5,0.5,"transpose","population",1000,1000,0,0.0958463998968185,0.0220462960809676,0.697165095863016,0.015596885852411,0.673047345755795,0.965405970192232,0.0215979354211429,0.703377326967524,0.927,0.00822623850857729,2.52932157531255,"05_rr_to_or",1000
0.75,50,0.3,0.5,0.5,"transpose","population",1000,1000,0,0.0171862566741745,0.0176864034474437,0.559293185105762,0.0125124335941224,0.538091008814231,0.962091123482003,0.0215237761064203,0.559277592486337,0.971,0.00530650544143696,2.0551356124436,"05_rr_to_or",1000
1,50,0.3,0.5,0.5,"transpose","population",1000,1000,0,-0.0214350178541755,0.0147651234425932,0.46691420012141,0.0104457430892299,0.470327764099894,1.00731090204067,0.0225354270462565,0.467172689051009,0.984,0.00396787096564392,1.80567645283959,"05_rr_to_or",1000
2,50,0.3,0.5,0.5,"transpose","population",1000,1000,0,-0.508567806717639,0.0124692570557716,0.394312530263635,0.0088215080777734,0.376499592662679,0.95482533210637,0.0213612267771644,0.643403530594119,0.615,0.0153874949228261,1.44193509588529,"05_rr_to_or",1000
0.25,100,0.3,0.5,0.5,"transpose","population",1000,1000,0,0.168587560476162,0.020034744162968,0.633554238937427,0.0141737921256456,0.637803642362199,1.00670724487914,0.0225219221076155,0.6552948559612,0.895,0.00969407035254026,2.37510247150951,"05_rr_to_or",1000
0.5,100,0.3,0.5,0.5,"transpose","population",1000,1000,0,0.167479600766124,0.0139457839190839,0.441004409408545,0.00986609265835431,0.426526541986418,0.96717069690631,0.0216374156551412,0.471529236528809,0.917,0.00872416185085994,1.64332387945966,"05_rr_to_or",1000
0.75,100,0.3,0.5,0.5,"transpose","population",1000,1000,0,0.0812857042824789,0.011160975297264,0.352941028482292,0.00789595027997853,0.354460032570943,1.00430384672245,0.0224681536000836,0.362008519150103,0.947,0.00708456067798138,1.37653295305814,"05_rr_to_or",1000
1,100,0.3,0.5,0.5,"transpose","population",1000,1000,0,-0.00444070646746746,0.0102385649231669,0.323771851287144,0.00724338128330737,0.316927281009911,0.978859897023097,0.0218989249031076,0.323640392021992,0.955,0.00655553201502365,1.2342692544056,"05_rr_to_or",1000
2,100,0.3,0.5,0.5,"transpose","population",1000,1000,0,-0.529607463849424,0.00791080200352517,0.250161524497629,0.00559658073160518,0.25363953183088,1.01390304660253,0.0226829056375746,0.585663959379146,0.432,0.0156644821171975,0.985937445657221,"05_rr_to_or",1000
0.25,300,0.3,0.5,0.5,"transpose","population",1000,1000,0,0.239331567026724,0.0107274585300152,0.339232024598497,0.00758925424772647,0.327611784886031,0.96574545187407,0.0216055302606895,0.415021550190047,0.818,0.0122014753206323,1.26860250997242,"05_rr_to_or",1000
0.5,300,0.3,0.5,0.5,"transpose","population",1000,1000,0,0.170363974714051,0.00792226569641554,0.250524038296931,0.00560469084265519,0.236205162561207,0.942844304151151,0.0210931887951699,0.302858738277778,0.855,0.0111344061359374,0.922094744885351,"05_rr_to_or",1000
0.75,300,0.3,0.5,0.5,"transpose","population",1000,1000,0,0.095566286444963,0.00637768732616728,0.201680181550778,0.00451196250214895,0.200029670256041,0.991816194917885,0.0221887814959491,0.223085489979974,0.925,0.00832916562447884,0.782092615015561,"05_rr_to_or",1000
1,300,0.3,0.5,0.5,"transpose","population",1000,1000,0,-0.00174105641388393,0.00552056906664723,0.174575722308751,0.00390558510402935,0.177947587277257,1.01931462705073,0.0228039728037774,0.174497098584014,0.958,0.00634318531969546,0.696115557654702,"05_rr_to_or",1000
2,300,0.3,0.5,0.5,"transpose","population",1000,1000,0,-0.556040848670428,0.00448836925740445,0.141934698332766,0.0031753444077004,0.142724170899233,1.00556222386591,0.0224963058480695,0.573852540747492,0.047,0.00669260786241059,0.557985555072797,"05_rr_to_or",1000
0.25,50,0.5,0.5,0.5,"transpose","population",1000,1000,0,0.420297637913604,0.0206393032188896,0.652672074905359,0.0146014938380611,0.683688649114087,1.04752244718487,0.0234350344466912,0.776018660187795,0.787,0.0129472390879291,2.52883475155291,"05_rr_to_or",1000
0.5,50,0.5,0.5,0.5,"transpose","population",1000,1000,0,0.353446931272969,0.0144596890337276,0.457255516043385,0.0102296602790844,0.442167363424396,0.967002798020795,0.021633659443352,0.57775276509198,0.806,0.0125045591685593,1.68132617297701,"05_rr_to_or",1000
0.75,50,0.5,0.5,0.5,"transpose","population",1000,1000,0,0.197358753667296,0.0109132690090853,0.345107867868385,0.00772070784072893,0.347187968172658,1.00602739171703,0.0225067125220686,0.397405106501296,0.904,0.00931579304192617,1.33976219868001,"05_rr_to_or",1000
1,50,0.5,0.5,0.5,"transpose","population",1000,1000,0,0.00742484608614659,0.00982484107453113,0.310688754446945,0.00695068796113234,0.297612661566034,0.957912564604446,0.0214302939366623,0.310622122484953,0.96,0.00619677335393187,1.15351602803902,"05_rr_to_or",1000
0.25,100,0.5,0.5,0.5,"transpose","population",1000,1000,0,0.492396207354184,0.0150601557285191,0.476243940189527,0.0106544668072396,0.445031517927267,0.934461271570533,0.0209056446925853,0.68486167018856,0.66,0.0149799866488592,1.68429014117611,"05_rr_to_or",1000
0.5,100,0.5,0.5,0.5,"transpose","population",1000,1000,0,0.380814889920245,0.0091931403926247,0.290712624903887,0.00650378461771356,0.293673656566171,1.01018542508521,0.0225997354978298,0.479008660499158,0.694,0.0145727142289966,1.13944099822495,"05_rr_to_or",1000
0.75,100,0.5,0.5,0.5,"transpose","population",1000,1000,0,0.218010154169644,0.00742696548873782,0.234861270478771,0.00525428546056954,0.238625483526265,1.01602738944493,0.0227304311563086,0.320363986545934,0.832,0.0118226900492231,0.929822930591212,"05_rr_to_or",1000
1,100,0.5,0.5,0.5,"transpose","population",1000,1000,0,0.00179820048048374,0.00601586459151112,0.190238342043336,0.00425598717320872,0.20435772921997,1.07421946083517,0.0240322965256091,0.190151701758312,0.97,0.00539444158370447,0.797043253497168,"05_rr_to_or",1000
0.25,300,0.5,0.5,0.5,"transpose","population",1000,1000,0,0.540568876940895,0.0077603848771455,0.245404917313058,0.00549016654113185,0.2369388283033,0.965501551059152,0.0216000737437294,0.593614403956918,0.351,0.0150930116279025,0.922127327150206,"05_rr_to_or",1000
0.5,300,0.5,0.5,0.5,"transpose","population",1000,1000,0,0.404451518318749,0.00533222915461842,0.168619891345484,0.00377234203686841,0.164700394508361,0.976755430181767,0.0218518440476557,0.438161232607298,0.313,0.0146639353517397,0.643692555110849,"05_rr_to_or",1000
0.75,300,0.5,0.5,0.5,"transpose","population",1000,1000,0,0.220266781887764,0.00435468561155113,0.137707250264648,0.00308076849539972,0.134252877359096,0.974915097796857,0.0218106723735311,0.259734053777834,0.606,0.0154519901630826,0.52521172512478,"05_rr_to_or",1000
1,300,0.5,0.5,0.5,"transpose","population",1000,1000,0,-0.00735295993700152,0.00364855275533561,0.115377368701436,0.00258120732128766,0.116225259592666,1.00734884926544,0.0225362759965794,0.115553845851593,0.952,0.00675988165576884,0.454818371920088,"05_rr_to_or",1000
0.25,50,0.01,0.01,0.5,"vanderweele_rr_squared","population",1000,1000,0,1.00869071703646,0.0373935779560551,1.18248876204198,0.026454483095567,3.76863656226778,3.18703795185328,0.0712999939861077,1.55381413152241,1,0,14.7104105751195,"05_rr_to_or",1000
0.5,50,0.01,0.01,0.5,"vanderweele_rr_squared","population",1000,1000,0,0.425333698471216,0.0415195704182089,1.3129640999329,0.0293734601982865,3.72598730431833,2.83784400846052,0.0634878730010372,1.3795142652543,1,0,14.5288833776694,"05_rr_to_or",1000
0.75,50,0.01,0.01,0.5,"vanderweele_rr_squared","population",1000,1000,0,0.112568722373021,0.042693780164816,1.35009587243338,0.030204167330104,3.69459234567667,2.73654073100574,0.0612215293984772,1.35410775906261,1,0,14.3928989675294,"05_rr_to_or",1000
1,50,0.01,0.01,0.5,"vanderweele_rr_squared","population",1000,1000,0,-0.00495035918003449,0.0426394721414283,1.34837850194211,0.0301657465432953,3.68439558713378,2.73246390522175,0.0611303231881112,1.34771323580766,1,0,14.3445295812239,"05_rr_to_or",1000
2,50,0.01,0.01,0.5,"vanderweele_rr_squared","population",1000,1000,0,-0.215781694432519,0.052187272919923,1.65030647299783,0.0369204394103797,3.52864035564164,2.13817276571167,0.0478349199600369,1.66353529659454,1,0,13.7059429262396,"05_rr_to_or",1000
0.25,100,0.01,0.01,0.5,"vanderweele_rr_squared","population",1000,1000,0,0.726057221970674,0.0448313599957051,1.41769208189385,0.0317164208397344,3.62592469548007,2.5576249890853,0.0572188499463768,1.59216835724154,1,0,14.1079675062202,"05_rr_to_or",1000
0.5,100,0.01,0.01,0.5,"vanderweele_rr_squared","population",1000,1000,0,0.164124022145952,0.049456413108639,1.56394910325508,0.0349884636898729,3.57809037844246,2.28785602485101,0.0511836141512214,1.57175938216387,1,0,13.9074628729912,"05_rr_to_or",1000
0.75,100,0.01,0.01,0.5,"vanderweele_rr_squared","population",1000,1000,0,0.0742874833467983,0.0542696779096899,1.71615790078346,0.0383936588938068,3.50701104233581,2.04352469008521,0.0457174656576685,1.7169075026521,1,0,13.6159816262763,"05_rr_to_or",1000
1,100,0.01,0.01,0.5,"vanderweele_rr_squared","population",1000,1000,0,0.0222792165993653,0.0549509831370515,1.73770266378587,0.0388756554987143,3.44841354882717,1.98446697510047,0.0443962342236979,1.73697648247553,1,0,13.3687934176461,"05_rr_to_or",1000
2,100,0.01,0.01,0.5,"vanderweele_rr_squared","population",1000,1000,0,-0.00269392365840903,0.0613696796089821,1.94067966839175,0.0434166303557289,3.23181960379293,1.66530296392045,0.037255938933369,1.93971095654958,1,0,12.4867522832223,"05_rr_to_or",1000
0.25,300,0.01,0.01,0.5,"vanderweele_rr_squared","population",1000,1000,0,-0.167530286490525,0.0611992906486181,1.93529149636277,0.0432960868796027,3.14825212486002,1.62675862048529,0.0363936299503439,1.94156488936367,0.999,0.000999499874937461,12.1838807490324,"05_rr_to_or",1000
0.5,300,0.01,0.01,0.5,"vanderweele_rr_squared","population",1000,1000,0,-0.39182976383443,0.0628039959064293,1.98603673224208,0.0444313526240582,2.98678060204795,1.50388990976824,0.0336448273105409,2.02334577463654,1,0,11.4865114832032,"05_rr_to_or",1000
0.75,300,0.01,0.01,0.5,"vanderweele_rr_squared","population",1000,1000,0,-0.13882645881572,0.0690311963183119,2.18295809972095,0.0488368515635406,2.82241397471527,1.29293089733425,0.0289252800239727,2.18627846916615,1,0,10.8269093682467,"05_rr_to_or",1000
1,300,0.01,0.01,0.5,"vanderweele_rr_squared","population",1000,1000,0,-0.0798986968147584,0.0680026969292744,2.15043409330645,0.0481092287687102,2.67605371357981,1.24442489165765,0.0278401100431697,2.15084314272747,1,0,10.2280915330169,"05_rr_to_or",1000
2,300,0.01,0.01,0.5,"vanderweele_rr_squared","population",1000,1000,0,0.840065219428552,0.0621560313225659,1.96554629296076,0.0439729432108031,2.39999940968976,1.22103428359073,0.0273168184351946,2.13663717800556,0.999,0.000999499874937461,9.13615214249856,"05_rr_to_or",1000
0.25,50,0.05,0.01,0.5,"vanderweele_rr_squared","population",1000,1000,0,-0.130382957860604,0.059095635835583,1.8687680901631,0.0418078339834571,3.20102939653312,1.71290884801749,0.0383209715125539,1.87237859321706,0.999,0.000999499874937461,12.3989462608344,"05_rr_to_or",1000
0.5,50,0.05,0.01,0.5,"vanderweele_rr_squared","population",1000,1000,0,-0.264956182064729,0.0666323684434692,2.10710050172891,0.0471397753559956,3.05094138059113,1.44793348873857,0.0323929776171353,2.12264797606107,1,0,11.7645782998078,"05_rr_to_or",1000
0.75,50,0.05,0.01,0.5,"vanderweele_rr_squared","population",1000,1000,0,-0.240517527894969,0.0692731038373617,2.19060788715413,0.0490079916021032,2.9469720046183,1.34527590350584,0.0300963356190488,2.2026830987619,0.999,0.000999499874937461,11.3492037327143,"05_rr_to_or",1000
1,50,0.05,0.01,0.5,"vanderweele_rr_squared","population",1000,1000,0,-0.0483276678740871,0.071523494014918,2.26177147300562,0.0506000539872688,2.83288797894557,1.25250849290313,0.0280209553072976,2.26115681662906,0.999,0.000999499874937461,10.8664505092373,"05_rr_to_or",1000
2,50,0.05,0.01,0.5,"vanderweele_rr_squared","population",1000,1000,0,0.725633004045448,0.0680156708402416,2.15084436439462,0.0481184072995469,2.49496321140936,1.15999244422857,0.0259511984315508,2.26893115914262,0.996,0.00199599599197994,9.51421303239763,"05_rr_to_or",1000
0.25,100,0.05,0.01,0.5,"vanderweele_rr_squared","population",1000,1000,0,-0.841316140526401,0.0599515957879345,1.8958359205163,0.0424133919248923,2.82212753339521,1.48859271145504,0.0333026004013503,2.07326131782576,0.998,0.00141279864099595,10.8770853824731,"05_rr_to_or",1000
0.5,100,0.05,0.01,0.5,"vanderweele_rr_squared","population",1000,1000,0,-0.731732544956633,0.0664681176944685,2.1019064369866,0.0470235744225631,2.57576200799741,1.22544084868504,0.0274154015300526,2.22464046005744,0.999,0.000999499874937461,9.83947044558179,"05_rr_to_or",1000
0.75,100,0.05,0.01,0.5,"vanderweele_rr_squared","population",1000,1000,0,-0.275249913958569,0.066400903826423,2.09978094785287,0.0469760232591498,2.29114226155707,1.09113394132844,0.024410705059071,2.11670344263695,0.998,0.00141279864099595,8.68158131781124,"05_rr_to_or",1000
1,100,0.05,0.01,0.5,"vanderweele_rr_squared","population",1000,1000,0,0.0225675932565715,0.064780735526741,2.04854672765489,0.0458298180218152,2.15128202816838,1.05015033297829,0.0234938251621135,2.04764656324171,0.992,0.00281709069786544,8.12739229803937,"05_rr_to_or",1000
2,100,0.05,0.01,0.5,"vanderweele_rr_squared","population",1000,1000,0,0.937046747576057,0.0582181139581418,1.84101841186969,0.0411870218295616,1.84093980021865,0.999957299910455,0.0223709132263456,2.06494940644879,0.982,0.00420428352992517,6.923673743532,"05_rr_to_or",1000
0.25,300,0.05,0.01,0.5,"vanderweele_rr_squared","population",1000,1000,0,-1.67219177003667,0.0517673903341484,1.63702861978894,0.0366233890243334,1.94188468694377,1.18622525194101,0.0265380753562663,2.33953161019133,0.988,0.00344325427466518,7.31009127365433,"05_rr_to_or",1000
0.5,300,0.05,0.01,0.5,"vanderweele_rr_squared","population",1000,1000,0,-0.802457812248865,0.0475080134575675,1.50233529635844,0.0336100477037575,1.44022745472202,0.958659134357708,0.0214469960970137,1.70255480727669,0.972,0.0052168956286282,5.43673105556632,"05_rr_to_or",1000
0.75,300,0.05,0.01,0.5,"vanderweele_rr_squared","population",1000,1000,0,-0.259760460890946,0.0418305660022549,1.3227986438113,0.0295934773207617,1.21787286788657,0.920678951089325,0.0205973084310566,1.34741305948073,0.955,0.00655553201502365,4.65995615847313,"05_rr_to_or",1000
1,300,0.05,0.01,0.5,"vanderweele_rr_squared","population",1000,1000,0,0.0482297225955945,0.0379269378219328,1.19935508192893,0.0268318141862772,1.09498795179282,0.912980624580122,0.0204250824826677,1.19972507937354,0.952,0.00675988165576884,4.21776205276131,"05_rr_to_or",1000
2,300,0.05,0.01,0.5,"vanderweele_rr_squared","population",1000,1000,0,0.849410641726895,0.0315788399756333,0.998610601889772,0.0223407850753081,0.928319041491854,0.929610640759373,0.0207971270179014,1.31061983402943,0.867,0.0107382959542006,3.58046658210336,"05_rr_to_or",1000
0.25,50,0.15,0.01,0.5,"vanderweele_rr_squared","population",1000,1000,0,-1.35465512289999,0.0598214674989028,1.89172090270269,0.0423213312874617,2.44938577457525,1.2947923613234,0.0289669244515688,2.32596643736485,0.996,0.00199599599197994,9.34512603707585,"05_rr_to_or",1000
0.5,50,0.15,0.01,0.5,"vanderweele_rr_squared","population",1000,1000,0,-0.952801131357169,0.0640026565454916,2.02394170985237,0.0452793577989216,2.09952146886599,1.03734285362355,0.0232072979180814,2.23608445742793,0.979,0.00453420334788814,7.93069589356621,"05_rr_to_or",1000
0.75,50,0.15,0.01,0.5,"vanderweele_rr_squared","population",1000,1000,0,-0.513885470591816,0.0618596496951484,1.95617388296809,0.0437632648868522,1.82026857024516,0.930524932417193,0.0208175814306473,2.02160033662231,0.967,0.00564898220921256,6.83834374020049,"05_rr_to_or",1000
1,50,0.15,0.01,0.5,"vanderweele_rr_squared","population",1000,1000,0,0.15393986978275,0.0601570380764279,1.90233257610987,0.0425587342495677,1.64604077953153,0.865274978835493,0.0193578180490209,1.90760264321672,0.94,0.00750999334220744,6.20115625363263,"05_rr_to_or",1000
2,50,0.15,0.01,0.5,"vanderweele_rr_squared","population",1000,1000,0,1.03990329915593,0.0505749542158207,1.59932047880728,0.0357797874526434,1.33697451320522,0.835964105331966,0.0187020790411708,1.90700472981422,0.899,0.00952885092757778,5.01466455326027,"05_rr_to_or",1000
0.25,100,0.15,0.01,0.5,"vanderweele_rr_squared","population",1000,1000,0,-1.74304110753875,0.0543907491613642,1.71998650992804,0.0384793120341547,1.91283971533169,1.11212483603242,0.0248803105952354,2.44818045562618,0.979,0.00453420334788814,7.17103411501971,"05_rr_to_or",1000
0.5,100,0.15,0.01,0.5,"vanderweele_rr_squared","population",1000,1000,0,-0.919435541238278,0.0498816497114331,1.57739626534809,0.035289301832012,1.41815078769805,0.899045356485039,0.0201133244972328,1.82511712321382,0.935,0.0077958322198467,5.35186972924094,"05_rr_to_or",1000
0.75,100,0.15,0.01,0.5,"vanderweele_rr_squared","population",1000,1000,0,-0.370044709117034,0.0429710813646825,1.35886490632813,0.0304003470033321,1.16309410335794,0.855930635886978,0.0191487676372912,1.4076932927886,0.933,0.00790638982089803,4.44578202272735,"05_rr_to_or",1000
1,100,0.15,0.01,0.5,"vanderweele_rr_squared","population",1000,1000,0,-0.069987600237466,0.0394268370444499,1.24678605996763,0.0278929337901237,1.03268240158707,0.828275543611617,0.0185300715493542,1.24812630291861,0.933,0.00790638982089803,3.97840048667052,"05_rr_to_or",1000
2,100,0.15,0.01,0.5,"vanderweele_rr_squared","population",1000,1000,0,0.944937362123439,0.0343328142774388,1.08569891600255,0.0242891133871471,0.850920792537906,0.783753930298581,0.0175340398705894,1.43891278832656,0.778,0.0131421459434904,3.28781120406036,"05_rr_to_or",1000
0.25,300,0.15,0.01,0.5,"vanderweele_rr_squared","population",1000,1000,0,-1.6597894518347,0.0328590289926795,1.03909373318375,0.0232464683653741,1.00906063570199,0.971096835133688,0.021725250703305,1.95794205608265,0.626,0.0153011110707687,3.85101350958662,"05_rr_to_or",1000
0.5,300,0.15,0.01,0.5,"vanderweele_rr_squared","population",1000,1000,0,-0.825844553988203,0.0264634635955921,0.836848197390202,0.0187218578324458,0.722262379821497,0.863074548136624,0.0193085903027668,1.17542920583152,0.79,0.0128802173894698,2.80603171600312,"05_rr_to_or",1000
0.75,300,0.15,0.01,0.5,"vanderweele_rr_squared","population",1000,1000,0,-0.338564257388824,0.0225086009304235,0.711784458839234,0.015923948318573,0.618021397772211,0.868270429478145,0.019424831876918,0.787880850833717,0.888,0.00997276290703835,2.41080037373108,"05_rr_to_or",1000
1,300,0.15,0.01,0.5,"vanderweele_rr_squared","population",1000,1000,0,0.0279653022573118,0.0216334612572127,0.684110112458018,0.0153048214803115,0.563904619393163,0.824289261515292,0.0184408909704628,0.68433960681207,0.895,0.00969407035254026,2.20189895498192,"05_rr_to_or",1000
2,300,0.15,0.01,0.5,"vanderweele_rr_squared","population",1000,1000,0,0.912737797451089,0.0186171423187104,0.588725732506331,0.0131708946743979,0.470880471238648,0.799829946678243,0.0178936903951538,1.08597498913321,0.502,0.0158112618092295,1.83903224348069,"05_rr_to_or",1000
0.25,50,0.3,0.01,0.5,"vanderweele_rr_squared","population",1000,1000,0,-1.98951351211304,0.0558692734220702,1.76674155232452,0.0395253096946941,1.86852386861932,1.05761018987802,0.0236607160997563,2.66015382109337,0.93,0.00806845710157772,6.98379880614418,"05_rr_to_or",1000
0.5,50,0.3,0.01,0.5,"vanderweele_rr_squared","population",1000,1000,0,-1.01155884168963,0.0504034493509832,1.59389701878042,0.0356584545180688,1.30817551218036,0.820740296748477,0.0183614939973632,1.88711909771777,0.891,0.00985489725973843,4.94691110246616,"05_rr_to_or",1000
0.75,50,0.3,0.01,0.5,"vanderweele_rr_squared","population",1000,1000,0,-0.46266604116052,0.0476985039749453,1.50835913543422,0.033744812239469,1.07835677975026,0.714920441967438,0.0159941061207578,1.57700095111245,0.823,0.0120694241784768,4.12310964937975,"05_rr_to_or",1000
1,50,0.3,0.01,0.5,"vanderweele_rr_squared","population",1000,1000,0,-0.0122304629101175,0.0416238748582452,1.31626249593873,0.0294472514800134,0.93992510146245,0.714086365267223,0.0159754462664957,1.31566104885705,0.846,0.0114142016803629,3.62274261995646,"05_rr_to_or",1000
2,50,0.3,0.01,0.5,"vanderweele_rr_squared","population",1000,1000,0,1.43194142574241,0.0411521523464483,1.30134532033019,0.0291135263888014,0.763672142402634,0.586832818677878,0.0131285466551324,1.93449279912326,0.496,0.0158108823283206,2.91630936432837,"05_rr_to_or",1000
0.25,100,0.3,0.01,0.5,"vanderweele_rr_squared","population",1000,1000,0,-1.95577269919634,0.044346733573924,1.40236684882259,0.031373566740623,1.29108185238176,0.92064487510222,0.0205965460875538,2.40618224513848,0.685,0.0146892818068141,4.80486582058888,"05_rr_to_or",1000
0.5,100,0.3,0.01,0.5,"vanderweele_rr_squared","population",1000,1000,0,-0.938580543709763,0.0333355425281227,1.05416241426275,0.0235835829170494,0.85464362929724,0.81073240492543,0.0181375987574644,1.41105654538688,0.782,0.0130566458173606,3.2931811736743,"05_rr_to_or",1000
0.75,100,0.3,0.01,0.5,"vanderweele_rr_squared","population",1000,1000,0,-0.424273356681173,0.0293067791794808,0.9267617309076,0.0207333915813089,0.709404853948794,0.765466279292798,0.0171249109469837,1.01884066455874,0.831,0.0118506961820815,2.75805828765296,"05_rr_to_or",1000
1,100,0.3,0.01,0.5,"vanderweele_rr_squared","population",1000,1000,0,0.0304430668174578,0.0284675013133946,0.900221434441618,0.0201396355586315,0.634680802159007,0.705027427560289,0.0157727809033018,0.900286072709307,0.838,0.0116514376795312,2.46988415178872,"05_rr_to_or",1000
2,100,0.3,0.01,0.5,"vanderweele_rr_squared","population",1000,1000,0,1.3474752111221,0.0263501087713885,0.833263603107688,0.018641663760506,0.509310395325395,0.611223619303547,0.0136742144395136,1.58408438809941,0.323,0.0147875285291356,1.97998219530707,"05_rr_to_or",1000
0.25,300,0.3,0.01,0.5,"vanderweele_rr_squared","population",1000,1000,0,-1.6822298079419,0.0246887585185178,0.780727095204005,0.0174663239138608,0.652270633071335,0.835465602613543,0.0186909266039038,1.8544062093071,0.253,0.0137473997541353,2.52548549101339,"05_rr_to_or",1000
0.5,300,0.3,0.01,0.5,"vanderweele_rr_squared","population",1000,1000,0,-0.887131146002772,0.0185575534387776,0.586841366668274,0.0131287378896495,0.469766144233313,0.800499369872914,0.0179086666428406,1.06350367984866,0.513,0.0158060431481127,1.83389619600598,"05_rr_to_or",1000
0.75,300,0.3,0.01,0.5,"vanderweele_rr_squared","population",1000,1000,0,-0.406955032190898,0.017088174868446,0.540375536395376,0.0120892104447094,0.400005959343675,0.740236987802873,0.0165604845552429,0.676258909619497,0.768,0.0133482583133531,1.56357934194845,"05_rr_to_or",1000
1,300,0.3,0.01,0.5,"vanderweele_rr_squared","population",1000,1000,0,-0.0200173574422086,0.015913114211353,0.503216855742695,0.0112579013272491,0.356984051726838,0.709404002773253,0.0158706930684778,0.503363359114099,0.841,0.0115636931816786,1.39638162728862,"05_rr_to_or",1000
2,300,0.3,0.01,0.5,"vanderweele_rr_squared","population",1000,1000,0,1.2620321861794,0.0160254821332244,0.50677024143323,0.0113373972046728,0.285955006915641,0.56426953190249,0.0126237637703046,1.35988400258163,0.081,0.00862780389206894,1.1177280218367,"05_rr_to_or",1000
0.25,50,0.5,0.01,0.5,"vanderweele_rr_squared","population",1000,1000,0,-2.30049955141421,0.0524027324792002,1.65711990250755,0.0370728685594538,1.38829674324834,0.837776880929119,0.0187426342184632,2.83471312675063,0.645,0.0151319199046255,5.10965816583429,"05_rr_to_or",1000
0.5,50,0.5,0.01,0.5,"vanderweele_rr_squared","population",1000,1000,0,-1.2504872227091,0.0437568461377861,1.38371297020946,0.0309562446211421,0.886985310995734,0.64101828203682,0.0143407767163968,1.86452814848708,0.613,0.015402305022301,3.37112078746206,"05_rr_to_or",1000
0.75,50,0.5,0.01,0.5,"vanderweele_rr_squared","population",1000,1000,0,-0.48256888665184,0.0387370414493984,1.22497280796449,0.0274049305845965,0.690295873023214,0.563519343886713,0.01260698066266,1.31602832501301,0.699,0.0145051370210695,2.66601170668999,"05_rr_to_or",1000
1,50,0.5,0.01,0.5,"vanderweele_rr_squared","population",1000,1000,0,-0.0742151845436489,0.0377847567432358,1.19485892144031,0.0267312266750388,0.586510163283671,0.490861433730333,0.0109814874506384,1.19656510392047,0.667,0.0149033888763596,2.27261179626508,"05_rr_to_or",1000
0.25,100,0.5,0.01,0.5,"vanderweele_rr_squared","population",1000,1000,0,-2.13741128725651,0.0371134049428544,1.17362891343571,0.0262562717275545,0.903862214799557,0.770143104393676,0.0172295402631714,2.4381456955066,0.291,0.0143638086871136,3.40802908130078,"05_rr_to_or",1000
0.5,100,0.5,0.01,0.5,"vanderweele_rr_squared","population",1000,1000,0,-1.16157354947011,0.0284607789712299,0.900008855317102,0.0201348797664105,0.59075642312384,0.656389567317865,0.01468466108949,1.46916950503954,0.485,0.0158042715744826,2.29171348604901,"05_rr_to_or",1000
0.75,100,0.5,0.01,0.5,"vanderweele_rr_squared","population",1000,1000,0,-0.554509703273953,0.0271812332645787,0.859546067284028,0.0192296515931025,0.473986576434581,0.551438246855427,0.0123367039484542,1.02252708197222,0.624,0.015317441039547,1.84592369383577,"05_rr_to_or",1000
1,100,0.5,0.01,0.5,"vanderweele_rr_squared","population",1000,1000,0,-0.0331000271246472,0.0251979038396188,0.796827683950974,0.0178265241681954,0.407922684347562,0.511933373505456,0.0114529061164777,0.797116701210316,0.695,0.0145593612497252,1.5900813953208,"05_rr_to_or",1000
0.25,300,0.5,0.01,0.5,"vanderweele_rr_squared","population",1000,1000,0,-2.02061421785975,0.019393098702856,0.613263627894819,0.0137198532434709,0.475276824379237,0.774995944257682,0.0173381073584951,2.11153924956141,0.017,0.00408790900094413,1.85083941355029,"05_rr_to_or",1000
0.5,300,0.5,0.01,0.5,"vanderweele_rr_squared","population",1000,1000,0,-1.13409896938136,0.0163252200031383,0.516248785132581,0.0115494499379538,0.330134238646275,0.639486712906243,0.0143065126531979,1.24596419197928,0.148,0.0112292475259921,1.29032741069613,"05_rr_to_or",1000
0.75,300,0.5,0.01,0.5,"vanderweele_rr_squared","population",1000,1000,0,-0.50380427243758,0.014340195924425,0.453476812142468,0.0101451236122857,0.268459167682256,0.592001973406118,0.0132441903050056,0.677683054870124,0.517,0.0158022466757104,1.05027126451786,"05_rr_to_or",1000
1,300,0.5,0.01,0.5,"vanderweele_rr_squared","population",1000,1000,0,0.000302933788013355,0.0142846693111711,0.451720906456091,0.0101058407211591,0.232247674664562,0.514139751659108,0.0115022669184082,0.451495091137283,0.684,0.0147018366199601,0.909051038163841,"05_rr_to_or",1000
0.25,50,0.01,0.05,0.5,"vanderweele_rr_squared","population",1000,1000,0,0.985411828522336,0.0371655429362113,1.1752776615521,0.0262931573036156,3.7597125601299,3.19899942211506,0.0715675944259563,1.53327517946172,1,0,14.6685528907892,"05_rr_to_or",1000
0.5,50,0.01,0.05,0.5,"vanderweele_rr_squared","population",1000,1000,0,0.477350686721077,0.0408027445002752,1.29029607406779,0.0288663341043159,3.73119746595038,2.89173743990975,0.0646935697628177,1.37515918093473,1,0,14.5514104767866,"05_rr_to_or",1000
0.75,50,0.01,0.05,0.5,"vanderweele_rr_squared","population",1000,1000,0,0.155545178550513,0.0455459443696537,1.44028922391428,0.0322219611296525,3.67437527353884,2.55113709977847,0.0570737037399154,1.44794782987695,1,0,14.3145397669862,"05_rr_to_or",1000
1,50,0.01,0.05,0.5,"vanderweele_rr_squared","population",1000,1000,0,-0.0178193665354073,0.047008145963041,1.48652809824859,0.0332564111461776,3.64546813848619,2.45233718944246,0.0548633651373616,1.48589150038602,1,0,14.1935704303189,"05_rr_to_or",1000
2,50,0.01,0.05,0.5,"vanderweele_rr_squared","population",1000,1000,0,-0.326455412335682,0.0511792338601865,1.61842947900601,0.036207291492392,3.56059703325316,2.2000322407869,0.0492188320023402,1.65023265050126,1,0,13.8368094931176,"05_rr_to_or",1000
0.25,100,0.01,0.05,0.5,"vanderweele_rr_squared","population",1000,1000,0,0.611088431388517,0.0466983001203698,1.47672991238484,0.0330372074204253,3.61784458996295,2.44990269352663,0.0548089009148514,1.59749165064324,1,0,14.076241422357,"05_rr_to_or",1000
0.5,100,0.01,0.05,0.5,"vanderweele_rr_squared","population",1000,1000,0,0.146718758255271,0.0518808661540256,1.64061704029061,0.0367036686959451,3.53526157800544,2.15483655916387,0.0482077201559796,1.64634718168526,1,0,13.7383430757644,"05_rr_to_or",1000
0.75,100,0.01,0.05,0.5,"vanderweele_rr_squared","population",1000,1000,0,0.10482653053777,0.0568439510693736,1.79756356582385,0.0402148557278262,3.46748050132621,1.92898908681264,0.0431550902018692,1.79972001708842,1,0,13.4686038039648,"05_rr_to_or",1000
1,100,0.01,0.05,0.5,"vanderweele_rr_squared","population",1000,1000,0,0.0715218905200402,0.0591501663906662,1.87049249772446,0.0418464122026726,3.42386949453289,1.8304641685001,0.0409509036847049,1.87092459032507,1,0,13.2725246923188,"05_rr_to_or",1000
2,100,0.01,0.05,0.5,"vanderweele_rr_squared","population",1000,1000,0,0.140448897595295,0.0612126233602764,1.93571311372503,0.0433055192477916,3.23289117340893,1.67012929265517,0.0373639129251944,1.93983611839355,1,0,12.4964716296015,"05_rr_to_or",1000
0.25,300,0.01,0.05,0.5,"vanderweele_rr_squared","population",1000,1000,0,-0.182489646693079,0.0583189356019949,1.84420667218987,0.0412583491702112,3.15255997624632,1.709439632654,0.0382433586826191,1.85229577083414,1,0,12.2092113624522,"05_rr_to_or",1000
0.5,300,0.01,0.05,0.5,"vanderweele_rr_squared","population",1000,1000,0,-0.429978365924739,0.0623618006524768,1.97205329051201,0.0441185169043959,3.01267604965011,1.52768490798132,0.0341771658816915,2.01742077455397,1,0,11.5932191098798,"05_rr_to_or",1000
0.75,300,0.01,0.05,0.5,"vanderweele_rr_squared","population",1000,1000,0,-0.205404608449429,0.0676494718282393,2.13926413484631,0.0478593359268098,2.84140687900201,1.3282169474627,0.0297146948975827,2.14803762554881,0.999,0.000999499874937461,10.8812836278455,"05_rr_to_or",1000
1,300,0.01,0.05,0.5,"vanderweele_rr_squared","population",1000,1000,0,-0.0199430946634953,0.0659690643686233,2.08612498515107,0.046670513857247,2.68296524582285,1.2860999532243,0.0287724590405655,2.08517703402916,1,0,10.2596379703441,"05_rr_to_or",1000
2,300,0.01,0.05,0.5,"vanderweele_rr_squared","population",1000,1000,0,0.721607430319491,0.0638144210275325,2.01798918011945,0.0451461885864519,2.38377651507507,1.18126327859397,0.0264270667410106,2.14217770837071,0.998,0.00141279864099595,9.05877299926206,"05_rr_to_or",1000
0.25,50,0.05,0.05,0.5,"vanderweele_rr_squared","population",1000,1000,0,-0.0910190050883675,0.0589625628410119,1.86455995258406,0.0417136900828789,3.21038288708968,1.72179118329795,0.0385196859494847,1.86584878600887,1,0,12.4387160019927,"05_rr_to_or",1000
0.5,50,0.05,0.05,0.5,"vanderweele_rr_squared","population",1000,1000,0,-0.245020739831855,0.0649342106482248,2.05340003713549,0.0459383956233396,3.05535598359343,1.48794970699215,0.0332882151900572,2.06694712649919,1,0,11.7984408342484,"05_rr_to_or",1000
0.75,50,0.05,0.05,0.5,"vanderweele_rr_squared","population",1000,1000,0,-0.151407034443599,0.069744829517983,2.2055251629697,0.0493417189351337,2.89981828942196,1.31479719121291,0.0294144698753646,2.20961557591519,0.999,0.000999499874937461,11.141107736106,"05_rr_to_or",1000
1,50,0.05,0.05,0.5,"vanderweele_rr_squared","population",1000,1000,0,-0.0575648927539574,0.0726262124368184,2.29664249131594,0.0513801838236171,2.84776769909711,1.23996996043794,0.0277404449077139,2.29621555675044,1,0,10.9191169576385,"05_rr_to_or",1000
2,50,0.05,0.05,0.5,"vanderweele_rr_squared","population",1000,1000,0,0.647791148570257,0.0700585338526788,2.21544536506476,0.0495636523919687,2.4826369015879,1.12060398362174,0.0250700049701564,2.30714614612671,0.994,0.00244213021765835,9.44586315249007,"05_rr_to_or",1000
0.25,100,0.05,0.05,0.5,"vanderweele_rr_squared","population",1000,1000,0,-0.775944460416493,0.0612178811705131,1.93587938028356,0.0433092389413762,2.81159266316428,1.45235942476563,0.0324919940759537,2.08469929526613,0.997,0.00172945077987204,10.8178732216216,"05_rr_to_or",1000
0.5,100,0.05,0.05,0.5,"vanderweele_rr_squared","population",1000,1000,0,-0.690415634070583,0.0656249695496455,2.07524375156074,0.0464270803301686,2.53002238026936,1.21914468041,0.0272745444813045,2.1860932595689,1,0,9.63985314590086,"05_rr_to_or",1000
0.75,100,0.05,0.05,0.5,"vanderweele_rr_squared","population",1000,1000,0,-0.305860866630594,0.0667828901280381,2.11186041533374,0.0472462635172682,2.32097419473883,1.09901875042818,0.0245871029714542,2.13284911073797,0.999,0.000999499874937461,8.79573007277609,"05_rr_to_or",1000
1,100,0.05,0.05,0.5,"vanderweele_rr_squared","population",1000,1000,0,0.0578017116060016,0.0662034688366998,2.09353750527949,0.0468363457828665,2.1685209473262,1.03581662227575,0.0231731532710568,2.09328866250942,0.995,0.00223047080231955,8.21943594279314,"05_rr_to_or",1000
2,100,0.05,0.05,0.5,"vanderweele_rr_squared","population",1000,1000,0,0.912222422950471,0.0579094924224986,1.83125894199357,0.0409686842527938,1.81975998609434,0.993720737337823,0.0222313896685342,2.04506859353236,0.984,0.00396787096564392,6.85515513709835,"05_rr_to_or",1000
0.25,300,0.05,0.05,0.5,"vanderweele_rr_squared","population",1000,1000,0,-1.65248161998164,0.0514276862927431,1.62628623477689,0.0363830617993909,1.95269328617469,1.20070701234372,0.0268620593957477,2.31794253916798,0.995,0.00223047080231955,7.34283121606619,"05_rr_to_or",1000
0.5,300,0.05,0.05,0.5,"vanderweele_rr_squared","population",1000,1000,0,-0.82339659155037,0.0479191974691719,1.51533807649959,0.0339009441913025,1.4688941308588,0.969350769731811,0.0216861879577293,1.72393015623608,0.967,0.00564898220921256,5.54440686374643,"05_rr_to_or",1000
0.75,300,0.05,0.05,0.5,"vanderweele_rr_squared","population",1000,1000,0,-0.425685153001637,0.0421472723169732,1.33281377684998,0.0298175345601845,1.22259458080738,0.917303378793777,0.0205217905715242,1.39850778356195,0.956,0.00648567652600714,4.67638130523183,"05_rr_to_or",1000
1,300,0.05,0.05,0.5,"vanderweele_rr_squared","population",1000,1000,0,-0.0347001663920393,0.0378360755634101,1.19648176502614,0.0267675327183486,1.0990099924528,0.918534677733922,0.0205493370295061,1.19638670461255,0.953,0.00669260786241059,4.22973243901988,"05_rr_to_or",1000
2,300,0.05,0.05,0.5,"vanderweele_rr_squared","population",1000,1000,0,0.838381718161709,0.0311299415024086,0.984415185754152,0.0220232070921179,0.926952090861987,0.941627175480696,0.0210659593525983,1.29266704531106,0.867,0.0107382959542006,3.58425157020972,"05_rr_to_or",1000
0.25,50,0.15,0.05,0.5,"vanderweele_rr_squared","population",1000,1000,0,-1.34652700711274,0.0616919681217627,1.9508713260327,0.043644636780342,2.45103991148944,1.25638215026405,0.0281076162604178,2.36964723380714,0.992,0.00281709069786544,9.35203329144641,"05_rr_to_or",1000
0.5,50,0.15,0.05,0.5,"vanderweele_rr_squared","population",1000,1000,0,-0.892502068765249,0.0616305512742777,1.9489291547851,0.0436011867805724,2.07031336255701,1.06228251420729,0.0237652447252734,2.14268207354037,0.988,0.00344325427466518,7.8117753008333,"05_rr_to_or",1000
0.75,50,0.15,0.05,0.5,"vanderweele_rr_squared","population",1000,1000,0,-0.410053568757482,0.0616561723261646,1.94973936358522,0.043619312665312,1.80759716203921,0.927096819092457,0.0207408881301188,1.99143818171153,0.966,0.00573096850453743,6.80789132025298,"05_rr_to_or",1000
1,50,0.15,0.05,0.5,"vanderweele_rr_squared","population",1000,1000,0,-0.113910125043639,0.057314503454615,1.81244373878172,0.0405477530006033,1.6227373830958,0.89533117545848,0.020030231327695,1.8151151121982,0.95,0.00689202437604511,6.10886686033053,"05_rr_to_or",1000
2,50,0.15,0.05,0.5,"vanderweele_rr_squared","population",1000,1000,0,1.01921981510781,0.0512610140321847,1.62101559511555,0.036265147741939,1.32861936097941,0.819621578584938,0.018336466181712,1.9141245778571,0.893,0.00977501918156686,4.99721024454406,"05_rr_to_or",1000
0.25,100,0.15,0.05,0.5,"vanderweele_rr_squared","population",1000,1000,0,-1.79430640865615,0.0535690430426393,1.69400188090336,0.037897987330408,1.91816942266849,1.13233016107726,0.0253323414702826,2.46704442973291,0.974,0.00503229569878401,7.1876213399398,"05_rr_to_or",1000
0.5,100,0.15,0.05,0.5,"vanderweele_rr_squared","population",1000,1000,0,-0.908082359641067,0.0468792601246177,1.48245237017301,0.0331652294935999,1.40141867498055,0.945338078428111,0.0211489791853806,1.7378380064589,0.936,0.0077397674383666,5.30080981565707,"05_rr_to_or",1000
0.75,100,0.15,0.05,0.5,"vanderweele_rr_squared","population",1000,1000,0,-0.421844055851258,0.0423169369958286,1.33817904508662,0.0299375656356801,1.15984943946141,0.866737110941938,0.0193905286762464,1.40245671626944,0.935,0.0077958322198467,4.44305082819582,"05_rr_to_or",1000
1,100,0.15,0.05,0.5,"vanderweele_rr_squared","population",1000,1000,0,0.00882180232694387,0.0396108240005513,1.25260423837805,0.0280230973124726,1.04551548996555,0.834673441085708,0.0186732044703666,1.25200885972143,0.927,0.00822623850857729,4.02889784623559,"05_rr_to_or",1000
2,100,0.15,0.05,0.5,"vanderweele_rr_squared","population",1000,1000,0,0.988078508909141,0.0335329715673782,1.06040566866582,0.0237232561836113,0.861717268682586,0.812629820969162,0.018180047499698,1.44901168446792,0.764,0.0134277324965908,3.32014202512277,"05_rr_to_or",1000
0.25,300,0.15,0.05,0.5,"vanderweele_rr_squared","population",1000,1000,0,-1.5837618214304,0.0326225003179167,1.03161403974184,0.0230791336472179,0.997018007410863,0.966464170709005,0.0216216093439583,1.8898319519169,0.656,0.0150221170279026,3.80838163788176,"05_rr_to_or",1000
0.5,300,0.15,0.05,0.5,"vanderweele_rr_squared","population",1000,1000,0,-0.858432888081366,0.0261703795433284,0.827580065879951,0.0185145124129917,0.725377361641168,0.87650414932347,0.0196090355746221,1.19210356094432,0.777,0.0131632442809514,2.81903851211402,"05_rr_to_or",1000
0.75,300,0.15,0.05,0.5,"vanderweele_rr_squared","population",1000,1000,0,-0.337872890117595,0.0225622475574743,0.713480914141896,0.0159619011935324,0.618439630201364,0.866792114467648,0.019391759207891,0.789115992555167,0.886,0.0100500746265886,2.41299866680549,"05_rr_to_or",1000
1,300,0.15,0.05,0.5,"vanderweele_rr_squared","population",1000,1000,0,-0.00288359908552637,0.021080841159198,0.666634730552898,0.0149138645342182,0.563468101360857,0.845242642689084,0.0189096572588628,0.666307569564568,0.913,0.00891240708226459,2.20047707910936,"05_rr_to_or",1000
2,300,0.15,0.05,0.5,"vanderweele_rr_squared","population",1000,1000,0,0.924663256600857,0.017946923850878,0.567531563623745,0.0126967415150387,0.472321931753144,0.832239054225146,0.0186187426876267,1.08479128026603,0.497,0.015811103693291,1.84427000445468,"05_rr_to_or",1000
0.25,50,0.3,0.05,0.5,"vanderweele_rr_squared","population",1000,1000,0,-2.00303582106637,0.0552272395974824,1.74643866011885,0.0390710960599545,1.89177146942118,1.08321666979843,0.0242335809014663,2.65690617938218,0.932,0.00796090447122687,7.06504620877514,"05_rr_to_or",1000
0.5,50,0.3,0.05,0.5,"vanderweele_rr_squared","population",1000,1000,0,-1.09884178605764,0.0502864150777526,1.59019607010332,0.0355756573809128,1.32352595639544,0.832303626753053,0.0186201872957301,1.93226501510973,0.891,0.00985489725973843,4.98386633590847,"05_rr_to_or",1000
0.75,50,0.3,0.05,0.5,"vanderweele_rr_squared","population",1000,1000,0,-0.430716268681407,0.0435599217728565,1.37748567500986,0.0308169283917816,1.05995163007444,0.769482869625376,0.0172147695777512,1.44259690218001,0.868,0.0107040179372047,4.06486879689846,"05_rr_to_or",1000
1,50,0.3,0.05,0.5,"vanderweele_rr_squared","population",1000,1000,0,-0.00460672837541412,0.0423964433264253,1.3406932560175,0.029993813232025,0.943230085813104,0.703539069492264,0.0157394835523125,1.34003066019789,0.838,0.0116514376795312,3.63197256128431,"05_rr_to_or",1000
2,50,0.3,0.05,0.5,"vanderweele_rr_squared","population",1000,1000,0,1.43035156756634,0.0414666352562521,1.31129014313196,0.0293360106568494,0.760064984408965,0.579631432745754,0.0129674381959898,1.9400175165382,0.495,0.0158105977116616,2.90665672350782,"05_rr_to_or",1000
0.25,100,0.3,0.05,0.5,"vanderweele_rr_squared","population",1000,1000,0,-1.91732277567392,0.0452599048538764,1.4312438602076,0.0320195994422075,1.2787376759251,0.893445003662496,0.0199880341402933,2.39218250861269,0.703,0.0144496020706454,4.77418600895836,"05_rr_to_or",1000
0.5,100,0.3,0.05,0.5,"vanderweele_rr_squared","population",1000,1000,0,-1.06200392602885,0.0333838201273478,1.05568908599791,0.023617737416362,0.868514927294059,0.822699541762408,0.0184053259691881,1.49706957278194,0.745,0.0137831418769452,3.34373763615137,"05_rr_to_or",1000
0.75,100,0.3,0.05,0.5,"vanderweele_rr_squared","population",1000,1000,0,-0.428529275387779,0.030940105434285,0.978412042180936,0.0218889055534685,0.712955415817974,0.728686264151814,0.0163020732845592,1.06769385781916,0.832,0.0118226900492231,2.76859797202038,"05_rr_to_or",1000
1,100,0.3,0.05,0.5,"vanderweele_rr_squared","population",1000,1000,0,-0.0107553280176784,0.0281971125510448,0.891670991014224,0.0199483461625962,0.63581729337957,0.713062665250963,0.0159525441843412,0.891289939436568,0.846,0.0114142016803629,2.47597044736856,"05_rr_to_or",1000
2,100,0.3,0.05,0.5,"vanderweele_rr_squared","population",1000,1000,0,1.28771526483759,0.0283659900293149,0.897011365782614,0.0200678203246935,0.507077194657068,0.56529628720441,0.0126467342049082,1.56908743040297,0.341,0.0149906304070243,1.97035526942372,"05_rr_to_or",1000
0.25,300,0.3,0.05,0.5,"vanderweele_rr_squared","population",1000,1000,0,-1.72585174546483,0.0239110032813471,0.756132315088168,0.0169160927271474,0.651268467869453,0.861315479941514,0.0192692366604107,1.88407234180821,0.226,0.0132258837133857,2.5220671587323,"05_rr_to_or",1000
0.5,300,0.3,0.05,0.5,"vanderweele_rr_squared","population",1000,1000,0,-0.87582802227546,0.0186366870130116,0.589343790007968,0.0131847217755543,0.471328194823009,0.799750846304221,0.0178919207719873,1.05548732883018,0.518,0.0158011391994375,1.84049072667724,"05_rr_to_or",1000
0.75,300,0.3,0.05,0.5,"vanderweele_rr_squared","population",1000,1000,0,-0.369993756192573,0.0169525857726327,0.536087832708848,0.0119932865016369,0.397196960369118,0.740917693210988,0.0165757132071254,0.65115140623021,0.746,0.0137653187394989,1.5531775667121,"05_rr_to_or",1000
1,300,0.3,0.05,0.5,"vanderweele_rr_squared","population",1000,1000,0,-0.0185576519003782,0.0165734884346489,0.524099722279494,0.0117250900714624,0.357146613036107,0.68144781966827,0.0152452610160918,0.524166218692701,0.823,0.0120694241784768,1.39708144872645,"05_rr_to_or",1000
2,300,0.3,0.05,0.5,"vanderweele_rr_squared","population",1000,1000,0,1.2586929806066,0.0155540929796775,0.491863607538159,0.0110039079512883,0.284592366024098,0.578600168141164,0.0129443668798598,1.35129415674026,0.07,0.00806845710157772,1.11266255324267,"05_rr_to_or",1000
0.25,50,0.5,0.05,0.5,"vanderweele_rr_squared","population",1000,1000,0,-2.27084443390325,0.0493771118119606,1.56144137606599,0.0349323611469469,1.35831526212555,0.869911149368788,0.0194615378465685,2.75543018686907,0.632,0.0152504426165276,5.02118116214931,"05_rr_to_or",1000
0.5,50,0.5,0.05,0.5,"vanderweele_rr_squared","population",1000,1000,0,-1.24010131633433,0.041834015845547,1.32290773743503,0.0295959179489669,0.887494158251933,0.670866254038762,0.0150085316212288,1.81278406647285,0.624,0.015317441039547,3.3791198585405,"05_rr_to_or",1000
0.75,50,0.5,0.05,0.5,"vanderweele_rr_squared","population",1000,1000,0,-0.564954900732351,0.0383991644280792,1.21428819840047,0.0271658959043802,0.689062619319211,0.567462172676043,0.0126951891098811,1.33872901395592,0.684,0.0147018366199601,2.66544094028521,"05_rr_to_or",1000
1,50,0.5,0.05,0.5,"vanderweele_rr_squared","population",1000,1000,0,0.0237429419857502,0.0377708686378556,1.19441974098645,0.0267214013876741,0.59129941556751,0.495051609812783,0.0110752295189767,1.19405846022488,0.653,0.0150529399121899,2.29164110564038,"05_rr_to_or",1000
0.25,100,0.5,0.05,0.5,"vanderweele_rr_squared","population",1000,1000,0,-2.07493795251902,0.0358419969160169,1.13342346143344,0.0253568006420898,0.882840844628731,0.778915272772103,0.017425790060656,2.36404983047918,0.318,0.0147267104269759,3.35309522505952,"05_rr_to_or",1000
0.5,100,0.5,0.05,0.5,"vanderweele_rr_squared","population",1000,1000,0,-1.17255434662784,0.0284915281357052,0.900981229275995,0.0201566335887586,0.592092791609651,0.657164402953701,0.0147019956104495,1.47845835387001,0.494,0.0158102498398982,2.29531653615615,"05_rr_to_or",1000
0.75,100,0.5,0.05,0.5,"vanderweele_rr_squared","population",1000,1000,0,-0.524879010491127,0.0260182775183029,0.822770177521906,0.0184069062231115,0.473125484759925,0.575039661968459,0.0128647117039452,0.975587920132549,0.623,0.0153255016231117,1.84320715074846,"05_rr_to_or",1000
1,100,0.5,0.05,0.5,"vanderweele_rr_squared","population",1000,1000,0,-0.00351100772841319,0.0249996061064289,0.790556959033691,0.0176862363349016,0.408118769551512,0.516242080836732,0.0115492999503287,0.790169382060827,0.699,0.0145051370210695,1.59131676361456,"05_rr_to_or",1000
0.25,300,0.5,0.05,0.5,"vanderweele_rr_squared","population",1000,1000,0,-1.98898475357366,0.0196236802457545,0.620555256514368,0.0138829806001504,0.473894035607105,0.763661302732245,0.0170845302487125,2.08345004439984,0.018,0.00420428352992516,1.84396563711889,"05_rr_to_or",1000
0.5,300,0.5,0.05,0.5,"vanderweele_rr_squared","population",1000,1000,0,-1.09456082507592,0.0161822426239334,0.511727443410892,0.0114482990754804,0.329047700965922,0.643013590931672,0.0143854155046235,1.20816659081204,0.181,0.0121753439376471,1.28603583925942,"05_rr_to_or",1000
0.75,300,0.5,0.05,0.5,"vanderweele_rr_squared","population",1000,1000,0,-0.492696034919976,0.0151890081218785,0.480318610639324,0.0107456247987523,0.269363215120304,0.560801120659827,0.0125461689300551,0.687913253677112,0.498,0.0158112618092295,1.05385890299615,"05_rr_to_or",1000
1,300,0.5,0.05,0.5,"vanderweele_rr_squared","population",1000,1000,0,0.00662433150776961,0.0145900874676573,0.461379076588753,0.0103219120333866,0.233318514400367,0.505698082638311,0.0113134110090942,0.461195905694642,0.686,0.0146766481186952,0.913020875070828,"05_rr_to_or",1000
0.25,50,0.01,0.15,0.5,"vanderweele_rr_squared","population",1000,1000,0,0.992768057667796,0.0389655749069886,1.23219967043988,0.0275666090016149,3.7528209593085,3.04562730321848,0.0681363735493414,1.5818932100903,1,0,14.6411893452041,"05_rr_to_or",1000
0.5,50,0.01,0.15,0.5,"vanderweele_rr_squared","population",1000,1000,0,0.421538831996192,0.040567001102802,1.28284121327417,0.0286995549389021,3.72661816267818,2.90497227881136,0.0649896578384375,1.34971511207994,1,0,14.5302271662212,"05_rr_to_or",1000
0.75,50,0.01,0.15,0.5,"vanderweele_rr_squared","population",1000,1000,0,0.144409543977869,0.0418814414821124,1.32440746774533,0.0296294697182651,3.69754711288641,2.79185009367329,0.062458903187289,1.33159873906176,1,0,14.4057016088275,"05_rr_to_or",1000
1,50,0.01,0.15,0.5,"vanderweele_rr_squared","population",1000,1000,0,-0.0228829998272146,0.0456416854671132,1.44331682325084,0.0322896941839023,3.65274263960778,2.53079752190553,0.0566186693782514,1.44277646241811,1,0,14.220852450373,"05_rr_to_or",1000
2,50,0.01,0.15,0.5,"vanderweele_rr_squared","population",1000,1000,0,-0.164057586096492,0.0512572427859912,1.62089633783967,0.0362624797338444,3.54054495104052,2.18431300533343,0.0488671633337426,1.62837112619938,1,0,13.7577057601633,"05_rr_to_or",1000
0.25,100,0.01,0.15,0.5,"vanderweele_rr_squared","population",1000,1000,0,0.654224906150626,0.0470780356872789,1.48873820538492,0.0333058553724182,3.60356337804788,2.42054873382938,0.0541521979883408,1.62546465066341,1,0,14.0247617648998,"05_rr_to_or",1000
0.5,100,0.01,0.15,0.5,"vanderweele_rr_squared","population",1000,1000,0,0.224806315972793,0.0511998206499432,1.61908049045943,0.0362218558350246,3.55427943953019,2.19524567214174,0.0491117475180103,1.63381091092361,1,0,13.8151843115548,"05_rr_to_or",1000
0.75,100,0.01,0.15,0.5,"vanderweele_rr_squared","population",1000,1000,0,0.0819507996923638,0.0551017794446611,1.74247126173377,0.038982337944968,3.48657505183167,2.00093690403967,0.0447646973082476,1.74352683530834,1,0,13.5363904700538,"05_rr_to_or",1000
1,100,0.01,0.15,0.5,"vanderweele_rr_squared","population",1000,1000,0,0.0387971912404699,0.0553005819452124,1.74875794879656,0.0391229828812822,3.43861877427281,1.96632059722111,0.0439902658439001,1.74831388233458,1,0,13.3321255753078,"05_rr_to_or",1000
2,100,0.01,0.15,0.5,"vanderweele_rr_squared","population",1000,1000,0,0.15276291630307,0.063953289510424,2.02238058713094,0.0452444325666742,3.24334771532834,1.6037276741909,0.0358783846482509,2.02713337611572,1,0,12.5530872744433,"05_rr_to_or",1000
0.25,300,0.01,0.15,0.5,"vanderweele_rr_squared","population",1000,1000,0,-0.242703611625821,0.0593535208755835,1.87692313117195,0.0419902774885774,3.14329171380655,1.67470455321411,0.0374662700528049,1.89161905334669,1,0,12.1731120836394,"05_rr_to_or",1000
0.5,300,0.01,0.15,0.5,"vanderweele_rr_squared","population",1000,1000,0,-0.219848954072568,0.0658168570335535,2.08131176659702,0.0465628331646597,2.98913146181594,1.43617669865155,0.0321299562552425,2.09185572487976,1,0,11.5067092817668,"05_rr_to_or",1000
0.75,300,0.01,0.15,0.5,"vanderweele_rr_squared","population",1000,1000,0,-0.144368805331563,0.0669505671285885,2.11716282766339,0.0473648883886776,2.83236087468986,1.33780965624444,0.0299293017170749,2.12102296365543,1,0,10.8704270503107,"05_rr_to_or",1000
1,300,0.01,0.15,0.5,"vanderweele_rr_squared","population",1000,1000,0,-0.0274572586378202,0.0685546044397987,2.16788694121655,0.04849968158723,2.71893257963546,1.25418559793975,0.0280584752806495,2.16697668588272,1,0,10.4017128779561,"05_rr_to_or",1000
2,300,0.01,0.15,0.5,"vanderweele_rr_squared","population",1000,1000,0,0.750675261085742,0.0653532606960264,2.06665156318204,0.0462348570215719,2.39640837942761,1.15956091588939,0.0259415443362895,2.19779229740331,0.998,0.00141279864099595,9.1096348260803,"05_rr_to_or",1000
0.25,50,0.05,0.15,0.5,"vanderweele_rr_squared","population",1000,1000,0,-0.0717625058070492,0.0590956368683689,1.86876812282266,0.0418078347141124,3.22114832993399,1.72367469810468,0.0385618236950721,1.86921156101201,1,0,12.473170116146,"05_rr_to_or",1000
0.5,50,0.05,0.15,0.5,"vanderweele_rr_squared","population",1000,1000,0,-0.251017664703579,0.0661918167525294,2.09316903402483,0.0468281023924084,3.06423197956643,1.46391998436668,0.0327506253952171,2.10712721884291,0.999,0.000999499874937461,11.8227257963651,"05_rr_to_or",1000
0.75,50,0.05,0.15,0.5,"vanderweele_rr_squared","population",1000,1000,0,-0.0891673962838977,0.0700909536776605,2.21647056994762,0.0495865881408009,2.94128956414432,1.32701494169346,0.0296878037825684,2.21715580648193,1,0,11.2916295301769,"05_rr_to_or",1000
1,50,0.05,0.15,0.5,"vanderweele_rr_squared","population",1000,1000,0,0.0406969048637257,0.0686115166459968,2.16968666319907,0.0485399447307721,2.84253787477697,1.3101144616826,0.0293097084660581,2.1689833826733,1,0,10.8852753862203,"05_rr_to_or",1000
2,50,0.05,0.15,0.5,"vanderweele_rr_squared","population",1000,1000,0,0.755457644246864,0.0668092852607833,2.11269510271992,0.0472649370337162,2.49758308417488,1.18217866882895,0.0264475457309802,2.24270670590487,0.994,0.00244213021765835,9.52100652295751,"05_rr_to_or",1000
0.25,100,0.05,0.15,0.5,"vanderweele_rr_squared","population",1000,1000,0,-0.799263115876595,0.0621633925079378,1.9657790740813,0.0439781509594228,2.79298673145995,1.42080397959534,0.0317860398059198,2.12114228875118,1,0,10.7542132854567,"05_rr_to_or",1000
0.5,100,0.05,0.15,0.5,"vanderweele_rr_squared","population",1000,1000,0,-0.552658453921252,0.0659871015870724,2.0866953720806,0.0466832744786326,2.5364380354313,1.2155286628648,0.0271936474122639,2.15763172135037,0.998,0.00141279864099595,9.66851287814128,"05_rr_to_or",1000
0.75,100,0.05,0.15,0.5,"vanderweele_rr_squared","population",1000,1000,0,-0.250801866025914,0.0668880101880949,2.11518460350927,0.0473206318180242,2.31994741566259,1.09680611886717,0.0245376022691164,2.12895126224577,0.995,0.00223047080231955,8.791824207973,"05_rr_to_or",1000
1,100,0.05,0.15,0.5,"vanderweele_rr_squared","population",1000,1000,0,-0.0413149292247523,0.0665174256680388,2.1034656920195,0.0470584578711282,2.15660003877704,1.02526038193023,0.0229369904501172,2.10281960067011,0.991,0.00298646948753876,8.15567313850518,"05_rr_to_or",1000
2,100,0.05,0.15,0.5,"vanderweele_rr_squared","population",1000,1000,0,0.899163638884272,0.0586635542146148,1.85510446958953,0.0415021532606538,1.85259752971487,0.998648626039261,0.0223416357465805,2.06069561798669,0.986,0.00371537346709587,6.97940103437242,"05_rr_to_or",1000
0.25,300,0.05,0.15,0.5,"vanderweele_rr_squared","population",1000,1000,0,-1.71503079868597,0.0515898741686764,1.63141506574503,0.0364978033314054,1.95895241269622,1.20076886246089,0.0268634430984361,2.36647084116085,0.988,0.00344325427466518,7.34769469950662,"05_rr_to_or",1000
0.5,300,0.05,0.15,0.5,"vanderweele_rr_squared","population",1000,1000,0,-0.933854438866167,0.0489577358199495,1.54817954275852,0.0346356691560286,1.48642318881525,0.960110341056939,0.0214794623024656,1.80735916455734,0.966,0.00573096850453743,5.60616795129034,"05_rr_to_or",1000
0.75,300,0.05,0.15,0.5,"vanderweele_rr_squared","population",1000,1000,0,-0.298913098138671,0.0415149345338365,1.31281750039704,0.0293701804927471,1.21768240706418,0.927533649342664,0.0207506608390364,1.34577685364188,0.968,0.00556560868189635,4.66430065039487,"05_rr_to_or",1000
1,300,0.05,0.15,0.5,"vanderweele_rr_squared","population",1000,1000,0,-0.0224721130260234,0.0379119148414157,1.19888001357215,0.0268211860194673,1.10254441449048,0.919645337322263,0.0205741845597727,1.19849112200286,0.951,0.00682634602111555,4.25598666540824,"05_rr_to_or",1000
2,300,0.05,0.15,0.5,"vanderweele_rr_squared","population",1000,1000,0,0.854613836064261,0.0333706884284574,1.0552738252175,0.0236084472567865,0.925288209489703,0.876822856189948,0.0196161656427313,1.35751760656555,0.852,0.0112292475259921,3.57059476517672,"05_rr_to_or",1000
0.25,50,0.15,0.15,0.5,"vanderweele_rr_squared","population",1000,1000,0,-1.28354284238696,0.0581561289686343,1.83905827439383,0.0411431698916959,2.44210560510557,1.32791094176203,0.0297078489782848,2.24192672260326,0.997,0.00172945077987204,9.32055281323935,"05_rr_to_or",1000
0.5,50,0.15,0.15,0.5,"vanderweele_rr_squared","population",1000,1000,0,-1.02317179541898,0.0617723197668722,1.95341226815558,0.0437014824033992,2.08224331453069,1.06595179546853,0.0238473334031655,2.20428768377275,0.979,0.00453420334788814,7.84201456836744,"05_rr_to_or",1000
0.75,50,0.15,0.15,0.5,"vanderweele_rr_squared","population",1000,1000,0,-0.442991692795632,0.063003438882152,1.99234367290813,0.0445724506713214,1.81169390584047,0.90932800925657,0.020343366652942,2.04002586198117,0.96,0.00619677335393187,6.81759314646435,"05_rr_to_or",1000
1,50,0.15,0.15,0.5,"vanderweele_rr_squared","population",1000,1000,0,-0.078763560707208,0.0582344894631789,1.84153625080722,0.0411986068541798,1.63204576570285,0.886241454648241,0.0198268772889617,1.8422997057399,0.948,0.00702111102319284,6.15472925133598,"05_rr_to_or",1000
2,50,0.15,0.15,0.5,"vanderweele_rr_squared","population",1000,1000,0,1.03174595965664,0.0525942166221764,1.66317516278365,0.0372083360461272,1.3328161456138,0.801368476055804,0.0179281101720829,1.95649819722537,0.871,0.0105999528300837,5.00832145523635,"05_rr_to_or",1000
0.25,100,0.15,0.15,0.5,"vanderweele_rr_squared","population",1000,1000,0,-1.6732776317056,0.0538275357447365,1.70217613787495,0.0380808607325198,1.88148902114846,1.10534331863997,0.0247285953798526,2.38628670396347,0.986,0.00371537346709587,7.06149410631623,"05_rr_to_or",1000
0.5,100,0.15,0.15,0.5,"vanderweele_rr_squared","population",1000,1000,0,-1.01606107186151,0.0488325412058532,1.54422054144522,0.0345470988992279,1.42604759557104,0.923474048749812,0.0206598399883816,1.84786703128042,0.932,0.00796090447122687,5.36701182797548,"05_rr_to_or",1000
0.75,100,0.15,0.15,0.5,"vanderweele_rr_squared","population",1000,1000,0,-0.409107024079805,0.0452660269232677,1.4314374570403,0.032023930565092,1.18834326510941,0.830174772404294,0.0185725608461689,1.48806341846576,0.928,0.00817410545564467,4.52813309720758,"05_rr_to_or",1000
1,100,0.15,0.15,0.5,"vanderweele_rr_squared","population",1000,1000,0,-0.0359875790309431,0.0382378167441904,1.20918593663766,0.0270517487751335,1.03362419772806,0.854809972899807,0.0191236963123014,1.20911686969351,0.94,0.00750999334220744,3.99538166030239,"05_rr_to_or",1000
2,100,0.15,0.15,0.5,"vanderweele_rr_squared","population",1000,1000,0,0.988156047969688,0.0340935260727809,1.07813195856323,0.0241198264103156,0.860424693079536,0.798069926640685,0.0178543154583036,1.46207336570173,0.761,0.0134862522592453,3.31199896716878,"05_rr_to_or",1000
0.25,300,0.15,0.15,0.5,"vanderweele_rr_squared","population",1000,1000,0,-1.6332472528514,0.0349799837780143,1.10616421254267,0.0247469603103022,1.0191518016592,0.921338613293722,0.0206120663071525,1.97227590736988,0.646,0.0151223014121528,3.8662598106895,"05_rr_to_or",1000
0.5,300,0.15,0.15,0.5,"vanderweele_rr_squared","population",1000,1000,0,-0.802916911924541,0.0256830022993567,0.812167844173087,0.0181697122155629,0.721129565725552,0.887907063668316,0.0198641400749431,1.14176729588655,0.8,0.0126491106406735,2.80249518505995,"05_rr_to_or",1000
0.75,300,0.15,0.15,0.5,"vanderweele_rr_squared","population",1000,1000,0,-0.343059854135717,0.022506775669673,0.71172673902628,0.0159226570185073,0.617944935476773,0.86823341261871,0.0194240037406061,0.789771143821777,0.887,0.0100115433375679,2.41034623347758,"05_rr_to_or",1000
1,300,0.15,0.15,0.5,"vanderweele_rr_squared","population",1000,1000,0,0.0157231652591439,0.0208331910356936,0.658803346021941,0.0147386618292629,0.561362598378494,0.852094334019668,0.019062942396362,0.658661555585827,0.906,0.00922843432007835,2.19279192459327,"05_rr_to_or",1000
2,300,0.15,0.15,0.5,"vanderweele_rr_squared","population",1000,1000,0,0.869423742580458,0.0186494089361023,0.589746092539808,0.0131937220348968,0.469572966472755,0.796229042316306,0.0178131314362618,1.05040482547203,0.534,0.0157747900144503,1.83327715259343,"05_rr_to_or",1000
0.25,50,0.3,0.15,0.5,"vanderweele_rr_squared","population",1000,1000,0,-2.04534084630072,0.0566285571405661,1.79075221173181,0.0400624730097236,1.91811689940382,1.07112356854153,0.0239630356303035,2.71790468337002,0.937,0.00768316341099159,7.16461358989256,"05_rr_to_or",1000
0.5,50,0.3,0.15,0.5,"vanderweele_rr_squared","population",1000,1000,0,-1.05125443476967,0.0524393956920891,1.65827929509823,0.0370988063380408,1.33029227651216,0.802212438184822,0.0179469911818583,1.96272163511636,0.872,0.0105648473723003,5.00507821979123,"05_rr_to_or",1000
0.75,50,0.3,0.15,0.5,"vanderweele_rr_squared","population",1000,1000,0,-0.426374394108175,0.0455916882967109,1.44173577390049,0.0322543231557331,1.08074254630309,0.74961207585162,0.0167702227923123,1.50277029637061,0.834,0.0117662228433767,4.11364118465816,"05_rr_to_or",1000
1,50,0.3,0.15,0.5,"vanderweele_rr_squared","population",1000,1000,0,0.0265692074596568,0.0439198853708551,1.38886872345411,0.0310715884547866,0.954194669911475,0.687030137404489,0.0153701478944515,1.38842835517109,0.829,0.0119062588582644,3.66894054361564,"05_rr_to_or",1000
2,50,0.3,0.15,0.5,"vanderweele_rr_squared","population",1000,1000,0,1.43200386777882,0.0411775915210729,1.30214977766628,0.0291315236025439,0.751844698939683,0.577387265147904,0.0129172319735827,1.93507972103641,0.496,0.0158108823283206,2.88101199566635,"05_rr_to_or",1000
0.25,100,0.3,0.15,0.5,"vanderweele_rr_squared","population",1000,1000,0,-1.89319714818237,0.0461360035245537,1.45894853275146,0.0326394047333919,1.29028891979145,0.884396461442043,0.0197856013435561,2.38968569738413,0.705,0.0144213383567546,4.80051774736434,"05_rr_to_or",1000
0.5,100,0.3,0.15,0.5,"vanderweele_rr_squared","population",1000,1000,0,-0.991019541110714,0.0330412680792911,1.04485663910777,0.0233753953389251,0.863832087314721,0.826746995695381,0.0184958750763653,1.4397060122659,0.775,0.0132051126462443,3.32638901497286,"05_rr_to_or",1000
0.75,100,0.3,0.15,0.5,"vanderweele_rr_squared","population",1000,1000,0,-0.467688759554907,0.0290160554713608,0.917568240032906,0.0205277160123387,0.709823227919432,0.773591758029872,0.017306693088847,1.02947672118216,0.828,0.0119338174948337,2.7568925843795,"05_rr_to_or",1000
1,100,0.3,0.15,0.5,"vanderweele_rr_squared","population",1000,1000,0,0.00392524112485703,0.0286682885432837,0.906570884156871,0.0202816846127538,0.634602290130295,0.700002946510342,0.0156603738739358,0.906125987239555,0.831,0.0118506961820815,2.46878852435519,"05_rr_to_or",1000
2,100,0.3,0.15,0.5,"vanderweele_rr_squared","population",1000,1000,0,1.32672602399859,0.0278921091442221,0.882025936417516,0.0197325682694145,0.502544225087768,0.569761278368897,0.0127466244001256,1.59291987416686,0.341,0.0149906304070243,1.95488973936853,"05_rr_to_or",1000
0.25,300,0.3,0.15,0.5,"vanderweele_rr_squared","population",1000,1000,0,-1.72295284541516,0.0240179428787358,0.759514042086264,0.0169917482788758,0.654182828807587,0.861317622266274,0.0192692845882185,1.88277752962751,0.248,0.0136563538325572,2.53766052304886,"05_rr_to_or",1000
0.5,300,0.3,0.15,0.5,"vanderweele_rr_squared","population",1000,1000,0,-0.897585751383915,0.018901494512131,0.597717738395072,0.0133720626477562,0.470826200195362,0.787706587827851,0.017622468205088,1.07822511999339,0.515,0.0158042715744826,1.83833518448015,"05_rr_to_or",1000
0.75,300,0.3,0.15,0.5,"vanderweele_rr_squared","population",1000,1000,0,-0.411822283442394,0.0164737157989203,0.520944634508884,0.0116545048627298,0.398978455051619,0.765874967553419,0.0171340540670107,0.663859565006846,0.759,0.0135247550809617,1.56001531788409,"05_rr_to_or",1000
1,300,0.3,0.15,0.5,"vanderweele_rr_squared","population",1000,1000,0,-0.0062850593905338,0.0164641645627516,0.520642597901252,0.0116477477394595,0.356349574075882,0.684441833058519,0.015312242689967,0.520420164872729,0.819,0.0121753439376471,1.39395326707371,"05_rr_to_or",1000
2,300,0.3,0.15,0.5,"vanderweele_rr_squared","population",1000,1000,0,1.27248462515719,0.0158445478609735,0.501048597362253,0.0112093933358723,0.28523039202599,0.569266920469535,0.0127355646902056,1.36748519863404,0.073,0.0082262385085773,1.11500334948719,"05_rr_to_or",1000
0.25,50,0.5,0.15,0.5,"vanderweele_rr_squared","population",1000,1000,0,-2.2065968795318,0.0490849806616767,1.55220337796217,0.0347256898680991,1.35708157250987,0.874293660081797,0.019559582799971,2.6974053792469,0.668,0.0148921455808087,5.03117620215493,"05_rr_to_or",1000
0.5,50,0.5,0.15,0.5,"vanderweele_rr_squared","population",1000,1000,0,-1.20764879489242,0.039679120690397,1.25476396934367,0.0280714145296464,0.861203472300107,0.686346989028203,0.0153548645888064,1.74105536900739,0.603,0.0154722655096143,3.30037581839241,"05_rr_to_or",1000
0.75,50,0.5,0.15,0.5,"vanderweele_rr_squared","population",1000,1000,0,-0.574819807988905,0.0386856922393366,1.22334900336603,0.0273686030416385,0.69078004149478,0.564663100712965,0.0126325686399811,1.35111213927972,0.697,0.0145324120503102,2.66680700962383,"05_rr_to_or",1000
1,50,0.5,0.15,0.5,"vanderweele_rr_squared","population",1000,1000,0,-0.0144191955000999,0.0379708627178654,1.20074410910026,0.026862889319507,0.593561005258586,0.494327642967453,0.0110590330279094,1.20023020388687,0.658,0.0150011999520038,2.30166432785315,"05_rr_to_or",1000
0.25,100,0.5,0.15,0.5,"vanderweele_rr_squared","population",1000,1000,0,-2.10603352692331,0.0366712750041372,1.15964753715474,0.0259434822158478,0.893791204750395,0.770743847689583,0.017242980013194,2.403916563557,0.313,0.0146639353517397,3.3733376819031,"05_rr_to_or",1000
0.5,100,0.5,0.15,0.5,"vanderweele_rr_squared","population",1000,1000,0,-1.11230996733018,0.027764284879043,0.877983778235483,0.0196421376380811,0.586971910866965,0.668545280012604,0.0149566070955072,1.41679854698961,0.501,0.0158113566780337,2.27978058091549,"05_rr_to_or",1000
0.75,100,0.5,0.15,0.5,"vanderweele_rr_squared","population",1000,1000,0,-0.595776542929958,0.0269803873957264,0.853194763241941,0.0190875610542241,0.474086565441774,0.555660425809877,0.0124311619808367,1.04027066277244,0.61,0.0154240072614091,1.84720068264566,"05_rr_to_or",1000
1,100,0.5,0.15,0.5,"vanderweele_rr_squared","population",1000,1000,0,0.00183908391038262,0.0264973652117582,0.837920260624659,0.0187458418901584,0.408206944601146,0.487166815010336,0.0108988319264506,0.837503214938164,0.663,0.0149476085043729,1.59150145036764,"05_rr_to_or",1000
0.25,300,0.5,0.15,0.5,"vanderweele_rr_squared","population",1000,1000,0,-1.97046150555505,0.0195756773910678,0.61903727296437,0.0138490204717738,0.47164767934965,0.761905138750501,0.017045241579036,2.0653189785232,0.018,0.00420428352992516,1.83620606643453,"05_rr_to_or",1000
0.5,300,0.5,0.15,0.5,"vanderweele_rr_squared","population",1000,1000,0,-1.10984289501405,0.0159891282317483,0.505620630128251,0.0113116782517235,0.330663433361245,0.653975359504956,0.0146306507497507,1.21948670390572,0.161,0.0116223491601311,1.29276969988799,"05_rr_to_or",1000
0.75,300,0.5,0.15,0.5,"vanderweele_rr_squared","population",1000,1000,0,-0.497142584224526,0.0144920738016386,0.45827961232433,0.0102525712264203,0.269404185642252,0.587859853236479,0.0131515233372297,0.675988854877435,0.524,0.0157931630777371,1.05402085353227,"05_rr_to_or",1000
1,300,0.5,0.15,0.5,"vanderweele_rr_squared","population",1000,1000,0,-0.015360442426371,0.0152015569578724,0.480715439676571,0.0107545026057934,0.232114582288432,0.482852355323975,0.010802309401668,0.480720490307028,0.675,0.0148113132435986,0.908329417111687,"05_rr_to_or",1000
0.25,50,0.01,0.3,0.5,"vanderweele_rr_squared","population",1000,1000,0,0.991287528834279,0.0365528198520648,1.15590165634344,0.0258596798628939,3.75894151573037,3.25195616348656,0.0727523356804858,1.52230860712299,1,0,14.6679468872261,"05_rr_to_or",1000
0.5,50,0.01,0.3,0.5,"vanderweele_rr_squared","population",1000,1000,0,0.422749233659288,0.0397943903841762,1.258409117119,0.028152963296365,3.73847944643656,2.97079812564886,0.0664623050282569,1.32692382113733,1,0,14.5791457044821,"05_rr_to_or",1000
0.75,50,0.01,0.3,0.5,"vanderweele_rr_squared","population",1000,1000,0,0.190063329651718,0.0447600941559235,1.4154384581631,0.0316660030659656,3.68983383751542,2.6068486526104,0.0583200752741997,1.42744058793933,1,0,14.3743276271778,"05_rr_to_or",1000
1,50,0.01,0.3,0.5,"vanderweele_rr_squared","population",1000,1000,0,0.0306857217280886,0.0457269157810087,1.44601204242685,0.0323499912729059,3.6591980546194,2.53054466163238,0.05661301242147,1.44561457156968,1,0,14.2453726672932,"05_rr_to_or",1000
2,50,0.01,0.3,0.5,"vanderweele_rr_squared","population",1000,1000,0,-0.185532662697731,0.0534107607692355,1.68899655593151,0.0377860088583022,3.51302710817316,2.07994924313843,0.0465323509690061,1.69831652689075,1,0,13.6444321501038,"05_rr_to_or",1000
0.25,100,0.01,0.3,0.5,"vanderweele_rr_squared","population",1000,1000,0,0.650481065094082,0.045484831945116,1.43835667936553,0.0321787264971238,3.62078431129844,2.51730628657113,0.0563168452353516,1.5779501523129,1,0,14.0883962409768,"05_rr_to_or",1000
0.5,100,0.01,0.3,0.5,"vanderweele_rr_squared","population",1000,1000,0,0.238701798722244,0.0511097466541503,1.61623210061285,0.0361581320319199,3.56421907693462,2.20526437730269,0.0493358846724829,1.63296434301598,1,0,13.8546936455152,"05_rr_to_or",1000
0.75,100,0.01,0.3,0.5,"vanderweele_rr_squared","population",1000,1000,0,0.0869981238248685,0.0555916498319558,1.75796232355497,0.0393289019430678,3.50001476320749,1.99094981519839,0.0445412674699213,1.75923556497042,1,0,13.5882521451357,"05_rr_to_or",1000
1,100,0.01,0.3,0.5,"vanderweele_rr_squared","population",1000,1000,0,0.05695720750603,0.0558028754555948,1.76464186426386,0.0394783357494951,3.45655998989678,1.95878838641218,0.0438217562141146,1.76467874461342,1,0,13.403672852418,"05_rr_to_or",1000
2,100,0.01,0.3,0.5,"vanderweele_rr_squared","population",1000,1000,0,0.074176178169204,0.0601801821672671,1.90306445652412,0.0425751077819583,3.23381420191465,1.69926677513651,0.0380157728518958,1.9035584511035,1,0,12.4953076198216,"05_rr_to_or",1000
0.25,300,0.01,0.3,0.5,"vanderweele_rr_squared","population",1000,1000,0,-0.325011357595221,0.0594850205220561,1.88108151511555,0.0420833083073658,3.09988470189369,1.64792683197637,0.0368672023943535,1.90802557147665,1,0,11.9983988419201,"05_rr_to_or",1000
0.5,300,0.01,0.3,0.5,"vanderweele_rr_squared","population",1000,1000,0,-0.395127546060132,0.0658497574657644,2.08235216961493,0.0465861089241707,2.9878194020307,1.43482905803739,0.0320998070166276,2.11848534226631,1,0,11.5209893234098,"05_rr_to_or",1000
0.75,300,0.01,0.3,0.5,"vanderweele_rr_squared","population",1000,1000,0,-0.250930881177677,0.0687416969791819,2.17380332679331,0.0486320421873907,2.8289219036314,1.30136975537915,0.0291140730465037,2.18715838242288,0.999,0.000999499874937461,10.8649909239641,"05_rr_to_or",1000
1,300,0.01,0.3,0.5,"vanderweele_rr_squared","population",1000,1000,0,-0.038508994758879,0.0679352943533433,2.1483026367054,0.0480615441019029,2.7090668965072,1.2610266590101,0.0282115225993646,2.14757350452408,0.999,0.000999499874937461,10.3637571542671,"05_rr_to_or",1000
2,300,0.01,0.3,0.5,"vanderweele_rr_squared","population",1000,1000,0,0.682718311463247,0.065440005954833,2.06939468912254,0.0462962258744112,2.38479235484154,1.15241059010001,0.0257815781879464,2.17812219074056,0.999,0.000999499874937461,9.07484493733753,"05_rr_to_or",1000
0.25,50,0.05,0.3,0.5,"vanderweele_rr_squared","population",1000,1000,0,0.00413236443298687,0.0616353378459519,1.94908051947184,0.0436045730914408,3.22815971076636,1.65624748619473,0.0370533509764199,1.94811011828106,0.999,0.000999499874937461,12.5082994142727,"05_rr_to_or",1000
0.5,50,0.05,0.3,0.5,"vanderweele_rr_squared","population",1000,1000,0,-0.296597738478977,0.0660470385131551,2.08859074410431,0.0467256774923191,3.06559396606047,1.467781074255,0.0328370051904929,2.10851115802897,0.999,0.000999499874937461,11.8193813457448,"05_rr_to_or",1000
0.75,50,0.05,0.3,0.5,"vanderweele_rr_squared","population",1000,1000,0,-0.169606209937285,0.0695654355269838,2.19985222686865,0.0492148047546316,2.94517219430023,1.33880456074657,0.0299515595897737,2.2052838222524,1,0,11.3254323199568,"05_rr_to_or",1000
1,50,0.05,0.3,0.5,"vanderweele_rr_squared","population",1000,1000,0,0.012210700539576,0.0710781417498644,2.24768819781878,0.050284984806639,2.80036359689885,1.24588615076433,0.0278728011397591,2.2465972566499,1,0,10.7354426320016,"05_rr_to_or",1000
2,50,0.05,0.3,0.5,"vanderweele_rr_squared","population",1000,1000,0,0.742456576752857,0.0683532831660319,2.16152060355106,0.0483572547181055,2.50090780451604,1.15701316952863,0.025884546489717,2.28445637222945,0.992,0.00281709069786544,9.54525935983882,"05_rr_to_or",1000
0.25,100,0.05,0.3,0.5,"vanderweele_rr_squared","population",1000,1000,0,-0.815505540939125,0.0598383063158022,1.89225339284774,0.042333244086968,2.80818712622819,1.48404391126604,0.0332008352416569,2.05963384297876,0.999,0.000999499874937461,10.8160350633663,"05_rr_to_or",1000
0.5,100,0.05,0.3,0.5,"vanderweele_rr_squared","population",1000,1000,0,-0.598430916270365,0.068396545350291,2.16288867393919,0.0483878610089372,2.54987838112764,1.17892261948168,0.0263747018231302,2.24310697247963,1,0,9.73500908017425,"05_rr_to_or",1000
0.75,100,0.05,0.3,0.5,"vanderweele_rr_squared","population",1000,1000,0,-0.349625283630638,0.0671516307481802,2.12352101758846,0.0475071329776248,2.34820110312758,1.10580544467334,0.0247389340027049,2.15106253037461,0.999,0.000999499874937461,8.88906665795356,"05_rr_to_or",1000
1,100,0.05,0.3,0.5,"vanderweele_rr_squared","population",1000,1000,0,0.13409359019159,0.0652434886489573,2.06318026626047,0.0461571976232932,2.19230706782946,1.06258629150376,0.0237720407910055,2.06650361461237,0.993,0.00263647491928143,8.26427067237412,"05_rr_to_or",1000
2,100,0.05,0.3,0.5,"vanderweele_rr_squared","population",1000,1000,0,0.858382199062569,0.0579698901265923,1.83316888509738,0.0410114132487684,1.81991647642135,0.992770764994013,0.022210137012173,2.02335554285335,0.975,0.00493710441453288,6.85372363276485,"05_rr_to_or",1000
0.25,300,0.05,0.3,0.5,"vanderweele_rr_squared","population",1000,1000,0,-1.66234451511912,0.0507300275318971,1.60422432763845,0.0358894957138731,1.91691566739192,1.19491746532343,0.0267325364110939,2.30962149380375,0.991,0.00298646948753876,7.21038368986897,"05_rr_to_or",1000
0.5,300,0.05,0.3,0.5,"vanderweele_rr_squared","population",1000,1000,0,-0.895537913688881,0.0462716850541464,1.46323915945074,0.0327353940697215,1.4320369433666,0.978675928755311,0.0218948091892112,1.71490988794356,0.967,0.00564898220921256,5.42075004265293,"05_rr_to_or",1000
0.75,300,0.05,0.3,0.5,"vanderweele_rr_squared","population",1000,1000,0,-0.379173154294294,0.0415730963988274,1.31465674006038,0.0294113277206486,1.22284536218488,0.930163231908517,0.0208094895144283,1.36761336012028,0.962,0.00604615580348373,4.6870081118234,"05_rr_to_or",1000
1,300,0.05,0.3,0.5,"vanderweele_rr_squared","population",1000,1000,0,-0.0286122791775865,0.0371760528329453,1.17561001366862,0.0263005926414646,1.10156879506374,0.93701889423872,0.0209628634906089,1.17537037050176,0.959,0.00627048642451286,4.24101134774896,"05_rr_to_or",1000
2,300,0.05,0.3,0.5,"vanderweele_rr_squared","population",1000,1000,0,0.846095146182773,0.0330866335233276,1.04629122040997,0.0234074896031808,0.932150865944828,0.890909574467785,0.0199313118517401,1.34517938914597,0.865,0.0108062481925967,3.59883751214584,"05_rr_to_or",1000
0.25,50,0.15,0.3,0.5,"vanderweele_rr_squared","population",1000,1000,0,-1.34663184931333,0.0606097303132391,1.91664796158386,0.0428789961710208,2.50611693274315,1.3075520298846,0.0292523820788145,2.34164113536211,0.998,0.00141279864099595,9.5810504487394,"05_rr_to_or",1000
0.5,50,0.15,0.3,0.5,"vanderweele_rr_squared","population",1000,1000,0,-0.886523310538796,0.0641859111187802,2.02973672828472,0.0454090031892864,2.08517981178223,1.02731540634059,0.0229829651860047,2.21396362551205,0.982,0.00420428352992517,7.8686038603464,"05_rr_to_or",1000
0.75,50,0.15,0.3,0.5,"vanderweele_rr_squared","population",1000,1000,0,-0.331033928676741,0.064009382892979,2.02415441563631,0.0452841164247506,1.84965033877103,0.913789147943821,0.0204431706610453,2.05004569685088,0.965,0.00581162627841812,6.94151637660572,"05_rr_to_or",1000
1,50,0.15,0.3,0.5,"vanderweele_rr_squared","population",1000,1000,0,-0.0869569962620655,0.0583887377034063,1.84641400844913,0.0413077314067544,1.60612146399669,0.869859877929396,0.0194603908086682,1.84753808218004,0.953,0.00669260786241059,6.05851575747939,"05_rr_to_or",1000
2,50,0.15,0.3,0.5,"vanderweele_rr_squared","population",1000,1000,0,0.981168960067206,0.048545796600943,1.5351528808624,0.0343442383890018,1.31612284702204,0.857323634296725,0.0191799316145447,1.8212715891519,0.915,0.00881901355027874,4.94205880088209,"05_rr_to_or",1000
0.25,100,0.15,0.3,0.5,"vanderweele_rr_squared","population",1000,1000,0,-1.79880410349805,0.0530041616473157,1.6761387627326,0.0374983559995642,1.93028738488817,1.1516274355121,0.0257640575564848,2.45811470715755,0.982,0.00420428352992517,7.23540329087428,"05_rr_to_or",1000
0.5,100,0.15,0.3,0.5,"vanderweele_rr_squared","population",1000,1000,0,-0.88143046724284,0.0483087265666987,1.52765606813054,0.034176520680342,1.39373006511504,0.912332359482332,0.0204105795811422,1.7630425400476,0.933,0.00790638982089803,5.24564023596635,"05_rr_to_or",1000
0.75,100,0.15,0.3,0.5,"vanderweele_rr_squared","population",1000,1000,0,-0.41614243533275,0.0425706706016822,1.34620280622086,0.0301170721647081,1.16456250367224,0.865072111193607,0.0193532795208123,1.40841196386786,0.927,0.00822623850857729,4.46133956829085,"05_rr_to_or",1000
1,100,0.15,0.3,0.5,"vanderweele_rr_squared","population",1000,1000,0,0.0191074235494048,0.0405598605996462,1.28261541073805,0.0286945033142555,1.04138793073898,0.811925322291071,0.0181642865479083,1.28211632982564,0.924,0.00837997613361756,4.00801445180974,"05_rr_to_or",1000
2,100,0.15,0.3,0.5,"vanderweele_rr_squared","population",1000,1000,0,0.975511132006109,0.0338361390844509,1.06999266733109,0.0239377352571289,0.85627318202915,0.800260794464109,0.0179033292651658,1.44753631819792,0.76,0.0135055544129073,3.30629439328129,"05_rr_to_or",1000
0.25,300,0.15,0.3,0.5,"vanderweele_rr_squared","population",1000,1000,0,-1.70323435698456,0.0353244680868559,1.11705776288395,0.0249906693861132,1.02775027406543,0.920051145262215,0.0205832632416445,2.03656021329749,0.637,0.0152062815967613,3.9073984791334,"05_rr_to_or",1000
0.5,300,0.15,0.3,0.5,"vanderweele_rr_squared","population",1000,1000,0,-0.834551551680074,0.0257432291706129,0.814072385068242,0.0182123203540358,0.726265905925371,0.892139224037786,0.01995882141023,1.16555884737502,0.799,0.0126727660753286,2.81676326383787,"05_rr_to_or",1000
0.75,300,0.15,0.3,0.5,"vanderweele_rr_squared","population",1000,1000,0,-0.35785332281343,0.0231575819531024,0.73230704073814,0.0163830768222422,0.619941422661163,0.846559418623482,0.0189391159969205,0.814736969187817,0.876,0.0104222838188182,2.41830031493044,"05_rr_to_or",1000
1,300,0.15,0.3,0.5,"vanderweele_rr_squared","population",1000,1000,0,0.0186695784855166,0.0205473352079585,0.649763791041184,0.0145364300938704,0.561240117488788,0.863760223679831,0.019323930145858,0.649707121959495,0.914,0.00886588969026797,2.19221210840373,"05_rr_to_or",1000
2,300,0.15,0.3,0.5,"vanderweele_rr_squared","population",1000,1000,0,0.914186640236431,0.0188334026553587,0.595564484819967,0.0133238903419114,0.472152747096349,0.792781905454077,0.0177360125436539,1.09090768248742,0.516,0.0158032907965398,1.8432756459081,"05_rr_to_or",1000
0.25,50,0.3,0.3,0.5,"vanderweele_rr_squared","population",1000,1000,0,-1.96429834390895,0.0547202823053317,1.73040726292257,0.0387124437498937,1.86269294635581,1.07644771625023,0.0240821467627549,2.61720900391296,0.948,0.00702111102319284,6.95445721839115,"05_rr_to_or",1000
0.5,50,0.3,0.3,0.5,"vanderweele_rr_squared","population",1000,1000,0,-1.12621558389263,0.0508543838788209,1.60815682061622,0.035977472929677,1.34420859346678,0.83586909947731,0.018699953582683,1.96263693349978,0.888,0.00997276290703835,5.05405202001273,"05_rr_to_or",1000
0.75,50,0.3,0.3,0.5,"vanderweele_rr_squared","population",1000,1000,0,-0.540638439429106,0.0450561309497833,1.42479996356121,0.0318754374337608,1.07229809370602,0.752595537008484,0.0168369683930098,1.52325795695154,0.831,0.0118506961820815,4.08782065043439,"05_rr_to_or",1000
1,50,0.3,0.3,0.5,"vanderweele_rr_squared","population",1000,1000,0,-0.00890916663018561,0.0430915338061697,1.36267394697641,0.0304855623598537,0.943625463533607,0.692480740258801,0.0154920880647928,1.36202157792472,0.841,0.0115636931816786,3.62900732771852,"05_rr_to_or",1000
2,50,0.3,0.3,0.5,"vanderweele_rr_squared","population",1000,1000,0,1.33678551020309,0.0407604983318403,1.28896013292109,0.0288364466046488,0.746398715788176,0.579070443471869,0.0129548878177205,1.85654310650861,0.53,0.0157829021412413,2.86141935903109,"05_rr_to_or",1000
0.25,100,0.3,0.3,0.5,"vanderweele_rr_squared","population",1000,1000,0,-1.90203557956411,0.0448917841687096,1.41960286201811,0.0317591685614204,1.27033119794577,0.894849701936967,0.020019459865382,2.3729720519829,0.693,0.0145859864253331,4.73632877492531,"05_rr_to_or",1000
0.5,100,0.3,0.3,0.5,"vanderweele_rr_squared","population",1000,1000,0,-0.944511922412101,0.0355141233942844,1.12305519030209,0.0251248430436928,0.85677656040521,0.762898001633159,0.0170674537768925,1.46700186744346,0.765,0.0134080199880519,3.30064772961498,"05_rr_to_or",1000
0.75,100,0.3,0.3,0.5,"vanderweele_rr_squared","population",1000,1000,0,-0.385968894562533,0.0302443506477059,0.956410343995395,0.0213966864547279,0.710217410322241,0.742586500429631,0.0166130475427846,1.03091125366111,0.843,0.0115043904662524,2.75934628688922,"05_rr_to_or",1000
1,100,0.3,0.3,0.5,"vanderweele_rr_squared","population",1000,1000,0,0.00599802300356858,0.027946952528484,0.883760236506112,0.0197713678029485,0.632809492235301,0.716042050881437,0.0160191986078982,0.883338609907696,0.84,0.0115931013969516,2.46378730557774,"05_rr_to_or",1000
2,100,0.3,0.3,0.5,"vanderweele_rr_squared","population",1000,1000,0,1.28753094330609,0.0277392428600992,0.87719188006477,0.0196244213963348,0.507792958841024,0.578884700578315,0.0129507324021298,1.55770088875489,0.365,0.0152241584332271,1.97265495795659,"05_rr_to_or",1000
0.25,300,0.3,0.3,0.5,"vanderweele_rr_squared","population",1000,1000,0,-1.76127838831061,0.0232349770263332,0.734754487848991,0.0164378307871843,0.654025351502863,0.890127739699196,0.019913820747103,1.90825204163047,0.203,0.0127197091161709,2.53754476141408,"05_rr_to_or",1000
0.5,300,0.3,0.3,0.5,"vanderweele_rr_squared","population",1000,1000,0,-0.955673558290683,0.0193221961553013,0.611021492473005,0.0136696924846389,0.472259713487389,0.772901967123935,0.017291261177402,1.13414543468448,0.486,0.0158051890213309,1.84341107121222,"05_rr_to_or",1000
0.75,300,0.3,0.3,0.5,"vanderweele_rr_squared","population",1000,1000,0,-0.39459269420948,0.016477997004611,0.52108001812003,0.0116575336470764,0.398221793365179,0.764223880243762,0.0170971161588253,0.653418897203151,0.775,0.0132051126462443,1.55689480518182,"05_rr_to_or",1000
1,300,0.3,0.3,0.5,"vanderweele_rr_squared","population",1000,1000,0,0.0232687580115194,0.0159563642771982,0.504584542912927,0.0112884990447804,0.356901246868506,0.707317043063078,0.0158240038802621,0.504868686378051,0.824,0.0120425910833176,1.39596068728702,"05_rr_to_or",1000
2,300,0.3,0.3,0.5,"vanderweele_rr_squared","population",1000,1000,0,1.27291063705126,0.0160586651228473,0.507819579701051,0.01136087286242,0.285867006108585,0.562930256208065,0.0125938016705742,1.37037379379513,0.057,0.00733150734842433,1.11739753221518,"05_rr_to_or",1000
0.25,50,0.5,0.3,0.5,"vanderweele_rr_squared","population",1000,1000,0,-2.32171705939486,0.050538237009615,1.598159378798,0.0357538114759121,1.40348494341098,0.878188347188854,0.0196467142278065,2.8181428974637,0.653,0.0150529399121899,5.1862904597293,"05_rr_to_or",1000
0.5,50,0.5,0.3,0.5,"vanderweele_rr_squared","population",1000,1000,0,-1.16754438061009,0.0416855840113889,1.31821391070287,0.0294909082745198,0.869760337116887,0.659802123202546,0.0147610063410153,1.76042895543967,0.625,0.0153093108923949,3.31638526299055,"05_rr_to_or",1000
0.75,50,0.5,0.3,0.5,"vanderweele_rr_squared","population",1000,1000,0,-0.493057105893917,0.0381822866495429,1.20742992085995,0.0270124634210581,0.691672090573555,0.572846571568259,0.0128156481738877,1.3036619333426,0.716,0.0142598737722323,2.67527803891058,"05_rr_to_or",1000
1,50,0.5,0.3,0.5,"vanderweele_rr_squared","population",1000,1000,0,0.00671430813996988,0.0357618599714941,1.13088930873926,0.0253001069112385,0.594677647167938,0.525849561555144,0.0117642372456458,1.1303436645224,0.695,0.0145593612497252,2.30401722264975,"05_rr_to_or",1000
0.25,100,0.5,0.3,0.5,"vanderweele_rr_squared","population",1000,1000,0,-2.12978242693505,0.034658241678989,1.09598983402184,0.0245193404518923,0.870271949895426,0.794051115147558,0.0177644071360244,2.39498762181442,0.297,0.0144496020706454,3.33362705700998,"05_rr_to_or",1000
0.5,100,0.5,0.3,0.5,"vanderweele_rr_squared","population",1000,1000,0,-1.15909712614873,0.0285597627945582,0.903138998649396,0.0202049069214491,0.588233315040797,0.651320910646616,0.014571265768933,1.46913258036053,0.49,0.0158082257068907,2.28364171121813,"05_rr_to_or",1000
0.75,100,0.5,0.3,0.5,"vanderweele_rr_squared","population",1000,1000,0,-0.548544065632994,0.0252964616455017,0.799944355428762,0.0178962499326764,0.472605337664683,0.590797765441287,0.0132172499227611,0.969624490589904,0.665,0.0149256490646136,1.84139753823208,"05_rr_to_or",1000
1,100,0.5,0.3,0.5,"vanderweele_rr_squared","population",1000,1000,0,-0.0368143135099504,0.0254909425827742,0.806094382661417,0.0180338375332407,0.408969036102745,0.507346341693246,0.0113502856439368,0.806531871213867,0.683,0.0147143127600306,1.59429897704545,"05_rr_to_or",1000
0.25,300,0.5,0.3,0.5,"vanderweele_rr_squared","population",1000,1000,0,-2.02315992955468,0.0191242095645183,0.604760606742546,0.0135296247723389,0.475431795358377,0.786148750526626,0.0175876164738295,2.11152687802733,0.018,0.00420428352992516,1.85137721802263,"05_rr_to_or",1000
0.5,300,0.5,0.3,0.5,"vanderweele_rr_squared","population",1000,1000,0,-1.13562492954676,0.0156229286269458,0.494040381833959,0.0110526064596037,0.33025688954452,0.668481568892309,0.0149551817587015,1.23833590095411,0.142,0.0110379345894058,1.29119019452402,"05_rr_to_or",1000
0.75,300,0.5,0.3,0.5,"vanderweele_rr_squared","population",1000,1000,0,-0.514199749096007,0.0148462901556893,0.46948091695714,0.0105031653407739,0.26942718860722,0.573883152383416,0.0128388384235814,0.696127359774005,0.495,0.0158105977116616,1.05420766890512,"05_rr_to_or",1000
1,300,0.5,0.3,0.5,"vanderweele_rr_squared","population",1000,1000,0,0.00353076555585445,0.0148768696964883,0.470447926944408,0.0105247991610541,0.232748351873482,0.494737756387192,0.0110682080314088,0.470225899988224,0.639,0.0151881203577006,0.910936301773095,"05_rr_to_or",1000
0.25,50,0.01,0.5,0.5,"vanderweele_rr_squared","population",1000,1000,0,0.910122835662482,0.0368831231349428,1.16634676326869,0.0260933564215687,3.76109402679437,3.22467909650976,0.0721420967248204,1.4789617924103,1,0,14.6787577076753,"05_rr_to_or",1000
0.5,50,0.01,0.5,0.5,"vanderweele_rr_squared","population",1000,1000,0,0.426621284168611,0.0405549234223808,1.28245928348434,0.0286910104558652,3.72888414895623,2.90760431693795,0.0650485414493114,1.35094886360922,1,0,14.5408843597145,"05_rr_to_or",1000
0.75,50,0.01,0.5,0.5,"vanderweele_rr_squared","population",1000,1000,0,0.112357503003567,0.0447153382819922,1.41402315316016,0.0316343400485423,3.67887393187011,2.60170699726401,0.0582050468368813,1.41777509664845,1,0,14.3308713701249,"05_rr_to_or",1000
1,50,0.01,0.5,0.5,"vanderweele_rr_squared","population",1000,1000,0,0.0113265675451454,0.0441662488026077,1.39665941921925,0.0312458808760233,3.65321816080055,2.61568290059057,0.0585177139083716,1.39600686491611,1,0,14.2165775883123,"05_rr_to_or",1000
2,50,0.01,0.5,0.5,"vanderweele_rr_squared","population",1000,1000,0,-0.276345040440999,0.0523547234197497,1.65560172274569,0.0370389040414513,3.52461112193722,2.12890037109404,0.0476274791669049,1.67768966995403,1,0,13.6953894562326,"05_rr_to_or",1000
0.25,100,0.01,0.5,0.5,"vanderweele_rr_squared","population",1000,1000,0,0.750112965818319,0.0448128787217593,1.41710765269654,0.0317033460665806,3.65516842418381,2.5793159872001,0.0577041181039896,1.60276491311749,1,0,14.2327214461828,"05_rr_to_or",1000
0.5,100,0.01,0.5,0.5,"vanderweele_rr_squared","population",1000,1000,0,0.256241943817127,0.0527506704274208,1.66812266651538,0.037319020949052,3.53737115089681,2.12057016063824,0.0474411167939511,1.6868641116234,1,0,13.7465916186983,"05_rr_to_or",1000
0.75,100,0.01,0.5,0.5,"vanderweele_rr_squared","population",1000,1000,0,0.00775037109918921,0.0530869181591423,1.67875575341843,0.037556902971072,3.50346843215244,2.08694351457523,0.0466888258898934,1.67793406515513,1,0,13.6022801062069,"05_rr_to_or",1000
1,100,0.01,0.5,0.5,"vanderweele_rr_squared","population",1000,1000,0,-0.0512582024036618,0.0577755364732481,1.82702288293596,0.0408739156965684,3.41392439516612,1.86857232443639,0.0418034543383609,1.82682840066343,1,0,13.2351090280588,"05_rr_to_or",1000
2,100,0.01,0.5,0.5,"vanderweele_rr_squared","population",1000,1000,0,0.0736755126745396,0.0624624681088244,1.97523667499515,0.0441897351634604,3.23336400637558,1.63695016769751,0.0366216339044598,1.97562305197411,1,0,12.5075733294471,"05_rr_to_or",1000
0.25,300,0.01,0.5,0.5,"vanderweele_rr_squared","population",1000,1000,0,-0.354087629379498,0.0591670357645856,1.87102595416733,0.0418583466200666,3.1719548215754,1.69530241657553,0.0379270827434544,1.90331695529835,1,0,12.2882830323894,"05_rr_to_or",1000
0.5,300,0.01,0.5,0.5,"vanderweele_rr_squared","population",1000,1000,0,-0.439964146897796,0.0634076771285558,2.00512680866802,0.0448584333036504,2.99309328827034,1.49272019870834,0.0333949400034461,2.05184829748104,1,0,11.5212921867922,"05_rr_to_or",1000
0.75,300,0.01,0.5,0.5,"vanderweele_rr_squared","population",1000,1000,0,-0.147752909016806,0.0667657440401096,2.11131820842559,0.0472341333356152,2.82067223637021,1.33597684380963,0.0298882982782851,2.11542852272893,1,0,10.8242321225081,"05_rr_to_or",1000
1,300,0.01,0.5,0.5,"vanderweele_rr_squared","population",1000,1000,0,-0.0865550443515216,0.065259048294826,2.06367230546578,0.0461682054596947,2.72246193916507,1.31923170745396,0.0295136782896021,2.0644554770362,1,0,10.3981461905105,"05_rr_to_or",1000
2,300,0.01,0.5,0.5,"vanderweele_rr_squared","population",1000,1000,0,0.885268884674259,0.0633468803434509,2.00320424551454,0.0448154219735842,2.36947461458303,1.18284224880644,0.0264623912549805,2.18918144980507,0.998,0.00141279864099595,9.0167962555165,"05_rr_to_or",1000
0.25,50,0.05,0.5,0.5,"vanderweele_rr_squared","population",1000,1000,0,-0.125445864331284,0.0612122349076231,1.93570082977356,0.0433052444328444,3.22636849099628,1.66677021643562,0.0372887641137053,1.9387953552558,0.999,0.000999499874937461,12.5069135522776,"05_rr_to_or",1000
0.5,50,0.05,0.5,0.5,"vanderweele_rr_squared","population",1000,1000,0,-0.319586112379015,0.0654862062449506,2.07085567057586,0.0463289107593763,3.04509662096516,1.4704533320366,0.0328967885902,2.09434716519812,1,0,11.7386855447149,"05_rr_to_or",1000
0.75,50,0.05,0.5,0.5,"vanderweele_rr_squared","population",1000,1000,0,-0.108285429656668,0.07059731365007,2.23248307823517,0.0499448178706792,2.91838038460789,1.30723516476324,0.029245293213985,2.23399249062921,1,0,11.2333864254127,"05_rr_to_or",1000
1,50,0.05,0.5,0.5,"vanderweele_rr_squared","population",1000,1000,0,0.117193788650743,0.0712975283483504,2.2546258112121,0.0504401921812278,2.84324700295516,1.26107267503809,0.028212552063892,2.25654350614686,0.999,0.000999499874937461,10.9218848684541,"05_rr_to_or",1000
2,50,0.05,0.5,0.5,"vanderweele_rr_squared","population",1000,1000,0,0.625390581416674,0.0665537898203878,2.10461562748554,0.0470841840761661,2.49297330370702,1.18452665234909,0.0265000745095496,2.19455938899852,1,0,9.48791231819274,"05_rr_to_or",1000
0.25,100,0.05,0.5,0.5,"vanderweele_rr_squared","population",1000,1000,0,-0.781063320968106,0.0606716210966285,1.91860512000069,0.0429227814617697,2.80884092004581,1.46400157633521,0.0327524507600084,2.07060968611858,1,0,10.8222024216046,"05_rr_to_or",1000
0.5,100,0.05,0.5,0.5,"vanderweele_rr_squared","population",1000,1000,0,-0.655452482772575,0.0665227456292393,2.10363392396407,0.0470622215340708,2.52410052306488,1.19987631607903,0.0268434751681445,2.2023778893594,1,0,9.64322571677438,"05_rr_to_or",1000
0.75,100,0.05,0.5,0.5,"vanderweele_rr_squared","population",1000,1000,0,-0.229199612302004,0.0646427008601745,2.04418168823077,0.0457321639337903,2.31187869153349,1.1309555822968,0.0253015895745534,2.0559748437184,1,0,8.76766766788461,"05_rr_to_or",1000
1,100,0.05,0.5,0.5,"vanderweele_rr_squared","population",1000,1000,0,-0.0395455103471461,0.0660834418399862,2.08974191837625,0.0467514314117597,2.14184400442548,1.02493230651645,0.0229296507900998,2.08907111212664,0.985,0.00384382621875652,8.11827047492095,"05_rr_to_or",1000
2,100,0.05,0.5,0.5,"vanderweele_rr_squared","population",1000,1000,0,0.968088709704796,0.0576382622642981,1.82268189129316,0.0407767996023452,1.83877313094857,1.00882833133542,0.0225693747749076,2.06301790041412,0.978,0.00463853425124791,6.92162107679477,"05_rr_to_or",1000
0.25,300,0.05,0.5,0.5,"vanderweele_rr_squared","population",1000,1000,0,-1.62877653823085,0.0525685319889235,1.6623629433642,0.0371901651800763,1.94835247552834,1.17203796156895,0.0262206791615902,2.32671444668362,0.992,0.00281709069786544,7.31768809929913,"05_rr_to_or",1000
0.5,300,0.05,0.5,0.5,"vanderweele_rr_squared","population",1000,1000,0,-0.856947845302169,0.0488915427103322,1.54608633284052,0.0345888401389852,1.46596260454192,0.948176420296406,0.0212124781964363,1.76701787631469,0.963,0.00596917079668525,5.52836923800923,"05_rr_to_or",1000
0.75,300,0.05,0.5,0.5,"vanderweele_rr_squared","population",1000,1000,0,-0.356435006194307,0.0395486311129431,1.250637526587,0.0279790982948919,1.20707826542051,0.965170354926607,0.021592664267402,1.29983692912822,0.964,0.00589101010014412,4.62769753976157,"05_rr_to_or",1000
1,300,0.05,0.5,0.5,"vanderweele_rr_squared","population",1000,1000,0,0.0190438922095509,0.0361658539479832,1.1436647200062,0.025585916732227,1.08399656326174,0.947827229693563,0.0212046661501856,1.14325136895853,0.953,0.00669260786241059,4.18934992734368,"05_rr_to_or",1000
2,300,0.05,0.5,0.5,"vanderweele_rr_squared","population",1000,1000,0,0.815360400692407,0.0321377555001224,1.0162850626599,0.022736195787592,0.926656437272361,0.911807593478782,0.0203988395851137,1.30254177525112,0.873,0.0105295299040366,3.57978820757153,"05_rr_to_or",1000
0.25,50,0.15,0.5,0.5,"vanderweele_rr_squared","population",1000,1000,0,-1.42997871873452,0.0580902191838045,1.8369740239923,0.0410965413157767,2.48438373167222,1.35243269595773,0.0302564464387152,2.32721684148496,0.997,0.00172945077987204,9.47651875637713,"05_rr_to_or",1000
0.5,50,0.15,0.5,0.5,"vanderweele_rr_squared","population",1000,1000,0,-0.889179431260655,0.0657445988439368,2.07902676200913,0.0465117133424811,2.07951987946666,1.00023718668107,0.0223771748163746,2.2602367101368,0.982,0.00420428352992517,7.85127617967825,"05_rr_to_or",1000
0.75,50,0.15,0.5,0.5,"vanderweele_rr_squared","population",1000,1000,0,-0.451216449100772,0.0622633346070028,1.96893952075314,0.0440488560567889,1.82069788856383,0.924709910778469,0.0206874885311797,2.01902015777117,0.971,0.00530650544143696,6.83087979793272,"05_rr_to_or",1000
1,50,0.15,0.5,0.5,"vanderweele_rr_squared","population",1000,1000,0,0.136284067460458,0.0581357361378184,1.83841339646067,0.0411287427673719,1.59302124185687,0.866519600501047,0.0193856625612638,1.84254101705045,0.946,0.00714730718522718,6.018655986953,"05_rr_to_or",1000
2,50,0.15,0.5,0.5,"vanderweele_rr_squared","population",1000,1000,0,0.986200588358948,0.0522900677051808,1.65355712952785,0.0369931626708313,1.31656643098105,0.796202566860797,0.0178125391308524,1.92460607135884,0.89,0.00989444288477123,4.95321521531143,"05_rr_to_or",1000
0.25,100,0.15,0.5,0.5,"vanderweele_rr_squared","population",1000,1000,0,-1.81977804157612,0.0533901988158755,1.68834632987391,0.0377714620864417,1.93645987667221,1.14695654701179,0.0256595610531444,2.48178462741466,0.983,0.00408790900094413,7.25567509132667,"05_rr_to_or",1000
0.5,100,0.15,0.5,0.5,"vanderweele_rr_squared","population",1000,1000,0,-0.936308657863485,0.0499180592645631,1.57854763651289,0.0353150601563138,1.4111746067505,0.893970238280467,0.019999784620102,1.83466474618384,0.921,0.00852988862764339,5.32112154105065,"05_rr_to_or",1000
0.75,100,0.15,0.5,0.5,"vanderweele_rr_squared","population",1000,1000,0,-0.429959484211728,0.0444111711068464,1.40440454253096,0.0314191537563245,1.16377409670112,0.828660162693445,0.0185386761968781,1.46807524501509,0.915,0.00881901355027874,4.45113814741672,"05_rr_to_or",1000
1,100,0.15,0.5,0.5,"vanderweele_rr_squared","population",1000,1000,0,0.0262568517136297,0.0394117971667254,1.24631045727423,0.0278822936692053,1.02385610523712,0.821509680241603,0.018378706543703,1.24596383912901,0.927,0.00822623850857729,3.95197172885309,"05_rr_to_or",1000
2,100,0.15,0.5,0.5,"vanderweele_rr_squared","population",1000,1000,0,0.965749850859813,0.034464967904996,1.08987798064389,0.024382606871786,0.8615685602527,0.790518365866694,0.0176853729336442,1.45578808660995,0.766,0.0133882037630147,3.32149687385455,"05_rr_to_or",1000
0.25,300,0.15,0.5,0.5,"vanderweele_rr_squared","population",1000,1000,0,-1.68955713149968,0.0365188240185949,1.15482661369623,0.025835629150151,1.03091051811945,0.892697229084321,0.0199713050257574,2.04619016315562,0.625,0.0153093108923949,3.90800973958986,"05_rr_to_or",1000
0.5,300,0.15,0.5,0.5,"vanderweele_rr_squared","population",1000,1000,0,-0.808738748574452,0.0256660515176508,0.811631813389978,0.0181577202053674,0.724231383539691,0.892315174924899,0.0199627577603402,1.14548933550338,0.817,0.0122274690758145,2.81669207045162,"05_rr_to_or",1000
0.75,300,0.15,0.5,0.5,"vanderweele_rr_squared","population",1000,1000,0,-0.352746487324797,0.0219177275034011,0.693099400456633,0.0155059286493893,0.615677929119739,0.88829672730075,0.01987285757849,0.777390813204282,0.884,0.0101264011376204,2.40295915190035,"05_rr_to_or",1000
1,300,0.15,0.5,0.5,"vanderweele_rr_squared","population",1000,1000,0,-0.0279273513980091,0.0205849296327101,0.650952631136574,0.0145630266681604,0.5635710716403,0.865763566630487,0.0193687486709247,0.651226170859059,0.906,0.00922843432007835,2.20081885496346,"05_rr_to_or",1000
2,300,0.15,0.5,0.5,"vanderweele_rr_squared","population",1000,1000,0,0.897557287783282,0.0186413033713785,0.589489772077318,0.0131879876672142,0.470374305369993,0.797934633729825,0.0178512887030919,1.07366651155993,0.503,0.015811103693291,1.83636940830131,"05_rr_to_or",1000
0.25,50,0.3,0.5,0.5,"vanderweele_rr_squared","population",1000,1000,0,-2.04311300562931,0.0547993817896114,1.73290860824326,0.0387684035184991,1.8821512027799,1.08612259978784,0.0242985919850803,2.67848465107618,0.934,0.00785136930732467,7.04803419957074,"05_rr_to_or",1000
0.5,50,0.3,0.5,0.5,"vanderweele_rr_squared","population",1000,1000,0,-1.09851227193938,0.0530751307809001,1.67838300378956,0.0375485638653888,1.34609469151159,0.802018781453516,0.01794265871893,2.00521364186055,0.879,0.0103130499853341,5.05864315062511,"05_rr_to_or",1000
0.75,50,0.3,0.5,0.5,"vanderweele_rr_squared","population",1000,1000,0,-0.595799178596599,0.0454293022514809,1.43660067626895,0.0321394414267489,1.07618201762846,0.749117020063957,0.016759147469327,1.55458494228194,0.827,0.011961229033841,4.1102712248872,"05_rr_to_or",1000
1,50,0.3,0.5,0.5,"vanderweele_rr_squared","population",1000,1000,0,-0.0606359558469425,0.0407069860336932,1.28726792547134,0.0287985887620963,0.940655528199788,0.730737952517041,0.0163479733868837,1.28805216213351,0.849,0.0113224997240009,3.61135290567918,"05_rr_to_or",1000
2,50,0.3,0.5,0.5,"vanderweele_rr_squared","population",1000,1000,0,1.40714040172127,0.0413404122120589,1.30729862000346,0.0292467128262753,0.752999185325358,0.57599631316322,0.0128861137786816,1.92025122375625,0.509,0.0158088266484265,2.88387019177058,"05_rr_to_or",1000
0.25,100,0.3,0.5,0.5,"vanderweele_rr_squared","population",1000,1000,0,-1.89163794123506,0.0444090411548834,1.40433718753586,0.0314176468992308,1.2756072847244,0.90833404971826,0.0203211299208496,2.35552220836057,0.707,0.0143927412260486,4.75020494301903,"05_rr_to_or",1000
0.5,100,0.3,0.5,0.5,"vanderweele_rr_squared","population",1000,1000,0,-0.942786435123159,0.0342431941383317,1.08286487836455,0.0242257106697656,0.853053083972835,0.787774265300024,0.0176239822765963,1.43536406904413,0.755,0.0136005514594078,3.28664775891931,"05_rr_to_or",1000
0.75,100,0.3,0.5,0.5,"vanderweele_rr_squared","population",1000,1000,0,-0.441269257012623,0.0297254315952881,0.94000068272643,0.021029571670572,0.708920065141886,0.754169734308804,0.0168721861280169,1.03799626175969,0.825,0.0120156148406979,2.75306590611629,"05_rr_to_or",1000
1,100,0.3,0.5,0.5,"vanderweele_rr_squared","population",1000,1000,0,-0.0135655852418686,0.029035270856483,0.918175883863941,0.0205413101402258,0.633854562019822,0.690341113461164,0.0154442206154217,0.917816938097447,0.827,0.011961229033841,2.46853850881121,"05_rr_to_or",1000
2,100,0.3,0.5,0.5,"vanderweele_rr_squared","population",1000,1000,0,1.35488317165953,0.0268946942496081,0.850484908025946,0.0190269365296585,0.50727906366176,0.596458630687759,0.0133438940556918,1.59947168247747,0.31,0.0146253205093085,1.97187489131444,"05_rr_to_or",1000
0.25,300,0.3,0.5,0.5,"vanderweele_rr_squared","population",1000,1000,0,-1.74803638133797,0.0241536542273699,0.763805611746435,0.0170877587110024,0.655223569772062,0.857840738134797,0.0191915001936146,1.90747131144978,0.235,0.0134080199880519,2.53720501994483,"05_rr_to_or",1000
0.5,300,0.3,0.5,0.5,"vanderweele_rr_squared","population",1000,1000,0,-0.943566831106997,0.0197971271228487,0.626040128360979,0.0140056874318812,0.472410325122413,0.754600709636967,0.0168818278513883,1.1321893308282,0.479,0.015797436500901,1.8441894897707,"05_rr_to_or",1000
0.75,300,0.3,0.5,0.5,"vanderweele_rr_squared","population",1000,1000,0,-0.402479546159504,0.0170312008002439,0.53857385816453,0.0120489035362368,0.400059340512082,0.742812400652887,0.016618101352875,0.672132073311704,0.763,0.0134473417447464,1.56418523003112,"05_rr_to_or",1000
1,300,0.3,0.5,0.5,"vanderweele_rr_squared","population",1000,1000,0,-0.00559599368750003,0.0157259952166916,0.497299633576586,0.0111255220110214,0.355895174554514,0.715655412803968,0.0160105487916692,0.497082421510962,0.84,0.0115931013969516,1.3922311153094,"05_rr_to_or",1000
2,300,0.3,0.5,0.5,"vanderweele_rr_squared","population",1000,1000,0,1.26542925870562,0.0155099651304311,0.490468162419527,0.0109726892365854,0.285448341798467,0.581991582063804,0.0130202391461904,1.35706656731241,0.061,0.00756828910652864,1.11597111014559,"05_rr_to_or",1000
0.25,50,0.5,0.5,0.5,"vanderweele_rr_squared","population",1000,1000,0,-2.27561343140069,0.0508222804107152,1.60714161981618,0.0359547609908701,1.36737729822817,0.850813196154158,0.0190342809484954,2.7854510893445,0.621,0.0153414145371279,5.05766950310582,"05_rr_to_or",1000
0.5,50,0.5,0.5,0.5,"vanderweele_rr_squared","population",1000,1000,0,-1.22862467266756,0.0416810078991278,1.31806920132714,0.029487670855394,0.884334726848791,0.670931940415855,0.0150100011482199,1.80141269545741,0.636,0.0152152555022911,3.36265234595401,"05_rr_to_or",1000
0.75,50,0.5,0.5,0.5,"vanderweele_rr_squared","population",1000,1000,0,-0.593671386436636,0.037138176002929,1.17441224313464,0.0262737962765766,0.694375936345315,0.591253999951455,0.013227456741231,1.3154127062566,0.691,0.0146122893483533,2.67952439736002,"05_rr_to_or",1000
1,50,0.5,0.5,0.5,"vanderweele_rr_squared","population",1000,1000,0,0.0232820308327921,0.0384943568364684,1.21729844666514,0.0272332407827312,0.595225323132068,0.488972383693352,0.0109392258716076,1.21691238209857,0.652,0.0150630674166984,2.30703205607805,"05_rr_to_or",1000
0.25,100,0.5,0.5,0.5,"vanderweele_rr_squared","population",1000,1000,0,-2.08894240044735,0.036809132176674,1.16400696372481,0.0260410107338399,0.890063035854533,0.76465439090359,0.0171067474866979,2.39107458097296,0.311,0.0146382717559144,3.36858028235223,"05_rr_to_or",1000
0.5,100,0.5,0.5,0.5,"vanderweele_rr_squared","population",1000,1000,0,-1.16646141674646,0.0271959482021116,0.86001139446634,0.019240061831638,0.587347313132341,0.682952943311648,0.0152789334443284,1.44896936329637,0.496,0.0158108823283206,2.2788819964499,"05_rr_to_or",1000
0.75,100,0.5,0.5,0.5,"vanderweele_rr_squared","population",1000,1000,0,-0.519097411050214,0.0256461212720095,0.811001563684448,0.0181436203418287,0.477250967052529,0.588471081220039,0.0131651976493058,0.962563210870515,0.657,0.0150116954405557,1.85964586118242,"05_rr_to_or",1000
1,100,0.5,0.5,0.5,"vanderweele_rr_squared","population",1000,1000,0,0.00854692366836122,0.0240933534266051,0.761898732994945,0.017045098270315,0.40871545843994,0.536443284048159,0.0120012386122606,0.761565650199742,0.702,0.0144636095080032,1.59408650699434,"05_rr_to_or",1000
0.25,300,0.5,0.5,0.5,"vanderweele_rr_squared","population",1000,1000,0,-1.99023708833417,0.0196284492453309,0.620706065522587,0.0138863544794519,0.4738776566066,0.763449373106465,0.0170797889869918,2.08469048339019,0.016,0.00396787096564392,1.84425465430041,"05_rr_to_or",1000
0.5,300,0.5,0.5,0.5,"vanderweele_rr_squared","population",1000,1000,0,-1.10200943466725,0.0161274049661033,0.509993324407971,0.0114095035931713,0.329400789016721,0.645892354373675,0.0144498188218111,1.21419022061841,0.156,0.0114744934528719,1.2873851102217,"05_rr_to_or",1000
0.75,300,0.5,0.5,0.5,"vanderweele_rr_squared","population",1000,1000,0,-0.521866240161412,0.0153655599078824,0.485901668326755,0.0108705282312033,0.268505754718191,0.552592782080404,0.0123625330586942,0.712887581229783,0.491,0.0158088266484265,1.05042345024956,"05_rr_to_or",1000
1,300,0.5,0.5,0.5,"vanderweele_rr_squared","population",1000,1000,0,-0.0285701777998269,0.0145640899955147,0.460556964334981,0.0103035198461471,0.232450519185333,0.504716109376348,0.0112914424324,0.461212380297373,0.696,0.0145459272650457,0.909636743840177,"05_rr_to_or",1000
0.25,50,0.01,0.01,0.5,"dipietrantonj","sample",1000,1000,0,-0.0320954077670276,0.0179358813570453,0.567182369308149,0.0126889293857267,1.38221712930588,2.43698888417831,0.0545199948701848,0.0971873418320256,1,0,5.40129818025713,"05_rr_to_or",1000
0.5,50,0.01,0.01,0.5,"dipietrantonj","sample",1000,1000,0,-0.0508828954893148,0.019056050346837,0.602605223028464,0.013481404811305,1.37384237940303,2.2798381542374,0.0510042394041466,0.131479718865013,1,0,5.36769593928181,"05_rr_to_or",1000
0.75,50,0.01,0.01,0.5,"dipietrantonj","sample",1000,1000,0,-0.0592434663058209,0.0191497721612393,0.605568967028013,0.0135477093023518,1.37247378370319,2.26642027321672,0.0507040563343074,0.146013245623079,1,0,5.36246919567638,"05_rr_to_or",1000
1,50,0.01,0.01,0.5,"dipietrantonj","sample",1000,1000,0,-0.0704998596645977,0.0185199591620594,0.585652531254113,0.0131021414200873,1.37575663135111,2.34910046133511,0.0525537666310371,0.163560125907142,1,0,5.37670061035863,"05_rr_to_or",1000
2,50,0.01,0.01,0.5,"dipietrantonj","sample",1000,1000,0,-0.136780069536909,0.0213705323664215,0.6757955708824,0.0151188096494847,1.34439404684979,1.98935018928044,0.0445054808492245,0.239812782206914,1,0,5.25125437277838,"05_rr_to_or",1000
0.25,100,0.01,0.01,0.5,"dipietrantonj","sample",1000,1000,0,-0.0362088695817825,0.0211606185163008,0.669157512094434,0.0149703038711377,1.32940666127442,1.9866871958344,0.0444459047100143,0.107787064078467,1,0,5.18746496752618,"05_rr_to_or",1000
0.5,100,0.01,0.01,0.5,"dipietrantonj","sample",1000,1000,0,-0.0530257518709897,0.0226984430039806,0.71778779232093,0.0160582541058299,1.32307280262216,1.84326456478742,0.0412372724672841,0.138011848100525,1,0,5.16250065473462,"05_rr_to_or",1000
0.75,100,0.01,0.01,0.5,"dipietrantonj","sample",1000,1000,0,-0.0838403413172959,0.023835196469294,0.753735093205727,0.016862462394411,1.32058392794528,1.7520531282797,0.0391967022033864,0.18359744136448,1,0,5.15342562317207,"05_rr_to_or",1000
1,100,0.01,0.01,0.5,"dipietrantonj","sample",1000,1000,0,-0.103872013844307,0.0235121120649707,0.743518267264324,0.0166338929078897,1.31359337251774,1.76672642805526,0.0395249713365312,0.207349885789063,1,0,5.12701142945248,"05_rr_to_or",1000
2,100,0.01,0.01,0.5,"dipietrantonj","sample",1000,1000,0,-0.16566432436989,0.0256501190842094,0.81112798560654,0.0181464486364461,1.27799650795176,1.57557935446661,0.0352486541406824,0.272796368709288,1,0,4.98570161969732,"05_rr_to_or",1000
0.25,300,0.01,0.01,0.5,"dipietrantonj","sample",1000,1000,0,-0.0407012338984718,0.0287582421714003,0.909415467643314,0.0203453232604701,1.21459245976879,1.33557488626878,0.0298793057370358,0.121002232212669,1,0,4.73096024197,"05_rr_to_or",1000
0.5,300,0.01,0.01,0.5,"dipietrantonj","sample",1000,1000,0,-0.0490219903909358,0.0291665564850351,0.922327499966657,0.0206341895497678,1.20512628698868,1.30661428509098,0.0292314029755985,0.140784498953232,1,0,4.68864025881965,"05_rr_to_or",1000
0.75,300,0.01,0.01,0.5,"dipietrantonj","sample",1000,1000,0,-0.0738379507891271,0.03149550515942,0.995975323613518,0.022281828976232,1.18695236481611,1.19174876794106,0.0266616467299166,0.183154267281181,1,0,4.61566203137908,"05_rr_to_or",1000
1,300,0.01,0.01,0.5,"dipietrantonj","sample",1000,1000,0,-0.0775368006341987,0.0308323728329744,0.975005238196973,0.0218126889827097,1.15737230795223,1.18704214358119,0.0265563507486251,0.192438018930705,1,0,4.49189006914504,"05_rr_to_or",1000
2,300,0.01,0.01,0.5,"dipietrantonj","sample",1000,1000,0,-0.119517453616301,0.0269781322642241,0.853123449722237,0.0190859656375386,1.08411444974816,1.27075917336598,0.0284292571307781,0.256086298477481,1,0,4.19415372357085,"05_rr_to_or",1000
0.25,50,0.05,0.01,0.5,"dipietrantonj","sample",1000,1000,0,-0.0733299944184306,0.0289559343890188,0.915667044476955,0.0204851827153546,1.25655964905215,1.37228882117289,0.0307006650610901,0.132821036755001,1,0,4.89972671354781,"05_rr_to_or",1000
0.5,50,0.05,0.01,0.5,"dipietrantonj","sample",1000,1000,0,-0.0879194094191207,0.0317129846584155,1.0028526292257,0.0224356871530711,1.25212201637786,1.24856033667143,0.0279326276752363,0.168617827817603,1,0,4.88225231896501,"05_rr_to_or",1000
0.75,50,0.05,0.01,0.5,"dipietrantonj","sample",1000,1000,0,-0.0964246445780988,0.0325613662585527,1.02968081103982,0.023035883708902,1.25388575197557,1.21774217653851,0.0272431678491109,0.187841171865082,1,0,4.88801925699874,"05_rr_to_or",1000
1,50,0.05,0.01,0.5,"dipietrantonj","sample",1000,1000,0,-0.112021639066166,0.0330208055500235,1.04420955711603,0.0233609189056926,1.23314889385264,1.18094005695411,0.0264198356689849,0.215062520452293,1,0,4.80259382403306,"05_rr_to_or",1000
2,50,0.05,0.01,0.5,"dipietrantonj","sample",1000,1000,0,-0.136448029295171,0.0300202892941531,0.949324901866924,0.0212381718751149,1.16382322414632,1.22594827319663,0.0274267535645032,0.266173392592361,1,0,4.51972833276606,"05_rr_to_or",1000
0.25,100,0.05,0.01,0.5,"dipietrantonj","sample",1000,1000,0,-0.0439360332855059,0.0298344669914862,0.943448684702077,0.0211067099173835,1.16027413132209,1.22982219397389,0.0275134204107392,0.0929418935497257,1,0,4.52066658532692,"05_rr_to_or",1000
0.5,100,0.05,0.01,0.5,"dipietrantonj","sample",1000,1000,0,-0.0416796329575101,0.0324151558780642,1.02505723284078,0.0229324456254008,1.14019052369223,1.11231889026565,0.0248846519510244,0.114478588439602,1,0,4.42697383031999,"05_rr_to_or",1000
0.75,100,0.05,0.01,0.5,"dipietrantonj","sample",1000,1000,0,-0.039513242661421,0.031942731301634,1.01011785599918,0.022598223851122,1.0722451329316,1.06150497841755,0.0237478497968258,0.129368163971866,1,0,4.14351228459038,"05_rr_to_or",1000
1,100,0.05,0.01,0.5,"dipietrantonj","sample",1000,1000,0,-0.0394527290325135,0.0308197040827692,0.974604617139412,0.0218037263410887,1.03396232292651,1.0609043962477,0.023734413651494,0.138262671906034,1,0,3.9836630389954,"05_rr_to_or",1000
2,100,0.05,0.01,0.5,"dipietrantonj","sample",1000,1000,0,-0.0490113583758779,0.0268047845924,0.847641715021721,0.0189633289896276,0.915562059663299,1.08012860084386,0.0241644950288735,0.170450057033338,1,0,3.51645939526538,"05_rr_to_or",1000
0.25,300,0.05,0.01,0.5,"dipietrantonj","sample",1000,1000,0,-0.00844879712348611,0.0262551423420567,0.830260500928269,0.0185744787534346,0.90444085619213,1.08934588021582,0.0243707027909766,0.027810374497881,1,0,3.47888142091756,"05_rr_to_or",1000
0.5,300,0.05,0.01,0.5,"dipietrantonj","sample",1000,1000,0,-0.00125819130566106,0.0238681300002392,0.754776542897511,0.0168857615699724,0.72106803276846,0.955339748636533,0.0213727352361351,0.00892399385764215,1,0,2.75830370388525,"05_rr_to_or",1000
0.75,300,0.05,0.01,0.5,"dipietrantonj","sample",1000,1000,0,-0.000775426053863173,0.0208221090329966,0.658452902326353,0.014730821748986,0.628463402966151,0.95445460221339,0.021352932856747,0.0210016166613104,1,0,2.41660791901228,"05_rr_to_or",1000
1,300,0.05,0.01,0.5,"dipietrantonj","sample",1000,1000,0,-0.000641641849559946,0.0188731102604566,0.596820149545365,0.013351981908037,0.571074510771779,0.956861981296714,0.0214067904250459,0.0202904968669254,1,0,2.20745806510925,"05_rr_to_or",1000
2,300,0.05,0.01,0.5,"dipietrantonj","sample",1000,1000,0,0,0.0157894199878166,0.499305300944886,0.011170392537654,0.493169465487017,0.987711255125355,0.0220969463226809,0,1,0,1.90846444032701,"05_rr_to_or",1000
0.25,50,0.15,0.01,0.5,"dipietrantonj","sample",1000,1000,0,-0.0865856156981027,0.0328304056470429,1.0381885835191,0.0232262184760971,1.10885899908694,1.06807088489482,0.0238947413931653,0.166381211881389,1,0,4.31462758903558,"05_rr_to_or",1000
0.5,50,0.15,0.01,0.5,"dipietrantonj","sample",1000,1000,0,-0.0416009630313423,0.0335576838148441,1.06118713854676,0.02374073912503,1.04118784379854,0.981153847401877,0.0219502448593436,0.122176674836504,1,0,4.02884486616067,"05_rr_to_or",1000
0.75,50,0.15,0.01,0.5,"dipietrantonj","sample",1000,1000,0,-0.0209585965757635,0.0313020142477748,0.989856603740106,0.022144941779792,0.956809093358771,0.966613840574011,0.0216249577384977,0.0887304241763555,1,0,3.68640438565432,"05_rr_to_or",1000
1,50,0.15,0.01,0.5,"dipietrantonj","sample",1000,1000,0,-0.0183589859921865,0.0296804949886737,0.938579662454222,0.0209977807918962,0.897016164580114,0.955716600799311,0.0213811661231674,0.0965037406709093,1,0,3.45983015579651,"05_rr_to_or",1000
2,50,0.15,0.01,0.5,"dipietrantonj","sample",1000,1000,0,-0.0123649521922943,0.0243670465530653,0.770553669590413,0.0172387253737664,0.782213785406605,1.01513212677631,0.022710402457607,0.0874747305560876,1,0,3.01767989995524,"05_rr_to_or",1000
0.25,100,0.15,0.01,0.5,"dipietrantonj","sample",1000,1000,0,-0.0292064134824336,0.0287567059587057,0.90936688833246,0.0203442364505155,0.918432577476731,1.00996923162762,0.0225948988462243,0.0826431564529721,1,0,3.53599636525165,"05_rr_to_or",1000
0.5,100,0.15,0.01,0.5,"dipietrantonj","sample",1000,1000,0,-0.0034879022142178,0.0252635249075207,0.7989028043216,0.0178729484882636,0.754078166247792,0.943892250932989,0.0211166333227757,0.0297626372659112,1,0,2.89302956987513,"05_rr_to_or",1000
0.75,100,0.15,0.01,0.5,"dipietrantonj","sample",1000,1000,0,-0.00160235501621101,0.0216991651106475,0.686187850737058,0.0153513043678824,0.64575208261058,0.941071868172769,0.0210535360905243,0.0200756322753418,1,0,2.50039531516796,"05_rr_to_or",1000
1,100,0.15,0.01,0.5,"dipietrantonj","sample",1000,1000,0,0,0.0197134185222249,0.623393029983815,0.0139464668950618,0.5949050777822,0.954301779404954,0.0213495139249718,0,1,0,2.30904252343266,"05_rr_to_or",1000
2,100,0.15,0.01,0.5,"dipietrantonj","sample",1000,1000,0,0,0.0171664071387194,0.542849458001274,0.0121445566935735,0.522960550932497,0.963362020951432,0.0215522084574924,0,1,0,2.03722085012795,"05_rr_to_or",1000
0.25,300,0.15,0.01,0.5,"dipietrantonj","sample",1000,1000,0,-0.000514593471591313,0.0165168822949848,0.522309678970609,0.0116850434579339,0.529744506079332,1.01423451911398,0.0226903212970144,0.0116840651392028,1,0,2.03538950595129,"05_rr_to_or",1000
0.5,300,0.15,0.01,0.5,"dipietrantonj","sample",1000,1000,0,0,0.0132317317977961,0.418424098695101,0.00936092891622291,0.398527283208527,0.952448208531431,0.0213080460811206,0,1,0,1.55278656548853,"05_rr_to_or",1000
0.75,300,0.15,0.01,0.5,"dipietrantonj","sample",1000,1000,0,0,0.0112543004652117,0.355892229419617,0.00796197415928649,0.352415256181568,0.990230263684827,0.0221533012509417,0,1,0,1.37756039575287,"05_rr_to_or",1000
1,300,0.15,0.01,0.5,"dipietrantonj","sample",1000,1000,0,0,0.0108167306286063,0.342055056229009,0.00765241074015577,0.329444790206249,0.963133811960617,0.0215471029959578,0,1,0,1.28884803524315,"05_rr_to_or",1000
2,300,0.15,0.01,0.5,"dipietrantonj","sample",1000,1000,0,0,0.00930857115935518,0.294362866253165,0.00658544733719893,0.293542902089669,0.997214444287985,0.0223095504210256,0,1,0,1.14903113721449,"05_rr_to_or",1000
0.25,50,0.3,0.01,0.5,"dipietrantonj","sample",1000,997,0.003,-0.0914435109094526,0.0333818281144247,1.05404146451466,0.0236163637124368,0.956330086497086,0.907298354659541,0.0203285057188916,0.296655159070049,1,0,3.68997543226627,"05_rr_to_or",1000
0.5,50,0.3,0.01,0.5,"dipietrantonj","sample",1000,1000,0,-0.00661583288851485,0.0258774274267253,0.818316106541619,0.0183072603328191,0.775930358572096,0.94820369826441,0.0212130884555497,0.0683258968350691,1,0,2.99933248448359,"05_rr_to_or",1000
0.75,50,0.3,0.01,0.5,"dipietrantonj","sample",1000,1000,0,-0.000584058794788104,0.023787834208091,0.752237367000354,0.0168289554606847,0.692875580494063,0.921086363014637,0.0206064229970779,0.0184695607898329,1,0,2.69393531894516,"05_rr_to_or",1000
1,50,0.3,0.01,0.5,"dipietrantonj","sample",1000,1000,0,0,0.0208119374291226,0.658131247969365,0.0147236257400067,0.645721848088531,0.981144490678535,0.0219500355319593,0,1,0,2.52123127249788,"05_rr_to_or",1000
2,50,0.3,0.01,0.5,"dipietrantonj","sample",1000,1000,0,0,0.0205760761732242,0.650672660165097,0.0145567631944007,0.624046075482184,0.959078371794266,0.0214563752218176,0,1,0,2.43684595830878,"05_rr_to_or",1000
0.25,100,0.3,0.01,0.5,"dipietrantonj","sample",1000,1000,0,-0.0167866978602772,0.0239700637756057,0.757999971904092,0.0169578756998497,0.693646236247403,0.915100609443253,0.0204725105052628,0.111582423926054,1,0,2.65313021509552,"05_rr_to_or",1000
0.5,100,0.3,0.01,0.5,"dipietrantonj","sample",1000,1000,0,0,0.0166677712640614,0.527081207131377,0.0117917914585247,0.524445891138229,0.995000170832328,0.0222600129864369,0,1,0,2.04019723525912,"05_rr_to_or",1000
0.75,100,0.3,0.01,0.5,"dipietrantonj","sample",1000,1000,0,0,0.0146533895897404,0.4633808654538,0.0103666957906544,0.469659294154699,1.01354917556803,0.0226749888813222,0,1,0,1.83685606169119,"05_rr_to_or",1000
1,100,0.3,0.01,0.5,"dipietrantonj","sample",1000,1000,0,0,0.0142337506566973,0.450110717220809,0.0100698177793158,0.445349796920116,0.989422779510586,0.022135236321174,0,1,0,1.74330763706207,"05_rr_to_or",1000
2,100,0.3,0.01,0.5,"dipietrantonj","sample",1000,1000,0,0,0.0131750543856943,0.416631801553844,0.00932083188025301,0.430054080267407,1.03221616464107,0.0230926043062883,0,1,0,1.68440667964012,"05_rr_to_or",1000
0.25,300,0.3,0.01,0.5,"dipietrantonj","sample",1000,1000,0,0,0.0123443792592589,0.390363547602003,0.0087331619569304,0.36936799226805,0.946215379322869,0.0211686060456393,0,1,0,1.43692037102735,"05_rr_to_or",1000
0.5,300,0.3,0.01,0.5,"dipietrantonj","sample",1000,1000,0,0,0.00927877671938882,0.293420683334137,0.00656436894482476,0.293111768798842,0.998947195774392,0.0223483153094351,0,1,0,1.14715990924778,"05_rr_to_or",1000
0.75,300,0.3,0.01,0.5,"dipietrantonj","sample",1000,1000,0,0,0.00854408743422302,0.270187768197688,0.00604460522235472,0.267335098398967,0.989441898803377,0.0221356640554783,0,1,0,1.0471606950495,"05_rr_to_or",1000
1,300,0.3,0.01,0.5,"dipietrantonj","sample",1000,1000,0,0,0.00795655710567649,0.251608427871347,0.00562895066362453,0.253553526749183,1.00773065868378,0.0225448177866812,0,1,0,0.993553162352362,"05_rr_to_or",1000
2,300,0.3,0.01,0.5,"dipietrantonj","sample",1000,1000,0,0,0.0080127410666122,0.253385120716615,0.00566869860233642,0.245210910382111,0.967739974978063,0.0216501514693065,0,1,0,0.960958035891074,"05_rr_to_or",1000
0.25,50,0.5,0.01,0.5,"dipietrantonj","sample",1000,984,0.016,-0.0401348288642573,0.02878169357655,0.902846449277101,0.0203620799173779,0.804856478214225,0.89146551870328,0.0201054034713844,0.271481542889464,1,0,3.08929504163746,"05_rr_to_or",1000
0.5,50,0.5,0.01,0.5,"dipietrantonj","sample",1000,1000,0,0,0.021878423068893,0.69185648510473,0.015478122310571,0.643898593030999,0.93068231185768,0.0208211023027956,0,1,0,2.50612627945357,"05_rr_to_or",1000
0.75,50,0.5,0.01,0.5,"dipietrantonj","sample",1000,1000,0,0,0.0193685207246992,0.612486403982246,0.0137024652922982,0.590035383970313,0.963344459785619,0.0215518155814,0,1,0,2.31005336817436,"05_rr_to_or",1000
1,50,0.5,0.01,0.5,"dipietrantonj","sample",1000,1000,0,0,0.0188923783716179,0.597429460720156,0.0133656133375194,0.578602474366748,0.968486679028662,0.0216668566341403,0,1,0,2.26740903402792,"05_rr_to_or",1000
0.25,100,0.5,0.01,0.5,"dipietrantonj","sample",1000,998,0.002,-0.00354320310577307,0.019004184127968,0.600363803323429,0.0134447249901465,0.552063418685503,0.919548140026847,0.0205926336488367,0.111933818268933,0.998997995991984,0.00100150187618391,2.12854632056723,"05_rr_to_or",1000
0.5,100,0.5,0.01,0.5,"dipietrantonj","sample",1000,1000,0,0,0.0142303894856149,0.450004427658551,0.0100674398832053,0.441397375002288,0.980873404510602,0.0219439708278562,0,1,0,1.72705683402445,"05_rr_to_or",1000
0.75,100,0.5,0.01,0.5,"dipietrantonj","sample",1000,1000,0,0,0.0135906166322893,0.429773033642014,0.00961482579655127,0.41191099030111,0.958438426930755,0.0214420584594794,0,1,0,1.61415901136559,"05_rr_to_or",1000
1,100,0.5,0.01,0.5,"dipietrantonj","sample",1000,1000,0,0,0.0125989519198094,0.398413841975487,0.00891326208409772,0.404210462571101,1.01454924499328,0.0226973623030018,0,1,0,1.58438623695497,"05_rr_to_or",1000
0.25,300,0.5,0.01,0.5,"dipietrantonj","sample",1000,1000,0,0,0.00969654935142799,0.306631813947409,0.00685992662173546,0.301491502954935,0.983236211121408,0.0219968312266609,0,1,0,1.17890442241239,"05_rr_to_or",1000
0.5,300,0.5,0.01,0.5,"dipietrantonj","sample",1000,1000,0,0,0.00816261000156913,0.25812439256629,0.00577472496897692,0.250958487110598,0.972238557602214,0.0217507931682425,0,1,0,0.983319402515799,"05_rr_to_or",1000
0.75,300,0.5,0.01,0.5,"dipietrantonj","sample",1000,1000,0,0,0.00717009796221249,0.226738406071234,0.00507256180614283,0.235562547742737,1.03891771943008,0.0232425306088214,0,1,0,0.923325274211862,"05_rr_to_or",1000
1,300,0.5,0.01,0.5,"dipietrantonj","sample",1000,1000,0,0,0.00714233465558554,0.225860453228046,0.00505292036057956,0.231650224636307,1.02563428579688,0.0229453553782563,0,1,0,0.908047846541054,"05_rr_to_or",1000
0.25,50,0.01,0.05,0.5,"dipietrantonj","sample",1000,1000,0,-0.0298793119346628,0.017982571294856,0.568658834781083,0.0127219606771425,1.38245993064727,2.43108845953212,0.054387991345864,0.0922157225580244,1,0,5.40218103357965,"05_rr_to_or",1000
0.5,50,0.01,0.05,0.5,"dipietrantonj","sample",1000,1000,0,-0.0511103866777855,0.0186005569621319,0.588201257480391,0.0131591611880823,1.37844450053629,2.34349125066643,0.0524282781075288,0.1332857313172,1,0,5.38662786154915,"05_rr_to_or",1000
0.75,50,0.01,0.05,0.5,"dipietrantonj","sample",1000,1000,0,-0.0711827067390532,0.0202332774750898,0.639832413514647,0.014314246621752,1.36674221447649,2.13609405464295,0.0477884153093431,0.161670643785181,1,0,5.33944441569483,"05_rr_to_or",1000
1,50,0.01,0.05,0.5,"dipietrantonj","sample",1000,1000,0,-0.0832488304118286,0.0203587134261544,0.643799046572979,0.014402987614949,1.36229465321965,2.11602465159169,0.0473394252632637,0.178408728547769,1,0,5.32209188960316,"05_rr_to_or",1000
2,50,0.01,0.05,0.5,"dipietrantonj","sample",1000,1000,0,-0.124293274193845,0.021106348714685,0.667441350281721,0.0149319101247267,1.35018657322958,2.02292916472688,0.0452567052725165,0.227471610738093,1,0,5.27414402411463,"05_rr_to_or",1000
0.25,100,0.01,0.05,0.5,"dipietrantonj","sample",1000,1000,0,-0.0344194118199828,0.0223107642828946,0.705528314730801,0.0157839866852174,1.32385615113295,1.87640399894946,0.041978663530758,0.102806900938059,1,0,5.16370162785677,"05_rr_to_or",1000
0.5,100,0.01,0.05,0.5,"dipietrantonj","sample",1000,1000,0,-0.0615938463769879,0.0235405056877775,0.744416152455254,0.0166539802773157,1.31530002257135,1.76688807494732,0.0395285876795448,0.150565703720908,1,0,5.13157749435899,"05_rr_to_or",1000
0.75,100,0.01,0.05,0.5,"dipietrantonj","sample",1000,1000,0,-0.100195872512592,0.0247060918429341,0.781275223049787,0.0174785865579517,1.30607516774382,1.67172224231741,0.0373995501855764,0.199880068371622,1,0,5.09685383194881,"05_rr_to_or",1000
1,100,0.01,0.05,0.5,"dipietrantonj","sample",1000,1000,0,-0.12110547704268,0.0253327049038242,0.801090467890014,0.017921890609954,1.29993467163755,1.62270645294463,0.0363029753909552,0.224213912612985,1,0,5.07205475786454,"05_rr_to_or",1000
2,100,0.01,0.05,0.5,"dipietrantonj","sample",1000,1000,0,-0.180737827167717,0.025286686644714,0.799635242762571,0.0178893345047545,1.27709913681722,1.59710211421536,0.035730158491692,0.286859282337165,1,0,4.98246002782752,"05_rr_to_or",1000
0.25,300,0.01,0.05,0.5,"dipietrantonj","sample",1000,1000,0,-0.0378093723900753,0.0273712751286279,0.865555718695825,0.019364098724261,1.21520471393864,1.40395896842972,0.0314091854311214,0.116067434401675,1,0,4.735500393537,"05_rr_to_or",1000
0.5,300,0.01,0.05,0.5,"dipietrantonj","sample",1000,1000,0,-0.0514812952012047,0.0287811414277109,0.910139605709967,0.0203615235820783,1.2107199594603,1.33025741530703,0.0297603439758889,0.143834043429787,1,0,4.71335786232136,"05_rr_to_or",1000
0.75,300,0.01,0.05,0.5,"dipietrantonj","sample",1000,1000,0,-0.0667103713433582,0.03096553060149,0.979216056563522,0.0219068928575135,1.19245047097251,1.21776033284964,0.0272435740397161,0.173940742856193,1,0,4.63244980119333,"05_rr_to_or",1000
1,300,0.01,0.05,0.5,"dipietrantonj","sample",1000,1000,0,-0.0758561710697833,0.0298813368345654,0.944930839279126,0.0211398684846885,1.16863828258049,1.23674477962009,0.0276682915865453,0.190081128569315,1,0,4.53723936772275,"05_rr_to_or",1000
2,300,0.01,0.05,0.5,"dipietrantonj","sample",1000,1000,0,-0.113593676889999,0.027878076444631,0.881582183493228,0.0197226406873427,1.07857219373879,1.2234505346569,0.0273708744863271,0.25056246697826,1,0,4.16996086067355,"05_rr_to_or",1000
0.25,50,0.05,0.05,0.5,"dipietrantonj","sample",1000,1000,0,-0.0737225253125516,0.028914246705771,0.914348764182568,0.020455690321953,1.25808120905079,1.3759314370327,0.0307821571841277,0.133272056477322,1,0,4.9060803536093,"05_rr_to_or",1000
0.5,50,0.05,0.05,0.5,"dipietrantonj","sample",1000,1000,0,-0.0888929199006325,0.0306675944180106,0.969794487191795,0.0216961147463984,1.26232714440877,1.30164396795454,0.0291202076941833,0.169406315052506,1,0,4.922068180992,"05_rr_to_or",1000
0.75,50,0.05,0.05,0.5,"dipietrantonj","sample",1000,1000,0,-0.0977920651343834,0.0326044475220105,1.03104316020986,0.023066362005395,1.24128562655167,1.20391238161069,0.0269337694955051,0.192278379637428,1,0,4.83659975300174,"05_rr_to_or",1000
1,50,0.05,0.05,0.5,"dipietrantonj","sample",1000,1000,0,-0.117699710925452,0.0331285225464281,1.04761586762954,0.0234371244365953,1.22939435724136,1.17351635769238,0.0262537536452649,0.22236574086018,1,0,4.78753548078941,"05_rr_to_or",1000
2,50,0.05,0.05,0.5,"dipietrantonj","sample",1000,1000,0,-0.142818550314994,0.0309546461406995,0.978871859691514,0.0218991925303524,1.151104493361,1.17595013276178,0.0263082017410934,0.271899899468754,1,0,4.46968927718965,"05_rr_to_or",1000
0.25,100,0.05,0.05,0.5,"dipietrantonj","sample",1000,1000,0,-0.0454994406201809,0.0302956256651482,0.958031802417219,0.0214329615093307,1.15949449389518,1.21028810418365,0.0270764063225454,0.0981929797007134,1,0,4.51440848955264,"05_rr_to_or",1000
0.5,100,0.05,0.05,0.5,"dipietrantonj","sample",1000,1000,0,-0.0400064654590266,0.0320209148442527,1.01259023670134,0.0226535356270903,1.12739045509988,1.11337282766276,0.0249082304998875,0.113401843852324,1,0,4.37282320858931,"05_rr_to_or",1000
0.75,100,0.05,0.05,0.5,"dipietrantonj","sample",1000,1000,0,-0.0402058834766005,0.0320104901287675,1.01226057825242,0.0226461605516187,1.08289371827098,1.06977762597502,0.0239329243801874,0.130991000335471,1,0,4.18483451601791,"05_rr_to_or",1000
1,100,0.05,0.05,0.5,"dipietrantonj","sample",1000,1000,0,-0.0427193726753525,0.0314781862129783,0.995427650439215,0.0222695765039916,1.0441079191388,1.0489038743078,0.0234659395526377,0.143256262363394,1,0,4.027804504495,"05_rr_to_or",1000
2,100,0.05,0.05,0.5,"dipietrantonj","sample",1000,1000,0,-0.0432926639011699,0.026780338001824,0.846868645949262,0.0189460339899916,0.91263802840121,1.07766184610392,0.0241093091161923,0.160898683559107,1,0,3.5043506731922,"05_rr_to_or",1000
0.25,300,0.05,0.05,0.5,"dipietrantonj","sample",1000,1000,0,-0.00813030207938987,0.0261447829419019,0.826770630271278,0.0184964038259895,0.904614279997722,1.09415386429596,0.0244782663786018,0.0223290484247831,1,0,3.47953219564975,"05_rr_to_or",1000
0.5,300,0.05,0.05,0.5,"dipietrantonj","sample",1000,1000,0,-0.00174040125151376,0.0239933915833108,0.758737661955756,0.0169743792046846,0.737601295288784,0.972142721092175,0.0217486491264417,0.0212366952320958,1,0,2.81591338164467,"05_rr_to_or",1000
0.75,300,0.05,0.05,0.5,"dipietrantonj","sample",1000,1000,0,-0.000751785485401713,0.0210272874818188,0.664941214576938,0.0148759774174893,0.628964824153617,0.945895381975668,0.0211614471070651,0.0187805210963387,1,0,2.4210794088254,"05_rr_to_or",1000
1,300,0.05,0.05,0.5,"dipietrantonj","sample",1000,1000,0,-2.78705807631865e-05,0.0189213124197346,0.598344435659931,0.0133860830365594,0.572909242073128,0.957490715930616,0.0214208563936015,0.000881345149233432,1,0,2.21313226918029,"05_rr_to_or",1000
2,300,0.05,0.05,0.5,"dipietrantonj","sample",1000,1000,0,0,0.0155649707512043,0.492207592877076,0.011011603546059,0.492516463053873,1.00062752013839,0.0223859073051557,0,1,0,1.90990998089775,"05_rr_to_or",1000
0.25,50,0.15,0.05,0.5,"dipietrantonj","sample",1000,1000,0,-0.0921394056577111,0.0337217532221162,1.06637546876009,0.0238568117663343,1.10363498805374,1.03494033798149,0.0231535491540509,0.176145344436734,1,0,4.29663787454387,"05_rr_to_or",1000
0.5,50,0.15,0.05,0.5,"dipietrantonj","sample",1000,1000,0,-0.0388982627541627,0.0323514326784646,1.0230421283355,0.0228873639723804,1.03391885027559,1.01063174393198,0.0226097204843819,0.119632870746102,1,0,3.99620613528403,"05_rr_to_or",1000
0.75,50,0.15,0.05,0.5,"dipietrantonj","sample",1000,1000,0,-0.0204385604517834,0.0312624474308635,0.98860539112808,0.0221169498157613,0.955979174081856,0.966997735052816,0.0216335461752981,0.0944739243875854,1,0,3.68545978415201,"05_rr_to_or",1000
1,50,0.15,0.05,0.5,"dipietrantonj","sample",1000,1000,0,-0.0111932010667751,0.0286301382942823,0.905364467355401,0.0202546948147066,0.891594164224109,0.984790320773782,0.0220315995634495,0.0703758665575192,1,0,3.4344953004284,"05_rr_to_or",1000
2,50,0.15,0.05,0.5,"dipietrantonj","sample",1000,1000,0,-0.00874679029023738,0.0250838540988395,0.793221114476832,0.0177458384701581,0.781962187688289,0.985806067711688,0.0220543237203809,0.0728347947235648,1,0,3.01738809734112,"05_rr_to_or",1000
0.25,100,0.15,0.05,0.5,"dipietrantonj","sample",1000,1000,0,-0.0315703655190752,0.0285086025535902,0.901521169778376,0.0201687130666796,0.917953398718666,1.01822722470769,0.0227796455815446,0.0882304162192616,1,0,3.53458738168212,"05_rr_to_or",1000
0.5,100,0.15,0.05,0.5,"dipietrantonj","sample",1000,1000,0,-0.00266658301570681,0.0236825849172518,0.748909092188659,0.0167544957342419,0.747604951418984,0.998258612716446,0.0223329104198065,0.0233587053045154,1,0,2.87233879619017,"05_rr_to_or",1000
0.75,100,0.15,0.05,0.5,"dipietrantonj","sample",1000,1000,0,-0.000305025583917816,0.0211944994186756,0.670228920301296,0.0149942732746591,0.648359779910828,0.967370640496031,0.0216418887668394,0.00734060843722149,1,0,2.50740141000934,"05_rr_to_or",1000
1,100,0.15,0.05,0.5,"dipietrantonj","sample",1000,1000,0,0,0.0198054120002757,0.626302119189025,0.0140115486562363,0.600350527306035,0.958563780820998,0.0214448628602287,0,1,0,2.33044641243358,"05_rr_to_or",1000
2,100,0.15,0.05,0.5,"dipietrantonj","sample",1000,1000,0,0,0.0167664857836891,0.530202834332908,0.0118616280918056,0.527312110455225,0.994547890560939,0.022249894631677,0,1,0,2.05127628988945,"05_rr_to_or",1000
0.25,300,0.15,0.05,0.5,"dipietrantonj","sample",1000,1000,0,-0.000248565174507521,0.0163536326523439,0.517147271991074,0.0115695507678074,0.5249772294127,1.01514067238812,0.0227105936389107,0.0078603209844099,1,0,2.0167817438538,"05_rr_to_or",1000
0.5,300,0.15,0.05,0.5,"dipietrantonj","sample",1000,1000,0,0,0.0130851897716642,0.413790032939976,0.00925725620649584,0.399929530470493,0.966503537141762,0.0216224900446155,0,1,0,1.55859356340065,"05_rr_to_or",1000
0.75,300,0.15,0.05,0.5,"dipietrantonj","sample",1000,1000,0,0,0.0112811237787372,0.356740457070948,0.00798095059676618,0.35259229830625,0.988372054017206,0.022111729628599,0,1,0,1.37844584266468,"05_rr_to_or",1000
1,300,0.15,0.05,0.5,"dipietrantonj","sample",1000,1000,0,0,0.010540420579599,0.333317365276449,0.00745693226710912,0.329255518618609,0.987813876260328,0.0220992421492185,0,1,0,1.28818970744071,"05_rr_to_or",1000
2,300,0.15,0.05,0.5,"dipietrantonj","sample",1000,1000,0,0,0.00897346192543899,0.283765781811872,0.00634837075751933,0.294098353039448,1.0364123227318,0.0231864802033294,0,1,0,1.15111302666972,"05_rr_to_or",1000
0.25,50,0.3,0.05,0.5,"dipietrantonj","sample",1000,999,0.001,-0.0964183269162273,0.0333068216296847,1.05272742089515,0.0235632758182485,0.959407029054815,0.911353698984125,0.0203988973317365,0.288140641023143,1,0,3.70293781450659,"05_rr_to_or",1000
0.5,50,0.3,0.05,0.5,"dipietrantonj","sample",1000,1000,0,-0.0103790638414155,0.026312434415104,0.832072235355291,0.0186150106378058,0.780912317387838,0.938515052187015,0.020996335339494,0.104036121640477,1,0,3.01372755806009,"05_rr_to_or",1000
0.75,50,0.3,0.05,0.5,"dipietrantonj","sample",1000,1000,0,0,0.0217799608864283,0.688742837504932,0.0154084641958908,0.686385391751462,0.996577175652367,0.0222952935309059,0,1,0,2.67099462408972,"05_rr_to_or",1000
1,50,0.3,0.05,0.5,"dipietrantonj","sample",1000,1000,0,0,0.0211982216632127,0.670346628008748,0.0149969066160125,0.646938495364928,0.965080554349391,0.0215906552606967,0,1,0,2.52526790394982,"05_rr_to_or",1000
2,50,0.3,0.05,0.5,"dipietrantonj","sample",1000,1000,0,-0.000607589292198298,0.0206337705887821,0.65249711777945,0.0145975797202459,0.622663588148392,0.954277913544528,0.0213489800010805,0.019213660452762,1,0,2.4333280919239,"05_rr_to_or",1000
0.25,100,0.3,0.05,0.5,"dipietrantonj","sample",1000,1000,0,-0.0107027490300871,0.0237718338432055,0.751731391036032,0.0168176358329432,0.693640032080667,0.9227232497564,0.0206430432120257,0.0905250248926908,1,0,2.65114877341622,"05_rr_to_or",1000
0.5,100,0.3,0.05,0.5,"dipietrantonj","sample",1000,1000,0,-0.000563850092074211,0.0167961841169383,0.53114197809069,0.011882638492464,0.529139141506958,0.99622918792649,0.0222875083952605,0.0178305054985016,1,0,2.05921318406953,"05_rr_to_or",1000
0.75,100,0.3,0.05,0.5,"dipietrantonj","sample",1000,1000,0,0,0.0154700527171425,0.489206021090468,0.0109444527767342,0.471009404391467,0.962803776089183,0.0215397194768394,0,1,0,1.84121998979291,"05_rr_to_or",1000
1,100,0.3,0.05,0.5,"dipietrantonj","sample",1000,1000,0,0,0.0140985562755224,0.445835495507112,0.00997417308129811,0.445565605349681,0.999394641835046,0.0223583255138681,0,1,0,1.74437391272676,"05_rr_to_or",1000
2,100,0.3,0.05,0.5,"dipietrantonj","sample",1000,1000,0,0,0.0141829950146574,0.448505682891307,0.0100339101623467,0.429371186281368,0.957337225948647,0.0214174225359077,0,1,0,1.68152330858061,"05_rr_to_or",1000
0.25,300,0.3,0.05,0.5,"dipietrantonj","sample",1000,1000,0,0,0.0119555016406736,0.378066157544084,0.0084580463635737,0.368995716203253,0.976008322459349,0.0218351298519291,0,1,0,1.43565449826966,"05_rr_to_or",1000
0.5,300,0.3,0.05,0.5,"dipietrantonj","sample",1000,1000,0,0,0.0093183435065058,0.294671895003984,0.00659236088777716,0.293668584016234,0.996595158870728,0.0222956958491024,0,1,0,1.14944279091827,"05_rr_to_or",1000
0.75,300,0.3,0.05,0.5,"dipietrantonj","sample",1000,1000,0,0,0.00847629288631637,0.268043916354424,0.00599664325081844,0.266365445152526,0.993738073877122,0.0222317775193117,0,1,0,1.0435009041794,"05_rr_to_or",1000
1,300,0.3,0.05,0.5,"dipietrantonj","sample",1000,1000,0,0,0.00828674421732447,0.262049861139747,0.00586254503573118,0.253611661375317,0.967799258783311,0.0216514777588021,0,1,0,0.99378505286429,"05_rr_to_or",1000
2,300,0.3,0.05,0.5,"dipietrantonj","sample",1000,1000,0,0,0.00777704648983874,0.245931803769079,0.00550195397564416,0.244991859347971,0.996178028190324,0.0222863638563701,0,1,0,0.960127309043122,"05_rr_to_or",1000
0.25,50,0.5,0.05,0.5,"dipietrantonj","sample",1000,983,0.017,-0.0273517876441523,0.0264768505473946,0.830124215678361,0.0187314907074158,0.797107088453178,0.960226281077462,0.0216672027165485,0.236069512355872,1,0,3.06376666743578,"05_rr_to_or",1000
0.5,50,0.5,0.05,0.5,"dipietrantonj","sample",1000,998,0.002,0,0.0203054387800012,0.641471918606168,0.0143653123103349,0.64048913818322,0.998467929157236,0.0223599868024825,0,1,0,2.49745465567491,"05_rr_to_or",1000
0.75,50,0.5,0.05,0.5,"dipietrantonj","sample",1000,1000,0,0,0.0191995822140396,0.607144099200236,0.0135829479521901,0.59019638257971,0.972086170905966,0.0217473839931118,0,1,0,2.31152183638473,"05_rr_to_or",1000
1,50,0.5,0.05,0.5,"dipietrantonj","sample",1000,1000,0,0,0.0188854343189278,0.597209870493226,0.0133607006938371,0.578569514993151,0.968787596419529,0.0216735887184403,0,1,0,2.26729478486746,"05_rr_to_or",1000
0.25,100,0.5,0.05,0.5,"dipietrantonj","sample",1000,999,0.001,0,0.0177241983963822,0.560208052053452,0.0125391783135227,0.544652290230082,0.972232170233272,0.021761544661866,0,1,0,2.10766652557823,"05_rr_to_or",1000
0.5,100,0.5,0.05,0.5,"dipietrantonj","sample",1000,1000,0,0,0.0142457640678526,0.450490614637997,0.0100783167943793,0.441896690253059,0.980923188839696,0.0219450845963204,0,1,0,1.72885168153902,"05_rr_to_or",1000
0.75,100,0.5,0.05,0.5,"dipietrantonj","sample",1000,1000,0,0,0.0130091387591515,0.411385088760953,0.00920345311155575,0.411392231287459,1.00001736214243,0.0223722569307017,0,1,0,1.61217044178294,"05_rr_to_or",1000
1,100,0.5,0.05,0.5,"dipietrantonj","sample",1000,1000,0,0,0.0124998030532145,0.395278479516846,0.00884311816745079,0.404097626604523,1.02231122498361,0.0228710122987004,0,1,0,1.58393899259912,"05_rr_to_or",1000
0.25,300,0.5,0.05,0.5,"dipietrantonj","sample",1000,1000,0,0,0.00981184012287723,0.310277628257184,0.00694149030007518,0.300908158705312,0.96980294839657,0.0216963040393591,0,1,0,1.1762426251553,"05_rr_to_or",1000
0.5,300,0.5,0.05,0.5,"dipietrantonj","sample",1000,1000,0,0,0.00809112131196672,0.255863721705446,0.00572414953774021,0.250540087040773,0.979193476006723,0.021906387688266,0,1,0,0.981679126355901,"05_rr_to_or",1000
0.75,300,0.5,0.05,0.5,"dipietrantonj","sample",1000,1000,0,0,0.00759450406093924,0.240159305319662,0.00537281239937616,0.235660861278876,0.981268916335352,0.0219528191663925,0,1,0,0.923707994093541,"05_rr_to_or",1000
1,300,0.5,0.05,0.5,"dipietrantonj","sample",1000,1000,0,0,0.00729504373382865,0.230689538294377,0.00516095601669328,0.231721720714481,1.0044743356276,0.0224719677554515,0,1,0,0.908326326831829,"05_rr_to_or",1000
0.25,50,0.01,0.15,0.5,"dipietrantonj","sample",1000,1000,0,-0.0346115094259247,0.0187306409814809,0.592314875363713,0.0132511905064565,1.37892731931188,2.32803087794334,0.0520824006818964,0.101179614317404,1,0,5.38768170116521,"05_rr_to_or",1000
0.5,50,0.01,0.15,0.5,"dipietrantonj","sample",1000,1000,0,-0.0473184301269558,0.0187317383077303,0.592349575866559,0.0132519668215433,1.37661392438375,2.32398904374985,0.051991977298792,0.125965453294468,1,0,5.37906414577643,"05_rr_to_or",1000
0.75,50,0.01,0.15,0.5,"dipietrantonj","sample",1000,1000,0,-0.0596056597697128,0.0186636123416143,0.590195243659298,0.0132037703846818,1.37450689524568,2.32890202015782,0.0521018897609699,0.146849800419579,1,0,5.37108759187271,"05_rr_to_or",1000
1,50,0.01,0.15,0.5,"dipietrantonj","sample",1000,1000,0,-0.0784652975136723,0.0198483458961749,0.627659808187686,0.014041922695988,1.3658712404706,2.17613303043003,0.0486841620108119,0.172563079020497,1,0,5.33656523759256,"05_rr_to_or",1000
2,50,0.01,0.15,0.5,"dipietrantonj","sample",1000,1000,0,-0.141117894773352,0.0207671491131709,0.65671491705966,0.0146919397711322,1.34646895322921,2.05030968271258,0.0458692586205498,0.243297580539528,1,0,5.25970691068544,"05_rr_to_or",1000
0.25,100,0.01,0.15,0.5,"dipietrantonj","sample",1000,1000,0,-0.0419226019768296,0.0220277493605865,0.696578597067709,0.0155837647784828,1.31725400374519,1.89103427709415,0.0423059701896339,0.116797348241492,1,0,5.13843213357928,"05_rr_to_or",1000
0.5,100,0.01,0.15,0.5,"dipietrantonj","sample",1000,1000,0,-0.0637396967068192,0.0231231847989256,0.731219307215874,0.0163587421909113,1.31835668780915,1.80295661616049,0.04033550834081,0.153453498102363,1,0,5.1442770326017,"05_rr_to_or",1000
0.75,100,0.01,0.15,0.5,"dipietrantonj","sample",1000,1000,0,-0.0913091997601441,0.0240158560333841,0.759448050241905,0.0169902719180113,1.31198120113094,1.72754568362251,0.03864842487407,0.191067248227873,1,0,5.11956976937658,"05_rr_to_or",1000
1,100,0.01,0.15,0.5,"dipietrantonj","sample",1000,1000,0,-0.108678235690278,0.02368039548859,0.748839856375201,0.0167529467997272,1.31064013625623,1.75022753543121,0.0391558602802325,0.210542493999816,1,0,5.11517628078733,"05_rr_to_or",1000
2,100,0.01,0.15,0.5,"dipietrantonj","sample",1000,1000,0,-0.19226220343893,0.0264354599538148,0.835962644482245,0.0187020463592329,1.27270637238532,1.52244407185631,0.0340599185850353,0.297001623645335,1,0,4.96606579819695,"05_rr_to_or",1000
0.25,300,0.01,0.15,0.5,"dipietrantonj","sample",1000,1000,0,-0.0404842062633941,0.027706859689401,0.876167834292126,0.0196015115789639,1.20671644801418,1.37726631905988,0.0308120209893123,0.121001285810692,1,0,4.70257177317641,"05_rr_to_or",1000
0.5,300,0.01,0.15,0.5,"dipietrantonj","sample",1000,1000,0,-0.0652705473136625,0.0300364656050926,0.949836441734004,0.0212496159777573,1.20961377697887,1.27349691360612,0.0284905054954373,0.164604327283781,1,0,4.71029114621254,"05_rr_to_or",1000
0.75,300,0.01,0.15,0.5,"dipietrantonj","sample",1000,1000,0,-0.0712674406195867,0.0305433463745502,0.965865419070251,0.0216082141510277,1.19717697647218,1.23948632266449,0.0277296250270411,0.177902942138504,1,0,4.65568679590176,"05_rr_to_or",1000
1,300,0.01,0.15,0.5,"dipietrantonj","sample",1000,1000,0,-0.081554900892317,0.0310178330703693,0.980870005852607,0.0219438947935264,1.17090039380702,1.19373656735403,0.0267061175170021,0.197984415291494,1,0,4.54711789817647,"05_rr_to_or",1000
2,300,0.01,0.15,0.5,"dipietrantonj","sample",1000,1000,0,-0.117296511034908,0.0286892389805747,0.907233395155032,0.0202965062216893,1.07716607803733,1.18730867248693,0.0265623134982576,0.254070493357431,1,0,4.16649225624665,"05_rr_to_or",1000
0.25,50,0.05,0.15,0.5,"dipietrantonj","sample",1000,1000,0,-0.0745025837944428,0.0289968091516096,0.91695961796301,0.0205140999994204,1.26102966080903,1.37522922068297,0.030766447292288,0.135177756278636,1,0,4.91622131668466,"05_rr_to_or",1000
0.5,50,0.05,0.15,0.5,"dipietrantonj","sample",1000,1000,0,-0.0892024878484018,0.0314687012338169,0.995127709062122,0.0222628662549434,1.2550547291816,1.26119966086006,0.0282153929740035,0.169241636729228,1,0,4.89375978275205,"05_rr_to_or",1000
0.75,50,0.05,0.15,0.5,"dipietrantonj","sample",1000,1000,0,-0.10032059286666,0.0325421850153031,1.02907424686959,0.0230223137350446,1.24245322886901,1.20735042456704,0.0270106849404463,0.196852741796821,1,0,4.84048648075965,"05_rr_to_or",1000
1,50,0.05,0.15,0.5,"dipietrantonj","sample",1000,1000,0,-0.104348591847634,0.0315017298653147,0.996172166097437,0.0222862327103988,1.23834481715819,1.24310320976893,0.0278105415497469,0.208410526800479,1,0,4.82094579945313,"05_rr_to_or",1000
2,50,0.05,0.15,0.5,"dipietrantonj","sample",1000,1000,0,-0.142681993173029,0.0294030932444328,0.929807449067176,0.0208015299874847,1.15979780798852,1.24735267409621,0.0279056100069025,0.271054993651547,1,0,4.50648234960139,"05_rr_to_or",1000
0.25,100,0.05,0.15,0.5,"dipietrantonj","sample",1000,1000,0,-0.0500524291973994,0.0304252553733098,0.962131053719354,0.0215246694204398,1.1570986853295,1.20264144978634,0.0269053363758491,0.10891689105364,1,0,4.50864187230169,"05_rr_to_or",1000
0.5,100,0.05,0.15,0.5,"dipietrantonj","sample",1000,1000,0,-0.0435169688341415,0.0320246386667774,1.01270799430915,0.0226561700848078,1.12795186176136,1.11379772659031,0.0249177362828234,0.119894277626954,1,0,4.3758720366062,"05_rr_to_or",1000
0.75,100,0.05,0.15,0.5,"dipietrantonj","sample",1000,1000,0,-0.0443935155309618,0.0318571489307969,1.00741150380516,0.0225376776957033,1.08514122139107,1.07715786179958,0.0240980340456059,0.139838283015305,1,0,4.18984024432979,"05_rr_to_or",1000
1,100,0.05,0.15,0.5,"dipietrantonj","sample",1000,1000,0,-0.041856487345758,0.0315928580560774,0.999053892516043,0.0223507023149094,1.03489139705594,1.03587144278037,0.0231743797081777,0.143076815645777,1,0,3.98978687485091,"05_rr_to_or",1000
2,100,0.05,0.15,0.5,"dipietrantonj","sample",1000,1000,0,-0.0483396032618158,0.0270846575977781,0.856492076547633,0.0191613281139259,0.922120851461386,1.07662508120132,0.0240861147481186,0.168556939158381,1,0,3.54535390384922,"05_rr_to_or",1000
0.25,300,0.05,0.15,0.5,"dipietrantonj","sample",1000,1000,0,-0.00890507078896428,0.02626356737433,0.830526923841707,0.0185804391318213,0.903031300169888,1.08729924852141,0.0243249158158268,0.0237403959615964,1,0,3.46776836729035,"05_rr_to_or",1000
0.5,300,0.05,0.15,0.5,"dipietrantonj","sample",1000,1000,0,-0.00194594059142009,0.0245353398183737,0.775875569922829,0.0173577862282113,0.740542500227503,0.954460391504735,0.0213530623740117,0.0198204343345748,1,0,2.83263033752393,"05_rr_to_or",1000
0.75,300,0.05,0.15,0.5,"dipietrantonj","sample",1000,1000,0,-0.000257037616404986,0.02079116504,0.657474367348658,0.0147089300931354,0.627495898722733,0.954403593334266,0.0213517916928105,0.00410116020092546,1,0,2.41678332645387,"05_rr_to_or",1000
1,300,0.05,0.15,0.5,"dipietrantonj","sample",1000,1000,0,0,0.0189559574207079,0.599440006786075,0.0134105930097337,0.575559479854324,0.960161940041694,0.0214806166681676,0,1,0,2.22703173985967,"05_rr_to_or",1000
2,300,0.05,0.15,0.5,"dipietrantonj","sample",1000,1000,0,0,0.0166853442142287,0.527636912608752,0.0118042236283932,0.49175066213674,0.931986846229954,0.0208502871742352,0,1,0,1.9036494724207,"05_rr_to_or",1000
0.25,50,0.15,0.15,0.5,"dipietrantonj","sample",1000,1000,0,-0.0802266707074478,0.0316405351749499,1.00056157539516,0.0223844319980315,1.11016064159092,1.10953755260137,0.0248224282305254,0.152862142171279,1,0,4.32007351596751,"05_rr_to_or",1000
0.5,50,0.15,0.15,0.5,"dipietrantonj","sample",1000,1000,0,-0.0416845969778517,0.0320892850213172,1.01475229153687,0.022701904833576,1.03136457514395,1.01637077713017,0.02273811338045,0.121371740819625,1,0,3.98750638792481,"05_rr_to_or",1000
0.75,50,0.15,0.15,0.5,"dipietrantonj","sample",1000,1000,0,-0.0194202926603371,0.0318782595470234,1.00807908010602,0.0225526126249245,0.958747087762867,0.951063370605845,0.0212770646691458,0.0871728453773398,1,0,3.69263089538123,"05_rr_to_or",1000
1,50,0.15,0.15,0.5,"dipietrantonj","sample",1000,1000,0,-0.0127399102272876,0.0290280649785834,0.917948013996903,0.0205362122655236,0.895304790718271,0.975332782539569,0.0218200167616725,0.078877141953939,1,0,3.45170198529859,"05_rr_to_or",1000
2,50,0.15,0.15,0.5,"dipietrantonj","sample",1000,1000,0,-0.00859385231789483,0.0257456612852998,0.814149295287654,0.0182140409793513,0.784559924186976,0.963656087069111,0.0215587872660096,0.0726523622614854,1,0,3.0246552082681,"05_rr_to_or",1000
0.25,100,0.15,0.15,0.5,"dipietrantonj","sample",1000,1000,0,-0.0282662144179526,0.0284364568441877,0.899239722127169,0.0201176728198209,0.911856833806788,1.01403086559585,0.0226857651872858,0.0853604883374354,1,0,3.51041035200836,"05_rr_to_or",1000
0.5,100,0.15,0.15,0.5,"dipietrantonj","sample",1000,1000,0,-0.00646454339774991,0.0250515796306199,0.792200506178385,0.0177230055555079,0.75173670620598,0.948922274529204,0.021229164349258,0.0432922891442057,1,0,2.88638322960074,"05_rr_to_or",1000
0.75,100,0.15,0.15,0.5,"dipietrantonj","sample",1000,1000,0,-0.00155119031315487,0.0228521209642484,0.72264751612708,0.0161669752078021,0.658740345277975,0.911565224507231,0.020393417338352,0.0238945814182338,1,0,2.54152575152003,"05_rr_to_or",1000
1,100,0.15,0.15,0.5,"dipietrantonj","sample",1000,1000,0,0,0.0191189083720952,0.604592968318828,0.0135258743875667,0.595208530691511,0.98447809002243,0.0220246143781364,0,1,0,2.31512169490356,"05_rr_to_or",1000
2,100,0.15,0.15,0.5,"dipietrantonj","sample",1000,1000,0,0,0.0170467630363904,0.539065979281616,0.0120599132051578,0.526850346232595,0.97733926176291,0.0218649054510194,0,1,0,2.04839232859035,"05_rr_to_or",1000
0.25,300,0.15,0.15,0.5,"dipietrantonj","sample",1000,1000,0,-0.000773149871452576,0.0176026742970391,0.556645436887469,0.0124531985191427,0.532622391358541,0.956843182505448,0.0214063698609596,0.0128001355380372,1,0,2.03995614964112,"05_rr_to_or",1000
0.5,300,0.15,0.15,0.5,"dipietrantonj","sample",1000,1000,0,0,0.0128415011496783,0.406083922086544,0.00908485610778146,0.398006829749244,0.980109795296013,0.0219268874629166,0,1,0,1.55109517455076,"05_rr_to_or",1000
0.75,300,0.15,0.15,0.5,"dipietrantonj","sample",1000,1000,0,0,0.0112533878348365,0.35586336951314,0.00796132850925366,0.352384348570826,0.990223717189342,0.0221531547936055,0,1,0,1.37738206215708,"05_rr_to_or",1000
1,300,0.15,0.15,0.5,"dipietrantonj","sample",1000,1000,0,0,0.0104165955178468,0.32940167301097,0.00736933091463143,0.328372014645155,0.996874155627678,0.0223019375278628,0,1,0,1.28490163134425,"05_rr_to_or",1000
2,300,0.15,0.15,0.5,"dipietrantonj","sample",1000,1000,0,0,0.00932470446805114,0.294873046269904,0.00659686101744838,0.293010204650906,0.99368256392857,0.0222305356580419,0,1,0,1.1467862687241,"05_rr_to_or",1000
0.25,50,0.3,0.15,0.5,"dipietrantonj","sample",1000,997,0.003,-0.104958985556986,0.0343845088839062,1.08570141744122,0.024325721919494,0.964781506228272,0.888625077511708,0.0199101209402345,0.318063725710021,1,0,3.72538633024766,"05_rr_to_or",1000
0.5,50,0.3,0.15,0.5,"dipietrantonj","sample",1000,999,0.001,-0.00953536653207007,0.0270843986439132,0.85605553864951,0.0191611545140389,0.782680188815438,0.914286694587799,0.0204645467895271,0.0947893791560902,1,0,3.02083702508342,"05_rr_to_or",1000
0.75,50,0.3,0.15,0.5,"dipietrantonj","sample",1000,1000,0,-0.00148282128085211,0.0230080398327608,0.727578103674037,0.0162772816640656,0.693145072977778,0.952674454436736,0.0213131076247644,0.0334350502018985,1,0,2.69098878272782,"05_rr_to_or",1000
1,50,0.3,0.15,0.5,"dipietrantonj","sample",1000,1000,0,0,0.0219599426854275,0.694434361727055,0.0155357942273933,0.650721481133294,0.937052538003667,0.0209636161644944,0,1,0,2.53846965365695,"05_rr_to_or",1000
2,50,0.3,0.15,0.5,"dipietrantonj","sample",1000,1000,0,0,0.0205887957605364,0.651074888833138,0.0145657618012719,0.622192408916732,0.955638774568362,0.0213794250049622,0,1,0,2.43119010085031,"05_rr_to_or",1000
0.25,100,0.3,0.15,0.5,"dipietrantonj","sample",1000,1000,0,-0.0133009828875795,0.024384643817,0.771110143936621,0.0172511747446674,0.695242904876947,0.901612967153614,0.0201707667454877,0.0906470843130826,1,0,2.65551821792185,"05_rr_to_or",1000
0.5,100,0.3,0.15,0.5,"dipietrantonj","sample",1000,1000,0,0,0.0165206340396456,0.522428319553885,0.0116876976694626,0.528078408488837,1.01081505102897,0.0226138214066521,0,1,0,2.05344379790519,"05_rr_to_or",1000
0.75,100,0.3,0.15,0.5,"dipietrantonj","sample",1000,1000,0,0,0.0145080277356804,0.458784120016453,0.0102638580061693,0.469929797036035,1.02429394683317,0.0229153694912051,0,1,0,1.83725736262666,"05_rr_to_or",1000
1,100,0.3,0.15,0.5,"dipietrantonj","sample",1000,1000,0,0,0.0143341442716418,0.453285442078435,0.0101408423063769,0.445360939078223,0.982517631795374,0.0219807552644669,0,1,0,1.74318376043122,"05_rr_to_or",1000
2,100,0.3,0.15,0.5,"dipietrantonj","sample",1000,1000,0,0,0.013946054572111,0.441012968208758,0.00986628413470727,0.429271101514654,0.973375234878477,0.0217762227628021,0,1,0,1.68133457109281,"05_rr_to_or",1000
0.25,300,0.3,0.15,0.5,"dipietrantonj","sample",1000,1000,0,0,0.0120089714393679,0.379757021043132,0.00849587413943792,0.370215653932152,0.97487507384387,0.0218097769629178,0,1,0,1.44198721231506,"05_rr_to_or",1000
0.5,300,0.3,0.15,0.5,"dipietrantonj","sample",1000,1000,0,0,0.00945074725606552,0.298858869197536,0.00668603132387808,0.293518136113408,0.982129581435986,0.0219720738528526,0,1,0,1.14882438447177,"05_rr_to_or",1000
0.75,300,0.3,0.15,0.5,"dipietrantonj","sample",1000,1000,0,0,0.00823685789946013,0.260472317254442,0.0058272524313649,0.266978714905917,1.02497922896397,0.0229307005329257,0,1,0,1.04586608543774,"05_rr_to_or",1000
1,300,0.3,0.15,0.5,"dipietrantonj","sample",1000,1000,0,0,0.00823208228137579,0.260321298950626,0.00582387386972976,0.253379449405682,0.973333532166109,0.0217752897952046,0,1,0,0.992877489963135,"05_rr_to_or",1000
2,300,0.3,0.15,0.5,"dipietrantonj","sample",1000,1000,0,0,0.00792227393048677,0.250524298681127,0.00560469666793616,0.245196479591726,0.978733324003107,0.0218960932281478,0,1,0,0.96091567369989,"05_rr_to_or",1000
0.25,50,0.5,0.15,0.5,"dipietrantonj","sample",1000,987,0.013,-0.0259536773104116,0.0261025486680204,0.820052185751499,0.0184666464775739,0.796579877183598,0.971377055051209,0.0218743111520628,0.210574072257529,1,0,3.06535446533934,"05_rr_to_or",1000
0.5,50,0.5,0.15,0.5,"dipietrantonj","sample",1000,1000,0,0,0.0198395603451985,0.627381984671837,0.0140357072648232,0.6355790886242,1.01306557113949,0.0226641697466374,0,1,0,2.48078963355851,"05_rr_to_or",1000
0.75,50,0.5,0.15,0.5,"dipietrantonj","sample",1000,1000,0,0,0.0193428461196683,0.611674501683017,0.0136843015208192,0.590952373136649,0.966122294636524,0.021613960937419,0,1,0,2.31389597358378,"05_rr_to_or",1000
1,50,0.5,0.15,0.5,"dipietrantonj","sample",1000,1000,0,0,0.0189854313589327,0.600372054550131,0.0134314446597535,0.578536941459908,0.963630697123996,0.021558219245496,0,1,0,2.26714527641071,"05_rr_to_or",1000
0.25,100,0.5,0.15,0.5,"dipietrantonj","sample",1000,999,0.001,-0.00227948015308454,0.0185151959787204,0.585209081994029,0.0130987782180537,0.547647110564567,0.935814442076882,0.0209464039557435,0.0541413626397933,1,0,2.11579782689022,"05_rr_to_or",1000
0.5,100,0.5,0.15,0.5,"dipietrantonj","sample",1000,1000,0,0,0.0138821424395215,0.438991889117742,0.00982106881904053,0.439914365181549,1.00210135104241,0.0224188796563423,0,1,0,1.72184498537915,"05_rr_to_or",1000
0.75,100,0.5,0.15,0.5,"dipietrantonj","sample",1000,1000,0,0,0.0134901936978632,0.42659738162097,0.00954378052711207,0.411968619594556,0.96570827047548,0.0216046984433294,0,1,0,1.61440219410611,"05_rr_to_or",1000
1,100,0.5,0.15,0.5,"dipietrantonj","sample",1000,1000,0,0,0.0132486826058791,0.418960130312329,0.00937292094507922,0.404352896323253,0.965134548773921,0.0215918632168624,0,1,0,1.58494091577247,"05_rr_to_or",1000
0.25,300,0.5,0.15,0.5,"dipietrantonj","sample",1000,1000,0,0,0.00978783869553391,0.309518636482185,0.0069245102358869,0.300027292431083,0.969335145182289,0.0216858384073619,0,1,0,1.17305358548566,"05_rr_to_or",1000
0.5,300,0.5,0.15,0.5,"dipietrantonj","sample",1000,1000,0,0,0.00799456411587413,0.252810315064125,0.00565583912586177,0.250943922004193,0.992617417293835,0.0222067063375888,0,1,0,0.983314124265568,"05_rr_to_or",1000
0.75,300,0.5,0.15,0.5,"dipietrantonj","sample",1000,1000,0,0,0.00724603690081928,0.229139806162165,0.00512628561321017,0.235659394495746,1.02845244762478,0.0230084029241018,0,1,0,0.92370594031724,"05_rr_to_or",1000
1,300,0.5,0.15,0.5,"dipietrantonj","sample",1000,1000,0,0,0.0076007784789362,0.240357719838285,0.00537725130289671,0.231755391319723,0.964210309016286,0.0215711862465355,0,1,0,0.908457736854174,"05_rr_to_or",1000
0.25,50,0.01,0.3,0.5,"dipietrantonj","sample",1000,1000,0,-0.0295958558499753,0.0175871606153602,0.556154851197469,0.0124422232005945,1.38208000749121,2.48506329579868,0.0555955092855136,0.0922838708695147,1,0,5.4008600989512,"05_rr_to_or",1000
0.5,50,0.01,0.3,0.5,"dipietrantonj","sample",1000,1000,0,-0.0442374789585521,0.0184794954595731,0.584372956629909,0.0130735149448495,1.37995109152748,2.36142188968785,0.0528294200059649,0.12132384468348,1,0,5.39250727301031,"05_rr_to_or",1000
0.75,50,0.01,0.3,0.5,"dipietrantonj","sample",1000,1000,0,-0.067858787647693,0.0197716957121841,0.625235916542868,0.0139876957108345,1.3696309560205,2.19058265813268,0.0490074271817526,0.159688318389728,1,0,5.35105447949597,"05_rr_to_or",1000
1,50,0.01,0.3,0.5,"dipietrantonj","sample",1000,1000,0,-0.0823834541315221,0.0196841485514621,0.622467432237243,0.013925759543985,1.3668154266514,2.19580231167896,0.0491242005845428,0.178420105281625,1,0,5.34029412540855,"05_rr_to_or",1000
2,50,0.01,0.3,0.5,"dipietrantonj","sample",1000,1000,0,-0.143980916003176,0.0217881465485695,0.68900169087016,0.0154142552293403,1.34298110824584,1.94916953911934,0.0436065646272892,0.247234762288815,1,0,5.24571882035073,"05_rr_to_or",1000
0.25,100,0.01,0.3,0.5,"dipietrantonj","sample",1000,1000,0,-0.0339809708568066,0.021640591038226,0.684335575930222,0.0153098655194648,1.32674942947513,1.93874098635259,0.0433732584160717,0.102875744016411,1,0,5.17612182645674,"05_rr_to_or",1000
0.5,100,0.01,0.3,0.5,"dipietrantonj","sample",1000,1000,0,-0.064205522434872,0.0230305235346646,0.72828910075652,0.0162931879973038,1.31897867211298,1.81106468673343,0.0405169010295144,0.154592392455168,1,0,5.14662164985658,"05_rr_to_or",1000
0.75,100,0.01,0.3,0.5,"dipietrantonj","sample",1000,1000,0,-0.0919690701848205,0.0242647449560045,0.767318609040565,0.0171663510245326,1.31250382576186,1.71050696581305,0.0382672369197065,0.192003570185741,1,0,5.12130726224154,"05_rr_to_or",1000
1,100,0.01,0.3,0.5,"dipietrantonj","sample",1000,1000,0,-0.107755974874498,0.0238079174225521,0.7528724540047,0.0168431635436366,1.31279863323566,1.74371983760673,0.0390102709202191,0.212424709032229,1,0,5.1238181644096,"05_rr_to_or",1000
2,100,0.01,0.3,0.5,"dipietrantonj","sample",1000,1000,0,-0.172785511798867,0.0247820299142897,0.783676595715828,0.017532309751473,1.28036253180431,1.63378942130433,0.0365509221017672,0.279722394221997,1,0,4.99495515780818,"05_rr_to_or",1000
0.25,300,0.01,0.3,0.5,"dipietrantonj","sample",1000,1000,0,-0.0362004745512892,0.0280604536943665,0.887349458518845,0.0198516654058603,1.20212684346086,1.35473891590292,0.0303080408880776,0.112486777957213,1,0,4.68421816249635,"05_rr_to_or",1000
0.5,300,0.01,0.3,0.5,"dipietrantonj","sample",1000,1000,0,-0.0611229420216402,0.0300254129289019,0.949486925423974,0.0212417966448282,1.20431646788052,1.26838657345677,0.0283761776375894,0.160634710009019,1,0,4.68782627084877,"05_rr_to_or",1000
0.75,300,0.01,0.3,0.5,"dipietrantonj","sample",1000,1000,0,-0.0670726130350964,0.0315590939566789,0.997986177943605,0.0223268155448917,1.1918609391104,1.19426597827866,0.0267179614285942,0.173800743535621,1,0,4.63584721629522,"05_rr_to_or",1000
1,300,0.01,0.3,0.5,"dipietrantonj","sample",1000,1000,0,-0.0826828885919468,0.0305684179462112,0.966658251779938,0.0216259513001569,1.16730871359699,1.20757125017821,0.0270156252219826,0.199590484139029,1,0,4.53361582700214,"05_rr_to_or",1000
2,300,0.01,0.3,0.5,"dipietrantonj","sample",1000,1000,0,-0.110415617459903,0.0289433550091302,0.915269249556949,0.0204762832997114,1.0778680304688,1.17765130969992,0.0263462602478609,0.245771563359439,1,0,4.16972326281184,"05_rr_to_or",1000
0.25,50,0.05,0.3,0.5,"dipietrantonj","sample",1000,1000,0,-0.0784726197784396,0.0301422525823964,0.953181719684648,0.0213244560961889,1.26459596468388,1.32671025741268,0.0296809874259026,0.141805595652192,1,0,4.93087312984554,"05_rr_to_or",1000
0.5,50,0.05,0.3,0.5,"dipietrantonj","sample",1000,1000,0,-0.087143119596614,0.0315485851491062,0.997653860269384,0.0223193809775814,1.25643730937415,1.2593920190264,0.0281749526485929,0.166402638835938,1,0,4.89758808970345,"05_rr_to_or",1000
0.75,50,0.05,0.3,0.5,"dipietrantonj","sample",1000,1000,0,-0.105845808242263,0.0322765095737163,1.02067285173174,0.0228343588277441,1.25023790274556,1.22491540812938,0.027403646443033,0.199901747003963,1,0,4.87132041790489,"05_rr_to_or",1000
1,50,0.05,0.3,0.5,"dipietrantonj","sample",1000,1000,0,-0.111088409031517,0.0327061610285472,1.03425962370445,0.0231383203037539,1.23054708165571,1.18978547886092,0.0266177242847742,0.215351340952956,1,0,4.79020804128931,"05_rr_to_or",1000
2,50,0.05,0.3,0.5,"dipietrantonj","sample",1000,1000,0,-0.138554741625957,0.0300549179908155,0.950419957405486,0.0212626703136316,1.16532239558745,1.2261131371532,0.027430441879261,0.269291486076788,1,0,4.52839176153746,"05_rr_to_or",1000
0.25,100,0.05,0.3,0.5,"dipietrantonj","sample",1000,1000,0,-0.0451979480743859,0.0296698571547514,0.938243264608574,0.0209902549435273,1.1606507978713,1.23704676777564,0.0276750476258518,0.0964526396610608,1,0,4.52186767565999,"05_rr_to_or",1000
0.5,100,0.05,0.3,0.5,"dipietrantonj","sample",1000,1000,0,-0.0514207015010022,0.0327721384974973,1.0363460144658,0.0231849967635214,1.13356141024864,1.09380592430121,0.0244704823107909,0.135694742054137,1,0,4.40007003146513,"05_rr_to_or",1000
0.75,100,0.05,0.3,0.5,"dipietrantonj","sample",1000,1000,0,-0.0409288558679598,0.0323153777184727,1.02190197039029,0.0228618565087529,1.0818125693707,1.05862656176065,0.0236834542378687,0.129278964951059,1,0,4.18373981246761,"05_rr_to_or",1000
1,100,0.05,0.3,0.5,"dipietrantonj","sample",1000,1000,0,-0.0468096937865996,0.0307820844598583,0.97341498020826,0.0217771119400938,1.04126488498317,1.06970295932819,0.0239312539477825,0.151630880664063,1,0,4.01137284476854,"05_rr_to_or",1000
2,100,0.05,0.3,0.5,"dipietrantonj","sample",1000,1000,0,-0.0389171983325656,0.0272210303178226,0.860804560608166,0.0192578064402673,0.911332183762213,1.05869813598379,0.0236850554869774,0.150316627118339,1,0,3.5015742572715,"05_rr_to_or",1000
0.25,300,0.05,0.3,0.5,"dipietrantonj","sample",1000,1000,0,-0.00760283509469568,0.025774622157894,0.815065118491892,0.0182345296556523,0.892794920805824,1.09536637079716,0.0245053924146109,0.0216871499175256,1,0,3.43468569765897,"05_rr_to_or",1000
0.5,300,0.05,0.3,0.5,"dipietrantonj","sample",1000,1000,0,-0.00151352983205253,0.0231393028915328,0.731729006057638,0.0163701451063774,0.720737173014027,0.984978273441923,0.0220358044158267,0.0204777271430678,1,0,2.75873012448617,"05_rr_to_or",1000
0.75,300,0.05,0.3,0.5,"dipietrantonj","sample",1000,1000,0,-0.000158879128407018,0.0208055953404804,0.657930693517045,0.0147191389621709,0.630812133711133,0.958782041827315,0.0214497457667623,0.00290774519659608,1,0,2.42931387013942,"05_rr_to_or",1000
1,300,0.05,0.3,0.5,"dipietrantonj","sample",1000,1000,0,-0.000650324688103095,0.0184861555055264,0.584583565775247,0.0130782266649554,0.57422357278464,0.982277994803244,0.0219753941371896,0.0205650723304439,1,0,2.21857042606267,"05_rr_to_or",1000
2,300,0.05,0.3,0.5,"dipietrantonj","sample",1000,1000,0,0,0.0165433167616638,0.523145610204986,0.0117037448015904,0.494964178623886,0.946130807501076,0.0211667140159627,0,1,0,1.91697217711598,"05_rr_to_or",1000
0.25,50,0.15,0.3,0.5,"dipietrantonj","sample",1000,1000,0,-0.0902960983497954,0.0329362045785197,1.04153423949388,0.0233010670516351,1.11500257752298,1.07053857208266,0.0239499481664485,0.1624108017645,1,0,4.34362268455594,"05_rr_to_or",1000
0.5,50,0.15,0.3,0.5,"dipietrantonj","sample",1000,1000,0,-0.0396230744247103,0.033566805172505,1.06147558120237,0.0237471921261932,1.03814059524802,0.9780164646577,0.0218800557451343,0.116716828606525,1,0,4.01328860326902,"05_rr_to_or",1000
0.75,50,0.15,0.3,0.5,"dipietrantonj","sample",1000,1000,0,-0.0261520309295442,0.0319815873433933,1.01134659192736,0.0226257129697372,0.964828990110819,0.954004292704548,0.0213428585916277,0.106329701435812,1,0,3.71745996771209,"05_rr_to_or",1000
1,50,0.15,0.3,0.5,"dipietrantonj","sample",1000,1000,0,-0.0111034886021078,0.0291744714219692,0.92257779224914,0.0206397890557999,0.888081335729132,0.962608620313839,0.021535353477495,0.0720893325630624,1,0,3.42188989577431,"05_rr_to_or",1000
2,50,0.15,0.3,0.5,"dipietrantonj","sample",1000,1000,0,-0.0104480391351346,0.0234908830048513,0.742846945438705,0.016618874184281,0.775339840446837,1.04374103603393,0.0233504372136511,0.0801777564663309,1,0,2.99161064503512,"05_rr_to_or",1000
0.25,100,0.15,0.3,0.5,"dipietrantonj","sample",1000,1000,0,-0.0303332426424533,0.0280891568235256,0.888257131160013,0.019871971738836,0.922376796770187,1.0384119242202,0.0232312150248945,0.081910941849779,1,0,3.55182565869576,"05_rr_to_or",1000
0.5,100,0.15,0.3,0.5,"dipietrantonj","sample",1000,1000,0,-0.00439301437804943,0.0245684541066379,0.77692273566293,0.017381213282454,0.739958727595115,0.952422542974915,0.0213074718946651,0.0317042833411878,1,0,2.83911522127141,"05_rr_to_or",1000
0.75,100,0.15,0.3,0.5,"dipietrantonj","sample",1000,1000,0,-0.000239785062049415,0.0213103925772735,0.673893783765301,0.0150762631181724,0.650426399121244,0.965176434017634,0.0215928002680271,0.0055066490717043,1,0,2.51545347737681,"05_rr_to_or",1000
1,100,0.15,0.3,0.5,"dipietrantonj","sample",1000,1000,0,0,0.0202799302998231,0.641307705369024,0.0143472516571277,0.598634602637496,0.933459239029456,0.0208832273523365,0,1,0,2.32193541857478,"05_rr_to_or",1000
2,100,0.15,0.3,0.5,"dipietrantonj","sample",1000,1000,0,0,0.0169180695422254,0.534996333665545,0.0119688676285644,0.52514302070165,0.981582466376199,0.0219598338666768,0,1,0,2.04513636777176,"05_rr_to_or",1000
0.25,300,0.15,0.3,0.5,"dipietrantonj","sample",1000,1000,0,-0.000147056406939107,0.0176806004469884,0.559109678118744,0.0125083281999386,0.539581744494608,0.965073161155354,0.0215904898611319,0.00465033190448168,1,0,2.06433645198228,"05_rr_to_or",1000
0.5,300,0.15,0.3,0.5,"dipietrantonj","sample",1000,1000,0,0,0.0128716145853065,0.407036192534121,0.00910616017701789,0.400324078396174,0.983509785466107,0.0220029515959275,0,1,0,1.55770047480483,"05_rr_to_or",1000
0.75,300,0.15,0.3,0.5,"dipietrantonj","sample",1000,1000,0,0,0.0115787909765512,0.36615352036907,0.0081915384111211,0.353248060309638,0.964753964275902,0.0215833488305169,0,1,0,1.38079144482729,"05_rr_to_or",1000
1,300,0.15,0.3,0.5,"dipietrantonj","sample",1000,1000,0,0,0.0102736676039793,0.324881895520592,0.00726821504693518,0.328321506511871,1.01058726583015,0.0226087254261363,0,1,0,1.28467795900028,"05_rr_to_or",1000
2,300,0.15,0.3,0.5,"dipietrantonj","sample",1000,1000,0,0,0.00941670132767935,0.297782242409983,0.00666194517095569,0.294037038198139,0.98742301024556,0.0220904977461322,0,1,0,1.15076501867214,"05_rr_to_or",1000
0.25,50,0.3,0.3,0.5,"dipietrantonj","sample",1000,997,0.003,-0.0917441436317314,0.0328966927629833,1.03872316694964,0.0232731490487542,0.94979762610866,0.914389566276717,0.0204873881142727,0.28904182561352,1,0,3.66545787990513,"05_rr_to_or",1000
0.5,50,0.3,0.3,0.5,"dipietrantonj","sample",1000,1000,0,-0.00930809307555945,0.0263657682115775,0.833758798086491,0.0186527421974572,0.78783245917151,0.944916516598825,0.0211395480595682,0.086025255231839,1,0,3.03928108842358,"05_rr_to_or",1000
0.75,50,0.3,0.3,0.5,"dipietrantonj","sample",1000,1000,0,-0.00171284530247104,0.0226329193536835,0.715715752565459,0.016011898704879,0.690188792272107,0.964333661510382,0.0215739458723135,0.0399643584617211,1,0,2.68116612892191,"05_rr_to_or",1000
1,50,0.3,0.3,0.5,"dipietrantonj","sample",1000,1000,0,0,0.0215457669030849,0.681336973488205,0.0152427811799269,0.647251363027409,0.949972463278647,0.0212526590338682,0,1,0,2.5252878110589,"05_rr_to_or",1000
2,50,0.3,0.3,0.5,"dipietrantonj","sample",1000,1000,0,0,0.0203802491659202,0.644480066460545,0.0144182233023244,0.619685754747551,0.961528194581465,0.0215111823350786,0,1,0,2.42163195118919,"05_rr_to_or",1000
0.25,100,0.3,0.3,0.5,"dipietrantonj","sample",1000,1000,0,-0.0125036650699698,0.0237336287347354,0.750523239425842,0.0167906072239833,0.686885399271678,0.915208701328359,0.0204749287227031,0.0915031404335314,1,0,2.62832044970432,"05_rr_to_or",1000
0.5,100,0.3,0.3,0.5,"dipietrantonj","sample",1000,1000,0,0,0.0177570616971422,0.561527595151044,0.0125624215218464,0.525385711801915,0.935636496476353,0.0209319366696446,0,1,0,2.04371639851012,"05_rr_to_or",1000
0.75,100,0.3,0.3,0.5,"dipietrantonj","sample",1000,1000,0,0,0.015122175323853,0.478205171997698,0.010698343227364,0.469958287859555,0.982754506598724,0.0219860545964202,0,1,0,1.83751827725152,"05_rr_to_or",1000
1,100,0.3,0.3,0.5,"dipietrantonj","sample",1000,1000,0,0,0.013973476264242,0.441880118253056,0.00988568390147426,0.444712244296293,1.00640926334145,0.0225152557038368,0,1,0,1.74104778221385,"05_rr_to_or",1000
2,100,0.3,0.3,0.5,"dipietrantonj","sample",1000,1000,0,0,0.0138696214300496,0.438595940032385,0.00981221069816741,0.42939716475648,0.979026766013325,0.0219026580742149,0,1,0,1.68161280519156,"05_rr_to_or",1000
0.25,300,0.3,0.3,0.5,"dipietrantonj","sample",1000,1000,0,0,0.0116174885131666,0.367377243924495,0.00821891539359216,0.370199771063867,1.00768291228172,0.0225437496104526,0,1,0,1.44211826722038,"05_rr_to_or",1000
0.5,300,0.3,0.3,0.5,"dipietrantonj","sample",1000,1000,0,0,0.00966109807765063,0.305510746236503,0.00683484624231947,0.29414480936918,0.96279693265348,0.0215395663763957,0,1,0,1.15111786835593,"05_rr_to_or",1000
0.75,300,0.3,0.3,0.5,"dipietrantonj","sample",1000,1000,0,0,0.00823899850230552,0.260540009060015,0.00582876682353819,0.266721739984017,1.02372660900068,0.0229026770838176,0,1,0,1.04483357951138,"05_rr_to_or",1000
1,300,0.3,0.3,0.5,"dipietrantonj","sample",1000,1000,0,0,0.00797818213859911,0.252292271456463,0.00564424952239019,0.253536271078532,1.00493078767291,0.0224821794405891,0,1,0,0.993473054825097,"05_rr_to_or",1000
2,300,0.3,0.3,0.5,"dipietrantonj","sample",1000,1000,0,0,0.00802933256142365,0.253909789850526,0.00568043643121002,0.245255386872722,0.96591544192566,0.0216093332557712,0,1,0,0.961121699393578,"05_rr_to_or",1000
0.25,50,0.5,0.3,0.5,"dipietrantonj","sample",1000,981,0.019,-0.0280488372711126,0.0268408515544967,0.84068015156734,0.0189890290189169,0.812057424820529,0.965952893388231,0.0218186518252615,0.228645913343288,1,0,3.1195632478946,"05_rr_to_or",1000
0.5,50,0.5,0.3,0.5,"dipietrantonj","sample",1000,1000,0,-0.0025828870581482,0.0213346547042888,0.674661019587788,0.015093427617107,0.638001773973922,0.945662718684616,0.0211562419945112,0.0816780604272009,1,0,2.48592222300569,"05_rr_to_or",1000
0.75,50,0.5,0.3,0.5,"dipietrantonj","sample",1000,1000,0,0,0.0190911433247714,0.603714960429974,0.0135062317105291,0.589957882910183,0.9772126277772,0.0218620724121425,0,1,0,2.3106399319354,"05_rr_to_or",1000
1,50,0.5,0.3,0.5,"dipietrantonj","sample",1000,1000,0,0,0.0178809299857471,0.565444654369628,0.0126500534556192,0.578041883753861,1.02227844809723,0.0228702790185085,0,1,0,2.26529724965309,"05_rr_to_or",1000
0.25,100,0.5,0.3,0.5,"dipietrantonj","sample",1000,1000,0,0,0.0173291208394945,0.547994917010918,0.0122596702259461,0.541673425820754,0.988464325135267,0.0221137939059193,0,1,0,2.10279420140299,"05_rr_to_or",1000
0.5,100,0.5,0.3,0.5,"dipietrantonj","sample",1000,1000,0,0,0.0142798813972791,0.451569499324698,0.0101024534607245,0.440715126179786,0.975963006444978,0.0218341160480144,0,1,0,1.72472624212403,"05_rr_to_or",1000
0.75,100,0.5,0.3,0.5,"dipietrantonj","sample",1000,1000,0,0,0.0126482308227508,0.399972177714381,0.00894812496633822,0.411367747048432,1.02849090504037,0.0230092632883466,0,1,0,1.61209280117415,"05_rr_to_or",1000
1,100,0.5,0.3,0.5,"dipietrantonj","sample",1000,1000,0,0,0.0127454712913871,0.403047191330709,0.00901691876662035,0.404240543294683,1.00296082441372,0.0224381076815907,0,1,0,1.58449138680061,"05_rr_to_or",1000
0.25,300,0.5,0.3,0.5,"dipietrantonj","sample",1000,1000,0,0,0.00956210478225914,0.302380303371273,0.00676481238616945,0.301550201732719,0.997254776090576,0.0223104527188099,0,1,0,1.17910443088736,"05_rr_to_or",1000
0.5,300,0.5,0.3,0.5,"dipietrantonj","sample",1000,1000,0,0,0.00781146431347292,0.247020190916979,0.00552630322980183,0.250958084098869,1.01594158423759,0.022728511533493,0,1,0,0.983372355554294,"05_rr_to_or",1000
0.75,300,0.5,0.3,0.5,"dipietrantonj","sample",1000,1000,0,0,0.00742314507784465,0.23474045847857,0.00525158267038695,0.235709328961524,1.00412741156439,0.0224642064159275,0,1,0,0.923902206675143,"05_rr_to_or",1000
1,300,0.5,0.3,0.5,"dipietrantonj","sample",1000,1000,0,0,0.00743843484824413,0.235223963472204,0.00526239958052707,0.231702455336927,0.98502912678073,0.0220369421000357,0,1,0,0.908252066466474,"05_rr_to_or",1000
0.25,50,0.01,0.5,0.5,"dipietrantonj","sample",1000,1000,0,-0.026609688951891,0.0181309988717505,0.573352526886747,0.0128269673397434,1.3790026867834,2.40515672664993,0.0538078500276615,0.0819086633217712,1,0,5.38781470500326,"05_rr_to_or",1000
0.5,50,0.01,0.5,0.5,"dipietrantonj","sample",1000,1000,0,-0.048272752737144,0.0186938762174135,0.591152271442797,0.0132251808844119,1.37658088085771,2.32864009385933,0.0520960299802614,0.127116948296852,1,0,5.37899125518022,"05_rr_to_or",1000
0.75,50,0.01,0.5,0.5,"dipietrantonj","sample",1000,1000,0,-0.064715357237356,0.0200781711708342,0.634927521505658,0.0142045150226852,1.36732539670617,2.15351414199799,0.0481781352130329,0.152626582140821,1,0,5.34163181589883,"05_rr_to_or",1000
1,50,0.01,0.5,0.5,"dipietrantonj","sample",1000,1000,0,-0.0762975625610602,0.0190697622994429,0.603038833042495,0.0134911054775223,1.3693935648582,2.27082152893743,0.0508025206485575,0.170823168009632,1,0,5.35057895995767,"05_rr_to_or",1000
2,50,0.01,0.5,0.5,"dipietrantonj","sample",1000,1000,0,-0.133092613655707,0.0215787671658074,0.682380533424077,0.0152661275655915,1.34650061695437,1.973240077934,0.0441450675565465,0.235288142715195,1,0,5.25974728980406,"05_rr_to_or",1000
0.25,100,0.01,0.5,0.5,"dipietrantonj","sample",1000,1000,0,-0.0362790336737016,0.0211343835776598,0.668327890490631,0.0149517436857067,1.33357576168345,1.99539145479093,0.0446406352468419,0.108682718994144,1,0,5.20396475117767,"05_rr_to_or",1000
0.5,100,0.01,0.5,0.5,"dipietrantonj","sample",1000,1000,0,-0.0695467826213706,0.0236481104850329,0.747818914920133,0.0167301064317409,1.31579004800796,1.75950356664687,0.0393633824308573,0.162331469221467,1,0,5.13423010691746,"05_rr_to_or",1000
0.75,100,0.01,0.5,0.5,"dipietrantonj","sample",1000,1000,0,-0.0805126555707299,0.0234234559983183,0.74071471627419,0.0165711722337854,1.31689291507705,1.77786789723991,0.0397742268201064,0.176842095430978,1,0,5.13888552617298,"05_rr_to_or",1000
1,100,0.01,0.5,0.5,"dipietrantonj","sample",1000,1000,0,-0.105899660800213,0.024976463617089,0.789825129263288,0.0176698639355085,1.30123597721314,1.64749883107273,0.0368576272144164,0.20895073092431,1,0,5.07756188862283,"05_rr_to_or",1000
2,100,0.01,0.5,0.5,"dipietrantonj","sample",1000,1000,0,-0.178774888924941,0.0259394835853711,0.820278494583234,0.0183511626200461,1.27554712108534,1.55501714296852,0.0347886390488312,0.284716927568318,1,0,4.97694124377152,"05_rr_to_or",1000
0.25,300,0.01,0.5,0.5,"dipietrantonj","sample",1000,1000,0,-0.0371415860454863,0.0278789268073849,0.881609074324627,0.0197232422854868,1.20594544631434,1.36789137207801,0.0306022859081725,0.112507538989045,1,0,4.69874987779673,"05_rr_to_or",1000
0.5,300,0.01,0.5,0.5,"dipietrantonj","sample",1000,1000,0,-0.0476917549586233,0.0294931845270229,0.932656385570282,0.0208652660203173,1.20416375985837,1.29111190197028,0.028884585698875,0.139492766731146,1,0,4.68733661331305,"05_rr_to_or",1000
0.75,300,0.01,0.5,0.5,"dipietrantonj","sample",1000,1000,0,-0.0697663925921941,0.0304580243389135,0.96316729939811,0.021547852172506,1.19377958920721,1.23943118703595,0.0277283915400095,0.177393088381252,1,0,4.64326637803564,"05_rr_to_or",1000
1,300,0.01,0.5,0.5,"dipietrantonj","sample",1000,1000,0,-0.0746284890152138,0.0296237683794216,0.936785809562473,0.0209576489508809,1.17379180241486,1.25299912790425,0.0280319317290277,0.186125800906652,1,0,4.55580330047366,"05_rr_to_or",1000
2,300,0.01,0.5,0.5,"dipietrantonj","sample",1000,1000,0,-0.127404863214657,0.0274635972077597,0.868475199179611,0.0194294129577534,1.07109503707864,1.23330526662181,0.0275913432540192,0.26464700907308,1,0,4.14250219518752,"05_rr_to_or",1000
0.25,50,0.05,0.5,0.5,"dipietrantonj","sample",1000,1000,0,-0.0807268444382841,0.0300085311307898,0.94895307609364,0.0212298534378074,1.25485976473436,1.32236229203238,0.0295837153161409,0.142487969947716,1,0,4.89354654444976,"05_rr_to_or",1000
0.5,50,0.05,0.5,0.5,"dipietrantonj","sample",1000,1000,0,-0.0852156741651237,0.0311929131331685,0.986406523565916,0.022067757039796,1.25215951529694,1.26941528201812,0.028399191770256,0.164251409454663,1,0,4.88200400893016,"05_rr_to_or",1000
0.75,50,0.05,0.5,0.5,"dipietrantonj","sample",1000,1000,0,-0.107777520560556,0.0328368156259832,1.03839128485115,0.0232307532836439,1.24497418533145,1.19894514090603,0.0268226430396171,0.202194395061152,1,0,4.85243534544255,"05_rr_to_or",1000
1,50,0.05,0.5,0.5,"dipietrantonj","sample",1000,1000,0,-0.12199955689904,0.0323719262211776,1.02369019105849,0.0229018623464036,1.24019498522973,1.21149445023731,0.0271033945378318,0.228671956034803,1,0,4.83137553237415,"05_rr_to_or",1000
2,50,0.05,0.5,0.5,"dipietrantonj","sample",1000,1000,0,-0.133160691885286,0.0291399633541576,0.921486551329777,0.0206153759574423,1.1599341889823,1.258764099496,0.0281609049154257,0.262434688156795,1,0,4.50317499298313,"05_rr_to_or",1000
0.25,100,0.05,0.5,0.5,"dipietrantonj","sample",1000,1000,0,-0.0452331604100122,0.0302406337884829,0.956292806586525,0.021394056923272,1.16708304428759,1.22042436819479,0.0273031734881562,0.0959722256365822,1,0,4.5456712441425,"05_rr_to_or",1000
0.5,100,0.05,0.5,0.5,"dipietrantonj","sample",1000,1000,0,-0.0400144897664308,0.0324757572587321,1.02697361676339,0.0229753187145266,1.13105010234217,1.10134290100536,0.0246390985625576,0.11435301073875,1,0,4.3904464164485,"05_rr_to_or",1000
0.75,100,0.05,0.5,0.5,"dipietrantonj","sample",1000,1000,0,-0.0360625046125054,0.0311935933954573,0.986428035348305,0.022068238298563,1.08849355499893,1.10346980823044,0.024686681451324,0.12238077573658,1,0,4.20678732251536,"05_rr_to_or",1000
1,100,0.05,0.5,0.5,"dipietrantonj","sample",1000,1000,0,-0.0351516037387562,0.0317226028690352,1.00315678375143,0.0224424916581267,1.03708452706003,1.03382097779544,0.0231285069751564,0.130437479736746,1,0,4.00031988142109,"05_rr_to_or",1000
2,100,0.05,0.5,0.5,"dipietrantonj","sample",1000,1000,0,-0.0481176389613018,0.0265346443483844,0.839099130434091,0.0187722154105221,0.915994026686534,1.09163982354822,0.0244220225895719,0.168345197067824,1,0,3.51997460161176,"05_rr_to_or",1000
0.25,300,0.05,0.5,0.5,"dipietrantonj","sample",1000,1000,0,-0.00795460717229797,0.0267013190220864,0.84436984640573,0.018890131175178,0.903327667890112,1.06982464110407,0.0239339761964723,0.0222128930526238,1,0,3.47048367830402,"05_rr_to_or",1000
0.5,300,0.05,0.5,0.5,"dipietrantonj","sample",1000,1000,0,-0.00172920286349284,0.0246022167653613,0.777990404677219,0.0174050990332508,0.730468484095833,0.938917086514579,0.0210053295986057,0.0107957408437304,1,0,2.79480242341215,"05_rr_to_or",1000
0.75,300,0.05,0.5,0.5,"dipietrantonj","sample",1000,1000,0,-0.00115197931341736,0.019693163640785,0.622752514392946,0.0139321373644861,0.622305789176684,0.999282660116278,0.0223558202735806,0.0232712550902538,1,0,2.39913635217341,"05_rr_to_or",1000
1,300,0.05,0.5,0.5,"dipietrantonj","sample",1000,1000,0,0,0.0180829269739916,0.571832360003098,0.0127929583661135,0.566696249557843,0.991018153563001,0.0221709278196943,0,1,0,2.19510720599797,"05_rr_to_or",1000
2,300,0.05,0.5,0.5,"dipietrantonj","sample",1000,1000,0,0,0.0160688777500612,0.508142531329952,0.011368097893796,0.492378713249853,0.96897756611941,0.0216778386955863,0,1,0,1.90791468950806,"05_rr_to_or",1000
0.25,50,0.15,0.5,0.5,"dipietrantonj","sample",1000,1000,0,-0.0874942360486431,0.0321835436753335,1.01773301189561,0.0227685891174981,1.11248342532451,1.09309947925578,0.0244546778151272,0.165709731797225,1,0,4.33101009766474,"05_rr_to_or",1000
0.5,50,0.15,0.5,0.5,"dipietrantonj","sample",1000,1000,0,-0.0398646836505066,0.0341725493801025,1.08063089495699,0.0241757322867245,1.03486800645067,0.957651693358126,0.0214244577594423,0.117406685899483,1,0,4.00307305628175,"05_rr_to_or",1000
0.75,50,0.15,0.5,0.5,"dipietrantonj","sample",1000,1000,0,-0.0205981029151603,0.0312716661500556,0.988896912625645,0.0221234716963719,0.953831074871212,0.964540451783463,0.0215785721571114,0.0868241554247066,1,0,3.67575875605098,"05_rr_to_or",1000
1,50,0.15,0.5,0.5,"dipietrantonj","sample",1000,1000,0,-0.0113219505869287,0.0290579535086252,0.91889317230537,0.0205573572229191,0.880646875257878,0.958377863499043,0.0214407035423487,0.0747089632418969,1,0,3.39860619543077,"05_rr_to_or",1000
2,50,0.15,0.5,0.5,"dipietrantonj","sample",1000,1000,0,-0.00871075241217735,0.0255026202002828,0.806463661351132,0.0180420989875295,0.777750093049117,0.964395707236319,0.0215753339511356,0.0736340400081527,1,0,3.00096521156823,"05_rr_to_or",1000
0.25,100,0.15,0.5,0.5,"dipietrantonj","sample",1000,1000,0,-0.0332110051857349,0.0284794460778667,0.900599161060078,0.0201480860088714,0.921619227865716,1.02334009147965,0.0228940299646613,0.0893825209788183,1,0,3.55031904438549,"05_rr_to_or",1000
0.5,100,0.15,0.5,0.5,"dipietrantonj","sample",1000,1000,0,-0.00517791045652192,0.0254610324859433,0.8051485423512,0.0180126773181918,0.747400904616257,0.928277038711009,0.0207672918482346,0.0384733621295649,1,0,2.87094619291824,"05_rr_to_or",1000
0.75,100,0.15,0.5,0.5,"dipietrantonj","sample",1000,1000,0,0,0.0222055855534232,0.702202271265479,0.0157095768781622,0.651813577630451,0.928241910205987,0.0207665059579394,0,1,0,2.5151172234451,"05_rr_to_or",1000
1,100,0.15,0.5,0.5,"dipietrantonj","sample",1000,1000,0,0,0.0197058985833627,0.623155228637115,0.0139411468346027,0.591123950583667,0.948598235910653,0.0212219149998925,0,1,0,2.29714723666667,"05_rr_to_or",1000
2,100,0.15,0.5,0.5,"dipietrantonj","sample",1000,1000,0,0,0.017232483952498,0.544938990321945,0.012191303435893,0.527173099299768,0.967398385254685,0.0216425094689317,0,1,0,2.05117368808297,"05_rr_to_or",1000
0.25,300,0.15,0.5,0.5,"dipietrantonj","sample",1000,1000,0,-0.000327949459847988,0.0183014954643673,0.578744102546418,0.0129475869614478,0.540138810780563,0.933294712471375,0.0208795465858132,0.00751190295573684,1,0,2.06313875359553,"05_rr_to_or",1000
0.5,300,0.15,0.5,0.5,"dipietrantonj","sample",1000,1000,0,0,0.0128330257588254,0.405815906694989,0.00907886010268371,0.399386868877564,0.984157748103608,0.0220174477308512,0,1,0,1.55731094340208,"05_rr_to_or",1000
0.75,300,0.15,0.5,0.5,"dipietrantonj","sample",1000,1000,0,0,0.0109588637517005,0.346549700228317,0.00775296432469466,0.351401895176092,1.0140014403261,0.0226851068890202,0,1,0,1.37405746999321,"05_rr_to_or",1000
1,300,0.15,0.5,0.5,"dipietrantonj","sample",1000,1000,0,0,0.0102924648163551,0.325476315568287,0.00728151333408021,0.329294502500992,1.0117310745823,0.0226343145651368,0,1,0,1.28832453786307,"05_rr_to_or",1000
2,300,0.15,0.5,0.5,"dipietrantonj","sample",1000,1000,0,0,0.00932065168568926,0.294744886038659,0.00659399383360711,0.293346994791981,0.99525728413658,0.022265765091471,0,1,0,1.14810691138179,"05_rr_to_or",1000
0.25,50,0.3,0.5,0.5,"dipietrantonj","sample",1000,999,0.001,-0.0913200552904102,0.0329963538053411,1.04291447639909,0.0233436319549271,0.963788633829458,0.924130075514114,0.0206848719137208,0.293461319269837,1,0,3.71978178719362,"05_rr_to_or",1000
0.5,50,0.3,0.5,0.5,"dipietrantonj","sample",1000,1000,0,-0.0119005828888323,0.0277176038001652,0.876507592906605,0.0196091126140112,0.787556919827373,0.898516939500477,0.0201015028219373,0.0984159387700883,1,0,3.03850504179926,"05_rr_to_or",1000
0.75,50,0.3,0.5,0.5,"dipietrantonj","sample",1000,1000,0,-0.00205580656545197,0.0230467594003557,0.728802523910205,0.0163046742325866,0.691560699943121,0.948899979424779,0.0212286655661135,0.0516757224112695,1,0,2.6883620488278,"05_rr_to_or",1000
1,50,0.3,0.5,0.5,"dipietrantonj","sample",1000,1000,0,0,0.0203534930168466,0.643633962735672,0.0143992943810481,0.646331224495484,1.00419067655838,0.0224656217720541,0,1,0,2.52042885597841,"05_rr_to_or",1000
2,50,0.3,0.5,0.5,"dipietrantonj","sample",1000,1000,0,0,0.0206702061060294,0.653649310001729,0.0146233564131377,0.621902955554177,0.951432130407255,0.0212853145149336,0,1,0,2.42969867251244,"05_rr_to_or",1000
0.25,100,0.3,0.5,0.5,"dipietrantonj","sample",1000,1000,0,-0.0143422161006875,0.0240106100566534,0.759282157891692,0.016986560596166,0.691900120588133,0.911255602935989,0.0203864905252732,0.13926359354791,0.999,0.000999499874937461,2.64050245022857,"05_rr_to_or",1000
0.5,100,0.3,0.5,0.5,"dipietrantonj","sample",1000,1000,0,0,0.0171215970691659,0.541432439182276,0.0121128553348828,0.523875151812392,0.967572524105869,0.0216464052804124,0,1,0,2.0376625519832,"05_rr_to_or",1000
0.75,100,0.3,0.5,0.5,"dipietrantonj","sample",1000,1000,0,0,0.0148627157976441,0.470000341363215,0.010514785835286,0.46965383420031,0.999262751252691,0.0223553748751023,0,1,0,1.83610743499307,"05_rr_to_or",1000
1,100,0.3,0.5,0.5,"dipietrantonj","sample",1000,1000,0,0,0.0145176354282415,0.45908794193197,0.0102706550701129,0.445062822487254,0.969450037424868,0.0216884087615054,0,1,0,1.74249777169401,"05_rr_to_or",1000
2,100,0.3,0.5,0.5,"dipietrantonj","sample",1000,1000,0,0,0.013447347124804,0.425242454012973,0.00951346826482927,0.430003127260237,1.01119519747461,0.0226223259929476,0,1,0,1.68410690789945,"05_rr_to_or",1000
0.25,300,0.3,0.5,0.5,"dipietrantonj","sample",1000,1000,0,0,0.012076827113685,0.381902805873218,0.0085438793555012,0.370724909293111,0.970731043584378,0.0217170672628628,0,1,0,1.44228050625335,"05_rr_to_or",1000
0.5,300,0.3,0.5,0.5,"dipietrantonj","sample",1000,1000,0,0,0.00989856356142435,0.31302006418049,0.00700284371594061,0.294190125377863,0.939844307258945,0.0210260732591757,0,1,0,1.15135550828521,"05_rr_to_or",1000
0.75,300,0.3,0.5,0.5,"dipietrantonj","sample",1000,1000,0,0,0.00851560040012193,0.269286929082265,0.00602445176811839,0.26733594795796,0.992755009940682,0.0222097845421916,0,1,0,1.04724221991738,"05_rr_to_or",1000
1,300,0.3,0.5,0.5,"dipietrantonj","sample",1000,1000,0,0,0.0078629976083458,0.248649816788293,0.00556276100551069,0.253230307981187,1.01842145412395,0.0227839908565053,0,1,0,0.992305622861533,"05_rr_to_or",1000
2,300,0.3,0.5,0.5,"dipietrantonj","sample",1000,1000,0,0,0.00775498256521553,0.245234081209763,0.00548634461829268,0.245149073837504,0.999653362322889,0.0223641135746022,0,1,0,0.960745487999159,"05_rr_to_or",1000
0.25,50,0.5,0.5,0.5,"dipietrantonj","sample",1000,987,0.013,-0.0365660429939841,0.0283039574922335,0.889212869675069,0.0200240667519841,0.804200873339323,0.904396349586337,0.02036598152362,0.278072270720982,1,0,3.08799971081106,"05_rr_to_or",1000
0.5,50,0.5,0.5,0.5,"dipietrantonj","sample",1000,999,0.001,0,0.0206656610743051,0.653178748958055,0.0146201483069852,0.64131482513487,0.981836635312906,0.0219765221149713,0,1,0,2.49852005749692,"05_rr_to_or",1000
0.75,50,0.5,0.5,0.5,"dipietrantonj","sample",1000,1000,0,0,0.0185690880014645,0.587206121567319,0.0131368981382883,0.591083337666614,1.006602819618,0.0225195859194044,0,1,0,2.31394776855751,"05_rr_to_or",1000
1,50,0.5,0.5,0.5,"dipietrantonj","sample",1000,1000,0,0,0.0192471784182342,0.60864922333257,0.0136166203913656,0.578578624916668,0.950594534153424,0.0212665759216808,0,1,0,2.26726305396981,"05_rr_to_or",1000
0.25,100,0.5,0.5,0.5,"dipietrantonj","sample",1000,999,0.001,-0.00154974403122461,0.0184921553062625,0.58448083635228,0.0130824778419266,0.546810865452737,0.935549690329216,0.0209404779977702,0.048982699555598,1,0,2.11375313566297,"05_rr_to_or",1000
0.5,100,0.5,0.5,0.5,"dipietrantonj","sample",1000,1000,0,0,0.0135979741010558,0.43000569723317,0.00962003091581901,0.440442004780683,1.02427016110406,0.0229148373600012,0,1,0,1.72342850000462,"05_rr_to_or",1000
0.75,100,0.5,0.5,0.5,"dipietrantonj","sample",1000,1000,0,0,0.0128230606360048,0.405500781842224,0.00907181017091433,0.411776967995883,1.01547761788558,0.0227181317392741,0,1,0,1.61367296851651,"05_rr_to_or",1000
1,100,0.5,0.5,0.5,"dipietrantonj","sample",1000,1000,0,0,0.0120466767133025,0.380949366497473,0.00852254913515751,0.403895110322265,1.06023305416087,0.0237193944746043,0,1,0,1.58315307395114,"05_rr_to_or",1000
0.25,300,0.5,0.5,0.5,"dipietrantonj","sample",1000,1000,0,0,0.00981422462266544,0.310353032761294,0.00694317723972596,0.300897680454908,0.96953355917853,0.0216902772991958,0,1,0,1.17629705854925,"05_rr_to_or",1000
0.5,300,0.5,0.5,0.5,"dipietrantonj","sample",1000,1000,0,0,0.00806370248305165,0.254996662203985,0.00570475179658566,0.250655777316739,0.98297669918607,0.0219910254597675,0,1,0,0.982139101435709,"05_rr_to_or",1000
0.75,300,0.5,0.5,0.5,"dipietrantonj","sample",1000,1000,0,0,0.00768277995394122,0.242950834163378,0.00543526411560164,0.235671056091604,0.970036002976315,0.0217015179057721,0,1,0,0.923747115668931,"05_rr_to_or",1000
1,300,0.5,0.5,0.5,"dipietrantonj","sample",1000,1000,0,0,0.00728204499775737,0.23027848216749,0.00515175992307353,0.231719988607741,1.00625983994111,0.0225119128231724,0,1,0,0.908320605804667,"05_rr_to_or",1000
0.25,50,0.01,0.01,0.5,"grant","sample",1000,1000,0,0.0070004957890867,0.0181499606781555,0.573952151854656,0.012840382070679,2.03502517049994,3.54563557941897,0.0793224929569775,0.0192894682669732,1,0,7.92830040218172,"05_rr_to_or",1000
0.5,50,0.01,0.01,0.5,"grant","sample",1000,1000,0,0.00615556879563188,0.0201753332872896,0.638000057408475,0.0142732533918864,2.02203779365189,3.16933794938092,0.0709040118582202,0.0204719262166249,1,0,7.87079309592186,"05_rr_to_or",1000
0.75,50,0.01,0.01,0.5,"grant","sample",1000,1000,0,0.00486383779296082,0.0207678343361871,0.656736585714024,0.0146924245394184,2.01568202506979,3.06923973616953,0.0686646277944557,0.0198077993578902,1,0,7.83615849698146,"05_rr_to_or",1000
1,50,0.01,0.01,0.5,"grant","sample",1000,1000,0,0.00279433352654483,0.0207519754704324,0.656235084345105,0.0146812050167368,2.02169371105632,3.08074615223276,0.0689220478216107,0.019327460301824,1,0,7.85750400655876,"05_rr_to_or",1000
2,50,0.01,0.01,0.5,"grant","sample",1000,1000,0,-0.00340849587649989,0.0254297798727008,0.804160247944412,0.0179905673256768,2.0165671325786,2.50766826354987,0.0561012246516511,0.0222289415077442,1,0,7.79786383830438,"05_rr_to_or",1000
0.25,100,0.01,0.01,0.5,"grant","sample",1000,1000,0,0.00597322628255328,0.0221479409432996,0.70037938863725,0.0156687955876996,1.94574614208087,2.77813164357502,0.0621519958255688,0.0116672103582661,1,0,7.54539092024435,"05_rr_to_or",1000
0.5,100,0.01,0.01,0.5,"grant","sample",1000,1000,0,0.00594328868830619,0.0244561389489514,0.773371018522427,0.0173017547336121,1.92772466268756,2.49262594087195,0.0557646997866588,0.0120682525093582,1,0,7.46860825548254,"05_rr_to_or",1000
0.75,100,0.01,0.01,0.5,"grant","sample",1000,1000,0,0.00521184992862445,0.0268839721448462,0.850145845302361,0.0190193510629908,1.90545688200797,2.24132940546252,0.0501427267401806,0.0117757826985213,1,0,7.37473594284253,"05_rr_to_or",1000
1,100,0.01,0.01,0.5,"grant","sample",1000,1000,0,0.00421545745359892,0.0272641145872095,0.862167004834033,0.0192882868633367,1.8843793774489,2.18563151556889,0.0488966608713556,0.0100746429397143,1,0,7.28135056310775,"05_rr_to_or",1000
2,100,0.01,0.01,0.5,"grant","sample",1000,1000,0,0.00233423970673486,0.0304754735511489,0.963719091938505,0.021560196802663,1.78672785583346,1.85399238302884,0.0414772738063494,0.0106579145789006,1,0,6.86113310702193,"05_rr_to_or",1000
0.25,300,0.01,0.01,0.5,"grant","sample",1000,1000,0,0.00496957075870105,0.0305743538173666,0.966845960507422,0.0216301506951259,1.64834988162319,1.70487331897016,0.0381412017133219,0.00833447002293154,1,0,6.34504421912966,"05_rr_to_or",1000
0.5,300,0.01,0.01,0.5,"grant","sample",1000,1000,0,0.00500464974801383,0.0314242063447674,0.993720657125792,0.0222313878740412,1.56360176344619,1.57348219767183,0.0352017368246307,0.00881303842842969,1,0,5.97618469769021,"05_rr_to_or",1000
0.75,300,0.01,0.01,0.5,"grant","sample",1000,1000,0,0.00664006621897384,0.0346227126426613,1.09486630724317,0.0244942050585357,1.47430736807235,1.34656383004844,0.0301251489423066,0.0116855384934284,1,0,5.61251894109594,"05_rr_to_or",1000
1,300,0.01,0.01,0.5,"grant","sample",1000,1000,0,0.00711426213105469,0.0341691822249794,1.08052441616275,0.0241733501571409,1.38744821698246,1.28405077777852,0.0287266151569444,0.0137934518862955,1,0,5.26091152009205,"05_rr_to_or",1000
2,300,0.01,0.01,0.5,"grant","sample",1000,1000,0,0.0124353183907918,0.0315662999434259,0.998214051252701,0.0223319134965991,1.19462252877123,1.19675988058077,0.0267737546829665,0.0260614272669864,1,0,4.52396665827417,"05_rr_to_or",1000
0.25,50,0.05,0.01,0.5,"grant","sample",1000,1000,0,0.0367347891510134,0.0282867603897492,0.894505904590397,0.0200117684763515,1.68963250203581,1.88890033410065,0.0422582298975816,0.0575603646151301,1,0,6.50229420973421,"05_rr_to_or",1000
0.5,50,0.05,0.01,0.5,"grant","sample",1000,1000,0,0.0266745156183585,0.0319423845423838,1.01010689050888,0.0225979785326148,1.65586857758091,1.63930034844797,0.0366742118391772,0.0544531356874504,1,0,6.30675067877879,"05_rr_to_or",1000
0.75,50,0.05,0.01,0.5,"grant","sample",1000,1000,0,0.0180318849133356,0.0331933359682019,1.04966544798709,0.0234829773788491,1.62817507991027,1.55113715806553,0.0347018365367719,0.0527235144508619,1,0,6.16634592319704,"05_rr_to_or",1000
1,50,0.05,0.01,0.5,"grant","sample",1000,1000,0,0.00849605119172307,0.0342586517363748,1.08335369053427,0.0242366463113511,1.60133386519813,1.47812656124189,0.033068453065006,0.0528664758349411,1,0,5.99721739690706,"05_rr_to_or",1000
2,50,0.05,0.01,0.5,"grant","sample",1000,1000,0,-0.0363837441076854,0.0323450482089692,1.02284023368293,0.0228828472117608,1.43297077111199,1.40097223781696,0.0313423666865865,0.0733071708877488,1,0,5.22887150924305,"05_rr_to_or",1000
0.25,100,0.05,0.01,0.5,"grant","sample",1000,1000,0,0.0333539358877945,0.0291631570558171,0.922220000575924,0.0206317845875337,1.44175015272595,1.56334730522606,0.0349750003434999,0.0453917421658361,1,0,5.54068816059406,"05_rr_to_or",1000
0.5,100,0.05,0.01,0.5,"grant","sample",1000,1000,0,0.0260797295011115,0.0323829072846273,1.02403744277481,0.0229096310161399,1.31980215989038,1.28882217071492,0.0288333601323133,0.0413566039194786,1,0,5.02056469612135,"05_rr_to_or",1000
0.75,100,0.05,0.01,0.5,"grant","sample",1000,1000,0,0.0154253408246675,0.032336564382566,1.02257195153585,0.0228768452388436,1.16106077168676,1.13543185879772,0.0254017322438334,0.0364633650963178,1,0,4.38555328542065,"05_rr_to_or",1000
1,100,0.05,0.01,0.5,"grant","sample",1000,1000,0,0.00551994428715159,0.0315396595894818,0.997371609291335,0.0223130664958145,1.0837455448481,1.08660155828792,0.0243093071816644,0.0343426649818211,1,0,4.08631358968417,"05_rr_to_or",1000
2,100,0.05,0.01,0.5,"grant","sample",1000,1000,0,-0.0318030817650581,0.0283935553390844,0.897883057415413,0.0200873216952812,0.911539687653753,1.0152098094797,0.0227121403648326,0.0527138820490841,1,0,3.44554395197953,"05_rr_to_or",1000
0.25,300,0.05,0.01,0.5,"grant","sample",1000,1000,0,0.0321395898536458,0.0254299054850278,0.804164220154969,0.017990656191449,0.974014876800862,1.21121389436247,0.0270971179786911,0.0374823625545946,1,0,3.66828945105355,"05_rr_to_or",1000
0.5,300,0.05,0.01,0.5,"grant","sample",1000,1000,0,0.0209813934395651,0.0232431377369436,0.735012552177534,0.0164436041684089,0.725588563548809,0.987178465727142,0.0220850268283221,0.0284195747968677,1,0,2.73997150106149,"05_rr_to_or",1000
0.75,300,0.05,0.01,0.5,"grant","sample",1000,1000,0,0.0110028018432554,0.020442631461421,0.646452767855069,0.0144623563185265,0.616469791795742,0.953619231674402,0.021334244056894,0.0233098932765918,1,0,2.3573839624887,"05_rr_to_or",1000
1,300,0.05,0.01,0.5,"grant","sample",1000,1000,0,0.00147859010889954,0.0184533787861562,0.583547074900868,0.013055038427405,0.56100274638064,0.961366735453077,0.0215075701926891,0.0208912291583011,1,0,2.14725462285737,"05_rr_to_or",1000
2,300,0.05,0.01,0.5,"grant","sample",1000,1000,0,-0.0409392027056956,0.0153082160668849,0.484088296853409,0.010829959723047,0.485142345260614,1.00217738874097,0.0224205807617361,0.0476063392098254,1,0,1.85134976333315,"05_rr_to_or",1000
0.25,50,0.15,0.01,0.5,"grant","sample",1000,1000,0,0.120062570034737,0.0275332342005513,0.870677314245874,0.0194786783864534,1.2444229547396,1.42925850298218,0.0319751832914206,0.149712438021085,1,0,4.73417128414152,"05_rr_to_or",1000
0.5,50,0.15,0.01,0.5,"grant","sample",1000,1000,0,0.0848283385219896,0.0293190490122897,0.927149737089456,0.0207420720045893,1.0743303120716,1.15874520489449,0.0259232953571718,0.128168712543423,1,0,4.03566142239755,"05_rr_to_or",1000
0.75,50,0.15,0.01,0.5,"grant","sample",1000,1000,0,0.0499232107078411,0.0280137189299298,0.885871575503529,0.0198186024013727,0.93833485786851,1.0592222211613,0.0236967802516552,0.114598995535638,1,0,3.4892401531571,"05_rr_to_or",1000
1,50,0.15,0.01,0.5,"grant","sample",1000,1000,0,-0.00326521908341674,0.0269881352096737,0.853439770631547,0.0190930423273277,0.842884537706751,0.987632129075745,0.0220951761251035,0.109640856895779,1,0,3.15062949484678,"05_rr_to_or",1000
2,50,0.15,0.01,0.5,"grant","sample",1000,1000,0,-0.174780841909158,0.0219680207851848,0.694689813671044,0.0155415091646941,0.688183178332537,0.990633754503866,0.0221623280944891,0.222577288130994,1,0,2.57307163377158,"05_rr_to_or",1000
0.25,100,0.15,0.01,0.5,"grant","sample",1000,1000,0,0.117024971270625,0.0256324195706935,0.810568277844667,0.0181339269279951,0.960062165093915,1.1844309619996,0.0264979337376334,0.133213504285276,1,0,3.60063425310914,"05_rr_to_or",1000
0.5,100,0.15,0.01,0.5,"grant","sample",1000,1000,0,0.0793005549752415,0.0229895880303541,0.726994606448632,0.0162642277408645,0.714255683676082,0.982477280217001,0.0219798525242615,0.106431709297398,1,0,2.69638229291763,"05_rr_to_or",1000
0.75,100,0.15,0.01,0.5,"grant","sample",1000,1000,0,0.0407735128795976,0.0193717014392769,0.61258698700877,0.0137047155225417,0.588834498480112,0.961225933569631,0.021504420191467,0.0831934937303301,1,0,2.24883804003395,"05_rr_to_or",1000
1,100,0.15,0.01,0.5,"grant","sample",1000,1000,0,0.0062524913760274,0.0173456319914703,0.548517045481286,0.0122713512154291,0.525178988212668,0.957452448450092,0.0214200002785591,0.0794580372513259,1,0,2.01922892973387,"05_rr_to_or",1000
2,100,0.15,0.01,0.5,"grant","sample",1000,1000,0,-0.182164940762905,0.0142721518187452,0.451325068589494,0.0100969850884575,0.439772267362307,0.97440248275308,0.0217992042171769,0.209905092177291,1,0,1.69313398574432,"05_rr_to_or",1000
0.25,300,0.15,0.01,0.5,"grant","sample",1000,1000,0,0.117134845383428,0.0156099429043107,0.493629737228055,0.0110434195724772,0.505822043336451,1.02469929420553,0.0229244378693193,0.122660152483758,1,0,1.93086905250084,"05_rr_to_or",1000
0.5,300,0.15,0.01,0.5,"grant","sample",1000,1000,0,0.0802783195869253,0.0120601610995654,0.381375780231874,0.00853208880715317,0.363086432889659,0.952043762896807,0.0212989978765646,0.0900570955831694,1,0,1.41082219553958,"05_rr_to_or",1000
0.75,300,0.15,0.01,0.5,"grant","sample",1000,1000,0,0.0406709440389163,0.00995891608965289,0.314928578698008,0.00704554075177048,0.311582554175284,0.989375290941975,0.0221341739131615,0.0586124649605285,1,0,1.21548320444777,"05_rr_to_or",1000
1,300,0.15,0.01,0.5,"grant","sample",1000,1000,0,-0.00184319085468199,0.00936192973522383,0.296050212577644,0.00662319642729616,0.285140327704197,0.963148532208585,0.0215474323154097,0.0466629751790525,1,0,1.11336738958749,"05_rr_to_or",1000
2,300,0.15,0.01,0.5,"grant","sample",1000,1000,0,-0.184204108979125,0.00760030827475321,0.24034285067645,0.00537691865196331,0.24082496597777,1.00200594816931,0.02241674531581,0.193561620484609,1,0,0.940187262292734,"05_rr_to_or",1000
0.25,50,0.3,0.01,0.5,"grant","sample",1000,1000,0,0.283399546736365,0.0244847478013962,0.77427570987212,0.017321994369527,0.940804204477717,1.21507648048665,0.0271835312475586,0.319622188542045,1,0,3.51110807241072,"05_rr_to_or",1000
0.5,50,0.3,0.01,0.5,"grant","sample",1000,1000,0,0.190789548271018,0.0207561874199634,0.656368277884182,0.014684184805079,0.658252489501276,1.00287066221903,0.0224360905848268,0.248959059739891,1,0,2.49040261814433,"05_rr_to_or",1000
0.75,50,0.3,0.01,0.5,"grant","sample",1000,1000,0,0.103321720482709,0.0186257020861721,0.588996416120537,0.0131769503726219,0.543316063063191,0.922443750408155,0.0206367902893589,0.20422437420851,1,0,2.0796341850711,"05_rr_to_or",1000
1,50,0.3,0.01,0.5,"grant","sample",1000,1000,0,0.00174016435021625,0.015172271985212,0.479789367528345,0.0107337846414652,0.476561619899229,0.993272573659263,0.0222213634096477,0.185321759660438,1,0,1.83588501979249,"05_rr_to_or",1000
2,50,0.3,0.01,0.5,"grant","sample",1000,1000,0,-0.570286900679036,0.0132370107191499,0.418591032845771,0.00936466354509107,0.398749325025995,0.95259882256702,0.0213114155985202,0.634686961859122,0.760760760760761,0.0134976298533901,1.50481441024834,"05_rr_to_or",1000
0.25,100,0.3,0.01,0.5,"grant","sample",1000,1000,0,0.278479410464299,0.0200344515771222,0.633544986560587,0.0141735851326875,0.647130729130792,1.02144400612174,0.0228516109923559,0.295836792390654,1,0,2.40923087365602,"05_rr_to_or",1000
0.5,100,0.3,0.01,0.5,"grant","sample",1000,1000,0,0.188854621453822,0.0137105242755071,0.433564846256323,0.00969965572976228,0.429661838086948,0.990997867555279,0.022170473983797,0.216519556459714,1,0,1.65602497849746,"05_rr_to_or",1000
0.75,100,0.3,0.01,0.5,"grant","sample",1000,1000,0,0.101587475501886,0.0111615396062203,0.352958873498351,0.00789634950633131,0.357692930847886,1.01341248996693,0.0226719309690275,0.152900975231964,1,0,1.39075492511936,"05_rr_to_or",1000
1,100,0.3,0.01,0.5,"grant","sample",1000,1000,0,-0.00341837558926816,0.0102129748939123,0.322962623508794,0.0072252773458578,0.321037857247562,0.994040281688573,0.0222385384727313,0.129918509230732,1,0,1.24923104444632,"05_rr_to_or",1000
2,100,0.3,0.01,0.5,"grant","sample",1000,1000,0,-0.56413634489626,0.00794582565878762,0.251269069723768,0.00562135858777005,0.26081496501918,1.03799072964256,0.0232217921151875,0.595086850508996,0.381,0.0153570504980611,1.01321660158391,"05_rr_to_or",1000
0.25,300,0.3,0.01,0.5,"grant","sample",1000,1000,0,0.267147430829988,0.0109398135845374,0.34594728104789,0.00773948708200398,0.326970666598189,0.945145935553475,0.0211446805902546,0.273639193796607,1,0,1.26612443015366,"05_rr_to_or",1000
0.5,300,0.3,0.01,0.5,"grant","sample",1000,1000,0,0.188060978640737,0.00746379341159138,0.236025871655874,0.00528033976496692,0.236108685887153,1.00035086929538,0.0223797181088735,0.198340097569234,1,0,0.92179145968237,"05_rr_to_or",1000
0.75,300,0.3,0.01,0.5,"grant","sample",1000,1000,0,0.100055255809734,0.00647143482944967,0.204644737904043,0.00457828516706617,0.201557329162869,0.984913324560431,0.0220343513879903,0.120589695950915,0.999,0.000999499874937461,0.787897162282831,"05_rr_to_or",1000
1,300,0.3,0.01,0.5,"grant","sample",1000,1000,0,0.00299864198009923,0.00566295290167481,0.17907829451552,0.00400631605738305,0.180351659264686,1.00711065934937,0.0225309472430973,0.0730236563346947,1,0,0.705460536015129,"05_rr_to_or",1000
2,300,0.3,0.01,0.5,"grant","sample",1000,1000,0,-0.550029663355603,0.00478848551191032,0.151425207603539,0.00338766483317187,0.14604090835882,0.964442517002741,0.0215763811730748,0.561792121737292,0.006,0.00244213021765835,0.570721992552925,"05_rr_to_or",1000
0.25,50,0.5,0.01,0.5,"grant","sample",1000,1000,0,0.575383325832699,0.0214085745876016,0.676998571544209,0.0151457230221047,0.69581499916439,1.02779389560197,0.0229936698848424,0.61723509441897,0.982,0.00420428352992517,2.56202480441419,"05_rr_to_or",1000
0.5,50,0.5,0.01,0.5,"grant","sample",1000,1000,0,0.417507548312017,0.0152686256792373,0.482836338869253,0.010801951083649,0.445757062890986,0.923205291331009,0.0206538273827478,0.483005275174638,0.959,0.00627048642451286,1.69487016544596,"05_rr_to_or",1000
0.75,50,0.5,0.01,0.5,"grant","sample",1000,1000,0,0.214455448035901,0.0113628003197245,0.35932329608019,0.00803873353145604,0.348090927474605,0.968740216044668,0.021672528730924,0.341241787674472,0.957,0.00641490451994416,1.34452523087116,"05_rr_to_or",1000
1,50,0.5,0.01,0.5,"grant","sample",1000,1000,0,0.0209430773121839,0.00955462790763544,0.302143863835369,0.00675952279196232,0.296562968769591,0.981529014043394,0.0219586380381158,0.302662293435911,0.936,0.0077397674383666,1.14896341348572,"05_rr_to_or",1000
0.25,100,0.5,0.01,0.5,"grant","sample",1000,1000,0,0.558284545018515,0.0154218309960178,0.487681116375993,0.0109103378089761,0.452975637134,0.928835712360787,0.0207797904216658,0.577055719145761,0.937,0.00768316341099159,1.70842686867257,"05_rr_to_or",1000
0.5,100,0.5,0.01,0.5,"grant","sample",1000,1000,0,0.407379218140309,0.00955534490385936,0.302166537246782,0.00676003003854107,0.296891187161767,0.9825415807684,0.0219812910477424,0.440410258588972,0.845,0.0114444309600784,1.15189546662846,"05_rr_to_or",1000
0.75,100,0.5,0.01,0.5,"grant","sample",1000,1000,0,0.229862154976947,0.00783623386753395,0.247803472991575,0.00554382671337867,0.238851231191289,0.963873622543658,0.0215636539410418,0.296854040608252,0.899,0.00952885092757778,0.930261147354496,"05_rr_to_or",1000
1,100,0.5,0.01,0.5,"grant","sample",1000,1000,0,0.00773659430082054,0.00645944300975277,0.20426552326872,0.00456980142710875,0.206108050322205,1.00902025473511,0.022573668459969,0.196522866219651,0.951,0.00682634602111555,0.803400292565876,"05_rr_to_or",1000
0.25,300,0.5,0.01,0.5,"grant","sample",1000,1000,0,0.559265414598753,0.00760833430950964,0.240596656180549,0.00538259675532742,0.238225653453845,0.990145321367539,0.0221514009325887,0.566459480904278,0.146,0.0111661989951818,0.92776173864531,"05_rr_to_or",1000
0.5,300,0.5,0.01,0.5,"grant","sample",1000,1000,0,0.407091024831207,0.00540831820444849,0.171026038370094,0.00382617204171183,0.165898927732543,0.970021461723526,0.0217011925907768,0.418209498820884,0.19,0.0124056438768812,0.648444455111326,"05_rr_to_or",1000
0.75,300,0.5,0.01,0.5,"grant","sample",1000,1000,0,0.219042498661838,0.00412989375254917,0.130598707525552,0.00292173711196332,0.135260584206778,1.03569619309068,0.0231704590451642,0.240126044036919,0.678,0.0147755202954075,0.529180838329021,"05_rr_to_or",1000
1,300,0.5,0.01,0.5,"grant","sample",1000,1000,0,-2.40104334984619e-05,0.00361602541144183,0.114348763772037,0.00255819550706135,0.117315614836904,1.02594563305277,0.0229523207981251,0.111800373071711,0.964,0.00589101010014412,0.459189274616166,"05_rr_to_or",1000
0.25,50,0.01,0.05,0.5,"grant","sample",1000,1000,0,0.00583346285775967,0.0186981481299353,0.591287361178134,0.0132282030942076,1.70937669902369,2.89094070202646,0.064675745247658,0.0184395938332632,1,0,6.69338762652985,"05_rr_to_or",1000
0.5,50,0.01,0.05,0.5,"grant","sample",1000,1000,0,0.00978923545368896,0.020783734397933,0.657239389814566,0.0147036732066405,1.7165487234847,2.61175570132675,0.0584298551228399,0.0265410614442544,1,0,6.72458207799046,"05_rr_to_or",1000
0.75,50,0.01,0.05,0.5,"grant","sample",1000,1000,0,0.0141605295546364,0.0233071420386345,0.737036545911452,0.0164888846900833,1.7112728329865,2.32182900899475,0.0519436532852801,0.0336277059026235,1,0,6.69981945097636,"05_rr_to_or",1000
1,50,0.01,0.05,0.5,"grant","sample",1000,1000,0,0.0169440464159712,0.0242737982668639,0.767604899867375,0.0171727558852648,1.71342682710984,2.2321728631564,0.0499378777797281,0.0402399356099587,1,0,6.70826280474336,"05_rr_to_or",1000
2,50,0.01,0.05,0.5,"grant","sample",1000,1000,0,0.0275518499328958,0.0267661604471344,0.846420312304557,0.018936003928645,1.7033973147155,2.01247216064279,0.0450227625521687,0.0555429803831294,1,0,6.65870089031879,"05_rr_to_or",1000
0.25,100,0.01,0.05,0.5,"grant","sample",1000,1000,0,0.00259428863181516,0.023874392945894,0.754974594628821,0.0168901923572629,1.70152584746369,2.25375245679656,0.0504206536110831,0.0277385769227384,1,0,6.65492215349341,"05_rr_to_or",1000
0.5,100,0.01,0.05,0.5,"grant","sample",1000,1000,0,0.0103136028964122,0.0268749620133361,0.849860919926466,0.0190129767499469,1.70403314529739,2.00507295410739,0.0448572284765016,0.0421652908212501,1,0,6.66144091307862,"05_rr_to_or",1000
0.75,100,0.01,0.05,0.5,"grant","sample",1000,1000,0,0.0216277623066846,0.0297442037533721,0.940594310487851,0.0210428522327927,1.70730586039945,1.81513521968248,0.0406079664574044,0.0561243143360896,1,0,6.67285613141156,"05_rr_to_or",1000
1,100,0.01,0.05,0.5,"grant","sample",1000,1000,0,0.0312437286642215,0.0312330421413362,0.987675514226451,0.0220961467319903,1.66987233299787,1.69070945765596,0.0378243296704471,0.0732934578603916,1,0,6.50437888137537,"05_rr_to_or",1000
2,100,0.01,0.05,0.5,"grant","sample",1000,1000,0,0.0626109896610791,0.0330973209314809,1.04662918593045,0.0234150505233649,1.64755968227217,1.57415797726632,0.0352168552768583,0.113326255126539,1,0,6.38725442467268,"05_rr_to_or",1000
0.25,300,0.01,0.05,0.5,"grant","sample",1000,1000,0,-0.00583939865850987,0.0302255491987445,0.955815789975099,0.0213833851703655,1.61263534253564,1.68718215314026,0.0377454172776373,0.0439910490869864,1,0,6.26818505394131,"05_rr_to_or",1000
0.5,300,0.01,0.05,0.5,"grant","sample",1000,1000,0,0.00478349256548692,0.0326169492559907,1.03143849975065,0.0230752064896172,1.53816979621875,1.49128600162841,0.0333628543349605,0.0572757247191893,1,0,5.93485449068257,"05_rr_to_or",1000
0.75,300,0.01,0.05,0.5,"grant","sample",1000,1000,0,0.0267574042944285,0.0361370549881773,1.1427540169339,0.0255655426028444,1.48023158243702,1.29531951802594,0.0289787179320006,0.100498148430841,1,0,5.66631607078064,"05_rr_to_or",1000
1,300,0.01,0.05,0.5,"grant","sample",1000,1000,0,0.0407175832949274,0.0356520620285227,1.12741719291735,0.0252224291926291,1.40718797368214,1.24815195521442,0.0279234914189795,0.114760393396557,1,0,5.36304391566904,"05_rr_to_or",1000
2,300,0.01,0.05,0.5,"grant","sample",1000,1000,0,0.129335121049966,0.0372630976339768,1.17836261196598,0.0263621734086261,1.18337400399817,1.00425284371831,0.0224670125675816,0.24204740710329,1,0,4.47589602449963,"05_rr_to_or",1000
0.25,50,0.05,0.05,0.5,"grant","sample",1000,1000,0,0.0256748298565507,0.0292764516447087,0.925802690050622,0.0207119360453636,1.61207173560137,1.74126922823396,0.038955446209569,0.0426212042878081,1,0,6.27779399412205,"05_rr_to_or",1000
0.5,50,0.05,0.05,0.5,"grant","sample",1000,1000,0,0.0299688999669158,0.0326513235452596,1.03252551022104,0.0230995249449268,1.57050632590739,1.5210339215456,0.0340283708877088,0.0511445715802009,1,0,6.08745552154628,"05_rr_to_or",1000
0.75,50,0.05,0.05,0.5,"grant","sample",1000,1000,0,0.0365673895898113,0.0354945755336511,1.12243703267224,0.0251110137024812,1.50422776550426,1.34014445507297,0.0299815355294574,0.0728548872375598,1,0,5.78873653166812,"05_rr_to_or",1000
1,50,0.05,0.05,0.5,"grant","sample",1000,1000,0,0.0447132643109208,0.0374333460756265,1.18374634040305,0.0264826174732984,1.46512858223827,1.23770484624215,0.0276897700707721,0.0870194461303627,1,0,5.61432325059584,"05_rr_to_or",1000
2,50,0.05,0.05,0.5,"grant","sample",1000,1000,0,0.0757464821687079,0.0378038517975515,1.19546276007713,0.0267447356736213,1.21125665880539,1.01321153552892,0.0226674352427644,0.161015941367453,1,0,4.57358193743467,"05_rr_to_or",1000
0.25,100,0.05,0.05,0.5,"grant","sample",1000,1000,0,0.0167660192931484,0.0307890036329269,0.973633783672478,0.0217820069824242,1.4596998838852,1.49922887677471,0.0335405512933023,0.0384314490440801,1,0,5.61872910874672,"05_rr_to_or",1000
0.5,100,0.05,0.05,0.5,"grant","sample",1000,1000,0,0.0225547579270627,0.0333238852660325,1.05379377926789,0.0235753358634172,1.31403847463097,1.24695979468002,0.0278968205602645,0.0522496926194285,1,0,5.00285067468605,"05_rr_to_or",1000
0.75,100,0.05,0.05,0.5,"grant","sample",1000,1000,0,0.0312039645330927,0.034554881440626,1.09272129629459,0.0244462171556477,1.20064680255868,1.09876764242636,0.0245814852162564,0.0786477820185603,1,0,4.54262258030472,"05_rr_to_or",1000
1,100,0.05,0.05,0.5,"grant","sample",1000,1000,0,0.0425070358727829,0.0349998986621318,1.10679397647417,0.0247610493061682,1.10712106379247,1.00029552683269,0.0223784799945754,0.114535985707542,1,0,4.18798098066397,"05_rr_to_or",1000
2,100,0.05,0.05,0.5,"grant","sample",1000,997,0.003,0.0923531149991799,0.0342119214903764,1.08025191753937,0.0242036229546377,0.928907249100382,0.859898727341556,0.0192664916746045,0.272401108043213,1,0,3.51653533915587,"05_rr_to_or",1000
0.25,300,0.05,0.05,0.5,"grant","sample",1000,1000,0,0.00212716057706362,0.0255768150028146,0.8088099070166,0.0180945888870428,0.996400566545537,1.23193417625272,0.0275606694005706,0.0136503050159665,1,0,3.75412865459673,"05_rr_to_or",1000
0.5,300,0.05,0.05,0.5,"grant","sample",1000,1000,0,0.00510434920974207,0.0240859138202815,0.761663471986171,0.0170398350419619,0.762118929967977,1.00059797797657,0.0223852463917962,0.0268385508650833,1,0,2.88206231222976,"05_rr_to_or",1000
0.75,300,0.05,0.05,0.5,"grant","sample",1000,1000,0,0.00803996344981645,0.0212975782606651,0.67348855949389,0.0150671974940565,0.647364333150949,0.961210586320021,0.0215040768448168,0.0254340296737712,1,0,2.47339269822773,"05_rr_to_or",1000
1,300,0.05,0.05,0.5,"grant","sample",1000,1000,0,0.0096286285734949,0.0192667791406297,0.609269052598115,0.0136304871301912,0.594918039055737,0.976445523564376,0.021844910857562,0.02668914420225,1,0,2.28036093540036,"05_rr_to_or",1000
2,300,0.05,0.05,0.5,"grant","sample",1000,1000,0,0.0218120535677677,0.0169351396891504,0.535536139108311,0.0119809440849494,0.565208237467744,1.05540634178085,0.0236114118999167,0.0637373838500921,1,0,2.11754832819564,"05_rr_to_or",1000
0.25,50,0.15,0.05,0.5,"grant","sample",1000,1000,0,0.0966934054736193,0.0290367260812603,0.918221902111981,0.0205423396544198,1.2664176430284,1.37920652961505,0.0308554271247287,0.125330547087668,1,0,4.83301578648247,"05_rr_to_or",1000
0.5,50,0.15,0.05,0.5,"grant","sample",1000,1000,0,0.0699619321992866,0.0291453667681147,0.921657422282231,0.0206191986599223,1.07815660164704,1.16980189773471,0.026170654235517,0.102971944580426,1,0,4.06540089684109,"05_rr_to_or",1000
0.75,50,0.15,0.05,0.5,"grant","sample",1000,1000,0,0.0488623883858642,0.0294260843380495,0.930534491284445,0.0208177952803686,0.932233953138498,1.00182632870675,0.0224127268928123,0.0984598090949878,1,0,3.52250439273143,"05_rr_to_or",1000
1,50,0.15,0.05,0.5,"grant","sample",1000,1000,0,0.0271044962876049,0.0271567808744304,0.858772814812993,0.0192123524904977,0.845269386246218,0.984275901223404,0.0220200910369109,0.0917318639982018,1,0,3.19916666865072,"05_rr_to_or",1000
2,50,0.15,0.05,0.5,"grant","sample",1000,1000,0,-0.0851407267748222,0.0264714276031278,0.837100041421355,0.0187274920539951,0.751488059942994,0.897727897214059,0.020083850471659,0.207256007914398,1,0,2.80783644292798,"05_rr_to_or",1000
0.25,100,0.15,0.05,0.5,"grant","sample",1000,1000,0,0.0909370889692737,0.0255355792474602,0.807505917937027,0.0180654162148198,0.976678063637186,1.20949957386362,0.0270587654259117,0.107858923733875,1,0,3.66671693517495,"05_rr_to_or",1000
0.5,100,0.15,0.05,0.5,"grant","sample",1000,1000,0,0.061457621534244,0.0220649617597716,0.697755356453954,0.0156100910847364,0.726119229045142,1.04065016818407,0.023281288724541,0.0828043714414352,1,0,2.75204391691972,"05_rr_to_or",1000
0.75,100,0.15,0.05,0.5,"grant","sample",1000,1000,0,0.0386451964251769,0.0196910095277682,0.622684395358241,0.0139306134143989,0.615199287803461,0.987979291579206,0.0221029427989815,0.0680751200399452,1,0,2.35150344596518,"05_rr_to_or",1000
1,100,0.15,0.05,0.5,"grant","sample",1000,1000,0,0.0102078529843189,0.0184875010313008,0.584626115036225,0.0130791785714271,0.568776631537806,0.972889538987774,0.0217653568382008,0.0603767676272417,1,0,2.17670908521718,"05_rr_to_or",1000
2,100,0.15,0.05,0.5,"grant","sample",1000,1000,0,-0.122144548665102,0.0161520382817946,0.510772298247035,0.0114269306934694,0.508379815001678,0.995315949487534,0.0222670775449885,0.152909583463356,1,0,1.92725775997259,"05_rr_to_or",1000
0.25,300,0.15,0.05,0.5,"grant","sample",1000,1000,0,0.0843836135876856,0.0156292925367626,0.494241626332407,0.0110571086750607,0.505233489717482,1.02223985759079,0.0228694156767728,0.0906531561079223,1,0,1.93204985665344,"05_rr_to_or",1000
0.5,300,0.15,0.05,0.5,"grant","sample",1000,1000,0,0.0610721737472846,0.0121621329031374,0.384600411795902,0.00860422984048755,0.372657783524408,0.968947957658894,0.021677176299001,0.0696287975135838,1,0,1.44926715090142,"05_rr_to_or",1000
0.75,300,0.15,0.05,0.5,"grant","sample",1000,1000,0,0.0315777780666419,0.0102728186927099,0.324855050589166,0.00726761447565924,0.322650923755878,0.993215045204651,0.0222200763906257,0.0460255342587686,1,0,1.2591008688708,"05_rr_to_or",1000
1,300,0.15,0.05,0.5,"grant","sample",1000,1000,0,0.00227038270288667,0.00949833990304908,0.30036388084098,0.00671970124646692,0.298353162241121,0.993305724395925,0.0222221050535693,0.034159355382733,1,0,1.16478987982188,"05_rr_to_or",1000
2,300,0.15,0.05,0.5,"grant","sample",1000,1000,0,-0.13635159943154,0.00804751941115214,0.254484908536578,0.00569330291083038,0.266527134653997,1.04732000096457,0.023430505346471,0.142339955534412,1,0,1.0381766446629,"05_rr_to_or",1000
0.25,50,0.3,0.05,0.5,"grant","sample",1000,1000,0,0.248452321305348,0.0245475452825344,0.776261540589301,0.0173664211132092,0.962941203175615,1.24048552301663,0.0277519790059316,0.284015430865238,1,0,3.60245688340798,"05_rr_to_or",1000
0.5,50,0.3,0.05,0.5,"grant","sample",1000,1000,0,0.179620922552505,0.0213583067380193,0.675408962566621,0.0151101604990803,0.683166781298416,1.0114861056956,0.0226288341534151,0.229269370379507,1,0,2.5786509742093,"05_rr_to_or",1000
0.75,50,0.3,0.05,0.5,"grant","sample",1000,1000,0,0.0928726850188644,0.0175718623512138,0.555671077607973,0.0124314002814631,0.559537055300013,1.0069573131441,0.022527516601957,0.172972933171935,1,0,2.1431824249828,"05_rr_to_or",1000
1,50,0.3,0.05,0.5,"grant","sample",1000,1000,0,0.0111231374920595,0.0164833372702187,0.521248892146333,0.0116613116745871,0.509101980480581,0.976696522815167,0.0218505261797961,0.161850440861168,1,0,1.94952670668511,"05_rr_to_or",1000
2,50,0.3,0.05,0.5,"grant","sample",1000,999,0.001,-0.514283707523111,0.0143042811199955,0.452114859191224,0.0101197203731928,0.448194949334365,0.991329836263574,0.0221890091348387,0.574574879173806,0.892712550607287,0.0098458181075008,1.68389205427073,"05_rr_to_or",1000
0.25,100,0.3,0.05,0.5,"grant","sample",1000,1000,0,0.245006348732293,0.020459491358092,0.646985924601022,0.0144742840311407,0.647554287354946,1.00087847777256,0.0223915216963484,0.264152221425651,1,0,2.42214282439702,"05_rr_to_or",1000
0.5,100,0.3,0.05,0.5,"grant","sample",1000,1000,0,0.180056607145728,0.0139821558927091,0.442154592205055,0.00989182439663701,0.445975877550659,1.00864241921937,0.0225652155734934,0.206126129490985,1,0,1.71907601532671,"05_rr_to_or",1000
0.75,100,0.3,0.05,0.5,"grant","sample",1000,1000,0,0.0929475405223893,0.0121610774637248,0.38456703587114,0.00860348315868749,0.372176693998063,0.96778106099237,0.0216510706402161,0.143824275303785,1,0,1.44592445816019,"05_rr_to_or",1000
1,100,0.3,0.05,0.5,"grant","sample",1000,1000,0,0.00536732210796824,0.0105898947179812,0.33488187490207,0.00749193327073166,0.337447323379936,1.00766075643424,0.0225432539427461,0.113757849241989,1,0,1.31308997196128,"05_rr_to_or",1000
2,100,0.3,0.05,0.5,"grant","sample",1000,1000,0,-0.503007452756625,0.00939891791845991,0.29721988163302,0.00664936410959991,0.288677276893297,0.971258299771913,0.0217288629689599,0.534845100844979,0.671,0.0148579608291313,1.11499068303862,"05_rr_to_or",1000
0.25,300,0.3,0.05,0.5,"grant","sample",1000,1000,0,0.24218755504109,0.0107398448307432,0.339623713819339,0.00759801706747081,0.329790777686358,0.971047557243862,0.0217241482648335,0.248329276489116,1,0,1.27784023844029,"05_rr_to_or",1000
0.5,300,0.3,0.05,0.5,"grant","sample",1000,1000,0,0.165589075515992,0.00762597436083896,0.241154483582979,0.00539507639662424,0.242001990864976,1.00351437497411,0.0224504916419396,0.175857669715471,1,0,0.94526060200788,"05_rr_to_or",1000
0.75,300,0.3,0.05,0.5,"grant","sample",1000,1000,0,0.0868513155919429,0.00657036638571401,0.207773228406647,0.00464827534521625,0.206743188279296,0.995042479075626,0.0222609595008927,0.106586614873446,1,0,0.80852856041841,"05_rr_to_or",1000
1,300,0.3,0.05,0.5,"grant","sample",1000,1000,0,0.00311524465108846,0.00613060063142499,0.193866614201694,0.0043371584008436,0.188335918987922,0.971471646954034,0.0217336359440647,0.0687817028356359,1,0,0.736684070624696,"05_rr_to_or",1000
2,300,0.3,0.05,0.5,"grant","sample",1000,1000,0,-0.506747230792369,0.00504280819548636,0.159467597011005,0.00356758811147887,0.158969052273342,0.996873692543137,0.0223019271677963,0.516711941282137,0.019,0.00431729081716764,0.620804651077601,"05_rr_to_or",1000
0.25,50,0.5,0.05,0.5,"grant","sample",1000,1000,0,0.547978444074693,0.0205178302710972,0.648830763014172,0.0145155565135366,0.687668567682168,1.05985814311204,0.0237110070139179,0.585994357289694,0.984,0.00396787096564392,2.5470484029899,"05_rr_to_or",1000
0.5,50,0.5,0.05,0.5,"grant","sample",1000,1000,0,0.394576369772544,0.0147094316521994,0.465153071075239,0.0104063433417849,0.455644584185183,0.979558370176776,0.0219145510526575,0.458294335281009,0.958,0.00634318531969546,1.73803050045614,"05_rr_to_or",1000
0.75,50,0.5,0.05,0.5,"grant","sample",1000,1000,0,0.223494684804998,0.0115329244882666,0.364703094656543,0.00815908967780108,0.359530613626163,0.985817282314942,0.0220545746120102,0.339918163010397,0.943,0.00733150734842434,1.39143291010307,"05_rr_to_or",1000
1,50,0.5,0.05,0.5,"grant","sample",1000,1000,0,-0.00352274981071742,0.0100719012904904,0.318501484463388,0.00712547332974194,0.313755992128737,0.985100564467868,0.0220385402945788,0.286428264071451,0.941,0.00745110730026082,1.21496167701118,"05_rr_to_or",1000
0.25,100,0.5,0.05,0.5,"grant","sample",1000,1000,0,0.524602345305613,0.0146983385158936,0.464802275304029,0.0103984953849185,0.446852601823806,0.961382130781348,0.0215079146149488,0.545932052232585,0.94,0.00750999334220744,1.69922212144924,"05_rr_to_or",1000
0.5,100,0.5,0.05,0.5,"grant","sample",1000,1000,0,0.388108753419003,0.00984325169656845,0.311270949434729,0.00696371275084456,0.303770757810766,0.975904620596354,0.0218328098474863,0.420175105921601,0.873,0.0105295299040366,1.17850818354936,"05_rr_to_or",1000
0.75,100,0.5,0.05,0.5,"grant","sample",1000,1000,0,0.212936259256031,0.00778288301720143,0.24611637097,0.00550608308879388,0.246230565466532,1.00046398578072,0.0223822487360096,0.273285916956541,0.934,0.00785136930732467,0.959587376649998,"05_rr_to_or",1000
1,100,0.5,0.05,0.5,"grant","sample",1000,1000,0,0.00206228559091141,0.00663163865783259,0.20971082777973,0.00469162306361038,0.215451427301618,1.02737388232484,0.0229842734030353,0.187850263177852,0.969,0.00548078461536303,0.839927346904818,"05_rr_to_or",1000
0.25,300,0.5,0.05,0.5,"grant","sample",1000,1000,0,0.524034882735173,0.00786849803946461,0.248823755692776,0.00556665234381006,0.239934154413962,0.964273502527666,0.0215726000034626,0.531280849645493,0.268,0.0140062843038402,0.933913107204077,"05_rr_to_or",1000
0.5,300,0.5,0.05,0.5,"grant","sample",1000,1000,0,0.379506536594249,0.00548490415339592,0.173447898724487,0.00388035358310294,0.168816065801815,0.973295537410752,0.0217744397815338,0.390406458565845,0.289,0.0143345387090063,0.659943801097158,"05_rr_to_or",1000
0.75,300,0.5,0.05,0.5,"grant","sample",1000,1000,0,0.205560648548565,0.00451998947274361,0.142934617338534,0.00319771446421521,0.140042380205991,0.979765313774952,0.0219191807676242,0.228414478889714,0.756,0.0135817524642441,0.54796599011726,"05_rr_to_or",1000
1,300,0.5,0.05,0.5,"grant","sample",1000,1000,0,-0.00153556192073733,0.00387513057585823,0.122542388502719,0.00274150220213298,0.122919284971505,1.0030756416077,0.0224406763567568,0.108542648941343,0.98,0.00442718872423573,0.481003014072915,"05_rr_to_or",1000
0.25,50,0.01,0.15,0.5,"grant","sample",1000,1000,0,0.00974987798569962,0.022096862099881,0.69876413378275,0.0156326593184892,1.72796257796597,2.47288390234293,0.0553230334966249,0.110697360591062,1,0,6.76907740324393,"05_rr_to_or",1000
0.5,50,0.01,0.15,0.5,"grant","sample",1000,1000,0,0.0254767667379262,0.0237607479333579,0.751380823785497,0.0168097929885113,1.71594075616043,2.28371646153468,0.0510910043850316,0.140749713304827,1,0,6.72052246844532,"05_rr_to_or",1000
0.75,50,0.01,0.15,0.5,"grant","sample",1000,1000,0,0.0437629626512172,0.025411175406369,0.803571923061808,0.0179774053987637,1.72132870563812,2.14209662662108,0.0479227040603425,0.177927446570484,1,0,6.73678825912213,"05_rr_to_or",1000
1,50,0.01,0.15,0.5,"grant","sample",1000,999,0.001,0.0687895706935915,0.028339284998715,0.895718683049623,0.0200489376122736,1.7100432745924,1.90912984953074,0.0427321947965337,0.221813148601326,1,0,6.69627026546877,"05_rr_to_or",1000
2,50,0.01,0.15,0.5,"grant","sample",1000,987,0.013,0.156887733991645,0.0332771489054789,1.04545341692818,0.0235424269267599,1.72709840501802,1.65200895329482,0.0372013706546318,0.336042340842691,1,0,6.73957521580228,"05_rr_to_or",1000
0.25,100,0.01,0.15,0.5,"grant","sample",1000,1000,0,0.00197609332907309,0.027329117093822,0.864222564579191,0.0193342735756639,1.73913004652155,2.01236361766181,0.0450203342428709,0.147320850414781,1,0,6.80522995675567,"05_rr_to_or",1000
0.5,100,0.01,0.15,0.5,"grant","sample",1000,1000,0,0.0396421064514861,0.0310154061747396,0.980793260674275,0.0219421778604882,1.72404351092882,1.75780521752727,0.0393253871876744,0.211167814477549,1,0,6.74766391449982,"05_rr_to_or",1000
0.75,100,0.01,0.15,0.5,"grant","sample",1000,995,0.005,0.0816904849544234,0.0343643546713843,1.08397616561472,0.024311488118534,1.70104184755914,1.56926130068043,0.035195494768773,0.277107268168107,1,0,6.64866248271164,"05_rr_to_or",1000
1,100,0.01,0.15,0.5,"grant","sample",1000,992,0.00800000000000001,0.106733144636944,0.0346386342650711,1.09097951579274,0.0245055678909633,1.68640022956281,1.54576708833751,0.0347210005124126,0.29090092250369,1,0,6.58767519409128,"05_rr_to_or",1000
2,100,0.01,0.15,0.5,"grant","sample",1000,944,0.056,0.26031357652201,0.042716443335108,1.31244490835014,0.0302210979292605,1.64100481200308,1.2503418631613,0.0287910781254451,0.485912506106228,1,0,6.38424597861153,"05_rr_to_or",1000
0.25,300,0.01,0.15,0.5,"grant","sample",1000,997,0.003,-0.0259590045765214,0.0343784501453621,1.08551011091282,0.0243214355942332,1.64265461304556,1.51325593058202,0.0339053098476371,0.19795391565306,1,0,6.39449082659089,"05_rr_to_or",1000
0.5,300,0.01,0.15,0.5,"grant","sample",1000,991,0.00900000000000001,0.0412583562489984,0.0394660488566688,1.24239723568823,0.0279208015141906,1.56835541056098,1.26236228277841,0.0283694825809329,0.270596003348324,1,0,6.07504930461279,"05_rr_to_or",1000
0.75,300,0.01,0.15,0.5,"grant","sample",1000,973,0.027,0.0701520745808681,0.0394313243895729,1.2299792481386,0.0278964958532562,1.53457423017959,1.24764237486279,0.0282971037026671,0.281288959714049,1,0,5.92616709133713,"05_rr_to_or",1000
1,300,0.01,0.15,0.5,"grant","sample",1000,956,0.044,0.129688221662123,0.0424366271977979,1.31210867137451,0.0300229333416606,1.49431051929451,1.13886185793523,0.0260587971043062,0.378458529980189,1,0,5.75167874344101,"05_rr_to_or",1000
2,300,0.01,0.15,0.5,"grant","sample",1000,855,0.145,0.309408351211343,0.0436750279659798,1.27707454676456,0.0309009844813527,1.28936335732665,1.00962262586254,0.0244295316767854,0.546141627376046,1,0,4.91866852823606,"05_rr_to_or",1000
0.25,50,0.05,0.15,0.5,"grant","sample",1000,999,0.001,0.00738618535985,0.0326947630695246,1.0333821096962,0.0231302682851274,1.64940876659529,1.59612669032967,0.0357262219056911,0.149459621168328,1,0,6.43059537356354,"05_rr_to_or",1000
0.5,50,0.05,0.15,0.5,"grant","sample",1000,993,0.00700000000000001,0.0550271170909256,0.0379301793243762,1.19525211317708,0.0268342020981638,1.62232717809096,1.35730960874746,0.0304725002778665,0.229628693711004,1,0,6.3003291006621,"05_rr_to_or",1000
0.75,50,0.05,0.15,0.5,"grant","sample",1000,977,0.023,0.105297441811612,0.0410316683251603,1.28252682467791,0.0290286307229392,1.61244846301563,1.25724346032339,0.028456368659364,0.303475992394347,1,0,6.21871160676305,"05_rr_to_or",1000
1,50,0.05,0.15,0.5,"grant","sample",1000,968,0.032,0.133955486892411,0.0407158817380522,1.26678094747451,0.028805358724612,1.57286511110681,1.24162359265232,0.0282333051018761,0.326188507031183,1,0,6.04664180684295,"05_rr_to_or",1000
2,50,0.05,0.15,0.5,"grant","sample",1000,870,0.13,0.277326491002518,0.0426676750988776,1.25851560719712,0.0301879567886612,1.51378829619361,1.20283633157718,0.0288523805297522,0.486214099526528,1,0,5.73249303632729,"05_rr_to_or",1000
0.25,100,0.05,0.15,0.5,"grant","sample",1000,994,0.00600000000000001,-0.0240031440867899,0.0337171822871041,1.06302741784656,0.0238536500749898,1.51043287312755,1.42087856603673,0.0318835991850079,0.158308976092936,1,0,5.84178556376141,"05_rr_to_or",1000
0.5,100,0.05,0.15,0.5,"grant","sample",1000,994,0.00600000000000001,0.0278355311666962,0.037812089760335,1.19213070057413,0.0267506445250055,1.40505132068164,1.17860509758282,0.026447138711899,0.228778597692178,1,0,5.38281955151877,"05_rr_to_or",1000
0.75,100,0.05,0.15,0.5,"grant","sample",1000,967,0.033,0.0556129649893938,0.0370467426668172,1.15202861272109,0.0262095584610782,1.2775619099802,1.10896716962837,0.0252298767086509,0.248090946114131,1,0,4.86619220530051,"05_rr_to_or",1000
1,100,0.05,0.15,0.5,"grant","sample",1000,956,0.044,0.0942366348493322,0.0378772763512389,1.17113696422812,0.0267972979510472,1.23058464093955,1.05076065270522,0.024042914830493,0.300889236844042,1,0,4.68015026509212,"05_rr_to_or",1000
2,100,0.05,0.15,0.5,"grant","sample",1000,892,0.108,0.301929089600699,0.0392885214215318,1.1734054800525,0.0277967654358657,1.16199806693055,0.990278370677594,0.0234586731133255,0.56109592831984,1,0,4.35013072824685,"05_rr_to_or",1000
0.25,300,0.05,0.15,0.5,"grant","sample",1000,1000,0,-0.0772080873608131,0.026431081317208,0.835824179835007,0.018698948646352,1.04424837232937,1.24936367901622,0.0279505999445401,0.083283145923386,1,0,3.93600156019463,"05_rr_to_or",1000
0.5,300,0.05,0.15,0.5,"grant","sample",1000,999,0.001,-0.0401545644220839,0.0260974400741683,0.824860777371781,0.0184629198623315,0.829313459494711,1.00539810140702,0.0225039001553248,0.0887560741704841,1,0,3.14136308375894,"05_rr_to_or",1000
0.75,300,0.05,0.15,0.5,"grant","sample",1000,1000,0,0.00369958655936411,0.023598122776923,0.746238164793741,0.0166947420977707,0.731942447893313,0.980842956612412,0.0219432896514816,0.129460528700873,1,0,2.79066499673486,"05_rr_to_or",1000
1,300,0.05,0.15,0.5,"grant","sample",1000,996,0.004,0.0371735739815927,0.0220078511140926,0.694556065856043,0.0155697188489029,0.712238897507273,1.02545918539987,0.0229875052462792,0.141551206912064,1,0,2.6962125241694,"05_rr_to_or",1000
2,300,0.05,0.15,0.5,"grant","sample",1000,982,0.018,0.237841831655591,0.0237851384426801,0.745352010894305,0.0168272026887516,0.74740927149755,1.00276011947801,0.0226384950090999,0.386434502688634,1,0,2.73571785270463,"05_rr_to_or",1000
0.25,50,0.15,0.15,0.5,"grant","sample",1000,1000,0,0.0278348936189425,0.029270597963585,0.925617580400148,0.0207077947966038,1.35860186776763,1.46777880685921,0.0328369544646124,0.0945341580219455,1,0,5.18943603295147,"05_rr_to_or",1000
0.5,50,0.15,0.15,0.5,"grant","sample",1000,996,0.004,0.0454596731639473,0.0315855677823475,0.996823705458861,0.0223455896491052,1.20981277383678,1.21366774005428,0.0272065372654091,0.148858875543908,1,0,4.54050032101718,"05_rr_to_or",1000
0.75,50,0.15,0.15,0.5,"grant","sample",1000,989,0.011,0.0622535665532065,0.0326219487105277,1.02590712579546,0.0230788718811521,1.09722420440327,1.06951611584968,0.0240599024920344,0.176506798793001,1,0,4.08955388232217,"05_rr_to_or",1000
1,50,0.15,0.15,0.5,"grant","sample",1000,986,0.014,0.0786463780106275,0.031845022136111,0.999953978321756,0.0225292585709586,1.01821494401807,1.01826180613528,0.0229417393406992,0.24489613810733,1,0,3.80665087825081,"05_rr_to_or",1000
2,50,0.15,0.15,0.5,"grant","sample",1000,920,0.08,0.123400724790924,0.030635699585084,0.929226776380295,0.0216744937418944,0.828290285040155,0.89137582568022,0.0207916089446339,0.36797965816771,1,0,3.13492929638647,"05_rr_to_or",1000
0.25,100,0.15,0.15,0.5,"grant","sample",1000,999,0.001,0.0102795653208667,0.0262654667186016,0.83017158901279,0.0185817921525673,1.000648096148,1.2053509291229,0.0269794591049544,0.0515590523905903,1,0,3.77704324429165,"05_rr_to_or",1000
0.5,100,0.15,0.15,0.5,"grant","sample",1000,1000,0,0.0150528450586893,0.0243088128220646,0.768712157324296,0.0171975273034946,0.800437290177396,1.04127049709156,0.0232951666412906,0.049794602130756,1,0,3.01968425605396,"05_rr_to_or",1000
0.75,100,0.15,0.15,0.5,"grant","sample",1000,999,0.001,0.0279915523149061,0.0232540797444609,0.734990797586598,0.0164513534497667,0.724433681775606,0.985636397291426,0.0220615724687157,0.0815676072056072,1,0,2.72321216482695,"05_rr_to_or",1000
1,100,0.15,0.15,0.5,"grant","sample",1000,999,0.001,0.0357110495169395,0.0208717774439182,0.659693461067171,0.0147659675905496,0.658533588716539,0.998241801049907,0.0223437201544945,0.142129848918274,1,0,2.50631457221899,"05_rr_to_or",1000
2,100,0.15,0.15,0.5,"grant","sample",1000,985,0.015,0.0928005542117347,0.0233939000783681,0.734210761609717,0.0165503887297383,0.686152920992277,0.934544897554925,0.0210662689089666,0.332023186787328,1,0,2.53948955349445,"05_rr_to_or",1000
0.25,300,0.15,0.15,0.5,"grant","sample",1000,1000,0,0.00127934481936705,0.0172135814710854,0.544341241375016,0.012177930675052,0.530475974160972,0.974528354348055,0.0218020201999485,0.026681913782658,1,0,2.02054844750213,"05_rr_to_or",1000
0.5,300,0.15,0.15,0.5,"grant","sample",1000,1000,0,0.00436940020977399,0.0125757716269915,0.397680816754146,0.00889686294023346,0.393960105289485,0.990643975500179,0.0221625567572746,0.0205230525383718,1,0,1.53335859292791,"05_rr_to_or",1000
0.75,300,0.15,0.15,0.5,"grant","sample",1000,1000,0,0.00654858625620533,0.0112051961900206,0.354339415895061,0.00792723481929902,0.355008117555117,1.00188717831,0.022414088212135,0.0167846869193838,1,0,1.38334325989638,"05_rr_to_or",1000
1,300,0.15,0.15,0.5,"grant","sample",1000,1000,0,0.00845662031454154,0.0106308452076083,0.336176843087279,0.00752090412869207,0.341246835484767,1.01508132550395,0.0227092659382217,0.0205791018311575,1,0,1.32683276763672,"05_rr_to_or",1000
2,300,0.15,0.15,0.5,"grant","sample",1000,1000,0,0.0211974603685487,0.011440606023983,0.361783728484293,0.00809377800167133,0.378725323015994,1.04682796156333,0.0234194975056861,0.0925867001189166,1,0,1.41419016924687,"05_rr_to_or",1000
0.25,50,0.3,0.15,0.5,"grant","sample",1000,1000,0,0.168322467592931,0.0259457015963365,0.8204751253549,0.0183555616178142,1.01460110931959,1.23660191267922,0.02766509538613,0.208833047548986,1,0,3.81106915729363,"05_rr_to_or",1000
0.5,50,0.3,0.15,0.5,"grant","sample",1000,999,0.001,0.13045079603084,0.0235388050420103,0.743990099035574,0.0166527854805135,0.738497654205919,0.992617583437232,0.0222178328751867,0.17634715931561,1,0,2.79168283090942,"05_rr_to_or",1000
0.75,50,0.3,0.15,0.5,"grant","sample",1000,1000,0,0.0798366968082602,0.0205771224993159,0.650705747901347,0.0145575034288853,0.637619172392682,0.979888643137283,0.0219219398759014,0.145831529941797,1,0,2.42208575023254,"05_rr_to_or",1000
1,50,0.3,0.15,0.5,"grant","sample",1000,998,0.002,0.0318986277842432,0.0199171355945758,0.629204979090386,0.0140906028302705,0.59909284609795,0.952142570397381,0.0213225629852098,0.135858298801146,1,0,2.27811131144384,"05_rr_to_or",1000
2,50,0.3,0.15,0.5,"grant","sample",1000,989,0.011,-0.310179409170645,0.0205445754315627,0.646093417616118,0.0145345585711342,0.615836500376518,0.953169438947019,0.0214425602565448,0.430726359265384,0.992691839220463,0.00297262204281824,2.23011640013371,"05_rr_to_or",1000
0.25,100,0.3,0.15,0.5,"grant","sample",1000,1000,0,0.157941465950609,0.0213864225525172,0.676298062687464,0.0151300513300735,0.671582766924539,0.993027784607002,0.0222158870211586,0.181237896152102,1,0,2.51360766039551,"05_rr_to_or",1000
0.5,100,0.3,0.15,0.5,"grant","sample",1000,1000,0,0.115283263495712,0.0146651143601591,0.463751635249456,0.0103749906037693,0.471192000170107,1.01604385700257,0.022730799566343,0.138207962388858,1,0,1.82084942737222,"05_rr_to_or",1000
0.75,100,0.3,0.15,0.5,"grant","sample",1000,1000,0,0.071593768477492,0.012380713984592,0.391512552504094,0.00875886734351404,0.408429243266238,1.04320855271165,0.0233385245667827,0.104551817567742,1,0,1.58475239466824,"05_rr_to_or",1000
1,100,0.3,0.15,0.5,"grant","sample",1000,1000,0,0.0122959800324485,0.0122047143170318,0.385946954334869,0.0086343545131086,0.390449610159467,1.01166651472184,0.0226328702404277,0.0795381568649365,1,0,1.50678341420447,"05_rr_to_or",1000
2,100,0.3,0.15,0.5,"grant","sample",1000,1000,0,-0.355634003818412,0.0119034102108168,0.37641888189486,0.00842119372935427,0.413566151709316,1.09868598946859,0.0245796584870219,0.382507683313131,0.984740590030519,0.0039097863984429,1.54594376704911,"05_rr_to_or",1000
0.25,300,0.3,0.15,0.5,"grant","sample",1000,1000,0,0.154084663350574,0.0109533260072049,0.346374581371255,0.00774904658865135,0.340131540899673,0.981976043256794,0.0219686389168969,0.16233199050267,1,0,1.32140372151336,"05_rr_to_or",1000
0.5,300,0.3,0.15,0.5,"grant","sample",1000,1000,0,0.111140440710473,0.00818845646100806,0.258941729379072,0.00579301032067852,0.255497727311488,0.986699702377664,0.0220743159976215,0.120783347296185,1,0,0.998403224893196,"05_rr_to_or",1000
0.75,300,0.3,0.15,0.5,"grant","sample",1000,1000,0,0.061803148326533,0.00694533245610982,0.219630696683985,0.00491354906634437,0.225973194678728,1.02887801245684,0.0230179236045659,0.0755173786947202,1,0,0.883741660767125,"05_rr_to_or",1000
1,300,0.3,0.15,0.5,"grant","sample",1000,1000,0,0.00390265401704503,0.00682586589215796,0.215852832220764,0.00482903117933542,0.211662361593437,0.980586445939974,0.0219375510284471,0.0458131717440863,1,0,0.827364810771469,"05_rr_to_or",1000
2,300,0.3,0.15,0.5,"grant","sample",1000,1000,0,-0.36148990244658,0.00672770823489061,0.212748814553254,0.00475958850423407,0.21123174340864,0.992869191079633,0.0222123389876182,0.369117296794574,0.788,0.0129250145067617,0.819253406049413,"05_rr_to_or",1000
0.25,50,0.5,0.15,0.5,"grant","sample",1000,1000,0,0.44881960372979,0.0205346126679637,0.649361469001121,0.0145274293980926,0.706405774273733,1.08784676639401,0.0243371648136778,0.493756783517148,0.997,0.00172945077987204,2.63397413852447,"05_rr_to_or",1000
0.5,50,0.5,0.15,0.5,"grant","sample",1000,1000,0,0.341747040166332,0.0145026474406056,0.458613980147251,0.0102600516593877,0.469934175414834,1.02468349365178,0.0229240843814085,0.399307039141596,0.976,0.00483983470792134,1.80769843598747,"05_rr_to_or",1000
0.75,50,0.5,0.15,0.5,"grant","sample",1000,1000,0,0.200275564568505,0.0127774059867673,0.404057055068559,0.00903951130537367,0.397486823888449,0.98373934795175,0.0220080873376704,0.301498970857001,0.976,0.00483983470792134,1.53445496773222,"05_rr_to_or",1000
1,50,0.5,0.15,0.5,"grant","sample",1000,1000,0,0.012502474847086,0.0112889530361268,0.356988039928338,0.00798648948789634,0.361381446954308,1.01230687455762,0.0226471962864711,0.254941005512635,0.980980980980981,0.00432157053702467,1.39409524342849,"05_rr_to_or",1000
0.25,100,0.5,0.15,0.5,"grant","sample",1000,1000,0,0.445036065011812,0.0155081551056538,0.490410924410353,0.0109714087153705,0.463659259948225,0.945450512762756,0.0211514945515309,0.469547680356577,0.976,0.00483983470792134,1.75700918035514,"05_rr_to_or",1000
0.5,100,0.5,0.15,0.5,"grant","sample",1000,1000,0,0.32142359136934,0.0100022197405388,0.31629796037601,0.00707617637860682,0.318748089775735,1.00774626999432,0.0225451670408678,0.352083476666019,0.958,0.00634318531969546,1.24039902974985,"05_rr_to_or",1000
0.75,100,0.5,0.15,0.5,"grant","sample",1000,1000,0,0.198791996520294,0.00865865068544352,0.273810576297797,0.00612565420879693,0.26854494145722,0.980769059720871,0.0219416364399409,0.255128761375114,0.951,0.00682634602111555,1.04714471587111,"05_rr_to_or",1000
1,100,0.5,0.15,0.5,"grant","sample",1000,1000,0,0.00556788797264008,0.00792964649132153,0.250757439525386,0.00560991246424759,0.243924148268167,0.972749397704199,0.0217622216158323,0.171889464981694,0.985,0.00384382621875652,0.949203617634673,"05_rr_to_or",1000
0.25,300,0.5,0.15,0.5,"grant","sample",1000,1000,0,0.437879683638851,0.00796551805334207,0.251891797917515,0.00563529018103626,0.24510743273726,0.973066351360607,0.0217693124613563,0.445843158158425,0.664,0.0149366662947259,0.955140697446315,"05_rr_to_or",1000
0.5,300,0.5,0.15,0.5,"grant","sample",1000,1000,0,0.322328036621078,0.00562877623064989,0.177997533282709,0.003982137409195,0.178976926868559,1.00550228740695,0.022494964957491,0.333369320289836,0.618,0.015364764885933,0.700121064567287,"05_rr_to_or",1000
0.75,300,0.5,0.15,0.5,"grant","sample",1000,1000,0,0.177841944258638,0.00466196771257564,0.147424363499042,0.00329815847494852,0.152252783479914,1.03275184553131,0.0231045884887266,0.197017153235867,0.902,0.00940191469861325,0.59578869002728,"05_rr_to_or",1000
1,300,0.5,0.15,0.5,"grant","sample",1000,1000,0,0.00474441768894589,0.0044659640281672,0.141226182773887,0.0031594935907819,0.137022564353686,0.970234850665533,0.0217059665001282,0.0999236292457519,0.987,0.00358203852575597,0.53604258556517,"05_rr_to_or",1000
0.25,50,0.01,0.3,0.5,"grant","sample",1000,997,0.003,0.0381745761986022,0.0284894992738743,0.899564680370153,0.0201552286031419,NA,NA,NA,0.412322023661409,NA,NA,NA,"05_rr_to_or",1000
0.5,50,0.01,0.3,0.5,"grant","sample",1000,996,0.004,0.113086191956585,0.0340694992867192,1.07521526148077,0.0241028768536808,1.81070842455081,1.68404271164932,0.037750835157717,0.548592433922452,1,0,7.08892648672338,"05_rr_to_or",1000
0.75,50,0.01,0.3,0.5,"grant","sample",1000,979,0.021,0.192537038476298,0.0392620576253739,1.22846956674947,0.0277766570542833,NA,NA,NA,0.669297498394366,NA,NA,NA,"05_rr_to_or",1000
1,50,0.01,0.3,0.5,"grant","sample",1000,976,0.024,0.264760170595743,0.0424350437091292,1.32571314550524,0.0300214909703836,1.79230331672228,1.35195409564956,0.0306157314744346,0.760589196295612,1,0,7.01631232836328,"05_rr_to_or",1000
2,50,0.01,0.3,0.5,"grant","sample",1000,912,0.088,0.456795413204653,0.0507206757671292,1.5317308179475,0.0358846127587937,NA,NA,NA,0.964163461756991,NA,NA,NA,"05_rr_to_or",1000
0.25,100,0.01,0.3,0.5,"grant","sample",1000,996,0.004,0.0249745173441848,0.0347631436763214,1.09710630917314,0.0245936039160931,1.885670026762,1.71876691528934,0.0385292404074945,0.47850873979991,1,0,7.38716187809338,"05_rr_to_or",1000
0.5,100,0.01,0.3,0.5,"grant","sample",1000,983,0.017,0.158215315560065,0.043216955832404,1.35497390447411,0.0305745581457434,1.84485373175449,1.36154189070565,0.0307227626803646,0.68027246402025,1,0,7.20542224461889,"05_rr_to_or",1000
0.75,100,0.01,0.3,0.5,"grant","sample",1000,960,0.04,0.255672255650209,0.0481248677273438,1.4910944899715,0.034047157828761,1.81805068999645,1.21927262304564,0.027840467329415,0.796412454680247,1,0,7.09754482926624,"05_rr_to_or",1000
1,100,0.01,0.3,0.5,"grant","sample",1000,939,0.0610000000000001,0.315676856230361,0.0492124980512863,1.50802383821229,0.0348170354522714,1.83784269297545,1.2187093110903,0.0281373836507422,0.846854366024266,1,0,7.17615293882881,"05_rr_to_or",1000
2,100,0.01,0.3,0.5,"grant","sample",1000,854,0.146,0.550994646107478,0.0562148724354044,1.64278286697335,0.0397732107466276,1.76149865997209,1.07226505424753,0.0259604752619586,1.0495932184666,1,0,6.86338014103839,"05_rr_to_or",1000
0.25,300,0.01,0.3,0.5,"grant","sample",1000,986,0.014,-0.0538601086007475,0.0422969078597509,1.32814984722858,0.0299236084638725,1.82659257383335,1.37529103184016,0.0309857132811742,0.522088199933731,1,0,7.11937283026857,"05_rr_to_or",1000
0.5,300,0.01,0.3,0.5,"grant","sample",1000,951,0.049,0.0397045147471128,0.0468954075703423,1.44617407938335,0.0331775087726315,1.77888133713012,1.23006031050469,0.0282195188839485,0.608484122236596,1,0,6.8934278403535,"05_rr_to_or",1000
0.75,300,0.01,0.3,0.5,"grant","sample",1000,922,0.078,0.143080072384534,0.0504237328813634,1.53108906218782,0.0356743148594351,1.76171990819744,1.15063189445038,0.0268096778323767,0.682133143092392,1,0,6.82279064491645,"05_rr_to_or",1000
1,300,0.01,0.3,0.5,"grant","sample",1000,878,0.122,0.20710046956797,0.0506072658095577,1.49954717154462,0.0358051368094397,1.70342614032617,1.135960357,0.0271236655733804,0.713664237712286,1,0,6.55324265447003,"05_rr_to_or",1000
2,300,0.01,0.3,0.5,"grant","sample",1000,691,0.309,0.445021041276666,0.0547385077131543,1.4389045210243,0.0387340076454578,1.6658539751136,1.15772377581227,0.0311648764239886,0.86234273612573,1,0,6.39753070743819,"05_rr_to_or",1000
0.25,50,0.05,0.3,0.5,"grant","sample",1000,987,0.013,0.0405639798247776,0.0443188274774902,1.39234493171872,0.0313540309697838,1.78028738524403,1.27862524916612,0.0287931925112943,0.555497485166871,1,0,6.95173689321106,"05_rr_to_or",1000
0.5,50,0.05,0.3,0.5,"grant","sample",1000,964,0.036,0.113168270387138,0.047978902315172,1.48966572255105,0.0339438174635641,1.70908540071481,1.1472945741062,0.0261424808336917,0.632277937778085,1,0,6.65017166274095,"05_rr_to_or",1000
0.75,50,0.05,0.3,0.5,"grant","sample",1000,928,0.072,0.22191456752462,0.0524011981497205,1.59630254233475,0.0370732227347421,1.6861130602904,1.05626158925005,0.0245310773652881,0.74462648751223,1,0,6.54391371556558,"05_rr_to_or",1000
1,50,0.05,0.3,0.5,"grant","sample",1000,886,0.114,0.289216048575002,0.0538137756794693,1.6018075081769,0.0380735779881571,1.65606092091208,1.03387012013505,0.0245741978656276,0.777268775370014,1,0,6.41216144797461,"05_rr_to_or",1000
2,50,0.05,0.3,0.5,"grant","sample",1000,681,0.319,0.446278575815058,0.0563203704856731,1.46973507600833,0.039853787863828,1.49207475429577,1.01519979937344,0.0275284696569361,0.868095618973942,1,0,5.7503572748578,"05_rr_to_or",1000
0.25,100,0.05,0.3,0.5,"grant","sample",1000,990,0.01,-0.100384263748691,0.0383597293343054,1.20696070617695,0.0271381343281091,1.67722721329176,1.38962868029431,0.0312453666461707,0.403952474918434,1,0,6.49379158804488,"05_rr_to_or",1000
0.5,100,0.05,0.3,0.5,"grant","sample",1000,958,0.042,0.0130991011352546,0.0446212614395706,1.38109832365956,0.0315684770915622,1.55213992240458,1.12384462120829,0.0256882964603717,0.514557411047861,1,0,5.96724877246777,"05_rr_to_or",1000
0.75,100,0.05,0.3,0.5,"grant","sample",1000,932,0.0679999999999999,0.0881179760509725,0.0450403418839485,1.3750219612884,0.031865430949459,1.50848059450924,1.09705927394482,0.0254237877834302,0.547832149797374,1,0,5.77598123181446,"05_rr_to_or",1000
1,100,0.05,0.3,0.5,"grant","sample",1000,887,0.113,0.21000531109091,0.0460346545992655,1.37102918245869,0.0325697811301069,1.41530212337384,1.03229175679233,0.0245228307400764,0.633785789077353,1,0,5.38576992310236,"05_rr_to_or",1000
2,100,0.05,0.3,0.5,"grant","sample",1000,705,0.295,0.446646757086671,0.0459424272584658,1.21985579835962,0.0325092662576021,1.28794575771501,1.05581803967891,0.02813764530009,0.78172239579188,1,0,4.92306423756292,"05_rr_to_or",1000
0.25,300,0.05,0.3,0.5,"grant","sample",1000,1000,0,-0.218215086698289,0.0275515586414741,0.871256783947526,0.0194916422064226,1.11734039878558,1.28244671303802,0.0286907292314929,0.240626279956483,1,0,4.22784669658109,"05_rr_to_or",1000
0.5,300,0.05,0.3,0.5,"grant","sample",1000,998,0.002,-0.126211065691387,0.0273001105956012,0.862441561182548,0.0193137719928883,0.907905280321972,1.05271513014411,0.0235748147030259,0.226020349992089,1,0,3.44975541474063,"05_rr_to_or",1000
0.75,300,0.05,0.3,0.5,"grant","sample",1000,986,0.014,-0.030557209452512,0.0261448916286658,0.820966249768427,0.0184966121641967,0.865268367258476,1.05396338461239,0.023746106451926,0.243055131378744,1,0,3.28969270745304,"05_rr_to_or",1000
1,300,0.05,0.3,0.5,"grant","sample",1000,986,0.014,0.345354052249463,0.103928548404423,3.26342261575516,0.073525875720857,0.833439192641969,0.255388066693627,0.00575396859776936,3.08278127686634,1,0,3.15472929421266,"05_rr_to_or",1000
2,300,0.05,0.3,0.5,"grant","sample",1000,856,0.144,0.837770947710836,0.100700732535379,2.94624943417671,0.0712477997131755,0.923151798935595,0.313331175638751,0.00757714421149875,2.92122190399598,1,0,3.41270358590357,"05_rr_to_or",1000
0.25,50,0.15,0.3,0.5,"grant","sample",1000,995,0.005,-0.0816406707572281,0.0338854067990256,1.06886841564609,0.0239726505171999,1.50572974219722,1.40871385116855,0.0315947261032963,0.252728239031129,1,0,5.78793480203888,"05_rr_to_or",1000
0.5,50,0.15,0.3,0.5,"grant","sample",1000,989,0.011,0.00646598450218434,0.0383044078137261,1.20461120438201,0.0270990101866935,1.31724585878664,1.09350291114254,0.0245995109629026,0.334300191046173,1,0,5.00735171371979,"05_rr_to_or",1000
0.75,50,0.15,0.3,0.5,"grant","sample",1000,949,0.051,0.0745578224446981,0.0379023710708657,1.16761451533506,0.0268151554424647,1.19806409902545,1.02607845593771,0.0235646721848421,0.38555856612415,1,0,4.54081623533978,"05_rr_to_or",1000
1,50,0.15,0.3,0.5,"grant","sample",1000,937,0.0629999999999999,0.13038457990535,0.0365078804074826,1.1175228570104,0.025828756169577,1.0746000410023,0.961591106849546,0.0222247823190783,0.420788983407873,1,0,4.08829104497201,"05_rr_to_or",1000
2,50,0.15,0.3,0.5,"grant","sample",1000,787,0.213,0.389314313127151,0.0343849097083943,0.964617761768895,0.0243292647046458,0.968848152898156,1.00438556213344,0.0253322747881595,0.62559052367669,1,0,3.67968069860045,"05_rr_to_or",1000
0.25,100,0.15,0.3,0.5,"grant","sample",1000,1000,0,-0.133132643669723,0.0275675804626003,0.871763438417753,0.0195029770136091,1.10910210170696,1.27225122416235,0.0284626370950004,0.151767277103416,1,0,4.19246971423248,"05_rr_to_or",1000
0.5,100,0.15,0.3,0.5,"grant","sample",1000,999,0.001,-0.0636735283906888,0.0271452055389906,0.857977459826477,0.0192041730180646,0.896820304031723,1.04527256953009,0.0233964133280992,0.166777108903491,1,0,3.38718149681718,"05_rr_to_or",1000
0.75,100,0.15,0.3,0.5,"grant","sample",1000,993,0.00700000000000001,0.00342235532329228,0.0257240794956175,0.810614685307126,0.0181988369227407,0.838039755523488,1.03383243693145,0.0232102233850188,0.215483266730483,1,0,3.17621544940511,"05_rr_to_or",1000
1,100,0.15,0.3,0.5,"grant","sample",1000,975,0.025,0.089428135160904,0.0259413019046052,0.810016892350539,0.0183526845371274,0.80811785949475,0.997655563885491,0.0226040444509357,0.287899069100131,1,0,3.06115133555102,"05_rr_to_or",1000
2,100,0.15,0.3,0.5,"grant","sample",1000,870,0.13,0.517663985658964,0.0328509147351241,0.968962775896434,0.0232424661571965,0.8205517628249,0.846835175959953,0.020312996956734,0.792087240654506,1,0,3.09592054858333,"05_rr_to_or",1000
0.25,300,0.15,0.3,0.5,"grant","sample",1000,1000,0,-0.150898983692577,0.0179613605768942,0.567988092985414,0.0127069549298876,0.557821536477046,0.982100757685022,0.0219714290116861,0.153496714156577,1,0,2.13716078131718,"05_rr_to_or",1000
0.5,300,0.15,0.3,0.5,"grant","sample",1000,1000,0,-0.100890724631949,0.0137757233091647,0.435626620732325,0.00974578147723077,0.438848930472572,1.00739695323217,0.0225373521721978,0.106998750865349,1,0,1.70732719213923,"05_rr_to_or",1000
0.75,300,0.15,0.3,0.5,"grant","sample",1000,1000,0,-0.0410038167343929,0.013358273977423,0.422425713772134,0.00945045252254246,0.427995411097583,1.01318503382693,0.0226668423501723,0.0763230831607321,1,0,1.65295069965004,"05_rr_to_or",1000
1,300,0.15,0.3,0.5,"grant","sample",1000,1000,0,0.0289038397197685,0.0131841545661353,0.416919574526965,0.00932726989936758,0.459379539986513,1.10184210110001,0.0246502666014338,0.10537935496215,1,0,1.73906828391865,"05_rr_to_or",1000
2,300,0.15,0.3,0.5,"grant","sample",1000,975,0.025,0.494457950385142,0.0228293108563136,0.712845003012467,0.0161510452284418,0.680982363801694,0.955302149729433,0.021644436254592,0.681446211452468,1,0,2.47790307808179,"05_rr_to_or",1000
0.25,50,0.3,0.3,0.5,"grant","sample",1000,1000,0,0.0209781624819455,0.0260677297396017,0.824333994068494,0.0184418917212611,1.06180839527604,1.28808032049666,0.0288167635567785,0.109091232603792,1,0,4.00571894092861,"05_rr_to_or",1000
0.5,50,0.3,0.3,0.5,"grant","sample",1000,999,0.001,0.0362812046064824,0.0253397865244168,0.800913650977377,0.0179269095589179,0.838994328332991,1.0475465455098,0.023447311900845,0.126921449935069,1,0,3.18864772262809,"05_rr_to_or",1000
0.75,50,0.3,0.3,0.5,"grant","sample",1000,993,0.00700000000000001,0.0479108327153325,0.0220695759243888,0.695454325036509,0.0156134105117511,0.747922872446091,1.07544499404303,0.0241444528710353,0.113514810038127,1,0,2.84287083656879,"05_rr_to_or",1000
1,50,0.3,0.3,0.5,"grant","sample",1000,985,0.015,0.0815730937429635,0.0237366876119194,0.744969048822877,0.0167928992522667,0.75051159122725,1.00743996332885,0.0227094505921024,0.22156844507472,1,0,2.81493745794518,"05_rr_to_or",1000
2,50,0.3,0.3,0.5,"grant","sample",1000,900,0.1,0.145023687036845,0.0291021290862959,0.873063872588878,0.020589754755726,0.740043746397455,0.84763986877961,0.0199901720450255,0.507558340158732,1,0,2.7689417316876,"05_rr_to_or",1000
0.25,100,0.3,0.3,0.5,"grant","sample",1000,1000,0,0.0125468145112803,0.0215112941438838,0.680246849125147,0.0152183930610201,0.692454967147846,1.01794659988267,0.0227733674798595,0.078840247316907,1,0,2.6118507238021,"05_rr_to_or",1000
0.5,100,0.3,0.3,0.5,"grant","sample",1000,1000,0,0.0174821380729629,0.0172192193209723,0.544519525842505,0.0121819192317156,0.530927475996404,0.975038452799152,0.0218134320554221,0.0614561053367495,1,0,2.0448415100827,"05_rr_to_or",1000
0.75,100,0.3,0.3,0.5,"grant","sample",1000,1000,0,0.023924424681375,0.0153685906417722,0.48599750854749,0.0108726723560192,0.500391562811387,1.02961754743747,0.023034468383909,0.0738994793166487,1,0,1.92410160169615,"05_rr_to_or",1000
1,100,0.3,0.3,0.5,"grant","sample",1000,1000,0,0.036278951181195,0.0155177123818129,0.490713152019251,0.010978170111696,0.512478327001929,1.04435417084933,0.0233641541851184,0.106909976097945,1,0,1.9449050511391,"05_rr_to_or",1000
2,100,0.3,0.3,0.5,"grant","sample",1000,955,0.045,0.119774906980667,0.0227219977743984,0.702179585028699,0.0160752972987998,0.741447596350379,1.05592303188375,0.0241736971909936,0.401473484997152,1,0,2.62064732352462,"05_rr_to_or",1000
0.25,300,0.3,0.3,0.5,"grant","sample",1000,1000,0,0.00432321159655451,0.0110214636041876,0.348529281378813,0.00779725125389277,0.354102739974736,1.01599136397916,0.0227296251993256,0.0442554112223932,1,0,1.37773776486622,"05_rr_to_or",1000
0.5,300,0.3,0.3,0.5,"grant","sample",1000,1000,0,0.00695655296482891,0.00911729253382061,0.288314105009209,0.00645012524601808,0.279767590343356,0.970356931841472,0.0217086976841435,0.0336667858031316,1,0,1.09368229081563,"05_rr_to_or",1000
0.75,300,0.3,0.3,0.5,"grant","sample",1000,1000,0,0.00617456248004815,0.00797304825574112,0.252129923825746,0.00564061750254334,0.262383163598058,1.04066649296019,0.0232816539402857,0.0198682706328803,1,0,1.02483622654988,"05_rr_to_or",1000
1,300,0.3,0.3,0.5,"grant","sample",1000,1000,0,0.0100076607844848,0.00816993388483581,0.25835599409069,0.00577990632782683,0.266376184549358,1.03104317547149,0.0230663623468262,0.0219361999161522,1,0,1.03580952004142,"05_rr_to_or",1000
2,300,0.3,0.3,0.5,"grant","sample",1000,996,0.004,0.0565164337223751,0.0136774314413656,0.431652455466112,0.00967626330318293,0.449334975192703,1.04096471479004,0.0233350894732068,0.227395254813189,1,0,1.6409937020798,"05_rr_to_or",1000
0.25,50,0.5,0.3,0.5,"grant","sample",1000,1000,0,0.298491244186211,0.0222828606598017,0.704645924691356,0.015764245971283,0.762073343373505,1.08149826270166,0.0241951369238555,0.352928734489784,0.997,0.00172945077987204,2.85071149944248,"05_rr_to_or",1000
0.5,50,0.5,0.3,0.5,"grant","sample",1000,1000,0,0.234647221511635,0.0166642568766432,0.526970072443162,0.0117893051678934,0.531968526224813,1.0094852706881,0.0225840717357229,0.296413620877092,0.993981945837513,0.0024494564084047,2.03953329071438,"05_rr_to_or",1000
0.75,50,0.5,0.3,0.5,"grant","sample",1000,1000,0,0.142448401004512,0.0148378546545396,0.469214162988761,0.0104971975560696,0.489445541724409,1.04311757898947,0.0233364893146326,0.222105532695499,0.99492385786802,0.00226435071834526,1.8624206959056,"05_rr_to_or",1000
1,50,0.5,0.3,0.5,"grant","sample",1000,1000,0,0.0307546244964268,0.014428552736314,0.45627089986607,0.0102076325754355,0.481024963659222,1.05425299706911,0.0235856094236821,0.18334070667329,0.998963730569948,0.00103573236371359,1.81083417806093,"05_rr_to_or",1000
0.25,100,0.5,0.3,0.5,"grant","sample",1000,1000,0,0.299333878483271,0.0147035312264717,0.464966483230595,0.0104021690230595,0.470928963679928,1.01282346290405,0.0226587533330296,0.328464933054773,0.998,0.00141279864099595,1.81431815609249,"05_rr_to_or",1000
0.5,100,0.5,0.3,0.5,"grant","sample",1000,1000,0,0.224595609339946,0.0110939496185198,0.350821490416787,0.00784853225308119,0.350613256502137,0.999406439114083,0.0223585894410434,0.258268224910165,0.996,0.00199599599197994,1.36550119512712,"05_rr_to_or",1000
0.75,100,0.5,0.3,0.5,"grant","sample",1000,1000,0,0.136431636004787,0.0093947663590741,0.297088597798014,0.00664642704490604,0.313770065476254,1.05614980784143,0.0236280446248636,0.177986967799146,0.994,0.00244213021765835,1.22032005613138,"05_rr_to_or",1000
1,100,0.5,0.3,0.5,"grant","sample",1000,1000,0,0.0201610769867541,0.0093578685042759,0.29592178517865,0.00662032326641315,0.309501958990047,1.04589109180724,0.0233985379786946,0.11785441629654,0.998,0.00141279864099595,1.19240700636797,"05_rr_to_or",1000
0.25,300,0.5,0.3,0.5,"grant","sample",1000,1000,0,0.288235343308872,0.00809616810612561,0.256023315349688,0.00572771994576375,0.256927067350601,1.00352995976042,0.0224508403027297,0.298598015450073,0.984,0.00396787096564392,1.00225077147807,"05_rr_to_or",1000
0.5,300,0.5,0.3,0.5,"grant","sample",1000,1000,0,0.218802174047525,0.00598313633421188,0.1892033836742,0.00423283322066405,0.194847318021289,1.02982998632206,0.023039221038701,0.230277801770408,0.957,0.00641490451994416,0.76250129626091,"05_rr_to_or",1000
0.75,300,0.5,0.3,0.5,"grant","sample",1000,1000,0,0.124536657794635,0.00544419205060746,0.172160468993023,0.00385155137443845,0.175347084942265,1.01850956824108,0.0227859621339473,0.141412460184284,0.995,0.00223047080231955,0.686007758277664,"05_rr_to_or",1000
1,300,0.5,0.3,0.5,"grant","sample",1000,1000,0,0.00329743813991573,0.00535668397560754,0.169393220686457,0.00378964285919736,0.16873057988163,0.996088150386768,0.0222843531219672,0.0672363553646993,0.999,0.000999499874937461,0.659390689419522,"05_rr_to_or",1000
0.25,50,0.01,0.5,0.5,"grant","sample",1000,963,0.037,-0.116234676651575,0.023487486918355,0.728869361542602,0.0166167911313487,NA,NA,NA,0.234887788677245,NA,NA,NA,"05_rr_to_or",1000
0.5,50,0.01,0.5,0.5,"grant","sample",1000,905,0.095,-0.106119216952836,0.0235496758049277,0.708450029019736,0.0166613431626458,NA,NA,NA,0.224251593458744,NA,NA,NA,"05_rr_to_or",1000
0.75,50,0.01,0.5,0.5,"grant","sample",1000,863,0.137,-0.11316817154049,0.024803947343485,0.728662129313209,0.0175492098746533,NA,NA,NA,0.23179923119797,NA,NA,NA,"05_rr_to_or",1000
1,50,0.01,0.5,0.5,"grant","sample",1000,829,0.171,-0.094434372451187,0.0233343816369097,0.671851918748834,0.0165098601911248,NA,NA,NA,0.215167293262647,NA,NA,NA,"05_rr_to_or",1000
2,50,0.01,0.5,0.5,"grant","sample",1000,690,0.31,-0.101043232134651,0.0261827312434384,0.68776408499036,0.0185274173448622,NA,NA,NA,0.218394538214247,NA,NA,NA,"05_rr_to_or",1000
0.25,100,0.01,0.5,0.5,"grant","sample",1000,930,0.07,-0.175953820863399,0.0275910981555747,0.841415407875573,0.0195203502408517,NA,NA,NA,0.29714729672024,NA,NA,NA,"05_rr_to_or",1000
0.5,100,0.01,0.5,0.5,"grant","sample",1000,844,0.156,-0.194418672098047,0.0297171696859346,0.863333647540959,0.021025671861089,NA,NA,NA,0.311740843705205,NA,NA,NA,"05_rr_to_or",1000
0.75,100,0.01,0.5,0.5,"grant","sample",1000,812,0.188,-0.18090347386169,0.0296604634035085,0.845193107236699,0.0209860412259701,NA,NA,NA,0.300369820718808,NA,NA,NA,"05_rr_to_or",1000
1,100,0.01,0.5,0.5,"grant","sample",1000,736,0.264,-0.191470845474343,0.0312357902513119,0.847405747072338,0.0221020591919541,NA,NA,NA,0.30970252588577,NA,NA,NA,"05_rr_to_or",1000
2,100,0.01,0.5,0.5,"grant","sample",1000,534,0.466,-0.158919901431227,0.0361745275698,0.83593690047494,0.0256032380540324,NA,NA,NA,0.294737678158116,NA,NA,NA,"05_rr_to_or",1000
0.25,300,0.01,0.5,0.5,"grant","sample",1000,914,0.086,-0.394486958592915,0.0322351293915361,0.974546386857298,0.0228061580159463,1.75131868993868,1.79706036937483,0.0420544812446761,0.464249410831828,1,0,6.83622992474745,"05_rr_to_or",1000
0.5,300,0.01,0.5,0.5,"grant","sample",1000,842,0.158,-0.34291448799737,0.0337691558382906,0.979887573162298,0.023892591302879,1.67232961728195,1.70665458271401,0.0416133458131095,0.434242985097787,1,0,6.46794597023006,"05_rr_to_or",1000
0.75,300,0.01,0.5,0.5,"grant","sample",1000,733,0.267,-0.276995445358763,0.0369348132213071,0.999972126360956,0.0261346901852394,1.66173272051493,1.66177904034407,0.0434312909638444,0.410067965277532,1,0,6.46855871428827,"05_rr_to_or",1000
1,300,0.01,0.5,0.5,"grant","sample",1000,688,0.312,-0.22456847116675,0.0378413545987477,0.992569425830404,0.0267773458029058,1.55525292933895,1.56689586528196,0.0422714132935297,0.395958818873688,1,0,6.0403444185303,"05_rr_to_or",1000
2,300,0.01,0.5,0.5,"grant","sample",1000,380,0.62,0.0220174172012317,0.0534027167504758,1.04101059524195,0.0378112075113235,1.43087670394036,1.37450733977189,0.049924354744798,0.460387844180244,1,0,5.549248875095,"05_rr_to_or",1000
0.25,50,0.05,0.5,0.5,"grant","sample",1000,900,0.1,-0.322924441420755,0.0323142540155377,0.969427620466131,0.0228623329695648,2.27118220215693,2.34280739913814,0.0552512036090965,0.393338263492025,1,0,8.81874366312272,"05_rr_to_or",1000
0.5,50,0.05,0.5,0.5,"grant","sample",1000,828,0.172,-0.292503238599936,0.0333040446795294,0.958323523967415,0.0235637494500235,2.30320177410126,2.40336558218472,0.0590951834104578,0.372891289593077,1,0,8.89754441710008,"05_rr_to_or",1000
0.75,50,0.05,0.5,0.5,"grant","sample",1000,716,0.284,-0.250942867816166,0.0371038805046105,0.992832176717847,0.0262547462392673,2.34691680943284,2.36386054407644,0.062510623834647,0.360231472640095,1,0,9.12150955187235,"05_rr_to_or",1000
1,50,0.05,0.5,0.5,"grant","sample",1000,638,0.362,-0.203896819471631,0.0390495608964135,0.986339655269587,0.0276338744464286,2.19779804109676,2.22823652010225,0.0624275906423158,0.345290848160256,1,0,8.43773830874756,"05_rr_to_or",1000
2,50,0.05,0.5,0.5,"grant","sample",1000,440,0.56,-0.0309984750886399,0.0456133100023525,0.956792862495907,0.0322901950907898,1.47743648139618,1.54415499875502,0.0521127070598639,0.366478679468402,1,0,5.79144458596418,"05_rr_to_or",1000
0.25,100,0.05,0.5,0.5,"grant","sample",1000,939,0.0610000000000001,-0.401306515293057,0.0323185532064924,0.990340880504216,0.0228648464783054,1.7108730328616,1.72755973881492,0.0398856484546953,0.454127092893055,1,0,6.64759142230406,"05_rr_to_or",1000
0.5,100,0.05,0.5,0.5,"grant","sample",1000,864,0.136,-0.320284783881858,0.0356800090111302,1.0487737931421,0.0252441894600668,1.62013098089579,1.54478591235763,0.0371832977728826,0.426408942964413,1,0,6.27506506248842,"05_rr_to_or",1000
0.75,100,0.05,0.5,0.5,"grant","sample",1000,776,0.224,-0.209464819685635,0.037827476272687,1.05375155414391,0.0267653162405849,1.57452965281807,1.49421336236819,0.0379530573572283,0.398733207793769,1,0,6.08472028593181,"05_rr_to_or",1000
1,100,0.05,0.5,0.5,"grant","sample",1000,709,0.291,-0.13364054016617,0.0405114333237823,1.07870011913998,0.0286661322423324,1.53592397463076,1.42386558356488,0.0378388009693731,0.399607502270607,1,0,5.90748814428066,"05_rr_to_or",1000
2,100,0.05,0.5,0.5,"grant","sample",1000,413,0.587,0.237515412762282,0.0477043712410874,0.969467382465544,0.0337729965821312,1.42399221209026,1.468839733905,0.0511694567657463,0.547321475157809,1,0,5.44739968059572,"05_rr_to_or",1000
0.25,300,0.05,0.5,0.5,"grant","sample",1000,996,0.004,-0.474615187070362,0.0304797042047071,0.961923239626121,0.021563233166419,1.2412586358177,1.29039260585923,0.028926462622091,0.506078812125487,1,0,4.72276715731215,"05_rr_to_or",1000
0.5,300,0.05,0.5,0.5,"grant","sample",1000,974,0.026,-0.306857947757572,0.0309926600701204,0.967249093454351,0.0219263788344428,1.0849971574793,1.12173499548543,0.025428389263232,0.416264336314162,1,0,4.12560968521536,"05_rr_to_or",1000
0.75,300,0.05,0.5,0.5,"grant","sample",1000,946,0.054,-0.11713300223838,0.0298383002034723,0.917739971040152,0.0211100248815553,0.99782469800551,1.08726298242692,0.0250094246040223,0.416052214847505,1,0,3.79651199343997,"05_rr_to_or",1000
1,300,0.05,0.5,0.5,"grant","sample",1000,888,0.112,0.0946994579387285,0.0312740889028127,0.931946859746048,0.0221265825094151,0.986049263251668,1.05805309920821,0.0251206374635484,0.503042425624289,1,0,3.76396197419601,"05_rr_to_or",1000
2,300,0.05,0.5,0.5,"grant","sample",1000,467,0.533,0.746725244938983,0.0415144828907233,0.89713556349222,0.0293866524561372,0.974831274188251,1.08660420326399,0.0355929041029188,0.99083688392923,1,0,3.71013320459138,"05_rr_to_or",1000
0.25,50,0.15,0.5,0.5,"grant","sample",1000,979,0.021,-0.352886181202727,0.0313102746369904,0.979666422099404,0.0221510234936095,1.74164208156249,1.77779093196865,0.0401972424617487,0.396338435828672,1,0,6.58342332392482,"05_rr_to_or",1000
0.5,50,0.15,0.5,0.5,"grant","sample",1000,918,0.082,-0.231073629494298,0.0363256712795845,1.10061388943244,0.0257001301993529,1.51674334401732,1.37808850004561,0.0321793630059192,0.357436209152237,1,0,5.72056886550926,"05_rr_to_or",1000
0.75,50,0.15,0.5,0.5,"grant","sample",1000,864,0.136,-0.132654228396682,0.0356388667988805,1.04756446401928,0.0252150806725518,1.39001040477631,1.32689724834989,0.0319386751942299,0.341635552322427,1,0,5.23941846669956,"05_rr_to_or",1000
1,50,0.15,0.5,0.5,"grant","sample",1000,772,0.228,0.0395997184976563,0.0376310874899516,1.04557555043248,0.0266264478444524,1.30840348914094,1.25137154230486,0.0318672133175173,0.401232172942028,1,0,5.0097212869388,"05_rr_to_or",1000
2,50,0.15,0.5,0.5,"grant","sample",1000,463,0.537,0.395611648224772,0.0419946952043501,0.903618115642222,0.0297268535391576,1.11073974871636,1.22921367941692,0.0404381611920049,0.624442733378308,1,0,4.25235084509171,"05_rr_to_or",1000
0.25,100,0.15,0.5,0.5,"grant","sample",1000,998,0.002,-0.401554284283943,0.0290953590719389,0.919155503538985,0.02058384083093,1.25252006212983,1.36268570150242,0.0305163875691469,0.417919555233713,1,0,4.7445904034868,"05_rr_to_or",1000
0.5,100,0.15,0.5,0.5,"grant","sample",1000,985,0.015,-0.245186955575854,0.0303867118385396,0.953678128360435,0.0214975652397269,1.04111805283028,1.09168703975646,0.0246085263577094,0.349330575775535,1,0,3.95699917702697,"05_rr_to_or",1000
0.75,100,0.15,0.5,0.5,"grant","sample",1000,957,0.043,-0.0841484938441783,0.0302719555760649,0.936475556936795,0.0214166974893286,0.957869126896448,1.02284477133566,0.0233919154472024,0.365657850235331,1,0,3.66761470304992,"05_rr_to_or",1000
1,100,0.15,0.5,0.5,"grant","sample",1000,895,0.105,0.103907814830404,0.0306143051824389,0.915874410175399,0.0216596865612558,0.933080119136798,1.0187861007691,0.0240934645301388,0.462187334333655,1,0,3.57403433116265,"05_rr_to_or",1000
2,100,0.15,0.5,0.5,"grant","sample",1000,459,0.541,0.720845687192949,0.0422752658487355,0.905717356069099,0.0299257437822733,0.923310127103937,1.01942412930143,0.0336827213197561,0.957464309192728,1,0,3.50013866185587,"05_rr_to_or",1000
0.25,300,0.15,0.5,0.5,"grant","sample",1000,1000,0,-0.42645835119138,0.0195761564590829,0.619052422425187,0.0138493593935191,0.600160293805299,0.969482182872532,0.0216891279152337,0.429594701693452,1,0,2.30575821055018,"05_rr_to_or",1000
0.5,300,0.15,0.5,0.5,"grant","sample",1000,1000,0,-0.296421863130702,0.0158554105081278,0.501392104426514,0.0112170782307452,0.537644781511832,1.07230404460952,0.0239894450856724,0.314682753780639,1,0,2.06521654036865,"05_rr_to_or",1000
0.75,300,0.15,0.5,0.5,"grant","sample",1000,1000,0,-0.131096334826236,0.016983784806265,0.537074432779588,0.0120153585886886,0.579157494265091,1.07835610655995,0.0241248410198243,0.249309909235738,1,0,2.19052993761968,"05_rr_to_or",1000
1,300,0.15,0.5,0.5,"grant","sample",1000,992,0.00800000000000001,0.0773345231655414,0.0198690917214165,0.625797538655585,0.0140566562868771,0.666442961604915,1.06494979676119,0.0239208886759305,0.339616479511891,1,0,2.47164226539207,"05_rr_to_or",1000
2,300,0.15,0.5,0.5,"grant","sample",1000,474,0.526,1.20712005031703,0.0414080848190682,0.90151781873328,0.0293108725379536,0.898642539254492,0.996810623795736,0.0324091088733089,1.41799094163847,1,0,3.31343839552174,"05_rr_to_or",1000
0.25,50,0.3,0.5,0.5,"grant","sample",1000,998,0.002,-0.245442184496769,0.0278877950052341,0.881007180466456,0.0197295359749307,1.19314286391285,1.35429414239409,0.0303284645067879,0.27319763022685,1,0,4.52148408040815,"05_rr_to_or",1000
0.5,50,0.3,0.5,0.5,"grant","sample",1000,983,0.017,-0.137217678812483,0.0295972844195828,0.927958650936802,0.020939093835113,0.987214481729929,1.06385611118912,0.0240055770984612,0.25192531289028,1,0,3.75424670015359,"05_rr_to_or",1000
0.75,50,0.3,0.5,0.5,"grant","sample",1000,974,0.026,-0.0344222962902958,0.0276872275683314,0.864089939525763,0.019587884330198,0.905618084705149,1.04805997996248,0.0237582648744663,0.25613156127527,1,0,3.45262407806094,"05_rr_to_or",1000
1,50,0.3,0.5,0.5,"grant","sample",1000,930,0.07,0.114546748857776,0.0285027618910552,0.869217415229882,0.0201653407127104,0.902678760113127,1.03849594393411,0.0240925045578623,0.382805869843505,1,0,3.41854274172778,"05_rr_to_or",1000
2,50,0.3,0.5,0.5,"grant","sample",1000,460,0.54,0.604087495240803,0.0387995917958303,0.832158535869582,0.0274653243219445,1.02095892691498,1.22688031535735,0.0404930843259176,0.798156979964328,1,0,3.6991594106388,"05_rr_to_or",1000
0.25,100,0.3,0.5,0.5,"grant","sample",1000,1000,0,-0.264614186451409,0.0226013612195415,0.714717796739519,0.0159895725683652,0.750665436055614,1.05029627005244,0.0234970900471466,0.274735060373527,1,0,2.84774280910567,"05_rr_to_or",1000
0.5,100,0.3,0.5,0.5,"grant","sample",1000,1000,0,-0.174128837404294,0.0190779824373704,0.603298776627811,0.0134969209012323,0.636340061514731,1.05476769747754,0.0235971242335401,0.200660178331179,1,0,2.43880032091346,"05_rr_to_or",1000
0.75,100,0.3,0.5,0.5,"grant","sample",1000,997,0.003,-0.0622322602030479,0.0191696265033072,0.605286838230824,0.0135617758914181,0.669995434229267,1.10690567167721,0.0248008145957758,0.191800087617335,1,0,2.52019645814116,"05_rr_to_or",1000
1,100,0.3,0.5,0.5,"grant","sample",1000,984,0.016,0.105996545285129,0.0225782121558774,0.708250840824999,0.0159733255128553,0.726729119539234,1.02609002015827,0.0231416172812283,0.332193799635529,1,0,2.71006040125638,"05_rr_to_or",1000
2,100,0.3,0.5,0.5,"grant","sample",1000,432,0.568,0.870086934790278,0.0399347832415751,0.830028882763899,0.0282708959373845,0.898371000523538,1.08233703570901,0.0368645457298023,1.06424647733097,1,0,3.31896692325094,"05_rr_to_or",1000
0.25,300,0.3,0.5,0.5,"grant","sample",1000,1000,0,-0.275659149840634,0.0121467884442998,0.384115177402006,0.00859337424043219,0.376589257006372,0.980407125678978,0.0219335392991474,0.278623249216291,1,0,1.46600251456625,"05_rr_to_or",1000
0.5,300,0.3,0.5,0.5,"grant","sample",1000,1000,0,-0.200888009744507,0.0106162645983634,0.335715763738412,0.00751058892212786,0.324109581134593,0.965428544449101,0.0215984404494492,0.204782439207985,1,0,1.26508393912878,"05_rr_to_or",1000
0.75,300,0.3,0.5,0.5,"grant","sample",1000,1000,0,-0.104025127415884,0.0105838517065297,0.334690778100937,0.00748765807822458,0.345850902741975,1.03334458363138,0.0231178491475605,0.13225303682925,1,0,1.33714223818368,"05_rr_to_or",1000
1,300,0.3,0.5,0.5,"grant","sample",1000,1000,0,0.0337723913399986,0.0118591778154593,0.375020130737914,0.00838990105239686,0.44300883356517,1.18129347534885,0.0264277422988399,0.140546143604943,1,0,1.62568353013413,"05_rr_to_or",1000
2,300,0.3,0.5,0.5,"grant","sample",1000,489,0.511,1.36937302238683,0.0407525998902842,0.901176276059686,0.0288459496640571,0.719887409045152,0.798830848269549,0.0255699523516454,1.57558479344823,1,0,2.68916711202862,"05_rr_to_or",1000
0.25,50,0.5,0.5,0.5,"grant","sample",1000,1000,0,0.0363029739078649,0.0232771619924578,0.736088493608697,0.0164676749886282,0.806279427917909,1.09535665197685,0.0245051749864409,0.188875073866325,0.998994974874372,0.00100451996091887,3.03923610190089,"05_rr_to_or",1000
0.5,50,0.5,0.5,0.5,"grant","sample",1000,1000,0,0.0391411653151683,0.019148686656141,0.605534640342789,0.0135469413502636,0.651852877346601,1.07649147367951,0.0240831256982091,0.151699220993131,1,0,2.48170575240352,"05_rr_to_or",1000
0.75,50,0.5,0.5,0.5,"grant","sample",1000,997,0.003,0.0632447780263297,0.0186129716284199,0.58771028977026,0.0131679639065689,0.670784316953175,1.14135200391912,0.0255726031241892,0.160444119665906,0.997722095671982,0.00160888601647178,2.48349279548151,"05_rr_to_or",1000
1,50,0.5,0.5,0.5,"grant","sample",1000,976,0.024,0.098700998391342,0.0209428905806873,0.654276817481446,0.0148164522881491,0.772925717878645,1.18134358000628,0.0267521641015053,0.222284769318261,0.998579545454545,0.00141944534138723,2.76235389912921,"05_rr_to_or",1000
0.25,100,0.5,0.5,0.5,"grant","sample",1000,1000,0,0.0108612406841589,0.0169256248587269,0.535235253751426,0.0119742127173095,0.511420524225202,0.955506052041026,0.0213764557540327,0.12247919618792,1,0,1.96112591572031,"05_rr_to_or",1000
0.5,100,0.5,0.5,0.5,"grant","sample",1000,1000,0,0.0191519232020002,0.0121924162870749,0.385558056480899,0.00862565414145687,0.40846772082218,1.05941949326746,0.0237011935972742,0.0955178602016306,1,0,1.58726285974366,"05_rr_to_or",1000
0.75,100,0.5,0.5,0.5,"grant","sample",1000,1000,0,0.0234306843184309,0.0121363548244751,0.383785237373143,0.00858599286549121,0.433217398893761,1.1288016231655,0.0252534014840982,0.0689967116712345,1,0,1.65226505695941,"05_rr_to_or",1000
1,100,0.5,0.5,0.5,"grant","sample",1000,1000,0,0.0422595306726998,0.0132778646635014,0.419882948001298,0.00939356610107287,0.495626364474536,1.18039174211239,0.0264075688414453,0.104533067484515,1,0,1.84611774802692,"05_rr_to_or",1000
0.25,300,0.5,0.5,0.5,"grant","sample",1000,1000,0,0.00509697466846491,0.00881606836186419,0.278788560312404,0.00623702101260233,0.271461865416151,0.973719528204305,0.0217839252478154,0.0716529712751511,1,0,1.05978621483845,"05_rr_to_or",1000
0.5,300,0.5,0.5,0.5,"grant","sample",1000,1000,0,0.00670103242243836,0.00713170604675841,0.225524347105519,0.00504540103860194,0.222642137140523,0.987219960939971,0.0220859551537671,0.0543713568866168,1,0,0.871242559451146,"05_rr_to_or",1000
0.75,300,0.5,0.5,0.5,"grant","sample",1000,1000,0,0.010199569838203,0.00704092944473849,0.222653738899183,0.0049811801692743,0.221219747587883,0.993559545335326,0.0222277835022499,0.037657256601709,1,0,0.863185960438188,"05_rr_to_or",1000
1,300,0.5,0.5,0.5,"grant","sample",1000,1000,0,0.0134568498853592,0.00748904657993445,0.236824446956871,0.00529820538659388,0.245986135095723,1.03868556754413,0.0232373369373554,0.0304541712877297,1,0,0.9520973417789,"05_rr_to_or",1000
0.25,50,0.01,0.01,0.5,"metaumbrella","sample",1000,1000,0,-0.001918785089597,0.0188833349845918,0.597143483712506,0.0133592154975082,1.63880978350974,2.74441541808524,0.0613977008623546,0.00623134416164347,1,0,6.42167207412721,"05_rr_to_or",1000
0.5,50,0.01,0.01,0.5,"metaumbrella","sample",1000,1000,0,-0.00129091359226959,0.0209650898090439,0.662974351465632,0.0148319750145917,1.63175270818892,2.46126068765951,0.0550630004660971,0.00668166621335548,1,0,6.39230315549916,"05_rr_to_or",1000
0.75,50,0.01,0.01,0.5,"metaumbrella","sample",1000,1000,0,-0.000855419659744124,0.0215569694000848,0.681691227548216,0.0152507065051755,1.62557831631299,2.38462554690572,0.0533485291741275,0.00676817288779824,1,0,6.36660430912137,"05_rr_to_or",1000
1,50,0.01,0.01,0.5,"metaumbrella","sample",1000,1000,0,5.27487069932888e-05,0.0215264536077327,0.680726233463843,0.0152291177844098,1.62229882240575,2.38318834012134,0.05331637617293,0.00664812252757588,1,0,6.35237057049748,"05_rr_to_or",1000
2,50,0.01,0.01,0.5,"metaumbrella","sample",1000,1000,0,0.00210450246832654,0.0263358022265031,0.832811190434835,0.018631542443678,1.59713119709755,1.91775904963962,0.0429038532869041,0.00812229170153005,1,0,6.24992350795299,"05_rr_to_or",1000
0.25,100,0.01,0.01,0.5,"metaumbrella","sample",1000,1000,0,-0.00171545544314659,0.0225312496135217,0.712500673085171,0.015939971369506,1.59718671102453,2.24166344167594,0.0501501997544239,0.00410149394818114,1,0,6.25332248280089,"05_rr_to_or",1000
0.5,100,0.01,0.01,0.5,"metaumbrella","sample",1000,1000,0,-0.00135859734943648,0.0248524571348537,0.7859036999784,0.017582134235187,1.58777271983531,2.02031460073156,0.0451982125906096,0.00424426533120073,1,0,6.21426690694401,"05_rr_to_or",1000
0.75,100,0.01,0.01,0.5,"metaumbrella","sample",1000,1000,0,-0.000528571361062421,0.0272687613193899,0.862313947407704,0.0192915742432729,1.57439132190676,1.82577508648643,0.040846000158476,0.00436248766469848,1,0,6.1598958104942,"05_rr_to_or",1000
1,100,0.01,0.01,0.5,"metaumbrella","sample",1000,1000,0,5.38192083842512e-05,0.0276104649258233,0.873119564217935,0.0195333160816899,1.56034137399901,1.78708786052301,0.0399804946263165,0.00440475200459796,1,0,6.09949381674052,"05_rr_to_or",1000
2,100,0.01,0.01,0.5,"metaumbrella","sample",1000,1000,0,0.00143841081940311,0.0308203855587408,0.974626167301821,0.0218042084584885,1.51007552417417,1.54938947345802,0.0346627375665405,0.0048032047724408,1,0,5.88737848708788,"05_rr_to_or",1000
0.25,300,0.01,0.01,0.5,"metaumbrella","sample",1000,1000,0,-0.00109202243490285,0.0306450084688386,0.969080256766791,0.0216801360772464,1.48312673335638,1.53044778592914,0.0342389766238414,0.00190129921251337,1,0,5.78178178354836,"05_rr_to_or",1000
0.5,300,0.01,0.01,0.5,"metaumbrella","sample",1000,1000,0,-0.000693192972968462,0.0314451630891475,0.994383367571623,0.0222462139449936,1.42250903122962,1.43054387032189,0.0320039393605281,0.00168761484120043,1,0,5.51521236263941,"05_rr_to_or",1000
0.75,300,0.01,0.01,0.5,"metaumbrella","sample",1000,1000,0,-0.000253054655888347,0.0345577460021064,1.09281188168234,0.0244482437200312,1.36458635386903,1.24869282329572,0.0279355916485739,0.00156446923967937,1,0,5.27373823821322,"05_rr_to_or",1000
1,300,0.01,0.01,0.5,"metaumbrella","sample",1000,1000,0,-6.93673426297909e-05,0.0340395810260754,1.0764260664025,0.0240816624152083,1.30777920261689,1.21492710315684,0.0271801893975781,0.00144686819157787,1,0,5.03179790001999,"05_rr_to_or",1000
2,300,0.01,0.01,0.5,"metaumbrella","sample",1000,1000,0,0.000509365171216672,0.0311067458303764,0.983681674199352,0.0220067970680655,1.19519277819191,1.21501986825638,0.0271822647261871,0.0013395659051553,1,0,4.56973813075195,"05_rr_to_or",1000
0.25,50,0.05,0.01,0.5,"metaumbrella","sample",1000,1000,0,-0.00590619271016534,0.0297784719770452,0.941677966869601,0.0210670956508721,1.53275761526149,1.62768766944479,0.0364144145115026,0.00991468538619911,1,0,5.98548543456461,"05_rr_to_or",1000
0.5,50,0.05,0.01,0.5,"metaumbrella","sample",1000,1000,0,-0.00345139354446401,0.0335600636410817,1.06126239526022,0.0237424227583278,1.48393481811017,1.39827324961073,0.0312819852773343,0.00918351017920477,1,0,5.7767597750526,"05_rr_to_or",1000
0.75,50,0.05,0.01,0.5,"metaumbrella","sample",1000,1000,0,-0.00182238826475254,0.0348736940222602,1.10280303534141,0.0246717644959264,1.45247665381401,1.31707712734427,0.0294654763067001,0.00862178225629849,1,0,5.64686979362248,"05_rr_to_or",1000
1,50,0.05,0.01,0.5,"metaumbrella","sample",1000,1000,0,-0.000204861260590501,0.0359913005413302,1.13814485662255,0.0254624270744307,1.41127013243114,1.23997408960674,0.0277405372849354,0.0082963571666475,1,0,5.46907777524808,"05_rr_to_or",1000
2,50,0.05,0.01,0.5,"metaumbrella","sample",1000,1000,0,0.00267937271120487,0.0341638252373241,1.08035501333887,0.0241695602994403,1.28915468983887,1.19326950300781,0.0266956684148641,0.00719305082270594,1,0,4.96274306942318,"05_rr_to_or",1000
0.25,100,0.05,0.01,0.5,"metaumbrella","sample",1000,1000,0,-0.00354210363243321,0.0300799561770382,0.951211734374916,0.0212803838438786,1.39699236787901,1.46864501077359,0.0328563330646854,0.00539579332197878,1,0,5.41535612150969,"05_rr_to_or",1000
0.5,100,0.05,0.01,0.5,"metaumbrella","sample",1000,1000,0,-0.00167391385178514,0.0333284331926477,1.05393759733524,0.0235785533423089,1.28997043405927,1.2239533320766,0.0273821230040863,0.00420182972772452,1,0,4.96382435155318,"05_rr_to_or",1000
0.75,100,0.05,0.01,0.5,"metaumbrella","sample",1000,1000,0,-0.000517403847731008,0.0332733390100791,1.05219536630782,0.0235395763788544,1.16474751127368,1.10696886583031,0.0247649619078472,0.00321386116048607,1,0,4.44853708796868,"05_rr_to_or",1000
1,100,0.05,0.01,0.5,"metaumbrella","sample",1000,1000,0,-1.71527187926424e-05,0.0324475660696385,1.02608213308855,0.0229553745589768,1.10190797812514,1.07389841669726,0.0240251141683706,0.00273070094887396,1,0,4.19722522085892,"05_rr_to_or",1000
2,100,0.05,0.01,0.5,"metaumbrella","sample",1000,1000,0,0.000578261260541452,0.0291478258123165,0.921735184087678,0.0206209383368086,0.962466712755397,1.04419005520337,0.0233604826114668,0.00228263619635633,1,0,3.64940171182712,"05_rr_to_or",1000
0.25,300,0.05,0.01,0.5,"metaumbrella","sample",1000,1000,0,-0.000405882026017316,0.0259036586224863,0.819145609785163,0.0183258178703099,0.983368981092659,1.20048129336928,0.0268570096405318,0.00109110277537667,1,0,3.71227119004983,"05_rr_to_or",1000
0.5,300,0.05,0.01,0.5,"metaumbrella","sample",1000,1000,0,-6.92866287626379e-05,0.0237596867423685,0.751347265979908,0.0168090422376973,0.738388756781116,0.982752969518174,0.0219860202090562,0.000447295516388682,1,0,2.79781111276255,"05_rr_to_or",1000
0.75,300,0.05,0.01,0.5,"metaumbrella","sample",1000,1000,0,-2.99329515028735e-06,0.0209165224215351,0.661438515820316,0.0147976155014861,0.630917213930887,0.953856176863883,0.0213395449635165,0.000158815868964914,1,0,2.42147539769904,"05_rr_to_or",1000
1,300,0.05,0.01,0.5,"metaumbrella","sample",1000,1000,0,2.92148357397348e-06,0.0189639289908041,0.599692089966394,0.0134162325814966,0.571945130464154,0.953731323179876,0.0213367517533152,9.23854224052522e-05,1,0,2.20901371009098,"05_rr_to_or",1000
2,300,0.05,0.01,0.5,"metaumbrella","sample",1000,1000,0,0,0.0157894199878166,0.499305300944886,0.011170392537654,0.493169465487017,0.987711255125355,0.0220969463226809,0,1,0,1.90846444032701,"05_rr_to_or",1000
0.25,50,0.15,0.01,0.5,"metaumbrella","sample",1000,1000,0,-0.00467822788157546,0.0300482751380768,0.950209891957332,0.0212579707570476,1.27737200731848,1.34430510367266,0.030074617012834,0.0079672401048396,1,0,4.91340111041165,"05_rr_to_or",1000
0.5,50,0.15,0.01,0.5,"metaumbrella","sample",1000,1000,0,-0.00173664152392645,0.0320972872187838,1.01500534323968,0.0227075660729967,1.12081868474103,1.10424904874255,0.0247041145175963,0.00519865027727529,1,0,4.28454674693622,"05_rr_to_or",1000
0.75,50,0.15,0.01,0.5,"metaumbrella","sample",1000,1000,0,-0.000581029895678957,0.0309909291987325,0.980019230730117,0.0219248613643569,0.996886100894667,1.01721075427467,0.0227569052386757,0.00357869349661713,1,0,3.80262850359564,"05_rr_to_or",1000
1,50,0.15,0.01,0.5,"metaumbrella","sample",1000,1000,0,5.08437741319319e-05,0.0301211920249181,0.952515726380406,0.0213095565815598,0.92133948377224,0.967269577031934,0.0216396277883097,0.00271842894855737,1,0,3.52551050744017,"05_rr_to_or",1000
2,50,0.15,0.01,0.5,"metaumbrella","sample",1000,1000,0,0.000183093830375854,0.0253018804354218,0.800115712611856,0.0179000835130444,0.794714455953376,0.993249405588038,0.0222208450966047,0.00137400400314389,1,0,3.04747385870987,"05_rr_to_or",1000
0.25,100,0.15,0.01,0.5,"metaumbrella","sample",1000,1000,0,-0.00107404519782836,0.0272439227254436,0.86152848210024,0.0192740019166974,0.99801812666549,1.15842731540635,0.0259161835753433,0.00281564192874292,1,0,3.77239502923966,"05_rr_to_or",1000
0.5,100,0.15,0.01,0.5,"metaumbrella","sample",1000,1000,0,-0.00013200781842732,0.0249509337741675,0.789017804743907,0.0176518025775183,0.766481240808394,0.971437192164723,0.0217328651260488,0.000986605212517631,1,0,2.92216402344045,"05_rr_to_or",1000
0.75,100,0.15,0.01,0.5,"metaumbrella","sample",1000,1000,0,-5.0652834370803e-05,0.0214918297910516,0.679631332243836,0.0152046227982875,0.65135800620434,0.958399025032954,0.0214411769654028,0.000606459044303553,1,0,2.51171049475705,"05_rr_to_or",1000
1,100,0.15,0.01,0.5,"metaumbrella","sample",1000,1000,0,0,0.0197134185222249,0.623393029983815,0.0139464668950618,0.5949050777822,0.954301779404954,0.0213495139249718,0,1,0,2.30904252343266,"05_rr_to_or",1000
2,100,0.15,0.01,0.5,"metaumbrella","sample",1000,1000,0,0,0.0171664071387194,0.542849458001274,0.0121445566935735,0.522960550932497,0.963362020951432,0.0215522084574924,0,1,0,2.03722085012795,"05_rr_to_or",1000
0.25,300,0.15,0.01,0.5,"metaumbrella","sample",1000,1000,0,-5.00518831377672e-06,0.016430316218248,0.519572219264678,0.0116238013693493,0.531655725939445,1.02325664503747,0.0228921631118294,0.000112023220996682,1,0,2.03863620000517,"05_rr_to_or",1000
0.5,300,0.15,0.01,0.5,"metaumbrella","sample",1000,1000,0,0,0.0132317317977961,0.418424098695101,0.00936092891622291,0.398527283208527,0.952448208531431,0.0213080460811206,0,1,0,1.55278656548853,"05_rr_to_or",1000
0.75,300,0.15,0.01,0.5,"metaumbrella","sample",1000,1000,0,0,0.0112543004652117,0.355892229419617,0.00796197415928649,0.352415256181568,0.990230263684827,0.0221533012509417,0,1,0,1.37756039575287,"05_rr_to_or",1000
1,300,0.15,0.01,0.5,"metaumbrella","sample",1000,1000,0,0,0.0108167306286063,0.342055056229009,0.00765241074015577,0.329444790206249,0.963133811960617,0.0215471029959578,0,1,0,1.28884803524315,"05_rr_to_or",1000
2,300,0.15,0.01,0.5,"metaumbrella","sample",1000,1000,0,0,0.00930857115935518,0.294362866253165,0.00658544733719893,0.293542902089669,0.997214444287985,0.0223095504210256,0,1,0,1.14903113721449,"05_rr_to_or",1000
0.25,50,0.3,0.01,0.5,"metaumbrella","sample",1000,1000,0,-0.00125309388332486,0.0279891136996562,0.885093489803354,0.0198011951704011,1.02490072995758,1.15795759630465,0.0259056750813647,0.00369398134245581,1,0,3.89553213349747,"05_rr_to_or",1000
0.5,50,0.3,0.01,0.5,"metaumbrella","sample",1000,1000,0,-0.000107417903033818,0.0252104963984769,0.79722589562659,0.0178354329074403,0.782933530115255,0.982072376738213,0.021970794076876,0.00104931812886816,1,0,3.01586055733513,"05_rr_to_or",1000
0.75,50,0.3,0.01,0.5,"metaumbrella","sample",1000,1000,0,1.33781259461765e-05,0.0238508244904154,0.754229294626374,0.0168735186036098,0.693580642968037,0.919588575927191,0.0205729147013059,0.000423053488145129,1,0,2.69538691109529,"05_rr_to_or",1000
1,50,0.3,0.01,0.5,"metaumbrella","sample",1000,1000,0,0,0.0208119374291226,0.658131247969365,0.0147236257400067,0.645721848088531,0.981144490678535,0.0219500355319593,0,1,0,2.52123127249788,"05_rr_to_or",1000
2,50,0.3,0.01,0.5,"metaumbrella","sample",1000,1000,0,0,0.0205760761732242,0.650672660165097,0.0145567631944007,0.624046075482184,0.959078371794266,0.0214563752218176,0,1,0,2.43684595830878,"05_rr_to_or",1000
0.25,100,0.3,0.01,0.5,"metaumbrella","sample",1000,1000,0,-0.000130736961942728,0.0221848626857733,0.70154695665124,0.0156949162657817,0.712094214589312,1.01503428649797,0.0227082135877653,0.000830677290255479,1,0,2.69369780040153,"05_rr_to_or",1000
0.5,100,0.3,0.01,0.5,"metaumbrella","sample",1000,1000,0,0,0.0166677712640614,0.527081207131377,0.0117917914585247,0.524445891138229,0.995000170832328,0.0222600129864369,0,1,0,2.04019723525912,"05_rr_to_or",1000
0.75,100,0.3,0.01,0.5,"metaumbrella","sample",1000,1000,0,0,0.0146533895897404,0.4633808654538,0.0103666957906544,0.469659294154699,1.01354917556803,0.0226749888813222,0,1,0,1.83685606169119,"05_rr_to_or",1000
1,100,0.3,0.01,0.5,"metaumbrella","sample",1000,1000,0,0,0.0142337506566973,0.450110717220809,0.0100698177793158,0.445349796920116,0.989422779510586,0.022135236321174,0,1,0,1.74330763706207,"05_rr_to_or",1000
2,100,0.3,0.01,0.5,"metaumbrella","sample",1000,1000,0,0,0.0131750543856943,0.416631801553844,0.00932083188025301,0.430054080267407,1.03221616464107,0.0230926043062883,0,1,0,1.68440667964012,"05_rr_to_or",1000
0.25,300,0.3,0.01,0.5,"metaumbrella","sample",1000,1000,0,0,0.0123443792592589,0.390363547602003,0.0087331619569304,0.36936799226805,0.946215379322869,0.0211686060456393,0,1,0,1.43692037102735,"05_rr_to_or",1000
0.5,300,0.3,0.01,0.5,"metaumbrella","sample",1000,1000,0,-4.12385744054717e-05,0.00927727319152151,0.293373137608275,0.00656330525809769,0.293153734724614,0.999252137106179,0.0223551374168122,0.000922122556658178,1,0,1.14733099249595,"05_rr_to_or",1000
0.75,300,0.3,0.01,0.5,"metaumbrella","sample",1000,1000,0,-0.000103096436013679,0.00854591163065519,0.27024545435394,0.00604589576945707,0.267450112679904,0.98965628605773,0.0221404602989423,0.00145800378042875,1,0,1.04758840316991,"05_rr_to_or",1000
1,300,0.3,0.01,0.5,"metaumbrella","sample",1000,1000,0,0,0.00795655710567649,0.251608427871347,0.00562895066362453,0.253553526749183,1.00773065868378,0.0225448177866812,0,1,0,0.993553162352362,"05_rr_to_or",1000
2,300,0.3,0.01,0.5,"metaumbrella","sample",1000,1000,0,0,0.0080127410666122,0.253385120716615,0.00566869860233642,0.245210910382111,0.967739974978063,0.0216501514693065,0,1,0,0.960958035891074,"05_rr_to_or",1000
0.25,50,0.5,0.01,0.5,"metaumbrella","sample",1000,1000,0,2.570657110022e-05,0.0261932244710091,0.828302485924479,0.0185306742992348,0.831277151767478,1.00359127962737,0.02245221214273,0.00188697403815873,1,0,3.16038671028931,"05_rr_to_or",1000
0.5,50,0.5,0.01,0.5,"metaumbrella","sample",1000,1000,0,0,0.021878423068893,0.69185648510473,0.015478122310571,0.643898593030999,0.93068231185768,0.0208211023027956,0,1,0,2.50612627945357,"05_rr_to_or",1000
0.75,50,0.5,0.01,0.5,"metaumbrella","sample",1000,1000,0,0,0.0193685207246992,0.612486403982246,0.0137024652922982,0.590035383970313,0.963344459785619,0.0215518155814,0,1,0,2.31005336817436,"05_rr_to_or",1000
1,50,0.5,0.01,0.5,"metaumbrella","sample",1000,1000,0,0,0.0188923783716179,0.597429460720156,0.0133656133375194,0.578602474366748,0.968486679028662,0.0216668566341403,0,1,0,2.26740903402792,"05_rr_to_or",1000
0.25,100,0.5,0.01,0.5,"metaumbrella","sample",1000,1000,0,4.1622544704536e-06,0.0185560787553619,0.58679473308406,0.0131276946092355,0.554748642466551,0.945387903451209,0.0211500938642457,9.53139016199415e-05,1,0,2.13486570539896,"05_rr_to_or",1000
0.5,100,0.5,0.01,0.5,"metaumbrella","sample",1000,1000,0,0,0.0142303894856149,0.450004427658551,0.0100674398832053,0.441397375002288,0.980873404510602,0.0219439708278562,0,1,0,1.72705683402445,"05_rr_to_or",1000
0.75,100,0.5,0.01,0.5,"metaumbrella","sample",1000,1000,0,0,0.0135906166322893,0.429773033642014,0.00961482579655127,0.41191099030111,0.958438426930755,0.0214420584594794,0,1,0,1.61415901136559,"05_rr_to_or",1000
1,100,0.5,0.01,0.5,"metaumbrella","sample",1000,1000,0,0,0.0125989519198094,0.398413841975487,0.00891326208409772,0.404210462571101,1.01454924499328,0.0226973623030018,0,1,0,1.58438623695497,"05_rr_to_or",1000
0.25,300,0.5,0.01,0.5,"metaumbrella","sample",1000,1000,0,0,0.00969654935142799,0.306631813947409,0.00685992662173546,0.301491502954935,0.983236211121408,0.0219968312266609,0,1,0,1.17890442241239,"05_rr_to_or",1000
0.5,300,0.5,0.01,0.5,"metaumbrella","sample",1000,1000,0,0,0.00816261000156913,0.25812439256629,0.00577472496897692,0.250958487110598,0.972238557602214,0.0217507931682425,0,1,0,0.983319402515799,"05_rr_to_or",1000
0.75,300,0.5,0.01,0.5,"metaumbrella","sample",1000,1000,0,0,0.00717009796221249,0.226738406071234,0.00507256180614283,0.235562547742737,1.03891771943008,0.0232425306088214,0,1,0,0.923325274211862,"05_rr_to_or",1000
1,300,0.5,0.01,0.5,"metaumbrella","sample",1000,1000,0,0,0.00714233465558554,0.225860453228046,0.00505292036057956,0.231650224636307,1.02563428579688,0.0229453553782563,0,1,0,0.908047846541054,"05_rr_to_or",1000
0.25,50,0.01,0.05,0.5,"metaumbrella","sample",1000,1000,0,-0.00199417934114476,0.0187656484376406,0.593421908329245,0.0132759569023945,1.63631367043435,2.75742039090084,0.061688646404124,0.00616981548989513,1,0,6.41089223601267,"05_rr_to_or",1000
0.5,50,0.01,0.05,0.5,"metaumbrella","sample",1000,1000,0,-0.00106997855325097,0.0206038469650778,0.651550849711937,0.014576409935467,1.63267833396832,2.50583409520555,0.0560601908786319,0.00653201150298774,1,0,6.39665645927805,"05_rr_to_or",1000
0.75,50,0.01,0.05,0.5,"metaumbrella","sample",1000,1000,0,-0.000604591651292385,0.0229947913426257,0.727159149630185,0.016267908879286,1.62387826899537,2.23318137414792,0.0499604400550184,0.00712654703572418,1,0,6.36081360735155,"05_rr_to_or",1000
1,50,0.01,0.05,0.5,"metaumbrella","sample",1000,1000,0,-0.000116773120248479,0.0237331928608227,0.750509455882472,0.0167902988603635,1.61883753614161,2.15698486335276,0.0482557817348066,0.00733542391004113,1,0,6.34004785659186,"05_rr_to_or",1000
2,50,0.01,0.05,0.5,"metaumbrella","sample",1000,1000,0,0.00166758481417191,0.0258287195192336,0.816775827264275,0.0182728014073621,1.60280014663303,1.96235012488247,0.0439014389588289,0.00789826223976408,1,0,6.27331113910326,"05_rr_to_or",1000
0.25,100,0.01,0.05,0.5,"metaumbrella","sample",1000,1000,0,-0.00196004641947796,0.0234659308262817,0.74205788827007,0.0166012215010596,1.59656800692851,2.15154104843563,0.0481339934233034,0.00424504829883773,1,0,6.25132566419373,"05_rr_to_or",1000
0.5,100,0.01,0.05,0.5,"metaumbrella","sample",1000,1000,0,-0.00134940932860339,0.0260706677209644,0.824426901196787,0.0184439702273186,1.58174593945312,1.91860059049136,0.0429226801281827,0.00442303180720536,1,0,6.19072311634933,"05_rr_to_or",1000
0.75,100,0.01,0.05,0.5,"metaumbrella","sample",1000,1000,0,-0.000445995504032781,0.028565682906318,0.903326209021031,0.0202090951672665,1.57056937809942,1.73865140014204,0.0388968805037225,0.00465213640799253,1,0,6.14525989067523,"05_rr_to_or",1000
1,100,0.01,0.05,0.5,"metaumbrella","sample",1000,1000,0,0.000213794657388739,0.0297181058526198,0.939769022402589,0.0210243889962687,1.55702798375312,1.65681986385597,0.0370661561341938,0.00466940460123039,1,0,6.08487451975545,"05_rr_to_or",1000
2,100,0.01,0.05,0.5,"metaumbrella","sample",1000,1000,0,0.00178293362091185,0.0307413112097793,0.972125616829689,0.0217482664721305,1.51198152566228,1.5553355445906,0.0347957622880528,0.00489331261453457,1,0,5.896259463077,"05_rr_to_or",1000
0.25,300,0.01,0.05,0.5,"metaumbrella","sample",1000,1000,0,-0.0011262497235946,0.0292037072093341,0.923502309021754,0.0206604722234694,1.48597962363525,1.60906974364722,0.0359978967236838,0.00189138338136857,1,0,5.79480143806628,"05_rr_to_or",1000
0.5,300,0.01,0.05,0.5,"metaumbrella","sample",1000,1000,0,-0.000663499875068305,0.0312242869942601,0.987398652166348,0.022089952810387,1.42982050973266,1.44806811979704,0.0323959895654724,0.00168516719869772,1,0,5.54869119586192,"05_rr_to_or",1000
0.75,300,0.01,0.05,0.5,"metaumbrella","sample",1000,1000,0,-0.00028295210131061,0.0338653404091287,1.07091609429785,0.0239583940438052,1.36734288968527,1.27679740454528,0.0285643436447373,0.00152759595681386,1,0,5.28047069505108,"05_rr_to_or",1000
1,300,0.01,0.05,0.5,"metaumbrella","sample",1000,1000,0,-1.39612085202576e-05,0.0330207394363346,1.04420746641762,0.0233608721328627,1.30869590291963,1.25329107960643,0.0280384632341192,0.00138741312479182,1,0,5.04075133624836,"05_rr_to_or",1000
2,300,0.01,0.05,0.5,"metaumbrella","sample",1000,1000,0,0.00049073905004733,0.0319342908752262,1.00985094628047,0.0225922525819916,1.18501519460549,1.173455547049,0.0262523931975473,0.00130144330603447,1,0,4.52686217246636,"05_rr_to_or",1000
0.25,50,0.05,0.05,0.5,"metaumbrella","sample",1000,1000,0,-0.00586025618023617,0.0297137849091228,0.939632382171672,0.0210213320989899,1.53554200076942,1.63419442529267,0.0365599827977392,0.00990263633364707,1,0,5.99728441297237,"05_rr_to_or",1000
0.5,50,0.05,0.05,0.5,"metaumbrella","sample",1000,1000,0,-0.0031847763136156,0.0327131826879266,1.03448166807037,0.0231432878511111,1.48905478589507,1.43942114380104,0.0322025405555056,0.00912123710309468,1,0,5.80101753012668,"05_rr_to_or",1000
0.75,50,0.05,0.05,0.5,"metaumbrella","sample",1000,1000,0,-0.00150124985154889,0.0351048727807793,1.11011354957712,0.0248353143591272,1.43429141001484,1.29202225354444,0.0289049519645874,0.00849253525824394,1,0,5.56608536529047,"05_rr_to_or",1000
1,50,0.05,0.05,0.5,"metaumbrella","sample",1000,1000,0,-0.000151717028175101,0.0365480246237344,1.15575001790919,0.0258562874277823,1.41595032411371,1.22513545504869,0.0274085693037773,0.00847013787020877,1,0,5.4855314234415,"05_rr_to_or",1000
2,50,0.05,0.05,0.5,"metaumbrella","sample",1000,1000,0,0.00285677426286222,0.0351895927951106,1.112792631664,0.0248952504312949,1.28161833007887,1.15171353009627,0.0257659836532011,0.00733946170410303,1,0,4.92734154734374,"05_rr_to_or",1000
0.25,100,0.05,0.05,0.5,"metaumbrella","sample",1000,1000,0,-0.00332682085084115,0.0307143545691473,0.971273173005052,0.021729195710976,1.39037022053924,1.43149245668707,0.0320251610099575,0.00530143310461596,1,0,5.3832325365306,"05_rr_to_or",1000
0.5,100,0.05,0.05,0.5,"metaumbrella","sample",1000,1000,0,-0.00152369447788808,0.0329032780070873,1.04049300988122,0.0232777727996548,1.26882199807443,1.21944307748812,0.0272812201814992,0.0040516538554114,1,0,4.87249044022893,"05_rr_to_or",1000
0.75,100,0.05,0.05,0.5,"metaumbrella","sample",1000,1000,0,-0.000500359710505821,0.0334639106161406,1.05822176963293,0.0236743982816147,1.17700390948975,1.11224692523385,0.024883041958796,0.00324969306431532,1,0,4.49753736843596,"05_rr_to_or",1000
1,100,0.05,0.05,0.5,"metaumbrella","sample",1000,1000,0,2.38487400606215e-05,0.0331609721842534,1.0486420152773,0.0234600812768398,1.1126686484552,1.06105671167579,0.0237378212322228,0.00280061752803546,1,0,4.2461987335031,"05_rr_to_or",1000
2,100,0.05,0.05,0.5,"metaumbrella","sample",1000,1000,0,0.000518795020405957,0.0289890631924024,0.916714669225434,0.0205086200384724,0.952877342459598,1.03944812322543,0.0232543967327867,0.00209648232683867,1,0,3.61799419249871,"05_rr_to_or",1000
0.25,300,0.05,0.05,0.5,"metaumbrella","sample",1000,1000,0,-0.000436694017641542,0.0257345007816854,0.813796369175094,0.0182061453627684,0.988449426919328,1.214615184289,0.0271732111896821,0.00112424775209229,1,0,3.7279016661385,"05_rr_to_or",1000
0.5,300,0.05,0.05,0.5,"metaumbrella","sample",1000,1000,0,-5.45662957708284e-05,0.0239647082511248,0.757830615349848,0.0169540868772874,0.752390940770022,0.99282204430694,0.022211284226219,0.000416534699475308,1,0,2.85032261245473,"05_rr_to_or",1000
0.75,300,0.05,0.05,0.5,"metaumbrella","sample",1000,1000,0,-8.68110649558607e-06,0.021075172892676,0.666455484226956,0.0149098544589839,0.633099520288603,0.949950199634049,0.0212521609545388,0.000203386491328022,1,0,2.42915972976053,"05_rr_to_or",1000
1,300,0.05,0.05,0.5,"metaumbrella","sample",1000,1000,0,-2.84861184976748e-06,0.0189183706199127,0.598251407781358,0.0133840018290924,0.573842764921173,0.959200024366503,0.0214590968171673,9.00810161501062e-05,1,0,2.21478292101399,"05_rr_to_or",1000
2,300,0.05,0.05,0.5,"metaumbrella","sample",1000,1000,0,0,0.0155649707512043,0.492207592877076,0.011011603546059,0.492516463053873,1.00062752013839,0.0223859073051557,0,1,0,1.90990998089775,"05_rr_to_or",1000
0.25,50,0.15,0.05,0.5,"metaumbrella","sample",1000,1000,0,-0.00475931981872424,0.0309874935260081,0.979910585219075,0.02192243076127,1.27872424365687,1.30493971893466,0.0291939398017427,0.00812562315596501,1,0,4.91758818587493,"05_rr_to_or",1000
0.5,50,0.15,0.05,0.5,"metaumbrella","sample",1000,1000,0,-0.0016367566705763,0.0309103250195798,0.977470302779608,0.021867837083414,1.10879968960538,1.13435639574145,0.0253776721257542,0.00504678207258853,1,0,4.23480176533021,"05_rr_to_or",1000
0.75,50,0.15,0.05,0.5,"metaumbrella","sample",1000,1000,0,-0.0005060897158115,0.0308845874930339,0.976656410727368,0.0218496287974423,0.992033349389452,1.01574447112944,0.0227241017449564,0.00336138345982046,1,0,3.78989781587963,"05_rr_to_or",1000
1,50,0.15,0.05,0.5,"metaumbrella","sample",1000,1000,0,-0.00011402822535232,0.028690175725365,0.90726301762627,0.0202971689317206,0.910683900831821,1.00377055290372,0.0224562228208954,0.00238594957989228,1,0,3.48541505978457,"05_rr_to_or",1000
2,50,0.15,0.05,0.5,"metaumbrella","sample",1000,1000,0,0.000139394541137328,0.0256436579859457,0.810923667739546,0.0181418776639921,0.791407386919919,0.975933270175688,0.0218334507921079,0.00137866235913279,1,0,3.03977869553971,"05_rr_to_or",1000
0.25,100,0.15,0.05,0.5,"metaumbrella","sample",1000,1000,0,-0.00111280095214688,0.0268356389502657,0.848617415487696,0.0189851572321548,1.00063023557394,1.17912997931923,0.0263793408501495,0.00286029950564689,1,0,3.78060452412961,"05_rr_to_or",1000
0.5,100,0.15,0.05,0.5,"metaumbrella","sample",1000,1000,0,-0.000119779613742738,0.0234490195583546,0.74152310702236,0.0165892574453058,0.758771986290431,1.02326141843015,0.0228922699015428,0.000948098972992322,1,0,2.8982866043819,"05_rr_to_or",1000
0.75,100,0.15,0.05,0.5,"metaumbrella","sample",1000,1000,0,-1.51750176088465e-05,0.0211600897780923,0.669140791924185,0.0149699298096875,0.649982979393241,0.971369534241286,0.0217313514918822,0.000339502502223251,1,0,2.51065123478027,"05_rr_to_or",1000
1,100,0.15,0.05,0.5,"metaumbrella","sample",1000,1000,0,0,0.0198054120002757,0.626302119189025,0.0140115486562363,0.600350527306035,0.958563780820998,0.0214448628602287,0,1,0,2.33044641243358,"05_rr_to_or",1000
2,100,0.15,0.05,0.5,"metaumbrella","sample",1000,1000,0,0,0.0167664857836891,0.530202834332908,0.0118616280918056,0.527312110455225,0.994547890560939,0.022249894631677,0,1,0,2.05127628988945,"05_rr_to_or",1000
0.25,300,0.15,0.05,0.5,"metaumbrella","sample",1000,1000,0,-2.52212342245439e-06,0.0163116617339614,0.515820035015296,0.0115398579967075,0.52594254256371,1.01962410697776,0.0228108964480106,7.97565455501494e-05,1,0,2.01840541192432,"05_rr_to_or",1000
0.5,300,0.15,0.05,0.5,"metaumbrella","sample",1000,1000,0,0,0.0130851897716642,0.413790032939976,0.00925725620649584,0.399929530470493,0.966503537141762,0.0216224900446155,0,1,0,1.55859356340065,"05_rr_to_or",1000
0.75,300,0.15,0.05,0.5,"metaumbrella","sample",1000,1000,0,0,0.0112811237787372,0.356740457070948,0.00798095059676618,0.35259229830625,0.988372054017206,0.022111729628599,0,1,0,1.37844584266468,"05_rr_to_or",1000
1,300,0.15,0.05,0.5,"metaumbrella","sample",1000,1000,0,0,0.010540420579599,0.333317365276449,0.00745693226710912,0.329255518618609,0.987813876260328,0.0220992421492185,0,1,0,1.28818970744071,"05_rr_to_or",1000
2,300,0.15,0.05,0.5,"metaumbrella","sample",1000,1000,0,0,0.00897346192543899,0.283765781811872,0.00634837075751933,0.294098353039448,1.0364123227318,0.0231864802033294,0,1,0,1.15111302666972,"05_rr_to_or",1000
0.25,50,0.3,0.05,0.5,"metaumbrella","sample",1000,1000,0,-0.00148242521925528,0.0276722231311423,0.875072530148058,0.0195770075786775,1.0352117426756,1.18300107363723,0.0264659444632106,0.00395538570613455,1,0,3.93148742858591,"05_rr_to_or",1000
0.5,50,0.3,0.05,0.5,"metaumbrella","sample",1000,1000,0,-0.000126802575143789,0.0251532925644522,0.795416951562466,0.017794963448701,0.789419702759477,0.992460245169268,0.022203190103485,0.00114043629889054,1,0,3.03386109535425,"05_rr_to_or",1000
0.75,50,0.3,0.05,0.5,"metaumbrella","sample",1000,1000,0,0,0.0217799608864283,0.688742837504932,0.0154084641958908,0.686385391751462,0.996577175652367,0.0222952935309059,0,1,0,2.67099462408972,"05_rr_to_or",1000
1,50,0.3,0.05,0.5,"metaumbrella","sample",1000,1000,0,0,0.0211982216632127,0.670346628008748,0.0149969066160125,0.646938495364928,0.965080554349391,0.0215906552606967,0,1,0,2.52526790394982,"05_rr_to_or",1000
2,50,0.3,0.05,0.5,"metaumbrella","sample",1000,1000,0,-3.61256013281102e-05,0.0207269141955892,0.655442577249385,0.0146634751522004,0.623442180813674,0.951177421872709,0.0212796162090911,0.00114239182040032,1,0,2.43478340622556,"05_rr_to_or",1000
0.25,100,0.3,0.05,0.5,"metaumbrella","sample",1000,1000,0,-9.6240313520771e-05,0.0226376602672265,0.715865673415316,0.0160152527144185,0.706513538349869,0.98693590793252,0.0220796003572354,0.000741311421218256,1,0,2.67931362643316,"05_rr_to_or",1000
0.5,100,0.3,0.05,0.5,"metaumbrella","sample",1000,1000,0,-5.30899526855588e-06,0.0166928060863722,0.527872877724575,0.0118095026089367,0.530088261729177,1.00419681347174,0.0224657590662729,0.000167885171356939,1,0,2.06078848586443,"05_rr_to_or",1000
0.75,100,0.3,0.05,0.5,"metaumbrella","sample",1000,1000,0,0,0.0154700527171425,0.489206021090468,0.0109444527767342,0.471009404391467,0.962803776089183,0.0215397194768394,0,1,0,1.84121998979291,"05_rr_to_or",1000
1,100,0.3,0.05,0.5,"metaumbrella","sample",1000,1000,0,0,0.0140985562755224,0.445835495507112,0.00997417308129811,0.445565605349681,0.999394641835046,0.0223583255138681,0,1,0,1.74437391272676,"05_rr_to_or",1000
2,100,0.3,0.05,0.5,"metaumbrella","sample",1000,1000,0,0,0.0141829950146574,0.448505682891307,0.0100339101623467,0.429371186281368,0.957337225948647,0.0214174225359077,0,1,0,1.68152330858061,"05_rr_to_or",1000
0.25,300,0.3,0.05,0.5,"metaumbrella","sample",1000,1000,0,0,0.0119555016406736,0.378066157544084,0.0084580463635737,0.368995716203253,0.976008322459349,0.0218351298519291,0,1,0,1.43565449826966,"05_rr_to_or",1000
0.5,300,0.3,0.05,0.5,"metaumbrella","sample",1000,1000,0,-2.06192872027359e-05,0.00931760750715522,0.294648620660941,0.00659184019723503,0.293689527946437,0.996744961125721,0.0222990472054532,0.000652039112898074,1,0,1.14952833254236,"05_rr_to_or",1000
0.75,300,0.3,0.05,0.5,"metaumbrella","sample",1000,1000,0,-8.24771488109435e-05,0.00847794401499377,0.26809612962773,0.00599781135930317,0.266457795383264,0.993889004489767,0.0222351541191315,0.00130407822579615,1,0,1.04384307067572,"05_rr_to_or",1000
1,300,0.3,0.05,0.5,"metaumbrella","sample",1000,1000,0,0,0.00828674421732447,0.262049861139747,0.00586254503573118,0.253611661375317,0.967799258783311,0.0216514777588021,0,1,0,0.99378505286429,"05_rr_to_or",1000
2,300,0.3,0.05,0.5,"metaumbrella","sample",1000,1000,0,0,0.00777704648983874,0.245931803769079,0.00550195397564416,0.244991859347971,0.996178028190324,0.0222863638563701,0,1,0,0.960127309043122,"05_rr_to_or",1000
0.25,50,0.5,0.05,0.5,"metaumbrella","sample",1000,1000,0,2.82319362670811e-05,0.0246836559154848,0.780565736728205,0.0174627140232577,0.819179661663672,1.0494691518197,0.023478585866804,0.00113450347110737,1,0,3.12404513574982,"05_rr_to_or",1000
0.5,50,0.5,0.05,0.5,"metaumbrella","sample",1000,1000,0,6.87866086965796e-05,0.0209029731014792,0.661010048699082,0.0147880298913902,0.643324887400898,0.973245245918743,0.0217733146668875,0.00212975625069254,1,0,2.50416781494311,"05_rr_to_or",1000
0.75,50,0.5,0.05,0.5,"metaumbrella","sample",1000,1000,0,0,0.0191995822140396,0.607144099200236,0.0135829479521901,0.59019638257971,0.972086170905966,0.0217473839931118,0,1,0,2.31152183638473,"05_rr_to_or",1000
1,50,0.5,0.05,0.5,"metaumbrella","sample",1000,1000,0,0,0.0188854343189278,0.597209870493226,0.0133607006938371,0.578569514993151,0.968787596419529,0.0216735887184403,0,1,0,2.26729478486746,"05_rr_to_or",1000
0.25,100,0.5,0.05,0.5,"metaumbrella","sample",1000,1000,0,1.62147589800998e-06,0.0179207483868603,0.566703822772669,0.0126782234055604,0.546301444752559,0.963998164119859,0.0215664401688082,5.12755700877843e-05,1,0,2.11123368748022,"05_rr_to_or",1000
0.5,100,0.5,0.05,0.5,"metaumbrella","sample",1000,1000,0,0,0.0142457640678526,0.450490614637997,0.0100783167943793,0.441896690253059,0.980923188839696,0.0219450845963204,0,1,0,1.72885168153902,"05_rr_to_or",1000
0.75,100,0.5,0.05,0.5,"metaumbrella","sample",1000,1000,0,0,0.0130091387591515,0.411385088760953,0.00920345311155575,0.411392231287459,1.00001736214243,0.0223722569307017,0,1,0,1.61217044178294,"05_rr_to_or",1000
1,100,0.5,0.05,0.5,"metaumbrella","sample",1000,1000,0,0,0.0124998030532145,0.395278479516846,0.00884311816745079,0.404097626604523,1.02231122498361,0.0228710122987004,0,1,0,1.58393899259912,"05_rr_to_or",1000
0.25,300,0.5,0.05,0.5,"metaumbrella","sample",1000,1000,0,0,0.00981184012287723,0.310277628257184,0.00694149030007518,0.300908158705312,0.96980294839657,0.0216963040393591,0,1,0,1.1762426251553,"05_rr_to_or",1000
0.5,300,0.5,0.05,0.5,"metaumbrella","sample",1000,1000,0,0,0.00809112131196672,0.255863721705446,0.00572414953774021,0.250540087040773,0.979193476006723,0.021906387688266,0,1,0,0.981679126355901,"05_rr_to_or",1000
0.75,300,0.5,0.05,0.5,"metaumbrella","sample",1000,1000,0,0,0.00759450406093924,0.240159305319662,0.00537281239937616,0.235660861278876,0.981268916335352,0.0219528191663925,0,1,0,0.923707994093541,"05_rr_to_or",1000
1,300,0.5,0.05,0.5,"metaumbrella","sample",1000,1000,0,0,0.00729504373382865,0.230689538294377,0.00516095601669328,0.231721720714481,1.0044743356276,0.0224719677554515,0,1,0,0.908326326831829,"05_rr_to_or",1000
0.25,50,0.01,0.15,0.5,"metaumbrella","sample",1000,1000,0,-0.00195465259174785,0.0196723456773331,0.622094192585403,0.0139174094755724,1.63573320086411,2.62939795992317,0.0588245454123279,0.00636908212955008,1,0,6.40873001641313,"05_rr_to_or",1000
0.5,50,0.01,0.15,0.5,"metaumbrella","sample",1000,1000,0,-0.00133873120953764,0.0204841846439505,0.647766794863287,0.0144917535579692,1.6313991767393,2.51849769033562,0.0563434991637095,0.00654552630425405,1,0,6.39094587891372,"05_rr_to_or",1000
0.75,50,0.01,0.15,0.5,"metaumbrella","sample",1000,1000,0,-0.000717210234364813,0.0211491398621567,0.668794525178746,0.0149621831755901,1.62608577080926,2.43136824479037,0.0543942506648717,0.00668955930848788,1,0,6.36881827751694,"05_rr_to_or",1000
1,50,0.01,0.15,0.5,"metaumbrella","sample",1000,1000,0,-0.000152051767175055,0.023044192742221,0.728721359053397,0.0163028584230827,1.61925745270213,2.22205295972871,0.0497114766309389,0.00715743092858612,1,0,6.34133494933823,"05_rr_to_or",1000
2,50,0.01,0.15,0.5,"metaumbrella","sample",1000,1000,0,0.00240344636575962,0.0258678497688824,0.818013234407286,0.0183004845172553,1.60022346909746,1.95623175981614,0.0437645597000864,0.00811001563703178,1,0,6.26290151685189,"05_rr_to_or",1000
0.25,100,0.01,0.15,0.5,"metaumbrella","sample",1000,1000,0,-0.00191585599408217,0.0236616889013748,0.748248302146716,0.0167397126263127,1.59617418396849,2.13321457514715,0.0477239959726942,0.0043709246476651,1,0,6.25014066133794,"05_rr_to_or",1000
0.5,100,0.01,0.15,0.5,"metaumbrella","sample",1000,1000,0,-0.00119278314322759,0.0257300335628413,0.813655103311558,0.0182029849814448,1.58495940938883,1.94794993964652,0.0435792799082518,0.00436599587250328,1,0,6.20349157965958,"05_rr_to_or",1000
0.75,100,0.01,0.15,0.5,"metaumbrella","sample",1000,1000,0,-0.000503309443731339,0.0276894850092014,0.875618398661648,0.0195892196772857,1.57173689869328,1.79500213916888,0.0401575518275106,0.0045016077398031,1,0,6.14838735853904,"05_rr_to_or",1000
1,100,0.01,0.15,0.5,"metaumbrella","sample",1000,1000,0,0.000108960350210942,0.0277875943739941,0.878720889187021,0.019658628187364,1.55950028922663,1.77473906494866,0.0397042289955056,0.00446893046226754,1,0,6.09587550575461,"05_rr_to_or",1000
2,100,0.01,0.15,0.5,"metaumbrella","sample",1000,1000,0,0.00184409035611657,0.0321178673173845,1.01565614310017,0.0227221256819001,1.51853970079105,1.49513170486607,0.033448889902111,0.00507543594656701,1,0,5.92608614747896,"05_rr_to_or",1000
0.25,300,0.01,0.15,0.5,"metaumbrella","sample",1000,1000,0,-0.001157730760135,0.0297215018085834,0.939876411959373,0.0210267915013121,1.48447656718319,1.57943804982666,0.0353349803658865,0.00193048389467629,1,0,5.78735858861385,"05_rr_to_or",1000
0.5,300,0.01,0.15,0.5,"metaumbrella","sample",1000,1000,0,-0.0005137624550938,0.0329531910558144,1.04207139907062,0.0233130843150533,1.42408611028683,1.36659168609455,0.0305732095042501,0.00168105706865694,1,0,5.52581176360294,"05_rr_to_or",1000
0.75,300,0.01,0.15,0.5,"metaumbrella","sample",1000,1000,0,-0.000228111677000524,0.0335159988074245,1.05986894286949,0.0237112486246714,1.36816159440114,1.29087808790489,0.0288793548413489,0.00151956406818556,1,0,5.29059667787285,"05_rr_to_or",1000
1,300,0.01,0.15,0.5,"metaumbrella","sample",1000,1000,0,-3.80708750666798e-05,0.0343163111765998,1.08517704213148,0.0242774380935262,1.32342321678352,1.21954590394217,0.0272835206014082,0.00146144354961379,1,0,5.10021460121652,"05_rr_to_or",1000
2,300,0.01,0.15,0.5,"metaumbrella","sample",1000,1000,0,0.000470158410196349,0.0327065421674966,1.0342716763763,0.0231385899445437,1.19197921077139,1.15248172989484,0.0257831697180819,0.00135534333395404,1,0,4.55321255935891,"05_rr_to_or",1000
0.25,50,0.05,0.15,0.5,"metaumbrella","sample",1000,1000,0,-0.0056557150319298,0.0297828930824202,0.941817774497209,0.0210702234087333,1.53639168954531,1.63130462298348,0.0364953325204664,0.00981454452540557,1,0,5.99935783749269,"05_rr_to_or",1000
0.5,50,0.05,0.15,0.5,"metaumbrella","sample",1000,1000,0,-0.00341635198225853,0.0333409277277451,1.05433270922737,0.0235873927336052,1.48922441152207,1.41248051823546,0.0315998284228524,0.0092099529064001,1,0,5.79899424584773,"05_rr_to_or",1000
0.75,50,0.05,0.15,0.5,"metaumbrella","sample",1000,1000,0,-0.00147723070281765,0.0352825305537448,1.11573158164315,0.0249610002337775,1.44468798515611,1.2948347155581,0.0289678719949383,0.00861192767677845,1,0,5.60581102110059,"05_rr_to_or",1000
1,50,0.05,0.15,0.5,"metaumbrella","sample",1000,1000,0,-5.45456401177584e-05,0.0345196717760135,1.09160786893632,0.0244213077051963,1.41037313109483,1.29201444147624,0.0289047771940248,0.00797037528053702,1,0,5.46159849515831,"05_rr_to_or",1000
2,50,0.05,0.15,0.5,"metaumbrella","sample",1000,1000,0,0.00294023141118979,0.0335605101272209,1.06127651439165,0.0237427386296797,1.28901178665166,1.2145861791642,0.0271725622908441,0.0073180150887193,1,0,4.96162983576347,"05_rr_to_or",1000
0.25,100,0.05,0.15,0.5,"metaumbrella","sample",1000,1000,0,-0.00316666149089495,0.0311918538444372,0.98637302591501,0.0220670076347546,1.3841580681779,1.40328053567146,0.0313940076226627,0.00529559626117271,1,0,5.36185751283937,"05_rr_to_or",1000
0.5,100,0.05,0.15,0.5,"metaumbrella","sample",1000,1000,0,-0.00146428277509868,0.0330883940986278,1.04634689468938,0.0234087351408389,1.27280255887838,1.21642503584457,0.0272137009507006,0.00410535025214358,1,0,4.88774688642536,"05_rr_to_or",1000
0.75,100,0.05,0.15,0.5,"metaumbrella","sample",1000,1000,0,-0.00040070116289357,0.033519430566297,1.05997746461366,0.0237136764588623,1.17827412377232,1.11160299450495,0.0248686360252014,0.0032545691259775,1,0,4.50034562137814,"05_rr_to_or",1000
1,100,0.05,0.15,0.5,"metaumbrella","sample",1000,1000,0,-2.78858451739865e-05,0.0333192164819576,1.05364613935209,0.0235720328826344,1.10536347412268,1.04908415912993,0.0234699728609721,0.00280908731295258,1,0,4.2126305446612,"05_rr_to_or",1000
2,100,0.05,0.15,0.5,"metaumbrella","sample",1000,1000,0,0.000591916514647881,0.0293680375846145,0.928698891768118,0.0207767294893575,0.967229121012387,1.04148839800047,0.0233000414917722,0.00222743435078702,1,0,3.67365951217047,"05_rr_to_or",1000
0.25,300,0.05,0.15,0.5,"metaumbrella","sample",1000,1000,0,-0.000464008645654732,0.0258168577126281,0.816400724003894,0.0182644096465442,0.991705882418506,1.21472930297619,0.027175764237946,0.00116016570332878,1,0,3.73107399795276,"05_rr_to_or",1000
0.5,300,0.05,0.15,0.5,"metaumbrella","sample",1000,1000,0,-7.83718915617995e-05,0.0244853335654016,0.774294233356406,0.0173224087744817,0.76084631169152,0.982632026579105,0.0219833144895265,0.000492749835075076,1,0,2.88021239766951,"05_rr_to_or",1000
0.75,300,0.05,0.15,0.5,"metaumbrella","sample",1000,1000,0,-1.16801655539494e-05,0.0207589721065301,0.656456337405386,0.0146861548611082,0.630812460915597,0.96093589926918,0.0214979315822348,0.000184679827206903,1,0,2.42336005085192,"05_rr_to_or",1000
1,300,0.05,0.15,0.5,"metaumbrella","sample",1000,1000,0,0,0.0189559574207079,0.599440006786075,0.0134105930097337,0.575559479854324,0.960161940041694,0.0214806166681676,0,1,0,2.22703173985967,"05_rr_to_or",1000
2,300,0.05,0.15,0.5,"metaumbrella","sample",1000,1000,0,0,0.0166853442142287,0.527636912608752,0.0118042236283932,0.49175066213674,0.931986846229954,0.0208502871742352,0,1,0,1.9036494724207,"05_rr_to_or",1000
0.25,50,0.15,0.15,0.5,"metaumbrella","sample",1000,1000,0,-0.00452290867717567,0.0292182463664525,0.923962077539288,0.0206707581042874,1.27446027512105,1.37934262249725,0.0308584717767941,0.00790148355233253,1,0,4.90270552629132,"05_rr_to_or",1000
0.5,50,0.15,0.15,0.5,"metaumbrella","sample",1000,1000,0,-0.00163000364332693,0.0309846871473562,0.97982183973391,0.0219204453589453,1.11194382789025,1.13484286918142,0.0253885554455855,0.00519558119689831,1,0,4.24341629735562,"05_rr_to_or",1000
0.75,50,0.15,0.15,0.5,"metaumbrella","sample",1000,1000,0,-0.000530606006884412,0.0315571036468615,0.997923238820881,0.0223254074791142,0.994273453089794,0.99634261876154,0.0222900460549869,0.0033653137011038,1,0,3.79603753341566,"05_rr_to_or",1000
1,50,0.15,0.15,0.5,"metaumbrella","sample",1000,1000,0,-7.76612753238155e-05,0.0291506525171156,0.921824572342059,0.0206229381190817,0.914798128854375,0.992377678249743,0.0222013429272183,0.00238075515726627,1,0,3.50399600029785,"05_rr_to_or",1000
2,50,0.15,0.15,0.5,"metaumbrella","sample",1000,1000,0,0.000150775502836449,0.0263080486920407,0.831933546614624,0.0186119079115361,0.793299944001151,0.953561672358707,0.0213329563474519,0.00129800178333669,1,0,3.04544766934635,"05_rr_to_or",1000
0.25,100,0.15,0.15,0.5,"metaumbrella","sample",1000,1000,0,-0.000931970271256363,0.0269609866354894,0.852581257335062,0.0190738357807471,0.983333454603933,1.15336039367974,0.0258028270687395,0.00263389382298013,1,0,3.72059479496102,"05_rr_to_or",1000
0.5,100,0.15,0.15,0.5,"metaumbrella","sample",1000,1000,0,-0.000192916272286214,0.024432715604193,0.772630307323869,0.0172851836400762,0.770177698611403,0.996825637450127,0.0223008520855744,0.00117839880124287,1,0,2.92998814301341,"05_rr_to_or",1000
0.75,100,0.15,0.15,0.5,"metaumbrella","sample",1000,1000,0,-3.36999673633573e-05,0.0226371803586893,0.715850497374856,0.0160149131980368,0.662642060567105,0.925671020690948,0.0207089903557625,0.000479790608862036,1,0,2.54955927013887,"05_rr_to_or",1000
1,100,0.15,0.15,0.5,"metaumbrella","sample",1000,1000,0,0,0.0191189083720952,0.604592968318828,0.0135258743875667,0.595208530691511,0.98447809002243,0.0220246143781364,0,1,0,2.31512169490356,"05_rr_to_or",1000
2,100,0.15,0.15,0.5,"metaumbrella","sample",1000,1000,0,0,0.0170467630363904,0.539065979281616,0.0120599132051578,0.526850346232595,0.97733926176291,0.0218649054510194,0,1,0,2.04839232859035,"05_rr_to_or",1000
0.25,300,0.15,0.15,0.5,"metaumbrella","sample",1000,1000,0,-1.06228369833072e-05,0.0174914242538267,0.553127401624035,0.0123744934968257,0.536436249391549,0.969824036589982,0.0216967758216491,0.000168207744958699,1,0,2.04646782787814,"05_rr_to_or",1000
0.5,300,0.15,0.15,0.5,"metaumbrella","sample",1000,1000,0,0,0.0128415011496783,0.406083922086544,0.00908485610778146,0.398006829749244,0.980109795296013,0.0219268874629166,0,1,0,1.55109517455076,"05_rr_to_or",1000
0.75,300,0.15,0.15,0.5,"metaumbrella","sample",1000,1000,0,0,0.0112533878348365,0.35586336951314,0.00796132850925366,0.352384348570826,0.990223717189342,0.0221531547936055,0,1,0,1.37738206215708,"05_rr_to_or",1000
1,300,0.15,0.15,0.5,"metaumbrella","sample",1000,1000,0,0,0.0104165955178468,0.32940167301097,0.00736933091463143,0.328372014645155,0.996874155627678,0.0223019375278628,0,1,0,1.28490163134425,"05_rr_to_or",1000
2,300,0.15,0.15,0.5,"metaumbrella","sample",1000,1000,0,0,0.00932470446805114,0.294873046269904,0.00659686101744838,0.293010204650906,0.99368256392857,0.0222305356580419,0,1,0,1.1467862687241,"05_rr_to_or",1000
0.25,50,0.3,0.15,0.5,"metaumbrella","sample",1000,1000,0,-0.0016111646827442,0.0283741902900626,0.897270680796316,0.0200736216860819,1.04640409114484,1.16620782729262,0.0260902481641811,0.00416621015598829,1,0,3.97387216706506,"05_rr_to_or",1000
0.5,50,0.3,0.15,0.5,"metaumbrella","sample",1000,1000,0,-0.000129303400896711,0.0262292522994806,0.829441785895677,0.0185561625683806,0.792301769141917,0.955222877138201,0.0213701206023422,0.00116167338496787,1,0,3.04407072235951,"05_rr_to_or",1000
0.75,50,0.3,0.15,0.5,"metaumbrella","sample",1000,1000,0,-1.680468519631e-05,0.022797971556172,0.720935161492369,0.0161286666350768,0.6945455964179,0.963395369675352,0.0215529545307589,0.000377390440295623,1,0,2.6939336060675,"05_rr_to_or",1000
1,50,0.3,0.15,0.5,"metaumbrella","sample",1000,1000,0,0,0.0219599426854275,0.694434361727055,0.0155357942273933,0.650721481133294,0.937052538003667,0.0209636161644944,0,1,0,2.53846965365695,"05_rr_to_or",1000
2,50,0.3,0.15,0.5,"metaumbrella","sample",1000,1000,0,0,0.0205887957605364,0.651074888833138,0.0145657618012719,0.622192408916732,0.955638774568362,0.0213794250049622,0,1,0,2.43119010085031,"05_rr_to_or",1000
0.25,100,0.3,0.15,0.5,"metaumbrella","sample",1000,1000,0,-0.000121540916375621,0.023078351677212,0.729801559423568,0.0163270245237255,0.711658657124745,0.975139951313405,0.0218157027668367,0.000810057668973975,1,0,2.69168127402215,"05_rr_to_or",1000
0.5,100,0.3,0.15,0.5,"metaumbrella","sample",1000,1000,0,0,0.0165206340396456,0.522428319553885,0.0116876976694626,0.528078408488837,1.01081505102897,0.0226138214066521,0,1,0,2.05344379790519,"05_rr_to_or",1000
0.75,100,0.3,0.15,0.5,"metaumbrella","sample",1000,1000,0,0,0.0145080277356804,0.458784120016453,0.0102638580061693,0.469929797036035,1.02429394683317,0.0229153694912051,0,1,0,1.83725736262666,"05_rr_to_or",1000
1,100,0.3,0.15,0.5,"metaumbrella","sample",1000,1000,0,0,0.0143341442716418,0.453285442078435,0.0101408423063769,0.445360939078223,0.982517631795374,0.0219807552644669,0,1,0,1.74318376043122,"05_rr_to_or",1000
2,100,0.3,0.15,0.5,"metaumbrella","sample",1000,1000,0,0,0.013946054572111,0.441012968208758,0.00986628413470727,0.429271101514654,0.973375234878477,0.0217762227628021,0,1,0,1.68133457109281,"05_rr_to_or",1000
0.25,300,0.3,0.15,0.5,"metaumbrella","sample",1000,1000,0,0,0.0120089714393679,0.379757021043132,0.00849587413943792,0.370215653932152,0.97487507384387,0.0218097769629178,0,1,0,1.44198721231506,"05_rr_to_or",1000
0.5,300,0.3,0.15,0.5,"metaumbrella","sample",1000,1000,0,-2.06192872027359e-05,0.00944999780805494,0.298835169570523,0.00668550111893887,0.293539090778027,0.982277592024703,0.021975385126281,0.000652039112898074,1,0,1.14890992609585,"05_rr_to_or",1000
0.75,300,0.3,0.15,0.5,"metaumbrella","sample",1000,1000,0,-0.000185573584824623,0.00824020779623749,0.260578250291871,0.00582962235134883,0.267185981104041,1.02535795218814,0.0229391732790974,0.00195611733869422,1,0,1.04663596005447,"05_rr_to_or",1000
1,300,0.3,0.15,0.5,"metaumbrella","sample",1000,1000,0,0,0.00823208228137579,0.260321298950626,0.00582387386972976,0.253379449405682,0.973333532166109,0.0217752897952046,0,1,0,0.992877489963135,"05_rr_to_or",1000
2,300,0.3,0.15,0.5,"metaumbrella","sample",1000,1000,0,0,0.00792227393048677,0.250524298681127,0.00560469666793616,0.245196479591726,0.978733324003107,0.0218960932281478,0,1,0,0.96091567369989,"05_rr_to_or",1000
0.25,50,0.5,0.15,0.5,"metaumbrella","sample",1000,1000,0,-3.78835159073532e-06,0.0245385723410323,0.775977791264723,0.0173600731106308,0.817782594683042,1.05387371119241,0.0235771240899221,0.00140267389438484,1,0,3.12190734808333,"05_rr_to_or",1000
0.5,50,0.5,0.15,0.5,"metaumbrella","sample",1000,1000,0,0,0.0198395603451985,0.627381984671837,0.0140357072648232,0.6355790886242,1.01306557113949,0.0226641697466374,0,1,0,2.48078963355851,"05_rr_to_or",1000
0.75,50,0.5,0.15,0.5,"metaumbrella","sample",1000,1000,0,0,0.0193428461196683,0.611674501683017,0.0136843015208192,0.590952373136649,0.966122294636524,0.021613960937419,0,1,0,2.31389597358378,"05_rr_to_or",1000
1,50,0.5,0.15,0.5,"metaumbrella","sample",1000,1000,0,0,0.0189854313589327,0.600372054550131,0.0134314446597535,0.578536941459908,0.963630697123996,0.021558219245496,0,1,0,2.26714527641071,"05_rr_to_or",1000
0.25,100,0.5,0.15,0.5,"metaumbrella","sample",1000,1000,0,-5.73947383867379e-06,0.0183362602041108,0.579843460144942,0.0129721816450843,0.550991568091275,0.950241929008815,0.0212586874857507,0.000158120451151945,1,0,2.12227392788432,"05_rr_to_or",1000
0.5,100,0.5,0.15,0.5,"metaumbrella","sample",1000,1000,0,0,0.0138821424395215,0.438991889117742,0.00982106881904053,0.439914365181549,1.00210135104241,0.0224188796563423,0,1,0,1.72184498537915,"05_rr_to_or",1000
0.75,100,0.5,0.15,0.5,"metaumbrella","sample",1000,1000,0,0,0.0134901936978632,0.42659738162097,0.00954378052711207,0.411968619594556,0.96570827047548,0.0216046984433294,0,1,0,1.61440219410611,"05_rr_to_or",1000
1,100,0.5,0.15,0.5,"metaumbrella","sample",1000,1000,0,0,0.0132486826058791,0.418960130312329,0.00937292094507922,0.404352896323253,0.965134548773921,0.0215918632168624,0,1,0,1.58494091577247,"05_rr_to_or",1000
0.25,300,0.5,0.15,0.5,"metaumbrella","sample",1000,1000,0,0,0.00978783869553391,0.309518636482185,0.0069245102358869,0.300027292431083,0.969335145182289,0.0216858384073619,0,1,0,1.17305358548566,"05_rr_to_or",1000
0.5,300,0.5,0.15,0.5,"metaumbrella","sample",1000,1000,0,0,0.00799456411587413,0.252810315064125,0.00565583912586177,0.250943922004193,0.992617417293835,0.0222067063375888,0,1,0,0.983314124265568,"05_rr_to_or",1000
0.75,300,0.5,0.15,0.5,"metaumbrella","sample",1000,1000,0,0,0.00724603690081928,0.229139806162165,0.00512628561321017,0.235659394495746,1.02845244762478,0.0230084029241018,0,1,0,0.92370594031724,"05_rr_to_or",1000
1,300,0.5,0.15,0.5,"metaumbrella","sample",1000,1000,0,0,0.0076007784789362,0.240357719838285,0.00537725130289671,0.231755391319723,0.964210309016286,0.0215711862465355,0,1,0,0.908457736854174,"05_rr_to_or",1000
0.25,50,0.01,0.3,0.5,"metaumbrella","sample",1000,1000,0,-0.00204393892054744,0.0184605995319513,0.583775414932045,0.0130601468205574,1.6368626459189,2.80392528368026,0.0627290477503237,0.00620061150107199,1,0,6.41352798827194,"05_rr_to_or",1000
0.5,50,0.01,0.3,0.5,"metaumbrella","sample",1000,1000,0,-0.00133013229416672,0.0200925561041967,0.63538241303981,0.0142146917962722,1.63305959340973,2.57019955210407,0.0575001664167674,0.0063864037812514,1,0,6.3976397102858,"05_rr_to_or",1000
0.75,50,0.01,0.3,0.5,"metaumbrella","sample",1000,1000,0,-0.000543489473372424,0.0225957715661791,0.714541036379959,0.0159856181088438,1.6251576099027,2.2744076647244,0.0508827492068324,0.0069343927022129,1,0,6.36508777315181,"05_rr_to_or",1000
1,50,0.01,0.3,0.5,"metaumbrella","sample",1000,1000,0,0.000153519318642426,0.0230855212192979,0.730028280251288,0.0163320966922711,1.61987797398476,2.21892496195788,0.0496414974761192,0.00712001080017979,1,0,6.34323831878792,"05_rr_to_or",1000
2,50,0.01,0.3,0.5,"metaumbrella","sample",1000,1000,0,0.00237803433518848,0.0269481083246202,0.852174009387439,0.0190647248832131,1.59480451242011,1.8714540631983,0.0418679242190143,0.00823444048634821,1,0,6.24122794903905,"05_rr_to_or",1000
0.25,100,0.01,0.3,0.5,"metaumbrella","sample",1000,1000,0,-0.00188004778919358,0.0228580963628091,0.722836474820871,0.0161712025668529,1.59681503537005,2.20909582041466,0.0494216012139764,0.0041756863265543,1,0,6.25244391093417,"05_rr_to_or",1000
0.5,100,0.01,0.3,0.5,"metaumbrella","sample",1000,1000,0,-0.00115574146316451,0.0256848513322366,0.812226315726779,0.0181710203334735,1.5865708968171,1.95336061648956,0.0437003268591188,0.00435054440199887,1,0,6.20962916227695,"05_rr_to_or",1000
0.75,100,0.01,0.3,0.5,"metaumbrella","sample",1000,1000,0,-0.000463799671326532,0.0279342298992067,0.883357911642689,0.0197623670440069,1.57364937369113,1.78144028932143,0.0398541479060101,0.00449832279471761,1,0,6.1557525924443,"05_rr_to_or",1000
1,100,0.01,0.3,0.5,"metaumbrella","sample",1000,1000,0,0.000116934122016807,0.02803758014724,0.886626133447974,0.0198354832724869,1.5625610680619,1.76236748400964,0.0394274536135125,0.00444336137371149,1,0,6.10890609834135,"05_rr_to_or",1000
2,100,0.01,0.3,0.5,"metaumbrella","sample",1000,1000,0,0.00167749184691965,0.0302232723709126,0.955743790357211,0.0213817744043815,1.51084076284349,1.58080102438208,0.0353654726534188,0.00479400559631253,1,0,5.89067988245002,"05_rr_to_or",1000
0.25,300,0.01,0.3,0.5,"metaumbrella","sample",1000,1000,0,-0.00118145969297552,0.0297863087023552,0.941925785883368,0.0210726398252617,1.47129743784181,1.5620099373986,0.0349450809263183,0.00192834823151585,1,0,5.73312119292879,"05_rr_to_or",1000
0.5,300,0.01,0.3,0.5,"metaumbrella","sample",1000,1000,0,-0.000673773699933388,0.0329715781172873,1.04265284900794,0.0233260924365944,1.430771637151,1.3722416224272,0.0306996091369577,0.00176461945308907,1,0,5.55496067923329,"05_rr_to_or",1000
0.75,300,0.01,0.3,0.5,"metaumbrella","sample",1000,1000,0,-0.000328530545881072,0.034412907269246,1.08823167878983,0.0243457760231838,1.36900817413062,1.25801169072107,0.0281440721252492,0.00156950569558514,1,0,5.29587105341527,"05_rr_to_or",1000
1,300,0.01,0.3,0.5,"metaumbrella","sample",1000,1000,0,-2.6768681949521e-05,0.0340060105484108,1.0753644746869,0.0240579126249387,1.32033428499025,1.2278016580143,0.0274682172459372,0.00145348892463274,1,0,5.08633440853867,"05_rr_to_or",1000
2,300,0.01,0.3,0.5,"metaumbrella","sample",1000,1000,0,0.000428333593209689,0.0327491685618899,1.03561964132353,0.0231687464390954,1.18838037017121,1.1475065967776,0.0256718666941776,0.00132646687484718,1,0,4.54145863692669,"05_rr_to_or",1000
0.25,50,0.05,0.3,0.5,"metaumbrella","sample",1000,1000,0,-0.00542503339468896,0.0310583274052699,0.982150549158802,0.0219725429399903,1.53913313913919,1.56710510466795,0.03505906933849,0.00982817989433506,1,0,6.01313710976731,"05_rr_to_or",1000
0.5,50,0.05,0.3,0.5,"metaumbrella","sample",1000,1000,0,-0.00342742741594733,0.0332653076843354,1.05194139348801,0.0235338945323253,1.48778575592839,1.41432380657178,0.0316410662271333,0.0091339075405202,1,0,5.79187941590448,"05_rr_to_or",1000
0.75,50,0.05,0.3,0.5,"metaumbrella","sample",1000,1000,0,-0.00123013914052673,0.0350259134429529,1.10761663607641,0.0247794537386158,1.44973617609797,1.30887901903809,0.0292820693056669,0.00865061648657092,1,0,5.63073255383483,"05_rr_to_or",1000
1,50,0.05,0.3,0.5,"metaumbrella","sample",1000,1000,0,3.03504501831129e-05,0.0357611216851329,1.13086596207459,0.0252995846027264,1.40089153386746,1.23877769855015,0.0277137717815343,0.00815123581324643,1,0,5.42481920382979,"05_rr_to_or",1000
2,50,0.05,0.3,0.5,"metaumbrella","sample",1000,1000,0,0.00276353916301313,0.0343329945806472,1.08570461769063,0.024289240944563,1.29155578362446,1.18960144645207,0.0266136071359223,0.00725168832147638,1,0,4.97548011987835,"05_rr_to_or",1000
0.25,100,0.05,0.3,0.5,"metaumbrella","sample",1000,1000,0,-0.00333696827625258,0.0300245063462688,0.949458256763897,0.0212411552733347,1.39023372296132,1.46423890998615,0.0327577603572395,0.00529662881290065,1,0,5.38672960613925,"05_rr_to_or",1000
0.5,100,0.05,0.3,0.5,"metaumbrella","sample",1000,1000,0,-0.00132264260421797,0.0342972902286388,1.08457554694336,0.0242639815222699,1.28012815779425,1.18030335590915,0.0264055914769287,0.00416712746356341,1,0,4.92142199054301,"05_rr_to_or",1000
0.75,100,0.05,0.3,0.5,"metaumbrella","sample",1000,1000,0,-0.000646060819881239,0.0336519932304983,1.06416946412942,0.0238074593208109,1.18661517321111,1.11506222759536,0.0249460255330355,0.0033890429339858,1,0,4.53239032130475,"05_rr_to_or",1000
1,100,0.05,0.3,0.5,"metaumbrella","sample",1000,1000,0,7.36180479871302e-05,0.0326846405626086,1.03357908681771,0.0231230954220095,1.11761173689252,1.08130258356285,0.0241907592158926,0.002892078489384,1,0,4.25299588373982,"05_rr_to_or",1000
2,100,0.05,0.3,0.5,"metaumbrella","sample",1000,1000,0,0.000432795836131922,0.0290178323596748,0.917624430175107,0.0205289730908114,0.951495131520469,1.0369112898824,0.0231976430308118,0.00206540141558868,1,0,3.61387032739805,"05_rr_to_or",1000
0.25,300,0.05,0.3,0.5,"metaumbrella","sample",1000,1000,0,-0.000403191667474086,0.0253845952431545,0.802731384498439,0.0179586009805488,0.97113615188664,1.20978968885516,0.0270652558403544,0.00108157752053935,1,0,3.66346035228746,"05_rr_to_or",1000
0.5,300,0.05,0.3,0.5,"metaumbrella","sample",1000,1000,0,-4.90414054929689e-05,0.023140480529572,0.73176624624227,0.0163709782388912,0.734445170554189,1.0036609017233,0.0224537697191053,0.000397888352604371,1,0,2.78985482118979,"05_rr_to_or",1000
0.75,300,0.05,0.3,0.5,"metaumbrella","sample",1000,1000,0,-8.7742146486427e-06,0.0207875881279137,0.657361255456829,0.0147063995687648,0.633301627606303,0.963399686776784,0.0215530511123844,0.000160194514415432,1,0,2.43425464325165,"05_rr_to_or",1000
1,300,0.05,0.3,0.5,"metaumbrella","sample",1000,1000,0,2.90121650642927e-06,0.0185885306066297,0.587820950727012,0.0131506530154033,0.575090656395636,0.978343244970035,0.0218873664313126,9.17445214559304e-05,1,0,2.22013646766864,"05_rr_to_or",1000
2,300,0.05,0.3,0.5,"metaumbrella","sample",1000,1000,0,0,0.0165433167616638,0.523145610204986,0.0117037448015904,0.494964178623886,0.946130807501076,0.0211667140159627,0,1,0,1.91697217711598,"05_rr_to_or",1000
0.25,50,0.15,0.3,0.5,"metaumbrella","sample",1000,1000,0,-0.00522297723427392,0.0304503812660123,0.962925604211203,0.0215424449995657,1.30174209997547,1.3518615501369,0.0302436688395133,0.00847487598831935,1,0,5.01419258487502,"05_rr_to_or",1000
0.5,50,0.15,0.3,0.5,"metaumbrella","sample",1000,1000,0,-0.0016643682727488,0.0321868832000508,1.0178386169397,0.0227709516996581,1.11486051827366,1.09532149765124,0.0245043885184909,0.00510186584172184,1,0,4.25867620230374,"05_rr_to_or",1000
0.75,50,0.15,0.3,0.5,"metaumbrella","sample",1000,1000,0,-0.000419755827787322,0.0320725011705866,1.0142215395747,0.0226900309204684,1.00938358907409,0.995229887838268,0.0222651521850876,0.00380549847814956,1,0,3.84736741083978,"05_rr_to_or",1000
1,50,0.15,0.3,0.5,"metaumbrella","sample",1000,1000,0,-5.87799208128537e-05,0.0292236135321482,0.924131802221066,0.0206745551625506,0.904475786930169,0.978730290155954,0.0218960253553183,0.00220493666873042,1,0,3.46561807872957,"05_rr_to_or",1000
2,50,0.15,0.3,0.5,"metaumbrella","sample",1000,1000,0,0.000166535196040933,0.0242861968135538,0.767996976339538,0.0171815273685448,0.78606218925344,1.02352250525777,0.0228981109017195,0.00134411797460116,1,0,3.01686730625307,"05_rr_to_or",1000
0.25,100,0.15,0.3,0.5,"metaumbrella","sample",1000,1000,0,-0.0011457228718774,0.0265541007693397,0.83971439648743,0.0187859800617643,1.00634316080939,1.19843504531895,0.0268112312482169,0.00291365063897269,1,0,3.80291202109413,"05_rr_to_or",1000
0.5,100,0.15,0.3,0.5,"metaumbrella","sample",1000,1000,0,-0.000162005027892074,0.0241680012862607,0.76425930558463,0.017097908689893,0.755328666509426,0.988314647908183,0.0221104453466765,0.00109377780884408,1,0,2.87474565939043,"05_rr_to_or",1000
0.75,100,0.15,0.3,0.5,"metaumbrella","sample",1000,1000,0,-1.5521917139206e-05,0.0212868784040461,0.673150200318358,0.0150596277670733,0.652053756078946,0.968660123358152,0.0216707369078729,0.000347095927019645,1,0,2.51871163673879,"05_rr_to_or",1000
1,100,0.15,0.3,0.5,"metaumbrella","sample",1000,1000,0,0,0.0202799302998231,0.641307705369024,0.0143472516571277,0.598634602637496,0.933459239029456,0.0208832273523365,0,1,0,2.32193541857478,"05_rr_to_or",1000
2,100,0.15,0.3,0.5,"metaumbrella","sample",1000,1000,0,0,0.0169180695422254,0.534996333665545,0.0119688676285644,0.52514302070165,0.981582466376199,0.0219598338666768,0,1,0,2.04513636777176,"05_rr_to_or",1000
0.25,300,0.15,0.3,0.5,"metaumbrella","sample",1000,1000,0,-2.76685587762682e-06,0.0176625684807608,0.558539457279041,0.0124955712942928,0.540528797649072,0.967754006641342,0.0216504653838323,8.74956653072486e-05,1,0,2.06596766582344,"05_rr_to_or",1000
0.5,300,0.15,0.3,0.5,"metaumbrella","sample",1000,1000,0,0,0.0128716145853065,0.407036192534121,0.00910616017701789,0.400324078396174,0.983509785466107,0.0220029515959275,0,1,0,1.55770047480483,"05_rr_to_or",1000
0.75,300,0.15,0.3,0.5,"metaumbrella","sample",1000,1000,0,0,0.0115787909765512,0.36615352036907,0.0081915384111211,0.353248060309638,0.964753964275902,0.0215833488305169,0,1,0,1.38079144482729,"05_rr_to_or",1000
1,300,0.15,0.3,0.5,"metaumbrella","sample",1000,1000,0,0,0.0102736676039793,0.324881895520592,0.00726821504693518,0.328321506511871,1.01058726583015,0.0226087254261363,0,1,0,1.28467795900028,"05_rr_to_or",1000
2,300,0.15,0.3,0.5,"metaumbrella","sample",1000,1000,0,0,0.00941670132767935,0.297782242409983,0.00666194517095569,0.294037038198139,0.98742301024556,0.0220904977461322,0,1,0,1.15076501867214,"05_rr_to_or",1000
0.25,50,0.3,0.3,0.5,"metaumbrella","sample",1000,1000,0,-0.00137513791130345,0.0274168042439205,0.866995475737594,0.0193963087794817,1.02223670749003,1.17905656499576,0.0263776984345584,0.00381327162627273,1,0,3.88197782603531,"05_rr_to_or",1000
0.5,50,0.3,0.3,0.5,"metaumbrella","sample",1000,1000,0,-0.000160503073444286,0.0254388445334657,0.80444689768675,0.01799698021602,0.797839125440944,0.991785943528644,0.0221881047158468,0.00131226635817732,1,0,3.06321829073687,"05_rr_to_or",1000
0.75,50,0.3,0.3,0.5,"metaumbrella","sample",1000,1000,0,6.8332845814818e-06,0.0225305974302796,0.712480049240202,0.0159395099755583,0.691550164522218,0.970623900640722,0.0217146702750159,0.000440375075326571,1,0,2.68398539695057,"05_rr_to_or",1000
1,50,0.3,0.3,0.5,"metaumbrella","sample",1000,1000,0,0,0.0215457669030849,0.681336973488205,0.0152427811799269,0.647251363027409,0.949972463278647,0.0212526590338682,0,1,0,2.5252878110589,"05_rr_to_or",1000
2,50,0.3,0.3,0.5,"metaumbrella","sample",1000,1000,0,0,0.0203802491659202,0.644480066460545,0.0144182233023244,0.619685754747551,0.961528194581465,0.0215111823350786,0,1,0,2.42163195118919,"05_rr_to_or",1000
0.25,100,0.3,0.3,0.5,"metaumbrella","sample",1000,1000,0,-0.000118825887803583,0.0224558603865735,0.710116656403213,0.0158866364617784,0.70278445523338,0.989674652602896,0.0221408711928757,0.000817070062088026,1,0,2.66288852898598,"05_rr_to_or",1000
0.5,100,0.3,0.3,0.5,"metaumbrella","sample",1000,1000,0,0,0.0177570616971422,0.561527595151044,0.0125624215218464,0.525385711801915,0.935636496476353,0.0209319366696446,0,1,0,2.04371639851012,"05_rr_to_or",1000
0.75,100,0.3,0.3,0.5,"metaumbrella","sample",1000,1000,0,0,0.015122175323853,0.478205171997698,0.010698343227364,0.469958287859555,0.982754506598724,0.0219860545964202,0,1,0,1.83751827725152,"05_rr_to_or",1000
1,100,0.3,0.3,0.5,"metaumbrella","sample",1000,1000,0,0,0.013973476264242,0.441880118253056,0.00988568390147426,0.444712244296293,1.00640926334145,0.0225152557038368,0,1,0,1.74104778221385,"05_rr_to_or",1000
2,100,0.3,0.3,0.5,"metaumbrella","sample",1000,1000,0,0,0.0138696214300496,0.438595940032385,0.00981221069816741,0.42939716475648,0.979026766013325,0.0219026580742149,0,1,0,1.68161280519156,"05_rr_to_or",1000
0.25,300,0.3,0.3,0.5,"metaumbrella","sample",1000,1000,0,0,0.0116174885131666,0.367377243924495,0.00821891539359216,0.370199771063867,1.00768291228172,0.0225437496104526,0,1,0,1.44211826722038,"05_rr_to_or",1000
0.5,300,0.3,0.3,0.5,"metaumbrella","sample",1000,1000,0,-2.06192872027359e-05,0.00966030289442812,0.3054856003351,0.00683428368151979,0.294165719393224,0.962944633300364,0.0215428707158462,0.000652039112898074,1,0,1.15120340998001,"05_rr_to_or",1000
0.75,300,0.3,0.3,0.5,"metaumbrella","sample",1000,1000,0,-0.000103096436013679,0.00824096763888126,0.260602278626048,0.00583015991008147,0.266837018639861,1.0239243495747,0.0229071009099381,0.00145800378042875,1,0,1.04526128763179,"05_rr_to_or",1000
1,300,0.3,0.3,0.5,"metaumbrella","sample",1000,1000,0,-2.06192872027359e-05,0.00797963315912036,0.252338156754251,0.00564527606223871,0.253560529932614,1.00484418684073,0.022480242018159,0.000652039112898074,1,0,0.993558596449179,"05_rr_to_or",1000
2,300,0.3,0.3,0.5,"metaumbrella","sample",1000,1000,0,0,0.00802933256142365,0.253909789850526,0.00568043643121002,0.245255386872722,0.96591544192566,0.0216093332557712,0,1,0,0.961121699393578,"05_rr_to_or",1000
0.25,50,0.5,0.3,0.5,"metaumbrella","sample",1000,1000,0,3.35593481927803e-05,0.0252631044327598,0.798889507742171,0.017872651018937,0.836916392765401,1.04759968012435,0.0234367622918578,0.00134418428174435,1,0,3.18827466237615,"05_rr_to_or",1000
0.5,50,0.5,0.3,0.5,"metaumbrella","sample",1000,1000,0,-1.34363473354959e-06,0.0208429676843916,0.659112510799632,0.0147455784230164,0.638081809536364,0.968092395579393,0.0216580357766587,4.24894610133017e-05,1,0,2.48605935630948,"05_rr_to_or",1000
0.75,50,0.5,0.3,0.5,"metaumbrella","sample",1000,1000,0,0,0.0190911433247714,0.603714960429974,0.0135062317105291,0.589957882910183,0.9772126277772,0.0218620724121425,0,1,0,2.3106399319354,"05_rr_to_or",1000
1,50,0.5,0.3,0.5,"metaumbrella","sample",1000,1000,0,0,0.0178809299857471,0.565444654369628,0.0126500534556192,0.578041883753861,1.02227844809723,0.0228702790185085,0,1,0,2.26529724965309,"05_rr_to_or",1000
0.25,100,0.5,0.3,0.5,"metaumbrella","sample",1000,1000,0,0,0.0173291208394945,0.547994917010918,0.0122596702259461,0.541673425820754,0.988464325135267,0.0221137939059193,0,1,0,2.10279420140299,"05_rr_to_or",1000
0.5,100,0.5,0.3,0.5,"metaumbrella","sample",1000,1000,0,0,0.0142798813972791,0.451569499324698,0.0101024534607245,0.440715126179786,0.975963006444978,0.0218341160480144,0,1,0,1.72472624212403,"05_rr_to_or",1000
0.75,100,0.5,0.3,0.5,"metaumbrella","sample",1000,1000,0,0,0.0126482308227508,0.399972177714381,0.00894812496633822,0.411367747048432,1.02849090504037,0.0230092632883466,0,1,0,1.61209280117415,"05_rr_to_or",1000
1,100,0.5,0.3,0.5,"metaumbrella","sample",1000,1000,0,0,0.0127454712913871,0.403047191330709,0.00901691876662035,0.404240543294683,1.00296082441372,0.0224381076815907,0,1,0,1.58449138680061,"05_rr_to_or",1000
0.25,300,0.5,0.3,0.5,"metaumbrella","sample",1000,1000,0,0,0.00956210478225914,0.302380303371273,0.00676481238616945,0.301550201732719,0.997254776090576,0.0223104527188099,0,1,0,1.17910443088736,"05_rr_to_or",1000
0.5,300,0.5,0.3,0.5,"metaumbrella","sample",1000,1000,0,0,0.00781146431347292,0.247020190916979,0.00552630322980183,0.250958084098869,1.01594158423759,0.022728511533493,0,1,0,0.983372355554294,"05_rr_to_or",1000
0.75,300,0.5,0.3,0.5,"metaumbrella","sample",1000,1000,0,0,0.00742314507784465,0.23474045847857,0.00525158267038695,0.235709328961524,1.00412741156439,0.0224642064159275,0,1,0,0.923902206675143,"05_rr_to_or",1000
1,300,0.5,0.3,0.5,"metaumbrella","sample",1000,1000,0,0,0.00743843484824413,0.235223963472204,0.00526239958052707,0.231702455336927,0.98502912678073,0.0220369421000357,0,1,0,0.908252066466474,"05_rr_to_or",1000
0.25,50,0.01,0.5,0.5,"metaumbrella","sample",1000,1000,0,-0.00241258349224018,0.0186252985526499,0.588983655270112,0.0131766648885542,1.63769349969314,2.7805415057606,0.0622059089455049,0.00632760058203187,1,0,6.41709367501185,"05_rr_to_or",1000
0.5,50,0.01,0.5,0.5,"metaumbrella","sample",1000,1000,0,-0.00129579065733893,0.0204792650107636,0.647611222402056,0.0144882731113232,1.63206142009619,2.52012529066854,0.0563799116243398,0.00656372761910915,1,0,6.39379686341312,"05_rr_to_or",1000
0.75,50,0.01,0.5,0.5,"metaumbrella","sample",1000,1000,0,-0.000887873359093172,0.0225759529176644,0.713914315685432,0.0159715971958751,1.62392169352228,2.27467310550167,0.0508886876129978,0.00703865946869502,1,0,6.36054189992824,"05_rr_to_or",1000
1,50,0.01,0.5,0.5,"metaumbrella","sample",1000,1000,0,-1.73176912893336e-06,0.0223005858985083,0.705206445955188,0.0157767858792929,1.61792022444135,2.29425047618489,0.0513266699756383,0.00695724036035089,1,0,6.33461652291495,"05_rr_to_or",1000
2,50,0.01,0.5,0.5,"metaumbrella","sample",1000,1000,0,0.0018775315420476,0.026421356712767,0.835516660841229,0.0186920688718598,1.59778853405196,1.91233593408329,0.0427825280587789,0.00810956558162321,1,0,6.25418198936194,"05_rr_to_or",1000
0.25,100,0.01,0.5,0.5,"metaumbrella","sample",1000,1000,0,-0.00165312441631356,0.0225218224033723,0.71220255852464,0.0159333019897578,1.60330621952655,2.25119413056851,0.0503634190731109,0.0040613201591952,1,0,6.27920834314008,"05_rr_to_or",1000
0.5,100,0.01,0.5,0.5,"metaumbrella","sample",1000,1000,0,-0.0010914143889545,0.0265080031227505,0.838256660907476,0.0187533677930514,1.58192940869033,1.88716592717292,0.0422194279738564,0.00442512235034725,1,0,6.1913379341372,"05_rr_to_or",1000
0.75,100,0.01,0.5,0.5,"metaumbrella","sample",1000,1000,0,-0.000682809977700655,0.0266773768429327,0.843612728222993,0.0188731930267495,1.57412389593597,1.86593189419005,0.0417443829800876,0.00438728541774718,1,0,6.15785700759632,"05_rr_to_or",1000
1,100,0.01,0.5,0.5,"metaumbrella","sample",1000,1000,0,-0.000191039238389544,0.0290285702865804,0.917963993238807,0.0205365697510224,1.55525913156432,1.69424851412415,0.037903504976393,0.00460828123726376,1,0,6.07868508870816,"05_rr_to_or",1000
2,100,0.01,0.5,0.5,"metaumbrella","sample",1000,1000,0,0.00161509929429035,0.0313709727128576,0.992037261876213,0.022193727176872,1.51438727562339,1.52654273566224,0.0341516133527564,0.00495255080928782,1,0,5.90790384344832,"05_rr_to_or",1000
0.25,300,0.01,0.5,0.5,"metaumbrella","sample",1000,1000,0,-0.00124280765744037,0.0296280485163746,0.936921159377164,0.0209606769791376,1.49259995434168,1.59309023966746,0.0356404053618393,0.00197062881330488,1,0,5.82246352126331,"05_rr_to_or",1000
0.5,300,0.01,0.5,0.5,"metaumbrella","sample",1000,1000,0,-0.000741522430920234,0.031747113718844,1.00393188487925,0.022459832118638,1.42595257247426,1.42036784960342,0.0317762827630887,0.00171166613756885,1,0,5.53261076624499,"05_rr_to_or",1000
0.75,300,0.01,0.5,0.5,"metaumbrella","sample",1000,1000,0,-0.000237741177690812,0.0334233315980394,1.0569385484088,0.0236456902251229,1.36356078119633,1.29010412502141,0.0288620398454903,0.00151622193539137,1,0,5.27222903000555,"05_rr_to_or",1000
1,300,0.01,0.5,0.5,"metaumbrella","sample",1000,1000,0,-4.21895416342994e-05,0.0326659369494618,1.03298762663752,0.0231098633526312,1.3208424850941,1.27866244573866,0.0286060681010758,0.00139659094371854,1,0,5.08574994011294,"05_rr_to_or",1000
2,300,0.01,0.5,0.5,"metaumbrella","sample",1000,1000,0,0.000565780316724349,0.0317017805179369,1.00249832319433,0.022427760665126,1.18383662880493,1.18088639293958,0.0264186351047083,0.00136614023203832,1,0,4.52104553197651,"05_rr_to_or",1000
0.25,50,0.05,0.5,0.5,"metaumbrella","sample",1000,1000,0,-0.00591761497529643,0.0308432418392145,0.975348946353185,0.0218203783763853,1.54070282745002,1.579642683996,0.035339558414615,0.010065408729485,1,0,6.01925685004671,"05_rr_to_or",1000
0.5,50,0.05,0.5,0.5,"metaumbrella","sample",1000,1000,0,-0.0034943492081322,0.0329826736303063,1.04300371993742,0.0233339420748918,1.48181854319644,1.42072220345038,0.0317842103207579,0.0091281299425609,1,0,5.76730805563727,"05_rr_to_or",1000
0.75,50,0.05,0.5,0.5,"metaumbrella","sample",1000,1000,0,-0.00130166881095745,0.0355456468612541,1.12405204985578,0.0251471446545482,1.44434659514451,1.2849463646544,0.0287466511087683,0.00875344261390665,1,0,5.61085552232252,"05_rr_to_or",1000
1,50,0.05,0.5,0.5,"metaumbrella","sample",1000,1000,0,0.000402194322626925,0.0358789199394337,1.13459106995441,0.0253829222263887,1.41763653922213,1.24946914951401,0.0279529595166482,0.0083298895572229,1,0,5.49796556486417,"05_rr_to_or",1000
2,50,0.05,0.5,0.5,"metaumbrella","sample",1000,1000,0,0.00264470884246866,0.0334357865237447,1.05733240774197,0.0236545015943348,1.28469297902007,1.21503225439165,0.0271825418271767,0.00713501074166229,1,0,4.94162973914224,"05_rr_to_or",1000
0.25,100,0.05,0.5,0.5,"metaumbrella","sample",1000,1000,0,-0.00325195861040069,0.0304419216011813,0.96265808612013,0.021536460120009,1.39057123073021,1.44451207628113,0.0323164342275288,0.00522811603416863,1,0,5.39011918098582,"05_rr_to_or",1000
0.5,100,0.05,0.5,0.5,"metaumbrella","sample",1000,1000,0,-0.00156031497608849,0.0333534022994454,1.05472718982145,0.0235962180015846,1.27061444886102,1.20468540218075,0.0269510634100517,0.00407557070597117,1,0,4.88646587349412,"05_rr_to_or",1000
0.75,100,0.05,0.5,0.5,"metaumbrella","sample",1000,1000,0,-0.000385887753991988,0.0323851261031748,1.02410760797806,0.0229112007428408,1.17175295069562,1.14416975478687,0.0255972153039318,0.00300315985489731,1,0,4.48195040315165,"05_rr_to_or",1000
1,100,0.05,0.5,0.5,"metaumbrella","sample",1000,1000,0,-8.43431542948783e-05,0.033096203268914,1.04659384233678,0.0234142598211348,1.09929139294004,1.05035148160779,0.0234983252328031,0.00264907296353177,1,0,4.19708800400392,"05_rr_to_or",1000
2,100,0.05,0.5,0.5,"metaumbrella","sample",1000,1000,0,0.000588944237623932,0.0288548537672247,0.912470594555201,0.0204136721580155,0.960973882214319,1.05315600080544,0.0235610675675186,0.00220261803920191,1,0,3.64709281806946,"05_rr_to_or",1000
0.25,300,0.05,0.5,0.5,"metaumbrella","sample",1000,1000,0,-0.00043032503495603,0.026304097325585,0.831808593435921,0.0186091124754526,0.986260214411294,1.1856816846979,0.0265259147413787,0.00111525503201773,1,0,3.71557245440977,"05_rr_to_or",1000
0.5,300,0.05,0.5,0.5,"metaumbrella","sample",1000,1000,0,-8.41708292035226e-05,0.0244528823974696,0.773268037322427,0.017299450851747,0.750983395812828,0.97118121992115,0.0217271385486741,0.000494291563587435,1,0,2.84251262384027,"05_rr_to_or",1000
0.75,300,0.05,0.5,0.5,"metaumbrella","sample",1000,1000,0,-7.59597244906374e-07,0.0197756854031314,0.625362081648404,0.0139905182599858,0.625486291891274,1.00019862132118,0.0223763120372142,0.000173634299242764,1,0,2.4052025238077,"05_rr_to_or",1000
1,300,0.05,0.5,0.5,"metaumbrella","sample",1000,1000,0,0,0.0180829269739916,0.571832360003098,0.0127929583661135,0.566696249557843,0.991018153563001,0.0221709278196943,0,1,0,2.19510720599797,"05_rr_to_or",1000
2,300,0.05,0.5,0.5,"metaumbrella","sample",1000,1000,0,0,0.0160688777500612,0.508142531329952,0.011368097893796,0.492378713249853,0.96897756611941,0.0216778386955863,0,1,0,1.90791468950806,"05_rr_to_or",1000
0.25,50,0.15,0.5,0.5,"metaumbrella","sample",1000,1000,0,-0.00496145129709332,0.0291771646267746,0.922662958863044,0.0206416943920873,1.28906862017145,1.39711755824674,0.0312561303021044,0.00810324681765354,1,0,4.96080824560878,"05_rr_to_or",1000
0.5,50,0.15,0.5,0.5,"metaumbrella","sample",1000,1000,0,-0.0016572492011024,0.0329654489942166,1.04245902911831,0.0233217563235096,1.11236707052682,1.06706070882003,0.023872141866851,0.00513568273312793,1,0,4.25037210870175,"05_rr_to_or",1000
0.75,50,0.15,0.5,0.5,"metaumbrella","sample",1000,1000,0,-0.000634409541874295,0.0311963876380667,0.986516397058114,0.0220702151151159,0.996875215993227,1.01050040218896,0.0226067821241775,0.00375091117659793,1,0,3.80029853725668,"05_rr_to_or",1000
1,50,0.15,0.5,0.5,"metaumbrella","sample",1000,1000,0,-8.20540256223801e-05,0.0290986008058171,0.920178552703929,0.0205861135841773,0.898428791454376,0.976363542504179,0.0218430767880632,0.00228093363694886,1,0,3.44557633953833,"05_rr_to_or",1000
2,50,0.15,0.5,0.5,"metaumbrella","sample",1000,1000,0,0.000129930290023522,0.0261556194033917,0.827113309272122,0.0185040701955365,0.786581346369837,0.950995876323216,0.0212755546959298,0.00113457128980923,1,0,3.02188559739204,"05_rr_to_or",1000
0.25,100,0.15,0.5,0.5,"metaumbrella","sample",1000,1000,0,-0.00118729896117654,0.0267486971271659,0.84586807363847,0.0189236493178227,1.00922089134699,1.19311855217074,0.0266922913625862,0.00295529939914447,1,0,3.81255848609702,"05_rr_to_or",1000
0.5,100,0.15,0.5,0.5,"metaumbrella","sample",1000,1000,0,-0.000165279268971697,0.024972471014023,0.789698872068475,0.0176670393261481,0.763274683632994,0.966538905689118,0.0216232813051063,0.00109390118561509,1,0,2.90810572819681,"05_rr_to_or",1000
0.75,100,0.15,0.5,0.5,"metaumbrella","sample",1000,1000,0,0,0.0222055855534232,0.702202271265479,0.0157095768781622,0.651813577630451,0.928241910205987,0.0207665059579394,0,1,0,2.5151172234451,"05_rr_to_or",1000
1,100,0.15,0.5,0.5,"metaumbrella","sample",1000,1000,0,0,0.0197058985833627,0.623155228637115,0.0139411468346027,0.591123950583667,0.948598235910653,0.0212219149998925,0,1,0,2.29714723666667,"05_rr_to_or",1000
2,100,0.15,0.5,0.5,"metaumbrella","sample",1000,1000,0,0,0.017232483952498,0.544938990321945,0.012191303435893,0.527173099299768,0.967398385254685,0.0216425094689317,0,1,0,2.05117368808297,"05_rr_to_or",1000
0.25,300,0.15,0.5,0.5,"metaumbrella","sample",1000,1000,0,-5.4503655475191e-06,0.0182600715146821,0.577434162239562,0.0129182811491507,0.542027013105964,0.938681928695953,0.0210000686788089,0.00012193563113852,1,0,2.0663988414678,"05_rr_to_or",1000
0.5,300,0.15,0.5,0.5,"metaumbrella","sample",1000,1000,0,0,0.0128330257588254,0.405815906694989,0.00907886010268371,0.399386868877564,0.984157748103608,0.0220174477308512,0,1,0,1.55731094340208,"05_rr_to_or",1000
0.75,300,0.15,0.5,0.5,"metaumbrella","sample",1000,1000,0,0,0.0109588637517005,0.346549700228317,0.00775296432469466,0.351401895176092,1.0140014403261,0.0226851068890202,0,1,0,1.37405746999321,"05_rr_to_or",1000
1,300,0.15,0.5,0.5,"metaumbrella","sample",1000,1000,0,0,0.0102924648163551,0.325476315568287,0.00728151333408021,0.329294502500992,1.0117310745823,0.0226343145651368,0,1,0,1.28832453786307,"05_rr_to_or",1000
2,300,0.15,0.5,0.5,"metaumbrella","sample",1000,1000,0,0,0.00932065168568926,0.294744886038659,0.00659399383360711,0.293346994791981,0.99525728413658,0.022265765091471,0,1,0,1.14810691138179,"05_rr_to_or",1000
0.25,50,0.3,0.5,0.5,"metaumbrella","sample",1000,1000,0,-0.00131874455396435,0.0274538636537933,0.868167397176993,0.0194225268518246,1.0312849684782,1.18788723445687,0.0265752570105723,0.00370290701977568,1,0,3.92356680529659,"05_rr_to_or",1000
0.5,50,0.3,0.5,0.5,"metaumbrella","sample",1000,1000,0,-0.000167260764312638,0.0265503048501242,0.839594358982078,0.0187832945984786,0.798672197579004,0.951259604158503,0.0212814547803825,0.00128634001347605,1,0,3.0651366405334,"05_rr_to_or",1000
0.75,50,0.3,0.5,0.5,"metaumbrella","sample",1000,1000,0,-1.42834282791267e-05,0.0227163610247283,0.718354409888181,0.0160709303995383,0.692843927699865,0.964487609685188,0.0215773899806372,0.000353689741016675,1,0,2.69102273901975,"05_rr_to_or",1000
1,50,0.3,0.5,0.5,"metaumbrella","sample",1000,1000,0,0,0.0203534930168466,0.643633962735672,0.0143992943810481,0.646331224495484,1.00419067655838,0.0224656217720541,0,1,0,2.52042885597841,"05_rr_to_or",1000
2,50,0.3,0.5,0.5,"metaumbrella","sample",1000,1000,0,0,0.0206702061060294,0.653649310001729,0.0146233564131377,0.621902955554177,0.951432130407255,0.0212853145149336,0,1,0,2.42969867251244,"05_rr_to_or",1000
0.25,100,0.3,0.5,0.5,"metaumbrella","sample",1000,1000,0,-0.000101950220387846,0.0222133591898745,0.70244809523436,0.0157150764196699,0.705125634220596,1.00381172502908,0.0224571439182701,0.000750835965973819,1,0,2.66960555000067,"05_rr_to_or",1000
0.5,100,0.3,0.5,0.5,"metaumbrella","sample",1000,1000,0,0,0.0171215970691659,0.541432439182276,0.0121128553348828,0.523875151812392,0.967572524105869,0.0216464052804124,0,1,0,2.0376625519832,"05_rr_to_or",1000
0.75,100,0.3,0.5,0.5,"metaumbrella","sample",1000,1000,0,0,0.0148627157976441,0.470000341363215,0.010514785835286,0.46965383420031,0.999262751252691,0.0223553748751023,0,1,0,1.83610743499307,"05_rr_to_or",1000
1,100,0.3,0.5,0.5,"metaumbrella","sample",1000,1000,0,0,0.0145176354282415,0.45908794193197,0.0102706550701129,0.445062822487254,0.969450037424868,0.0216884087615054,0,1,0,1.74249777169401,"05_rr_to_or",1000
2,100,0.3,0.5,0.5,"metaumbrella","sample",1000,1000,0,0,0.013447347124804,0.425242454012973,0.00951346826482927,0.430003127260237,1.01119519747461,0.0226223259929476,0,1,0,1.68410690789945,"05_rr_to_or",1000
0.25,300,0.3,0.5,0.5,"metaumbrella","sample",1000,1000,0,0,0.012076827113685,0.381902805873218,0.0085438793555012,0.370724909293111,0.970731043584378,0.0217170672628628,0,1,0,1.44228050625335,"05_rr_to_or",1000
0.5,300,0.3,0.5,0.5,"metaumbrella","sample",1000,1000,0,-2.06192872027359e-05,0.00989780007919114,0.31299592075239,0.00700230358234184,0.294211032181229,0.939983599383644,0.0210291894842735,0.000652039112898074,1,0,1.15144104990929,"05_rr_to_or",1000
0.75,300,0.3,0.5,0.5,"metaumbrella","sample",1000,1000,0,-8.24771488109435e-05,0.00851708646098872,0.269333922453072,0.00602550309763079,0.267427963047598,0.992923433527738,0.0222135524925347,0.00130407822579615,1,0,1.04758438641371,"05_rr_to_or",1000
1,300,0.3,0.5,0.5,"metaumbrella","sample",1000,1000,0,0,0.0078629976083458,0.248649816788293,0.00556276100551069,0.253230307981187,1.01842145412395,0.0227839908565053,0,1,0,0.992305622861533,"05_rr_to_or",1000
2,300,0.3,0.5,0.5,"metaumbrella","sample",1000,1000,0,0,0.00775498256521553,0.245234081209763,0.00548634461829268,0.245149073837504,0.999653362322889,0.0223641135746022,0,1,0,0.960745487999159,"05_rr_to_or",1000
0.25,50,0.5,0.5,0.5,"metaumbrella","sample",1000,1000,0,2.41096222676282e-05,0.0254060665262964,0.803410366088589,0.0179737910674024,0.822969245168296,1.02434481792279,0.0229165075725329,0.00136149993890549,1,0,3.13879218609596,"05_rr_to_or",1000
0.5,50,0.5,0.5,0.5,"metaumbrella","sample",1000,1000,0,1.45348862798134e-06,0.0208403053688297,0.659028320989373,0.0147436949396517,0.64269418633302,0.975214821372423,0.0218173777499522,4.59633461757417e-05,1,0,2.50181242264753,"05_rr_to_or",1000
0.75,50,0.5,0.5,0.5,"metaumbrella","sample",1000,1000,0,0,0.0185690880014645,0.587206121567319,0.0131368981382883,0.591083337666614,1.006602819618,0.0225195859194044,0,1,0,2.31394776855751,"05_rr_to_or",1000
1,50,0.5,0.5,0.5,"metaumbrella","sample",1000,1000,0,0,0.0192471784182342,0.60864922333257,0.0136166203913656,0.578578624916668,0.950594534153424,0.0212665759216808,0,1,0,2.26726305396981,"05_rr_to_or",1000
0.25,100,0.5,0.5,0.5,"metaumbrella","sample",1000,1000,0,-1.22351922625885e-06,0.0184047100341902,0.582008033829964,0.0130206072029396,0.549259329397505,0.943731525118386,0.0211130375859857,6.78839525300556e-05,1,0,2.11867907788357,"05_rr_to_or",1000
0.5,100,0.5,0.5,0.5,"metaumbrella","sample",1000,1000,0,0,0.0135979741010558,0.43000569723317,0.00962003091581901,0.440442004780683,1.02427016110406,0.0229148373600012,0,1,0,1.72342850000462,"05_rr_to_or",1000
0.75,100,0.5,0.5,0.5,"metaumbrella","sample",1000,1000,0,0,0.0128230606360048,0.405500781842224,0.00907181017091433,0.411776967995883,1.01547761788558,0.0227181317392741,0,1,0,1.61367296851651,"05_rr_to_or",1000
1,100,0.5,0.5,0.5,"metaumbrella","sample",1000,1000,0,0,0.0120466767133025,0.380949366497473,0.00852254913515751,0.403895110322265,1.06023305416087,0.0237193944746043,0,1,0,1.58315307395114,"05_rr_to_or",1000
0.25,300,0.5,0.5,0.5,"metaumbrella","sample",1000,1000,0,0,0.00981422462266544,0.310353032761294,0.00694317723972596,0.300897680454908,0.96953355917853,0.0216902772991958,0,1,0,1.17629705854925,"05_rr_to_or",1000
0.5,300,0.5,0.5,0.5,"metaumbrella","sample",1000,1000,0,0,0.00806370248305165,0.254996662203985,0.00570475179658566,0.250655777316739,0.98297669918607,0.0219910254597675,0,1,0,0.982139101435709,"05_rr_to_or",1000
0.75,300,0.5,0.5,0.5,"metaumbrella","sample",1000,1000,0,0,0.00768277995394122,0.242950834163378,0.00543526411560164,0.235671056091604,0.970036002976315,0.0217015179057721,0,1,0,0.923747115668931,"05_rr_to_or",1000
1,300,0.5,0.5,0.5,"metaumbrella","sample",1000,1000,0,0,0.00728204499775737,0.23027848216749,0.00515175992307353,0.231719988607741,1.00625983994111,0.0225119128231724,0,1,0,0.908320605804667,"05_rr_to_or",1000
0.25,50,0.01,0.01,0.5,"transpose","sample",1000,1000,0,0.007322654944365,0.0179874800606786,0.56881406358608,0.0127254334355564,1.88431828113389,3.31271394601996,0.0741116008021081,0.0238320706693377,1,0,7.35520528755974,"05_rr_to_or",1000
0.5,50,0.01,0.01,0.5,"transpose","sample",1000,1000,0,0.0054633919293344,0.0199638210910307,0.631311454477646,0.0141236168466215,1.86299365215917,2.95098978316594,0.0660191553948848,0.0261519829047609,1,0,7.26444168883469,"05_rr_to_or",1000
0.75,50,0.01,0.01,0.5,"transpose","sample",1000,1000,0,0.00347438880113218,0.0205278784673173,0.649148514878491,0.014522665216463,1.84729617283833,2.84572194266533,0.0636641171091751,0.0264742375415219,1,0,7.19644948376469,"05_rr_to_or",1000
1,50,0.01,0.01,0.5,"transpose","sample",1000,1000,0,0.000399963801131787,0.0204901939627618,0.647956826209588,0.0144960049142609,1.84219779356689,2.84308725373473,0.0636051741948625,0.0267194085746714,1,0,7.17226479061193,"05_rr_to_or",1000
2,50,0.01,0.01,0.5,"transpose","sample",1000,1000,0,-0.010730588050507,0.0250126100683076,0.790968180415117,0.0176954361255742,1.76432017782082,2.23058300132234,0.049902309599832,0.0367022954716426,1,0,6.85297146311981,"05_rr_to_or",1000
0.25,100,0.01,0.01,0.5,"transpose","sample",1000,1000,0,0.00686118723574673,0.0219555066704262,0.694294082615666,0.015532655921559,1.81296234774004,2.61123116721653,0.0584181203146986,0.0164374253277428,1,0,7.05398375311008,"05_rr_to_or",1000
0.5,100,0.01,0.01,0.5,"transpose","sample",1000,1000,0,0.00561589519550357,0.0242076847600679,0.765514207211614,0.0171259831840813,1.78904518922123,2.33705027596788,0.0522841814685149,0.0177601433685281,1,0,6.95373143649562,"05_rr_to_or",1000
0.75,100,0.01,0.01,0.5,"transpose","sample",1000,1000,0,0.00233923797113466,0.0265433728041779,0.839375148441728,0.0187783904490945,1.7535055211679,2.08906056418662,0.0467361882454225,0.0193510874381659,1,0,6.80799081313816,"05_rr_to_or",1000
1,100,0.01,0.01,0.5,"transpose","sample",1000,1000,0,-0.000303248498533772,0.0268889920533243,0.850304588746726,0.0190229024504545,1.72420677441359,2.02775193410977,0.0453645996349907,0.0189831944817897,1,0,6.68439670882305,"05_rr_to_or",1000
2,100,0.01,0.01,0.5,"transpose","sample",1000,1000,0,-0.0089855962178952,0.0299395464067543,0.946771587576536,0.0211810494635529,1.61590980189647,1.70675781054302,0.0381833613109926,0.0262563605731881,1,0,6.24337614161115,"05_rr_to_or",1000
0.25,300,0.01,0.01,0.5,"transpose","sample",1000,1000,0,0.00733135256307013,0.0303162849303548,0.958685105745602,0.0214475771254886,1.57412606243001,1.64196361557715,0.0367337941011905,0.011996437032891,1,0,6.0919403745162,"05_rr_to_or",1000
0.5,300,0.01,0.01,0.5,"transpose","sample",1000,1000,0,0.00528304957205993,0.0311078058173336,0.983715193930099,0.0220075469670741,1.49339030102397,1.51811246816026,0.0339630125167222,0.0111922565977817,1,0,5.74325574160162,"05_rr_to_or",1000
0.75,300,0.01,0.01,0.5,"transpose","sample",1000,1000,0,0.00234496749150279,0.0341770297880283,1.08077257789591,0.0241789019988037,1.41120698735764,1.30573907612,0.0292118229155834,0.0114601675171655,1,0,5.41345468412335,"05_rr_to_or",1000
1,300,0.01,0.01,0.5,"transpose","sample",1000,1000,0,0.000341969993344528,0.0336477821821613,1.0640362990886,0.0238044801700279,1.3380268567899,1.25750113782395,0.028132650102969,0.0117686514274895,1,0,5.11404576650844,"05_rr_to_or",1000
2,300,0.01,0.01,0.5,"transpose","sample",1000,1000,0,-0.0112714685469621,0.0306657755081398,0.969736968211292,0.0216948279393299,1.19999970484488,1.23744865276026,0.0276840385438828,0.0182221295181011,1,0,4.56807607124928,"05_rr_to_or",1000
0.25,50,0.05,0.01,0.5,"transpose","sample",1000,1000,0,0.0392986436357333,0.0280431347350893,0.886801784938649,0.0198394129245393,1.60051469826656,1.80481673069398,0.0403771225785615,0.0641362886822842,1,0,6.19947313041722,"05_rr_to_or",1000
0.5,50,0.05,0.01,0.5,"transpose","sample",1000,1000,0,0.0260557723135327,0.0315954215151536,0.999134956209735,0.0223525158612054,1.52547069029556,1.52679143174262,0.0341571771487651,0.0626978579622932,1,0,5.88228914990388,"05_rr_to_or",1000
0.75,50,0.05,0.01,0.5,"transpose","sample",1000,1000,0,0.014835996242161,0.032785777202273,1.03677730818006,0.0231946456097847,1.47348600230915,1.42121745015396,0.0317952899148889,0.0629197585905941,1,0,5.67460186635717,"05_rr_to_or",1000
1,50,0.05,0.01,0.5,"transpose","sample",1000,1000,0,0.001801327754698,0.0337735856631743,1.06801455446439,0.0238934811761828,1.41644398947278,1.32624034340349,0.0296704745714794,0.0659826055045507,1,0,5.43322525461867,"05_rr_to_or",1000
2,50,0.05,0.01,0.5,"transpose","sample",1000,1000,0,-0.0576430938291352,0.0315339690145099,0.997191657510267,0.0223090406382308,1.24748160570468,1.25099482763356,0.027987091786923,0.103346230640795,1,0,4.75710651619882,"05_rr_to_or",1000
0.25,100,0.05,0.01,0.5,"transpose","sample",1000,1000,0,0.0378134477540836,0.0289533093229124,0.915584032597909,0.020483325584512,1.41106376669761,1.54116248914237,0.0344786845552208,0.0519986196275212,1,0,5.43854269123654,"05_rr_to_or",1000
0.5,100,0.05,0.01,0.5,"transpose","sample",1000,1000,0,0.0272740462697061,0.0320616771049247,1.01387925256435,0.0226823733204812,1.28788100399871,1.27025087133535,0.0284178854645871,0.0484845041254886,1,0,4.91973522279089,"05_rr_to_or",1000
0.75,100,0.05,0.01,0.5,"transpose","sample",1000,1000,0,0.0125374097515497,0.0319128981815697,1.00917444990806,0.0225771180941025,1.14557113077854,1.1351566925648,0.0253955762610531,0.0452424931238617,1,0,4.34079065890562,"05_rr_to_or",1000
1,100,0.05,0.01,0.5,"transpose","sample",1000,1000,0,-0.000997359776949313,0.0310308261405205,0.98128088280737,0.021953086878731,1.07564101408419,1.09616016466851,0.0245231510667224,0.0460880856969546,1,0,4.06369614901968,"05_rr_to_or",1000
2,100,0.05,0.01,0.5,"transpose","sample",1000,1000,0,-0.0548148571695493,0.0274754571835271,0.868850244543806,0.0194378034233254,0.920469900109323,1.05941145311252,0.0237010137239852,0.0801487884598281,1,0,3.461836871766,"05_rr_to_or",1000
0.25,300,0.05,0.01,0.5,"transpose","sample",1000,1000,0,0.0391410839465873,0.0253529110036859,0.801729440871929,0.017936185629485,0.970942343471887,1.21105985881712,0.0270936719157251,0.0445073869267666,1,0,3.65504563682717,"05_rr_to_or",1000
0.5,300,0.05,0.01,0.5,"transpose","sample",1000,1000,0,0.0248922274704907,0.0231177121657958,0.731046247360988,0.0163548705185939,0.720113727361008,0.985045378401919,0.0220373056791679,0.0337831235332383,1,0,2.71836552778316,"05_rr_to_or",1000
0.75,300,0.05,0.01,0.5,"transpose","sample",1000,1000,0,0.0113760730454473,0.0201911614690614,0.638500588464654,0.014284451206859,0.608936433943283,0.953697529719649,0.0213359957304666,0.0270630464819239,1,0,2.32997807923656,"05_rr_to_or",1000
1,300,0.05,0.01,0.5,"transpose","sample",1000,1000,0,-0.0009170632273742,0.0181680190359341,0.574523207268481,0.0128531576473074,0.54749397589641,0.95295363001857,0.0213193533041716,0.0263923862159557,1,0,2.10888102638065,"05_rr_to_or",1000
2,300,0.05,0.01,0.5,"transpose","sample",1000,1000,0,-0.0550361450027711,0.0148793053980083,0.470524950589443,0.0105265223239128,0.464159520745927,0.986471642289019,0.0220692138673066,0.0638468760696285,1,0,1.79023329105168,"05_rr_to_or",1000
0.25,50,0.15,0.01,0.5,"transpose","sample",1000,1000,0,0.125918459627174,0.0273924475905566,0.866225250729504,0.0193790774068798,1.22469288728763,1.41382727674613,0.0316299579271639,0.156500307374523,1,0,4.67256301853792,"05_rr_to_or",1000
0.5,50,0.15,0.01,0.5,"transpose","sample",1000,1000,0,0.0877180578969165,0.0291007847686906,0.920247615673986,0.0205876586518621,1.049760734433,1.14073725001086,0.0255204237584329,0.134528808166424,1,0,3.9653479467831,"05_rr_to_or",1000
0.75,50,0.15,0.01,0.5,"transpose","sample",1000,1000,0,0.0497505557910878,0.0277238841937803,0.876706196390868,0.0196135557450462,0.910134285122582,1.03812918041338,0.023224889517627,0.121662238397305,1,0,3.41917187010025,"05_rr_to_or",1000
1,50,0.15,0.01,0.5,"transpose","sample",1000,1000,0,-0.00884060985596899,0.0265429566245599,0.83936198768664,0.0187780960184123,0.823020389765766,0.98053092925269,0.0219363090164192,0.121263300080816,1,0,3.10057812681631,"05_rr_to_or",1000
2,50,0.15,0.01,0.5,"transpose","sample",1000,1000,0,-0.193546929484242,0.021170922181238,0.669483342588922,0.014977593308116,0.668487256602612,0.998512157177118,0.0223385826831413,0.246486865799611,1,0,2.50733227663013,"05_rr_to_or",1000
0.25,100,0.15,0.01,0.5,"transpose","sample",1000,1000,0,0.124000505606572,0.0255559391842305,0.808149755669139,0.0180798200679026,0.956419857665845,1.18346859719575,0.0264764038387858,0.140315028090742,1,0,3.58551705750986,"05_rr_to_or",1000
0.5,100,0.15,0.01,0.5,"transpose","sample",1000,1000,0,0.0833833747666431,0.0228644478925402,0.72303732782664,0.0161756960238872,0.709075393849024,0.980689884961287,0.0219398651526304,0.111923507273796,1,0,2.67593486462047,"05_rr_to_or",1000
0.75,100,0.15,0.01,0.5,"transpose","sample",1000,1000,0,0.0420050008025611,0.0192066641640572,0.607368050123546,0.0135879581527984,0.581547051678969,0.957487064985844,0.0214207747151451,0.0880610697134062,1,0,2.22289101136368,"05_rr_to_or",1000
1,100,0.15,0.01,0.5,"transpose","sample",1000,1000,0,0.00493555910255587,0.0171380604039406,0.541953055539976,0.0121245024955799,0.516341200793537,0.952741562235644,0.0213146089516174,0.0852866180821963,1,0,1.98920024333526,"05_rr_to_or",1000
2,100,0.15,0.01,0.5,"transpose","sample",1000,1000,0,-0.195282580607029,0.0139002947176234,0.439565914552969,0.00983391084059717,0.425460396268953,0.96791034560002,0.0216539629784584,0.225919814882455,1,0,1.64390560203018,"05_rr_to_or",1000
0.25,300,0.15,0.01,0.5,"transpose","sample",1000,1000,0,0.124589542191618,0.0155744332819749,0.492506824373722,0.0110182979137551,0.504530317850996,1.02441284644647,0.0229180294977194,0.130049885764084,1,0,1.92550675479331,"05_rr_to_or",1000
0.5,300,0.15,0.01,0.5,"transpose","sample",1000,1000,0,0.0850789234862594,0.0120003354442073,0.379483926897436,0.00848976451312035,0.361131189910748,0.951637643426073,0.0212899122251671,0.0951424456440738,1,0,1.40301585800156,"05_rr_to_or",1000
0.75,300,0.15,0.01,0.5,"transpose","sample",1000,1000,0,0.0428465635339297,0.00988109258119286,0.312467583275617,0.00699048368578409,0.309010698886105,0.988936822331223,0.0221243645510572,0.061842297427046,1,0,1.20540018686554,"05_rr_to_or",1000
1,300,0.15,0.01,0.5,"transpose","sample",1000,1000,0,-0.00241490659864331,0.00926250662572958,0.292906177797063,0.00655285849460314,0.281952309696582,0.962602809599768,0.0215352234809639,0.0497724663655092,1,0,1.10094947749096,"05_rr_to_or",1000
2,300,0.15,0.01,0.5,"transpose","sample",1000,1000,0,-0.195205296118551,0.00743480170971308,0.235109073544074,0.00525982927816214,0.235440235619324,1.00140854655356,0.0224033803254165,0.205444097967988,1,0,0.919516121740347,"05_rr_to_or",1000
0.25,50,0.3,0.01,0.5,"transpose","sample",1000,1000,0,0.290531374656603,0.0244108058265945,0.771937459321478,0.0172696833356713,0.934261934309662,1.21028189917207,0.0270762675048422,0.326762045073869,1,0,3.49189940307209,"05_rr_to_or",1000
0.5,50,0.3,0.01,0.5,"transpose","sample",1000,1000,0,0.195110976053498,0.0206524775729763,0.653088684561516,0.0146108141745074,0.654087756090179,1.00152976395439,0.0224060921851687,0.254250061919131,1,0,2.47345555123308,"05_rr_to_or",1000
0.75,50,0.3,0.01,0.5,"transpose","sample",1000,1000,0,0.104703530324867,0.0184591423572727,0.583729335022715,0.013059115926885,0.539178389875129,0.923678762613751,0.0206644198200272,0.208995335263898,1,0,2.06155482468987,"05_rr_to_or",1000
1,50,0.3,0.01,0.5,"transpose","sample",1000,1000,0,0.000571500823923079,0.014997852353518,0.474273734480338,0.0106103896241816,0.469962550731225,0.990909925143047,0.0221685065477144,0.19048426870089,1,0,1.81137130997823,"05_rr_to_or",1000
2,50,0.3,0.01,0.5,"transpose","sample",1000,1000,0,-0.584040131937954,0.012852437283133,0.406429752991666,0.00909259299131656,0.381836071201317,0.939488480827698,0.0210181127570445,0.65035002027127,0.743,0.0138185020895899,1.45815468216419,"05_rr_to_or",1000
0.25,100,0.3,0.01,0.5,"transpose","sample",1000,1000,0,0.285943874036905,0.0199933254246677,0.632244463429031,0.0141444900001979,0.645540926190882,1.02103057208241,0.0228423617003917,0.303207402000373,1,0,2.40243291029444,"05_rr_to_or",1000
0.5,100,0.3,0.01,0.5,"transpose","sample",1000,1000,0,0.193582930656827,0.0136459440741133,0.431522640974756,0.00965396778173849,0.42732181464862,0.99026510795205,0.0221540807823063,0.221566881594046,1,0,1.64659058683715,"05_rr_to_or",1000
0.75,100,0.3,0.01,0.5,"transpose","sample",1000,1000,0,0.103756258518182,0.0110750338669834,0.350223321831699,0.00783515010415049,0.354702426974397,1.01278928290461,0.0226579886625766,0.156326906781462,1,0,1.37902914382648,"05_rr_to_or",1000
1,100,0.3,0.01,0.5,"transpose","sample",1000,1000,0,-0.00406421459235498,0.0101065730565525,0.319597901975956,0.00715000223816203,0.317340401079504,0.992936433929964,0.0222138433358238,0.133205073320608,1,0,1.23494207589436,"05_rr_to_or",1000
2,100,0.3,0.01,0.5,"transpose","sample",1000,1000,0,-0.57561295803773,0.00777133193356938,0.245751093632796,0.00549791115223732,0.254655197662698,1.03623220510752,0.0231824506355232,0.607299622778806,0.357,0.0151509405648626,0.989991097653537,"05_rr_to_or",1000
0.25,300,0.3,0.01,0.5,"transpose","sample",1000,1000,0,0.274584761622899,0.0109140047162693,0.345131132972307,0.00772122832457468,0.326135316535668,0.944960582741274,0.0211405339015126,0.281036186591021,1,0,1.2627427455067,"05_rr_to_or",1000
0.5,300,0.3,0.01,0.5,"transpose","sample",1000,1000,0,0.192963979658444,0.00742564239283843,0.234819430512722,0.00525334942235075,0.234883072116657,1.00027102358521,0.0223779318111448,0.203337216829259,1,0,0.916948098002991,"05_rr_to_or",1000
0.75,300,0.3,0.01,0.5,"transpose","sample",1000,1000,0,0.102484996282967,0.00642430530771058,0.203154371566743,0.00454494288734065,0.200002979671837,0.984487698341898,0.0220248293341961,0.123417440408703,0.999,0.000999499874937461,0.781789670974227,"05_rr_to_or",1000
1,300,0.3,0.01,0.5,"transpose","sample",1000,1000,0,0.00291001212570468,0.00560593191420804,0.17727513256725,0.0039659759553793,0.178492025863419,1.0068644331472,0.0225254387028793,0.074803213590717,1,0,0.698190813644309,"05_rr_to_or",1000
2,300,0.3,0.01,0.5,"transpose","sample",1000,1000,0,-0.560493291913824,0.00468913988366963,0.14828362299533,0.00331738171541298,0.14297750345782,0.964216415607293,0.0215713228623866,0.572550753330676,0.005,0.00223047080231955,0.558864010918349,"05_rr_to_or",1000
0.25,50,0.5,0.01,0.5,"transpose","sample",1000,1000,0,0.582828833612047,0.0213650557221425,0.675622384183837,0.0151149351394373,0.694148371624169,1.02742062411492,0.0229853191042167,0.624523485959545,0.982,0.00420428352992517,2.55482908291714,"05_rr_to_or",1000
0.5,50,0.5,0.01,0.5,"transpose","sample",1000,1000,0,0.422319628805352,0.0152013097194124,0.480707621309983,0.0107543276943242,0.443492655497867,0.922582950295855,0.0206399044509427,0.488120046858188,0.959,0.00627048642451286,1.68556039373103,"05_rr_to_or",1000
0.75,50,0.5,0.01,0.5,"transpose","sample",1000,1000,0,0.216442881830593,0.0112774041260433,0.356622831324776,0.00797831908903976,0.345147936511607,0.967823443130262,0.021652018807832,0.344478775617974,0.957,0.00641490451994416,1.33300585334499,"05_rr_to_or",1000
1,50,0.5,0.01,0.5,"transpose","sample",1000,1000,0,0.0206381608994823,0.00945222132650416,0.298905483397712,0.00668707417063499,0.293255081641836,0.981096359653066,0.0219489587509864,0.305676956339119,0.935,0.0077958322198467,1.13630589813254,"05_rr_to_or",1000
0.25,100,0.5,0.01,0.5,"transpose","sample",1000,1000,0,0.565802962586741,0.0153907515620951,0.48669829838015,0.0108883503340067,0.451931107399778,0.928565209502302,0.020773738767285,0.584505314181373,0.925,0.00832916562447884,1.70401454065039,"05_rr_to_or",1000
0.5,100,0.5,0.01,0.5,"transpose","sample",1000,1000,0,0.412321346103953,0.00950955925224405,0.300718667814189,0.00672763849397958,0.29537821156192,0.982241021845812,0.0219745669830476,0.445460896019177,0.845,0.0114444309600784,1.1458567430245,"05_rr_to_or",1000
0.75,100,0.5,0.01,0.5,"transpose","sample",1000,1000,0,0.232249210761696,0.00777632361444875,0.245908944442111,0.00550144256978707,0.236993288217291,0.963744075088251,0.021560755722404,0.299846269446136,0.899,0.00952885092757778,0.922961846917884,"05_rr_to_or",1000
1,100,0.5,0.01,0.5,"transpose","sample",1000,1000,0,0.00761806238964293,0.00639418643903357,0.202201929311075,0.0045236349744362,0.203961342173781,1.00870126644538,0.0225665320958958,0.198533360702433,0.949,0.00695693898205238,0.795040697660401,"05_rr_to_or",1000
0.25,300,0.5,0.01,0.5,"transpose","sample",1000,1000,0,0.566817908698861,0.00759014822455289,0.240021561678703,0.00536973081675293,0.237638412189618,0.990071102477558,0.0221497405173413,0.573977716485674,0.13,0.0106348483769163,0.925419706775143,"05_rr_to_or",1000
0.5,300,0.5,0.01,0.5,"transpose","sample",1000,1000,0,0.412112264556065,0.00538160994388073,0.17018144901274,0.00380727699966658,0.165067119323138,0.969947783854986,0.0216995442791899,0.423266288127188,0.173,0.011961229033841,0.645163705348064,"05_rr_to_or",1000
0.75,300,0.5,0.01,0.5,"transpose","sample",1000,1000,0,0.221486624767114,0.00409886533881983,0.129617502929885,0.00289978573177045,0.134229583841128,1.0355822385634,0.023167909669464,0.242742713834106,0.654,0.0150427391122761,0.525135632258931,"05_rr_to_or",1000
1,300,0.5,0.01,0.5,"transpose","sample",1000,1000,0,-9.01267228507942e-05,0.00357965334863256,0.113198578155277,0.0025324637056844,0.116123837332281,1.02584183674985,0.0229499986808847,0.11294266123047,0.957,0.00641490451994416,0.454525519081921,"05_rr_to_or",1000
0.25,50,0.01,0.05,0.5,"transpose","sample",1000,1000,0,0.00790324102640299,0.0178651823572675,0.564946670632213,0.0126389126289271,1.87985628006495,3.32749333306322,0.0744422433056558,0.0243668029465096,1,0,7.33427644539461,"05_rr_to_or",1000
0.5,50,0.01,0.05,0.5,"transpose","sample",1000,1000,0,0.00436207974703737,0.0196196429057042,0.620427584611894,0.0138801243411361,1.86559873297519,3.0069564591365,0.0672712345104794,0.0254763497792418,1,0,7.27570523839328,"05_rr_to_or",1000
0.75,50,0.01,0.05,0.5,"transpose","sample",1000,1000,0,0.00294898977588454,0.0218762182532379,0.69178676271182,0.0154765624903649,1.83718763676942,2.65571377741835,0.0594132794209879,0.0292533497149087,1,0,7.15726988349309,"05_rr_to_or",1000
1,50,0.01,0.05,0.5,"transpose","sample",1000,1000,0,9.6544480577082e-05,0.022586230350247,0.714239316640033,0.0159788680744962,1.82273406924309,2.5519934660244,0.0570928622529633,0.0295524499183328,1,0,7.09678521515945,"05_rr_to_or",1000
2,50,0.01,0.05,0.5,"transpose","sample",1000,1000,0,-0.00817969215124366,0.0245401733964152,0.776028421081423,0.0173612057942325,1.78029851662658,2.294115097158,0.0513236412938502,0.0349214190220217,1,0,6.91840474655879,"05_rr_to_or",1000
0.25,100,0.01,0.05,0.5,"transpose","sample",1000,1000,0,0.00838439367079372,0.0228406495586173,0.722284758429502,0.016158859640292,1.80892229498147,2.50444478285088,0.056029109365318,0.0186081110639199,1,0,7.03812071117851,"05_rr_to_or",1000
0.5,100,0.01,0.05,0.5,"transpose","sample",1000,1000,0,0.00599487497067993,0.0253850999251749,0.802747343945225,0.0179589580231938,1.76763078900272,2.20197650273799,0.0492623287750535,0.0190812859784908,1,0,6.86917153788219,"05_rr_to_or",1000
0.75,100,0.01,0.05,0.5,"transpose","sample",1000,1000,0,0.00212348321590542,0.0278267164866631,0.879958039016139,0.0196863055406647,1.73374025066311,1.97025332321705,0.0440782482727559,0.0193352846755997,1,0,6.7343019019824,"05_rr_to_or",1000
1,100,0.01,0.05,0.5,"transpose","sample",1000,1000,0,-0.000686324693411284,0.0289219256250412,0.914591592931193,0.020461122854787,1.71193474726644,1.87180240940093,0.0418757173744546,0.0212482595371363,1,0,6.63626234615938,"05_rr_to_or",1000
2,100,0.01,0.05,0.5,"transpose","sample",1000,1000,0,-0.0106158675803071,0.0298598127290808,0.944250187299835,0.0211246410281087,1.61644558670446,1.71188272816427,0.0382980152941251,0.0268096630491347,1,0,6.24823581480076,"05_rr_to_or",1000
0.25,300,0.01,0.05,0.5,"transpose","sample",1000,1000,0,0.00711233762193993,0.0288943740748191,0.913720336413488,0.0204416312185369,1.57627998812316,1.72512302211674,0.0385942254094255,0.0113784546692945,1,0,6.10460568122609,"05_rr_to_or",1000
0.5,300,0.01,0.05,0.5,"transpose","sample",1000,1000,0,0.00564321143381283,0.030890183122276,0.976833360060837,0.0218535874846631,1.50633802482506,1.54206242990231,0.0344988179115663,0.0112628459055498,1,0,5.79660955493988,"05_rr_to_or",1000
0.75,300,0.01,0.05,0.5,"transpose","sample",1000,1000,0,0.00259206356961088,0.0334842664814389,1.05886547861379,0.0236887992542914,1.420703439501,1.34172231335836,0.0300168351675411,0.0116233010569259,1,0,5.44064181392276,"05_rr_to_or",1000
1,300,0.01,0.05,0.5,"transpose","sample",1000,1000,0,7.35111787917641e-05,0.0326419959050503,1.03223054433848,0.023092926006988,1.34148262291142,1.29959593839681,0.0290743894462191,0.0114100745674277,1,0,5.12981898517206,"05_rr_to_or",1000
2,300,0.01,0.05,0.5,"transpose","sample",1000,1000,0,-0.0102186117043604,0.0314831044042891,0.99558317730432,0.0222730559305671,1.19188825753754,1.19717597153935,0.026783063415179,0.0177479099760956,1,0,4.52938649963103,"05_rr_to_or",1000
0.25,50,0.05,0.05,0.5,"transpose","sample",1000,1000,0,0.0378115643979488,0.0280002483154575,0.885445597271384,0.0198090724723763,1.60519144354484,1.8128628664386,0.0405571296694307,0.0623593397658904,1,0,6.21935800099633,"05_rr_to_or",1000
0.5,50,0.05,0.05,0.5,"transpose","sample",1000,1000,0,0.0260066938455586,0.0308299821889064,0.974929639393676,0.021810997696223,1.52767799179672,1.56696230175831,0.0350558745705732,0.0603700830119802,1,0,5.89922041712418,"05_rr_to_or",1000
0.75,50,0.05,0.05,0.5,"transpose","sample",1000,1000,0,0.0125070394741321,0.0329725314210032,1.04268299511838,0.0233267668614132,1.44990914471098,1.39055604771454,0.0311093370512699,0.0644001934663722,1,0,5.570553868053,"05_rr_to_or",1000
1,50,0.05,0.05,0.5,"transpose","sample",1000,1000,0,0.00104967054836391,0.0342840776155016,1.0841577274298,0.0242546341190528,1.42388384954856,1.31335488695372,0.0293822028341306,0.0673893754980362,1,0,5.45955847881927,"05_rr_to_or",1000
2,50,0.05,0.05,0.5,"transpose","sample",1000,1000,0,-0.0530048853526659,0.0325068306784964,1.02795624457485,0.022997301934716,1.24131845079395,1.20755961875337,0.0270153650052754,0.101352706600011,1,0,4.72293157624503,"05_rr_to_or",1000
0.25,100,0.05,0.05,0.5,"transpose","sample",1000,1000,0,0.0374487327246681,0.0295832866968463,0.935505666357935,0.0209290097554386,1.40579633158214,1.50271279174087,0.0336184929808153,0.0516435115816146,1,0,5.40893661081079,"05_rr_to_or",1000
0.5,100,0.05,0.05,0.5,"transpose","sample",1000,1000,0,0.0275483750425454,0.0316452326962743,1.00071012406258,0.022387755309286,1.26501119013468,1.26411351271147,0.0282805812844724,0.0485888890618206,1,0,4.81992657295043,"05_rr_to_or",1000
0.75,100,0.05,0.05,0.5,"transpose","sample",1000,1000,0,0.0131997223226448,0.0321167946242606,1.01562222156515,0.022721366793779,1.16048709736942,1.14263657561669,0.0255629152211385,0.0451524124384805,1,0,4.39786503638805,"05_rr_to_or",1000
1,100,0.05,0.05,0.5,"transpose","sample",1000,1000,0,-0.00108552081790101,0.0317434595964975,1.00381633138462,0.0224572469710504,1.0842604736631,1.08013830793879,0.0241647121947249,0.0456161211049827,1,0,4.10971797139657,"05_rr_to_or",1000
2,100,0.05,0.05,0.5,"transpose","sample",1000,1000,0,-0.0540216073131116,0.0273093133812469,0.863596316200544,0.019320263229284,0.909879993047168,1.05359411101966,0.0235708689116228,0.0794510927025873,1,0,3.42757756854918,"05_rr_to_or",1000
0.25,300,0.05,0.05,0.5,"transpose","sample",1000,1000,0,0.0380855674774666,0.0252101404700425,0.797214640181222,0.0178351811020966,0.976346643087343,1.22469733228356,0.0273987676788858,0.043130546799361,1,0,3.6714156080331,"05_rr_to_or",1000
0.5,300,0.05,0.05,0.5,"transpose","sample",1000,1000,0,0.0247075600758407,0.0233285865347993,0.737714680423008,0.016504055826206,0.734447065429402,0.995570624957967,0.022272775111125,0.0334656227167431,1,0,2.77220343187322,"05_rr_to_or",1000
0.75,300,0.05,0.05,0.5,"transpose","sample",1000,1000,0,0.014447199443942,0.0203309251482809,0.642920304069641,0.0143833285032127,0.611297290403689,0.950813478022423,0.0212714741051285,0.0291266039738213,1,0,2.33819065261591,"05_rr_to_or",1000
1,300,0.05,0.05,0.5,"transpose","sample",1000,1000,0,0.000594054393221966,0.0181213557585756,0.573047584873071,0.0128201452171111,0.549504996226401,0.958916869614093,0.0214527621162792,0.0265186779725253,1,0,2.11486621950994,"05_rr_to_or",1000
2,300,0.05,0.05,0.5,"transpose","sample",1000,1000,0,-0.0544619339843097,0.0146237638380975,0.462444016927938,0.0103457367386227,0.463476045430994,1.0022316831125,0.0224217954282766,0.0637176217742454,1,0,1.79212578510486,"05_rr_to_or",1000
0.25,50,0.15,0.05,0.5,"transpose","sample",1000,1000,0,0.125582539806086,0.0282171037735296,0.892303168976854,0.0199624891648493,1.22551995574472,1.3734344988934,0.0307262960124049,0.158376703390675,1,0,4.67601664572321,"05_rr_to_or",1000
0.5,50,0.15,0.05,0.5,"transpose","sample",1000,1000,0,0.0846212890433734,0.02803960757349,0.886690246295356,0.0198369175966781,1.03515668127851,1.16743889492802,0.0261177894474437,0.129383747979851,1,0,3.90588765041665,"05_rr_to_or",1000
0.75,50,0.15,0.05,0.5,"transpose","sample",1000,1000,0,0.0432265078704173,0.0276158712233478,0.873290526356794,0.0195371408241802,0.903798581019605,1.0349345993596,0.0231534207703566,0.118269628954946,1,0,3.40394566012649,"05_rr_to_or",1000
1,50,0.15,0.05,0.5,"transpose","sample",1000,1000,0,0.00831844406232925,0.0252050026869664,0.797052169214778,0.017831546322999,0.811368691547901,1.01796183849199,0.0227737083960232,0.118473458707229,1,0,3.05443343016527,"05_rr_to_or",1000
2,50,0.15,0.05,0.5,"transpose","sample",1000,1000,0,-0.195835480926331,0.0212187020922695,0.67099427604152,0.0150113957126406,0.664309680489707,0.990037775595868,0.0221489949327263,0.254159370958178,1,0,2.49860512227203,"05_rr_to_or",1000
0.25,100,0.15,0.05,0.5,"transpose","sample",1000,1000,0,0.127270301183919,0.0251762311577265,0.796142333573135,0.0178111915996611,0.959084711334247,1.20466488326254,0.0269506043635117,0.143624064507577,1,0,3.5938106699699,"05_rr_to_or",1000
0.5,100,0.15,0.05,0.5,"transpose","sample",1000,1000,0,0.0830693984831953,0.0214688986716701,0.678906186578408,0.015188399934812,0.700709337490275,1.0321151159658,0.0230903436586125,0.109953560409187,1,0,2.65040490782853,"05_rr_to_or",1000
0.75,100,0.15,0.05,0.5,"transpose","sample",1000,1000,0,0.0458523807586188,0.0188471359077897,0.595998768393606,0.0133336060769157,0.579924719730707,0.973030063960999,0.0217685006444238,0.0907046095570779,1,0,2.22152541409791,"05_rr_to_or",1000
1,100,0.15,0.05,0.5,"transpose","sample",1000,1000,0,0.000178608458004005,0.0172632782200837,0.54591279056642,0.0122130891669146,0.522757744982775,0.957584716856294,0.0214229593699503,0.0840061581103604,1,0,2.01444892311779,"05_rr_to_or",1000
2,100,0.15,0.05,0.5,"transpose","sample",1000,1000,0,-0.197760676805098,0.0137072756577978,0.433462115944237,0.00969735746072859,0.430858634341293,0.993993750532795,0.0222374974838328,0.226210988878314,1,0,1.66007101256139,"05_rr_to_or",1000
0.25,300,0.15,0.05,0.5,"transpose","sample",1000,1000,0,0.122179233873652,0.0154487254443268,0.488531593506695,0.0109293645715125,0.498509003705432,1.02042326500753,0.0228287751063689,0.127787598296489,1,0,1.90419081894088,"05_rr_to_or",1000
0.5,300,0.15,0.05,0.5,"transpose","sample",1000,1000,0,0.0862267343385926,0.0118590695513941,0.375016707127565,0.00838982445983632,0.362688680820584,0.96712672776259,0.0216364319832396,0.09598149893189,1,0,1.40951925605701,"05_rr_to_or",1000
0.75,300,0.15,0.05,0.5,"transpose","sample",1000,1000,0,0.0428150678170005,0.00987922794514662,0.312408618306483,0.0069891645292481,0.309219815100682,0.989792844950671,0.0221435153765386,0.0624059496123858,1,0,1.20649933340275,"05_rr_to_or",1000
1,300,0.15,0.05,0.5,"transpose","sample",1000,1000,0,5.50394904068573e-05,0.00900518892194877,0.284769077534744,0.00637081635750517,0.281734050680429,0.989342147396798,0.0221334324301269,0.0491229896620385,1,0,1.10023853955468,"05_rr_to_or",1000
2,300,0.15,0.05,0.5,"transpose","sample",1000,1000,0,-0.195693929413573,0.00719670971014097,0.227579943430956,0.00509138856929838,0.236160965876572,1.03770553026883,0.0232154116723003,0.205201634623581,1,0,0.922135002227338,"05_rr_to_or",1000
0.25,50,0.3,0.05,0.5,"transpose","sample",1000,1000,0,0.285519910647313,0.0242253485116303,0.766072784081219,0.0171384795923592,0.945885734710589,1.234720452633,0.0276230036093747,0.320351034384622,1,0,3.53252310438757,"05_rr_to_or",1000
0.5,50,0.3,0.05,0.5,"transpose","sample",1000,1000,0,0.202952597584542,0.0208707417580306,0.659990804125636,0.0147652274858165,0.66176297819772,1.002685149643,0.0224319403218694,0.256328321606359,1,0,2.49193316795423,"05_rr_to_or",1000
0.75,50,0.3,0.05,0.5,"transpose","sample",1000,1000,0,0.100779025327431,0.0168294257878119,0.532193172022593,0.0119061556648841,0.529975815037219,0.995833548602387,0.0222786572043254,0.195066622677157,1,0,2.03243439844923,"05_rr_to_or",1000
1,50,0.3,0.05,0.5,"transpose","sample",1000,1000,0,0.00331614563674377,0.0154144293786381,0.487447056683105,0.010905101456304,0.471615042906552,0.967520546981483,0.0216452424550202,0.190064705618912,1,0,1.81598628064216,"05_rr_to_or",1000
2,50,0.3,0.05,0.5,"transpose","sample",1000,1000,0,-0.587922195246275,0.0127036120807817,0.401723486865012,0.00898730502437147,0.380032492204483,0.946005161834569,0.0211639030876331,0.657190910317095,0.738,0.0139052508067996,1.45332836175391,"05_rr_to_or",1000
0.25,100,0.3,0.05,0.5,"transpose","sample",1000,1000,0,0.282963335246663,0.0202378319451272,0.639976438503176,0.0143174687298571,0.639368837962551,0.999050589202869,0.0223506284136215,0.301536801793535,1,0,2.38709300447918,"05_rr_to_or",1000
0.5,100,0.3,0.05,0.5,"transpose","sample",1000,1000,0,0.205711006137184,0.0136648014378859,0.432118963176634,0.0096673086236268,0.43425746364703,1.00494886976187,0.0224825839707056,0.232965278030827,1,0,1.67186881807569,"05_rr_to_or",1000
0.75,100,0.3,0.05,0.5,"transpose","sample",1000,1000,0,0.103998820139279,0.0117128817232173,0.370393842095246,0.00828640233120705,0.356477707908987,0.962428818720262,0.0215313309798861,0.161472316938301,1,0,1.38429898601019,"05_rr_to_or",1000
1,100,0.3,0.05,0.5,"transpose","sample",1000,1000,0,0.00266899855056068,0.0100394317340759,0.317474706934538,0.00710250239788043,0.317908646689785,1.00136684827411,0.0224024474569918,0.130385460399136,1,0,1.23798522368428,"05_rr_to_or",1000
2,100,0.3,0.05,0.5,"transpose","sample",1000,1000,0,-0.563315953086746,0.00835036193324619,0.264061629958249,0.00590755206320546,0.253538597328534,0.96014933092938,0.0214803345787649,0.599899547701474,0.378,0.0153334927527945,0.98517763471186,"05_rr_to_or",1000
0.25,300,0.3,0.05,0.5,"transpose","sample",1000,1000,0,0.280588791537849,0.0106160255526438,0.33570820444902,0.00751041980669958,0.325634233934727,0.969991884676076,0.0217005308969604,0.286465493967388,1,0,1.26103357936615,"05_rr_to_or",1000
0.5,300,0.3,0.05,0.5,"transpose","sample",1000,1000,0,0.190779042968089,0.00743460890686051,0.235102976582538,0.00525969287774039,0.235664097411505,1.00238670235963,0.0224252634984895,0.201452354782654,1,0,0.920245363338619,"05_rr_to_or",1000
0.75,300,0.3,0.05,0.5,"transpose","sample",1000,1000,0,0.0988320531803001,0.00631521871319597,0.199704750558169,0.00446776841973739,0.198598480184559,0.994460470416862,0.0222479388797088,0.120913011591572,1,0,0.77658878335605,"05_rr_to_or",1000
1,300,0.3,0.05,0.5,"transpose","sample",1000,1000,0,0.00252296374326927,0.00581727153362227,0.183958278139071,0.00411549040932612,0.178573306518054,0.970727212303287,0.021716981549946,0.0785487867110723,1,0,0.698540724363226,"05_rr_to_or",1000
2,300,0.3,0.05,0.5,"transpose","sample",1000,1000,0,-0.562154812081638,0.00452160066465047,0.142985567700267,0.0031988543190083,0.142296183012049,0.995178641457978,0.0222640057078063,0.573595927260251,0.004,0.00199599599197994,0.556331276621336,"05_rr_to_or",1000
0.25,50,0.5,0.05,0.5,"transpose","sample",1000,1000,0,0.586104888057109,0.0202982454639288,0.641886881711961,0.0143602089141144,0.679157631062774,1.05806435746344,0.0236708766772574,0.623372008791859,0.981,0.00431729081716764,2.51059058107466,"05_rr_to_or",1000
0.5,50,0.5,0.05,0.5,"transpose","sample",1000,1000,0,0.419509619123377,0.0143700243753622,0.454420070582828,0.0101662260660816,0.443747079125967,0.976512940013471,0.0218464190894964,0.484463630045759,0.956,0.00648567652600714,1.68955992927025,"05_rr_to_or",1000
0.75,50,0.5,0.05,0.5,"transpose","sample",1000,1000,0,0.23468003638098,0.0110901709259664,0.350701997666324,0.00784585897698027,0.344531309659605,0.982404753757377,0.0219782299718435,0.357110081530396,0.943,0.00733150734842434,1.33272047014261,"05_rr_to_or",1000
1,50,0.5,0.05,0.5,"transpose","sample",1000,1000,0,-0.00643095021754002,0.00953416139792607,0.301496655971013,0.00674504354272417,0.295649707783755,0.980606921929441,0.021938009114591,0.302466475174786,0.93,0.00806845710157772,1.14582055282019,"05_rr_to_or",1000
0.25,100,0.5,0.05,0.5,"transpose","sample",1000,1000,0,0.562893673225904,0.014539812604519,0.459789245823051,0.0102863445485477,0.441420422314365,0.960049471196734,0.021478100529957,0.583720776342359,0.91,0.00904986187739901,1.67654761252976,"05_rr_to_or",1000
0.5,100,0.5,0.05,0.5,"transpose","sample",1000,1000,0,0.413674811187272,0.00961348269913203,0.304005015758804,0.00680116023806522,0.296046395804826,0.973820761035426,0.0217861900154019,0.446174106307833,0.845,0.0114444309600784,1.14765826807808,"05_rr_to_or",1000
0.75,100,0.5,0.05,0.5,"transpose","sample",1000,1000,0,0.225075182833818,0.00748952035573497,0.23683942906317,0.00529854056430597,0.236562742379963,0.998831754136961,0.0223457326643022,0.288308201301436,0.915,0.00881901355027874,0.921603575374231,"05_rr_to_or",1000
1,100,0.5,0.05,0.5,"transpose","sample",1000,1000,0,0.000993894896147657,0.00629313145539682,0.199006290139043,0.00445214255508325,0.204059384775756,1.02539163276288,0.0229399267764867,0.198259003022152,0.951,0.00682634602111555,0.795658381807279,"05_rr_to_or",1000
0.25,300,0.5,0.05,0.5,"transpose","sample",1000,1000,0,0.562611847965464,0.00777477218701522,0.245859883998967,0.00550034499600414,0.236947017803552,0.963748188397209,0.0215608477448111,0.569664560081873,0.129,0.0105999528300837,0.921982818559443,"05_rr_to_or",1000
0.5,300,0.5,0.05,0.5,"transpose","sample",1000,1000,0,0.405067998834277,0.00534933895462952,0.169160950728934,0.00378444654624951,0.164523850482961,0.972587643744071,0.0217586028775058,0.416133846430568,0.18,0.01214907403879,0.643017919629709,"05_rr_to_or",1000
0.75,300,0.5,0.05,0.5,"transpose","sample",1000,1000,0,0.218090077576509,0.00434811587031998,0.137499496805365,0.00307612066232673,0.134681607560152,0.979506185035705,0.0219133835735434,0.241979954251959,0.66,0.0149799866488592,0.526929451498075,"05_rr_to_or",1000
1,300,0.5,0.05,0.5,"transpose","sample",1000,1000,0,-0.00198038238270408,0.00368143657997007,0.11641724654166,0.00260447133159264,0.116659257200184,1.00207882135777,0.0224183756251999,0.114632215269836,0.954,0.00662449998113065,0.456510437535414,"05_rr_to_or",1000
0.25,50,0.01,0.15,0.5,"transpose","sample",1000,1000,0,0.00791377731023209,0.0187160942498463,0.591854867318949,0.0132408992669669,1.87641047965425,3.17038953849315,0.0709275378715625,0.0260026645225901,1,0,7.32059467260204,"05_rr_to_or",1000
0.5,50,0.01,0.15,0.5,"transpose","sample",1000,1000,0,0.00545128266196198,0.0195073375679111,0.616876178003685,0.0138006727394819,1.86330908133909,3.02055606583654,0.0675754831233215,0.0255074695375286,1,0,7.26511358311061,"05_rr_to_or",1000
0.75,50,0.01,0.15,0.5,"transpose","sample",1000,1000,0,0.00278062795778959,0.0201494219128205,0.637180667802196,0.0142549221153587,1.84877355644321,2.90149034624687,0.0649117605009541,0.025466229556405,1,0,7.20285080441373,"05_rr_to_or",1000
1,50,0.01,0.15,0.5,"transpose","sample",1000,1000,0,0.000260632950133668,0.0219393238967506,0.693782338378928,0.0155212072467854,1.82637131980389,2.63248459750552,0.0588935992624493,0.0283511109756949,1,0,7.1104262251865,"05_rr_to_or",1000
2,50,0.01,0.15,0.5,"transpose","sample",1000,1000,0,-0.0116651961481838,0.0245624088917604,0.77673156918335,0.0173769365311099,1.77027247552026,2.27913032732983,0.0509884039936446,0.0368509938264894,1,0,6.87885288008165,"05_rr_to_or",1000
0.25,100,0.01,0.15,0.5,"transpose","sample",1000,1000,0,0.00754006730412608,0.0230607944152315,0.729246350050223,0.0163146034526311,1.80178168902394,2.47074488463309,0.0552751796736858,0.0171865296701656,1,0,7.01238088244991,"05_rr_to_or",1000
0.5,100,0.01,0.15,0.5,"transpose","sample",1000,1000,0,0.00501469831236829,0.0250681995538096,0.79272607429655,0.0177347634963391,1.77713971976509,2.24180808148905,0.0501534356173037,0.0179121630068081,1,0,6.9075921557774,"05_rr_to_or",1000
0.75,100,0.01,0.15,0.5,"transpose","sample",1000,1000,0,0.00226164295104363,0.0269687972639654,0.85282825109448,0.0190793614926549,1.74328752591583,2.04412497320367,0.0457308951126615,0.018978964753067,1,0,6.76819523502689,"05_rr_to_or",1000
1,100,0.01,0.15,0.5,"transpose","sample",1000,1000,0,-0.000319134404138767,0.02706321848004,0.855814112116865,0.0191461607828283,1.7193093871364,2.00897527020637,0.0449445305791412,0.0190651698425467,1,0,6.66606278765388,"05_rr_to_or",1000
2,100,0.01,0.15,0.5,"transpose","sample",1000,1000,0,-0.0107929505641376,0.0311845280648559,0.986141364423876,0.0220618249343368,1.62167385766417,1.6444638833415,0.0367897297628472,0.0283398488263304,1,0,6.27654363722163,"05_rr_to_or",1000
0.25,300,0.01,0.15,0.5,"transpose","sample",1000,1000,0,0.0075044108664595,0.0294054135101599,0.929880822311921,0.0208031714840681,1.57164585690327,1.69015837211887,0.0378120008572753,0.0118311194294437,1,0,6.08655604181968,"05_rr_to_or",1000
0.5,300,0.01,0.15,0.5,"transpose","sample",1000,1000,0,0.00477887105101557,0.032602543413103,1.03098294699925,0.0230650149233649,1.49456573090797,1.44965126266929,0.0324314074296383,0.0112696321560917,1,0,5.75335464088341,"05_rr_to_or",1000
0.75,300,0.01,0.15,0.5,"transpose","sample",1000,1000,0,0.00243447390291511,0.0331430067664394,1.04807389888321,0.0234473714515745,1.41618043734493,1.35122193087144,0.0302293593614118,0.0113518757802111,1,0,5.43521352515534,"05_rr_to_or",1000
1,300,0.01,0.15,0.5,"transpose","sample",1000,1000,0,5.82218929615021e-05,0.0339257787643064,1.07282732290181,0.02400115179882,1.35946628981773,1.26718089742589,0.0283492044119642,0.0116508636769943,1,0,5.20085643897805,"05_rr_to_or",1000
2,300,0.01,0.15,0.5,"transpose","sample",1000,1000,0,-0.0103936127498603,0.0322487613034335,1.0197953743795,0.0228147280198019,1.19820418971381,1.17494569971241,0.0262857306969888,0.0179056451342201,1,0,4.55481741304015,"05_rr_to_or",1000
0.25,50,0.05,0.15,0.5,"transpose","sample",1000,1000,0,0.0378680510690767,0.0280554079244111,0.887189897262762,0.0198480957224204,1.610574164967,1.8153657632217,0.0406131241471492,0.0627867346456255,1,0,6.23658505807302,"05_rr_to_or",1000
0.5,50,0.05,0.15,0.5,"transpose","sample",1000,1000,0,0.0259443853286766,0.0313897785149652,0.992631953555077,0.0222070315409139,1.53211598978322,1.54348848462514,0.0345307214203094,0.0626743710156185,1,0,5.91136289818253,"05_rr_to_or",1000
0.75,50,0.05,0.15,0.5,"transpose","sample",1000,1000,0,0.0102810088636656,0.0331560838920931,1.04848743390635,0.0234566230027353,1.47064478207216,1.40263462824059,0.0313795574665515,0.0636761011275756,1,0,5.64581476508846,"05_rr_to_or",1000
1,50,0.05,0.15,0.5,"transpose","sample",1000,1000,0,-0.00224759565173876,0.0323818791248052,1.02400492950644,0.0229089036335753,1.42126893738848,1.38795126511111,0.0310510631973763,0.0642818663658676,1,0,5.44263769311013,"05_rr_to_or",1000
2,50,0.05,0.15,0.5,"transpose","sample",1000,1000,0,-0.05710826046169,0.0310328750217119,0.981345674119569,0.0219545363814479,1.24879154208744,1.27252972629427,0.0284688677080748,0.100065812024456,1,0,4.76050326147875,"05_rr_to_or",1000
0.25,100,0.05,0.15,0.5,"transpose","sample",1000,1000,0,0.0384340935051598,0.0300444028708083,0.950087440114557,0.0212552312805226,1.39649336572998,1.46985772758094,0.0328834638056358,0.0525791110615721,1,0,5.37710664272835,"05_rr_to_or",1000
0.5,100,0.05,0.15,0.5,"transpose","sample",1000,1000,0,0.0238775333476916,0.0318597297351274,1.00749311600396,0.0225395035130834,1.26821901771565,1.2587867823314,0.0281614123728365,0.0453988643721839,1,0,4.83425643907064,"05_rr_to_or",1000
0.75,100,0.05,0.15,0.5,"transpose","sample",1000,1000,0,0.0123734837465626,0.0321476438005162,1.01659775817423,0.0227431913705212,1.1599737078313,1.14103508344792,0.0255270868489236,0.0456525022957021,1,0,4.3959121039865,"05_rr_to_or",1000
1,100,0.05,0.15,0.5,"transpose","sample",1000,1000,0,8.25181157985831e-05,0.0318578923610187,1.00743501313298,0.0225382036432941,1.07830001938852,1.07034201246903,0.0239455507606184,0.0471439630031883,1,0,4.07783656925259,"05_rr_to_or",1000
2,100,0.05,0.15,0.5,"transpose","sample",1000,1000,0,-0.0530839515829649,0.0277320527898692,0.876964510080135,0.0196193347049361,0.926298764857437,1.05625570272256,0.0236304136912197,0.0778999370139092,1,0,3.48970051718621,"05_rr_to_or",1000
0.25,300,0.05,0.15,0.5,"transpose","sample",1000,1000,0,0.0393930306438583,0.0252989804971817,0.800024008512733,0.0178980319209972,0.979476206348111,1.22430851565191,0.027390069124329,0.0443020917159037,1,0,3.67384734975331,"05_rr_to_or",1000
0.5,300,0.05,0.15,0.5,"transpose","sample",1000,1000,0,0.0266862060727022,0.023840560777761,0.753904727534002,0.0168662574312975,0.743211594407627,0.985816333634952,0.0220545533882662,0.0353891893238879,1,0,2.80308397564517,"05_rr_to_or",1000
0.75,300,0.05,0.15,0.5,"transpose","sample",1000,1000,0,0.0121903615609411,0.0200243367729166,0.633225128366823,0.0141664293072357,0.60884120353209,0.96149248704387,0.0215103834907428,0.027618232608667,1,0,2.33215032519744,"05_rr_to_or",1000
1,300,0.05,0.15,0.5,"transpose","sample",1000,1000,0,0.000568932352445883,0.0181452216844048,0.57380229171396,0.0128370294193169,0.55127220724524,0.960735457501534,0.0214934473253657,0.0268081051638031,1,0,2.12799333270412,"05_rr_to_or",1000
2,300,0.05,0.15,0.5,"transpose","sample",1000,1000,0,-0.0556733011721105,0.0156828052369854,0.495933846496905,0.011094966802066,0.462644104744852,0.932874632398656,0.0208701486096638,0.065630658875849,1,0,1.78529738258836,"05_rr_to_or",1000
0.25,50,0.15,0.15,0.5,"transpose","sample",1000,1000,0,0.120786789744891,0.0266776496444808,0.843621354965406,0.0188733860230964,1.22105280255278,1.44739437351352,0.0323809166022103,0.149784824275394,1,0,4.66027640661968,"05_rr_to_or",1000
0.5,50,0.15,0.15,0.5,"transpose","sample",1000,1000,0,0.0935373918094155,0.0280505515195625,0.887036324257147,0.0198446600073325,1.04112165726534,1.1737080306573,0.0262580417276324,0.137609115899107,1,0,3.92100728418372,"05_rr_to_or",1000
0.75,50,0.15,0.15,0.5,"transpose","sample",1000,1000,0,0.0457518125947785,0.028148740772837,0.890141341078131,0.019914125035364,0.905846952920237,1.01764395283909,0.0227665966999963,0.123796783217465,1,0,3.40879657323217,"05_rr_to_or",1000
1,50,0.15,0.15,0.5,"transpose","sample",1000,1000,0,0.0031119302314642,0.0255833193658161,0.809015593034732,0.0180991904675942,0.816022882851427,1.00866150155451,0.022565642480986,0.119671694739049,1,0,3.07736462566799,"05_rr_to_or",1000
2,50,0.15,0.15,0.5,"transpose","sample",1000,1000,0,-0.195769512182444,0.0216947662742248,0.686048747315554,0.0153481923644277,0.666408072806898,0.971371313502856,0.0217313912972881,0.258234978338257,1,0,2.50416072761818,"05_rr_to_or",1000
0.25,100,0.15,0.15,0.5,"transpose","sample",1000,1000,0,0.123764007496275,0.025256910490795,0.798693638099135,0.0178682690490384,0.940744510574229,1.17785401773472,0.0263507952053609,0.140221091858859,1,0,3.53074705315812,"05_rr_to_or",1000
0.5,100,0.15,0.15,0.5,"transpose","sample",1000,1000,0,0.0881053048634948,0.0224595998673529,0.710234909168508,0.0158892819970942,0.71302379778552,1.00392671295231,0.0224597164129684,0.113484799871257,1,0,2.68350591398774,"05_rr_to_or",1000
0.75,100,0.15,0.15,0.5,"transpose","sample",1000,1000,0,0.0447467330409368,0.0202729272349137,0.641086249011867,0.0143422972646253,0.594171632554705,0.926820117371924,0.0207346977956113,0.091816945704846,1,0,2.26406654860379,"05_rr_to_or",1000
1,100,0.15,0.15,0.5,"transpose","sample",1000,1000,0,0.00237302742484891,0.0165525331530118,0.523437058089656,0.0117102650353429,0.516812098864032,0.987343350794071,0.0220887156153582,0.0839948595871495,1,0,1.99769083015119,"05_rr_to_or",1000
2,100,0.15,0.15,0.5,"transpose","sample",1000,1000,0,-0.198721232707699,0.0139778934504131,0.442019801944551,0.00988880888665298,0.430212346539768,0.973287496730147,0.0217742598964846,0.22737929533955,1,0,1.65599948358439,"05_rr_to_or",1000
0.25,300,0.15,0.15,0.5,"transpose","sample",1000,1000,0,0.122930399015785,0.0166182323894487,0.525514650366401,0.0117567446565697,0.509575900829602,0.96967020895481,0.0216933344100223,0.128791134364595,1,0,1.93312990534475,"05_rr_to_or",1000
0.5,300,0.15,0.15,0.5,"transpose","sample",1000,1000,0,0.0841258586198487,0.011623718432335,0.367574251266605,0.00822332281594478,0.360564782862776,0.980930469477457,0.021945247477791,0.0941905173655034,1,0,1.40124759252997,"05_rr_to_or",1000
0.75,300,0.15,0.15,0.5,"transpose","sample",1000,1000,0,0.0433012835045692,0.00987822506432196,0.312376904430207,0.0069884550305782,0.308972467738387,0.989101509607344,0.0221280489131434,0.0622292043612389,1,0,1.20517311673879,"05_rr_to_or",1000
1,300,0.15,0.15,0.5,"transpose","sample",1000,1000,0,-0.00145739065733308,0.0089083977388522,0.281708271574668,0.00630234040904051,0.280681299189247,0.996354482672161,0.0222903114728352,0.0482568457375178,1,0,1.09639596229663,"05_rr_to_or",1000
2,300,0.15,0.15,0.5,"transpose","sample",1000,1000,0,-0.190765029262148,0.00746570826253725,0.23608642455956,0.00528169444656593,0.234786483236378,0.994493790459965,0.0222486843113317,0.20123534818919,1,0,0.916638576296717,"05_rr_to_or",1000
0.25,50,0.3,0.15,0.5,"transpose","sample",1000,1000,0,0.286647203417678,0.0248060408767607,0.784435889018041,0.0175492965613885,0.959058449701908,1.22260909161418,0.0273520498332191,0.322366323090605,1,0,3.58230679494628,"05_rr_to_or",1000
0.5,50,0.3,0.15,0.5,"transpose","sample",1000,1000,0,0.199959130802112,0.0216879822317674,0.685834217056468,0.0153433929216806,0.66514613825608,0.969835160909325,0.0216970246934587,0.259783794076443,1,0,2.50253910989561,"05_rr_to_or",1000
0.75,50,0.3,0.15,0.5,"transpose","sample",1000,1000,0,0.100050931714257,0.0176745705338751,0.558918995523435,0.0125040622739898,0.540371273151544,0.966815008041514,0.0216294582306286,0.201753387783061,1,0,2.05682059232908,"05_rr_to_or",1000
1,50,0.3,0.15,0.5,"transpose","sample",1000,1000,0,-0.00354000057490777,0.015998683323105,0.505922788647634,0.0113184381023875,0.477097334955737,0.94302400615527,0.0210972090647766,0.197614262611931,0.999,0.000999499874937461,1.83447027180782,"05_rr_to_or",1000
2,50,0.3,0.15,0.5,"transpose","sample",1000,1000,0,-0.593265694942497,0.0124207210682281,0.392777687572406,0.00878717077890608,0.375922349469841,0.957086823829683,0.0214118205726283,0.664866096707603,0.748,0.013729384545565,1.44050599783317,"05_rr_to_or",1000
0.25,100,0.3,0.15,0.5,"transpose","sample",1000,1000,0,0.279244704243975,0.0207048578761177,0.654745095186082,0.014647871175194,0.645144459895726,0.985336835111949,0.0220438261103602,0.298249403677282,1,0,2.40025887368217,"05_rr_to_or",1000
0.5,100,0.3,0.15,0.5,"transpose","sample",1000,1000,0,0.196224555497011,0.0136150830227762,0.430546728842629,0.00963213480384404,0.43191604365736,1.00318040928661,0.0224430202054931,0.222419738352081,1,0,1.66319450748643,"05_rr_to_or",1000
0.75,100,0.3,0.15,0.5,"transpose","sample",1000,1000,0,0.110208448175241,0.0109929410799882,0.347627319967939,0.00777707269181018,0.354911613959716,1.02095431967904,0.0228406557916501,0.160154481454741,1,0,1.37844629218975,"05_rr_to_or",1000
1,100,0.3,0.15,0.5,"transpose","sample",1000,1000,0,0.000312471863547366,0.0102017024234622,0.322606156694,0.00721730251715008,0.317301145065148,0.983555764455282,0.0220039802318274,0.133425691352169,1,0,1.23439426217759,"05_rr_to_or",1000
2,100,0.3,0.15,0.5,"transpose","sample",1000,1000,0,-0.579399295374571,0.00790264690259789,0.249903637562841,0.0055908113190104,0.251272112543884,1.0054760106511,0.0224943770973642,0.617219619718815,0.358,0.0151603430040352,0.977444869684264,"05_rr_to_or",1000
0.25,300,0.3,0.15,0.5,"transpose","sample",1000,1000,0,0.277387593899498,0.0105558853534173,0.333806404364101,0.00746787298527291,0.327091414403794,0.979883579606272,0.0219218265952514,0.283796407660286,1,0,1.26883026152443,"05_rr_to_or",1000
0.5,300,0.3,0.15,0.5,"transpose","sample",1000,1000,0,0.193650707659213,0.00757029025030896,0.239393597395425,0.00535568208238026,0.235413100097681,0.983372582470661,0.0219998821085546,0.204122145079178,1,0,0.919167592240077,"05_rr_to_or",1000
0.75,300,0.3,0.15,0.5,"transpose","sample",1000,1000,0,0.103461144219792,0.00615305165708754,0.194576577970699,0.00435304161692862,0.19948922752581,1.02524789780119,0.022936711156824,0.123425644984469,1,0,0.780007658942044,"05_rr_to_or",1000
1,300,0.3,0.15,0.5,"transpose","sample",1000,1000,0,0.000802185452023523,0.00578198377322309,0.182842381175194,0.00409052570918275,0.178174787037941,0.97447203374156,0.0218007602027458,0.0778916311671583,1,0,0.696976633536854,"05_rr_to_or",1000
2,300,0.3,0.15,0.5,"transpose","sample",1000,1000,0,-0.564629414807737,0.00461455138970824,0.145924927713733,0.00326461329472469,0.142615196012995,0.977318942331559,0.0218644508673731,0.576489446179582,0.004,0.00199599599197994,0.557501674743594,"05_rr_to_or",1000
0.25,50,0.5,0.15,0.5,"transpose","sample",1000,1000,0,0.570832036193457,0.019875317152653,0.628512714205959,0.0140610037972777,0.678540786254937,1.07959754976824,0.0241526144240392,0.611489832522042,0.98,0.00442718872423573,2.51558810107746,"05_rr_to_or",1000
0.5,50,0.5,0.15,0.5,"transpose","sample",1000,1000,0,0.42171109555242,0.0134142786109119,0.424196735785613,0.00949007359415126,0.430601736150054,1.01509912694773,0.0227096641897813,0.482899800658933,0.948,0.00702111102319284,1.6501879091962,"05_rr_to_or",1000
0.75,50,0.5,0.15,0.5,"transpose","sample",1000,1000,0,0.236742317067223,0.0113277006685439,0.358213347652108,0.00801390191117328,0.34539002074739,0.964201984686591,0.0215710000157262,0.357294180170059,0.945,0.00720936890441875,1.33340350481192,"05_rr_to_or",1000
1,50,0.5,0.15,0.5,"transpose","sample",1000,1000,0,0.00337286183894728,0.00947770434826931,0.299711327302128,0.00670510240450184,0.296780502629293,0.9902211748244,0.0221530979161514,0.307491360500113,0.93,0.00806845710157772,1.15083216392658,"05_rr_to_or",1000
0.25,100,0.5,0.15,0.5,"transpose","sample",1000,1000,0,0.568154828588941,0.0150136296589379,0.474772656685009,0.0106215514461398,0.446895602375197,0.941283361800032,0.0210582675981435,0.590102544167332,0.9,0.00948683298050514,1.68666884095155,"05_rr_to_or",1000
0.5,100,0.5,0.15,0.5,"transpose","sample",1000,1000,0,0.403011802182937,0.0092486797810228,0.292468934575794,0.00654307654675128,0.293485955433482,1.00347736370416,0.0224496636306751,0.435048805918703,0.867,0.0107382959542006,1.13989029045775,"05_rr_to_or",1000
0.75,100,0.5,0.15,0.5,"transpose","sample",1000,1000,0,0.240938357042381,0.00769998213572165,0.243494814914882,0.0054474339814447,0.237043282720887,0.9735044370606,0.0217791132570314,0.306007885034711,0.886,0.0100500746265886,0.923600341322828,"05_rr_to_or",1000
1,100,0.5,0.15,0.5,"transpose","sample",1000,1000,0,0.00051429999296755,0.00669025137635202,0.211564324683487,0.00473308925261962,0.204103472300573,0.96473482760349,0.021582920707398,0.209461057981902,0.939,0.00756828910652864,0.795750725183819,"05_rr_to_or",1000
0.25,300,0.5,0.15,0.5,"transpose","sample",1000,1000,0,0.561434300641861,0.00767853837814632,0.242816703759576,0.00543226336784499,0.235823839674825,0.971201058343683,0.0217275823712544,0.56857555491437,0.126,0.010493998284734,0.918103033217263,"05_rr_to_or",1000
0.5,300,0.5,0.15,0.5,"transpose","sample",1000,1000,0,0.406102091187319,0.00520438050705006,0.164576962124602,0.00368189415595519,0.165331716680623,1.00458602799734,0.0224744665224607,0.417413393577058,0.181,0.0121753439376471,0.646384849943997,"05_rr_to_or",1000
0.75,300,0.5,0.15,0.5,"transpose","sample",1000,1000,0,0.219399449458943,0.00413721117264515,0.130830104666548,0.0029269138983746,0.134702092821126,1.02959554427054,0.0230339761319517,0.241371253398269,0.677,0.0147875285291356,0.527010426766137,"05_rr_to_or",1000
1,300,0.5,0.15,0.5,"transpose","sample",1000,1000,0,0.00391017081230711,0.00378925240082553,0.1198266821587,0.00268074677690059,0.116057291144216,0.968542974347804,0.0216681160656177,0.120995938069915,0.927,0.00822623850857729,0.454164708555844,"05_rr_to_or",1000
0.25,50,0.01,0.3,0.5,"transpose","sample",1000,1000,0,0.00743036402568167,0.0175927289744527,0.556330938173087,0.0124461625952589,1.87947075786518,3.37833226395264,0.0755796051825573,0.0230897284348738,1,0,7.33397344361303,"05_rr_to_or",1000
0.5,50,0.01,0.3,0.5,"transpose","sample",1000,1000,0,0.00549840701645349,0.0191271793995262,0.604854521171545,0.0135317258135954,1.86923972321828,3.09039555428591,0.0691379229755164,0.0253902151326771,1,0,7.28957285224105,"05_rr_to_or",1000
0.75,50,0.01,0.3,0.5,"transpose","sample",1000,1000,0,0.00166224394594761,0.0214915217479705,0.679621591066298,0.0152044048699445,1.84491691875771,2.71462375976477,0.0607312057997995,0.0287421806255569,1,0,7.18716381358892,"05_rr_to_or",1000
1,50,0.01,0.3,0.5,"transpose","sample",1000,1000,0,-0.000598637054207301,0.021969643524544,0.694741129195285,0.0155426571888548,1.8295990273097,2.63349750061424,0.0589162597976083,0.0287705502843312,1,0,7.12268633364661,"05_rr_to_or",1000
2,50,0.01,0.3,0.5,"transpose","sample",1000,1000,0,-0.01118652465349,0.025576544574321,0.808801355316762,0.0180943975695385,1.75651355408658,2.17174902408349,0.0485860835972927,0.0383615473476805,1,0,6.82221607505188,"05_rr_to_or",1000
0.25,100,0.01,0.3,0.5,"transpose","sample",1000,1000,0,0.00775020532126996,0.0222638635432319,0.704045183117993,0.0157508062597969,1.81039215564922,2.57141473169601,0.0575273522548107,0.0173603159406695,1,0,7.0441981204884,"05_rr_to_or",1000
0.5,100,0.01,0.3,0.5,"transpose","sample",1000,1000,0,0.00489775117548847,0.0250239670047886,0.791327318280337,0.0177034707106708,1.78210953846731,2.25205107583052,0.0503825905398303,0.0178710433902089,1,0,6.9273468227576,"05_rr_to_or",1000
0.75,100,0.01,0.3,0.5,"transpose","sample",1000,1000,0,0.00232612526880798,0.0272027051831326,0.860225068967667,0.019244842129485,1.75000738160375,2.03435989572343,0.0455124320833118,0.0193120675457726,1,0,6.79412607256786,"05_rr_to_or",1000
1,100,0.01,0.3,0.5,"transpose","sample",1000,1000,0,-0.000793778891847132,0.0272930568003084,0.863082237973219,0.0193087623387799,1.72827999494839,2.00245112100432,0.0447985731710719,0.0198474996154455,1,0,6.701836426209,"05_rr_to_or",1000
2,100,0.01,0.3,0.5,"transpose","sample",1000,1000,0,-0.00960432608813116,0.0293567232842478,0.928341102175217,0.0207687250676319,1.61690710095732,1.7417165922835,0.0389654545792602,0.0260510135729441,1,0,6.24765380991082,"05_rr_to_or",1000
0.25,300,0.01,0.3,0.5,"transpose","sample",1000,1000,0,0.00803595304988643,0.0294624726716585,0.931685191429072,0.0208435385926953,1.54994235094684,1.66359019678037,0.0372176211321278,0.0123616124042832,1,0,5.99919942096004,"05_rr_to_or",1000
0.5,300,0.01,0.3,0.5,"transpose","sample",1000,1000,0,0.00540003783503346,0.0326190487335483,1.03150489106044,0.0230766917872698,1.49390970101535,1.44828174249328,0.0324007687043428,0.0115708132481836,1,0,5.76049466170491,"05_rr_to_or",1000
0.75,300,0.01,0.3,0.5,"transpose","sample",1000,1000,0,0.00279979012147111,0.0340288420798778,1.07608647110595,0.0240740650338884,1.4144609518157,1.31444915422269,0.0294066836375837,0.0117099423194137,1,0,5.43249546198206,"05_rr_to_or",1000
1,300,0.01,0.3,0.5,"transpose","sample",1000,1000,0,0.000245893274152322,0.0336184089458426,1.06310743579843,0.023783699762639,1.3545334482536,1.27412658649716,0.0285045924545581,0.0116514959389712,1,0,5.18187857713355,"05_rr_to_or",1000
2,300,0.01,0.3,0.5,"transpose","sample",1000,1000,0,-0.0102396311828151,0.0322923768473516,1.02117461898119,0.0228455842986699,1.19239617742077,1.16767118498344,0.026122986210019,0.0178433123989323,1,0,4.53742246866876,"05_rr_to_or",1000
0.25,50,0.05,0.3,0.5,"transpose","sample",1000,1000,0,0.0362891705692922,0.0292482501266023,0.924910879743715,0.0206919845824442,1.61407985538318,1.74511933066505,0.0390415801948965,0.0641781894417173,1,0,6.25414970713636,"05_rr_to_or",1000
0.5,50,0.05,0.3,0.5,"transpose","sample",1000,1000,0,0.0278864342882652,0.0313007112834531,0.989815400390441,0.0221440199838713,1.53279698303024,1.54856853351202,0.0346443716060164,0.0640202957505772,1,0,5.90969067287241,"05_rr_to_or",1000
0.75,50,0.05,0.3,0.5,"transpose","sample",1000,1000,0,0.0144109481502114,0.0329407903458255,1.04167925418894,0.0233043113013246,1.47258609715012,1.41366557049913,0.0316263402562693,0.0626362044954917,1,0,5.66271615997842,"05_rr_to_or",1000
1,50,0.05,0.3,0.5,"transpose","sample",1000,1000,0,-0.00032984062983605,0.0335353125770691,1.06047969789229,0.0237249123557317,1.40018179844943,1.32032871655374,0.0295382204329334,0.0666499563686441,1,0,5.36772131600078,"05_rr_to_or",1000
2,50,0.05,0.3,0.5,"transpose","sample",1000,1000,0,-0.0585847277270254,0.0317279186510451,1.00332488353839,0.0224462523644566,1.25045390225802,1.2463100664344,0.027882284925388,0.102894061688191,1,0,4.77262967991941,"05_rr_to_or",1000
0.25,100,0.05,0.3,0.5,"transpose","sample",1000,1000,0,0.0380712159900457,0.0289111540277134,0.914250965115252,0.0204535023740789,1.4040935631141,1.53578570511774,0.0343583958500303,0.051773434411831,1,0,5.40801753168316,"05_rr_to_or",1000
0.5,100,0.05,0.3,0.5,"transpose","sample",1000,1000,0,0.0258901741841103,0.0329941048314754,1.04336520625828,0.0233420291993292,1.27493919056382,1.22194911514829,0.0273372849265064,0.0484697888428259,1,0,4.86750454008712,"05_rr_to_or",1000
0.75,100,0.05,0.3,0.5,"transpose","sample",1000,1000,0,0.0133196374351795,0.0323126474298258,1.02181563108235,0.0228599249371087,1.17410055156379,1.14903365719717,0.0257060298890866,0.044701221082483,1,0,4.44453332897678,"05_rr_to_or",1000
1,100,0.05,0.3,0.5,"transpose","sample",1000,1000,0,-0.00245087948427547,0.0313056678175881,0.989972139762109,0.0221475265364841,1.09615353391473,1.10725695187557,0.0247714069309704,0.0446542681768449,1,0,4.13213533618706,"05_rr_to_or",1000
2,100,0.05,0.3,0.5,"transpose","sample",1000,1000,0,-0.0538942036164569,0.0273094810884798,0.863601619568906,0.0193203818755437,0.909958238210676,1.05367824421741,0.0235727511284599,0.080441511881359,1,0,3.42686181638243,"05_rr_to_or",1000
0.25,300,0.05,0.3,0.5,"transpose","sample",1000,1000,0,0.0394936483840903,0.0248531784971082,0.785926511455824,0.0175826445705603,0.958457833695962,1.2195260240306,0.0272830758506407,0.0445418327966645,1,0,3.60519184493448,"05_rr_to_or",1000
0.5,300,0.05,0.3,0.5,"transpose","sample",1000,1000,0,0.0272779664670548,0.0225032994143804,0.711616810181754,0.0159201977048524,0.716018471683298,1.00618543777854,0.0225102483077748,0.0356141127133664,1,0,2.71037502132647,"05_rr_to_or",1000
0.75,300,0.05,0.3,0.5,"transpose","sample",1000,1000,0,0.0133736544266586,0.0200735639046961,0.634781826957829,0.0142012555634189,0.611422681092441,0.96320130023675,0.0215486128347972,0.0275640658987087,1,0,2.3435040559117,"05_rr_to_or",1000
1,300,0.05,0.3,0.5,"transpose","sample",1000,1000,0,0.00136317783780731,0.0178181481919096,0.563459319728453,0.0126056378100842,0.550784397531869,0.977505168957553,0.0218686171049623,0.0256393971849888,1,0,2.12050567387448,"05_rr_to_or",1000
2,300,0.05,0.3,0.5,"transpose","sample",1000,1000,0,-0.0545110947834644,0.015574150819144,0.492497892114721,0.0110180980824313,0.466075432972414,0.946350107146952,0.0211716201588039,0.0640697003774385,1,0,1.79941875607292,"05_rr_to_or",1000
0.25,50,0.15,0.3,0.5,"transpose","sample",1000,1000,0,0.120175640011915,0.0278136325723163,0.879544289315675,0.019677049186771,1.25305846637158,1.42466784401103,0.0318724816725571,0.150715132622627,1,0,4.7905252243697,"05_rr_to_or",1000
0.5,50,0.15,0.3,0.5,"transpose","sample",1000,1000,0,0.085020278590189,0.0291550763907381,0.921964467509335,0.0206260678353688,1.04258990589112,1.13083523566548,0.0252988971955422,0.133721682415577,1,0,3.9343019301732,"05_rr_to_or",1000
0.75,50,0.15,0.3,0.5,"transpose","sample",1000,1000,0,0.0414637344239531,0.02872294615025,0.908299309451549,0.0203203527161708,0.924825169385515,1.01819428877904,0.0227789087432797,0.121168993680055,1,0,3.47075818830286,"05_rr_to_or",1000
1,50,0.15,0.3,0.5,"transpose","sample",1000,1000,0,0.00498672844208154,0.0256577300153396,0.8113686643814,0.0181518330703497,0.803060731998344,0.989760594970241,0.0221427938842171,0.120882796369703,1,0,3.02925787873969,"05_rr_to_or",1000
2,50,0.15,0.3,0.5,"transpose","sample",1000,1000,0,-0.18965208305081,0.0202881497551161,0.641567627367543,0.0143530665979007,0.658061423511021,1.02570858540845,0.0229470175993965,0.240596925970094,1,0,2.47102940044105,"05_rr_to_or",1000
0.25,100,0.15,0.3,0.5,"transpose","sample",1000,1000,0,0.126668464398962,0.0249553191650867,0.789156482981256,0.0176549050688091,0.965143692444084,1.22300673346557,0.0273609458244314,0.142442377822471,1,0,3.61770164543714,"05_rr_to_or",1000
0.5,100,0.15,0.3,0.5,"transpose","sample",1000,1000,0,0.0831711464072998,0.022211414094226,0.702386585909199,0.0157137003411355,0.696865032557519,0.992138868448728,0.0221960003057518,0.109454397692528,1,0,2.62282011798318,"05_rr_to_or",1000
0.75,100,0.15,0.3,0.5,"transpose","sample",1000,1000,0,0.0445081250832705,0.0189325830184224,0.598700843284403,0.013394056541069,0.58228125183612,0.97257463116603,0.0217583117618209,0.0913380489855467,1,0,2.23066978414542,"05_rr_to_or",1000
1,100,0.15,0.3,0.5,"transpose","sample",1000,1000,0,-0.000969870553912425,0.017693739264616,0.559525164013393,0.0125176233957403,0.520693965369492,0.930599727873952,0.0208192547447709,0.0860126073551541,1,0,2.00400722590487,"05_rr_to_or",1000
2,100,0.15,0.3,0.5,"transpose","sample",1000,1000,0,-0.198364399321641,0.0136704673786485,0.432298135955607,0.00967131705347805,0.428136591014575,0.990373437692871,0.0221565043210233,0.229278139420891,1,0,1.65314719664065,"05_rr_to_or",1000
0.25,300,0.15,0.3,0.5,"transpose","sample",1000,1000,0,0.124744067832278,0.0167862297133316,0.530827192209232,0.0118755961441162,0.513875137032714,0.968064832726511,0.0216574191441383,0.130461252664004,1,0,1.9536992395667,"05_rr_to_or",1000
0.5,300,0.15,0.3,0.5,"transpose","sample",1000,1000,0,0.0845012648874839,0.0117426201059069,0.371334252327535,0.00830744106526659,0.363132952962686,0.977913970194121,0.0218777627524724,0.0934007338055824,1,0,1.40838163191893,"05_rr_to_or",1000
0.75,300,0.15,0.3,0.5,"transpose","sample",1000,1000,0,0.0441404754610057,0.0101637141479881,0.321404861945201,0.00719042730899164,0.309970711330581,0.964424462824183,0.0215759772673661,0.0637373401672157,1,0,1.20915015746522,"05_rr_to_or",1000
1,300,0.15,0.3,0.5,"transpose","sample",1000,1000,0,-0.00140719890726301,0.00876841164998792,0.27728152275917,0.00620330576662606,0.280620058744394,1.01204023965248,0.0226412311654338,0.048164825460944,1,0,1.09610605420187,"05_rr_to_or",1000
2,300,0.15,0.3,0.5,"transpose","sample",1000,1000,0,-0.194934138052639,0.00753583672462471,0.238304081249572,0.00533130757042883,0.236076373548174,0.990651827321983,0.0221627324171996,0.20549805756426,1,0,0.921637822954051,"05_rr_to_or",1000
0.25,50,0.3,0.3,0.5,"transpose","sample",1000,1000,0,0.286050978827059,0.0239536691243423,0.757481527509727,0.0169462771300307,0.931346473177905,1.2295302781043,0.0275068897072895,0.320315116842034,1,0,3.47722860919557,"05_rr_to_or",1000
0.5,50,0.3,0.3,0.5,"transpose","sample",1000,1000,0,0.202571684067121,0.0211240721494671,0.668001814500449,0.0149444487565311,0.672104296733388,1.00614142378641,0.0225092636325303,0.257240091847306,1,0,2.52702601000636,"05_rr_to_or",1000
0.75,50,0.3,0.3,0.5,"transpose","sample",1000,1000,0,0.115655257630997,0.0174497067790476,0.551808179238709,0.0123449800270895,0.536149046853008,0.971622145203964,0.0217370028711227,0.208893426518145,0.999,0.000999499874937461,2.04391032521719,"05_rr_to_or",1000
1,50,0.3,0.3,0.5,"transpose","sample",1000,1000,0,0.00269794795459357,0.0157126435500033,0.496877416803641,0.0111160762328955,0.471812731766804,0.949555596231207,0.0212433329390979,0.193075306023012,1,0,1.81450366385926,"05_rr_to_or",1000
2,50,0.3,0.3,0.5,"transpose","sample",1000,1000,0,-0.573360471678876,0.0121140003422689,0.383078326576289,0.00857017795009774,0.373199357894088,0.974211622018679,0.0217949343059237,0.647562484502379,0.75,0.0136930639376292,1.43070967951555,"05_rr_to_or",1000
0.25,100,0.3,0.3,0.5,"transpose","sample",1000,1000,0,0.284986768421154,0.020090654930687,0.635322292654631,0.0142133467909204,0.635165598972885,0.999753363476211,0.0223663507872549,0.303805966056259,1,0,2.36816438746265,"05_rr_to_or",1000
0.5,100,0.3,0.3,0.5,"transpose","sample",1000,1000,0,0.194493426644402,0.0144925026765451,0.458293174539689,0.010252874638519,0.428388280202605,0.934747240416311,0.0209120423500002,0.225941891922026,1,0,1.65032386480749,"05_rr_to_or",1000
0.75,100,0.3,0.3,0.5,"transpose","sample",1000,1000,0,0.0987852794592304,0.0114691361796722,0.362685931224063,0.00811396196273224,0.35510870516112,0.979108023194146,0.0219044759491795,0.155205961842838,1,0,1.37967314344461,"05_rr_to_or",1000
1,100,0.3,0.3,0.5,"transpose","sample",1000,1000,0,-0.00172357974947992,0.0099069198798347,0.313284314170793,0.00700875548197668,0.31640474611765,1.00996038360592,0.0225947008994463,0.131075393907757,1,0,1.23189365278887,"05_rr_to_or",1000
2,100,0.3,0.3,0.5,"transpose","sample",1000,1000,0,-0.562167834418407,0.00821365881210943,0.259738697697788,0.00581083999110918,0.253896479420512,0.977507324364605,0.0218686653254455,0.597078818562505,0.404,0.0155172162451904,0.986327478978296,"05_rr_to_or",1000
0.25,300,0.3,0.3,0.5,"transpose","sample",1000,1000,0,0.282268923358184,0.010235383375293,0.323671241909478,0.00724113046353965,0.327012675751431,1.01032354256202,0.0226028254438594,0.288306246788346,1,0,1.26877238070704,"05_rr_to_or",1000
0.5,300,0.3,0.3,0.5,"transpose","sample",1000,1000,0,0.199953290512037,0.00776066882806902,0.245413896629678,0.00549036742522256,0.236129856743694,0.962169868888913,0.0215255377883093,0.210434581648155,1,0,0.921705535606108,"05_rr_to_or",1000
0.75,300,0.3,0.3,0.5,"transpose","sample",1000,1000,0,0.101605716059727,0.00615910961043841,0.194768147276177,0.00435732738024078,0.199110896682589,1.02229702067379,0.0228706945217489,0.12180873238283,1,0,0.778447402590908,"05_rr_to_or",1000
1,300,0.3,0.3,0.5,"transpose","sample",1000,1000,0,-0.00360601425397033,0.00562345825492923,0.177829364124522,0.00397837515090108,0.178450623434253,1.00349356987689,0.0224500261930404,0.0749615629726924,1,0,0.697980343643512,"05_rr_to_or",1000
2,300,0.3,0.3,0.5,"transpose","sample",1000,1000,0,-0.563099695976091,0.00473736061727612,0.149808496481738,0.0033514959845409,0.142933503054292,0.954108120774823,0.0213451814195632,0.574693484451126,0.001,0.000999499874937461,0.558698766107589,"05_rr_to_or",1000
0.25,50,0.5,0.3,0.5,"transpose","sample",1000,1000,0,0.574611836239697,0.0208436052622965,0.659132672783284,0.0147460294842635,0.701742471705491,1.06464525380343,0.0238181036248347,0.61346773082503,0.978,0.00463853425124791,2.59314522986465,"05_rr_to_or",1000
0.5,50,0.5,0.3,0.5,"transpose","sample",1000,1000,0,0.413506436033161,0.0142188555314171,0.449639692001619,0.0100592800650485,0.434880168558444,0.967174776369337,0.0216375069203517,0.479690736355934,0.946,0.00714730718522718,1.65819263149528,"05_rr_to_or",1000
0.75,50,0.5,0.3,0.5,"transpose","sample",1000,1000,0,0.21761739399567,0.0110764272540445,0.350267384599452,0.00783613587059672,0.345836045286778,0.98734869557512,0.022088835188097,0.342794554300284,0.951,0.00682634602111555,1.33763901945529,"05_rr_to_or",1000
1,50,0.5,0.3,0.5,"transpose","sample",1000,1000,0,-0.00179295049215968,0.00913303079308477,0.288811792466019,0.00646125944435948,0.297338823583969,1.02952452545356,0.0230323873083167,0.282681309881124,0.954,0.00662449998113065,1.15200861132488,"05_rr_to_or",1000
0.25,100,0.5,0.3,0.5,"transpose","sample",1000,1000,0,0.576563473009146,0.0136977322305113,0.433160326275142,0.0096906058619348,0.435135974947713,1.0045610102143,0.0224739068279082,0.597135899100192,0.914,0.00886588969026797,1.66681352850499,"05_rr_to_or",1000
0.5,100,0.5,0.3,0.5,"transpose","sample",1000,1000,0,0.413679449582974,0.00947357281990631,0.299580676903681,0.00670217951096739,0.294116657520399,0.981761108761233,0.0219638304306245,0.447007191783884,0.834,0.0117662228433767,1.14182085560907,"05_rr_to_or",1000
0.75,100,0.5,0.3,0.5,"transpose","sample",1000,1000,0,0.231409275962788,0.00725431187619257,0.229401483859779,0.00513213983225244,0.236302668832342,1.03008343649939,0.0230448911927413,0.290684692049903,0.905,0.00927227048785787,0.920698769116039,"05_rr_to_or",1000
1,100,0.5,0.3,0.5,"transpose","sample",1000,1000,0,0.0103898262041972,0.0064257030400485,0.203198571744214,0.00454593172789902,0.204484518051373,1.00632852040307,0.0225134493334364,0.202204546596575,0.945,0.00720936890441875,0.797149488522724,"05_rr_to_or",1000
0.25,300,0.5,0.3,0.5,"transpose","sample",1000,1000,0,0.567074980608484,0.00751159812988817,0.237537589583079,0.00531415971965425,0.237715897679188,1.00075065212383,0.022388661997743,0.574023651153152,0.131,0.0106695360723885,0.925688609011314,"05_rr_to_or",1000
0.5,300,0.5,0.3,0.5,"transpose","sample",1000,1000,0,0.412347273851572,0.00509367253116938,0.161076068535303,0.00360357262491792,0.16512844477226,1.02515815213152,0.0229347033785029,0.423074572115836,0.164,0.0117091417277271,0.645595097262012,"05_rr_to_or",1000
0.75,300,0.5,0.3,0.5,"transpose","sample",1000,1000,0,0.223397262766967,0.00420724690308075,0.133044828924248,0.00297646141824744,0.13471359430361,1.01254288041749,0.0226524761785348,0.246344060551163,0.658,0.0150011999520038,0.527103834452562,"05_rr_to_or",1000
1,300,0.5,0.3,0.5,"transpose","sample",1000,1000,0,-0.00124438010109861,0.00372589365151778,0.117823102583579,0.0026359229581024,0.116374175936741,0.987702525098506,0.0220967510156681,0.117725961973921,0.956,0.00648567652600714,0.455468150886548,"05_rr_to_or",1000
0.25,50,0.01,0.5,0.5,"transpose","sample",1000,1000,0,0.00917574889462607,0.0177394013930159,0.56096912729894,0.0125499275524937,1.88054701339718,3.35231819699597,0.0749976218972668,0.0243316672188253,1,0,7.33937885383763,"05_rr_to_or",1000
0.5,50,0.01,0.5,0.5,"transpose","sample",1000,1000,0,0.00541535391518794,0.0195076792582346,0.616886983200455,0.0138009144719232,1.86444207447811,3.02233978873286,0.0676153883374111,0.025257774040224,1,0,7.27044217985724,"05_rr_to_or",1000
0.75,50,0.01,0.5,0.5,"transpose","sample",1000,1000,0,0.00346198685264772,0.0214900581953281,0.679575309468044,0.0152033694641141,1.83943696593505,2.70674484535779,0.0605549397627076,0.0280636744844679,1,0,7.16543568506244,"05_rr_to_or",1000
1,50,0.01,0.5,0.5,"transpose","sample",1000,1000,0,-0.000470098324127471,0.021236284028909,0.671550265696094,0.015023834240084,1.82660908040027,2.71998861992394,0.0608512277458397,0.0271968447556354,1,0,7.10828879415617,"05_rr_to_or",1000
2,50,0.01,0.5,0.5,"transpose","sample",1000,1000,0,-0.009343461400039,0.0250909180292171,0.793444495569093,0.0177508359225811,1.76230556096861,2.2210823451546,0.0496897621693159,0.036618544064943,1,0,6.84769472811631,"05_rr_to_or",1000
0.25,100,0.01,0.5,0.5,"transpose","sample",1000,1000,0,0.00666228170864314,0.0219422361937069,0.693874433294974,0.0155232675821374,1.8275842120919,2.63388319902972,0.0589248885918428,0.0164951754883101,1,0,7.11636072309138,"05_rr_to_or",1000
0.5,100,0.01,0.5,0.5,"transpose","sample",1000,1000,0,0.00475891243826493,0.0258184790071992,0.816451993839924,0.0182655566485743,1.7686855754484,2.16630688490324,0.0484643327751546,0.0186502502642541,1,0,6.87329580934914,"05_rr_to_or",1000
0.75,100,0.01,0.5,0.5,"transpose","sample",1000,1000,0,0.0031739172494257,0.025986724801973,0.821772393022226,0.0183845839194862,1.75173421607622,2.13165376562953,0.0476890777474013,0.0183399130854026,1,0,6.80114005310347,"05_rr_to_or",1000
1,100,0.01,0.5,0.5,"transpose","sample",1000,1000,0,0.000331531189787655,0.0282638501820524,0.893781420210503,0.019995560407069,1.70696219758306,1.90982063285791,0.0427262560705088,0.0202850193016948,1,0,6.6175545140294,"05_rr_to_or",1000
2,100,0.01,0.5,0.5,"transpose","sample",1000,1000,0,-0.0098471603348319,0.030473594481199,0.96365967052926,0.0215588674347088,1.61668200318779,1.67764829496276,0.0375321270561247,0.0268729976865863,1,0,6.25378666472355,"05_rr_to_or",1000
0.25,300,0.01,0.5,0.5,"transpose","sample",1000,1000,0,0.0080881221009804,0.0293090654207653,0.926834028204997,0.0207350090069396,1.5859774107877,1.71117736565981,0.0382822350169255,0.0123109221088036,1,0,6.14414151619471,"05_rr_to_or",1000
0.5,300,0.01,0.5,0.5,"transpose","sample",1000,1000,0,0.00549174387320127,0.0314049946970738,0.99311313148263,0.0222177963902376,1.49654664413517,1.50692463596867,0.0337127198060521,0.0114228440111146,1,0,5.76064609339611,"05_rr_to_or",1000
0.75,300,0.01,0.5,0.5,"transpose","sample",1000,1000,0,0.00230297872226421,0.0330568763365182,1.0453502155392,0.0233864375659474,1.41033611818511,1.3491517935524,0.0301830465215186,0.0110663623597157,1,0,5.41211606125407,"05_rr_to_or",1000
1,300,0.01,0.5,0.5,"transpose","sample",1000,1000,0,0.000395938474953284,0.0322968444577081,1.02131589722543,0.0228487449569731,1.36123096958254,1.33282070051052,0.0298176894554078,0.0110859381535257,1,0,5.19907309525525,"05_rr_to_or",1000
2,300,0.01,0.5,0.5,"transpose","sample",1000,1000,0,-0.0113814304242902,0.0312522281141751,0.988282227959422,0.0221097200518458,1.18473730729152,1.1987843894934,0.0268190467301515,0.018510102105403,1,0,4.50839812775825,"05_rr_to_or",1000
0.25,50,0.05,0.5,0.5,"transpose","sample",1000,1000,0,0.0398086302644915,0.0290143947830162,0.917515724456383,0.0205265411407661,1.61318424549814,1.75820882683393,0.0393344166820113,0.066878680363403,1,0,6.25345677613879,"05_rr_to_or",1000
0.5,50,0.05,0.5,0.5,"transpose","sample",1000,1000,0,0.0281092880478045,0.031053659942498,0.982002951026272,0.0219692408939774,1.52254831048258,1.55045186869489,0.0346865053330825,0.0628850034421327,1,0,5.86934277235747,"05_rr_to_or",1000
0.75,50,0.05,0.5,0.5,"transpose","sample",1000,1000,0,0.0119104493959297,0.0334440259606253,1.05759296161377,0.0236603306712938,1.45919019230394,1.37972759394823,0.0308670843074743,0.0621256622185869,1,0,5.61669321270633,"05_rr_to_or",1000
1,50,0.05,0.5,0.5,"transpose","sample",1000,1000,0,-0.00297766405501829,0.0336709645655231,1.06476939041875,0.0238208807928696,1.42162350147758,1.33514685364734,0.0298697298475121,0.0655568021494994,1,0,5.46094243422706,"05_rr_to_or",1000
2,50,0.05,0.5,0.5,"transpose","sample",1000,1000,0,-0.052007085146763,0.030955683250982,0.978904655998288,0.0218999262450151,1.24648665185351,1.27334837383355,0.0284871823831772,0.0948964669286686,1,0,4.74395615909637,"05_rr_to_or",1000
0.25,100,0.05,0.5,0.5,"transpose","sample",1000,1000,0,0.0377851140798831,0.0292821428941089,0.925982663158987,0.0207159623800788,1.4044204600229,1.51668116034886,0.0339309914865724,0.0525637639848779,1,0,5.41110121080231,"05_rr_to_or",1000
0.5,100,0.05,0.5,0.5,"transpose","sample",1000,1000,0,0.0258634291031858,0.0320790864922063,1.01442978572913,0.0226946897760524,1.26205026153244,1.24409819120732,0.0278328011436536,0.0477601448274326,1,0,4.82161285838719,"05_rr_to_or",1000
0.75,100,0.05,0.5,0.5,"transpose","sample",1000,1000,0,0.0117297564403093,0.0310705608467558,0.982537404545983,0.0219811976178436,1.15593934576675,1.17648380653853,0.0263201410206527,0.0437928086929295,1,0,4.3838338339423,"05_rr_to_or",1000
1,100,0.05,0.5,0.5,"transpose","sample",1000,1000,0,0.000953127072369916,0.0316148812153605,0.999750325962115,0.0223662828323889,1.07092200221274,1.07118945040816,0.0239645095307607,0.0481361559036545,1,0,4.05913523746048,"05_rr_to_or",1000
2,100,0.05,0.5,0.5,"transpose","sample",1000,1000,0,-0.0562571128735924,0.0271840786261687,0.859636045517939,0.0192316645743201,0.919386565474283,1.06950676424968,0.0239268646972844,0.0809236894388918,1,0,3.46081053839739,"05_rr_to_or",1000
0.25,300,0.05,0.5,0.5,"transpose","sample",1000,1000,0,0.0386517809731038,0.025749751121845,0.81427862727506,0.0182169343775673,0.974176237764169,1.1963671956173,0.0267649695865991,0.0441676849947911,1,0,3.65884404964957,"05_rr_to_or",1000
0.5,300,0.05,0.5,0.5,"transpose","sample",1000,1000,0,0.0255892823461652,0.0237968260088461,0.752521712706879,0.0168353168054417,0.732981302270959,0.974033426403563,0.0217909477370538,0.0345626206829201,1,0,2.76418461900462,"05_rr_to_or",1000
0.75,300,0.05,0.5,0.5,"transpose","sample",1000,1000,0,0.0136398905010249,0.0190479003399672,0.60234749718192,0.0134756390025553,0.603539132710255,1.0019783190499,0.0224161272007836,0.0281473472366836,1,0,2.31384876988078,"05_rr_to_or",1000
1,300,0.05,0.5,0.5,"transpose","sample",1000,1000,0,-0.000530743102354161,0.0172885373634924,0.546711554815584,0.0122309590156651,0.541998281630868,0.991378866710973,0.0221789976468096,0.0261334225953822,1,0,2.09467496367184,"05_rr_to_or",1000
2,300,0.05,0.5,0.5,"transpose","sample",1000,1000,0,-0.0536131929595392,0.0151173280666091,0.478051888264744,0.010694913983846,0.46332821863618,0.969200687226634,0.0216828303316583,0.0630775900827764,1,0,1.78989410378576,"05_rr_to_or",1000
0.25,50,0.15,0.5,0.5,"transpose","sample",1000,1000,0,0.127911212751889,0.0265480838256235,0.839524124020467,0.0187817233111529,1.24219186583611,1.47963808340286,0.0331022686400368,0.157725721043551,1,0,4.73825937818856,"05_rr_to_or",1000
0.5,50,0.15,0.5,0.5,"transpose","sample",1000,1000,0,0.086063146697287,0.0298387074706783,0.943582780428252,0.0211097098893369,1.03975993973333,1.10192763295387,0.0246521801088215,0.136341104112046,1,0,3.92563808983912,"05_rr_to_or",1000
0.75,50,0.15,0.5,0.5,"transpose","sample",1000,1000,0,0.0455930307270801,0.0279560850304349,0.88404903157512,0.0197778286882579,0.910348944281917,1.02974938240692,0.0230374177785102,0.119494265567006,1,0,3.41543989896636,"05_rr_to_or",1000
1,50,0.15,0.5,0.5,"transpose","sample",1000,1000,0,-0.0108764647489875,0.0255213009399838,0.807054398209451,0.0180553148748461,0.796510620928435,0.986935481295426,0.0220795908125664,0.120729492025457,1,0,3.0093279934765,"05_rr_to_or",1000
2,50,0.15,0.5,0.5,"transpose","sample",1000,1000,0,-0.192655172753173,0.0216021737238003,0.683120713778502,0.0152826867831523,0.658283215490524,0.963641128446251,0.0215584526136659,0.253342889171744,1,0,2.47660760765572,"05_rr_to_or",1000
0.25,100,0.15,0.5,0.5,"transpose","sample",1000,1000,0,0.126935662878509,0.0251147230396259,0.794197276095251,0.0177676770295271,0.968229938336107,1.21913026835915,0.027274222056798,0.142971268527025,1,0,3.62783754566334,"05_rr_to_or",1000
0.5,100,0.15,0.5,0.5,"transpose","sample",1000,1000,0,0.0852276422308964,0.0228876690519576,0.723771645363327,0.0161921240792605,0.705587303375249,0.974875581124831,0.0218097883117407,0.113123486801492,1,0,2.66056077052532,"05_rr_to_or",1000
0.75,100,0.15,0.5,0.5,"transpose","sample",1000,1000,0,0.0452187744240138,0.0198489178267231,0.627677894219644,0.0140423273143167,0.581887048350558,0.927047222324096,0.0207397785577386,0.0916928816004949,1,0,2.22556907370836,"05_rr_to_or",1000
1,100,0.15,0.5,0.5,"transpose","sample",1000,1000,0,-0.00179068590739709,0.0170701761044689,0.53980636550302,0.0120764770283476,0.51192805261856,0.948354975661539,0.0212164728135863,0.0869053060103708,1,0,1.97598586442655,"05_rr_to_or",1000
2,100,0.15,0.5,0.5,"transpose","sample",1000,1000,0,-0.194760652084597,0.0141079911846441,0.446133853530523,0.00998084790776591,0.43078428012635,0.965594241991046,0.0216021474130695,0.223967697056775,0.999,0.000999499874937461,1.66074843692728,"05_rr_to_or",1000
0.25,300,0.15,0.5,0.5,"transpose","sample",1000,1000,0,0.124149474782852,0.0173613790733221,0.549015011932812,0.0122824916554036,0.515455259059727,0.938872795563571,0.0210043387272736,0.129984054366476,1,0,1.95400486979493,"05_rr_to_or",1000
0.5,300,0.15,0.5,0.5,"transpose","sample",1000,1000,0,0.0831772006455043,0.0116335332790957,0.367884623973096,0.0082302664333226,0.362115691769845,0.984318637346276,0.0220210471238323,0.0928300245676018,1,0,1.40834603522581,"05_rr_to_or",1000
0.75,300,0.15,0.5,0.5,"transpose","sample",1000,1000,0,0.0443687698131135,0.00958176375344899,0.303001974625429,0.00677872033372208,0.30783896455987,1.0159635591168,0.0227290031526011,0.0630030425231138,1,0,1.20147957595017,"05_rr_to_or",1000
1,300,0.15,0.5,0.5,"transpose","sample",1000,1000,0,0.00237138620750856,0.0088030857494633,0.278378014060744,0.00622783632584411,0.28178553582015,1.01224062816492,0.0226457142308844,0.0476815550613847,1,0,1.10040942748173,"05_rr_to_or",1000
2,300,0.15,0.5,0.5,"transpose","sample",1000,1000,0,-0.193448826050336,0.0074859974398183,0.236728024680151,0.00529604824009794,0.235187152684996,0.993490960788286,0.0222262491377819,0.203526345759961,1,0,0.918184704150653,"05_rr_to_or",1000
0.25,50,0.3,0.5,0.5,"transpose","sample",1000,1000,0,0.290199460496109,0.0240100874096735,0.759265630343007,0.0169861908440201,0.94107560138995,1.23945502572638,0.0277289248560572,0.323438201401705,1,0,3.52401709978537,"05_rr_to_or",1000
0.5,50,0.3,0.5,0.5,"transpose","sample",1000,1000,0,0.201450938366056,0.0220462960809676,0.697165095863016,0.015596885852411,0.673047345755795,0.965405970192232,0.0215979354211429,0.259362517453673,1,0,2.52932157531255,"05_rr_to_or",1000
0.75,50,0.3,0.5,0.5,"transpose","sample",1000,1000,0,0.120353462591612,0.0176864034474437,0.559293185105762,0.0125124335941224,0.538091008814231,0.962091123482003,0.0215237761064203,0.209098960369317,1,0,2.0551356124436,"05_rr_to_or",1000
1,50,0.3,0.5,0.5,"transpose","sample",1000,1000,0,0.00888296006929579,0.0147651234425932,0.46691420012141,0.0104457430892299,0.470327764099894,1.00731090204067,0.0225354270462565,0.185190699295611,1,0,1.80567645283959,"05_rr_to_or",1000
2,50,0.3,0.5,0.5,"transpose","sample",1000,1000,0,-0.585756523330591,0.0124692570557716,0.394312530263635,0.0088215080777734,0.376499592662679,0.95482533210637,0.0213612267771644,0.658568827830204,0.734,0.0139729739139526,1.44193509588529,"05_rr_to_or",1000
0.25,100,0.3,0.5,0.5,"transpose","sample",1000,1000,0,0.281902649299236,0.020034744162968,0.633554238937427,0.0141737921256456,0.637803642362199,1.00670724487914,0.0225219221076155,0.299319850294857,1,0,2.37510247150951,"05_rr_to_or",1000
0.5,100,0.3,0.5,0.5,"transpose","sample",1000,1000,0,0.195221220827252,0.0139457839190839,0.441004409408545,0.00986609265835431,0.426526541986418,0.96717069690631,0.0216374156551412,0.225167486540651,1,0,1.64332387945966,"05_rr_to_or",1000
0.75,100,0.3,0.5,0.5,"transpose","sample",1000,1000,0,0.107187949407929,0.011160975297264,0.352941028482292,0.00789595027997853,0.354460032570943,1.00430384672245,0.0224681536000836,0.162423489079594,1,0,1.37653295305814,"05_rr_to_or",1000
1,100,0.3,0.5,0.5,"transpose","sample",1000,1000,0,0.00234208615346682,0.0102385649231669,0.323771851287144,0.00724338128330737,0.316927281009911,0.978859897023097,0.0218989249031076,0.137618800016236,0.999,0.000999499874937461,1.2342692544056,"05_rr_to_or",1000
2,100,0.3,0.5,0.5,"transpose","sample",1000,1000,0,-0.580667565431504,0.00791080200352517,0.250161524497629,0.00559658073160518,0.25363953183088,1.01390304660253,0.0226829056375746,0.613429623258636,0.347,0.0150529399121899,0.985937445657221,"05_rr_to_or",1000
0.25,300,0.3,0.5,0.5,"transpose","sample",1000,1000,0,0.280845875901253,0.0107274585300152,0.339232024598497,0.00758925424772647,0.327611784886031,0.96574545187407,0.0216055302606895,0.286752010573868,1,0,1.26860250997242,"05_rr_to_or",1000
0.5,300,0.3,0.5,0.5,"transpose","sample",1000,1000,0,0.198495792767098,0.00792226569641554,0.250524038296931,0.00560469084265519,0.236205162561207,0.942844304151151,0.0210931887951699,0.209711992050169,0.999,0.000999499874937461,0.922094744885351,"05_rr_to_or",1000
0.75,300,0.3,0.5,0.5,"transpose","sample",1000,1000,0,0.102073676143853,0.00637768732616728,0.201680181550778,0.00451196250214895,0.200029670256041,0.991816194917885,0.0221887814959491,0.123210391918839,1,0,0.782092615015561,"05_rr_to_or",1000
1,300,0.3,0.5,0.5,"transpose","sample",1000,1000,0,0.00105694042986609,0.00552056906664723,0.174575722308751,0.00390558510402935,0.177947587277257,1.01931462705073,0.0228039728037774,0.0744678879849592,1,0,0.696115557654702,"05_rr_to_or",1000
2,300,0.3,0.5,0.5,"transpose","sample",1000,1000,0,-0.562373993775553,0.00448836925740445,0.141934698332766,0.0031753444077004,0.142724170899233,1.00556222386591,0.0224963058480695,0.574036749509114,0.005,0.00223047080231955,0.557985555072797,"05_rr_to_or",1000
0.25,50,0.5,0.5,0.5,"transpose","sample",1000,1000,0,0.585149279086291,0.0206393032188896,0.652672074905359,0.0146014938380611,0.683688649114087,1.04752244718487,0.0234350344466912,0.628169868906825,0.97,0.00539444158370447,2.52883475155291,"05_rr_to_or",1000
0.5,50,0.5,0.5,0.5,"transpose","sample",1000,1000,0,0.418453123272695,0.0144596890337276,0.457255516043385,0.0102296602790844,0.442167363424396,0.967002798020795,0.021633659443352,0.481534382520181,0.955,0.00655553201502365,1.68132617297701,"05_rr_to_or",1000
0.75,50,0.5,0.5,0.5,"transpose","sample",1000,1000,0,0.238781635002619,0.0109132690090853,0.345107867868385,0.00772070784072893,0.347187968172658,1.00602739171703,0.0225067125220686,0.350231288809107,0.958,0.00634318531969546,1.33976219868001,"05_rr_to_or",1000
1,50,0.5,0.5,0.5,"transpose","sample",1000,1000,0,-0.00421616933024945,0.00982484107453113,0.310688754446945,0.00695068796113234,0.297612661566034,0.957912564604446,0.0214302939366623,0.304674094854557,0.934,0.00785136930732467,1.15351602803902,"05_rr_to_or",1000
0.25,100,0.5,0.5,0.5,"transpose","sample",1000,1000,0,0.563912333050204,0.0150601557285191,0.476243940189527,0.0106544668072396,0.445031517927267,0.934461271570533,0.0209056446925853,0.584620805675866,0.919,0.00862780389206894,1.68429014117611,"05_rr_to_or",1000
0.5,100,0.5,0.5,0.5,"transpose","sample",1000,1000,0,0.414739453959422,0.0091931403926247,0.290712624903887,0.00650378461771356,0.293673656566171,1.01018542508521,0.0225997354978298,0.443884286538625,0.848,0.0113532374237483,1.13944099822495,"05_rr_to_or",1000
0.75,100,0.5,0.5,0.5,"transpose","sample",1000,1000,0,0.222146047811755,0.00742696548873782,0.234861270478771,0.00525428546056954,0.238625483526265,1.01602738944493,0.0227304311563086,0.283395734116618,0.921,0.00852988862764339,0.929822930591212,"05_rr_to_or",1000
1,100,0.5,0.5,0.5,"transpose","sample",1000,1000,0,-0.00247526135369687,0.00601586459151112,0.190238342043336,0.00425598717320872,0.20435772921997,1.07421946083517,0.0240322965256091,0.192805100590334,0.943,0.00733150734842434,0.797043253497168,"05_rr_to_or",1000
0.25,300,0.5,0.5,0.5,"transpose","sample",1000,1000,0,0.562732346580325,0.0077603848771455,0.245404917313058,0.00549016654113185,0.2369388283033,0.965501551059152,0.0216000737437294,0.569734454931765,0.124,0.0104222838188182,0.922127327150206,"05_rr_to_or",1000
0.5,300,0.5,0.5,0.5,"transpose","sample",1000,1000,0,0.406150091318319,0.00533222915461842,0.168619891345484,0.00377234203686841,0.164700394508361,0.976755430181767,0.0218518440476557,0.417099773063692,0.174,0.0119884944842962,0.643692555110849,"05_rr_to_or",1000
0.75,300,0.5,0.5,0.5,"transpose","sample",1000,1000,0,0.225787090085475,0.00435468561155113,0.137707250264648,0.00308076849539972,0.134252877359096,0.974915097796857,0.0218106723735311,0.250062595796884,0.641,0.0151696736945789,0.52521172512478,"05_rr_to_or",1000
1,300,0.5,0.5,0.5,"transpose","sample",1000,1000,0,0.00693212896291193,0.00364855275533561,0.115377368701436,0.00258120732128766,0.116225259592666,1.00734884926544,0.0225362759965794,0.115446599520633,0.946,0.00714730718522718,0.454818371920088,"05_rr_to_or",1000
0.25,50,0.01,0.01,0.5,"vanderweele_rr_squared","sample",1000,1000,0,-0.192575424859408,0.0373935779560551,1.18248876204198,0.026454483095567,3.76863656226778,3.18703795185328,0.0712999939861077,0.621534908456946,1,0,14.7104105751195,"05_rr_to_or",1000
0.5,50,0.01,0.01,0.5,"vanderweele_rr_squared","sample",1000,1000,0,-0.136425638059343,0.0415195704182089,1.3129640999329,0.0293734601982865,3.72598730431833,2.83784400846052,0.0634878730010372,0.670186293478256,1,0,14.5288833776694,"05_rr_to_or",1000
0.75,50,0.01,0.01,0.5,"vanderweele_rr_squared","sample",1000,1000,0,-0.088817709755735,0.042693780164816,1.35009587243338,0.030204167330104,3.69459234567667,2.73654073100574,0.0612215293984772,0.680531124960845,1,0,14.3928989675294,"05_rr_to_or",1000
1,50,0.01,0.01,0.5,"vanderweele_rr_squared","sample",1000,1000,0,-0.00247517959001724,0.0426394721414283,1.34837850194211,0.0301657465432953,3.68439558713378,2.73246390522175,0.0611303231881112,0.67385661790383,1,0,14.3445295812239,"05_rr_to_or",1000
2,50,0.01,0.01,0.5,"vanderweele_rr_squared","sample",1000,1000,0,0.243758928795722,0.052187272919923,1.65030647299783,0.0369204394103797,3.52864035564164,2.13817276571167,0.0478349199600369,0.860008954144412,1,0,13.7059429262396,"05_rr_to_or",1000
0.25,100,0.01,0.01,0.5,"vanderweele_rr_squared","sample",1000,1000,0,-0.3338921723923,0.0448313599957051,1.41769208189385,0.0317164208397344,3.62592469548007,2.5576249890853,0.0572188499463768,0.783226806130389,1,0,14.1079675062202,"05_rr_to_or",1000
0.5,100,0.01,0.01,0.5,"vanderweele_rr_squared","sample",1000,1000,0,-0.267030476221975,0.049456413108639,1.56394910325508,0.0349884636898729,3.57809037844246,2.28785602485101,0.0511836141512214,0.825940670039339,1,0,13.9074628729912,"05_rr_to_or",1000
0.75,100,0.01,0.01,0.5,"vanderweele_rr_squared","sample",1000,1000,0,-0.107958329268846,0.0542696779096899,1.71615790078346,0.0383936588938068,3.50701104233581,2.04352469008521,0.0457174656576685,0.864417830958377,1,0,13.6159816262763,"05_rr_to_or",1000
1,100,0.01,0.01,0.5,"vanderweele_rr_squared","sample",1000,1000,0,0.0111396082996826,0.0549509831370515,1.73770266378587,0.0388756554987143,3.44841354882717,1.98446697510047,0.0443962342236979,0.868488241237765,1,0,13.3687934176461,"05_rr_to_or",1000
2,100,0.01,0.01,0.5,"vanderweele_rr_squared","sample",1000,1000,0,0.350302814182777,0.0613696796089821,1.94067966839175,0.0434166303557289,3.23181960379293,1.66530296392045,0.037255938933369,1.03117888654579,1,0,12.4867522832223,"05_rr_to_or",1000
0.25,300,0.01,0.01,0.5,"vanderweele_rr_squared","sample",1000,1000,0,-0.7806859266229,0.0611992906486181,1.93529149636277,0.0432960868796027,3.14825212486002,1.62675862048529,0.0363936299503439,1.24292898900403,1,0,12.1838807490324,"05_rr_to_or",1000
0.5,300,0.01,0.01,0.5,"vanderweele_rr_squared","sample",1000,1000,0,-0.545007369212166,0.0628039959064293,1.98603673224208,0.0444313526240582,2.98678060204795,1.50388990976824,0.0336448273105409,1.13231286421811,1,0,11.4865114832032,"05_rr_to_or",1000
0.75,300,0.01,0.01,0.5,"vanderweele_rr_squared","sample",1000,1000,0,-0.214515300350106,0.0690311963183119,2.18295809972095,0.0488368515635406,2.82241397471527,1.29293089733425,0.0289252800239727,1.11182372876834,1,0,10.8269093682467,"05_rr_to_or",1000
1,300,0.01,0.01,0.5,"vanderweele_rr_squared","sample",1000,1000,0,-0.0399493484073792,0.0680026969292744,2.15043409330645,0.0481092287687102,2.67605371357981,1.24442489165765,0.0278401100431697,1.07542157136373,1,0,10.2280915330169,"05_rr_to_or",1000
2,300,0.01,0.01,0.5,"vanderweele_rr_squared","sample",1000,1000,0,0.771682385726258,0.0621560313225659,1.96554629296076,0.0439729432108031,2.39999940968976,1.22103428359073,0.0273168184351946,1.2491480772213,1,0,9.13615214249856,"05_rr_to_or",1000
0.25,50,0.05,0.01,0.5,"vanderweele_rr_squared","sample",1000,1000,0,-0.777695915580592,0.059095635835583,1.8687680901631,0.0418078339834571,3.20102939653312,1.71290884801749,0.0383209715125539,1.21532358130252,1,0,12.3989462608344,"05_rr_to_or",1000
0.5,50,0.05,0.01,0.5,"vanderweele_rr_squared","sample",1000,1000,0,-0.492039424513968,0.0666323684434692,2.10710050172891,0.0471397753559956,3.05094138059113,1.44793348873857,0.0323929776171353,1.16230846088355,1,0,11.7645782998078,"05_rr_to_or",1000
0.75,50,0.05,0.01,0.5,"vanderweele_rr_squared","sample",1000,1000,0,-0.270635840957051,0.0692731038373617,2.19060788715413,0.0490079916021032,2.9469720046183,1.34527590350584,0.0300963356190488,1.1277121957739,1,0,11.3492037327143,"05_rr_to_or",1000
1,50,0.05,0.01,0.5,"vanderweele_rr_squared","sample",1000,1000,0,-0.0241638339370436,0.071523494014918,2.26177147300562,0.0506000539872688,2.83288797894557,1.25250849290313,0.0280209553072976,1.13057840831453,1,0,10.8664505092373,"05_rr_to_or",1000
2,50,0.05,0.01,0.5,"vanderweele_rr_squared","sample",1000,1000,0,0.736423702937834,0.0680156708402416,2.15084436439462,0.0481184072995469,2.49496321140936,1.15999244422857,0.0259511984315508,1.30295671737043,1,0,9.51421303239763,"05_rr_to_or",1000
0.25,100,0.05,0.01,0.5,"vanderweele_rr_squared","sample",1000,1000,0,-1.13316250691349,0.0599515957879345,1.8958359205163,0.0424133919248923,2.82212753339521,1.48859271145504,0.0333026004013503,1.4770603163023,1,0,10.8770853824731,"05_rr_to_or",1000
0.5,100,0.05,0.01,0.5,"vanderweele_rr_squared","sample",1000,1000,0,-0.725427605959919,0.0664681176944685,2.1019064369866,0.0470235744225631,2.57576200799741,1.22544084868504,0.0274154015300526,1.27657486121367,1,0,9.83947044558179,"05_rr_to_or",1000
0.75,100,0.05,0.01,0.5,"vanderweele_rr_squared","sample",1000,1000,0,-0.288002033988851,0.066400903826423,2.09978094785287,0.0469760232591498,2.29114226155707,1.09113394132844,0.024410705059071,1.08816952209476,1,0,8.68158131781124,"05_rr_to_or",1000
1,100,0.05,0.01,0.5,"vanderweele_rr_squared","sample",1000,1000,0,0.0112837966282857,0.064780735526741,2.04854672765489,0.0458298180218152,2.15128202816838,1.05015033297829,0.0234938251621135,1.02382328162085,1,0,8.12739229803937,"05_rr_to_or",1000
2,100,0.05,0.01,0.5,"vanderweele_rr_squared","sample",1000,1000,0,0.842130574703139,0.0582181139581418,1.84101841186969,0.0411870218295616,1.84093980021865,0.999957299910455,0.0223709132263456,1.2472665175745,1,0,6.923673743532,"05_rr_to_or",1000
0.25,300,0.05,0.01,0.5,"vanderweele_rr_squared","sample",1000,1000,0,-1.54860032166862,0.0517673903341484,1.63702861978894,0.0366233890243334,1.94188468694377,1.18622525194101,0.0265380753562663,1.75141618871663,1,0,7.31009127365433,"05_rr_to_or",1000
0.5,300,0.05,0.01,0.5,"vanderweele_rr_squared","sample",1000,1000,0,-0.760790239606036,0.0475080134575675,1.50233529635844,0.0336100477037575,1.44022745472202,0.958659134357708,0.0214469960970137,1.06887341229691,1,0,5.43673105556632,"05_rr_to_or",1000
0.75,300,0.05,0.01,0.5,"vanderweele_rr_squared","sample",1000,1000,0,-0.28025730745504,0.0418305660022549,1.3227986438113,0.0295934773207617,1.21787286788657,0.920678951089325,0.0205973084310566,0.718022125241404,1,0,4.65995615847313,"05_rr_to_or",1000
1,300,0.05,0.01,0.5,"vanderweele_rr_squared","sample",1000,1000,0,0.0241148612977973,0.0379269378219328,1.19935508192893,0.0268318141862772,1.09498795179282,0.912980624580122,0.0204250824826677,0.599862539686772,1,0,4.21776205276131,"05_rr_to_or",1000
2,300,0.05,0.01,0.5,"vanderweele_rr_squared","sample",1000,1000,0,0.798312521778558,0.0315788399756333,0.998610601889772,0.0223407850753081,0.928319041491854,0.929610640759373,0.0207971270179014,0.941466600680317,1,0,3.58046658210336,"05_rr_to_or",1000
0.25,50,0.15,0.01,0.5,"vanderweele_rr_squared","sample",1000,1000,0,-1.43262360034873,0.0598214674989028,1.89172090270269,0.0423213312874617,2.44938577457525,1.2947923613234,0.0289669244515688,1.71644042183622,1,0,9.34512603707585,"05_rr_to_or",1000
0.5,50,0.15,0.01,0.5,"vanderweele_rr_squared","sample",1000,1000,0,-0.865252849972589,0.0640026565454916,2.02394170985237,0.0452793577989216,2.09952146886599,1.03734285362355,0.0232072979180814,1.33106101309989,1,0,7.93069589356621,"05_rr_to_or",1000
0.75,50,0.15,0.01,0.5,"vanderweele_rr_squared","sample",1000,1000,0,-0.422369857454403,0.0618596496951484,1.95617388296809,0.0437632648868522,1.82026857024516,0.930524932417193,0.0208175814306473,1.06493835855535,1,0,6.83834374020049,"05_rr_to_or",1000
1,50,0.15,0.01,0.5,"vanderweele_rr_squared","sample",1000,1000,0,0.0769699348913749,0.0601570380764279,1.90233257610987,0.0425587342495677,1.64604077953153,0.865274978835493,0.0193578180490209,0.953801321608358,1,0,6.20115625363263,"05_rr_to_or",1000
2,50,0.15,0.01,0.5,"vanderweele_rr_squared","sample",1000,1000,0,0.963603247078416,0.0505749542158207,1.59932047880728,0.0357797874526434,1.33697451320522,0.835964105331966,0.0187020790411708,1.25193780187543,0.999,0.000999499874937461,5.01466455326027,"05_rr_to_or",1000
0.25,100,0.15,0.01,0.5,"vanderweele_rr_squared","sample",1000,1000,0,-1.62681659266811,0.0543907491613642,1.71998650992804,0.0384793120341547,1.91283971533169,1.11212483603242,0.0248803105952354,1.83994049805022,1,0,7.17103411501971,"05_rr_to_or",1000
0.5,100,0.15,0.01,0.5,"vanderweele_rr_squared","sample",1000,1000,0,-0.848570054913143,0.0498816497114331,1.57739626534809,0.035289301832012,1.41815078769805,0.899045356485039,0.0201133244972328,1.1582287502192,1,0,5.35186972924094,"05_rr_to_or",1000
0.75,100,0.15,0.01,0.5,"vanderweele_rr_squared","sample",1000,1000,0,-0.350449476717012,0.0429710813646825,1.35886490632813,0.0304003470033321,1.16309410335794,0.855930635886978,0.0191487676372912,0.764186931113949,1,0,4.44578202272735,"05_rr_to_or",1000
1,100,0.15,0.01,0.5,"vanderweele_rr_squared","sample",1000,1000,0,-0.034993800118733,0.0394268370444499,1.24678605996763,0.0278929337901237,1.03268240158707,0.828275543611617,0.0185300715493542,0.624063151459304,1,0,3.97840048667052,"05_rr_to_or",1000
2,100,0.15,0.01,0.5,"vanderweele_rr_squared","sample",1000,1000,0,0.916120278562171,0.0343328142774388,1.08569891600255,0.0242891133871471,0.850920792537906,0.783753930298581,0.0175340398705894,1.06473809611146,0.97,0.00539444158370447,3.28781120406036,"05_rr_to_or",1000
0.25,300,0.15,0.01,0.5,"vanderweele_rr_squared","sample",1000,1000,0,-1.58519076481608,0.0328590289926795,1.03909373318375,0.0232464683653741,1.00906063570199,0.971096835133688,0.021725250703305,1.66807936816479,0.899,0.00952885092757778,3.85101350958662,"05_rr_to_or",1000
0.5,300,0.15,0.01,0.5,"vanderweele_rr_squared","sample",1000,1000,0,-0.801774561288106,0.0264634635955921,0.836848197390202,0.0187218578324458,0.722262379821497,0.863074548136624,0.0193085903027668,0.904293146480262,0.977,0.00474035863622153,2.80603171600312,"05_rr_to_or",1000
0.75,300,0.15,0.01,0.5,"vanderweele_rr_squared","sample",1000,1000,0,-0.334709250852907,0.0225086009304235,0.711784458839234,0.015923948318573,0.618021397772211,0.868270429478145,0.019424831876918,0.488429014585352,0.999,0.000999499874937461,2.41080037373108,"05_rr_to_or",1000
1,300,0.15,0.01,0.5,"vanderweele_rr_squared","sample",1000,1000,0,0.0139826511286559,0.0216334612572127,0.684110112458018,0.0153048214803115,0.563904619393163,0.824289261515292,0.0184408909704628,0.342169803406035,1,0,2.20189895498192,"05_rr_to_or",1000
2,300,0.15,0.01,0.5,"vanderweele_rr_squared","sample",1000,1000,0,0.900020496225996,0.0186171423187104,0.588725732506331,0.0131708946743979,0.470880471238648,0.799829946678243,0.0178936903951538,0.946889508421462,0.508,0.0158093643135959,1.83903224348069,"05_rr_to_or",1000
0.25,50,0.3,0.01,0.5,"vanderweele_rr_squared","sample",1000,1000,0,-1.82726063785097,0.0558692734220702,1.76674155232452,0.0395253096946941,1.86852386861932,1.05761018987802,0.0236607160997563,2.02939523575101,0.998,0.00141279864099595,6.98379880614418,"05_rr_to_or",1000
0.5,50,0.3,0.01,0.5,"vanderweele_rr_squared","sample",1000,1000,0,-0.949431018345269,0.0504034493509832,1.59389701878042,0.0356584545180688,1.30817551218036,0.820740296748477,0.0183614939973632,1.2393187879996,0.998,0.00141279864099595,4.94691110246616,"05_rr_to_or",1000
0.75,50,0.3,0.01,0.5,"vanderweele_rr_squared","sample",1000,1000,0,-0.426065403961122,0.0476985039749453,1.50835913543422,0.033744812239469,1.07835677975026,0.714920441967438,0.0159941061207578,0.865880916751351,1,0,4.12310964937975,"05_rr_to_or",1000
1,50,0.3,0.01,0.5,"vanderweele_rr_squared","sample",1000,1000,0,-0.00611523145505877,0.0416238748582452,1.31626249593873,0.0294472514800134,0.93992510146245,0.714086365267223,0.0159754462664957,0.657830524428525,0.999,0.000999499874937461,3.62274261995646,"05_rr_to_or",1000
2,50,0.3,0.01,0.5,"vanderweele_rr_squared","sample",1000,1000,0,1.34235219711889,0.0411521523464483,1.30134532033019,0.0291135263888014,0.763672142402634,0.586832818677878,0.0131285466551324,1.49159678093161,0.575,0.0156324982008635,2.91630936432837,"05_rr_to_or",1000
0.25,100,0.3,0.01,0.5,"vanderweele_rr_squared","sample",1000,1000,0,-1.81039023139263,0.044346733573924,1.40236684882259,0.031373566740623,1.29108185238176,0.92064487510222,0.0205965460875538,1.94130866334963,0.938,0.00762600813007697,4.80486582058888,"05_rr_to_or",1000
0.5,100,0.3,0.01,0.5,"vanderweele_rr_squared","sample",1000,1000,0,-0.912941869355333,0.0333355425281227,1.05416241426275,0.0235835829170494,0.85464362929724,0.81073240492543,0.0181375987574644,1.05403967721057,0.974,0.00503229569878401,3.2931811736743,"05_rr_to_or",1000
0.75,100,0.3,0.01,0.5,"vanderweele_rr_squared","sample",1000,1000,0,-0.406869061721448,0.0293067791794808,0.9267617309076,0.0207333915813089,0.709404853948794,0.765466279292798,0.0171249109469837,0.616481579634247,0.996,0.00199599599197994,2.75805828765296,"05_rr_to_or",1000
1,100,0.3,0.01,0.5,"vanderweele_rr_squared","sample",1000,1000,0,0.0152215334087289,0.0284675013133946,0.900221434441618,0.0201396355586315,0.634680802159007,0.705027427560289,0.0157727809033018,0.450143036354653,0.999,0.000999499874937461,2.46988415178872,"05_rr_to_or",1000
2,100,0.3,0.01,0.5,"vanderweele_rr_squared","sample",1000,1000,0,1.30011908980873,0.0263501087713885,0.833263603107688,0.018641663760506,0.509310395325395,0.611223619303547,0.0136742144395136,1.36518061943943,0.196,0.0125532465920175,1.97998219530707,"05_rr_to_or",1000
0.25,300,0.3,0.01,0.5,"vanderweele_rr_squared","sample",1000,1000,0,-1.67361878576541,0.0246887585185178,0.780727095204005,0.0174663239138608,0.652270633071335,0.835465602613543,0.0186909266039038,1.71849677208425,0.051,0.00695693898205238,2.52548549101339,"05_rr_to_or",1000
0.5,300,0.3,0.01,0.5,"vanderweele_rr_squared","sample",1000,1000,0,-0.887217170501837,0.0185575534387776,0.586841366668274,0.0131287378896495,0.469766144233313,0.800499369872914,0.0179086666428406,0.934432399558229,0.529,0.0157847711418316,1.83389619600598,"05_rr_to_or",1000
0.75,300,0.3,0.01,0.5,"vanderweele_rr_squared","sample",1000,1000,0,-0.398209899476311,0.017088174868446,0.540375536395376,0.0120892104447094,0.400005959343675,0.740236987802873,0.0165604845552429,0.481144004113631,0.926,0.00827792244467173,1.56357934194845,"05_rr_to_or",1000
1,300,0.3,0.01,0.5,"vanderweele_rr_squared","sample",1000,1000,0,-0.0100086787211043,0.015913114211353,0.503216855742695,0.0112579013272491,0.356984051726838,0.709404002773253,0.0158706930684778,0.25168167955705,0.994,0.00244213021765835,1.39638162728862,"05_rr_to_or",1000
2,300,0.3,0.01,0.5,"vanderweele_rr_squared","sample",1000,1000,0,1.25739757733738,0.0160254821332244,0.50677024143323,0.0113373972046728,0.285955006915641,0.56426953190249,0.0126237637703046,1.28264901000823,0.003,0.00172945077987204,1.1177280218367,"05_rr_to_or",1000
0.25,50,0.5,0.01,0.5,"vanderweele_rr_squared","sample",1000,1000,0,-2.12320485023476,0.0524027324792002,1.65711990250755,0.0370728685594538,1.38829674324834,0.837776880929119,0.0187426342184632,2.27899625214463,0.815,0.0122790471943062,5.10965816583429,"05_rr_to_or",1000
0.5,50,0.5,0.01,0.5,"vanderweele_rr_squared","sample",1000,1000,0,-1.1745497556886,0.0437568461377861,1.38371297020946,0.0309562446211421,0.886985310995734,0.64101828203682,0.0143407767163968,1.36299444576038,0.829,0.0119062588582644,3.37112078746206,"05_rr_to_or",1000
0.75,50,0.5,0.01,0.5,"vanderweele_rr_squared","sample",1000,1000,0,-0.496697255208915,0.0387370414493984,1.22497280796449,0.0274049305845965,0.690295873023214,0.563519343886713,0.01260698066266,0.788335346664165,0.933,0.00790638982089803,2.66601170668999,"05_rr_to_or",1000
1,50,0.5,0.01,0.5,"vanderweele_rr_squared","sample",1000,1000,0,-0.0371075922718245,0.0377847567432358,1.19485892144031,0.0267312266750388,0.586510163283671,0.490861433730333,0.0109814874506384,0.598282551960235,0.946,0.00714730718522718,2.27261179626508,"05_rr_to_or",1000
0.25,100,0.5,0.01,0.5,"vanderweele_rr_squared","sample",1000,1000,0,-2.04166071815591,0.0371134049428544,1.17362891343571,0.0262562717275545,0.903862214799557,0.770143104393676,0.0172295402631714,2.12423759110589,0.136,0.0108399261990108,3.40802908130078,"05_rr_to_or",1000
0.5,100,0.5,0.01,0.5,"vanderweele_rr_squared","sample",1000,1000,0,-1.13009291906911,0.0284607789712299,0.900008855317102,0.0201348797664105,0.59075642312384,0.656389567317865,0.01468466108949,1.21631060451577,0.502,0.0158112618092295,2.29171348604901,"05_rr_to_or",1000
0.75,100,0.5,0.01,0.5,"vanderweele_rr_squared","sample",1000,1000,0,-0.532667663519972,0.0271812332645787,0.859546067284028,0.0192296515931025,0.473986576434581,0.551438246855427,0.0123367039484542,0.68429160110675,0.839,0.0116223491601311,1.84592369383577,"05_rr_to_or",1000
1,100,0.5,0.01,0.5,"vanderweele_rr_squared","sample",1000,1000,0,-0.0165500135623236,0.0251979038396188,0.796827683950974,0.0178265241681954,0.407922684347562,0.511933373505456,0.0114529061164777,0.398558350605158,0.955,0.00655553201502365,1.5900813953208,"05_rr_to_or",1000
0.25,300,0.5,0.01,0.5,"vanderweele_rr_squared","sample",1000,1000,0,-1.98326218345753,0.019393098702856,0.613263627894819,0.0137198532434709,0.475276824379237,0.774995944257682,0.0173381073584951,2.00680291373819,0,0,1.85083941355029,"05_rr_to_or",1000
0.5,300,0.5,0.01,0.5,"vanderweele_rr_squared","sample",1000,1000,0,-1.11635562902473,0.0163252200031383,0.516248785132581,0.0115494499379538,0.330134238646275,0.639486712906243,0.0143065126531979,1.1457798498363,0.024,0.00483983470792134,1.29032741069613,"05_rr_to_or",1000
0.75,300,0.5,0.01,0.5,"vanderweele_rr_squared","sample",1000,1000,0,-0.507314948101785,0.014340195924425,0.453476812142468,0.0101451236122857,0.268459167682256,0.592001973406118,0.0132441903050056,0.555632388410227,0.541,0.0157581407532742,1.05027126451786,"05_rr_to_or",1000
1,300,0.5,0.01,0.5,"vanderweele_rr_squared","sample",1000,1000,0,0.000151466894006677,0.0142846693111711,0.451720906456091,0.0101058407211591,0.232247674664562,0.514139751659108,0.0115022669184082,0.225747545568641,0.962,0.00604615580348373,0.909051038163841,"05_rr_to_or",1000
0.25,50,0.01,0.05,0.5,"vanderweele_rr_squared","sample",1000,1000,0,-0.204214869116469,0.0371655429362113,1.1752776615521,0.0262931573036156,3.7597125601299,3.19899942211506,0.0715675944259563,0.621834213282497,1,0,14.6685528907892,"05_rr_to_or",1000
0.5,50,0.01,0.05,0.5,"vanderweele_rr_squared","sample",1000,1000,0,-0.110417143934413,0.0408027445002752,1.29029607406779,0.0288663341043159,3.73119746595038,2.89173743990975,0.0646935697628177,0.654210760667867,1,0,14.5514104767866,"05_rr_to_or",1000
0.75,50,0.01,0.05,0.5,"vanderweele_rr_squared","sample",1000,1000,0,-0.0673294816669888,0.0455459443696537,1.44028922391428,0.0322219611296525,3.67437527353884,2.55113709977847,0.0570737037399154,0.722926630419928,1,0,14.3145397669862,"05_rr_to_or",1000
1,50,0.01,0.05,0.5,"vanderweele_rr_squared","sample",1000,1000,0,-0.00890968326770364,0.047008145963041,1.48652809824859,0.0332564111461776,3.64546813848619,2.45233718944246,0.0548633651373616,0.742945750193009,1,0,14.1935704303189,"05_rr_to_or",1000
2,50,0.01,0.05,0.5,"vanderweele_rr_squared","sample",1000,1000,0,0.188422069844141,0.0511792338601865,1.61842947900601,0.036207291492392,3.56059703325316,2.2000322407869,0.0492188320023402,0.830467664956701,1,0,13.8368094931176,"05_rr_to_or",1000
0.25,100,0.01,0.05,0.5,"vanderweele_rr_squared","sample",1000,1000,0,-0.391376567683378,0.0466983001203698,1.47672991238484,0.0330372074204253,3.61784458996295,2.44990269352663,0.0548089009148514,0.835352167325925,1,0,14.076241422357,"05_rr_to_or",1000
0.5,100,0.01,0.05,0.5,"vanderweele_rr_squared","sample",1000,1000,0,-0.275733108167316,0.0518808661540256,1.64061704029061,0.0367036686959451,3.53526157800544,2.15483655916387,0.0482077201559796,0.865021334473529,1,0,13.7383430757644,"05_rr_to_or",1000
0.75,100,0.01,0.05,0.5,"vanderweele_rr_squared","sample",1000,1000,0,-0.0926888056733603,0.0568439510693736,1.79756356582385,0.0402148557278262,3.46748050132621,1.92898908681264,0.0431550902018692,0.903101378195269,1,0,13.4686038039648,"05_rr_to_or",1000
1,100,0.01,0.05,0.5,"vanderweele_rr_squared","sample",1000,1000,0,0.0357609452600201,0.0591501663906662,1.87049249772446,0.0418464122026726,3.42386949453289,1.8304641685001,0.0409509036847049,0.935462295162534,1,0,13.2725246923188,"05_rr_to_or",1000
2,100,0.01,0.05,0.5,"vanderweele_rr_squared","sample",1000,1000,0,0.421874224809629,0.0612126233602764,1.93571311372503,0.0433055192477916,3.23289117340893,1.67012929265517,0.0373639129251944,1.05536127932847,1,0,12.4964716296015,"05_rr_to_or",1000
0.25,300,0.01,0.05,0.5,"vanderweele_rr_squared","sample",1000,1000,0,-0.788165606724176,0.0583189356019949,1.84420667218987,0.0412583491702112,3.15255997624632,1.709439632654,0.0382433586826191,1.21269506121607,1,0,12.2092113624522,"05_rr_to_or",1000
0.5,300,0.01,0.05,0.5,"vanderweele_rr_squared","sample",1000,1000,0,-0.564081670257321,0.0623618006524768,1.97205329051201,0.0441185169043959,3.01267604965011,1.52768490798132,0.0341771658816915,1.135545871962,1,0,11.5932191098798,"05_rr_to_or",1000
0.75,300,0.01,0.05,0.5,"vanderweele_rr_squared","sample",1000,1000,0,-0.24780437516696,0.0676494718282393,2.13926413484631,0.0478593359268098,2.84140687900201,1.3282169474627,0.0297146948975827,1.09744050191897,1,0,10.8812836278455,"05_rr_to_or",1000
1,300,0.01,0.05,0.5,"vanderweele_rr_squared","sample",1000,1000,0,-0.00997154733174766,0.0659690643686233,2.08612498515107,0.046670513857247,2.68296524582285,1.2860999532243,0.0287724590405655,1.04258851701458,1,0,10.2596379703441,"05_rr_to_or",1000
2,300,0.01,0.05,0.5,"vanderweele_rr_squared","sample",1000,1000,0,0.712453491171727,0.0638144210275325,2.01798918011945,0.0451461885864519,2.38377651507507,1.18126327859397,0.0264270667410106,1.23476394090928,1,0,9.05877299926206,"05_rr_to_or",1000
0.25,50,0.05,0.05,0.5,"vanderweele_rr_squared","sample",1000,1000,0,-0.758013939194474,0.0589625628410119,1.86455995258406,0.0417136900828789,3.21038288708968,1.72179118329795,0.0385196859494847,1.20119188319519,1,0,12.4387160019927,"05_rr_to_or",1000
0.5,50,0.05,0.05,0.5,"vanderweele_rr_squared","sample",1000,1000,0,-0.482071703397531,0.0649342106482248,2.05340003713549,0.0459383956233396,3.05535598359343,1.48794970699215,0.0332882151900572,1.13377773060485,1,0,11.7984408342484,"05_rr_to_or",1000
0.75,50,0.05,0.05,0.5,"vanderweele_rr_squared","sample",1000,1000,0,-0.226080594231366,0.069744829517983,2.2055251629697,0.0493417189351337,2.89981828942196,1.31479719121291,0.0294144698753646,1.12515850478944,1,0,11.141107736106,"05_rr_to_or",1000
1,50,0.05,0.05,0.5,"vanderweele_rr_squared","sample",1000,1000,0,-0.0287824463769787,0.0726262124368184,2.29664249131594,0.0513801838236171,2.84776769909711,1.23996996043794,0.0277404449077139,1.14810777837522,1,0,10.9191169576385,"05_rr_to_or",1000
2,50,0.05,0.05,0.5,"vanderweele_rr_squared","sample",1000,1000,0,0.697502775200239,0.0700585338526788,2.21544536506476,0.0495636523919687,2.4826369015879,1.12060398362174,0.0250700049701564,1.3085612760843,1,0,9.44586315249007,"05_rr_to_or",1000
0.25,100,0.05,0.05,0.5,"vanderweele_rr_squared","sample",1000,1000,0,-1.10047666685854,0.0612178811705131,1.93587938028356,0.0433092389413762,2.81159266316428,1.45235942476563,0.0324919940759537,1.46527104346196,1,0,10.8178732216216,"05_rr_to_or",1000
0.5,100,0.05,0.05,0.5,"vanderweele_rr_squared","sample",1000,1000,0,-0.704769150516895,0.0656249695496455,2.07524375156074,0.0464270803301686,2.53002238026936,1.21914468041,0.0272745444813045,1.25390671641123,1,0,9.63985314590086,"05_rr_to_or",1000
0.75,100,0.05,0.05,0.5,"vanderweele_rr_squared","sample",1000,1000,0,-0.303307510324864,0.0667828901280381,2.11186041533374,0.0472462635172682,2.32097419473883,1.09901875042818,0.0245871029714542,1.09812069495088,1,0,8.79573007277609,"05_rr_to_or",1000
1,100,0.05,0.05,0.5,"vanderweele_rr_squared","sample",1000,1000,0,0.0289008558030008,0.0662034688366998,2.09353750527949,0.0468363457828665,2.1685209473262,1.03581662227575,0.0231731532710568,1.04664433125471,1,0,8.21943594279314,"05_rr_to_or",1000
2,100,0.05,0.05,0.5,"vanderweele_rr_squared","sample",1000,1000,0,0.829718412390346,0.0579094924224986,1.83125894199357,0.0409686842527938,1.81975998609434,0.993720737337823,0.0222313896685342,1.23530222807589,1,0,6.85515513709835,"05_rr_to_or",1000
0.25,300,0.05,0.05,0.5,"vanderweele_rr_squared","sample",1000,1000,0,-1.53874524664111,0.0514276862927431,1.62628623477689,0.0363830617993909,1.95269328617469,1.20070701234372,0.0268620593957477,1.74019466200982,1,0,7.34283121606619,"05_rr_to_or",1000
0.5,300,0.05,0.05,0.5,"vanderweele_rr_squared","sample",1000,1000,0,-0.771259629256788,0.0479191974691719,1.51533807649959,0.0339009441913025,1.4688941308588,0.969350769731811,0.0216861879577293,1.08089302193703,1,0,5.54440686374643,"05_rr_to_or",1000
0.75,300,0.05,0.05,0.5,"vanderweele_rr_squared","sample",1000,1000,0,-0.363219653510385,0.0421472723169732,1.33281377684998,0.0298175345601845,1.22259458080738,0.917303378793777,0.0205217905715242,0.758671575515742,1,0,4.67638130523183,"05_rr_to_or",1000
1,300,0.05,0.05,0.5,"vanderweele_rr_squared","sample",1000,1000,0,-0.0173500831960197,0.0378360755634101,1.19648176502614,0.0267675327183486,1.0990099924528,0.918534677733922,0.0205493370295061,0.598193352306274,1,0,4.22973243901988,"05_rr_to_or",1000
2,300,0.05,0.05,0.5,"vanderweele_rr_squared","sample",1000,1000,0,0.792798059995965,0.0311299415024086,0.984415185754152,0.0220232070921179,0.926952090861987,0.941627175480696,0.0210659593525983,0.933035267342412,1,0,3.58425157020972,"05_rr_to_or",1000
0.25,50,0.15,0.05,0.5,"vanderweele_rr_squared","sample",1000,1000,0,-1.4285595424551,0.0616919681217627,1.9508713260327,0.043644636780342,2.45103991148944,1.25638215026405,0.0281076162604178,1.72953913638605,1,0,9.35203329144641,"05_rr_to_or",1000
0.5,50,0.15,0.05,0.5,"vanderweele_rr_squared","sample",1000,1000,0,-0.835103318676629,0.0616305512742777,1.9489291547851,0.0436011867805724,2.07031336255701,1.06228251420729,0.0237652447252734,1.28297668889383,1,0,7.8117753008333,"05_rr_to_or",1000
0.75,50,0.15,0.05,0.5,"vanderweele_rr_squared","sample",1000,1000,0,-0.370453906537236,0.0616561723261646,1.94973936358522,0.043619312665312,1.80759716203921,0.927096819092457,0.0207408881301188,1.04242823371714,1,0,6.80789132025298,"05_rr_to_or",1000
1,50,0.15,0.05,0.5,"vanderweele_rr_squared","sample",1000,1000,0,-0.0569550625218194,0.057314503454615,1.81244373878172,0.0405477530006033,1.6227373830958,0.89533117545848,0.020030231327695,0.907557556099099,1,0,6.10886686033053,"05_rr_to_or",1000
2,50,0.15,0.05,0.5,"vanderweele_rr_squared","sample",1000,1000,0,0.953261505054356,0.0512610140321847,1.62101559511555,0.036265147741939,1.32861936097941,0.819621578584938,0.018336466181712,1.25098899436828,1,0,4.99721024454406,"05_rr_to_or",1000
0.25,100,0.15,0.05,0.5,"vanderweele_rr_squared","sample",1000,1000,0,-1.65244924322681,0.0535690430426393,1.69400188090336,0.037897987330408,1.91816942266849,1.13233016107726,0.0253323414702826,1.85668567182864,1,0,7.1876213399398,"05_rr_to_or",1000
0.5,100,0.15,0.05,0.5,"vanderweele_rr_squared","sample",1000,1000,0,-0.842893464114538,0.0468792601246177,1.48245237017301,0.0331652294935999,1.40141867498055,0.945338078428111,0.0211489791853806,1.12220151178273,1,0,5.30080981565707,"05_rr_to_or",1000
0.75,100,0.15,0.05,0.5,"vanderweele_rr_squared","sample",1000,1000,0,-0.376349150084124,0.0423169369958286,1.33817904508662,0.0299375656356801,1.15984943946141,0.866737110941938,0.0193905286762464,0.767379821963737,1,0,4.44305082819582,"05_rr_to_or",1000
1,100,0.15,0.05,0.5,"vanderweele_rr_squared","sample",1000,1000,0,0.00441090116347194,0.0396108240005513,1.25260423837805,0.0280230973124726,1.04551548996555,0.834673441085708,0.0186732044703666,0.626004429860713,1,0,4.02889784623559,"05_rr_to_or",1000
2,100,0.15,0.05,0.5,"vanderweele_rr_squared","sample",1000,1000,0,0.937690851955022,0.0335329715673782,1.06040566866582,0.0237232561836113,0.861717268682586,0.812629820969162,0.018180047499698,1.07707848568674,0.971,0.00530650544143696,3.32014202512277,"05_rr_to_or",1000
0.25,300,0.15,0.05,0.5,"vanderweele_rr_squared","sample",1000,1000,0,-1.54717694961394,0.0326225003179167,1.03161403974184,0.0230791336472179,0.997018007410863,0.966464170709005,0.0216216093439583,1.63081186477259,0.891,0.00985489725973843,3.80838163788176,"05_rr_to_or",1000
0.5,300,0.15,0.05,0.5,"vanderweele_rr_squared","sample",1000,1000,0,-0.818068728334687,0.0261703795433284,0.827580065879951,0.0185145124129917,0.725377361641168,0.87650414932347,0.0196090355746221,0.91667192247185,0.968,0.00556560868189635,2.81903851211402,"05_rr_to_or",1000
0.75,300,0.15,0.05,0.5,"vanderweele_rr_squared","sample",1000,1000,0,-0.334363567217292,0.0225622475574743,0.713480914141896,0.0159619011935324,0.618439630201364,0.866792114467648,0.019391759207891,0.488810275096331,0.996,0.00199599599197994,2.41299866680549,"05_rr_to_or",1000
1,300,0.15,0.05,0.5,"vanderweele_rr_squared","sample",1000,1000,0,-0.00144179954276319,0.021080841159198,0.666634730552898,0.0149138645342182,0.563468101360857,0.845242642689084,0.0189096572588628,0.333153784782284,1,0,2.20047707910936,"05_rr_to_or",1000
2,300,0.15,0.05,0.5,"vanderweele_rr_squared","sample",1000,1000,0,0.90598322580088,0.017946923850878,0.567531563623745,0.0126967415150387,0.472321931753144,0.832239054225146,0.0186187426876267,0.949340877314858,0.506,0.0158102498398982,1.84427000445468,"05_rr_to_or",1000
0.25,50,0.3,0.05,0.5,"vanderweele_rr_squared","sample",1000,1000,0,-1.83402179232764,0.0552272395974824,1.74643866011885,0.0390710960599545,1.89177146942118,1.08321666979843,0.0242335809014663,2.03110448306426,0.998,0.00141279864099595,7.06504620877514,"05_rr_to_or",1000
0.5,50,0.3,0.05,0.5,"vanderweele_rr_squared","sample",1000,1000,0,-0.99307249052927,0.0502864150777526,1.59019607010332,0.0355756573809128,1.32352595639544,0.832303626753053,0.0186201872957301,1.27190474325072,0.999,0.000999499874937461,4.98386633590847,"05_rr_to_or",1000
0.75,50,0.3,0.05,0.5,"vanderweele_rr_squared","sample",1000,1000,0,-0.410090517721565,0.0435599217728565,1.37748567500986,0.0308169283917816,1.05995163007444,0.769482869625376,0.0172147695777512,0.801290560435646,0.998,0.00141279864099595,4.06486879689846,"05_rr_to_or",1000
1,50,0.3,0.05,0.5,"vanderweele_rr_squared","sample",1000,1000,0,-0.00230336418770706,0.0423964433264253,1.3406932560175,0.029993813232025,0.943230085813104,0.703539069492264,0.0157394835523125,0.670015330098944,1,0,3.63197256128431,"05_rr_to_or",1000
2,50,0.3,0.05,0.5,"vanderweele_rr_squared","sample",1000,1000,0,1.34155726803085,0.0414666352562521,1.31129014313196,0.0293360106568494,0.760064984408965,0.579631432745754,0.0129674381959898,1.49305609165071,0.576,0.0156276677722557,2.90665672350782,"05_rr_to_or",1000
0.25,100,0.3,0.05,0.5,"vanderweele_rr_squared","sample",1000,1000,0,-1.79116526963141,0.0452599048538764,1.4312438602076,0.0320195994422075,1.2787376759251,0.893445003662496,0.0199880341402933,1.92869791704985,0.951,0.00682634602111555,4.77418600895836,"05_rr_to_or",1000
0.5,100,0.3,0.05,0.5,"vanderweele_rr_squared","sample",1000,1000,0,-0.974653560514876,0.0333838201273478,1.05568908599791,0.023617737416362,0.868514927294059,0.822699541762408,0.0184053259691881,1.1082828180282,0.964,0.00589101010014412,3.34373763615137,"05_rr_to_or",1000
0.75,100,0.3,0.05,0.5,"vanderweele_rr_squared","sample",1000,1000,0,-0.408997021074751,0.030940105434285,0.978412042180936,0.0218889055534685,0.712955415817974,0.728686264151814,0.0163020732845592,0.637465114173408,0.989,0.00329833291224522,2.76859797202038,"05_rr_to_or",1000
1,100,0.3,0.05,0.5,"vanderweele_rr_squared","sample",1000,1000,0,-0.00537766400883921,0.0281971125510448,0.891670991014224,0.0199483461625962,0.63581729337957,0.713062665250963,0.0159525441843412,0.445644969718284,0.999,0.000999499874937461,2.47597044736856,"05_rr_to_or",1000
2,100,0.3,0.05,0.5,"vanderweele_rr_squared","sample",1000,1000,0,1.27023911666648,0.0283659900293149,0.897011365782614,0.0200678203246935,0.507077194657068,0.56529628720441,0.0126467342049082,1.34702026849927,0.227,0.0132465467198059,1.97035526942372,"05_rr_to_or",1000
0.25,300,0.3,0.05,0.5,"vanderweele_rr_squared","sample",1000,1000,0,-1.69542975452687,0.0239110032813471,0.756132315088168,0.0169160927271474,0.651268467869453,0.861315479941514,0.0192692366604107,1.7370299761362,0.04,0.00619677335393187,2.5220671587323,"05_rr_to_or",1000
0.5,300,0.3,0.05,0.5,"vanderweele_rr_squared","sample",1000,1000,0,-0.881565608638182,0.0186366870130116,0.589343790007968,0.0131847217755543,0.471328194823009,0.799750846304221,0.0178919207719873,0.929463617638227,0.52,0.0157987341265052,1.84049072667724,"05_rr_to_or",1000
0.75,300,0.3,0.05,0.5,"vanderweele_rr_squared","sample",1000,1000,0,-0.379729261477148,0.0169525857726327,0.536087832708848,0.0119932865016369,0.397196960369118,0.740917693210988,0.0165757132071254,0.464725731561642,0.945,0.00720936890441875,1.5531775667121,"05_rr_to_or",1000
1,300,0.3,0.05,0.5,"vanderweele_rr_squared","sample",1000,1000,0,-0.00927882595018909,0.0165734884346489,0.524099722279494,0.0117250900714624,0.357146613036107,0.68144781966827,0.0152452610160918,0.262083109346351,0.989,0.00329833291224522,1.39708144872645,"05_rr_to_or",1000
2,300,0.3,0.05,0.5,"vanderweele_rr_squared","sample",1000,1000,0,1.25572797455099,0.0155540929796775,0.491863607538159,0.0110039079512883,0.284592366024098,0.578600168141164,0.0129443668798598,1.27956036032808,0.002,0.00141279864099595,1.11266255324267,"05_rr_to_or",1000
0.25,50,0.5,0.05,0.5,"vanderweele_rr_squared","sample",1000,1000,0,-2.10837729147928,0.0493771118119606,1.56144137606599,0.0349323611469469,1.35831526212555,0.869911149368788,0.0194615378465685,2.24814814261772,0.809,0.0124305671632472,5.02118116214931,"05_rr_to_or",1000
0.5,50,0.5,0.05,0.5,"vanderweele_rr_squared","sample",1000,1000,0,-1.16935680250122,0.041834015845547,1.32290773743503,0.0295959179489669,0.887494158251933,0.670866254038762,0.0150085316212288,1.34330898559371,0.849,0.0113224997240009,3.3791198585405,"05_rr_to_or",1000
0.75,50,0.5,0.05,0.5,"vanderweele_rr_squared","sample",1000,1000,0,-0.537890262249171,0.0383991644280792,1.21428819840047,0.0271658959043802,0.689062619319211,0.567462172676043,0.0126951891098811,0.81091384712493,0.913,0.00891240708226459,2.66544094028521,"05_rr_to_or",1000
1,50,0.5,0.05,0.5,"vanderweele_rr_squared","sample",1000,1000,0,0.0118714709928751,0.0377708686378556,1.19441974098645,0.0267214013876741,0.59129941556751,0.495051609812783,0.0110752295189767,0.597029230112442,0.948,0.00702111102319284,2.29164110564038,"05_rr_to_or",1000
0.25,100,0.5,0.05,0.5,"vanderweele_rr_squared","sample",1000,1000,0,-2.01042405078717,0.0358419969160169,1.13342346143344,0.0253568006420898,0.882840844628731,0.778915272772103,0.017425790060656,2.08869478084513,0.162,0.0116514376795312,3.35309522505952,"05_rr_to_or",1000
0.5,100,0.5,0.05,0.5,"vanderweele_rr_squared","sample",1000,1000,0,-1.13558331764797,0.0284915281357052,0.900981229275995,0.0201566335887586,0.592092791609651,0.657164402953701,0.0147019956104495,1.22159253575135,0.52,0.0157987341265052,2.29531653615615,"05_rr_to_or",1000
0.75,100,0.5,0.05,0.5,"vanderweele_rr_squared","sample",1000,1000,0,-0.517852317128559,0.0260182775183029,0.822770177521906,0.0184069062231115,0.473125484759925,0.575039661968459,0.0128647117039452,0.661240860745175,0.857,0.0110702755159933,1.84320715074846,"05_rr_to_or",1000
1,100,0.5,0.05,0.5,"vanderweele_rr_squared","sample",1000,1000,0,-0.0017555038642066,0.0249996061064289,0.790556959033691,0.0176862363349016,0.408118769551512,0.516242080836732,0.0115492999503287,0.395084691030414,0.956,0.00648567652600714,1.59131676361456,"05_rr_to_or",1000
0.25,300,0.5,0.05,0.5,"vanderweele_rr_squared","sample",1000,1000,0,-1.96744745131449,0.0196236802457545,0.620555256514368,0.0138829806001504,0.473894035607105,0.763661302732245,0.0170845302487125,1.99173929219519,0,0,1.84396563711889,"05_rr_to_or",1000
0.5,300,0.5,0.05,0.5,"vanderweele_rr_squared","sample",1000,1000,0,-1.09658655687201,0.0161822426239334,0.511727443410892,0.0114482990754804,0.329047700965922,0.643013590931672,0.0143854155046235,1.12601192469409,0.021,0.00453420334788814,1.28603583925942,"05_rr_to_or",1000
0.75,300,0.5,0.05,0.5,"vanderweele_rr_squared","sample",1000,1000,0,-0.501760829342983,0.0151890081218785,0.480318610639324,0.0107456247987523,0.269363215120304,0.560801120659827,0.0125461689300551,0.556221848997906,0.529,0.0157847711418316,1.05385890299615,"05_rr_to_or",1000
1,300,0.5,0.05,0.5,"vanderweele_rr_squared","sample",1000,1000,0,0.00331216575388481,0.0145900874676573,0.461379076588753,0.0103219120333866,0.233318514400367,0.505698082638311,0.0113134110090942,0.230597952847321,0.953,0.00669260786241059,0.913020875070828,"05_rr_to_or",1000
0.25,50,0.01,0.15,0.5,"vanderweele_rr_squared","sample",1000,1000,0,-0.200536754543739,0.0389655749069886,1.23219967043988,0.0275666090016149,3.7528209593085,3.04562730321848,0.0681363735493414,0.647622125837292,1,0,14.6411893452041,"05_rr_to_or",1000
0.5,50,0.01,0.15,0.5,"vanderweele_rr_squared","sample",1000,1000,0,-0.138323071296855,0.040567001102802,1.28284121327417,0.0286995549389021,3.72661816267818,2.90497227881136,0.0649896578384375,0.655852305231186,1,0,14.5302271662212,"05_rr_to_or",1000
0.75,50,0.01,0.15,0.5,"vanderweele_rr_squared","sample",1000,1000,0,-0.0728972989533111,0.0418814414821124,1.32440746774533,0.0296294697182651,3.69754711288641,2.79185009367329,0.062458903187289,0.665874828751196,1,0,14.4057016088275,"05_rr_to_or",1000
1,50,0.01,0.15,0.5,"vanderweele_rr_squared","sample",1000,1000,0,-0.0114414999136073,0.0456416854671132,1.44331682325084,0.0322896941839023,3.65274263960778,2.53079752190553,0.0566186693782514,0.721388231209053,1,0,14.220852450373,"05_rr_to_or",1000
2,50,0.01,0.15,0.5,"vanderweele_rr_squared","sample",1000,1000,0,0.269620982963736,0.0512572427859912,1.62089633783967,0.0362624797338444,3.54054495104052,2.18431300533343,0.0488671633337426,0.853735838960353,1,0,13.7577057601633,"05_rr_to_or",1000
0.25,100,0.01,0.15,0.5,"vanderweele_rr_squared","sample",1000,1000,0,-0.369808330302324,0.0470780356872789,1.48873820538492,0.0333058553724182,3.60356337804788,2.42054873382938,0.0541521979883408,0.830836612603902,1,0,14.0247617648998,"05_rr_to_or",1000
0.5,100,0.01,0.15,0.5,"vanderweele_rr_squared","sample",1000,1000,0,-0.236689329308555,0.0511998206499432,1.61908049045943,0.0362218558350246,3.55427943953019,2.19524567214174,0.0491117475180103,0.843043232489577,1,0,13.8151843115548,"05_rr_to_or",1000
0.75,100,0.01,0.15,0.5,"vanderweele_rr_squared","sample",1000,1000,0,-0.104126671096064,0.0551017794446611,1.74247126173377,0.038982337944968,3.48657505183167,2.00093690403967,0.0447646973082476,0.87700332758837,1,0,13.5363904700538,"05_rr_to_or",1000
1,100,0.01,0.15,0.5,"vanderweele_rr_squared","sample",1000,1000,0,0.019398595620235,0.0553005819452124,1.74875794879656,0.0391229828812822,3.43861877427281,1.96632059722111,0.0439902658439001,0.874156941167291,1,0,13.3321255753078,"05_rr_to_or",1000
2,100,0.01,0.15,0.5,"vanderweele_rr_squared","sample",1000,1000,0,0.428031234163517,0.063953289510424,2.02238058713094,0.0452444325666742,3.24334771532834,1.6037276741909,0.0358783846482509,1.0975855508391,1,0,12.5530872744433,"05_rr_to_or",1000
0.25,300,0.01,0.15,0.5,"vanderweele_rr_squared","sample",1000,1000,0,-0.818272589190547,0.0593535208755835,1.87692313117195,0.0419902774885774,3.14329171380655,1.67470455321411,0.0374662700528049,1.24474874179193,1,0,12.1731120836394,"05_rr_to_or",1000
0.5,300,0.01,0.15,0.5,"vanderweele_rr_squared","sample",1000,1000,0,-0.459016964331235,0.0658168570335535,2.08131176659702,0.0465628331646597,2.98913146181594,1.43617669865155,0.0321299562552425,1.13691612545527,1,0,11.5067092817668,"05_rr_to_or",1000
0.75,300,0.01,0.15,0.5,"vanderweele_rr_squared","sample",1000,1000,0,-0.217286473608027,0.0669505671285885,2.11716282766339,0.0473648883886776,2.83236087468986,1.33780965624444,0.0299293017170749,1.08013305972607,1,0,10.8704270503107,"05_rr_to_or",1000
1,300,0.01,0.15,0.5,"vanderweele_rr_squared","sample",1000,1000,0,-0.0137286293189101,0.0685546044397987,2.16788694121655,0.04849968158723,2.71893257963546,1.25418559793975,0.0280584752806495,1.08348834294136,1,0,10.4017128779561,"05_rr_to_or",1000
2,300,0.01,0.15,0.5,"vanderweele_rr_squared","sample",1000,1000,0,0.726987406554852,0.0653532606960264,2.06665156318204,0.0462348570215719,2.39640837942761,1.15956091588939,0.0259415443362895,1.26301429050472,1,0,9.1096348260803,"05_rr_to_or",1000
0.25,50,0.05,0.15,0.5,"vanderweele_rr_squared","sample",1000,1000,0,-0.748385689553815,0.0590956368683689,1.86876812282266,0.0418078347141124,3.22114832993399,1.72367469810468,0.0385618236950721,1.19677969609041,1,0,12.473170116146,"05_rr_to_or",1000
0.5,50,0.05,0.15,0.5,"vanderweele_rr_squared","sample",1000,1000,0,-0.485070165833392,0.0661918167525294,2.09316903402483,0.0468281023924084,3.06423197956643,1.46391998436668,0.0327506253952171,1.15305545308129,1,0,11.8227257963651,"05_rr_to_or",1000
0.75,50,0.05,0.15,0.5,"vanderweele_rr_squared","sample",1000,1000,0,-0.194960775151516,0.0700909536776605,2.21647056994762,0.0495865881408009,2.94128956414432,1.32701494169346,0.0296878037825684,1.1247075020919,1,0,11.2916295301769,"05_rr_to_or",1000
1,50,0.05,0.15,0.5,"vanderweele_rr_squared","sample",1000,1000,0,0.0203484524318629,0.0686115166459968,2.16968666319907,0.0485399447307721,2.84253787477697,1.3101144616826,0.0293097084660581,1.08449169133665,1,0,10.8852753862203,"05_rr_to_or",1000
2,50,0.05,0.15,0.5,"vanderweele_rr_squared","sample",1000,1000,0,0.751336023038542,0.0668092852607833,2.11269510271992,0.0472649370337162,2.49758308417488,1.18217866882895,0.0264475457309802,1.29586268509834,1,0,9.52100652295751,"05_rr_to_or",1000
0.25,100,0.05,0.15,0.5,"vanderweele_rr_squared","sample",1000,1000,0,-1.11213599458859,0.0621633925079378,1.9657790740813,0.0439781509594228,2.79298673145995,1.42080397959534,0.0317860398059198,1.48389765167329,1,0,10.7542132854567,"05_rr_to_or",1000
0.5,100,0.05,0.15,0.5,"vanderweele_rr_squared","sample",1000,1000,0,-0.635890560442229,0.0659871015870724,2.0866953720806,0.0466832744786326,2.5364380354313,1.2155286628648,0.0271936474122639,1.22141009674524,1,0,9.66851287814128,"05_rr_to_or",1000
0.75,100,0.05,0.15,0.5,"vanderweele_rr_squared","sample",1000,1000,0,-0.275778010022524,0.0668880101880949,2.11518460350927,0.0473206318180242,2.31994741566259,1.09680611886717,0.0245376022691164,1.0924451867558,1,0,8.791824207973,"05_rr_to_or",1000
1,100,0.05,0.15,0.5,"vanderweele_rr_squared","sample",1000,1000,0,-0.0206574646123761,0.0665174256680388,2.1034656920195,0.0470584578711282,2.15660003877704,1.02526038193023,0.0229369904501172,1.05140980033506,1,0,8.15567313850518,"05_rr_to_or",1000
2,100,0.05,0.15,0.5,"vanderweele_rr_squared","sample",1000,1000,0,0.823189020357247,0.0586635542146148,1.85510446958953,0.0415021532606538,1.85259752971487,0.998648626039261,0.0223416357465805,1.23981166245572,1,0,6.97940103437242,"05_rr_to_or",1000
0.25,300,0.05,0.15,0.5,"vanderweele_rr_squared","sample",1000,1000,0,-1.57001983599328,0.0515898741686764,1.63141506574503,0.0364978033314054,1.95895241269622,1.20076886246089,0.0268634430984361,1.76908894231413,1,0,7.34769469950662,"05_rr_to_or",1000
0.5,300,0.05,0.15,0.5,"vanderweele_rr_squared","sample",1000,1000,0,-0.826488552914686,0.0489577358199495,1.54817954275852,0.0346356691560286,1.48642318881525,0.960110341056939,0.0214794623024656,1.13212149846156,1,0,5.60616795129034,"05_rr_to_or",1000
0.75,300,0.05,0.15,0.5,"vanderweele_rr_squared","sample",1000,1000,0,-0.299833626078902,0.0415149345338365,1.31281750039704,0.0293701804927471,1.21768240706418,0.927533649342664,0.0207506608390364,0.721347196721155,1,0,4.66430065039487,"05_rr_to_or",1000
1,300,0.05,0.15,0.5,"vanderweele_rr_squared","sample",1000,1000,0,-0.0112360565130117,0.0379119148414157,1.19888001357215,0.0268211860194673,1.10254441449048,0.919645337322263,0.0205741845597727,0.599245561001429,1,0,4.25598666540824,"05_rr_to_or",1000
2,300,0.05,0.15,0.5,"vanderweele_rr_squared","sample",1000,1000,0,0.800914118947241,0.0333706884284574,1.0552738252175,0.0236084472567865,0.925288209489703,0.876822856189948,0.0196161656427313,0.958950330707896,0.999,0.000999499874937461,3.57059476517672,"05_rr_to_or",1000
0.25,50,0.15,0.15,0.5,"vanderweele_rr_squared","sample",1000,1000,0,-1.39706746009221,0.0581561289686343,1.83905827439383,0.0411431698916959,2.44210560510557,1.32791094176203,0.0297078489782848,1.67226965181111,1,0,9.32055281323935,"05_rr_to_or",1000
0.5,50,0.15,0.15,0.5,"vanderweele_rr_squared","sample",1000,1000,0,-0.900438182003493,0.0617723197668722,1.95341226815558,0.0437014824033992,2.08224331453069,1.06595179546853,0.0238473334031655,1.32807749664038,1,0,7.84201456836744,"05_rr_to_or",1000
0.75,50,0.15,0.15,0.5,"vanderweele_rr_squared","sample",1000,1000,0,-0.386922968556311,0.063003438882152,1.99234367290813,0.0445724506713214,1.81169390584047,0.90932800925657,0.020343366652942,1.06821128669049,1,0,6.81759314646435,"05_rr_to_or",1000
1,50,0.15,0.15,0.5,"vanderweele_rr_squared","sample",1000,1000,0,-0.039381780353604,0.0582344894631789,1.84153625080722,0.0411986068541798,1.63204576570285,0.886241454648241,0.0198268772889617,0.921149852869952,1,0,6.15472925133598,"05_rr_to_or",1000
2,50,0.15,0.15,0.5,"vanderweele_rr_squared","sample",1000,1000,0,0.959524577328774,0.0525942166221764,1.66317516278365,0.0372083360461272,1.3328161456138,0.801368476055804,0.0179281101720829,1.2694620049917,0.997,0.00172945077987204,5.00832145523635,"05_rr_to_or",1000
0.25,100,0.15,0.15,0.5,"vanderweele_rr_squared","sample",1000,1000,0,-1.59193485475153,0.0538275357447365,1.70217613787495,0.0380808607325198,1.88148902114846,1.10534331863997,0.0247285953798526,1.80496070094598,1,0,7.06149410631623,"05_rr_to_or",1000
0.5,100,0.15,0.15,0.5,"vanderweele_rr_squared","sample",1000,1000,0,-0.896882820224761,0.0488325412058532,1.54422054144522,0.0345470988992279,1.42604759557104,0.923474048749812,0.0206598399883816,1.18319774725086,1,0,5.36701182797548,"05_rr_to_or",1000
0.75,100,0.15,0.15,0.5,"vanderweele_rr_squared","sample",1000,1000,0,-0.369980634198398,0.0452660269232677,1.4314374570403,0.032023930565092,1.18834326510941,0.830174772404294,0.0185725608461689,0.805373649145533,1,0,4.52813309720758,"05_rr_to_or",1000
1,100,0.15,0.15,0.5,"vanderweele_rr_squared","sample",1000,1000,0,-0.0179937895154715,0.0382378167441904,1.20918593663766,0.0270517487751335,1.03362419772806,0.854809972899807,0.0191236963123014,0.604558434846755,1,0,3.99538166030239,"05_rr_to_or",1000
2,100,0.15,0.15,0.5,"vanderweele_rr_squared","sample",1000,1000,0,0.937729621485295,0.0340935260727809,1.07813195856323,0.0241198264103156,0.860424693079536,0.798069926640685,0.0178543154583036,1.08149821123282,0.973,0.00512552436341883,3.31199896716878,"05_rr_to_or",1000
0.25,300,0.15,0.15,0.5,"vanderweele_rr_squared","sample",1000,1000,0,-1.57191966532443,0.0349799837780143,1.10616421254267,0.0247469603103022,1.0191518016592,0.921338613293722,0.0206120663071525,1.66629089618078,0.89,0.00989444288477123,3.8662598106895,"05_rr_to_or",1000
0.5,300,0.15,0.15,0.5,"vanderweele_rr_squared","sample",1000,1000,0,-0.790310740256275,0.0256830022993567,0.812167844173087,0.0181697122155629,0.721129565725552,0.887907063668316,0.0198641400749431,0.888442633933015,0.975,0.00493710441453288,2.80249518505995,"05_rr_to_or",1000
0.75,300,0.15,0.15,0.5,"vanderweele_rr_squared","sample",1000,1000,0,-0.336957049226354,0.022506775669673,0.71172673902628,0.0159226570185073,0.617944935476773,0.86823341261871,0.0194240037406061,0.489951173125257,0.998,0.00141279864099595,2.41034623347758,"05_rr_to_or",1000
1,300,0.15,0.15,0.5,"vanderweele_rr_squared","sample",1000,1000,0,0.00786158262957195,0.0208331910356936,0.658803346021941,0.0147386618292629,0.561362598378494,0.852094334019668,0.019062942396362,0.329330777792914,1,0,2.19279192459327,"05_rr_to_or",1000
2,300,0.15,0.15,0.5,"vanderweele_rr_squared","sample",1000,1000,0,0.87836346879068,0.0186494089361023,0.589746092539808,0.0131937220348968,0.469572966472755,0.796229042316306,0.0178131314362618,0.926490985713878,0.544,0.0157500476189756,1.83327715259343,"05_rr_to_or",1000
0.25,50,0.3,0.15,0.5,"vanderweele_rr_squared","sample",1000,1000,0,-1.85517430494482,0.0566285571405661,1.79075221173181,0.0400624730097236,1.91811689940382,1.07112356854153,0.0239630356303035,2.05974959019589,1,0,7.16461358989256,"05_rr_to_or",1000
0.5,50,0.3,0.15,0.5,"vanderweele_rr_squared","sample",1000,1000,0,-0.969278814885286,0.0524393956920891,1.65827929509823,0.0370988063380408,1.33029227651216,0.802212438184822,0.0179469911818583,1.27525938677908,0.997,0.00172945077987204,5.00507821979123,"05_rr_to_or",1000
0.75,50,0.3,0.15,0.5,"vanderweele_rr_squared","sample",1000,1000,0,-0.407919580434949,0.0455916882967109,1.44173577390049,0.0322543231557331,1.08074254630309,0.74961207585162,0.0167702227923123,0.827966934139221,0.998,0.00141279864099595,4.11364118465816,"05_rr_to_or",1000
1,50,0.3,0.15,0.5,"vanderweele_rr_squared","sample",1000,1000,0,0.0132846037298284,0.0439198853708551,1.38886872345411,0.0310715884547866,0.954194669911475,0.687030137404489,0.0153701478944515,0.694214177585544,0.999,0.000999499874937461,3.66894054361564,"05_rr_to_or",1000
2,50,0.3,0.15,0.5,"vanderweele_rr_squared","sample",1000,1000,0,1.34238341813709,0.0411775915210729,1.30214977766628,0.0291315236025439,0.751844698939683,0.577387265147904,0.0129172319735827,1.49180020567355,0.568,0.0156644821171975,2.88101199566635,"05_rr_to_or",1000
0.25,100,0.3,0.15,0.5,"vanderweele_rr_squared","sample",1000,1000,0,-1.77910245588564,0.0461360035245537,1.45894853275146,0.0326394047333919,1.29028891979145,0.884396461442043,0.0197856013435561,1.92270801765047,0.942,0.00739161687318817,4.80051774736434,"05_rr_to_or",1000
0.5,100,0.3,0.15,0.5,"vanderweele_rr_squared","sample",1000,1000,0,-0.939161368055808,0.0330412680792911,1.04485663910777,0.0233753953389251,0.863832087314721,0.826746995695381,0.0184958750763653,1.07456153521857,0.974,0.00503229569878401,3.32638901497286,"05_rr_to_or",1000
0.75,100,0.3,0.15,0.5,"vanderweele_rr_squared","sample",1000,1000,0,-0.428576763158315,0.0290160554713608,0.917568240032906,0.0205277160123387,0.709823227919432,0.773591758029872,0.017306693088847,0.627654704299865,0.993,0.00263647491928143,2.7568925843795,"05_rr_to_or",1000
1,100,0.3,0.15,0.5,"vanderweele_rr_squared","sample",1000,1000,0,0.00196262056242852,0.0286682885432837,0.906570884156871,0.0202816846127538,0.634602290130295,0.700002946510342,0.0156603738739358,0.453062993619777,0.995,0.00223047080231955,2.46878852435519,"05_rr_to_or",1000
2,100,0.3,0.15,0.5,"vanderweele_rr_squared","sample",1000,1000,0,1.28974449624698,0.0278921091442221,0.882025936417516,0.0197325682694145,0.502544225087768,0.569761278368897,0.0127466244001256,1.36298892559314,0.228,0.0132671021704063,1.95488973936853,"05_rr_to_or",1000
0.25,300,0.3,0.15,0.5,"vanderweele_rr_squared","sample",1000,1000,0,-1.69398030450204,0.0240179428787358,0.759514042086264,0.0169917482788758,0.654182828807587,0.861317622266274,0.0192692845882185,1.73598400098542,0.058,0.00739161687318817,2.53766052304886,"05_rr_to_or",1000
0.5,300,0.3,0.15,0.5,"vanderweele_rr_squared","sample",1000,1000,0,-0.892444473192409,0.018901494512131,0.597717738395072,0.0133720626477562,0.470826200195362,0.787706587827851,0.017622468205088,0.941108094113534,0.521,0.015797436500901,1.83833518448015,"05_rr_to_or",1000
0.75,300,0.3,0.15,0.5,"vanderweele_rr_squared","sample",1000,1000,0,-0.400643525102059,0.0164737157989203,0.520944634508884,0.0116545048627298,0.398978455051619,0.765874967553419,0.0171340540670107,0.477800393924123,0.93,0.00806845710157772,1.56001531788409,"05_rr_to_or",1000
1,300,0.3,0.15,0.5,"vanderweele_rr_squared","sample",1000,1000,0,-0.0031425296952669,0.0164641645627516,0.520642597901252,0.0116477477394595,0.356349574075882,0.684441833058519,0.015312242689967,0.260210082436364,0.992,0.00281709069786544,1.39395326707371,"05_rr_to_or",1000
2,300,0.3,0.15,0.5,"vanderweele_rr_squared","sample",1000,1000,0,1.26262379682628,0.0158445478609735,0.501048597362253,0.0112093933358723,0.28523039202599,0.569266920469535,0.0127355646902056,1.28721346874458,0,0,1.11500334948719,"05_rr_to_or",1000
0.25,50,0.5,0.15,0.5,"vanderweele_rr_squared","sample",1000,1000,0,-2.07625351429356,0.0490849806616767,1.55220337796217,0.0347256898680991,1.35708157250987,0.874293660081797,0.019559582799971,2.21642959586448,0.823,0.0120694241784768,5.03117620215493,"05_rr_to_or",1000
0.5,50,0.5,0.15,0.5,"vanderweele_rr_squared","sample",1000,1000,0,-1.15313054178027,0.039679120690397,1.25476396934367,0.0280714145296464,0.861203472300107,0.686346989028203,0.0153548645888064,1.31260222189456,0.839,0.0116223491601311,3.30037581839241,"05_rr_to_or",1000
0.75,50,0.5,0.15,0.5,"vanderweele_rr_squared","sample",1000,1000,0,-0.542822715877448,0.0386856922393366,1.22334900336603,0.0273686030416385,0.69078004149478,0.564663100712965,0.0126325686399811,0.817574492744072,0.92,0.00857904423581089,2.66680700962383,"05_rr_to_or",1000
1,50,0.5,0.15,0.5,"vanderweele_rr_squared","sample",1000,1000,0,-0.00720959775004997,0.0379708627178654,1.20074410910026,0.026862889319507,0.593561005258586,0.494327642967453,0.0110590330279094,0.600115101943434,0.945,0.00720936890441875,2.30166432785315,"05_rr_to_or",1000
0.25,100,0.5,0.15,0.5,"vanderweele_rr_squared","sample",1000,1000,0,-2.02597183798931,0.0366712750041372,1.15964753715474,0.0259434822158478,0.893791204750395,0.770743847689583,0.017242980013194,2.10723071715711,0.153,0.0113838042850358,3.3733376819031,"05_rr_to_or",1000
0.5,100,0.5,0.15,0.5,"vanderweele_rr_squared","sample",1000,1000,0,-1.10546112799915,0.027764284879043,0.877983778235483,0.0196421376380811,0.586971910866965,0.668545280012604,0.0149566070955072,1.18935506487743,0.522,0.0157960754619621,2.27978058091549,"05_rr_to_or",1000
0.75,100,0.5,0.15,0.5,"vanderweele_rr_squared","sample",1000,1000,0,-0.553301083347974,0.0269803873957264,0.853194763241941,0.0190875610542241,0.474086565441774,0.555660425809877,0.0124311619808367,0.698530908059124,0.825,0.0120156148406979,1.84720068264566,"05_rr_to_or",1000
1,100,0.5,0.15,0.5,"vanderweele_rr_squared","sample",1000,1000,0,0.00091954195519131,0.0264973652117582,0.837920260624659,0.0187458418901584,0.408206944601146,0.487166815010336,0.0108988319264506,0.418751607469082,0.955,0.00655553201502365,1.59150145036764,"05_rr_to_or",1000
0.25,300,0.5,0.15,0.5,"vanderweele_rr_squared","sample",1000,1000,0,-1.95818582730518,0.0195756773910678,0.61903727296437,0.0138490204717738,0.47164767934965,0.761905138750501,0.017045241579036,1.98247262750393,0,0,1.83620606643453,"05_rr_to_or",1000
0.5,300,0.5,0.15,0.5,"vanderweele_rr_squared","sample",1000,1000,0,-1.10422759184108,0.0159891282317483,0.505620630128251,0.0113116782517235,0.330663433361245,0.653975359504956,0.0146306507497507,1.13276993115574,0.029,0.00530650544143695,1.29276969988799,"05_rr_to_or",1000
0.75,300,0.5,0.15,0.5,"vanderweele_rr_squared","sample",1000,1000,0,-0.503984103995258,0.0144920738016386,0.45827961232433,0.0102525712264203,0.269404185642252,0.587859853236479,0.0131515233372297,0.55358154123595,0.555,0.0157154382694216,1.05402085353227,"05_rr_to_or",1000
1,300,0.5,0.15,0.5,"vanderweele_rr_squared","sample",1000,1000,0,-0.00768022121318551,0.0152015569578724,0.480715439676571,0.0107545026057934,0.232114582288432,0.482852355323975,0.010802309401668,0.240360245153514,0.93,0.00806845710157772,0.908329417111687,"05_rr_to_or",1000
0.25,50,0.01,0.3,0.5,"vanderweele_rr_squared","sample",1000,1000,0,-0.201277018960497,0.0365528198520648,1.15590165634344,0.0258596798628939,3.75894151573037,3.25195616348656,0.0727523356804858,0.611723443221049,1,0,14.6679468872261,"05_rr_to_or",1000
0.5,50,0.01,0.3,0.5,"vanderweele_rr_squared","sample",1000,1000,0,-0.137717870465307,0.0397943903841762,1.258409117119,0.028152963296365,3.73847944643656,2.97079812564886,0.0664623050282569,0.643792427713344,1,0,14.5791457044821,"05_rr_to_or",1000
0.75,50,0.01,0.3,0.5,"vanderweele_rr_squared","sample",1000,1000,0,-0.0500704061163864,0.0447600941559235,1.4154384581631,0.0316660030659656,3.68983383751542,2.6068486526104,0.0583200752741997,0.709135167844066,1,0,14.3743276271778,"05_rr_to_or",1000
1,50,0.01,0.3,0.5,"vanderweele_rr_squared","sample",1000,1000,0,0.0153428608640443,0.0457269157810087,1.44601204242685,0.0323499912729059,3.6591980546194,2.53054466163238,0.05661301242147,0.722807285784841,1,0,14.2453726672932,"05_rr_to_or",1000
2,50,0.01,0.3,0.5,"vanderweele_rr_squared","sample",1000,1000,0,0.258883444663116,0.0534107607692355,1.68899655593151,0.0377860088583022,3.51302710817316,2.07994924313843,0.0465323509690061,0.882884365059366,1,0,13.6444321501038,"05_rr_to_or",1000
0.25,100,0.01,0.3,0.5,"vanderweele_rr_squared","sample",1000,1000,0,-0.371680250830596,0.045484831945116,1.43835667936553,0.0321787264971238,3.62078431129844,2.51730628657113,0.0563168452353516,0.809225849588412,1,0,14.0883962409768,"05_rr_to_or",1000
0.5,100,0.01,0.3,0.5,"vanderweele_rr_squared","sample",1000,1000,0,-0.229741587933829,0.0511097466541503,1.61623210061285,0.0361581320319199,3.56421907693462,2.20526437730269,0.0493358846724829,0.839749782041325,1,0,13.8546936455152,"05_rr_to_or",1000
0.75,100,0.01,0.3,0.5,"vanderweele_rr_squared","sample",1000,1000,0,-0.101603009029811,0.0555916498319558,1.75796232355497,0.0393289019430678,3.50001476320749,1.99094981519839,0.0445412674699213,0.88439722202235,1,0,13.5882521451357,"05_rr_to_or",1000
1,100,0.01,0.3,0.5,"vanderweele_rr_squared","sample",1000,1000,0,0.028478603753015,0.0558028754555948,1.76464186426386,0.0394783357494951,3.45655998989678,1.95878838641218,0.0438217562141146,0.88233937230671,1,0,13.403672852418,"05_rr_to_or",1000
2,100,0.01,0.3,0.5,"vanderweele_rr_squared","sample",1000,1000,0,0.388737865096584,0.0601801821672671,1.90306445652412,0.0425751077819583,3.23381420191465,1.69926677513651,0.0380157728518958,1.02743627325484,1,0,12.4953076198216,"05_rr_to_or",1000
0.25,300,0.01,0.3,0.5,"vanderweele_rr_squared","sample",1000,1000,0,-0.859426462175247,0.0594850205220561,1.88108151511555,0.0420833083073658,3.09988470189369,1.64792683197637,0.0368672023943535,1.27371352493321,1,0,11.9983988419201,"05_rr_to_or",1000
0.5,300,0.01,0.3,0.5,"vanderweele_rr_squared","sample",1000,1000,0,-0.546656260325017,0.0658497574657644,2.08235216961493,0.0465861089241707,2.9878194020307,1.43482905803739,0.0320998070166276,1.17549847251622,1,0,11.5209893234098,"05_rr_to_or",1000
0.75,300,0.01,0.3,0.5,"vanderweele_rr_squared","sample",1000,1000,0,-0.270567511531084,0.0687416969791819,2.17380332679331,0.0486320421873907,2.8289219036314,1.30136975537915,0.0291140730465037,1.11954484008665,1,0,10.8649909239641,"05_rr_to_or",1000
1,300,0.01,0.3,0.5,"vanderweele_rr_squared","sample",1000,1000,0,-0.0192544973794395,0.0679352943533433,2.1483026367054,0.0480615441019029,2.7090668965072,1.2610266590101,0.0282115225993646,1.07378675226204,1,0,10.3637571542671,"05_rr_to_or",1000
2,300,0.01,0.3,0.5,"vanderweele_rr_squared","sample",1000,1000,0,0.693008931743605,0.065440005954833,2.06939468912254,0.0462962258744112,2.38479235484154,1.15241059010001,0.0257815781879464,1.24490536818013,1,0,9.07484493733753,"05_rr_to_or",1000
0.25,50,0.05,0.3,0.5,"vanderweele_rr_squared","sample",1000,1000,0,-0.710438254433797,0.0616353378459519,1.94908051947184,0.0436045730914408,3.22815971076636,1.65624748619473,0.0370533509764199,1.20561250096839,1,0,12.5082994142727,"05_rr_to_or",1000
0.5,50,0.05,0.3,0.5,"vanderweele_rr_squared","sample",1000,1000,0,-0.507860202721092,0.0660470385131551,2.08859074410431,0.0467256774923191,3.06559396606047,1.467781074255,0.0328370051904929,1.16076882141681,1,0,11.8193813457448,"05_rr_to_or",1000
0.75,50,0.05,0.3,0.5,"vanderweele_rr_squared","sample",1000,1000,0,-0.235180181978209,0.0695654355269838,2.19985222686865,0.0492148047546316,2.94517219430023,1.33880456074657,0.0299515595897737,1.12424967669776,1,0,11.3254323199568,"05_rr_to_or",1000
1,50,0.05,0.3,0.5,"vanderweele_rr_squared","sample",1000,1000,0,0.006105350269788,0.0710781417498644,2.24768819781878,0.050284984806639,2.80036359689885,1.24588615076433,0.0278728011397591,1.12329862832495,1,0,10.7354426320016,"05_rr_to_or",1000
2,50,0.05,0.3,0.5,"vanderweele_rr_squared","sample",1000,1000,0,0.744835489291539,0.0683532831660319,2.16152060355106,0.0483572547181055,2.50090780451604,1.15701316952863,0.025884546489717,1.31211839906778,1,0,9.54525935983882,"05_rr_to_or",1000
0.25,100,0.05,0.3,0.5,"vanderweele_rr_squared","sample",1000,1000,0,-1.12025720711985,0.0598383063158022,1.89225339284774,0.042333244086968,2.80818712622819,1.48404391126604,0.0332008352416569,1.46602755092264,1,0,10.8160350633663,"05_rr_to_or",1000
0.5,100,0.05,0.3,0.5,"vanderweele_rr_squared","sample",1000,1000,0,-0.658776791616786,0.068396545350291,2.16288867393919,0.0483878610089372,2.54987838112764,1.17892261948168,0.0263747018231302,1.26583537368907,1,0,9.73500908017425,"05_rr_to_or",1000
0.75,100,0.05,0.3,0.5,"vanderweele_rr_squared","sample",1000,1000,0,-0.325189718824886,0.0671516307481802,2.12352101758846,0.0475071329776248,2.34820110312758,1.10580544467334,0.0247389340027049,1.10993531157737,1,0,8.88906665795356,"05_rr_to_or",1000
1,100,0.05,0.3,0.5,"vanderweele_rr_squared","sample",1000,1000,0,0.0670467950957951,0.0652434886489573,2.06318026626047,0.0461571976232932,2.19230706782946,1.06258629150376,0.0237720407910055,1.03325180730619,1,0,8.26427067237412,"05_rr_to_or",1000
2,100,0.05,0.3,0.5,"vanderweele_rr_squared","sample",1000,1000,0,0.802798300446395,0.0579698901265923,1.83316888509738,0.0410114132487684,1.81991647642135,0.992770764994013,0.022210137012173,1.21810181203444,1,0,6.85372363276485,"05_rr_to_or",1000
0.25,300,0.05,0.3,0.5,"vanderweele_rr_squared","sample",1000,1000,0,-1.54367669420985,0.0507300275318971,1.60422432763845,0.0358894957138731,1.91691566739192,1.19491746532343,0.0267325364110939,1.73944769270883,1,0,7.21038368986897,"05_rr_to_or",1000
0.5,300,0.05,0.3,0.5,"vanderweele_rr_squared","sample",1000,1000,0,-0.807330290326043,0.0462716850541464,1.46323915945074,0.0327353940697215,1.4320369433666,0.978675928755311,0.0218948091892112,1.08927229832858,1,0,5.42075004265293,"05_rr_to_or",1000
0.75,300,0.05,0.3,0.5,"vanderweele_rr_squared","sample",1000,1000,0,-0.339963654156714,0.0415730963988274,1.31465674006038,0.0294113277206486,1.22284536218488,0.930163231908517,0.0208094895144283,0.739745761466795,1,0,4.6870081118234,"05_rr_to_or",1000
1,300,0.05,0.3,0.5,"vanderweele_rr_squared","sample",1000,1000,0,-0.0143061395887932,0.0371760528329453,1.17561001366862,0.0263005926414646,1.10156879506374,0.93701889423872,0.0209628634906089,0.587685185250878,1,0,4.24101134774896,"05_rr_to_or",1000
2,300,0.05,0.3,0.5,"vanderweele_rr_squared","sample",1000,1000,0,0.796654774006497,0.0330866335233276,1.04629122040997,0.0234074896031808,0.932150865944828,0.890909574467785,0.0199313118517401,0.952925221145192,1,0,3.59883751214584,"05_rr_to_or",1000
0.25,50,0.15,0.3,0.5,"vanderweele_rr_squared","sample",1000,1000,0,-1.4286119635554,0.0606097303132391,1.91664796158386,0.0428789961710208,2.50611693274315,1.3075520298846,0.0292523820788145,1.71999959584947,1,0,9.5810504487394,"05_rr_to_or",1000
0.5,50,0.15,0.3,0.5,"vanderweele_rr_squared","sample",1000,1000,0,-0.832113939563402,0.0641859111187802,2.02973672828472,0.0454090031892864,2.08517981178223,1.02731540634059,0.0229829651860047,1.31199902711708,1,0,7.8686038603464,"05_rr_to_or",1000
0.75,50,0.15,0.3,0.5,"vanderweele_rr_squared","sample",1000,1000,0,-0.330944086496866,0.064009382892979,2.02415441563631,0.0452841164247506,1.84965033877103,0.913789147943821,0.0204431706610453,1.06433075812816,1,0,6.94151637660572,"05_rr_to_or",1000
1,50,0.15,0.3,0.5,"vanderweele_rr_squared","sample",1000,1000,0,-0.0434784981310327,0.0583887377034063,1.84641400844913,0.0413077314067544,1.60612146399669,0.869859877929396,0.0194603908086682,0.923769041090021,1,0,6.05851575747939,"05_rr_to_or",1000
2,50,0.15,0.3,0.5,"vanderweele_rr_squared","sample",1000,1000,0,0.934236077534054,0.048545796600943,1.5351528808624,0.0343442383890018,1.31612284702204,0.857323634296725,0.0191799316145447,1.20887611725906,0.999,0.000999499874937461,4.94205880088209,"05_rr_to_or",1000
0.25,100,0.15,0.3,0.5,"vanderweele_rr_squared","sample",1000,1000,0,-1.65469809064776,0.0530041616473157,1.6761387627326,0.0374983559995642,1.93028738488817,1.1516274355121,0.0257640575564848,1.85463842807407,1,0,7.23540329087428,"05_rr_to_or",1000
0.5,100,0.15,0.3,0.5,"vanderweele_rr_squared","sample",1000,1000,0,-0.829567517915424,0.0483087265666987,1.52765606813054,0.034176520680342,1.39373006511504,0.912332359482332,0.0204105795811422,1.12740059390562,1,0,5.24564023596635,"05_rr_to_or",1000
0.75,100,0.15,0.3,0.5,"vanderweele_rr_squared","sample",1000,1000,0,-0.37349833982487,0.0425706706016822,1.34620280622086,0.0301170721647081,1.16456250367224,0.865072111193607,0.0193532795208123,0.769489079339204,1,0,4.46133956829085,"05_rr_to_or",1000
1,100,0.15,0.3,0.5,"vanderweele_rr_squared","sample",1000,1000,0,0.00955371177470241,0.0405598605996462,1.28261541073805,0.0286945033142555,1.04138793073898,0.811925322291071,0.0181642865479083,0.641058164912819,1,0,4.00801445180974,"05_rr_to_or",1000
2,100,0.15,0.3,0.5,"vanderweele_rr_squared","sample",1000,1000,0,0.931407163503506,0.0338361390844509,1.06999266733109,0.0239377352571289,0.85627318202915,0.800260794464109,0.0179033292651658,1.07398983243985,0.957,0.00641490451994416,3.30629439328129,"05_rr_to_or",1000
0.25,300,0.15,0.3,0.5,"vanderweele_rr_squared","sample",1000,1000,0,-1.60691321739102,0.0353244680868559,1.11705776288395,0.0249906693861132,1.02775027406543,0.920051145262215,0.0205832632416445,1.70112099661352,0.896,0.00965318600255895,3.9073984791334,"05_rr_to_or",1000
0.5,300,0.15,0.3,0.5,"vanderweele_rr_squared","sample",1000,1000,0,-0.806128060134041,0.0257432291706129,0.814072385068242,0.0182123203540358,0.726265905925371,0.892139224037786,0.01995882141023,0.902970228139396,0.983,0.00408790900094413,2.81676326383787,"05_rr_to_or",1000
0.75,300,0.15,0.3,0.5,"vanderweele_rr_squared","sample",1000,1000,0,-0.34435378356521,0.0231575819531024,0.73230704073814,0.0163830768222422,0.619941422661163,0.846559418623482,0.0189391159969205,0.502507572414446,0.999,0.000999499874937461,2.41830031493044,"05_rr_to_or",1000
1,300,0.15,0.3,0.5,"vanderweele_rr_squared","sample",1000,1000,0,0.0093347892427583,0.0205473352079585,0.649763791041184,0.0145364300938704,0.561240117488788,0.863760223679831,0.019323930145858,0.324853560979748,1,0,2.19221210840373,"05_rr_to_or",1000
2,300,0.15,0.3,0.5,"vanderweele_rr_squared","sample",1000,1000,0,0.900744917618667,0.0188334026553587,0.595564484819967,0.0133238903419114,0.472152747096349,0.792781905454077,0.0177360125436539,0.948644820913856,0.521,0.015797436500901,1.8432756459081,"05_rr_to_or",1000
0.25,50,0.3,0.3,0.5,"vanderweele_rr_squared","sample",1000,1000,0,-1.81465305374893,0.0547202823053317,1.73040726292257,0.0387124437498937,1.86269294635581,1.07644771625023,0.0240821467627549,2.0101727418434,0.999,0.000999499874937461,6.95445721839115,"05_rr_to_or",1000
0.5,50,0.3,0.3,0.5,"vanderweele_rr_squared","sample",1000,1000,0,-1.00675938944677,0.0508543838788209,1.60815682061622,0.035977472929677,1.34420859346678,0.83586909947731,0.018699953582683,1.28820030122374,1,0,5.05405202001273,"05_rr_to_or",1000
0.75,50,0.3,0.3,0.5,"vanderweele_rr_squared","sample",1000,1000,0,-0.465051603095415,0.0450561309497833,1.42479996356121,0.0318754374337608,1.07229809370602,0.752595537008484,0.0168369683930098,0.85045823756877,0.999,0.000999499874937461,4.08782065043439,"05_rr_to_or",1000
1,50,0.3,0.3,0.5,"vanderweele_rr_squared","sample",1000,1000,0,-0.0044545833150928,0.0430915338061697,1.36267394697641,0.0304855623598537,0.943625463533607,0.692480740258801,0.0154920880647928,0.68101078896236,0.998,0.00141279864099595,3.62900732771852,"05_rr_to_or",1000
2,50,0.3,0.3,0.5,"vanderweele_rr_squared","sample",1000,1000,0,1.29477423934923,0.0407604983318403,1.28896013292109,0.0288364466046488,0.746398715788176,0.579070443471869,0.0129548878177205,1.44616027202772,0.601,0.0154854447788883,2.86141935903109,"05_rr_to_or",1000
0.25,100,0.3,0.3,0.5,"vanderweele_rr_squared","sample",1000,1000,0,-1.78352167157651,0.0448917841687096,1.41960286201811,0.0317591685614204,1.27033119794577,0.894849701936967,0.020019459865382,1.91944361896204,0.941,0.00745110730026082,4.73632877492531,"05_rr_to_or",1000
0.5,100,0.3,0.3,0.5,"vanderweele_rr_squared","sample",1000,1000,0,-0.915907558706502,0.0355141233942844,1.12305519030209,0.0251248430436928,0.85677656040521,0.762898001633159,0.0170674537768925,1.07419019869467,0.972,0.0052168956286282,3.30064772961498,"05_rr_to_or",1000
0.75,100,0.3,0.3,0.5,"vanderweele_rr_squared","sample",1000,1000,0,-0.387716830662128,0.0302443506477059,0.956410343995395,0.0213966864547279,0.710217410322241,0.742586500429631,0.0166130475427846,0.615447680243827,0.993,0.00263647491928143,2.75934628688922,"05_rr_to_or",1000
1,100,0.3,0.3,0.5,"vanderweele_rr_squared","sample",1000,1000,0,0.00299901150178429,0.027946952528484,0.883760236506112,0.0197713678029485,0.632809492235301,0.716042050881437,0.0160191986078982,0.441669304953848,0.999,0.000999499874937461,2.46378730557774,"05_rr_to_or",1000
2,100,0.3,0.3,0.5,"vanderweele_rr_squared","sample",1000,1000,0,1.27014695590073,0.0277392428600992,0.87719188006477,0.0196244213963348,0.507792958841024,0.578884700578315,0.0129507324021298,1.34366934987673,0.228,0.0132671021704063,1.97265495795659,"05_rr_to_or",1000
0.25,300,0.3,0.3,0.5,"vanderweele_rr_squared","sample",1000,1000,0,-1.71314307594976,0.0232349770263332,0.734754487848991,0.0164378307871843,0.654025351502863,0.890127739699196,0.019913820747103,1.75205315900769,0.039,0.00612200947402076,2.53754476141408,"05_rr_to_or",1000
0.5,300,0.3,0.3,0.5,"vanderweele_rr_squared","sample",1000,1000,0,-0.921488376645793,0.0193221961553013,0.611021492473005,0.0136696924846389,0.472259713487389,0.772901967123935,0.017291261177402,0.970764805472066,0.48,0.0157987341265052,1.84341107121222,"05_rr_to_or",1000
0.75,300,0.3,0.3,0.5,"vanderweele_rr_squared","sample",1000,1000,0,-0.392028730485602,0.016477997004611,0.52108001812003,0.0116575336470764,0.398221793365179,0.764223880243762,0.0170971161588253,0.470637589606721,0.941,0.00745110730026082,1.55689480518182,"05_rr_to_or",1000
1,300,0.3,0.3,0.5,"vanderweele_rr_squared","sample",1000,1000,0,0.0116343790057597,0.0159563642771982,0.504584542912927,0.0112884990447804,0.356901246868506,0.707317043063078,0.0158240038802621,0.252434343189026,0.998,0.00141279864099595,1.39596068728702,"05_rr_to_or",1000
2,300,0.3,0.3,0.5,"vanderweele_rr_squared","sample",1000,1000,0,1.26283680277331,0.0160586651228473,0.507819579701051,0.01136087286242,0.285867006108585,0.562930256208065,0.0125938016705742,1.28808481927212,0,0,1.11739753221518,"05_rr_to_or",1000
0.25,50,0.5,0.3,0.5,"vanderweele_rr_squared","sample",1000,1000,0,-2.13381360422509,0.050538237009615,1.598159378798,0.0357538114759121,1.40348494341098,0.878188347188854,0.0196467142278065,2.27838765780454,0.833,0.01179453263169,5.1862904597293,"05_rr_to_or",1000
0.5,50,0.5,0.3,0.5,"vanderweele_rr_squared","sample",1000,1000,0,-1.1330783346391,0.0416855840113889,1.31821391070287,0.0294909082745198,0.869760337116887,0.659802123202546,0.0147610063410153,1.31066932101219,0.834,0.0117662228433767,3.31638526299055,"05_rr_to_or",1000
0.75,50,0.5,0.3,0.5,"vanderweele_rr_squared","sample",1000,1000,0,-0.501941364829954,0.0381822866495429,1.20742992085995,0.0270124634210581,0.691672090573555,0.572846571568259,0.0128156481738877,0.784890065818695,0.927,0.00822623850857729,2.67527803891058,"05_rr_to_or",1000
1,50,0.5,0.3,0.5,"vanderweele_rr_squared","sample",1000,1000,0,0.00335715406998494,0.0357618599714941,1.13088930873926,0.0253001069112385,0.594677647167938,0.525849561555144,0.0117642372456458,0.565171832261201,0.965,0.00581162627841812,2.30401722264975,"05_rr_to_or",1000
0.25,100,0.5,0.3,0.5,"vanderweele_rr_squared","sample",1000,1000,0,-2.03784628799518,0.034658241678989,1.09598983402184,0.0245193404518923,0.870271949895426,0.794051115147558,0.0177644071360244,2.11016957236533,0.14,0.0109726933794762,3.33362705700998,"05_rr_to_or",1000
0.5,100,0.5,0.3,0.5,"vanderweele_rr_squared","sample",1000,1000,0,-1.12885470740842,0.0285597627945582,0.903138998649396,0.0202049069214491,0.588233315040797,0.651320910646616,0.014571265768933,1.2157401236061,0.509,0.0158088266484265,2.28364171121813,"05_rr_to_or",1000
0.75,100,0.5,0.3,0.5,"vanderweele_rr_squared","sample",1000,1000,0,-0.529684844699492,0.0252964616455017,0.799944355428762,0.0178962499326764,0.472605337664683,0.590797765441287,0.0132172499227611,0.66361419507645,0.855,0.0111344061359374,1.84139753823208,"05_rr_to_or",1000
1,100,0.5,0.3,0.5,"vanderweele_rr_squared","sample",1000,1000,0,-0.0184071567549752,0.0254909425827742,0.806094382661417,0.0180338375332407,0.408969036102745,0.507346341693246,0.0113502856439368,0.403265935606934,0.95,0.00689202437604511,1.59429897704545,"05_rr_to_or",1000
0.25,300,0.5,0.3,0.5,"vanderweele_rr_squared","sample",1000,1000,0,-1.984535039305,0.0191242095645183,0.604760606742546,0.0135296247723389,0.475431795358377,0.786148750526626,0.0175876164738295,2.00741668226811,0,0,1.85137721802263,"05_rr_to_or",1000
0.5,300,0.5,0.3,0.5,"vanderweele_rr_squared","sample",1000,1000,0,-1.11711860910743,0.0156229286269458,0.494040381833959,0.0110526064596037,0.33025688954452,0.668481568892309,0.0149551817587015,1.14407689538775,0.025,0.00493710441453287,1.29119019452402,"05_rr_to_or",1000
0.75,300,0.5,0.3,0.5,"vanderweele_rr_squared","sample",1000,1000,0,-0.512512686430999,0.0148462901556893,0.46948091695714,0.0105031653407739,0.26942718860722,0.573883152383416,0.0128388384235814,0.563664114093315,0.529,0.0157847711418316,1.05420766890512,"05_rr_to_or",1000
1,300,0.5,0.3,0.5,"vanderweele_rr_squared","sample",1000,1000,0,0.00176538277792723,0.0148768696964883,0.470447926944408,0.0105247991610541,0.232748351873482,0.494737756387192,0.0110682080314088,0.235112949994112,0.957,0.00641490451994416,0.910936301773095,"05_rr_to_or",1000
0.25,50,0.01,0.5,0.5,"vanderweele_rr_squared","sample",1000,1000,0,-0.241859365546396,0.0368831231349428,1.16634676326869,0.0260933564215687,3.76109402679437,3.22467909650976,0.0721420967248204,0.63106818534632,1,0,14.6787577076753,"05_rr_to_or",1000
0.5,50,0.01,0.5,0.5,"vanderweele_rr_squared","sample",1000,1000,0,-0.135781845210646,0.0405549234223808,1.28245928348434,0.0286910104558652,3.72888414895623,2.90760431693795,0.0650485414493114,0.655134327816939,1,0,14.5408843597145,"05_rr_to_or",1000
0.75,50,0.01,0.5,0.5,"vanderweele_rr_squared","sample",1000,1000,0,-0.0889233194404619,0.0447153382819922,1.41402315316016,0.0316343400485423,3.67887393187011,2.60170699726401,0.0582050468368813,0.712230904123895,1,0,14.3308713701249,"05_rr_to_or",1000
1,50,0.01,0.5,0.5,"vanderweele_rr_squared","sample",1000,1000,0,0.00566328377257268,0.0441662488026077,1.39665941921925,0.0312458808760233,3.65321816080055,2.61568290059057,0.0585177139083716,0.698003432458055,1,0,14.2165775883123,"05_rr_to_or",1000
2,50,0.01,0.5,0.5,"vanderweele_rr_squared","sample",1000,1000,0,0.213477255791482,0.0523547234197497,1.65560172274569,0.0370389040414513,3.52461112193722,2.12890037109404,0.0476274791669049,0.85448320671842,1,0,13.6953894562326,"05_rr_to_or",1000
0.25,100,0.01,0.5,0.5,"vanderweele_rr_squared","sample",1000,1000,0,-0.321864300468477,0.0448128787217593,1.41710765269654,0.0317033460665806,3.65516842418381,2.5793159872001,0.0577041181039896,0.777909444745342,1,0,14.2327214461828,"05_rr_to_or",1000
0.5,100,0.01,0.5,0.5,"vanderweele_rr_squared","sample",1000,1000,0,-0.220971515386388,0.0527506704274208,1.66812266651538,0.037319020949052,3.53737115089681,2.12057016063824,0.0474411167939511,0.862433220568476,1,0,13.7465916186983,"05_rr_to_or",1000
0.75,100,0.01,0.5,0.5,"vanderweele_rr_squared","sample",1000,1000,0,-0.141226885392651,0.0530869181591423,1.67875575341843,0.037556902971072,3.50346843215244,2.08694351457523,0.0466888258898934,0.850761833797608,1,0,13.6022801062069,"05_rr_to_or",1000
1,100,0.01,0.5,0.5,"vanderweele_rr_squared","sample",1000,1000,0,-0.0256291012018309,0.0577755364732481,1.82702288293596,0.0408739156965684,3.41392439516612,1.86857232443639,0.0418034543383609,0.913414200331715,1,0,13.2351090280588,"05_rr_to_or",1000
2,100,0.01,0.5,0.5,"vanderweele_rr_squared","sample",1000,1000,0,0.388487532349251,0.0624624681088244,1.97523667499515,0.0441897351634604,3.23336400637558,1.63695016769751,0.0366216339044598,1.06081909549731,1,0,12.5075733294471,"05_rr_to_or",1000
0.25,300,0.01,0.5,0.5,"vanderweele_rr_squared","sample",1000,1000,0,-0.873964598067386,0.0591670357645856,1.87102595416733,0.0418583466200666,3.1719548215754,1.69530241657553,0.0379270827434544,1.27989197373713,1,0,12.2882830323894,"05_rr_to_or",1000
0.5,300,0.01,0.5,0.5,"vanderweele_rr_squared","sample",1000,1000,0,-0.569074560743849,0.0634076771285558,2.00512680866802,0.0448584333036504,2.99309328827034,1.49272019870834,0.0333949400034461,1.15237758656436,1,0,11.5212921867922,"05_rr_to_or",1000
0.75,300,0.01,0.5,0.5,"vanderweele_rr_squared","sample",1000,1000,0,-0.218978525450649,0.0667657440401096,2.11131820842559,0.0472341333356152,2.82067223637021,1.33597684380963,0.0298882982782851,1.07761464483905,1,0,10.8242321225081,"05_rr_to_or",1000
1,300,0.01,0.5,0.5,"vanderweele_rr_squared","sample",1000,1000,0,-0.0432775221757608,0.065259048294826,2.06367230546578,0.0461682054596947,2.72246193916507,1.31923170745396,0.0295136782896021,1.0322277385181,1,0,10.3981461905105,"05_rr_to_or",1000
2,300,0.01,0.5,0.5,"vanderweele_rr_squared","sample",1000,1000,0,0.794284218349111,0.0633468803434509,2.00320424551454,0.0448154219735842,2.36947461458303,1.18284224880644,0.0264623912549805,1.27792449895055,1,0,9.0167962555165,"05_rr_to_or",1000
0.25,50,0.05,0.5,0.5,"vanderweele_rr_squared","sample",1000,1000,0,-0.775227368815933,0.0612122349076231,1.93570082977356,0.0433052444328444,3.22636849099628,1.66677021643562,0.0372887641137053,1.23966736043674,1,0,12.5069135522776,"05_rr_to_or",1000
0.5,50,0.05,0.5,0.5,"vanderweele_rr_squared","sample",1000,1000,0,-0.51935438967111,0.0654862062449506,2.07085567057586,0.0463289107593763,3.04509662096516,1.4704533320366,0.0328967885902,1.15791522718963,1,0,11.7386855447149,"05_rr_to_or",1000
0.75,50,0.05,0.5,0.5,"vanderweele_rr_squared","sample",1000,1000,0,-0.204519791837901,0.07059731365007,2.23248307823517,0.0499448178706792,2.91838038460789,1.30723516476324,0.029245293213985,1.13427400734186,1,0,11.2333864254127,"05_rr_to_or",1000
1,50,0.05,0.5,0.5,"vanderweele_rr_squared","sample",1000,1000,0,0.0585968943253715,0.0712975283483504,2.2546258112121,0.0504401921812278,2.84324700295516,1.26107267503809,0.028212552063892,1.12827175307343,1,0,10.9218848684541,"05_rr_to_or",1000
2,50,0.05,0.5,0.5,"vanderweele_rr_squared","sample",1000,1000,0,0.686302491623448,0.0665537898203878,2.10461562748554,0.0470841840761661,2.49297330370702,1.18452665234909,0.0265000745095496,1.25588832829108,1,0,9.48791231819274,"05_rr_to_or",1000
0.25,100,0.05,0.5,0.5,"vanderweele_rr_squared","sample",1000,1000,0,-1.10303609713434,0.0606716210966285,1.91860512000069,0.0429227814617697,2.80884092004581,1.46400157633521,0.0327524507600084,1.46151625779632,1,0,10.8222024216046,"05_rr_to_or",1000
0.5,100,0.05,0.5,0.5,"vanderweele_rr_squared","sample",1000,1000,0,-0.687287574867891,0.0665227456292393,2.10363392396407,0.0470622215340708,2.52410052306488,1.19987631607903,0.0268434751681445,1.25601624717174,1,0,9.64322571677438,"05_rr_to_or",1000
0.75,100,0.05,0.5,0.5,"vanderweele_rr_squared","sample",1000,1000,0,-0.264976883160569,0.0646427008601745,2.04418168823077,0.0457321639337903,2.31187869153349,1.1309555822968,0.0253015895745534,1.05538512995985,1,0,8.76766766788461,"05_rr_to_or",1000
1,100,0.05,0.5,0.5,"vanderweele_rr_squared","sample",1000,1000,0,-0.0197727551735731,0.0660834418399862,2.08974191837625,0.0467514314117597,2.14184400442548,1.02493230651645,0.0229296507900998,1.04453555606332,1,0,8.11827047492095,"05_rr_to_or",1000
2,100,0.05,0.5,0.5,"vanderweele_rr_squared","sample",1000,1000,0,0.857651555767509,0.0576382622642981,1.82268189129316,0.0407767996023452,1.83877313094857,1.00882833133542,0.0225693747749076,1.25111069374505,1,0,6.92162107679477,"05_rr_to_or",1000
0.25,300,0.05,0.5,0.5,"vanderweele_rr_squared","sample",1000,1000,0,-1.52689270576572,0.0525685319889235,1.6623629433642,0.0371901651800763,1.94835247552834,1.17203796156895,0.0262206791615902,1.73826727264518,1,0,7.31768809929913,"05_rr_to_or",1000
0.5,300,0.05,0.5,0.5,"vanderweele_rr_squared","sample",1000,1000,0,-0.788035256132687,0.0488915427103322,1.54608633284052,0.0345888401389852,1.46596260454192,0.948176420296406,0.0212124781964363,1.10362933375297,1,0,5.52836923800923,"05_rr_to_or",1000
0.75,300,0.05,0.5,0.5,"vanderweele_rr_squared","sample",1000,1000,0,-0.32859458010672,0.0395486311129431,1.250637526587,0.0279790982948919,1.20707826542051,0.965170354926607,0.021592664267402,0.706121045038807,1,0,4.62769753976157,"05_rr_to_or",1000
1,300,0.05,0.5,0.5,"vanderweele_rr_squared","sample",1000,1000,0,0.00952194610477544,0.0361658539479832,1.1436647200062,0.025585916732227,1.08399656326174,0.947827229693563,0.0212046661501856,0.571625684479265,1,0,4.18934992734368,"05_rr_to_or",1000
2,300,0.05,0.5,0.5,"vanderweele_rr_squared","sample",1000,1000,0,0.781287401261314,0.0321377555001224,1.0162850626599,0.022736195787592,0.926656437272361,0.911807593478782,0.0203988395851137,0.931858694590506,0.999,0.000999499874937461,3.57978820757153,"05_rr_to_or",1000
0.25,50,0.15,0.5,0.5,"vanderweele_rr_squared","sample",1000,1000,0,-1.47028539826599,0.0580902191838045,1.8369740239923,0.0410965413157767,2.48438373167222,1.35243269595773,0.0302564464387152,1.73335337573404,1,0,9.47651875637713,"05_rr_to_or",1000
0.5,50,0.15,0.5,0.5,"vanderweele_rr_squared","sample",1000,1000,0,-0.833441999924332,0.0657445988439368,2.07902676200913,0.0465117133424811,2.07951987946666,1.00023718668107,0.0223771748163746,1.33196585859253,1,0,7.85127617967825,"05_rr_to_or",1000
0.75,50,0.15,0.5,0.5,"vanderweele_rr_squared","sample",1000,1000,0,-0.391035346708881,0.0622633346070028,1.96893952075314,0.0440488560567889,1.82069788856383,0.924709910778469,0.0206874885311797,1.05882962310399,1,0,6.83087979793272,"05_rr_to_or",1000
1,50,0.15,0.5,0.5,"vanderweele_rr_squared","sample",1000,1000,0,0.068142033730229,0.0581357361378184,1.83841339646067,0.0411287427673719,1.59302124185687,0.866519600501047,0.0193856625612638,0.921270508525227,1,0,6.018655986953,"05_rr_to_or",1000
2,50,0.15,0.5,0.5,"vanderweele_rr_squared","sample",1000,1000,0,0.936751891679925,0.0522900677051808,1.65355712952785,0.0369931626708313,1.31656643098105,0.796202566860797,0.0178125391308524,1.2491530486389,0.998,0.00141279864099595,4.95321521531143,"05_rr_to_or",1000
0.25,100,0.15,0.5,0.5,"vanderweele_rr_squared","sample",1000,1000,0,-1.66518505968679,0.0533901988158755,1.68834632987391,0.0377714620864417,1.93645987667221,1.14695654701179,0.0256595610531444,1.86675038156455,1,0,7.25567509132667,"05_rr_to_or",1000
0.5,100,0.15,0.5,0.5,"vanderweele_rr_squared","sample",1000,1000,0,-0.857006613225747,0.0499180592645631,1.57854763651289,0.0353150601563138,1.4111746067505,0.893970238280467,0.019999784620102,1.1648135224737,1,0,5.32112154105065,"05_rr_to_or",1000
0.75,100,0.15,0.5,0.5,"vanderweele_rr_squared","sample",1000,1000,0,-0.380406864264359,0.0444111711068464,1.40440454253096,0.0314191537563245,1.16377409670112,0.828660162693445,0.0185386761968781,0.798313424739976,1,0,4.45113814741672,"05_rr_to_or",1000
1,100,0.15,0.5,0.5,"vanderweele_rr_squared","sample",1000,1000,0,0.0131284258568149,0.0394117971667254,1.24631045727423,0.0278822936692053,1.02385610523712,0.821509680241603,0.018378706543703,0.622981919564505,1,0,3.95197172885309,"05_rr_to_or",1000
2,100,0.15,0.5,0.5,"vanderweele_rr_squared","sample",1000,1000,0,0.926526522930358,0.034464967904996,1.08987798064389,0.024382606871786,0.8615685602527,0.790518365866694,0.0176853729336442,1.07476180726864,0.982,0.00420428352992517,3.32149687385455,"05_rr_to_or",1000
0.25,300,0.15,0.5,0.5,"vanderweele_rr_squared","sample",1000,1000,0,-1.60007460464857,0.0365188240185949,1.15482661369623,0.025835629150151,1.03091051811945,0.892697229084321,0.0199713050257574,1.70097368034889,0.894,0.00973468027209934,3.90800973958986,"05_rr_to_or",1000
0.5,300,0.15,0.5,0.5,"vanderweele_rr_squared","sample",1000,1000,0,-0.79322165858123,0.0256660515176508,0.811631813389978,0.0181577202053674,0.724231383539691,0.892315174924899,0.0199627577603402,0.890911029912026,0.982,0.00420428352992517,2.81669207045162,"05_rr_to_or",1000
0.75,300,0.15,0.5,0.5,"vanderweele_rr_squared","sample",1000,1000,0,-0.341800365820894,0.0219177275034011,0.693099400456633,0.0155059286493893,0.615677929119739,0.88829672730075,0.01987285757849,0.486625202911753,0.997,0.00172945077987204,2.40295915190035,"05_rr_to_or",1000
1,300,0.15,0.5,0.5,"vanderweele_rr_squared","sample",1000,1000,0,-0.0139636756990045,0.0205849296327101,0.650952631136574,0.0145630266681604,0.5635710716403,0.865763566630487,0.0193687486709247,0.32561308542953,1,0,2.20081885496346,"05_rr_to_or",1000
2,300,0.15,0.5,0.5,"vanderweele_rr_squared","sample",1000,1000,0,0.892430241392092,0.0186413033713785,0.589489772077318,0.0131879876672142,0.470374305369993,0.797934633729825,0.0178512887030919,0.93979753620088,0.502,0.0158112618092295,1.83636940830131,"05_rr_to_or",1000
0.25,50,0.3,0.5,0.5,"vanderweele_rr_squared","sample",1000,1000,0,-1.85406038460911,0.0547993817896114,1.73290860824326,0.0387684035184991,1.8821512027799,1.08612259978784,0.0242985919850803,2.0463460674692,0.998,0.00141279864099595,7.04803419957074,"05_rr_to_or",1000
0.5,50,0.3,0.5,0.5,"vanderweele_rr_squared","sample",1000,1000,0,-0.99290773347014,0.0530751307809001,1.67838300378956,0.0375485638653888,1.34609469151159,0.802018781453516,0.01794265871893,1.29977071118731,0.998,0.00141279864099595,5.05864315062511,"05_rr_to_or",1000
0.75,50,0.3,0.5,0.5,"vanderweele_rr_squared","sample",1000,1000,0,-0.492631972679161,0.0454293022514809,1.43660067626895,0.0321394414267489,1.07618201762846,0.749117020063957,0.016759147469327,0.87070412936548,1,0,4.1102712248872,"05_rr_to_or",1000
1,50,0.3,0.5,0.5,"vanderweele_rr_squared","sample",1000,1000,0,-0.0303179779234713,0.0407069860336932,1.28726792547134,0.0287985887620963,0.940655528199788,0.730737952517041,0.0163479733868837,0.644026081066757,0.997,0.00172945077987204,3.61135290567918,"05_rr_to_or",1000
2,50,0.3,0.5,0.5,"vanderweele_rr_squared","sample",1000,1000,0,1.32995168510832,0.0413404122120589,1.30729862000346,0.0292467128262753,0.752999185325358,0.57599631316322,0.0128861137786816,1.4817562713779,0.603,0.0154722655096143,2.88387019177058,"05_rr_to_or",1000
0.25,100,0.3,0.5,0.5,"vanderweele_rr_squared","sample",1000,1000,0,-1.77832285241199,0.0444090411548834,1.40433718753586,0.0314176468992308,1.2756072847244,0.90833404971826,0.0203211299208496,1.91180016234717,0.941,0.00745110730026082,4.75020494301903,"05_rr_to_or",1000
0.5,100,0.3,0.5,0.5,"vanderweele_rr_squared","sample",1000,1000,0,-0.915044815062031,0.0342431941383317,1.08286487836455,0.0242257106697656,0.853053083972835,0.787774265300024,0.0176239822765963,1.06309122406526,0.974,0.00503229569878401,3.28664775891931,"05_rr_to_or",1000
0.75,100,0.3,0.5,0.5,"vanderweele_rr_squared","sample",1000,1000,0,-0.415367011887173,0.0297254315952881,0.94000068272643,0.021029571670572,0.708920065141886,0.754169734308804,0.0168721861280169,0.627063932246734,0.991,0.00298646948753876,2.75306590611629,"05_rr_to_or",1000
1,100,0.3,0.5,0.5,"vanderweele_rr_squared","sample",1000,1000,0,-0.00678279262093428,0.029035270856483,0.918175883863941,0.0205413101402258,0.633854562019822,0.690341113461164,0.0154442206154217,0.458908469048724,0.996,0.00199599599197994,2.46853850881121,"05_rr_to_or",1000
2,100,0.3,0.5,0.5,"vanderweele_rr_squared","sample",1000,1000,0,1.30382307007745,0.0268946942496081,0.850484908025946,0.0190269365296585,0.50727906366176,0.596458630687759,0.0133438940556918,1.37135149090832,0.195,0.0125289664378192,1.97187489131444,"05_rr_to_or",1000
0.25,300,0.3,0.5,0.5,"vanderweele_rr_squared","sample",1000,1000,0,-1.70652207246344,0.0241536542273699,0.763805611746435,0.0170877587110024,0.655223569772062,0.857840738134797,0.0191915001936146,1.74869136418798,0.033,0.00564898220921256,2.53720501994483,"05_rr_to_or",1000
0.5,300,0.3,0.5,0.5,"vanderweele_rr_squared","sample",1000,1000,0,-0.91543501305395,0.0197971271228487,0.626040128360979,0.0140056874318812,0.472410325122413,0.754600709636967,0.0168818278513883,0.967421749881645,0.479,0.015797436500901,1.8441894897707,"05_rr_to_or",1000
0.75,300,0.3,0.5,0.5,"vanderweele_rr_squared","sample",1000,1000,0,-0.395972156460614,0.0170312008002439,0.53857385816453,0.0120489035362368,0.400059340512082,0.742812400652887,0.016618101352875,0.478786887264523,0.927,0.00822623850857729,1.56418523003112,"05_rr_to_or",1000
1,300,0.3,0.5,0.5,"vanderweele_rr_squared","sample",1000,1000,0,-0.00279799684375002,0.0157259952166916,0.497299633576586,0.0111255220110214,0.355895174554514,0.715655412803968,0.0160105487916692,0.248541210755481,0.995,0.00223047080231955,1.3922311153094,"05_rr_to_or",1000
2,300,0.3,0.5,0.5,"vanderweele_rr_squared","sample",1000,1000,0,1.25909611360049,0.0155099651304311,0.490468162419527,0.0109726892365854,0.285448341798467,0.581991582063804,0.0130202391461904,1.28273248891422,0.002,0.00141279864099595,1.11597111014559,"05_rr_to_or",1000
0.25,50,0.5,0.5,0.5,"vanderweele_rr_squared","sample",1000,1000,0,-2.110761790228,0.0508222804107152,1.60714161981618,0.0359547609908701,1.36737729822817,0.850813196154158,0.0190342809484954,2.25840555604531,0.812,0.0123554036761249,5.05766950310582,"05_rr_to_or",1000
0.5,50,0.5,0.5,0.5,"vanderweele_rr_squared","sample",1000,1000,0,-1.16361848066784,0.0416810078991278,1.31806920132714,0.029487670855394,0.884334726848791,0.670931940415855,0.0150100011482199,1.33712387115728,0.845,0.0114444309600784,3.36265234595401,"05_rr_to_or",1000
0.75,50,0.5,0.5,0.5,"vanderweele_rr_squared","sample",1000,1000,0,-0.552248505101314,0.037138176002929,1.17441224313464,0.0262737962765766,0.694375936345315,0.591253999951455,0.013227456741231,0.805881275104194,0.933,0.00790638982089803,2.67952439736002,"05_rr_to_or",1000
1,50,0.5,0.5,0.5,"vanderweele_rr_squared","sample",1000,1000,0,0.011641015416396,0.0384943568364684,1.21729844666514,0.0272332407827312,0.595225323132068,0.488972383693352,0.0109392258716076,0.608456191049283,0.945,0.00720936890441875,2.30703205607805,"05_rr_to_or",1000
0.25,100,0.5,0.5,0.5,"vanderweele_rr_squared","sample",1000,1000,0,-2.01742627475133,0.036809132176674,1.16400696372481,0.0260410107338399,0.890063035854533,0.76465439090359,0.0171067474866979,2.09961856033521,0.154,0.0114142016803629,3.36858028235223,"05_rr_to_or",1000
0.5,100,0.5,0.5,0.5,"vanderweele_rr_squared","sample",1000,1000,0,-1.13253685270729,0.0271959482021116,0.86001139446634,0.019240061831638,0.587347313132341,0.682952943311648,0.0152789334443284,1.21134624178781,0.513,0.0158060431481127,2.2788819964499,"05_rr_to_or",1000
0.75,100,0.5,0.5,0.5,"vanderweele_rr_squared","sample",1000,1000,0,-0.514961517408102,0.0256461212720095,0.811001563684448,0.0181436203418287,0.477250967052529,0.588471081220039,0.0131651976493058,0.655325733968868,0.861,0.0109397897603199,1.85964586118242,"05_rr_to_or",1000
1,100,0.5,0.5,0.5,"vanderweele_rr_squared","sample",1000,1000,0,0.00427346183418061,0.0240933534266051,0.761898732994945,0.017045098270315,0.40871545843994,0.536443284048159,0.0120012386122606,0.380782825099871,0.955,0.00655553201502365,1.59408650699434,"05_rr_to_or",1000
0.25,300,0.5,0.5,0.5,"vanderweele_rr_squared","sample",1000,1000,0,-1.96807361869474,0.0196284492453309,0.620706065522587,0.0138863544794519,0.4738776566066,0.763449373106465,0.0170797889869918,1.99236955772302,0,0,1.84425465430041,"05_rr_to_or",1000
0.5,300,0.5,0.5,0.5,"vanderweele_rr_squared","sample",1000,1000,0,-1.10031086166768,0.0161274049661033,0.509993324407971,0.0114095035931713,0.329400789016721,0.645892354373675,0.0144498188218111,1.12944334375006,0.021,0.00453420334788814,1.2873851102217,"05_rr_to_or",1000
0.75,300,0.5,0.5,0.5,"vanderweele_rr_squared","sample",1000,1000,0,-0.516345931963702,0.0153655599078824,0.485901668326755,0.0108705282312033,0.268505754718191,0.552592782080404,0.0123625330586942,0.570595482078437,0.517,0.0158022466757104,1.05042345024956,"05_rr_to_or",1000
1,300,0.5,0.5,0.5,"vanderweele_rr_squared","sample",1000,1000,0,-0.0142850888999135,0.0145640899955147,0.460556964334981,0.0103035198461471,0.232450519185333,0.504716109376348,0.0112914424324,0.230606190148687,0.944,0.00727076337120113,0.909636743840177,"05_rr_to_or",1000
