"or_true","br","n","p_exp","rr","method","target","n_sim","n_valid","nonest_rate","bias","bias_mcse","emp_se","emp_se_mcse","mod_se","se_ratio","se_ratio_mcse","rmse","coverage","coverage_mcse","ci_width","study","nrep"
0.25,0.02,1000,0.25,0.253807106598985,"balanced_4_over_sqrtN","population",1000,1000,0,-1.99249222562031,1.43855622266072e-05,0.000454911420581619,1.01772184836456e-05,NA,NA,NA,1.99249227749942,NA,NA,NA,"06_or_se_imputation",1000
0.25,0.02,1000,0.5,0.253807106598985,"balanced_4_over_sqrtN","population",1000,1000,0,-1.71913981718848,8.71981029947227e-06,0.000275744613109273,6.16892222603123e-06,NA,NA,NA,1.71913983928065,NA,NA,NA,"06_or_se_imputation",1000
0.25,0.1,100,0.25,0.27027027027027,"balanced_4_over_sqrtN","population",1000,1000,0,-1.17755018981109,0.000156586733821704,0.00495170730243107,0.000110778944655804,NA,NA,NA,1.17756059054723,NA,NA,NA,"06_or_se_imputation",1000
0.25,0.1,300,0.25,0.27027027027027,"balanced_4_over_sqrtN","population",1000,1000,0,-1.17295247975629,3.66893632226629e-05,0.0011602195368483,2.59562789177783e-05,NA,NA,NA,1.17295305299475,NA,NA,NA,"06_or_se_imputation",1000
0.25,0.1,1000,0.25,0.27027027027027,"balanced_4_over_sqrtN","population",1000,1000,0,-1.17248271522593,1.41209394683829e-06,4.46543314214573e-05,9.99000830834832e-07,NA,NA,NA,1.17248271607542,NA,NA,NA,"06_or_se_imputation",1000
0.25,0.1,100,0.5,0.27027027027027,"balanced_4_over_sqrtN","population",1000,1000,0,-0.910198751187719,0.000137749141391429,0.00435601032529491,9.74520902132164e-05,NA,NA,NA,0.910209164156685,NA,NA,NA,"06_or_se_imputation",1000
0.25,0.1,300,0.5,0.27027027027027,"balanced_4_over_sqrtN","population",1000,1000,0,-0.907651118810951,1.23496552310574e-05,0.000390530388479545,8.7368944991044e-06,NA,NA,NA,0.907651202742684,NA,NA,NA,"06_or_se_imputation",1000
0.25,0.1,1000,0.5,0.27027027027027,"balanced_4_over_sqrtN","population",1000,1000,0,-0.90760460701192,0,0,0,NA,NA,NA,0.90760460701192,NA,NA,NA,"06_or_se_imputation",1000
0.25,0.3,50,0.25,0.32258064516129,"balanced_4_over_sqrtN","population",1000,1000,0,-0.613589866203572,0.000285919117636696,0.00904155638317579,0.000202276510504248,NA,NA,NA,0.613656411927558,NA,NA,NA,"06_or_se_imputation",1000
0.25,0.3,100,0.25,0.32258064516129,"balanced_4_over_sqrtN","population",1000,1000,0,-0.59111753033145,8.14913234706652e-05,0.0025769819170884,5.76519005943641e-05,NA,NA,NA,0.591123141874955,NA,NA,NA,"06_or_se_imputation",1000
0.25,0.3,300,0.25,0.32258064516129,"balanced_4_over_sqrtN","population",1000,1000,0,-0.59039473443514,0,0,0,NA,NA,NA,0.59039473443514,NA,NA,NA,"06_or_se_imputation",1000
0.25,0.3,1000,0.25,0.32258064516129,"balanced_4_over_sqrtN","population",1000,1000,0,-0.590394734435139,0,0,0,NA,NA,NA,0.590394734435139,NA,NA,NA,"06_or_se_imputation",1000
0.25,0.3,50,0.5,0.32258064516129,"balanced_4_over_sqrtN","population",1000,1000,0,-0.354329107807406,0.000163419638138671,0.00516778270918721,0.000115612955243378,NA,NA,NA,0.354366753395044,NA,NA,NA,"06_or_se_imputation",1000
0.25,0.3,100,0.5,0.32258064516129,"balanced_4_over_sqrtN","population",1000,1000,0,-0.352917738946047,2.41923964783147e-05,0.000765030749293108,1.71151673270997e-05,NA,NA,NA,0.352918567306348,NA,NA,NA,"06_or_se_imputation",1000
0.25,0.3,300,0.5,0.32258064516129,"balanced_4_over_sqrtN","population",1000,1000,0,-0.352858331064158,0,0,0,NA,NA,NA,0.352858331064158,NA,NA,NA,"06_or_se_imputation",1000
0.25,0.3,1000,0.5,0.32258064516129,"balanced_4_over_sqrtN","population",1000,1000,0,-0.352858331064158,0,0,0,NA,NA,NA,0.352858331064158,NA,NA,NA,"06_or_se_imputation",1000
0.25,0.5,50,0.25,0.4,"balanced_4_over_sqrtN","population",1000,1000,0,-0.336925255632233,0.000156194292033403,0.00493929720343045,0.000110501307552801,NA,NA,NA,0.336961422336523,NA,NA,NA,"06_or_se_imputation",1000
0.25,0.5,100,0.25,0.4,"balanced_4_over_sqrtN","population",1000,1000,0,-0.31987875437272,2.20956415807997e-05,0.000698725537580504,1.56317958493277e-05,NA,NA,NA,0.319879516737478,NA,NA,NA,"06_or_se_imputation",1000
0.25,0.5,300,0.25,0.4,"balanced_4_over_sqrtN","population",1000,1000,0,-0.31982924780448,0,0,0,NA,NA,NA,0.31982924780448,NA,NA,NA,"06_or_se_imputation",1000
0.25,0.5,1000,0.25,0.4,"balanced_4_over_sqrtN","population",1000,1000,0,-0.31982924780448,0,0,0,NA,NA,NA,0.31982924780448,NA,NA,NA,"06_or_se_imputation",1000
0.25,0.5,50,0.5,0.4,"balanced_4_over_sqrtN","population",1000,1000,0,-0.123996523378597,3.91617789154013e-05,0.00123840418596627,2.77054156071218e-05,NA,NA,NA,0.124002701265988,NA,NA,NA,"06_or_se_imputation",1000
0.25,0.5,100,0.5,0.4,"balanced_4_over_sqrtN","population",1000,1000,0,-0.123918081952291,0,0,0,NA,NA,NA,0.123918081952291,NA,NA,NA,"06_or_se_imputation",1000
0.25,0.5,300,0.5,0.4,"balanced_4_over_sqrtN","population",1000,1000,0,-0.123918081952291,0,0,0,NA,NA,NA,0.123918081952291,NA,NA,NA,"06_or_se_imputation",1000
0.25,0.5,1000,0.5,0.4,"balanced_4_over_sqrtN","population",1000,1000,0,-0.123918081952291,0,0,0,NA,NA,NA,0.123918081952291,NA,NA,NA,"06_or_se_imputation",1000
0.5,0.02,300,0.25,0.505050505050505,"balanced_4_over_sqrtN","population",1000,1000,0,-1.68960715045385,5.2513945442472e-05,0.0016606367652003,3.71515473491738e-05,NA,NA,NA,1.68960796571912,NA,NA,NA,"06_or_se_imputation",1000
0.5,0.02,1000,0.25,0.505050505050505,"balanced_4_over_sqrtN","population",1000,1000,0,-1.68810137131986,8.99989649312408e-06,0.00028460171624034,6.36707217263359e-06,NA,NA,NA,1.68810139528676,NA,NA,NA,"06_or_se_imputation",1000
0.5,0.02,1000,0.5,0.505050505050505,"balanced_4_over_sqrtN","population",1000,1000,0,-1.46902649635138,2.44091210005356e-06,7.71884180443405e-05,1.72684913876169e-06,NA,NA,NA,1.46902649837724,NA,NA,NA,"06_or_se_imputation",1000
0.5,0.1,100,0.25,0.526315789473684,"balanced_4_over_sqrtN","population",1000,1000,0,-0.893433122641535,0.000137749141391429,0.00435601032529491,9.74520902132164e-05,NA,NA,NA,0.893443731011714,NA,NA,NA,"06_or_se_imputation",1000
0.5,0.1,300,0.25,0.526315789473684,"balanced_4_over_sqrtN","population",1000,1000,0,-0.890898779350204,1.39747598856525e-05,0.000441920709926161,9.88659201304744e-06,NA,NA,NA,0.890898888845588,NA,NA,NA,"06_or_se_imputation",1000
0.5,0.1,1000,0.25,0.526315789473684,"balanced_4_over_sqrtN","population",1000,1000,0,-0.890838978465736,0,0,0,NA,NA,NA,0.890838978465736,NA,NA,NA,"06_or_se_imputation",1000
0.5,0.1,100,0.5,0.526315789473684,"balanced_4_over_sqrtN","population",1000,1000,0,-0.680765710692491,8.59485077364415e-05,0.00271793045939758,6.08051828491774e-05,NA,NA,NA,0.680771130860797,NA,NA,NA,"06_or_se_imputation",1000
0.5,0.1,300,0.5,0.526315789473684,"balanced_4_over_sqrtN","population",1000,1000,0,-0.679953802973348,0,0,0,NA,NA,NA,0.679953802973348,NA,NA,NA,"06_or_se_imputation",1000
0.5,0.1,1000,0.5,0.526315789473684,"balanced_4_over_sqrtN","population",1000,1000,0,-0.679953802973348,0,0,0,NA,NA,NA,0.679953802973348,NA,NA,NA,"06_or_se_imputation",1000
0.5,0.3,50,0.25,0.588235294117647,"balanced_4_over_sqrtN","population",1000,1000,0,-0.392331811241467,0.000181923515051296,0.0057529266750602,0.000128703719105631,NA,NA,NA,0.392373945594217,NA,NA,NA,"06_or_se_imputation",1000
0.5,0.3,100,0.25,0.588235294117647,"balanced_4_over_sqrtN","population",1000,1000,0,-0.375084300810729,2.61176271810549e-05,0.000825911889712562,1.84771921951281e-05,NA,NA,NA,0.375085209203179,NA,NA,NA,"06_or_se_imputation",1000
0.5,0.3,300,0.25,0.588235294117647,"balanced_4_over_sqrtN","population",1000,1000,0,-0.375014991615193,0,0,0,NA,NA,NA,0.375014991615193,NA,NA,NA,"06_or_se_imputation",1000
0.5,0.3,1000,0.25,0.588235294117647,"balanced_4_over_sqrtN","population",1000,1000,0,-0.375014991615193,0,0,0,NA,NA,NA,0.375014991615193,NA,NA,NA,"06_or_se_imputation",1000
0.5,0.3,50,0.5,0.588235294117647,"balanced_4_over_sqrtN","population",1000,1000,0,-0.18776293725187,5.17280837836157e-05,0.00163578563752246,3.65955811885111e-05,NA,NA,NA,0.187770055451627,NA,NA,NA,"06_or_se_imputation",1000
0.5,0.3,100,0.5,0.588235294117647,"balanced_4_over_sqrtN","population",1000,1000,0,-0.187625664755834,0,0,0,NA,NA,NA,0.187625664755834,NA,NA,NA,"06_or_se_imputation",1000
0.5,0.3,300,0.5,0.588235294117647,"balanced_4_over_sqrtN","population",1000,1000,0,-0.187625664755834,0,0,0,NA,NA,NA,0.187625664755834,NA,NA,NA,"06_or_se_imputation",1000
0.5,0.3,1000,0.5,0.588235294117647,"balanced_4_over_sqrtN","population",1000,1000,0,-0.187625664755834,0,0,0,NA,NA,NA,0.187625664755834,NA,NA,NA,"06_or_se_imputation",1000
0.5,0.5,50,0.25,0.666666666666667,"balanced_4_over_sqrtN","population",1000,1000,0,-0.20318309495443,5.85950364021371e-05,0.00185293774611231,4.14536796079302e-05,NA,NA,NA,0.203191535306403,NA,NA,NA,"06_or_se_imputation",1000
0.5,0.5,100,0.25,0.666666666666667,"balanced_4_over_sqrtN","population",1000,1000,0,-0.188647115570734,0,0,0,NA,NA,NA,0.188647115570734,NA,NA,NA,"06_or_se_imputation",1000
0.5,0.5,300,0.25,0.666666666666667,"balanced_4_over_sqrtN","population",1000,1000,0,-0.188647115570734,0,0,0,NA,NA,NA,0.188647115570734,NA,NA,NA,"06_or_se_imputation",1000
0.5,0.5,1000,0.25,0.666666666666667,"balanced_4_over_sqrtN","population",1000,1000,0,-0.188647115570734,0,0,0,NA,NA,NA,0.188647115570734,NA,NA,NA,"06_or_se_imputation",1000
0.5,0.5,50,0.5,0.666666666666667,"balanced_4_over_sqrtN","population",1000,1000,0,-0.0303123109082175,0,0,0,NA,NA,NA,0.0303123109082175,NA,NA,NA,"06_or_se_imputation",1000
0.5,0.5,100,0.5,0.666666666666667,"balanced_4_over_sqrtN","population",1000,1000,0,-0.0303123109082174,0,0,0,NA,NA,NA,0.0303123109082174,NA,NA,NA,"06_or_se_imputation",1000
0.5,0.5,300,0.5,0.666666666666667,"balanced_4_over_sqrtN","population",1000,1000,0,-0.0303123109082177,0,0,0,NA,NA,NA,0.0303123109082177,NA,NA,NA,"06_or_se_imputation",1000
0.5,0.5,1000,0.5,0.666666666666667,"balanced_4_over_sqrtN","population",1000,1000,0,-0.0303123109082177,0,0,0,NA,NA,NA,0.0303123109082177,NA,NA,NA,"06_or_se_imputation",1000
1,0.1,50,0.25,1,"balanced_4_over_sqrtN","population",1000,1000,0,-0.673906723005304,0.000277967322111188,0.00879009852969037,0.000196650928470986,NA,NA,NA,0.67396399004552,NA,NA,NA,"06_or_se_imputation",1000
1,0.3,50,0.25,1,"balanced_4_over_sqrtN","population",1000,1000,0,-0.245061048318893,7.02802016515847e-05,0.00222245511634935,4.97204736259752e-05,NA,NA,NA,0.245071115741109,NA,NA,NA,"06_or_se_imputation",1000
1,0.5,50,0.25,1,"balanced_4_over_sqrtN","population",1000,1000,0,-0.157629420111008,0,0,0,NA,NA,NA,0.157629420111008,NA,NA,NA,"06_or_se_imputation",1000
1,0.1,100,0.25,1,"balanced_4_over_sqrtN","population",1000,1000,0,-0.655369653260895,8.04539007312301e-05,0.00254417572955773,5.69179648807077e-05,NA,NA,NA,0.655374586608772,NA,NA,NA,"06_or_se_imputation",1000
1,0.3,100,0.25,1,"balanced_4_over_sqrtN","population",1000,1000,0,-0.231017729798279,0,0,0,NA,NA,NA,0.231017729798279,NA,NA,NA,"06_or_se_imputation",1000
1,0.5,100,0.25,1,"balanced_4_over_sqrtN","population",1000,1000,0,-0.143841036225891,0,0,0,NA,NA,NA,0.143841036225891,NA,NA,NA,"06_or_se_imputation",1000
1,0.02,300,0.25,1,"balanced_4_over_sqrtN","population",1000,1000,0,-1.41755090082327,4.38235169552606e-05,0.00138582128657631,3.10034115976727e-05,NA,NA,NA,1.41755157754665,NA,NA,NA,"06_or_se_imputation",1000
1,0.1,300,0.25,1,"balanced_4_over_sqrtN","population",1000,1000,0,-0.654666659991881,0,0,0,NA,NA,NA,0.654666659991881,NA,NA,NA,"06_or_se_imputation",1000
1,0.3,300,0.25,1,"balanced_4_over_sqrtN","population",1000,1000,0,-0.23101772979828,0,0,0,NA,NA,NA,0.23101772979828,NA,NA,NA,"06_or_se_imputation",1000
1,0.5,300,0.25,1,"balanced_4_over_sqrtN","population",1000,1000,0,-0.143841036225891,0,0,0,NA,NA,NA,0.143841036225891,NA,NA,NA,"06_or_se_imputation",1000
1,0.02,1000,0.25,1,"balanced_4_over_sqrtN","population",1000,1000,0,-1.41681270604677,2.44091210005356e-06,7.71884180443405e-05,1.72684913876169e-06,NA,NA,NA,1.41681270814729,NA,NA,NA,"06_or_se_imputation",1000
1,0.1,1000,0.25,1,"balanced_4_over_sqrtN","population",1000,1000,0,-0.654666659991881,0,0,0,NA,NA,NA,0.654666659991881,NA,NA,NA,"06_or_se_imputation",1000
1,0.3,1000,0.25,1,"balanced_4_over_sqrtN","population",1000,1000,0,-0.231017729798279,0,0,0,NA,NA,NA,0.231017729798279,NA,NA,NA,"06_or_se_imputation",1000
1,0.5,1000,0.25,1,"balanced_4_over_sqrtN","population",1000,1000,0,-0.143841036225891,0,0,0,NA,NA,NA,0.143841036225891,NA,NA,NA,"06_or_se_imputation",1000
1,0.1,50,0.5,1,"balanced_4_over_sqrtN","population",1000,1000,0,-0.5139240601051,0.000226301449483821,0.0071562801816641,0.000160099359224399,NA,NA,NA,0.513973832688594,NA,NA,NA,"06_or_se_imputation",1000
1,0.3,50,0.5,1,"balanced_4_over_sqrtN","population",1000,1000,0,-0.0872159142855422,2.77193482617067e-05,0.000876562757624222,1.961034675182e-05,NA,NA,NA,0.087220314712622,NA,NA,NA,"06_or_se_imputation",1000
1,0.5,50,0.5,1,"balanced_4_over_sqrtN","population",1000,1000,0,0,0,0,0,NA,NA,NA,0,NA,NA,NA,"06_or_se_imputation",1000
1,0.1,100,0.5,1,"balanced_4_over_sqrtN","population",1000,1000,0,-0.510875130334231,2.20956415807997e-05,0.000698725537580504,1.56317958493277e-05,NA,NA,NA,0.510875607680752,NA,NA,NA,"06_or_se_imputation",1000
1,0.3,100,0.5,1,"balanced_4_over_sqrtN","population",1000,1000,0,-0.0871766935723888,0,0,0,NA,NA,NA,0.0871766935723888,NA,NA,NA,"06_or_se_imputation",1000
1,0.5,100,0.5,1,"balanced_4_over_sqrtN","population",1000,1000,0,0,0,0,0,NA,NA,NA,0,NA,NA,NA,"06_or_se_imputation",1000
1,0.02,300,0.5,1,"balanced_4_over_sqrtN","population",1000,1000,0,-1.27328461386338,3.09650788246595e-05,0.000979201770125736,2.1906573243206e-05,NA,NA,NA,1.27328499000754,NA,NA,NA,"06_or_se_imputation",1000
1,0.1,300,0.5,1,"balanced_4_over_sqrtN","population",1000,1000,0,-0.510825623765991,0,0,0,NA,NA,NA,0.510825623765991,NA,NA,NA,"06_or_se_imputation",1000
1,0.3,300,0.5,1,"balanced_4_over_sqrtN","population",1000,1000,0,-0.0871766935723892,0,0,0,NA,NA,NA,0.0871766935723892,NA,NA,NA,"06_or_se_imputation",1000
1,0.5,300,0.5,1,"balanced_4_over_sqrtN","population",1000,1000,0,-2.22044604925031e-16,0,0,0,NA,NA,NA,2.22044604925031e-16,NA,NA,NA,"06_or_se_imputation",1000
1,0.02,1000,0.5,1,"balanced_4_over_sqrtN","population",1000,1000,0,-1.27296567581289,0,0,0,NA,NA,NA,1.27296567581289,NA,NA,NA,"06_or_se_imputation",1000
1,0.1,1000,0.5,1,"balanced_4_over_sqrtN","population",1000,1000,0,-0.510825623765991,0,0,0,NA,NA,NA,0.510825623765991,NA,NA,NA,"06_or_se_imputation",1000
1,0.3,1000,0.5,1,"balanced_4_over_sqrtN","population",1000,1000,0,-0.087176693572389,0,0,0,NA,NA,NA,0.087176693572389,NA,NA,NA,"06_or_se_imputation",1000
1,0.5,1000,0.5,1,"balanced_4_over_sqrtN","population",1000,1000,0,0,0,0,0,NA,NA,NA,0,NA,NA,NA,"06_or_se_imputation",1000
2,0.5,50,0.25,1.33333333333333,"balanced_4_over_sqrtN","population",1000,1000,0,-0.2031242638847,4.79150078711771e-05,0.00151520558977815,3.38979802157915e-05,NA,NA,NA,0.203129909493487,NA,NA,NA,"06_or_se_imputation",1000
2,0.5,100,0.25,1.33333333333333,"balanced_4_over_sqrtN","population",1000,1000,0,-0.188647115570734,0,0,0,NA,NA,NA,0.188647115570734,NA,NA,NA,"06_or_se_imputation",1000
2,0.5,300,0.25,1.33333333333333,"balanced_4_over_sqrtN","population",1000,1000,0,-0.188647115570734,0,0,0,NA,NA,NA,0.188647115570734,NA,NA,NA,"06_or_se_imputation",1000
2,0.5,1000,0.25,1.33333333333333,"balanced_4_over_sqrtN","population",1000,1000,0,-0.188647115570734,0,0,0,NA,NA,NA,0.188647115570734,NA,NA,NA,"06_or_se_imputation",1000
2,0.5,50,0.5,1.33333333333333,"balanced_4_over_sqrtN","population",1000,1000,0,-0.0303123109082175,0,0,0,NA,NA,NA,0.0303123109082175,NA,NA,NA,"06_or_se_imputation",1000
2,0.5,100,0.5,1.33333333333333,"balanced_4_over_sqrtN","population",1000,1000,0,-0.0303123109082174,0,0,0,NA,NA,NA,0.0303123109082174,NA,NA,NA,"06_or_se_imputation",1000
2,0.5,300,0.5,1.33333333333333,"balanced_4_over_sqrtN","population",1000,1000,0,-0.0303123109082177,0,0,0,NA,NA,NA,0.0303123109082177,NA,NA,NA,"06_or_se_imputation",1000
2,0.5,1000,0.5,1.33333333333333,"balanced_4_over_sqrtN","population",1000,1000,0,-0.0303123109082177,0,0,0,NA,NA,NA,0.0303123109082177,NA,NA,NA,"06_or_se_imputation",1000
2,0.3,50,0.25,1.53846153846154,"balanced_4_over_sqrtN","population",1000,1000,0,-0.182137868027748,0,0,0,NA,NA,NA,0.182137868027748,NA,NA,NA,"06_or_se_imputation",1000
2,0.3,100,0.25,1.53846153846154,"balanced_4_over_sqrtN","population",1000,1000,0,-0.169227198912602,0,0,0,NA,NA,NA,0.169227198912602,NA,NA,NA,"06_or_se_imputation",1000
2,0.3,300,0.25,1.53846153846154,"balanced_4_over_sqrtN","population",1000,1000,0,-0.169227198912602,0,0,0,NA,NA,NA,0.169227198912602,NA,NA,NA,"06_or_se_imputation",1000
2,0.3,1000,0.25,1.53846153846154,"balanced_4_over_sqrtN","population",1000,1000,0,-0.169227198912602,0,0,0,NA,NA,NA,0.169227198912602,NA,NA,NA,"06_or_se_imputation",1000
2,0.3,50,0.5,1.53846153846154,"balanced_4_over_sqrtN","population",1000,1000,0,-0.0468427420386616,0,0,0,NA,NA,NA,0.0468427420386616,NA,NA,NA,"06_or_se_imputation",1000
2,0.3,100,0.5,1.53846153846154,"balanced_4_over_sqrtN","population",1000,1000,0,-0.0468427420386615,0,0,0,NA,NA,NA,0.0468427420386615,NA,NA,NA,"06_or_se_imputation",1000
2,0.3,300,0.5,1.53846153846154,"balanced_4_over_sqrtN","population",1000,1000,0,-0.0468427420386617,0,0,0,NA,NA,NA,0.0468427420386617,NA,NA,NA,"06_or_se_imputation",1000
2,0.3,1000,0.5,1.53846153846154,"balanced_4_over_sqrtN","population",1000,1000,0,-0.0468427420386615,0,0,0,NA,NA,NA,0.0468427420386615,NA,NA,NA,"06_or_se_imputation",1000
4,0.5,50,0.25,1.6,"balanced_4_over_sqrtN","population",1000,1000,0,-0.33670954170989,0.000143845414043556,0.00454879139347609,0.000101764962921231,NA,NA,NA,0.336740235626993,NA,NA,NA,"06_or_se_imputation",1000
4,0.5,100,0.25,1.6,"balanced_4_over_sqrtN","population",1000,1000,0,-0.31987875437272,2.20956415807997e-05,0.000698725537580504,1.56317958493277e-05,NA,NA,NA,0.319879516737478,NA,NA,NA,"06_or_se_imputation",1000
4,0.5,300,0.25,1.6,"balanced_4_over_sqrtN","population",1000,1000,0,-0.31982924780448,0,0,0,NA,NA,NA,0.31982924780448,NA,NA,NA,"06_or_se_imputation",1000
4,0.5,1000,0.25,1.6,"balanced_4_over_sqrtN","population",1000,1000,0,-0.31982924780448,0,0,0,NA,NA,NA,0.31982924780448,NA,NA,NA,"06_or_se_imputation",1000
4,0.5,50,0.5,1.6,"balanced_4_over_sqrtN","population",1000,1000,0,-0.124016133735174,4.37622143474592e-05,0.0013838827279047,3.09600424179782e-05,NA,NA,NA,0.124023847073431,NA,NA,NA,"06_or_se_imputation",1000
4,0.5,100,0.5,1.6,"balanced_4_over_sqrtN","population",1000,1000,0,-0.123918081952291,0,0,0,NA,NA,NA,0.123918081952291,NA,NA,NA,"06_or_se_imputation",1000
4,0.5,300,0.5,1.6,"balanced_4_over_sqrtN","population",1000,1000,0,-0.123918081952291,0,0,0,NA,NA,NA,0.123918081952291,NA,NA,NA,"06_or_se_imputation",1000
4,0.5,1000,0.5,1.6,"balanced_4_over_sqrtN","population",1000,1000,0,-0.123918081952291,0,0,0,NA,NA,NA,0.123918081952291,NA,NA,NA,"06_or_se_imputation",1000
2,0.1,50,0.25,1.81818181818182,"balanced_4_over_sqrtN","population",1000,1000,0,-0.492092612863001,0.000192573733966089,0.0060897161685617,0.000136238329368831,NA,NA,NA,0.492130254295249,NA,NA,NA,"06_or_se_imputation",1000
2,0.1,100,0.25,1.81818181818182,"balanced_4_over_sqrtN","population",1000,1000,0,-0.479079820736947,2.79068554925303e-05,0.000882492256895758,1.97430007298359e-05,NA,NA,NA,0.479080632723904,NA,NA,NA,"06_or_se_imputation",1000
2,0.1,300,0.25,1.81818181818182,"balanced_4_over_sqrtN","population",1000,1000,0,-0.479000610227763,0,0,0,NA,NA,NA,0.479000610227763,NA,NA,NA,"06_or_se_imputation",1000
2,0.1,1000,0.25,1.81818181818182,"balanced_4_over_sqrtN","population",1000,1000,0,-0.479000610227763,0,0,0,NA,NA,NA,0.479000610227763,NA,NA,NA,"06_or_se_imputation",1000
2,0.1,50,0.5,1.81818181818182,"balanced_4_over_sqrtN","population",1000,1000,0,-0.402068974597913,0.000151855546051107,0.00480209400850086,0.000107431815717078,NA,NA,NA,0.402097621705198,NA,NA,NA,"06_or_se_imputation",1000
2,0.1,100,0.5,1.81818181818182,"balanced_4_over_sqrtN","population",1000,1000,0,-0.400883220972544,2.61176271810549e-05,0.000825911889712562,1.84771921951281e-05,NA,NA,NA,0.400884070905344,NA,NA,NA,"06_or_se_imputation",1000
2,0.1,300,0.5,1.81818181818182,"balanced_4_over_sqrtN","population",1000,1000,0,-0.400813911777008,0,0,0,NA,NA,NA,0.400813911777008,NA,NA,NA,"06_or_se_imputation",1000
2,0.1,1000,0.5,1.81818181818182,"balanced_4_over_sqrtN","population",1000,1000,0,-0.400813911777008,0,0,0,NA,NA,NA,0.400813911777008,NA,NA,NA,"06_or_se_imputation",1000
2,0.02,300,0.25,1.96078431372549,"balanced_4_over_sqrtN","population",1000,1000,0,-1.19398299304672,2.51564915296804e-05,0.000795518111725233,1.77972265905606e-05,NA,NA,NA,1.19398325779762,NA,NA,NA,"06_or_se_imputation",1000
2,0.02,1000,0.25,1.96078431372549,"balanced_4_over_sqrtN","population",1000,1000,0,-1.1937803344938,0,0,0,NA,NA,NA,1.1937803344938,NA,NA,NA,"06_or_se_imputation",1000
2,0.02,300,0.5,1.96078431372549,"balanced_4_over_sqrtN","population",1000,1000,0,-1.13600572984666,2.45692447320223e-05,0.000776947737432838,1.73817726187628e-05,NA,NA,NA,1.13600599526964,NA,NA,NA,"06_or_se_imputation",1000
2,0.02,1000,0.5,1.96078431372549,"balanced_4_over_sqrtN","population",1000,1000,0,-1.13581303810782,0,0,0,NA,NA,NA,1.13581303810782,NA,NA,NA,"06_or_se_imputation",1000
4,0.3,50,0.25,2.10526315789474,"balanced_4_over_sqrtN","population",1000,1000,0,-0.206370423989059,3.3932116777065e-05,0.00107302774846337,2.40056356931288e-05,NA,NA,NA,0.206373210796809,NA,NA,NA,"06_or_se_imputation",1000
4,0.3,100,0.25,2.10526315789474,"balanced_4_over_sqrtN","population",1000,1000,0,-0.193049446753309,0,0,0,NA,NA,NA,0.193049446753309,NA,NA,NA,"06_or_se_imputation",1000
4,0.3,300,0.25,2.10526315789474,"balanced_4_over_sqrtN","population",1000,1000,0,-0.193049446753309,0,0,0,NA,NA,NA,0.193049446753309,NA,NA,NA,"06_or_se_imputation",1000
4,0.3,1000,0.25,2.10526315789474,"balanced_4_over_sqrtN","population",1000,1000,0,-0.193049446753309,0,0,0,NA,NA,NA,0.193049446753309,NA,NA,NA,"06_or_se_imputation",1000
4,0.3,50,0.5,2.10526315789474,"balanced_4_over_sqrtN","population",1000,1000,0,-0.0621875086692681,0,0,0,NA,NA,NA,0.0621875086692681,NA,NA,NA,"06_or_se_imputation",1000
4,0.3,100,0.5,2.10526315789474,"balanced_4_over_sqrtN","population",1000,1000,0,-0.062187508669268,0,0,0,NA,NA,NA,0.062187508669268,NA,NA,NA,"06_or_se_imputation",1000
4,0.3,300,0.5,2.10526315789474,"balanced_4_over_sqrtN","population",1000,1000,0,-0.0621875086692685,0,0,0,NA,NA,NA,0.0621875086692685,NA,NA,NA,"06_or_se_imputation",1000
4,0.3,1000,0.5,2.10526315789474,"balanced_4_over_sqrtN","population",1000,1000,0,-0.0621875086692683,0,0,0,NA,NA,NA,0.0621875086692683,NA,NA,NA,"06_or_se_imputation",1000
4,0.1,50,0.25,3.07692307692308,"balanced_4_over_sqrtN","population",1000,1000,0,-0.380154507174846,0.000109198183566419,0.00345314976423053,7.72534124608067e-05,NA,NA,NA,0.380170174585541,NA,NA,NA,"06_or_se_imputation",1000
4,0.1,100,0.25,3.07692307692308,"balanced_4_over_sqrtN","population",1000,1000,0,-0.370858430935513,0,0,0,NA,NA,NA,0.370858430935513,NA,NA,NA,"06_or_se_imputation",1000
4,0.1,300,0.25,3.07692307692308,"balanced_4_over_sqrtN","population",1000,1000,0,-0.370858430935513,0,0,0,NA,NA,NA,0.370858430935513,NA,NA,NA,"06_or_se_imputation",1000
4,0.1,1000,0.25,3.07692307692308,"balanced_4_over_sqrtN","population",1000,1000,0,-0.370858430935513,0,0,0,NA,NA,NA,0.370858430935513,NA,NA,NA,"06_or_se_imputation",1000
4,0.1,50,0.5,3.07692307692308,"balanced_4_over_sqrtN","population",1000,1000,0,-0.341911143381864,0.000162414238284868,0.00513598917421503,0.000114901674459603,NA,NA,NA,0.341949677547891,NA,NA,NA,"06_or_se_imputation",1000
4,0.1,100,0.5,3.07692307692308,"balanced_4_over_sqrtN","population",1000,1000,0,-0.340519384877081,2.41923964783147e-05,0.000765030749293108,1.71151673270997e-05,NA,NA,NA,0.340520243398011,NA,NA,NA,"06_or_se_imputation",1000
4,0.1,300,0.5,3.07692307692308,"balanced_4_over_sqrtN","population",1000,1000,0,-0.340459976995193,0,0,0,NA,NA,NA,0.340459976995193,NA,NA,NA,"06_or_se_imputation",1000
4,0.1,1000,0.5,3.07692307692308,"balanced_4_over_sqrtN","population",1000,1000,0,-0.340459976995193,0,0,0,NA,NA,NA,0.340459976995193,NA,NA,NA,"06_or_se_imputation",1000
4,0.02,300,0.25,3.77358490566038,"balanced_4_over_sqrtN","population",1000,1000,0,-1.02931534241448,1.14451490655172e-05,0.00036192739207182,8.09699202456075e-06,NA,NA,NA,1.02931540598122,NA,NA,NA,"06_or_se_imputation",1000
4,0.02,1000,0.25,3.77358490566038,"balanced_4_over_sqrtN","population",1000,1000,0,-1.02927547515817,0,0,0,NA,NA,NA,1.02927547515817,NA,NA,NA,"06_or_se_imputation",1000
4,0.02,300,0.5,3.77358490566038,"balanced_4_over_sqrtN","population",1000,1000,0,-1.0503529661138,2.37571755167346e-05,0.000751267854052689,1.68072656445036e-05,NA,NA,NA,1.05035323451829,NA,NA,NA,"06_or_se_imputation",1000
4,0.02,1000,0.5,3.77358490566038,"balanced_4_over_sqrtN","population",1000,1000,0,-1.05017356346039,0,0,0,NA,NA,NA,1.05017356346039,NA,NA,NA,"06_or_se_imputation",1000
0.25,0.02,1000,0.25,0.253807106598985,"median_var","population",1000,1000,0,-0.47776373969906,0.00358810539580126,0.113465855354719,0.00253844319604529,NA,NA,NA,0.491039526720892,NA,NA,NA,"06_or_se_imputation",1000
0.25,0.02,1000,0.5,0.253807106598985,"median_var","population",1000,1000,0,-0.0673035780668478,0.00415760152464815,0.131474904212768,0.00294133926903611,NA,NA,NA,0.147641919548342,NA,NA,NA,"06_or_se_imputation",1000
0.25,0.1,100,0.25,0.27027027027027,"median_var","population",1000,1000,0,-0.434029363824534,0.00419853356753218,0.132769289060741,0.00297029707665258,NA,NA,NA,0.453862914430675,NA,NA,NA,"06_or_se_imputation",1000
0.25,0.1,300,0.25,0.27027027027027,"median_var","population",1000,1000,0,-0.382082328713709,0.00287643073708033,0.0909607266089078,0.00203496141500786,NA,NA,NA,0.392749902414662,NA,NA,NA,"06_or_se_imputation",1000
0.25,0.1,1000,0.25,0.27027027027027,"median_var","population",1000,1000,0,-0.391653515696055,0.00175306098998736,0.0554366560554971,0.0012402215797488,NA,NA,NA,0.395553569025563,NA,NA,NA,"06_or_se_imputation",1000
0.25,0.1,100,0.5,0.27027027027027,"median_var","population",1000,998,0.002,-0.0294540129867979,0.00489498659098858,0.154638196893607,0.00346301362390202,NA,NA,NA,0.157342142879162,NA,NA,NA,"06_or_se_imputation",1000
0.25,0.1,300,0.5,0.27027027027027,"median_var","population",1000,1000,0,-0.0177846135549519,0.00331394078118616,0.104796008994659,0.00234448253330097,NA,NA,NA,0.106242711641818,NA,NA,NA,"06_or_se_imputation",1000
0.25,0.1,1000,0.5,0.27027027027027,"median_var","population",1000,1000,0,-0.0238375951408827,0.00175319978117712,0.0554410450182848,0.00124031976904717,NA,NA,NA,0.060323019696857,NA,NA,NA,"06_or_se_imputation",1000
0.25,0.3,50,0.25,0.32258064516129,"median_var","population",1000,1000,0,-0.253084357520118,0.00245390099844736,0.0775991630765496,0.00173603827261223,NA,NA,NA,0.26470228654366,NA,NA,NA,"06_or_se_imputation",1000
0.25,0.3,100,0.25,0.32258064516129,"median_var","population",1000,1000,0,-0.207680276355055,0.00318775918433105,0.100805796546066,0.00225521402508551,NA,NA,NA,0.230830552560924,NA,NA,NA,"06_or_se_imputation",1000
0.25,0.3,300,0.25,0.32258064516129,"median_var","population",1000,1000,0,-0.224934864738692,0.00192377739704479,0.060835182858116,0.00136099671150923,NA,NA,NA,0.233008394546035,NA,NA,NA,"06_or_se_imputation",1000
0.25,0.3,1000,0.25,0.32258064516129,"median_var","population",1000,1000,0,-0.231853707390881,0.000887375225138487,0.0280612685064232,0.000627783009169085,NA,NA,NA,0.233543976557512,NA,NA,NA,"06_or_se_imputation",1000
0.25,0.3,50,0.5,0.32258064516129,"median_var","population",1000,1000,0,0.0858343564261217,0.00359191988765768,0.113586480178544,0.00254114179874258,NA,NA,NA,0.14232541352112,NA,NA,NA,"06_or_se_imputation",1000
0.25,0.3,100,0.5,0.32258064516129,"median_var","population",1000,1000,0,0.0828809083719227,0.00279797940718766,0.0884798777296071,0.00197946019009408,NA,NA,NA,0.121202743561514,NA,NA,NA,"06_or_se_imputation",1000
0.25,0.3,300,0.5,0.32258064516129,"median_var","population",1000,1000,0,0.0796224846098977,0.0014965453452945,0.0473249191285377,0.0010587468678544,NA,NA,NA,0.0926128953116438,NA,NA,NA,"06_or_se_imputation",1000
0.25,0.3,1000,0.5,0.32258064516129,"median_var","population",1000,1000,0,0.0736274028577788,0.00084915897011095,0.0268527644111345,0.000600746514458952,NA,NA,NA,0.0783667297846798,NA,NA,NA,"06_or_se_imputation",1000
0.25,0.5,50,0.25,0.4,"median_var","population",1000,1000,0,-0.073750221976122,0.00335371433742554,0.106053759278272,0.00237262075726076,NA,NA,NA,0.129132674791177,NA,NA,NA,"06_or_se_imputation",1000
0.25,0.5,100,0.25,0.4,"median_var","population",1000,1000,0,-0.0528588927227464,0.00295870565618246,0.0935624879955963,0.0020931676786378,NA,NA,NA,0.107420890708656,NA,NA,NA,"06_or_se_imputation",1000
0.25,0.5,300,0.25,0.4,"median_var","population",1000,1000,0,-0.0647364943318647,0.00149724878648965,0.0473471638923043,0.00105924452478436,NA,NA,NA,0.0801893127112062,NA,NA,NA,"06_or_se_imputation",1000
0.25,0.5,1000,0.25,0.4,"median_var","population",1000,1000,0,-0.066489243353954,0.000817742016606849,0.0258592731089688,0.000578520257683919,NA,NA,NA,0.0713361954795728,NA,NA,NA,"06_or_se_imputation",1000
0.25,0.5,50,0.5,0.4,"median_var","population",1000,1000,0,0.154421463926157,0.0029126162407944,0.0921050127090774,0.0020605612331754,NA,NA,NA,0.179779972616169,NA,NA,NA,"06_or_se_imputation",1000
0.25,0.5,100,0.5,0.4,"median_var","population",1000,1000,0,0.155617159533453,0.00200938033491981,0.0635421854389857,0.00142155741729692,NA,NA,NA,0.168078172474276,NA,NA,NA,"06_or_se_imputation",1000
0.25,0.5,300,0.5,0.4,"median_var","population",1000,1000,0,0.152180424782545,0.00113421880995305,0.0358671480445728,0.000802415119779097,NA,NA,NA,0.1563459226956,NA,NA,NA,"06_or_se_imputation",1000
0.25,0.5,1000,0.5,0.4,"median_var","population",1000,1000,0,0.151655865027952,0.000624284699175138,0.0197416155778648,0.000441656827826381,NA,NA,NA,0.152934113433252,NA,NA,NA,"06_or_se_imputation",1000
0.5,0.02,300,0.25,0.505050505050505,"median_var","population",1000,995,0.005,-0.250922844948608,0.00577644715870617,0.182210057539198,0.004086619050733,NA,NA,NA,0.31004743482855,NA,NA,NA,"06_or_se_imputation",1000
0.5,0.02,1000,0.25,0.505050505050505,"median_var","population",1000,1000,0,-0.205940069490362,0.00367878950438508,0.116333538661788,0.00260259862991114,NA,NA,NA,0.236497930111558,NA,NA,NA,"06_or_se_imputation",1000
0.5,0.02,1000,0.5,0.505050505050505,"median_var","population",1000,1000,0,0.0869972039053501,0.00403927634409362,0.127733133461739,0.00285762886581023,NA,NA,NA,0.154492560073032,NA,NA,NA,"06_or_se_imputation",1000
0.5,0.1,100,0.25,0.526315789473684,"median_var","population",1000,1000,0,-0.179981836227973,0.00427185671338557,0.135087970521795,0.00302217031340921,NA,NA,NA,0.22499771641488,NA,NA,NA,"06_or_se_imputation",1000
0.5,0.1,300,0.25,0.526315789473684,"median_var","population",1000,1000,0,-0.169296758629357,0.00270414983027959,0.0855127259804126,0.00191307946132039,NA,NA,NA,0.189648375581504,NA,NA,NA,"06_or_se_imputation",1000
0.5,0.1,1000,0.25,0.526315789473684,"median_var","population",1000,1000,0,-0.174826552011784,0.00144804784344566,0.0457912934618322,0.0010244367960997,NA,NA,NA,0.180718203296402,NA,NA,NA,"06_or_se_imputation",1000
0.5,0.1,100,0.5,0.526315789473684,"median_var","population",1000,1000,0,0.105466487514765,0.00499253756235436,0.157877900009847,0.00353202361920277,NA,NA,NA,0.189799067091779,NA,NA,NA,"06_or_se_imputation",1000
0.5,0.1,300,0.5,0.526315789473684,"median_var","population",1000,1000,0,0.104527463929721,0.00297382257265203,0.0940405268680198,0.00210386230143295,NA,NA,NA,0.140572998077512,NA,NA,NA,"06_or_se_imputation",1000
0.5,0.1,1000,0.5,0.526315789473684,"median_var","population",1000,1000,0,0.101891199727838,0.0015787989299777,0.0499260058616622,0.00111693803822351,NA,NA,NA,0.113454528500257,NA,NA,NA,"06_or_se_imputation",1000
0.5,0.3,50,0.25,0.588235294117647,"median_var","population",1000,1000,0,-0.092516261313367,0.00264914091139335,0.0837731912273728,0.00187416281856179,NA,NA,NA,0.12478056029788,NA,NA,NA,"06_or_se_imputation",1000
0.5,0.3,100,0.25,0.588235294117647,"median_var","population",1000,1000,0,-0.0770163521946008,0.00230422926853219,0.0728661273978548,0.00163015142076889,NA,NA,NA,0.105998497889363,NA,NA,NA,"06_or_se_imputation",1000
0.5,0.3,300,0.25,0.588235294117647,"median_var","population",1000,1000,0,-0.0912751841875622,0.00108402743773564,0.0342799574936097,0.000766906701477184,NA,NA,NA,0.0974941004304944,NA,NA,NA,"06_or_se_imputation",1000
0.5,0.3,1000,0.25,0.588235294117647,"median_var","population",1000,1000,0,-0.0933236305408674,0.000622629181240531,0.0196892635040586,0.000440485614115115,NA,NA,NA,0.0953759898903453,NA,NA,NA,"06_or_se_imputation",1000
0.5,0.3,50,0.5,0.588235294117647,"median_var","population",1000,1000,0,0.144152113480511,0.00311034427343386,0.0983577221131254,0.00220044602577608,NA,NA,NA,0.174483234377064,NA,NA,NA,"06_or_se_imputation",1000
0.5,0.3,100,0.5,0.588235294117647,"median_var","population",1000,1000,0,0.138167134510084,0.00214906760752612,0.0679594848547137,0.00152038065898223,NA,NA,NA,0.153961131942006,NA,NA,NA,"06_or_se_imputation",1000
0.5,0.3,300,0.5,0.588235294117647,"median_var","population",1000,1000,0,0.133461056774072,0.0011054800316575,0.0349583480787276,0.000782083566443919,NA,NA,NA,0.137959116007407,NA,NA,NA,"06_or_se_imputation",1000
0.5,0.3,1000,0.5,0.588235294117647,"median_var","population",1000,1000,0,0.131951254259855,0.00061992048368506,0.0196036069663804,0.000438569317317402,NA,NA,NA,0.133398090711356,NA,NA,NA,"06_or_se_imputation",1000
0.5,0.5,50,0.25,0.666666666666667,"median_var","population",1000,1000,0,-0.0146172914790867,0.0020676489694339,0.0653848014511098,0.0014627801804293,NA,NA,NA,0.0669668746375761,NA,NA,NA,"06_or_se_imputation",1000
0.5,0.5,100,0.25,0.666666666666667,"median_var","population",1000,1000,0,-0.00701418969849925,0.00134336924967725,0.0424810656761152,0.000950380815348979,NA,NA,NA,0.0430352780537546,NA,NA,NA,"06_or_se_imputation",1000
0.5,0.5,300,0.25,0.666666666666667,"median_var","population",1000,1000,0,-0.013980496226593,0.000656049350571019,0.0207461020527871,0.000464129067160538,NA,NA,NA,0.0250084910455639,NA,NA,NA,"06_or_se_imputation",1000
0.5,0.5,1000,0.25,0.666666666666667,"median_var","population",1000,1000,0,-0.0159970057627376,0.000346622260513837,0.0109611583093997,0.000245221592383771,NA,NA,NA,0.0193889411228488,NA,NA,NA,"06_or_se_imputation",1000
0.5,0.5,50,0.5,0.666666666666667,"median_var","population",1000,1000,0,0.157803989082354,0.00158904877509034,0.0502501344238612,0.00112418939979644,NA,NA,NA,0.165603894591613,NA,NA,NA,"06_or_se_imputation",1000
0.5,0.5,100,0.5,0.666666666666667,"median_var","population",1000,1000,0,0.156422466084185,0.00108096159451828,0.0341830070184516,0.000764737738195242,NA,NA,NA,0.160110266337649,NA,NA,NA,"06_or_se_imputation",1000
0.5,0.5,300,0.5,0.666666666666667,"median_var","population",1000,1000,0,0.152468271788553,0.000602846392716565,0.0190636768020069,0.000426490070677001,NA,NA,NA,0.153654268576002,NA,NA,NA,"06_or_se_imputation",1000
0.5,0.5,1000,0.5,0.666666666666667,"median_var","population",1000,1000,0,0.152278774975397,0.000315725962343604,0.00998413157454342,0.000223363678743612,NA,NA,NA,0.152605401308152,NA,NA,NA,"06_or_se_imputation",1000
1,0.1,50,0.25,1,"median_var","population",1000,993,0.00700000000000001,-0.0398715985845453,0.00489797841015623,0.154344618172491,0.00346513897038469,NA,NA,NA,0.159336170846399,NA,NA,NA,"06_or_se_imputation",1000
1,0.3,50,0.25,1,"median_var","population",1000,1000,0,-0.000447364826449139,0.00227373697052364,0.0719018762698584,0.0016085793213255,NA,NA,NA,0.0718673087474608,NA,NA,NA,"06_or_se_imputation",1000
1,0.5,50,0.25,1,"median_var","population",1000,1000,0,0.00364186797159524,0.00121543732720953,0.0384355030716946,0.000859874020725502,NA,NA,NA,0.0385885191579102,NA,NA,NA,"06_or_se_imputation",1000
1,0.1,100,0.25,1,"median_var","population",1000,1000,0,0.00136465685402908,0.00422900704051661,0.133732944889205,0.0029918558581331,NA,NA,NA,0.13367302770761,NA,NA,NA,"06_or_se_imputation",1000
1,0.3,100,0.25,1,"median_var","population",1000,1000,0,0.00449586866253802,0.00148352317998239,0.0469131221040027,0.00104953419896988,NA,NA,NA,0.0471047027328516,NA,NA,NA,"06_or_se_imputation",1000
1,0.5,100,0.25,1,"median_var","population",1000,1000,0,0.0102537351882362,0.000515765022631951,0.0163099220896526,0.00036488343235131,NA,NA,NA,0.0192584171292046,NA,NA,NA,"06_or_se_imputation",1000
1,0.02,300,0.25,1,"median_var","population",1000,998,0.002,-0.0144494221067672,0.00582447735645275,0.184001867933125,0.00412059237805413,NA,NA,NA,0.184476417640908,NA,NA,NA,"06_or_se_imputation",1000
1,0.1,300,0.25,1,"median_var","population",1000,1000,0,-0.000450271528255218,0.00245500484268655,0.0776340696963286,0.00173681919891995,NA,NA,NA,0.0775965493645559,NA,NA,NA,"06_or_se_imputation",1000
1,0.3,300,0.25,1,"median_var","population",1000,1000,0,0.00260902413359596,0.000832732069598399,0.026333300205968,0.000589125129566804,NA,NA,NA,0.0264491259584808,NA,NA,NA,"06_or_se_imputation",1000
1,0.5,300,0.25,1,"median_var","population",1000,1000,0,0.00374504441914848,0.00019587927758528,0.00619424663597852,0.000138576871240869,NA,NA,NA,0.00723572252075347,NA,NA,NA,"06_or_se_imputation",1000
1,0.02,1000,0.25,1,"median_var","population",1000,1000,0,-0.00667608590992326,0.00349572251273269,0.110544452081623,0.00247308594616325,NA,NA,NA,0.110690676812534,NA,NA,NA,"06_or_se_imputation",1000
1,0.1,1000,0.25,1,"median_var","population",1000,1000,0,-0.000291676086185833,0.00133203117928771,0.0421225244090927,0.00094235957726877,NA,NA,NA,0.0421024682230302,NA,NA,NA,"06_or_se_imputation",1000
1,0.3,1000,0.25,1,"median_var","population",1000,1000,0,0.000336179253115903,0.000435455460771949,0.0137703107559746,0.000308067581535039,NA,NA,NA,0.0137675289485085,NA,NA,NA,"06_or_se_imputation",1000
1,0.5,1000,0.25,1,"median_var","population",1000,1000,0,0.00116791133988773,5.85500929654679e-05,0.00185151650985481,4.14218838972597e-05,NA,NA,NA,0.00218831034607,NA,NA,NA,"06_or_se_imputation",1000
1,0.1,50,0.5,1,"median_var","population",1000,994,0.00600000000000001,0.13597795172509,0.00507496959797984,0.160002451612146,0.00359035188351796,NA,NA,NA,0.209916727682259,NA,NA,NA,"06_or_se_imputation",1000
1,0.3,50,0.5,1,"median_var","population",1000,1000,0,0.153953107677755,0.00225157670247027,0.0712011070637733,0.00159290180479312,NA,NA,NA,0.169605682136827,NA,NA,NA,"06_or_se_imputation",1000
1,0.5,50,0.5,1,"median_var","population",1000,1000,0,0.155989757917476,0.00093976212472295,0.0297178877288376,0.000664844676579329,NA,NA,NA,0.15879255106385,NA,NA,NA,"06_or_se_imputation",1000
1,0.1,100,0.5,1,"median_var","population",1000,1000,0,0.146136495807031,0.00427791072980553,0.135279415330586,0.00302645329149786,NA,NA,NA,0.199093181949386,NA,NA,NA,"06_or_se_imputation",1000
1,0.3,100,0.5,1,"median_var","population",1000,1000,0,0.148418995500127,0.00144765818457317,0.0457789713663565,0.00102416112779999,NA,NA,NA,0.15531199802465,NA,NA,NA,"06_or_se_imputation",1000
1,0.5,100,0.5,1,"median_var","population",1000,1000,0,0.15105032411478,0.000438468256020964,0.0138655837070808,0.000310199015469474,NA,NA,NA,0.151684747329145,NA,NA,NA,"06_or_se_imputation",1000
1,0.02,300,0.5,1,"median_var","population",1000,997,0.003,0.135378753101091,0.00580884005312762,0.183415906874325,0.00410953165811651,NA,NA,NA,0.227892648110848,NA,NA,NA,"06_or_se_imputation",1000
1,0.1,300,0.5,1,"median_var","population",1000,1000,0,0.141258737770298,0.00244907998632544,0.0774467092872243,0.00173262759648403,NA,NA,NA,0.16107770107342,NA,NA,NA,"06_or_se_imputation",1000
1,0.3,300,0.5,1,"median_var","population",1000,1000,0,0.144651159896932,0.000790675628103349,0.0250033587519082,0.000559371854234392,NA,NA,NA,0.146794076312553,NA,NA,NA,"06_or_se_imputation",1000
1,0.5,300,0.5,1,"median_var","population",1000,1000,0,0.146369102331805,0.000163937891055267,0.0051841713053919,0.000115979598762686,NA,NA,NA,0.146460789544198,NA,NA,NA,"06_or_se_imputation",1000
1,0.02,1000,0.5,1,"median_var","population",1000,1000,0,0.147052480916835,0.00348556943767374,0.110223383657213,0.00246590304559057,NA,NA,NA,0.18374296518326,NA,NA,NA,"06_or_se_imputation",1000
1,0.1,1000,0.5,1,"median_var","population",1000,1000,0,0.144616865809958,0.00130500514238428,0.0412678860816666,0.000923239720986436,NA,NA,NA,0.150384085793421,NA,NA,NA,"06_or_se_imputation",1000
1,0.3,1000,0.5,1,"median_var","population",1000,1000,0,0.14470911946951,0.00044745498743968,0.0141497691071142,0.000316556773870668,NA,NA,NA,0.145398572920987,NA,NA,NA,"06_or_se_imputation",1000
1,0.5,1000,0.5,1,"median_var","population",1000,1000,0,0.144630697990021,4.55947441652474e-05,0.00144183240894855,3.22564850623213e-05,NA,NA,NA,0.144637877483374,NA,NA,NA,"06_or_se_imputation",1000
2,0.5,50,0.25,1.33333333333333,"median_var","population",1000,1000,0,-0.0106342813382507,0.00231949349153441,0.0733488245118521,0.00164095025713201,NA,NA,NA,0.0740794029862166,NA,NA,NA,"06_or_se_imputation",1000
2,0.5,100,0.25,1.33333333333333,"median_var","population",1000,1000,0,-0.00369637948636538,0.0016023381682227,0.0506703819340577,0.00113359112183501,NA,NA,NA,0.0507797532393095,NA,NA,NA,"06_or_se_imputation",1000
2,0.5,300,0.25,1.33333333333333,"median_var","population",1000,1000,0,-0.0111761016064109,0.000747623389095679,0.0236419274155664,0.000528914091396261,NA,NA,NA,0.0261397597216923,NA,NA,NA,"06_or_se_imputation",1000
2,0.5,1000,0.25,1.33333333333333,"median_var","population",1000,1000,0,-0.0127990987335089,0.000403296196792183,0.0127533455354679,0.000285316169345534,NA,NA,NA,0.018063834114462,NA,NA,NA,"06_or_se_imputation",1000
2,0.5,50,0.5,1.33333333333333,"median_var","population",1000,1000,0,0.166355668510243,0.00184179344236869,0.0582426225744713,0.00130299629374671,NA,NA,NA,0.176247040618439,NA,NA,NA,"06_or_se_imputation",1000
2,0.5,100,0.5,1.33333333333333,"median_var","population",1000,1000,0,0.160926047345668,0.00123185791879666,0.0389547677711219,0.000871490942301486,NA,NA,NA,0.165569167336404,NA,NA,NA,"06_or_se_imputation",1000
2,0.5,300,0.5,1.33333333333333,"median_var","population",1000,1000,0,0.158114551345473,0.000721568635170055,0.0228180037527645,0.000510481379552141,NA,NA,NA,0.159750906041706,NA,NA,NA,"06_or_se_imputation",1000
2,0.5,1000,0.5,1.33333333333333,"median_var","population",1000,1000,0,0.156748711563,0.000389250878063039,0.0123091935589967,0.000275379659730738,NA,NA,NA,0.15723079630431,NA,NA,NA,"06_or_se_imputation",1000
2,0.3,50,0.25,1.53846153846154,"median_var","population",1000,1000,0,0.0499795107329151,0.00213217198297897,0.0674251982941132,0.00150842767030335,NA,NA,NA,0.0839021018850962,NA,NA,NA,"06_or_se_imputation",1000
2,0.3,100,0.25,1.53846153846154,"median_var","population",1000,1000,0,0.0554759554002251,0.0013699350654799,0.0433211505344839,0.000969175083335239,NA,NA,NA,0.0703734821443102,NA,NA,NA,"06_or_se_imputation",1000
2,0.3,300,0.25,1.53846153846154,"median_var","population",1000,1000,0,0.0502168853460522,0.000772302353259116,0.0244223447860677,0.0005463734861898,NA,NA,NA,0.0558353834748474,NA,NA,NA,"06_or_se_imputation",1000
2,0.3,1000,0.25,1.53846153846154,"median_var","population",1000,1000,0,0.0494513472494614,0.000407297898929753,0.0128798904681908,0.000288147215940654,NA,NA,NA,0.0510995247696193,NA,NA,NA,"06_or_se_imputation",1000
2,0.3,50,0.5,1.53846153846154,"median_var","population",1000,1000,0,0.152055486884475,0.00168719433995805,0.0533537696961189,0.00119362352000149,NA,NA,NA,0.161135499526704,NA,NA,NA,"06_or_se_imputation",1000
2,0.3,100,0.5,1.53846153846154,"median_var","population",1000,1000,0,0.154180219046226,0.0012102024670495,0.0382699622583131,0.000856170563415966,NA,NA,NA,0.158854226781611,NA,NA,NA,"06_or_se_imputation",1000
2,0.3,300,0.5,1.53846153846154,"median_var","population",1000,1000,0,0.150417878471329,0.000648535671027317,0.0205084986431199,0.000458813434922618,NA,NA,NA,0.151808155518384,NA,NA,NA,"06_or_se_imputation",1000
2,0.3,1000,0.5,1.53846153846154,"median_var","population",1000,1000,0,0.148543073979361,0.000358815448396116,0.0113467407658634,0.000253847792398434,NA,NA,NA,0.148975382545975,NA,NA,NA,"06_or_se_imputation",1000
4,0.5,50,0.25,1.6,"median_var","population",1000,1000,0,-0.0602472700149936,0.00385985084907075,0.122059201115984,0.00273069239745263,NA,NA,NA,0.136063528076978,NA,NA,NA,"06_or_se_imputation",1000
4,0.5,100,0.25,1.6,"median_var","population",1000,1000,0,-0.0279627480622593,0.00359327448993105,0.113629316463619,0.00254210012647961,NA,NA,NA,0.116964204856112,NA,NA,NA,"06_or_se_imputation",1000
4,0.5,300,0.25,1.6,"median_var","population",1000,1000,0,-0.0431814474231432,0.00178259079098992,0.0563704703556931,0.00126111275048287,NA,NA,NA,0.0709865459066127,NA,NA,NA,"06_or_se_imputation",1000
4,0.5,1000,0.25,1.6,"median_var","population",1000,1000,0,-0.0474981111957646,0.000974979191026036,0.0308315491491067,0.000689759363435059,NA,NA,NA,0.056618940343988,NA,NA,NA,"06_or_se_imputation",1000
4,0.5,50,0.5,1.6,"median_var","population",1000,1000,0,0.168578432126979,0.0030840420674534,0.097525973329274,0.00218183825135279,NA,NA,NA,0.194731846231527,NA,NA,NA,"06_or_se_imputation",1000
4,0.5,100,0.5,1.6,"median_var","population",1000,1000,0,0.185099296088662,0.00269481687011401,0.085217591866064,0.00190647675972221,NA,NA,NA,0.203756043684613,NA,NA,NA,"06_or_se_imputation",1000
4,0.5,300,0.5,1.6,"median_var","population",1000,1000,0,0.188869120945395,0.00151210314706079,0.0478169000182064,0.00106975339962609,NA,NA,NA,0.194822263404648,NA,NA,NA,"06_or_se_imputation",1000
4,0.5,1000,0.5,1.6,"median_var","population",1000,1000,0,0.190297660695062,0.000840122842524348,0.026567016967119,0.000594353810215189,NA,NA,NA,0.19214135486707,NA,NA,NA,"06_or_se_imputation",1000
2,0.1,50,0.25,1.81818181818182,"median_var","population",1000,998,0.002,0.0933758457803137,0.00482814571310869,0.152526617496605,0.00341572628890549,NA,NA,NA,0.178773898064336,NA,NA,NA,"06_or_se_imputation",1000
2,0.1,100,0.25,1.81818181818182,"median_var","population",1000,1000,0,0.111756997098615,0.00380589513282356,0.120352971554715,0.00269252085406494,NA,NA,NA,0.164194943054857,NA,NA,NA,"06_or_se_imputation",1000
2,0.1,300,0.25,1.81818181818182,"median_var","population",1000,1000,0,0.102932938493858,0.00207992909096407,0.0657731329908999,0.00147146788257466,NA,NA,NA,0.122135043068709,NA,NA,NA,"06_or_se_imputation",1000
2,0.1,1000,0.25,1.81818181818182,"median_var","population",1000,1000,0,0.104335520683347,0.00116253591760931,0.0367626136139928,0.000822448357750826,NA,NA,NA,0.110616631417871,NA,NA,NA,"06_or_se_imputation",1000
2,0.1,50,0.5,1.81818181818182,"median_var","population",1000,1000,0,0.123232288646897,0.00456199231364269,0.144262863792921,0.00322742981923784,NA,NA,NA,0.189676458900459,NA,NA,NA,"06_or_se_imputation",1000
2,0.1,100,0.5,1.81818181818182,"median_var","population",1000,1000,0,0.12102614541395,0.00327095512371712,0.103436683151439,0.0023140718742781,NA,NA,NA,0.159172158833473,NA,NA,NA,"06_or_se_imputation",1000
2,0.1,300,0.5,1.81818181818182,"median_var","population",1000,1000,0,0.115499128758073,0.00194531551722704,0.0615162780210596,0.00137623408293545,NA,NA,NA,0.13084539331966,NA,NA,NA,"06_or_se_imputation",1000
2,0.1,1000,0.5,1.81818181818182,"median_var","population",1000,1000,0,0.116464468239457,0.00102961686987686,0.032559344261441,0.000728413368495471,NA,NA,NA,0.120925692679991,NA,NA,NA,"06_or_se_imputation",1000
2,0.02,300,0.25,1.96078431372549,"median_var","population",1000,1000,0,0.112392644613814,0.00568763578152023,0.179858835710757,0.00402377822236731,NA,NA,NA,0.212011693417446,NA,NA,NA,"06_or_se_imputation",1000
2,0.02,1000,0.25,1.96078431372549,"median_var","population",1000,1000,0,0.116096991097425,0.00310078707397499,0.0980554969296999,0.00219368468371294,NA,NA,NA,0.15193346221135,NA,NA,NA,"06_or_se_imputation",1000
2,0.02,300,0.5,1.96078431372549,"median_var","population",1000,999,0.001,0.0982389640458401,0.00520795535179251,0.164607643040407,0.00368442506366441,NA,NA,NA,0.191623191198695,NA,NA,NA,"06_or_se_imputation",1000
2,0.02,1000,0.5,1.96078431372549,"median_var","population",1000,1000,0,0.0922137747596236,0.00284759540567425,0.0900488733656178,0.00201456155415118,NA,NA,NA,0.128856785037658,NA,NA,NA,"06_or_se_imputation",1000
4,0.3,50,0.25,2.10526315789474,"median_var","population",1000,1000,0,0.059939711217682,0.00299699780722372,0.0947733921335717,0.00212025786678733,NA,NA,NA,0.112097202647998,NA,NA,NA,"06_or_se_imputation",1000
4,0.3,100,0.25,2.10526315789474,"median_var","population",1000,1000,0,0.0759420635035015,0.00215103822266217,0.0680218011769286,0.00152177479154867,NA,NA,NA,0.101929070824216,NA,NA,NA,"06_or_se_imputation",1000
4,0.3,300,0.25,2.10526315789474,"median_var","population",1000,1000,0,0.0677654747959686,0.00119397305038269,0.0377567430406828,0.000844688890563808,NA,NA,NA,0.0775648480158258,NA,NA,NA,"06_or_se_imputation",1000
4,0.3,1000,0.25,2.10526315789474,"median_var","population",1000,1000,0,0.0690706497907812,0.00067106739502819,0.0212210143176503,0.000474753741902484,NA,NA,NA,0.0722539672249351,NA,NA,NA,"06_or_se_imputation",1000
4,0.3,50,0.5,2.10526315789474,"median_var","population",1000,1000,0,0.184200861471425,0.00277443964017688,0.0877354849361694,0.00196280673240163,NA,NA,NA,0.204009252654096,NA,NA,NA,"06_or_se_imputation",1000
4,0.3,100,0.5,2.10526315789474,"median_var","population",1000,1000,0,0.185517291531538,0.00195865904139225,0.0619382373048154,0.001385674100547,NA,NA,NA,0.195573961335309,NA,NA,NA,"06_or_se_imputation",1000
4,0.3,300,0.5,2.10526315789474,"median_var","population",1000,1000,0,0.185462910042715,0.001131257849213,0.0357735142445639,0.000800320356717475,NA,NA,NA,0.188878150082525,NA,NA,NA,"06_or_se_imputation",1000
4,0.3,1000,0.5,2.10526315789474,"median_var","population",1000,1000,0,0.186254630655945,0.00064751780462729,0.0204763108813415,0.000458093334548572,NA,NA,NA,0.187375685372421,NA,NA,NA,"06_or_se_imputation",1000
4,0.1,50,0.25,3.07692307692308,"median_var","population",1000,999,0.001,0.14650820218283,0.00443396171680741,0.140144056205062,0.00313685478795644,NA,NA,NA,0.202695214003554,NA,NA,NA,"06_or_se_imputation",1000
4,0.1,100,0.25,3.07692307692308,"median_var","population",1000,1000,0,0.154534914108345,0.00319046658483415,0.100891412067347,0.00225712940426978,NA,NA,NA,0.184526251873244,NA,NA,NA,"06_or_se_imputation",1000
4,0.1,300,0.25,3.07692307692308,"median_var","population",1000,1000,0,0.148793904327051,0.00173024154729632,0.0547150419171033,0.00122407772313177,NA,NA,NA,0.158525606893858,NA,NA,NA,"06_or_se_imputation",1000
4,0.1,1000,0.25,3.07692307692308,"median_var","population",1000,1000,0,0.150053296909167,0.000961081067001281,0.0303920518778894,0.000679926988274141,NA,NA,NA,0.153097175198766,NA,NA,NA,"06_or_se_imputation",1000
4,0.1,50,0.5,3.07692307692308,"median_var","population",1000,1000,0,0.0847810698735088,0.00377025026457386,0.119225781849059,0.0026673035141874,NA,NA,NA,0.146247742134224,NA,NA,NA,"06_or_se_imputation",1000
4,0.1,100,0.5,3.07692307692308,"median_var","population",1000,1000,0,0.0881813734001476,0.00288428432906142,0.0912090789936466,0.00204051752190267,NA,NA,NA,0.126833479844695,NA,NA,NA,"06_or_se_imputation",1000
4,0.1,300,0.5,3.07692307692308,"median_var","population",1000,1000,0,0.08180720357351,0.00155542288700603,0.0491867904769377,0.00110040040883801,NA,NA,NA,0.0954428602546176,NA,NA,NA,"06_or_se_imputation",1000
4,0.1,1000,0.5,3.07692307692308,"median_var","population",1000,1000,0,0.0786042641935898,0.000808625078714496,0.0255709702187075,0.000572070383332767,NA,NA,NA,0.082655011903839,NA,NA,NA,"06_or_se_imputation",1000
4,0.02,300,0.25,3.77358490566038,"median_var","population",1000,1000,0,0.139254725002287,0.0047526479145862,0.150291923269418,0.00336231114506771,NA,NA,NA,0.204833964403571,NA,NA,NA,"06_or_se_imputation",1000
4,0.02,1000,0.25,3.77358490566038,"median_var","population",1000,1000,0,0.146444109061096,0.00253121565667559,0.0800440672417364,0.00179073534710833,NA,NA,NA,0.166872774072337,NA,NA,NA,"06_or_se_imputation",1000
4,0.02,300,0.5,3.77358490566038,"median_var","population",1000,1000,0,-0.0371859347156893,0.00402754833417469,0.12736226122409,0.00284933176087661,NA,NA,NA,0.132618694682193,NA,NA,NA,"06_or_se_imputation",1000
4,0.02,1000,0.5,3.77358490566038,"median_var","population",1000,1000,0,-0.0377118869905496,0.00215375684898943,0.0681077716899392,0.00152369811256123,NA,NA,NA,0.0778216956663905,NA,NA,NA,"06_or_se_imputation",1000
0.25,0.02,1000,0.25,0.253807106598985,"metafor_conv2x2_balanced","population",1000,1000,0,-0.290725971266804,0.00881811213125338,0.278853189975224,0.0062384668989206,NA,NA,NA,0.40274425238211,NA,NA,NA,"06_or_se_imputation",1000
0.25,0.02,1000,0.5,0.253807106598985,"metafor_conv2x2_balanced","population",1000,938,0.0620000000000001,0.0605755085619252,0.00725347432227024,0.222150603374639,0.00513171706675361,NA,NA,NA,0.230147061522645,NA,NA,NA,"06_or_se_imputation",1000
0.25,0.1,100,0.25,0.27027027027027,"metafor_conv2x2_balanced","population",1000,997,0.003,-0.338857459255228,0.0065196798132649,0.205860890391767,0.00461242353866661,NA,NA,NA,0.396434834065994,NA,NA,NA,"06_or_se_imputation",1000
0.25,0.1,300,0.25,0.27027027027027,"metafor_conv2x2_balanced","population",1000,1000,0,-0.282939050046859,0.00796855709757286,0.251987900934308,0.00563744018509109,NA,NA,NA,0.378799300892281,NA,NA,NA,"06_or_se_imputation",1000
0.25,0.1,1000,0.25,0.27027027027027,"metafor_conv2x2_balanced","population",1000,1000,0,-0.348683348976827,0.00482964722673337,0.152726855315931,0.00341678512463611,NA,NA,NA,0.380634003599329,NA,NA,NA,"06_or_se_imputation",1000
0.25,0.1,100,0.5,0.27027027027027,"metafor_conv2x2_balanced","population",1000,840,0.16,0.0060074905169518,0.00623523723914276,0.180714343868576,0.00441160527162349,NA,NA,NA,0.180706629205275,NA,NA,NA,"06_or_se_imputation",1000
0.25,0.1,300,0.5,0.27027027027027,"metafor_conv2x2_balanced","population",1000,992,0.00800000000000001,0.0682768478299764,0.00700672356837214,0.220683986193546,0.0049570008674129,NA,NA,NA,0.230898366249541,NA,NA,NA,"06_or_se_imputation",1000
0.25,0.1,1000,0.5,0.27027027027027,"metafor_conv2x2_balanced","population",1000,1000,0,0.0233132496587398,0.00347716386968724,0.109957576258566,0.00245995643741982,NA,NA,NA,0.112348055246775,NA,NA,NA,"06_or_se_imputation",1000
0.25,0.3,50,0.25,0.32258064516129,"metafor_conv2x2_balanced","population",1000,1000,0,-0.308355978840466,0.00462482883296011,0.146249929005723,0.00327188418089375,NA,NA,NA,0.341249267221348,NA,NA,NA,"06_or_se_imputation",1000
0.25,0.3,100,0.25,0.32258064516129,"metafor_conv2x2_balanced","population",1000,1000,0,-0.272874379355154,0.00513255124892451,0.162305521541433,0.00363107778590677,NA,NA,NA,0.317454195355762,NA,NA,NA,"06_or_se_imputation",1000
0.25,0.3,300,0.25,0.32258064516129,"metafor_conv2x2_balanced","population",1000,1000,0,-0.31438702087819,0.00313242768748572,0.09905606098229,0.00221606917113045,NA,NA,NA,0.329608085475422,NA,NA,NA,"06_or_se_imputation",1000
0.25,0.3,1000,0.25,0.32258064516129,"metafor_conv2x2_balanced","population",1000,1000,0,-0.331517009265015,0.00139815812646924,0.0442136420871655,0.000989141786995558,NA,NA,NA,0.334449426270229,NA,NA,NA,"06_or_se_imputation",1000
0.25,0.3,50,0.5,0.32258064516129,"metafor_conv2x2_balanced","population",1000,934,0.0659999999999999,0.0576114537307848,0.00582651598898655,0.178066564869156,0.00412217628997708,NA,NA,NA,0.187063713308343,NA,NA,NA,"06_or_se_imputation",1000
0.25,0.3,100,0.5,0.32258064516129,"metafor_conv2x2_balanced","population",1000,998,0.002,0.0491906948742474,0.00541706716907002,0.171131316481782,0.00383236543336338,NA,NA,NA,0.1779783900542,NA,NA,NA,"06_or_se_imputation",1000
0.25,0.3,300,0.5,0.32258064516129,"metafor_conv2x2_balanced","population",1000,1000,0,0.0209409591014041,0.00266917393938832,0.0844066911963131,0.00188833539656619,NA,NA,NA,0.0869246156004024,NA,NA,NA,"06_or_se_imputation",1000
0.25,0.3,1000,0.5,0.32258064516129,"metafor_conv2x2_balanced","population",1000,1000,0,0.00479194982148132,0.0014845055502626,0.0469441873799139,0.0010502291872377,NA,NA,NA,0.0471647723955423,NA,NA,NA,"06_or_se_imputation",1000
0.25,0.5,50,0.25,0.4,"metafor_conv2x2_balanced","population",1000,1000,0,-0.213354813440833,0.00334924714295145,0.105912494185381,0.00236946039317796,NA,NA,NA,0.238173288566364,NA,NA,NA,"06_or_se_imputation",1000
0.25,0.5,100,0.25,0.4,"metafor_conv2x2_balanced","population",1000,1000,0,-0.215331042383691,0.00257536648797489,0.0814402391166928,0.00182197032070821,NA,NA,NA,0.230202818942088,NA,NA,NA,"06_or_se_imputation",1000
0.25,0.5,300,0.25,0.4,"metafor_conv2x2_balanced","population",1000,1000,0,-0.237959158056311,0.00107106633939915,0.0338700915764026,0.00075773723507187,NA,NA,NA,0.24035514727827,NA,NA,NA,"06_or_se_imputation",1000
0.25,0.5,1000,0.25,0.4,"metafor_conv2x2_balanced","population",1000,1000,0,-0.242556229487722,0.000557252081874342,0.0176218580959355,0.000394233892173647,NA,NA,NA,0.243194867988966,NA,NA,NA,"06_or_se_imputation",1000
0.25,0.5,50,0.5,0.4,"metafor_conv2x2_balanced","population",1000,997,0.003,0.0445648689390829,0.00391848476243192,0.123727358595061,0.00277217775593439,NA,NA,NA,0.131450113296395,NA,NA,NA,"06_or_se_imputation",1000
0.25,0.5,100,0.5,0.4,"metafor_conv2x2_balanced","population",1000,1000,0,0.0227962417119792,0.00247030052127185,0.0781177615232028,0.00174764028886876,NA,NA,NA,0.0813384959101259,NA,NA,NA,"06_or_se_imputation",1000
0.25,0.5,300,0.5,0.4,"metafor_conv2x2_balanced","population",1000,1000,0,0.00564882795134691,0.00129934302399254,0.0410888341766725,0.000919233995311956,NA,NA,NA,0.0414549545763592,NA,NA,NA,"06_or_se_imputation",1000
0.25,0.5,1000,0.5,0.4,"metafor_conv2x2_balanced","population",1000,1000,0,0.00150171628535929,0.000682577590700364,0.0215849986640332,0.000482896751838416,NA,NA,NA,0.0216264053175904,NA,NA,NA,"06_or_se_imputation",1000
0.5,0.02,300,0.25,0.505050505050505,"metafor_conv2x2_balanced","population",1000,963,0.037,-0.222537072175486,0.0057040914992847,0.17701074379376,0.00403549759781427,NA,NA,NA,0.284293888873865,NA,NA,NA,"06_or_se_imputation",1000
0.5,0.02,1000,0.25,0.505050505050505,"metafor_conv2x2_balanced","population",1000,1000,0,-0.192782400660588,0.00741545358027971,0.234497231969342,0.00524614123890504,NA,NA,NA,0.303478198317345,NA,NA,NA,"06_or_se_imputation",1000
0.5,0.02,1000,0.5,0.505050505050505,"metafor_conv2x2_balanced","population",1000,997,0.003,0.0641995772888347,0.0059175626275919,0.186848855519957,0.00418644871171525,NA,NA,NA,0.197481804188972,NA,NA,NA,"06_or_se_imputation",1000
0.5,0.1,100,0.25,0.526315789473684,"metafor_conv2x2_balanced","population",1000,997,0.003,-0.161930885491176,0.00672154014677352,0.212234692354606,0.0047552319863919,NA,NA,NA,0.266870750013683,NA,NA,NA,"06_or_se_imputation",1000
0.5,0.1,300,0.25,0.526315789473684,"metafor_conv2x2_balanced","population",1000,1000,0,-0.218428894172866,0.00515935710166326,0.163153197034208,0.00365004187056785,NA,NA,NA,0.272586735822493,NA,NA,NA,"06_or_se_imputation",1000
0.5,0.1,1000,0.25,0.526315789473684,"metafor_conv2x2_balanced","population",1000,1000,0,-0.263006477929201,0.00227344806945256,0.0718927404158277,0.00160837493520043,NA,NA,NA,0.272645933384483,NA,NA,NA,"06_or_se_imputation",1000
0.5,0.1,100,0.5,0.526315789473684,"metafor_conv2x2_balanced","population",1000,944,0.056,0.0814148021473499,0.00662755511752825,0.203628867239068,0.00468887333777098,NA,NA,NA,0.219201188625706,NA,NA,NA,"06_or_se_imputation",1000
0.5,0.1,300,0.5,0.526315789473684,"metafor_conv2x2_balanced","population",1000,1000,0,0.0369333846465158,0.00420999973423066,0.133131881088724,0.00297840893782436,NA,NA,NA,0.138095794888575,NA,NA,NA,"06_or_se_imputation",1000
0.5,0.1,1000,0.5,0.526315789473684,"metafor_conv2x2_balanced","population",1000,1000,0,0.0103450897274831,0.00200858257311415,0.0635169579956239,0.00142099303225126,NA,NA,NA,0.0643225499380623,NA,NA,NA,"06_or_se_imputation",1000
0.5,0.3,50,0.25,0.588235294117647,"metafor_conv2x2_balanced","population",1000,1000,0,-0.187253931615725,0.00401888381929907,0.127088265205816,0.00284320195798431,NA,NA,NA,0.226272646670819,NA,NA,NA,"06_or_se_imputation",1000
0.5,0.3,100,0.25,0.588235294117647,"metafor_conv2x2_balanced","population",1000,1000,0,-0.189429205657408,0.00329763135118248,0.104280259533152,0.0023329442541655,NA,NA,NA,0.216210365412414,NA,NA,NA,"06_or_se_imputation",1000
0.5,0.3,300,0.25,0.588235294117647,"metafor_conv2x2_balanced","population",1000,1000,0,-0.220953191213001,0.00139593890064048,0.0441434640045541,0.000987571772159293,NA,NA,NA,0.225315355615448,NA,NA,NA,"06_or_se_imputation",1000
0.5,0.3,1000,0.25,0.588235294117647,"metafor_conv2x2_balanced","population",1000,1000,0,-0.227401888011455,0.000774422610509147,0.0244893932074235,0.000547873484655983,NA,NA,NA,0.228715433061397,NA,NA,NA,"06_or_se_imputation",1000
0.5,0.3,50,0.5,0.588235294117647,"metafor_conv2x2_balanced","population",1000,994,0.00600000000000001,0.0564930012012032,0.00446170300182847,0.140667526154639,0.00315648861870802,NA,NA,NA,0.151521963112641,NA,NA,NA,"06_or_se_imputation",1000
0.5,0.3,100,0.5,0.588235294117647,"metafor_conv2x2_balanced","population",1000,1000,0,0.0289042961305876,0.00302343606594077,0.0956094432827188,0.00213896189316129,NA,NA,NA,0.0998372816837042,NA,NA,NA,"06_or_se_imputation",1000
0.5,0.3,300,0.5,0.588235294117647,"metafor_conv2x2_balanced","population",1000,1000,0,0.00832436455206555,0.00136623191134082,0.0432040465184221,0.000966555247686245,NA,NA,NA,0.0439774725413603,NA,NA,NA,"06_or_se_imputation",1000
0.5,0.3,1000,0.5,0.588235294117647,"metafor_conv2x2_balanced","population",1000,1000,0,0.00209394905383749,0.000756172672622196,0.0239122794986299,0.000534962372649187,NA,NA,NA,0.0239918722977145,NA,NA,NA,"06_or_se_imputation",1000
0.5,0.5,50,0.25,0.666666666666667,"metafor_conv2x2_balanced","population",1000,1000,0,-0.151574728896264,0.00187660491671279,0.0593434580508298,0.0013276240402718,NA,NA,NA,0.162766774273478,NA,NA,NA,"06_or_se_imputation",1000
0.5,0.5,100,0.25,0.666666666666667,"metafor_conv2x2_balanced","population",1000,1000,0,-0.154163299605307,0.00100329333586522,0.0317269210260239,0.000709790505330436,NA,NA,NA,0.157390958652234,NA,NA,NA,"06_or_se_imputation",1000
0.5,0.5,300,0.25,0.666666666666667,"metafor_conv2x2_balanced","population",1000,1000,0,-0.165710273204189,0.000441880908450919,0.0139735012524925,0.000312613332605037,NA,NA,NA,0.166297799516178,NA,NA,NA,"06_or_se_imputation",1000
0.5,0.5,1000,0.25,0.666666666666667,"metafor_conv2x2_balanced","population",1000,1000,0,-0.169050940768339,0.000226959851189521,0.00717710067171761,0.000160565152490131,NA,NA,NA,0.169203072779245,NA,NA,NA,"06_or_se_imputation",1000
0.5,0.5,50,0.5,0.666666666666667,"metafor_conv2x2_balanced","population",1000,1000,0,0.0255851652142652,0.00171510381727272,0.0542363448623104,0.00121336837556719,NA,NA,NA,0.059943641881026,NA,NA,NA,"06_or_se_imputation",1000
0.5,0.5,100,0.5,0.666666666666667,"metafor_conv2x2_balanced","population",1000,1000,0,0.0130851539368658,0.001010134823837,0.0319432678717785,0.000714630588515592,NA,NA,NA,0.0345046843706379,NA,NA,NA,"06_or_se_imputation",1000
0.5,0.5,300,0.5,0.666666666666667,"metafor_conv2x2_balanced","population",1000,1000,0,0.00351217257099531,0.000517619008921608,0.016368550283913,0.000366195054604114,NA,NA,NA,0.0167331068581732,NA,NA,NA,"06_or_se_imputation",1000
0.5,0.5,1000,0.5,0.666666666666667,"metafor_conv2x2_balanced","population",1000,1000,0,0.00153836521731548,0.000262639227307265,0.00830538161197648,0.000185806905324708,NA,NA,NA,0.0084425678498122,NA,NA,NA,"06_or_se_imputation",1000
1,0.1,50,0.25,1,"metafor_conv2x2_balanced","population",1000,927,0.073,-0.0851529191751204,0.0055303558335602,0.168380945013533,0.00391266307174361,NA,NA,NA,0.188606939034727,NA,NA,NA,"06_or_se_imputation",1000
1,0.3,50,0.25,1,"metafor_conv2x2_balanced","population",1000,1000,0,-0.112934909946838,0.00304377940216819,0.0962527560595713,0.00215335400201399,NA,NA,NA,0.148356403099814,NA,NA,NA,"06_or_se_imputation",1000
1,0.5,50,0.25,1,"metafor_conv2x2_balanced","population",1000,1000,0,-0.1294568999753,0.00106760966270309,0.0337607818614587,0.000755291772502593,NA,NA,NA,0.133782433647769,NA,NA,NA,"06_or_se_imputation",1000
1,0.1,100,0.25,1,"metafor_conv2x2_balanced","population",1000,998,0.002,-0.0508076317589513,0.00600114500632053,0.189583000039856,0.00424557790498513,NA,NA,NA,0.196181333484301,NA,NA,NA,"06_or_se_imputation",1000
1,0.3,100,0.25,1,"metafor_conv2x2_balanced","population",1000,1000,0,-0.126262354932996,0.00167629280977757,0.0530090330426049,0.00118591111691949,NA,NA,NA,0.136928192494291,NA,NA,NA,"06_or_se_imputation",1000
1,0.5,100,0.25,1,"metafor_conv2x2_balanced","population",1000,1000,0,-0.131252384023738,0.000409261973701131,0.012941999965915,0.000289536721456786,NA,NA,NA,0.131888271577382,NA,NA,NA,"06_or_se_imputation",1000
1,0.02,300,0.25,1,"metafor_conv2x2_balanced","population",1000,944,0.056,-0.0372772329225106,0.00648560395829769,0.199267477066552,0.0045884455036785,NA,NA,NA,0.202620473921379,NA,NA,NA,"06_or_se_imputation",1000
1,0.1,300,0.25,1,"metafor_conv2x2_balanced","population",1000,1000,0,-0.114772243795236,0.00292561524749056,0.0925160773938739,0.00206975751825159,NA,NA,NA,0.147388375720632,NA,NA,NA,"06_or_se_imputation",1000
1,0.3,300,0.25,1,"metafor_conv2x2_balanced","population",1000,1000,0,-0.136735736808623,0.000872983628791076,0.0276061662701875,0.000617601521782716,NA,NA,NA,0.139491935380932,NA,NA,NA,"06_or_se_imputation",1000
1,0.5,300,0.25,1,"metafor_conv2x2_balanced","population",1000,1000,0,-0.139870131934733,0.000135558365460778,0.00428673190745558,9.59022025589327e-05,NA,NA,NA,0.13993574061624,NA,NA,NA,"06_or_se_imputation",1000
1,0.02,1000,0.25,1,"metafor_conv2x2_balanced","population",1000,1000,0,-0.0951227816635572,0.00464383209323591,0.146850864860129,0.00328532823880973,NA,NA,NA,0.1749055600176,NA,NA,NA,"06_or_se_imputation",1000
1,0.1,1000,0.25,1,"metafor_conv2x2_balanced","population",1000,1000,0,-0.135963412607317,0.00140124650197478,0.0443113050958393,0.00099132669098362,NA,NA,NA,0.14299502730992,NA,NA,NA,"06_or_se_imputation",1000
1,0.3,1000,0.25,1,"metafor_conv2x2_balanced","population",1000,1000,0,-0.142195601577967,0.00044056514065674,0.0139318930214775,0.000311682478731954,NA,NA,NA,0.142875794498713,NA,NA,NA,"06_or_se_imputation",1000
1,0.5,1000,0.25,1,"metafor_conv2x2_balanced","population",1000,1000,0,-0.142620720291327,3.95461158538481e-05,0.00125055798711055,2.79773188481835e-05,NA,NA,NA,0.142626197410577,NA,NA,NA,"06_or_se_imputation",1000
1,0.1,50,0.5,1,"metafor_conv2x2_balanced","population",1000,915,0.085,0.0798236858900663,0.00622547359354045,0.188314144820405,0.00440448207285598,NA,NA,NA,0.204438943078496,NA,NA,NA,"06_or_se_imputation",1000
1,0.3,50,0.5,1,"metafor_conv2x2_balanced","population",1000,999,0.001,0.0374828417648448,0.00278040360565159,0.0878801090469855,0.00196702698847825,NA,NA,NA,0.0954994573213279,NA,NA,NA,"06_or_se_imputation",1000
1,0.5,50,0.5,1,"metafor_conv2x2_balanced","population",1000,1000,0,0.0220824895886314,0.000817419696356988,0.0258490804477132,0.000578292228806572,NA,NA,NA,0.0339873966561779,NA,NA,NA,"06_or_se_imputation",1000
1,0.1,100,0.5,1,"metafor_conv2x2_balanced","population",1000,999,0.001,0.0787484431764605,0.00564396384445862,0.178388546576507,0.00399288404801355,NA,NA,NA,0.19491520342066,NA,NA,NA,"06_or_se_imputation",1000
1,0.3,100,0.5,1,"metafor_conv2x2_balanced","population",1000,1000,0,0.016967671931859,0.00160030393117474,0.0506060537103351,0.00113215197927258,NA,NA,NA,0.0533508536974657,NA,NA,NA,"06_or_se_imputation",1000
1,0.5,100,0.5,1,"metafor_conv2x2_balanced","population",1000,1000,0,0.0109570131808738,0.000346503417687768,0.0109574001692602,0.000245137515766739,NA,NA,NA,0.0154919557092279,NA,NA,NA,"06_or_se_imputation",1000
1,0.02,300,0.5,1,"metafor_conv2x2_balanced","population",1000,950,0.05,0.092415532627012,0.00689598938323499,0.212548667591696,0.00487876930528017,NA,NA,NA,0.231667891811027,NA,NA,NA,"06_or_se_imputation",1000
1,0.1,300,0.5,1,"metafor_conv2x2_balanced","population",1000,1000,0,0.0209168249277777,0.00267843108640917,0.0846994278885224,0.00189488446335151,NA,NA,NA,0.0872028248201723,NA,NA,NA,"06_or_se_imputation",1000
1,0.3,300,0.5,1,"metafor_conv2x2_balanced","population",1000,1000,0,0.00491580789904643,0.000813802481634833,0.0257346940746342,0.000575733191909041,NA,NA,NA,0.0261873513730623,NA,NA,NA,"06_or_se_imputation",1000
1,0.5,300,0.5,1,"metafor_conv2x2_balanced","population",1000,1000,0,0.00342848908864097,0.000115342030939802,0.00364743527719385,8.15999424096631e-05,NA,NA,NA,0.00500449975003966,NA,NA,NA,"06_or_se_imputation",1000
1,0.02,1000,0.5,1,"metafor_conv2x2_balanced","population",1000,1000,0,0.0467943766444215,0.0040929290635693,0.129429781423791,0.00289558605092016,NA,NA,NA,0.137568273728468,NA,NA,NA,"06_or_se_imputation",1000
1,0.1,1000,0.5,1,"metafor_conv2x2_balanced","population",1000,1000,0,0.00738066116159865,0.00133752038284978,0.0422961082670572,0.000946242972514114,NA,NA,NA,0.042914402861352,NA,NA,NA,"06_or_se_imputation",1000
1,0.3,1000,0.5,1,"metafor_conv2x2_balanced","population",1000,1000,0,0.00216182395077523,0.000453381897412322,0.0143371944571174,0.000320749829155843,NA,NA,NA,0.0144921728029458,NA,NA,NA,"06_or_se_imputation",1000
1,0.5,1000,0.5,1,"metafor_conv2x2_balanced","population",1000,1000,0,0.00105127695698125,3.16184494823322e-05,0.000999863164471416,2.23688072406815e-05,NA,NA,NA,0.00145048607769909,NA,NA,NA,"06_or_se_imputation",1000
2,0.5,50,0.25,1.33333333333333,"metafor_conv2x2_balanced","population",1000,1000,0,-0.149380720260259,0.00190475266517044,0.0602335680121468,0.00134753746328327,NA,NA,NA,0.161056059240974,NA,NA,NA,"06_or_se_imputation",1000
2,0.5,100,0.25,1.33333333333333,"metafor_conv2x2_balanced","population",1000,1000,0,-0.153921706671791,0.00106610348595468,0.0337131523706211,0.000754226211796513,NA,NA,NA,0.157566912297217,NA,NA,NA,"06_or_se_imputation",1000
2,0.5,300,0.25,1.33333333333333,"metafor_conv2x2_balanced","population",1000,1000,0,-0.165378213821378,0.000455666020997953,0.0144094247869964,0.000322365756598123,NA,NA,NA,0.166004149038266,NA,NA,NA,"06_or_se_imputation",1000
2,0.5,1000,0.25,1.33333333333333,"metafor_conv2x2_balanced","population",1000,1000,0,-0.168432512104348,0.000235829522486505,0.00745758430567251,0.000166840095467373,NA,NA,NA,0.168597363804699,NA,NA,NA,"06_or_se_imputation",1000
2,0.5,50,0.5,1.33333333333333,"metafor_conv2x2_balanced","population",1000,1000,0,0.0292570299247686,0.00174393865745406,0.05514818257171,0.00123376788890172,NA,NA,NA,0.0624039623657064,NA,NA,NA,"06_or_se_imputation",1000
2,0.5,100,0.5,1.33333333333333,"metafor_conv2x2_balanced","population",1000,1000,0,0.0131530424690426,0.000987641573298779,0.0312319688349628,0.000698717499994699,NA,NA,NA,0.0338742227604297,NA,NA,NA,"06_or_se_imputation",1000
2,0.5,300,0.5,1.33333333333333,"metafor_conv2x2_balanced","population",1000,1000,0,0.00426598935754302,0.000515349562832154,0.0162967840972166,0.000364589510912084,NA,NA,NA,0.0168380002357183,NA,NA,NA,"06_or_se_imputation",1000
2,0.5,1000,0.5,1.33333333333333,"metafor_conv2x2_balanced","population",1000,1000,0,0.00127434213476943,0.000267680250233381,0.00846479275381303,0.000189373230428447,NA,NA,NA,0.00855599272586702,NA,NA,NA,"06_or_se_imputation",1000
2,0.3,50,0.25,1.53846153846154,"metafor_conv2x2_balanced","population",1000,1000,0,-0.0680896411596718,0.00274653367758256,0.0868530209151942,0.0019430643633621,NA,NA,NA,0.110327254239857,NA,NA,NA,"06_or_se_imputation",1000
2,0.3,100,0.25,1.53846153846154,"metafor_conv2x2_balanced","population",1000,1000,0,-0.0779299743336316,0.00160403474663061,0.0507240324540381,0.00113479138421335,NA,NA,NA,0.0929700782003026,NA,NA,NA,"06_or_se_imputation",1000
2,0.3,300,0.25,1.53846153846154,"metafor_conv2x2_balanced","population",1000,1000,0,-0.0911606629021569,0.00083828886045346,0.0265090213617999,0.000593056340158996,NA,NA,NA,0.0949330919443136,NA,NA,NA,"06_or_se_imputation",1000
2,0.3,1000,0.25,1.53846153846154,"metafor_conv2x2_balanced","population",1000,1000,0,-0.0943333283251231,0.000437870755348244,0.0138466890767881,0.000309776307285073,NA,NA,NA,0.095343148156993,NA,NA,NA,"06_or_se_imputation",1000
2,0.3,50,0.5,1.53846153846154,"metafor_conv2x2_balanced","population",1000,1000,0,0.0256667061833572,0.00210657833831502,0.0666158561864823,0.00149032117509414,NA,NA,NA,0.0713583522053685,NA,NA,NA,"06_or_se_imputation",1000
2,0.3,100,0.5,1.53846153846154,"metafor_conv2x2_balanced","population",1000,1000,0,0.0142153576493906,0.0012825611135634,0.0405581435722223,0.000907361454891225,NA,NA,NA,0.0429580544265573,NA,NA,NA,"06_or_se_imputation",1000
2,0.3,300,0.5,1.53846153846154,"metafor_conv2x2_balanced","population",1000,1000,0,0.00460309106036046,0.000636556177302502,0.0201296737892588,0.000450338415104804,NA,NA,NA,0.0206394527641864,NA,NA,NA,"06_or_se_imputation",1000
2,0.3,1000,0.5,1.53846153846154,"metafor_conv2x2_balanced","population",1000,1000,0,0.000995105822707095,0.000348850408796758,0.011031618544786,0.000246797919504814,NA,NA,NA,0.0110709144477018,NA,NA,NA,"06_or_se_imputation",1000
4,0.5,50,0.25,1.6,"metafor_conv2x2_balanced","population",1000,1000,0,-0.212821944222024,0.00319400511968473,0.101003310364425,0.00225963277825817,NA,NA,NA,0.235551792560172,NA,NA,NA,"06_or_se_imputation",1000
4,0.5,100,0.25,1.6,"metafor_conv2x2_balanced","population",1000,1000,0,-0.210691847290444,0.00282384434782506,0.0892977989691995,0.00199775861651543,NA,NA,NA,0.228816907851021,NA,NA,NA,"06_or_se_imputation",1000
4,0.5,300,0.25,1.6,"metafor_conv2x2_balanced","population",1000,1000,0,-0.235575171477074,0.00109237235807245,0.0345438470451795,0.00077281040382531,NA,NA,NA,0.238091884590309,NA,NA,NA,"06_or_se_imputation",1000
4,0.5,1000,0.25,1.6,"metafor_conv2x2_balanced","population",1000,1000,0,-0.242278634915654,0.000564781350355249,0.0178599544710814,0.000399560552970435,NA,NA,NA,0.24293537398314,NA,NA,NA,"06_or_se_imputation",1000
4,0.5,50,0.5,1.6,"metafor_conv2x2_balanced","population",1000,998,0.002,0.0375697930983975,0.00365165630629161,0.115359978292824,0.0025834055524842,NA,NA,NA,0.121268624760891,NA,NA,NA,"06_or_se_imputation",1000
4,0.5,100,0.5,1.6,"metafor_conv2x2_balanced","population",1000,1000,0,0.0224993866089301,0.00252575148517866,0.0798712749671758,0.00178686966106281,NA,NA,NA,0.0829413259002738,NA,NA,NA,"06_or_se_imputation",1000
4,0.5,300,0.5,1.6,"metafor_conv2x2_balanced","population",1000,1000,0,0.00686895519847151,0.00117072028381339,0.0370214259980906,0.000828238474375881,NA,NA,NA,0.037635062673892,NA,NA,NA,"06_or_se_imputation",1000
4,0.5,1000,0.5,1.6,"metafor_conv2x2_balanced","population",1000,1000,0,0.00298553555749547,0.00062854716310051,0.0198764065223495,0.000444672353112347,NA,NA,NA,0.0200895467164027,NA,NA,NA,"06_or_se_imputation",1000
2,0.1,50,0.25,1.81818181818182,"metafor_conv2x2_balanced","population",1000,904,0.096,0.0437318819166816,0.00554038150889019,0.166580394544806,0.00391980997168503,NA,NA,NA,0.17213602038915,NA,NA,NA,"06_or_se_imputation",1000
2,0.1,100,0.25,1.81818181818182,"metafor_conv2x2_balanced","population",1000,996,0.004,0.0573079557174592,0.00537502380236237,0.169632889949026,0.00380262520748127,NA,NA,NA,0.178971026314587,NA,NA,NA,"06_or_se_imputation",1000
2,0.1,300,0.25,1.81818181818182,"metafor_conv2x2_balanced","population",1000,1000,0,0.00835751636782039,0.00267621422104431,0.0846293244503335,0.00189331611845045,NA,NA,NA,0.0849988736054854,NA,NA,NA,"06_or_se_imputation",1000
2,0.1,1000,0.25,1.81818181818182,"metafor_conv2x2_balanced","population",1000,1000,0,-0.00125413374373351,0.0014578172131629,0.0461002280579396,0.00103134824026112,NA,NA,NA,0.046094236596501,NA,NA,NA,"06_or_se_imputation",1000
2,0.1,50,0.5,1.81818181818182,"metafor_conv2x2_balanced","population",1000,958,0.042,0.0724679648145345,0.00592245145084127,0.18330920074479,0.00418999299705973,NA,NA,NA,0.197024855210877,NA,NA,NA,"06_or_se_imputation",1000
2,0.1,100,0.5,1.81818181818182,"metafor_conv2x2_balanced","population",1000,998,0.002,0.0593290754486787,0.00503274514983023,0.158990146536361,0.00356047247434218,NA,NA,NA,0.169624518762782,NA,NA,NA,"06_or_se_imputation",1000
2,0.1,300,0.5,1.81818181818182,"metafor_conv2x2_balanced","population",1000,1000,0,0.0164593443448128,0.00255309352748919,0.0807359062629954,0.00180621307872004,NA,NA,NA,0.0823570172469122,NA,NA,NA,"06_or_se_imputation",1000
2,0.1,1000,0.5,1.81818181818182,"metafor_conv2x2_balanced","population",1000,1000,0,0.00593265392023114,0.00130573680062505,0.0412910231467632,0.000923757340364419,NA,NA,NA,0.0416946042846225,NA,NA,NA,"06_or_se_imputation",1000
2,0.02,300,0.25,1.96078431372549,"metafor_conv2x2_balanced","population",1000,956,0.044,0.100393757688152,0.00671482843739967,0.207617456930259,0.00475058598877524,NA,NA,NA,0.230518602468416,NA,NA,NA,"06_or_se_imputation",1000
2,0.02,1000,0.25,1.96078431372549,"metafor_conv2x2_balanced","population",1000,1000,0,0.0574734652598397,0.00410220816065086,0.129723212237866,0.0029021506465086,NA,NA,NA,0.141825536806639,NA,NA,NA,"06_or_se_imputation",1000
2,0.02,300,0.5,1.96078431372549,"metafor_conv2x2_balanced","population",1000,962,0.038,0.0962619161204371,0.00691462943991383,0.214465009920623,0.00489192460781008,NA,NA,NA,0.234976136820613,NA,NA,NA,"06_or_se_imputation",1000
2,0.02,1000,0.5,1.96078431372549,"metafor_conv2x2_balanced","population",1000,1000,0,0.0328951873069694,0.00393383376122498,0.124398746219379,0.0027830323928723,NA,NA,NA,0.128614409615926,NA,NA,NA,"06_or_se_imputation",1000
4,0.3,50,0.25,2.10526315789474,"metafor_conv2x2_balanced","population",1000,999,0.001,-0.0692383847666819,0.00331122476109343,0.104657752742259,0.00234256222972414,NA,NA,NA,0.125444150619869,NA,NA,NA,"06_or_se_imputation",1000
4,0.3,100,0.25,2.10526315789474,"metafor_conv2x2_balanced","population",1000,1000,0,-0.0713986435040429,0.00224159754689965,0.0708855384564902,0.001585841945406,NA,NA,NA,0.100585789736531,NA,NA,NA,"06_or_se_imputation",1000
4,0.3,300,0.25,2.10526315789474,"metafor_conv2x2_balanced","population",1000,1000,0,-0.0904688821709525,0.00112029834241282,0.0354269442093573,0.000792566937461318,NA,NA,NA,0.0971515926215241,NA,NA,NA,"06_or_se_imputation",1000
4,0.3,1000,0.25,2.10526315789474,"metafor_conv2x2_balanced","population",1000,1000,0,-0.0935260021436446,0.000591964442637122,0.018719559325654,0.000418791519745027,NA,NA,NA,0.0953791620660317,NA,NA,NA,"06_or_se_imputation",1000
4,0.3,50,0.5,2.10526315789474,"metafor_conv2x2_balanced","population",1000,1000,0,0.0334421824555038,0.00244862577819026,0.0774323459648347,0.0017323062621242,NA,NA,NA,0.0843098570797238,NA,NA,NA,"06_or_se_imputation",1000
4,0.3,100,0.5,2.10526315789474,"metafor_conv2x2_balanced","population",1000,1000,0,0.0153285666702512,0.00137246303426806,0.0434010919267279,0.000970963521650799,NA,NA,NA,0.0460080001936206,NA,NA,NA,"06_or_se_imputation",1000
4,0.3,300,0.5,2.10526315789474,"metafor_conv2x2_balanced","population",1000,1000,0,0.00482181737276999,0.000704516832638938,0.022278778410667,0.000498417901103021,NA,NA,NA,0.0227837123024426,NA,NA,NA,"06_or_se_imputation",1000
4,0.3,1000,0.5,2.10526315789474,"metafor_conv2x2_balanced","population",1000,1000,0,0.00140508969368572,0.00038372530992755,0.0121344597522508,0.000271470537982466,NA,NA,NA,0.0122095104493512,NA,NA,NA,"06_or_se_imputation",1000
4,0.1,50,0.25,3.07692307692308,"metafor_conv2x2_balanced","population",1000,911,0.089,0.129681807979424,0.0057162465793867,0.172532193185026,0.00404421698674087,NA,NA,NA,0.215759249004743,NA,NA,NA,"06_or_se_imputation",1000
4,0.1,100,0.25,3.07692307692308,"metafor_conv2x2_balanced","population",1000,995,0.005,0.156153092903788,0.0059390412491966,0.187338863839995,0.00420164825284962,NA,NA,NA,0.243812153342117,NA,NA,NA,"06_or_se_imputation",1000
4,0.1,300,0.25,3.07692307692308,"metafor_conv2x2_balanced","population",1000,1000,0,0.120599541409644,0.00306338419869204,0.0968727141603666,0.00216722362312491,NA,NA,NA,0.154658293713152,NA,NA,NA,"06_or_se_imputation",1000
4,0.1,1000,0.25,3.07692307692308,"metafor_conv2x2_balanced","population",1000,1000,0,0.112334747616101,0.00169094366164845,0.0534723336583422,0.00119627601737404,NA,NA,NA,0.124400670007743,NA,NA,NA,"06_or_se_imputation",1000
4,0.1,50,0.5,3.07692307692308,"metafor_conv2x2_balanced","population",1000,977,0.023,0.056085934113625,0.00596402361807024,0.186417481555274,0.00421936144199354,NA,NA,NA,0.194580420024965,NA,NA,NA,"06_or_se_imputation",1000
4,0.1,100,0.5,3.07692307692308,"metafor_conv2x2_balanced","population",1000,998,0.002,0.0507051151514527,0.00538743276208541,0.170195131841246,0.00381140023699023,NA,NA,NA,0.177505963768025,NA,NA,NA,"06_or_se_imputation",1000
4,0.1,300,0.5,3.07692307692308,"metafor_conv2x2_balanced","population",1000,1000,0,0.0197400889068406,0.00278538704212749,0.0880816721824225,0.00197055158795365,NA,NA,NA,0.0902235762067059,NA,NA,NA,"06_or_se_imputation",1000
4,0.1,1000,0.5,3.07692307692308,"metafor_conv2x2_balanced","population",1000,1000,0,0.00638218584121084,0.00138978429215035,0.0439488381951998,0.000983217629144324,NA,NA,NA,0.0443880746872501,NA,NA,NA,"06_or_se_imputation",1000
4,0.02,300,0.25,3.77358490566038,"metafor_conv2x2_balanced","population",1000,932,0.0679999999999999,0.226434929896095,0.00686790190285996,0.209667945432988,0.00485894743910093,NA,NA,NA,0.308522700530435,NA,NA,NA,"06_or_se_imputation",1000
4,0.02,1000,0.25,3.77358490566038,"metafor_conv2x2_balanced","population",1000,1000,0,0.221326222140527,0.0046242125484724,0.146230440379046,0.00327144818390033,NA,NA,NA,0.265230569427346,NA,NA,NA,"06_or_se_imputation",1000
4,0.02,300,0.5,3.77358490566038,"metafor_conv2x2_balanced","population",1000,980,0.02,0.0619094872785942,0.00737363400547869,0.230831256284362,0.00521660882168448,NA,NA,NA,0.238875455027235,NA,NA,NA,"06_or_se_imputation",1000
4,0.02,1000,0.5,3.77358490566038,"metafor_conv2x2_balanced","population",1000,1000,0,0.0276692656125199,0.00437358743850737,0.138304978515849,0.00309414079323859,NA,NA,NA,0.140977753829189,NA,NA,NA,"06_or_se_imputation",1000
0.25,0.02,1000,0.25,0.253807106598985,"metafor_conv2x2_oracle","population",1000,882,0.118,-0.0377825143923519,0.00651027569519941,0.193345323841718,0.00460607198393009,NA,NA,NA,0.196894766196665,NA,NA,NA,"06_or_se_imputation",1000
0.25,0.02,1000,0.5,0.253807106598985,"metafor_conv2x2_oracle","population",1000,938,0.0620000000000001,0.0605755085619252,0.00725347432227024,0.222150603374639,0.00513171706675361,NA,NA,NA,0.230147061522645,NA,NA,NA,"06_or_se_imputation",1000
0.25,0.1,100,0.25,0.27027027027027,"metafor_conv2x2_oracle","population",1000,677,0.323,-0.233834987763446,0.00542999857002438,0.141284347280603,0.00384242769375498,NA,NA,NA,0.273149379286072,NA,NA,NA,"06_or_se_imputation",1000
0.25,0.1,300,0.25,0.27027027027027,"metafor_conv2x2_oracle","population",1000,934,0.0659999999999999,0.0399783308526199,0.00796452959084832,0.243407282795046,0.00563479017345431,NA,NA,NA,0.246539932919245,NA,NA,NA,"06_or_se_imputation",1000
0.25,0.1,1000,0.25,0.27027027027027,"metafor_conv2x2_oracle","population",1000,999,0.001,0.0443293968789678,0.00641203243161782,0.202664860654763,0.00453626258373173,NA,NA,NA,0.207357244898662,NA,NA,NA,"06_or_se_imputation",1000
0.25,0.1,100,0.5,0.27027027027027,"metafor_conv2x2_oracle","population",1000,840,0.16,0.0060074905169518,0.00623523723914276,0.180714343868576,0.00441160527162349,NA,NA,NA,0.180706629205275,NA,NA,NA,"06_or_se_imputation",1000
0.25,0.1,300,0.5,0.27027027027027,"metafor_conv2x2_oracle","population",1000,992,0.00800000000000001,0.0682768478299764,0.00700672356837214,0.220683986193546,0.0049570008674129,NA,NA,NA,0.230898366249541,NA,NA,NA,"06_or_se_imputation",1000
0.25,0.1,1000,0.5,0.27027027027027,"metafor_conv2x2_oracle","population",1000,1000,0,0.0233132496587398,0.00347716386968724,0.109957576258566,0.00245995643741982,NA,NA,NA,0.112348055246775,NA,NA,NA,"06_or_se_imputation",1000
0.25,0.3,50,0.25,0.32258064516129,"metafor_conv2x2_oracle","population",1000,841,0.159,-0.0451615128150767,0.00506994108043117,0.147028291332504,0.00358712300592222,NA,NA,NA,0.153724351972428,NA,NA,NA,"06_or_se_imputation",1000
0.25,0.3,100,0.25,0.32258064516129,"metafor_conv2x2_oracle","population",1000,972,0.028,0.0550498045379729,0.00719388123295772,0.224283020383782,0.00508946091203325,NA,NA,NA,0.23082807949846,NA,NA,NA,"06_or_se_imputation",1000
0.25,0.3,300,0.25,0.32258064516129,"metafor_conv2x2_oracle","population",1000,1000,0,0.0319200298979101,0.00508428739004699,0.160779284314214,0.00359693300734873,NA,NA,NA,0.163838385596934,NA,NA,NA,"06_or_se_imputation",1000
0.25,0.3,1000,0.25,0.32258064516129,"metafor_conv2x2_oracle","population",1000,1000,0,0.00974797443620838,0.00241745578677509,0.0764466642896364,0.00171025472129677,NA,NA,NA,0.0770277313319062,NA,NA,NA,"06_or_se_imputation",1000
0.25,0.3,50,0.5,0.32258064516129,"metafor_conv2x2_oracle","population",1000,934,0.0659999999999999,0.0576114537307848,0.00582651598898655,0.178066564869156,0.00412217628997708,NA,NA,NA,0.187063713308343,NA,NA,NA,"06_or_se_imputation",1000
0.25,0.3,100,0.5,0.32258064516129,"metafor_conv2x2_oracle","population",1000,998,0.002,0.0491906948742474,0.00541706716907002,0.171131316481782,0.00383236543336338,NA,NA,NA,0.1779783900542,NA,NA,NA,"06_or_se_imputation",1000
0.25,0.3,300,0.5,0.32258064516129,"metafor_conv2x2_oracle","population",1000,1000,0,0.0209409591014041,0.00266917393938832,0.0844066911963131,0.00188833539656619,NA,NA,NA,0.0869246156004024,NA,NA,NA,"06_or_se_imputation",1000
0.25,0.3,1000,0.5,0.32258064516129,"metafor_conv2x2_oracle","population",1000,1000,0,0.00479194982148132,0.0014845055502626,0.0469441873799139,0.0010502291872377,NA,NA,NA,0.0471647723955423,NA,NA,NA,"06_or_se_imputation",1000
0.25,0.5,50,0.25,0.4,"metafor_conv2x2_oracle","population",1000,959,0.041,0.0452703766877491,0.00553043793486159,0.171265081839675,0.00391265066259305,NA,NA,NA,0.177060863883722,NA,NA,NA,"06_or_se_imputation",1000
0.25,0.5,100,0.25,0.4,"metafor_conv2x2_oracle","population",1000,997,0.003,0.0471788521402731,0.00502671287926402,0.158720001396948,0.00355620666512844,NA,NA,NA,0.165507145133829,NA,NA,NA,"06_or_se_imputation",1000
0.25,0.5,300,0.25,0.4,"metafor_conv2x2_oracle","population",1000,1000,0,0.0109874326402131,0.00239369092180358,0.075695153273673,0.00169344201566598,NA,NA,NA,0.0764509656506636,NA,NA,NA,"06_or_se_imputation",1000
0.25,0.5,1000,0.25,0.4,"metafor_conv2x2_oracle","population",1000,1000,0,0.00429444050746194,0.00127132858272585,0.0402029397588747,0.000899414881885781,NA,NA,NA,0.0404116605469583,NA,NA,NA,"06_or_se_imputation",1000
0.25,0.5,50,0.5,0.4,"metafor_conv2x2_oracle","population",1000,997,0.003,0.0445648689390829,0.00391848476243192,0.123727358595061,0.00277217775593439,NA,NA,NA,0.131450113296395,NA,NA,NA,"06_or_se_imputation",1000
0.25,0.5,100,0.5,0.4,"metafor_conv2x2_oracle","population",1000,1000,0,0.0227962417119792,0.00247030052127185,0.0781177615232028,0.00174764028886876,NA,NA,NA,0.0813384959101259,NA,NA,NA,"06_or_se_imputation",1000
0.25,0.5,300,0.5,0.4,"metafor_conv2x2_oracle","population",1000,1000,0,0.00564882795134691,0.00129934302399254,0.0410888341766725,0.000919233995311956,NA,NA,NA,0.0414549545763592,NA,NA,NA,"06_or_se_imputation",1000
0.25,0.5,1000,0.5,0.4,"metafor_conv2x2_oracle","population",1000,1000,0,0.00150171628535929,0.000682577590700364,0.0215849986640332,0.000482896751838416,NA,NA,NA,0.0216264053175904,NA,NA,NA,"06_or_se_imputation",1000
0.5,0.02,300,0.25,0.505050505050505,"metafor_conv2x2_oracle","population",1000,730,0.27,-0.163462103908166,0.00566526137936073,0.153066933537024,0.00400869135849852,NA,NA,NA,0.223868824024282,NA,NA,NA,"06_or_se_imputation",1000
0.5,0.02,1000,0.25,0.505050505050505,"metafor_conv2x2_oracle","population",1000,972,0.028,0.0585383598308173,0.00793356371669111,0.247344037963092,0.00561276467065382,NA,NA,NA,0.25405289066319,NA,NA,NA,"06_or_se_imputation",1000
0.5,0.02,1000,0.5,0.505050505050505,"metafor_conv2x2_oracle","population",1000,997,0.003,0.0641995772888347,0.0059175626275919,0.186848855519957,0.00418644871171525,NA,NA,NA,0.197481804188972,NA,NA,NA,"06_or_se_imputation",1000
0.5,0.1,100,0.25,0.526315789473684,"metafor_conv2x2_oracle","population",1000,855,0.145,-0.0293023869945886,0.00606650548206405,0.177386943976003,0.00429217794441535,NA,NA,NA,0.179688495146357,NA,NA,NA,"06_or_se_imputation",1000
0.5,0.1,300,0.25,0.526315789473684,"metafor_conv2x2_oracle","population",1000,993,0.00700000000000001,0.0556050841775069,0.00693903884163826,0.218662315512857,0.00490911390244507,NA,NA,NA,0.225514929332375,NA,NA,NA,"06_or_se_imputation",1000
0.5,0.1,1000,0.25,0.526315789473684,"metafor_conv2x2_oracle","population",1000,1000,0,0.020200288574857,0.00378849518450704,0.119802736876221,0.00268021107618961,NA,NA,NA,0.121434734428735,NA,NA,NA,"06_or_se_imputation",1000
0.5,0.1,100,0.5,0.526315789473684,"metafor_conv2x2_oracle","population",1000,944,0.056,0.0814148021473499,0.00662755511752825,0.203628867239068,0.00468887333777098,NA,NA,NA,0.219201188625706,NA,NA,NA,"06_or_se_imputation",1000
0.5,0.1,300,0.5,0.526315789473684,"metafor_conv2x2_oracle","population",1000,1000,0,0.0369333846465158,0.00420999973423066,0.133131881088724,0.00297840893782436,NA,NA,NA,0.138095794888575,NA,NA,NA,"06_or_se_imputation",1000
0.5,0.1,1000,0.5,0.526315789473684,"metafor_conv2x2_oracle","population",1000,1000,0,0.0103450897274831,0.00200858257311415,0.0635169579956239,0.00142099303225126,NA,NA,NA,0.0643225499380623,NA,NA,NA,"06_or_se_imputation",1000
0.5,0.3,50,0.25,0.588235294117647,"metafor_conv2x2_oracle","population",1000,964,0.036,0.0476919994977817,0.00558401192083382,0.173374353130045,0.00395054226355678,NA,NA,NA,0.179727604864211,NA,NA,NA,"06_or_se_imputation",1000
0.5,0.3,100,0.25,0.588235294117647,"metafor_conv2x2_oracle","population",1000,997,0.003,0.0493493944361134,0.00548225080169672,0.1731037510603,0.00387848228239249,NA,NA,NA,0.179917248446347,NA,NA,NA,"06_or_se_imputation",1000
0.5,0.3,300,0.25,0.588235294117647,"metafor_conv2x2_oracle","population",1000,1000,0,0.0123850677148575,0.00274900066100267,0.0869310337807686,0.00194480965693259,NA,NA,NA,0.0877658107229719,NA,NA,NA,"06_or_se_imputation",1000
0.5,0.3,1000,0.25,0.588235294117647,"metafor_conv2x2_oracle","population",1000,1000,0,0.00542263857802067,0.00152686770890664,0.0482837964590794,0.00108019874540775,NA,NA,NA,0.048563347131856,NA,NA,NA,"06_or_se_imputation",1000
0.5,0.3,50,0.5,0.588235294117647,"metafor_conv2x2_oracle","population",1000,994,0.00600000000000001,0.0564930012012032,0.00446170300182847,0.140667526154639,0.00315648861870802,NA,NA,NA,0.151521963112641,NA,NA,NA,"06_or_se_imputation",1000
0.5,0.3,100,0.5,0.588235294117647,"metafor_conv2x2_oracle","population",1000,1000,0,0.0289042961305876,0.00302343606594077,0.0956094432827188,0.00213896189316129,NA,NA,NA,0.0998372816837042,NA,NA,NA,"06_or_se_imputation",1000
0.5,0.3,300,0.5,0.588235294117647,"metafor_conv2x2_oracle","population",1000,1000,0,0.00832436455206555,0.00136623191134082,0.0432040465184221,0.000966555247686245,NA,NA,NA,0.0439774725413603,NA,NA,NA,"06_or_se_imputation",1000
0.5,0.3,1000,0.5,0.588235294117647,"metafor_conv2x2_oracle","population",1000,1000,0,0.00209394905383749,0.000756172672622196,0.0239122794986299,0.000534962372649187,NA,NA,NA,0.0239918722977145,NA,NA,NA,"06_or_se_imputation",1000
0.5,0.5,50,0.25,0.666666666666667,"metafor_conv2x2_oracle","population",1000,994,0.00600000000000001,0.048892850481628,0.00353055901223781,0.111310636766035,0.00249773894300867,NA,NA,NA,0.121524087482853,NA,NA,NA,"06_or_se_imputation",1000
0.5,0.5,100,0.25,0.666666666666667,"metafor_conv2x2_oracle","population",1000,1000,0,0.0243495246922577,0.00221159277232999,0.0699367041732897,0.00156461474958718,NA,NA,NA,0.0740212861329123,NA,NA,NA,"06_or_se_imputation",1000
0.5,0.5,300,0.25,0.666666666666667,"metafor_conv2x2_oracle","population",1000,1000,0,0.00587733897013752,0.00103439657285195,0.0327104917408445,0.000731794820029872,NA,NA,NA,0.033218208967791,NA,NA,NA,"06_or_se_imputation",1000
0.5,0.5,1000,0.25,0.666666666666667,"metafor_conv2x2_oracle","population",1000,1000,0,0.000927351667017125,0.000535976096266992,0.0169490523560937,0.000379181970631059,NA,NA,NA,0.0169659390105044,NA,NA,NA,"06_or_se_imputation",1000
0.5,0.5,50,0.5,0.666666666666667,"metafor_conv2x2_oracle","population",1000,1000,0,0.0255851652142652,0.00171510381727272,0.0542363448623104,0.00121336837556719,NA,NA,NA,0.059943641881026,NA,NA,NA,"06_or_se_imputation",1000
0.5,0.5,100,0.5,0.666666666666667,"metafor_conv2x2_oracle","population",1000,1000,0,0.0130851539368658,0.001010134823837,0.0319432678717785,0.000714630588515592,NA,NA,NA,0.0345046843706379,NA,NA,NA,"06_or_se_imputation",1000
0.5,0.5,300,0.5,0.666666666666667,"metafor_conv2x2_oracle","population",1000,1000,0,0.00351217257099531,0.000517619008921608,0.016368550283913,0.000366195054604114,NA,NA,NA,0.0167331068581732,NA,NA,NA,"06_or_se_imputation",1000
0.5,0.5,1000,0.5,0.666666666666667,"metafor_conv2x2_oracle","population",1000,1000,0,0.00153836521731548,0.000262639227307265,0.00830538161197648,0.000185806905324708,NA,NA,NA,0.0084425678498122,NA,NA,NA,"06_or_se_imputation",1000
1,0.1,50,0.25,1,"metafor_conv2x2_oracle","population",1000,838,0.162,-0.0199587818658321,0.00532051911332882,0.154019609161883,0.00376442189005108,NA,NA,NA,0.155216252552082,NA,NA,NA,"06_or_se_imputation",1000
1,0.3,50,0.25,1,"metafor_conv2x2_oracle","population",1000,996,0.004,0.0570669398531481,0.00430439982781186,0.135844567230921,0.00304519940565129,NA,NA,NA,0.147281547426965,NA,NA,NA,"06_or_se_imputation",1000
1,0.5,50,0.25,1,"metafor_conv2x2_oracle","population",1000,1000,0,0.0431384237602642,0.00198038881016211,0.0626253929282307,0.00140104705579798,NA,NA,NA,0.0760193495374434,NA,NA,NA,"06_or_se_imputation",1000
1,0.1,100,0.25,1,"metafor_conv2x2_oracle","population",1000,951,0.049,0.061079637888524,0.00644900422952376,0.198876249035291,0.00456253406218558,NA,NA,NA,0.207944451571538,NA,NA,NA,"06_or_se_imputation",1000
1,0.3,100,0.25,1,"metafor_conv2x2_oracle","population",1000,1000,0,0.0239681508404839,0.00263521305341784,0.0833327536860735,0.00186430940780223,NA,NA,NA,0.0866710778967187,NA,NA,NA,"06_or_se_imputation",1000
1,0.5,100,0.25,1,"metafor_conv2x2_oracle","population",1000,1000,0,0.017725999832563,0.00071962444285445,0.0227565229934974,0.0005091059400901,NA,NA,NA,0.0288366528827263,NA,NA,NA,"06_or_se_imputation",1000
1,0.02,300,0.25,1,"metafor_conv2x2_oracle","population",1000,876,0.124,0.0266829450916016,0.00641251551855287,0.189793127434839,0.00453692351530335,NA,NA,NA,0.191552317722816,NA,NA,NA,"06_or_se_imputation",1000
1,0.1,300,0.25,1,"metafor_conv2x2_oracle","population",1000,1000,0,0.033839196784721,0.00451348252990009,0.142728849738633,0.00319311105852721,NA,NA,NA,0.146615975467207,NA,NA,NA,"06_or_se_imputation",1000
1,0.3,300,0.25,1,"metafor_conv2x2_oracle","population",1000,1000,0,0.00754431881868161,0.00136204580199526,0.0430716701177575,0.000963593740257129,NA,NA,NA,0.043706181992987,NA,NA,NA,"06_or_se_imputation",1000
1,0.5,300,0.25,1,"metafor_conv2x2_oracle","population",1000,1000,0,0.00570237888180954,0.000248881514161202,0.00787032452260849,0.000176073865328271,NA,NA,NA,0.00971582168397449,NA,NA,NA,"06_or_se_imputation",1000
1,0.02,1000,0.25,1,"metafor_conv2x2_oracle","population",1000,996,0.004,0.0508327319142041,0.00636664023812607,0.200927776800618,0.00450415617616842,NA,NA,NA,0.207160334079617,NA,NA,NA,"06_or_se_imputation",1000
1,0.1,1000,0.25,1,"metafor_conv2x2_oracle","population",1000,1000,0,0.0111363846135414,0.00216967188642073,0.0686110493632367,0.00153495737449082,NA,NA,NA,0.0694750867641811,NA,NA,NA,"06_or_se_imputation",1000
1,0.3,1000,0.25,1,"metafor_conv2x2_oracle","population",1000,1000,0,0.00232867241115618,0.000686325268896575,0.021703510654407,0.000485548086503577,NA,NA,NA,0.0218172878137891,NA,NA,NA,"06_or_se_imputation",1000
1,0.5,1000,0.25,1,"metafor_conv2x2_oracle","population",1000,1000,0,0.00180108558685441,7.53523195956032e-05,0.00238284956899044,5.33087972297354e-05,NA,NA,NA,0.00298600123702991,NA,NA,NA,"06_or_se_imputation",1000
1,0.1,50,0.5,1,"metafor_conv2x2_oracle","population",1000,915,0.085,0.0798236858900663,0.00622547359354045,0.188314144820405,0.00440448207285598,NA,NA,NA,0.204438943078496,NA,NA,NA,"06_or_se_imputation",1000
1,0.3,50,0.5,1,"metafor_conv2x2_oracle","population",1000,999,0.001,0.0374828417648448,0.00278040360565159,0.0878801090469855,0.00196702698847825,NA,NA,NA,0.0954994573213279,NA,NA,NA,"06_or_se_imputation",1000
1,0.5,50,0.5,1,"metafor_conv2x2_oracle","population",1000,1000,0,0.0220824895886314,0.000817419696356988,0.0258490804477132,0.000578292228806572,NA,NA,NA,0.0339873966561779,NA,NA,NA,"06_or_se_imputation",1000
1,0.1,100,0.5,1,"metafor_conv2x2_oracle","population",1000,999,0.001,0.0787484431764605,0.00564396384445862,0.178388546576507,0.00399288404801355,NA,NA,NA,0.19491520342066,NA,NA,NA,"06_or_se_imputation",1000
1,0.3,100,0.5,1,"metafor_conv2x2_oracle","population",1000,1000,0,0.016967671931859,0.00160030393117474,0.0506060537103351,0.00113215197927258,NA,NA,NA,0.0533508536974657,NA,NA,NA,"06_or_se_imputation",1000
1,0.5,100,0.5,1,"metafor_conv2x2_oracle","population",1000,1000,0,0.0109570131808738,0.000346503417687768,0.0109574001692602,0.000245137515766739,NA,NA,NA,0.0154919557092279,NA,NA,NA,"06_or_se_imputation",1000
1,0.02,300,0.5,1,"metafor_conv2x2_oracle","population",1000,950,0.05,0.092415532627012,0.00689598938323499,0.212548667591696,0.00487876930528017,NA,NA,NA,0.231667891811027,NA,NA,NA,"06_or_se_imputation",1000
1,0.1,300,0.5,1,"metafor_conv2x2_oracle","population",1000,1000,0,0.0209168249277777,0.00267843108640917,0.0846994278885224,0.00189488446335151,NA,NA,NA,0.0872028248201723,NA,NA,NA,"06_or_se_imputation",1000
1,0.3,300,0.5,1,"metafor_conv2x2_oracle","population",1000,1000,0,0.00491580789904643,0.000813802481634833,0.0257346940746342,0.000575733191909041,NA,NA,NA,0.0261873513730623,NA,NA,NA,"06_or_se_imputation",1000
1,0.5,300,0.5,1,"metafor_conv2x2_oracle","population",1000,1000,0,0.00342848908864097,0.000115342030939802,0.00364743527719385,8.15999424096631e-05,NA,NA,NA,0.00500449975003966,NA,NA,NA,"06_or_se_imputation",1000
1,0.02,1000,0.5,1,"metafor_conv2x2_oracle","population",1000,1000,0,0.0467943766444215,0.0040929290635693,0.129429781423791,0.00289558605092016,NA,NA,NA,0.137568273728468,NA,NA,NA,"06_or_se_imputation",1000
1,0.1,1000,0.5,1,"metafor_conv2x2_oracle","population",1000,1000,0,0.00738066116159865,0.00133752038284978,0.0422961082670572,0.000946242972514114,NA,NA,NA,0.042914402861352,NA,NA,NA,"06_or_se_imputation",1000
1,0.3,1000,0.5,1,"metafor_conv2x2_oracle","population",1000,1000,0,0.00216182395077523,0.000453381897412322,0.0143371944571174,0.000320749829155843,NA,NA,NA,0.0144921728029458,NA,NA,NA,"06_or_se_imputation",1000
1,0.5,1000,0.5,1,"metafor_conv2x2_oracle","population",1000,1000,0,0.00105127695698125,3.16184494823322e-05,0.000999863164471416,2.23688072406815e-05,NA,NA,NA,0.00145048607769909,NA,NA,NA,"06_or_se_imputation",1000
2,0.5,50,0.25,1.33333333333333,"metafor_conv2x2_oracle","population",1000,999,0.001,0.0519270168023927,0.0037293786859904,0.117874327646591,0.00263838980451888,NA,NA,NA,0.128751170583993,NA,NA,NA,"06_or_se_imputation",1000
2,0.5,100,0.25,1.33333333333333,"metafor_conv2x2_oracle","population",1000,1000,0,0.0252082170956228,0.00234604882602075,0.0741885779218967,0.00165973710999995,NA,NA,NA,0.0783191889521292,NA,NA,NA,"06_or_se_imputation",1000
2,0.5,300,0.25,1.33333333333333,"metafor_conv2x2_oracle","population",1000,1000,0,0.00698244477005001,0.00105418771619978,0.033336342645625,0.00074579627417669,NA,NA,NA,0.0340434276213827,NA,NA,NA,"06_or_se_imputation",1000
2,0.5,1000,0.25,1.33333333333333,"metafor_conv2x2_oracle","population",1000,1000,0,0.00221652534478644,0.000551131434871941,0.0174283062431208,0.000389903775573164,NA,NA,NA,0.0175600426323395,NA,NA,NA,"06_or_se_imputation",1000
2,0.5,50,0.5,1.33333333333333,"metafor_conv2x2_oracle","population",1000,1000,0,0.0292570299247686,0.00174393865745406,0.05514818257171,0.00123376788890172,NA,NA,NA,0.0624039623657064,NA,NA,NA,"06_or_se_imputation",1000
2,0.5,100,0.5,1.33333333333333,"metafor_conv2x2_oracle","population",1000,1000,0,0.0131530424690426,0.000987641573298779,0.0312319688349628,0.000698717499994699,NA,NA,NA,0.0338742227604297,NA,NA,NA,"06_or_se_imputation",1000
2,0.5,300,0.5,1.33333333333333,"metafor_conv2x2_oracle","population",1000,1000,0,0.00426598935754302,0.000515349562832154,0.0162967840972166,0.000364589510912084,NA,NA,NA,0.0168380002357183,NA,NA,NA,"06_or_se_imputation",1000
2,0.5,1000,0.5,1.33333333333333,"metafor_conv2x2_oracle","population",1000,1000,0,0.00127434213476943,0.000267680250233381,0.00846479275381303,0.000189373230428447,NA,NA,NA,0.00855599272586702,NA,NA,NA,"06_or_se_imputation",1000
2,0.3,50,0.25,1.53846153846154,"metafor_conv2x2_oracle","population",1000,1000,0,0.0436920884038983,0.00202801040125139,0.0641313198646638,0.00143473745520122,NA,NA,NA,0.0775739128218392,NA,NA,NA,"06_or_se_imputation",1000
2,0.3,100,0.25,1.53846153846154,"metafor_conv2x2_oracle","population",1000,1000,0,0.0208283248166388,0.000996180434659493,0.0315019913402054,0.000704758407975954,NA,NA,NA,0.0377518502540921,NA,NA,NA,"06_or_se_imputation",1000
2,0.3,300,0.25,1.53846153846154,"metafor_conv2x2_oracle","population",1000,1000,0,0.00620162469189439,0.000421111012835149,0.0133166994833947,0.000297919449791528,NA,NA,NA,0.01468391294802,NA,NA,NA,"06_or_se_imputation",1000
2,0.3,1000,0.25,1.53846153846154,"metafor_conv2x2_oracle","population",1000,1000,0,0.00147647845405726,0.000189632920964434,0.00599671949598306,0.000134157820038301,NA,NA,NA,0.00617289824102788,NA,NA,NA,"06_or_se_imputation",1000
2,0.3,50,0.5,1.53846153846154,"metafor_conv2x2_oracle","population",1000,1000,0,0.0256667061833572,0.00210657833831502,0.0666158561864823,0.00149032117509414,NA,NA,NA,0.0713583522053685,NA,NA,NA,"06_or_se_imputation",1000
2,0.3,100,0.5,1.53846153846154,"metafor_conv2x2_oracle","population",1000,1000,0,0.0142153576493906,0.0012825611135634,0.0405581435722223,0.000907361454891225,NA,NA,NA,0.0429580544265573,NA,NA,NA,"06_or_se_imputation",1000
2,0.3,300,0.5,1.53846153846154,"metafor_conv2x2_oracle","population",1000,1000,0,0.00460309106036046,0.000636556177302502,0.0201296737892588,0.000450338415104804,NA,NA,NA,0.0206394527641864,NA,NA,NA,"06_or_se_imputation",1000
2,0.3,1000,0.5,1.53846153846154,"metafor_conv2x2_oracle","population",1000,1000,0,0.000995105822707095,0.000348850408796758,0.011031618544786,0.000246797919504814,NA,NA,NA,0.0110709144477018,NA,NA,NA,"06_or_se_imputation",1000
4,0.5,50,0.25,1.6,"metafor_conv2x2_oracle","population",1000,976,0.024,0.0572434281305804,0.00551002765102155,0.172138766702511,0.00389817544446456,NA,NA,NA,0.181323480722402,NA,NA,NA,"06_or_se_imputation",1000
4,0.5,100,0.25,1.6,"metafor_conv2x2_oracle","population",1000,997,0.003,0.0559613246608536,0.00536133827539396,0.169285900945397,0.00379294130516477,NA,NA,NA,0.178215156955263,NA,NA,NA,"06_or_se_imputation",1000
4,0.5,300,0.25,1.6,"metafor_conv2x2_oracle","population",1000,1000,0,0.0165282659000773,0.00243897502713124,0.0771271624200569,0.00172547873598989,NA,NA,NA,0.0788405616256666,NA,NA,NA,"06_or_se_imputation",1000
4,0.5,1000,0.25,1.6,"metafor_conv2x2_oracle","population",1000,1000,0,0.00486111410079837,0.001280119724362,0.0404809400669084,0.000905634268222053,NA,NA,NA,0.0407516653953297,NA,NA,NA,"06_or_se_imputation",1000
4,0.5,50,0.5,1.6,"metafor_conv2x2_oracle","population",1000,998,0.002,0.0375697930983975,0.00365165630629161,0.115359978292824,0.0025834055524842,NA,NA,NA,0.121268624760891,NA,NA,NA,"06_or_se_imputation",1000
4,0.5,100,0.5,1.6,"metafor_conv2x2_oracle","population",1000,1000,0,0.0224993866089301,0.00252575148517866,0.0798712749671758,0.00178686966106281,NA,NA,NA,0.0829413259002738,NA,NA,NA,"06_or_se_imputation",1000
4,0.5,300,0.5,1.6,"metafor_conv2x2_oracle","population",1000,1000,0,0.00686895519847151,0.00117072028381339,0.0370214259980906,0.000828238474375881,NA,NA,NA,0.037635062673892,NA,NA,NA,"06_or_se_imputation",1000
4,0.5,1000,0.5,1.6,"metafor_conv2x2_oracle","population",1000,1000,0,0.00298553555749547,0.00062854716310051,0.0198764065223495,0.000444672353112347,NA,NA,NA,0.0200895467164027,NA,NA,NA,"06_or_se_imputation",1000
2,0.1,50,0.25,1.81818181818182,"metafor_conv2x2_oracle","population",1000,936,0.0639999999999999,0.0773101228374613,0.00541854687255305,0.165775657430791,0.00383353961600666,NA,NA,NA,0.182836164473947,NA,NA,NA,"06_or_se_imputation",1000
2,0.1,100,0.25,1.81818181818182,"metafor_conv2x2_oracle","population",1000,998,0.002,0.0635797129612625,0.00504397543942317,0.159344924164647,0.00356841746972426,NA,NA,NA,0.171486859756193,NA,NA,NA,"06_or_se_imputation",1000
2,0.1,300,0.25,1.81818181818182,"metafor_conv2x2_oracle","population",1000,1000,0,0.0199610056213107,0.00239801823301613,0.0758319948694335,0.00169650341785264,NA,NA,NA,0.0783784581364415,NA,NA,NA,"06_or_se_imputation",1000
2,0.1,1000,0.25,1.81818181818182,"metafor_conv2x2_oracle","population",1000,1000,0,0.00637788325086447,0.00123870589348308,0.0391713197448046,0.000876335614581677,NA,NA,NA,0.0396678118002598,NA,NA,NA,"06_or_se_imputation",1000
2,0.1,50,0.5,1.81818181818182,"metafor_conv2x2_oracle","population",1000,958,0.042,0.0724679648145345,0.00592245145084127,0.18330920074479,0.00418999299705973,NA,NA,NA,0.197024855210877,NA,NA,NA,"06_or_se_imputation",1000
2,0.1,100,0.5,1.81818181818182,"metafor_conv2x2_oracle","population",1000,998,0.002,0.0593290754486787,0.00503274514983023,0.158990146536361,0.00356047247434218,NA,NA,NA,0.169624518762782,NA,NA,NA,"06_or_se_imputation",1000
2,0.1,300,0.5,1.81818181818182,"metafor_conv2x2_oracle","population",1000,1000,0,0.0164593443448128,0.00255309352748919,0.0807359062629954,0.00180621307872004,NA,NA,NA,0.0823570172469122,NA,NA,NA,"06_or_se_imputation",1000
2,0.1,1000,0.5,1.81818181818182,"metafor_conv2x2_oracle","population",1000,1000,0,0.00593265392023114,0.00130573680062505,0.0412910231467632,0.000923757340364419,NA,NA,NA,0.0416946042846225,NA,NA,NA,"06_or_se_imputation",1000
2,0.02,300,0.25,1.96078431372549,"metafor_conv2x2_oracle","population",1000,969,0.031,0.0798956587461703,0.00681661514820654,0.212192809902497,0.00482256386142039,NA,NA,NA,0.226633269002419,NA,NA,NA,"06_or_se_imputation",1000
2,0.02,1000,0.25,1.96078431372549,"metafor_conv2x2_oracle","population",1000,1000,0,0.0342173064427683,0.00384657056249183,0.121639241580292,0.00272129711794182,NA,NA,NA,0.126301753936099,NA,NA,NA,"06_or_se_imputation",1000
2,0.02,300,0.5,1.96078431372549,"metafor_conv2x2_oracle","population",1000,962,0.038,0.0962619161204371,0.00691462943991383,0.214465009920623,0.00489192460781008,NA,NA,NA,0.234976136820613,NA,NA,NA,"06_or_se_imputation",1000
2,0.02,1000,0.5,1.96078431372549,"metafor_conv2x2_oracle","population",1000,1000,0,0.0328951873069694,0.00393383376122498,0.124398746219379,0.0027830323928723,NA,NA,NA,0.128614409615926,NA,NA,NA,"06_or_se_imputation",1000
4,0.3,50,0.25,2.10526315789474,"metafor_conv2x2_oracle","population",1000,999,0.001,0.0443226781695934,0.00291004216414158,0.0919775899427937,0.00205874120679494,NA,NA,NA,0.10205835833685,NA,NA,NA,"06_or_se_imputation",1000
4,0.3,100,0.25,2.10526315789474,"metafor_conv2x2_oracle","population",1000,1000,0,0.024984898922077,0.00185781728566367,0.0587493409912887,0.0013143325315379,NA,NA,NA,0.0638144086863634,NA,NA,NA,"06_or_se_imputation",1000
4,0.3,300,0.25,2.10526315789474,"metafor_conv2x2_oracle","population",1000,1000,0,0.00547838410600848,0.000808633122038509,0.0255712245709459,0.000572076073667599,NA,NA,NA,0.0261389810617142,NA,NA,NA,"06_or_se_imputation",1000
4,0.3,1000,0.25,2.10526315789474,"metafor_conv2x2_oracle","population",1000,1000,0,0.00186037856328369,0.000435881682411014,0.0137837890676496,0.000308369116551529,NA,NA,NA,0.0139019371534732,NA,NA,NA,"06_or_se_imputation",1000
4,0.3,50,0.5,2.10526315789474,"metafor_conv2x2_oracle","population",1000,1000,0,0.0334421824555038,0.00244862577819026,0.0774323459648347,0.0017323062621242,NA,NA,NA,0.0843098570797238,NA,NA,NA,"06_or_se_imputation",1000
4,0.3,100,0.5,2.10526315789474,"metafor_conv2x2_oracle","population",1000,1000,0,0.0153285666702512,0.00137246303426806,0.0434010919267279,0.000970963521650799,NA,NA,NA,0.0460080001936206,NA,NA,NA,"06_or_se_imputation",1000
4,0.3,300,0.5,2.10526315789474,"metafor_conv2x2_oracle","population",1000,1000,0,0.00482181737276999,0.000704516832638938,0.022278778410667,0.000498417901103021,NA,NA,NA,0.0227837123024426,NA,NA,NA,"06_or_se_imputation",1000
4,0.3,1000,0.5,2.10526315789474,"metafor_conv2x2_oracle","population",1000,1000,0,0.00140508969368572,0.00038372530992755,0.0121344597522508,0.000271470537982466,NA,NA,NA,0.0122095104493512,NA,NA,NA,"06_or_se_imputation",1000
4,0.1,50,0.25,3.07692307692308,"metafor_conv2x2_oracle","population",1000,987,0.013,0.0722313623841959,0.00484969842161752,0.152360822748143,0.00343099317288433,NA,NA,NA,0.168545751787423,NA,NA,NA,"06_or_se_imputation",1000
4,0.1,100,0.25,3.07692307692308,"metafor_conv2x2_oracle","population",1000,1000,0,0.0443374394274736,0.00357189845325326,0.112953346831128,0.00252697742274671,NA,NA,NA,0.121291008062336,NA,NA,NA,"06_or_se_imputation",1000
4,0.1,300,0.25,3.07692307692308,"metafor_conv2x2_oracle","population",1000,1000,0,0.0108147813324784,0.00161124522537662,0.0509520478126146,0.00113989251383303,NA,NA,NA,0.0520622181662671,NA,NA,NA,"06_or_se_imputation",1000
4,0.1,1000,0.25,3.07692307692308,"metafor_conv2x2_oracle","population",1000,1000,0,0.00447304921779521,0.000862746712620758,0.0272824465570433,0.000610359306927088,NA,NA,NA,0.0276332359225735,NA,NA,NA,"06_or_se_imputation",1000
4,0.1,50,0.5,3.07692307692308,"metafor_conv2x2_oracle","population",1000,977,0.023,0.056085934113625,0.00596402361807024,0.186417481555274,0.00421936144199354,NA,NA,NA,0.194580420024965,NA,NA,NA,"06_or_se_imputation",1000
4,0.1,100,0.5,3.07692307692308,"metafor_conv2x2_oracle","population",1000,998,0.002,0.0507051151514527,0.00538743276208541,0.170195131841246,0.00381140023699023,NA,NA,NA,0.177505963768025,NA,NA,NA,"06_or_se_imputation",1000
4,0.1,300,0.5,3.07692307692308,"metafor_conv2x2_oracle","population",1000,1000,0,0.0197400889068406,0.00278538704212749,0.0880816721824225,0.00197055158795365,NA,NA,NA,0.0902235762067059,NA,NA,NA,"06_or_se_imputation",1000
4,0.1,1000,0.5,3.07692307692308,"metafor_conv2x2_oracle","population",1000,1000,0,0.00638218584121084,0.00138978429215035,0.0439488381951998,0.000983217629144324,NA,NA,NA,0.0443880746872501,NA,NA,NA,"06_or_se_imputation",1000
4,0.02,300,0.25,3.77358490566038,"metafor_conv2x2_oracle","population",1000,991,0.00900000000000001,0.0752165312489427,0.00615487061859028,0.193756265551857,0.00435434825288177,NA,NA,NA,0.207752580203937,NA,NA,NA,"06_or_se_imputation",1000
4,0.02,1000,0.25,3.77358490566038,"metafor_conv2x2_oracle","population",1000,1000,0,0.0280109085459348,0.00292816361155675,0.0925966637414387,0.00207156038542278,NA,NA,NA,0.0966963235675366,NA,NA,NA,"06_or_se_imputation",1000
4,0.02,300,0.5,3.77358490566038,"metafor_conv2x2_oracle","population",1000,980,0.02,0.0619094872785942,0.00737363400547869,0.230831256284362,0.00521660882168448,NA,NA,NA,0.238875455027235,NA,NA,NA,"06_or_se_imputation",1000
4,0.02,1000,0.5,3.77358490566038,"metafor_conv2x2_oracle","population",1000,1000,0,0.0276692656125199,0.00437358743850737,0.138304978515849,0.00309414079323859,NA,NA,NA,0.140977753829189,NA,NA,NA,"06_or_se_imputation",1000
0.25,0.02,1000,0.25,0.253807106598985,"package_mean_var","population",1000,1000,0,-0.314840715208723,0.00271314701891304,0.0857972420666113,0.00191944461778899,NA,NA,NA,0.326310406718252,NA,NA,NA,"06_or_se_imputation",1000
0.25,0.02,1000,0.5,0.253807106598985,"package_mean_var","population",1000,1000,0,0.0631299927761288,0.00315096851332685,0.0996423733758748,0.00222918607490383,NA,NA,NA,0.117915520425936,NA,NA,NA,"06_or_se_imputation",1000
0.25,0.1,100,0.25,0.27027027027027,"package_mean_var","population",1000,1000,0,-0.336580480593045,0.00290299060771102,0.0918006234644318,0.0020537514770192,NA,NA,NA,0.348862934445944,NA,NA,NA,"06_or_se_imputation",1000
0.25,0.1,300,0.25,0.27027027027027,"package_mean_var","population",1000,1000,0,-0.166896187425672,0.00249175904512752,0.0787963396292924,0.00176282134903001,NA,NA,NA,0.184545364756368,NA,NA,NA,"06_or_se_imputation",1000
0.25,0.1,1000,0.25,0.27027027027027,"package_mean_var","population",1000,1000,0,-0.057776451205044,0.00163187209534576,0.0516043267136405,0.00115448521163675,NA,NA,NA,0.0774497375262267,NA,NA,NA,"06_or_se_imputation",1000
0.25,0.1,100,0.5,0.27027027027027,"package_mean_var","population",1000,998,0.002,0.0329274615815044,0.0036045423501196,0.113871594801768,0.00255007425135255,NA,NA,NA,0.118481918887844,NA,NA,NA,"06_or_se_imputation",1000
0.25,0.1,300,0.5,0.27027027027027,"package_mean_var","population",1000,1000,0,0.167249581269339,0.00265518312036996,0.0839642626520211,0.00187843744334949,NA,NA,NA,0.187123942455433,NA,NA,NA,"06_or_se_imputation",1000
0.25,0.1,1000,0.5,0.27027027027027,"package_mean_var","population",1000,1000,0,0.282524455115144,0.00142028995114781,0.0449135118347637,0.00100479918096095,NA,NA,NA,0.286068652704023,NA,NA,NA,"06_or_se_imputation",1000
0.25,0.3,50,0.25,0.32258064516129,"package_mean_var","population",1000,1000,0,-0.128254950248948,0.00186263222394829,0.0589016027090143,0.00131773891066552,NA,NA,NA,0.141121442971113,NA,NA,NA,"06_or_se_imputation",1000
0.25,0.3,100,0.25,0.32258064516129,"package_mean_var","population",1000,1000,0,-0.00709875337703984,0.00227882304915911,0.0720627121983265,0.00161217752156841,NA,NA,NA,0.0723756433781247,NA,NA,NA,"06_or_se_imputation",1000
0.25,0.3,300,0.25,0.32258064516129,"package_mean_var","population",1000,1000,0,0.107926526831925,0.00163263557221968,0.0516284699722652,0.00115502534144404,NA,NA,NA,0.119628460688783,NA,NA,NA,"06_or_se_imputation",1000
0.25,0.3,1000,0.25,0.32258064516129,"package_mean_var","population",1000,1000,0,0.216462122437379,0.000944232695099535,0.0298592595771384,0.000668007428980126,NA,NA,NA,0.218509803572305,NA,NA,NA,"06_or_se_imputation",1000
0.25,0.3,50,0.5,0.32258064516129,"package_mean_var","population",1000,1000,0,0.188743296986373,0.00257178318476674,0.0813269251198455,0.00181943527487073,NA,NA,NA,0.205503009316131,NA,NA,NA,"06_or_se_imputation",1000
0.25,0.3,100,0.5,0.32258064516129,"package_mean_var","population",1000,1000,0,0.274605356240394,0.0021757447410923,0.0688030898898502,0.00153925367990026,NA,NA,NA,0.283085204468772,NA,NA,NA,"06_or_se_imputation",1000
0.25,0.3,300,0.5,0.32258064516129,"package_mean_var","population",1000,1000,0,0.395514690385513,0.00133713404578239,0.0422838912162821,0.000945969654260627,NA,NA,NA,0.397766275392575,NA,NA,NA,"06_or_se_imputation",1000
0.25,0.3,1000,0.5,0.32258064516129,"package_mean_var","population",1000,1000,0,0.502633240695913,0.000838646071340469,0.0265203173618794,0.000593309052787433,NA,NA,NA,0.50333169834436,NA,NA,NA,"06_or_se_imputation",1000
0.25,0.5,50,0.25,0.4,"package_mean_var","population",1000,1000,0,0.0665289837559546,0.00185598868280855,0.0586915154917082,0.00131303886706492,NA,NA,NA,0.0886981114586031,NA,NA,NA,"06_or_se_imputation",1000
0.25,0.5,100,0.25,0.4,"package_mean_var","population",1000,1000,0,0.171583510224409,0.00201873744353443,0.0638380831943434,0.00142817720297134,NA,NA,NA,0.183063176379063,NA,NA,NA,"06_or_se_imputation",1000
0.25,0.5,300,0.25,0.4,"package_mean_var","population",1000,1000,0,0.284396474189329,0.00138495085194301,0.0437959913953055,0.000979798160635353,NA,NA,NA,0.287745591286395,NA,NA,NA,"06_or_se_imputation",1000
0.25,0.5,1000,0.25,0.4,"package_mean_var","population",1000,1000,0,0.396497703222844,0.00100397884546567,0.0317485987429773,0.000710275476363653,NA,NA,NA,0.397765501532764,NA,NA,NA,"06_or_se_imputation",1000
0.25,0.5,50,0.5,0.4,"package_mean_var","population",1000,1000,0,0.296260867163347,0.0017992756276375,0.056898091217635,0.00127291661502785,NA,NA,NA,0.301669781058369,NA,NA,NA,"06_or_se_imputation",1000
0.25,0.5,100,0.5,0.4,"package_mean_var","population",1000,1000,0,0.381881024179149,0.00143197529665072,0.0452830349051155,0.00101306610250121,NA,NA,NA,0.384553792498636,NA,NA,NA,"06_or_se_imputation",1000
0.25,0.5,300,0.5,0.4,"package_mean_var","population",1000,1000,0,0.499303610158948,0.00101304968944527,0.0320354440157328,0.000716692741087633,NA,NA,NA,0.500329230128893,NA,NA,NA,"06_or_se_imputation",1000
0.25,0.5,1000,0.5,0.4,"package_mean_var","population",1000,1000,0,0.607067052859766,0.000593060907272445,0.0187542325818684,0.000419567225273772,NA,NA,NA,0.607356383177404,NA,NA,NA,"06_or_se_imputation",1000
0.5,0.02,300,0.25,0.505050505050505,"package_mean_var","population",1000,995,0.005,-0.211667086767739,0.00435149923199634,0.137262040776882,0.00307852200014054,NA,NA,NA,0.252239742930034,NA,NA,NA,"06_or_se_imputation",1000
0.5,0.02,1000,0.25,0.505050505050505,"package_mean_var","population",1000,1000,0,-0.0385754067951659,0.0028280473967766,0.0894307110472399,0.00200073210804836,NA,NA,NA,0.0973545902140677,NA,NA,NA,"06_or_se_imputation",1000
0.5,0.02,1000,0.5,0.505050505050505,"package_mean_var","population",1000,1000,0,0.237168569403886,0.00310340725284917,0.0981383542608946,0.00219553835703128,NA,NA,NA,0.256652363623532,NA,NA,NA,"06_or_se_imputation",1000
0.5,0.1,100,0.25,0.526315789473684,"package_mean_var","population",1000,1000,0,-0.0802508435724171,0.00309916105738829,0.098004077770428,0.00219253434104296,NA,NA,NA,0.126630929691198,NA,NA,NA,"06_or_se_imputation",1000
0.5,0.1,300,0.25,0.526315789473684,"package_mean_var","population",1000,1000,0,0.0466796538927193,0.0022031607236411,0.0696700593813065,0.00155864940736282,NA,NA,NA,0.0838334858190009,NA,NA,NA,"06_or_se_imputation",1000
0.5,0.1,1000,0.25,0.526315789473684,"package_mean_var","population",1000,1000,0,0.157499821336491,0.00117997240298919,0.0373140036958792,0.000834783984158927,NA,NA,NA,0.161855294191975,NA,NA,NA,"06_or_se_imputation",1000
0.5,0.1,100,0.5,0.526315789473684,"package_mean_var","population",1000,1000,0,0.184066042744675,0.00370939109317106,0.117301245867624,0.0026242480482735,NA,NA,NA,0.218234119219473,NA,NA,NA,"06_or_se_imputation",1000
0.5,0.1,300,0.5,0.526315789473684,"package_mean_var","population",1000,1000,0,0.301970600746037,0.00229097319291175,0.0724469334798944,0.00162077326955729,NA,NA,NA,0.310531082707339,NA,NA,NA,"06_or_se_imputation",1000
0.5,0.1,1000,0.5,0.526315789473684,"package_mean_var","population",1000,1000,0,0.41940298899887,0.00125517584628378,0.0396921453828613,0.000887987457271424,NA,NA,NA,0.421275157254585,NA,NA,NA,"06_or_se_imputation",1000
0.5,0.3,50,0.25,0.588235294117647,"package_mean_var","population",1000,1000,0,0.0472940794732994,0.00188075390302728,0.0594746605181765,0.00133055928461909,NA,NA,NA,0.075963333008336,NA,NA,NA,"06_or_se_imputation",1000
0.5,0.3,100,0.25,0.588235294117647,"package_mean_var","population",1000,1000,0,0.141858303920852,0.00179726566642566,0.0568345306632549,0.00127149464666302,NA,NA,NA,0.152809397954241,NA,NA,NA,"06_or_se_imputation",1000
0.5,0.3,300,0.25,0.588235294117647,"package_mean_var","population",1000,1000,0,0.241885602050783,0.00104633495362006,0.0330880164888602,0.000740240754050667,NA,NA,NA,0.24413595904291,NA,NA,NA,"06_or_se_imputation",1000
0.5,0.3,1000,0.25,0.588235294117647,"package_mean_var","population",1000,1000,0,0.343779845763273,0.000655383701135352,0.0207250523693879,0.000463658146411415,NA,NA,NA,0.344403369061538,NA,NA,NA,"06_or_se_imputation",1000
0.5,0.3,50,0.5,0.588235294117647,"package_mean_var","population",1000,1000,0,0.273097219109876,0.00224928298624142,0.0711285733878806,0.00159127909093371,NA,NA,NA,0.282199053442407,NA,NA,NA,"06_or_se_imputation",1000
0.5,0.3,100,0.5,0.588235294117647,"package_mean_var","population",1000,1000,0,0.346196783339752,0.00167689314732871,0.0530280173828703,0.0011863358320836,NA,NA,NA,0.350230454774741,NA,NA,NA,"06_or_se_imputation",1000
0.5,0.3,300,0.5,0.588235294117647,"package_mean_var","population",1000,1000,0,0.453482452187003,0.000936840160850576,0.0296254871180633,0.000662777502265108,NA,NA,NA,0.454448155743902,NA,NA,NA,"06_or_se_imputation",1000
0.5,0.3,1000,0.5,0.588235294117647,"package_mean_var","population",1000,1000,0,0.555181392858055,0.000590873927509448,0.0186850742093908,0.000418020023258534,NA,NA,NA,0.555495420180961,NA,NA,NA,"06_or_se_imputation",1000
0.5,0.5,50,0.25,0.666666666666667,"package_mean_var","population",1000,1000,0,0.159114844379165,0.00113809862433868,0.0359898385481459,0.000805159935592107,NA,NA,NA,0.163130337190998,NA,NA,NA,"06_or_se_imputation",1000
0.5,0.5,100,0.25,0.666666666666667,"package_mean_var","population",1000,1000,0,0.247810691048045,0.000917844249141364,0.0290247836457375,0.000649338643170458,NA,NA,NA,0.249502974381721,NA,NA,NA,"06_or_se_imputation",1000
0.5,0.5,300,0.25,0.666666666666667,"package_mean_var","population",1000,1000,0,0.350878278040076,0.000548978082094535,0.0173602112492963,0.000388380363325328,NA,NA,NA,0.351307047407327,NA,NA,NA,"06_or_se_imputation",1000
0.5,0.5,1000,0.25,0.666666666666667,"package_mean_var","population",1000,1000,0,0.453522713113477,0.000349780431140895,0.0110610284336092,0.000247455873670376,NA,NA,NA,0.453657442695993,NA,NA,NA,"06_or_se_imputation",1000
0.5,0.5,50,0.5,0.666666666666667,"package_mean_var","population",1000,1000,0,0.333024617230859,0.00103811457878587,0.0328280654118966,0.000734425162738549,NA,NA,NA,0.334637116707889,NA,NA,NA,"06_or_se_imputation",1000
0.5,0.5,100,0.5,0.666666666666667,"package_mean_var","population",1000,1000,0,0.410673677762431,0.000786853967078646,0.0248825072190767,0.000556668179632999,NA,NA,NA,0.41142604394139,NA,NA,NA,"06_or_se_imputation",1000
0.5,0.5,300,0.5,0.666666666666667,"package_mean_var","population",1000,1000,0,0.518675555605784,0.000576881193757071,0.0182425851158925,0.00040812071544295,NA,NA,NA,0.518995945169871,NA,NA,NA,"06_or_se_imputation",1000
0.5,0.5,1000,0.5,0.666666666666667,"package_mean_var","population",1000,1000,0,0.621063327300628,0.000415680698071372,0.013144977852743,0.000294077716050756,NA,NA,NA,0.621202281201569,NA,NA,NA,"06_or_se_imputation",1000
1,0.1,50,0.25,1,"package_mean_var","population",1000,993,0.00700000000000001,-0.00314386942129846,0.00364876615865867,0.114979563485033,0.00258136740332951,NA,NA,NA,0.11496464865195,NA,NA,NA,"06_or_se_imputation",1000
1,0.3,50,0.25,1,"package_mean_var","population",1000,1000,0,0.156212071778096,0.00159768613470592,0.050523271717413,0.00113029999141217,NA,NA,NA,0.164171434035436,NA,NA,NA,"06_or_se_imputation",1000
1,0.5,50,0.25,1,"package_mean_var","population",1000,1000,0,0.192941048756197,0.000660933983201079,0.0209005676992287,0.000467584752291601,NA,NA,NA,0.194068661023776,NA,NA,NA,"06_or_se_imputation",1000
1,0.1,100,0.25,1,"package_mean_var","population",1000,1000,0,0.109295763177273,0.00309307326220123,0.0978115647832308,0.00218822746580747,NA,NA,NA,0.146639349942781,NA,NA,NA,"06_or_se_imputation",1000
1,0.3,100,0.25,1,"package_mean_var","population",1000,1000,0,0.234396203035331,0.00108046044152863,0.0341671591694164,0.000764383192200506,NA,NA,NA,0.236870866440604,NA,NA,NA,"06_or_se_imputation",1000
1,0.5,100,0.25,1,"package_mean_var","population",1000,1000,0,0.277668062828479,0.000395823713008527,0.0125170448501177,0.000280029681484733,NA,NA,NA,0.277949766775021,NA,NA,NA,"06_or_se_imputation",1000
1,0.02,300,0.25,1,"package_mean_var","population",1000,998,0.002,0.0322723784002386,0.00444673650118298,0.140477466449004,0.00314589402836119,NA,NA,NA,0.144068218292684,NA,NA,NA,"06_or_se_imputation",1000
1,0.1,300,0.25,1,"package_mean_var","population",1000,1000,0,0.224430621078607,0.00188664011017964,0.0596607987319869,0.00133472354426261,NA,NA,NA,0.232217473873441,NA,NA,NA,"06_or_se_imputation",1000
1,0.3,300,0.25,1,"package_mean_var","population",1000,1000,0,0.335636607355056,0.000629294814761898,0.0199000493438135,0.000445201287205277,NA,NA,NA,0.33622544244708,NA,NA,NA,"06_or_se_imputation",1000
1,0.5,300,0.25,1,"package_mean_var","population",1000,1000,0,0.3791588770822,0.000230910315639771,0.00730202532650078,0.000163359950440239,NA,NA,NA,0.379229113234374,NA,NA,NA,"06_or_se_imputation",1000
1,0.02,1000,0.25,1,"package_mean_var","population",1000,1000,0,0.174781514587314,0.0027121502062491,0.0857657200824258,0.0019187394121037,NA,NA,NA,0.194671468952056,NA,NA,NA,"06_or_se_imputation",1000
1,0.1,1000,0.25,1,"package_mean_var","population",1000,1000,0,0.339778122715305,0.00106452269155338,0.0336631632624156,0.00075310786204095,NA,NA,NA,0.341439962553021,NA,NA,NA,"06_or_se_imputation",1000
1,0.3,1000,0.25,1,"package_mean_var","population",1000,1000,0,0.432512092646407,0.000325851302275235,0.0103043229372175,0.000230526957806476,NA,NA,NA,0.432634699460755,NA,NA,NA,"06_or_se_imputation",1000
1,0.5,1000,0.25,1,"package_mean_var","population",1000,1000,0,0.470916867144122,0.000123652154408097,0.00391022445516416,8.74790273443128e-05,NA,NA,NA,0.47093308476499,NA,NA,NA,"06_or_se_imputation",1000
1,0.1,50,0.5,1,"package_mean_var","population",1000,994,0.00600000000000001,0.17176449595513,0.00391072838289448,0.123296527549918,0.00276669460661232,NA,NA,NA,0.211399578949682,NA,NA,NA,"06_or_se_imputation",1000
1,0.3,50,0.5,1,"package_mean_var","population",1000,1000,0,0.309775343431568,0.00152884647188292,0.0483463704386262,0.00108159864225014,NA,NA,NA,0.313521606211119,NA,NA,NA,"06_or_se_imputation",1000
1,0.5,50,0.5,1,"package_mean_var","population",1000,1000,0,0.346879012113839,0.000568090072459637,0.0179645854510255,0.000401901343495517,NA,NA,NA,0.347343421773279,NA,NA,NA,"06_or_se_imputation",1000
1,0.1,100,0.5,1,"package_mean_var","population",1000,1000,0,0.253079914854036,0.00316385437146065,0.100049859988961,0.00223830231183021,NA,NA,NA,0.272120208385656,NA,NA,NA,"06_or_se_imputation",1000
1,0.3,100,0.5,1,"package_mean_var","population",1000,1000,0,0.376675649773081,0.00100473245120547,0.0317724298489327,0.000710808622732466,NA,NA,NA,0.37801193492161,NA,NA,NA,"06_or_se_imputation",1000
1,0.5,100,0.5,1,"package_mean_var","population",1000,1000,0,0.421211663079645,0.000328987487024723,0.0104034978069322,0.000232745684950945,NA,NA,NA,0.421339992937025,NA,NA,NA,"06_or_se_imputation",1000
1,0.02,300,0.5,1,"package_mean_var","population",1000,997,0.003,0.180657512206372,0.00442037147135635,0.139574585412054,0.00312724336287985,NA,NA,NA,0.22825131308625,NA,NA,NA,"06_or_se_imputation",1000
1,0.1,300,0.5,1,"package_mean_var","population",1000,1000,0,0.366119514526675,0.00186996115522367,0.0591333638654647,0.00132292384078269,NA,NA,NA,0.370859484015943,NA,NA,NA,"06_or_se_imputation",1000
1,0.3,300,0.5,1,"package_mean_var","population",1000,1000,0,0.477047332747799,0.000574243159788597,0.0181591631570398,0.000406254410348889,NA,NA,NA,0.477392483322839,NA,NA,NA,"06_or_se_imputation",1000
1,0.5,300,0.5,1,"package_mean_var","population",1000,1000,0,0.521973086844695,0.000207727899780594,0.00656893296869869,0.000146959304607905,NA,NA,NA,0.522014378269073,NA,NA,NA,"06_or_se_imputation",1000
1,0.02,1000,0.5,1,"package_mean_var","population",1000,1000,0,0.327080414861037,0.00270608484713394,0.0855739165861182,0.0019144484095051,NA,NA,NA,0.338078644830395,NA,NA,NA,"06_or_se_imputation",1000
1,0.1,1000,0.5,1,"package_mean_var","population",1000,1000,0,0.484221246966361,0.00104209635384816,0.0329539801951695,0.000737242111713036,NA,NA,NA,0.485340184674163,NA,NA,NA,"06_or_se_imputation",1000
1,0.3,1000,0.5,1,"package_mean_var","population",1000,1000,0,0.576706966047268,0.000333369678400496,0.0105420748658341,0.000235845912690803,NA,NA,NA,0.576803215052221,NA,NA,NA,"06_or_se_imputation",1000
1,0.5,1000,0.5,1,"package_mean_var","population",1000,1000,0,0.614100010594069,9.26328631688295e-05,0.00292930833796224,6.55341009537428e-05,NA,NA,NA,0.614106990090592,NA,NA,NA,"06_or_se_imputation",1000
2,0.5,50,0.25,1.33333333333333,"package_mean_var","population",1000,1000,0,0.160705749066409,0.00115784109423594,0.0366141502632723,0.00081912695519038,NA,NA,NA,0.164819881041389,NA,NA,NA,"06_or_se_imputation",1000
2,0.5,100,0.25,1.33333333333333,"package_mean_var","population",1000,1000,0,0.246273311084978,0.00102143201614621,0.0323005164603992,0.000722622906964573,NA,NA,NA,0.24838040138667,NA,NA,NA,"06_or_se_imputation",1000
2,0.5,300,0.25,1.33333333333333,"package_mean_var","population",1000,1000,0,0.347988616200384,0.000660443865958319,0.0208850688311523,0.000467238013652985,NA,NA,NA,0.3486141519202,NA,NA,NA,"06_or_se_imputation",1000
2,0.5,1000,0.25,1.33333333333333,"package_mean_var","population",1000,1000,0,0.443672162605893,0.000481648630792116,0.0152310670520459,0.000340747429311715,NA,NA,NA,0.443933262202248,NA,NA,NA,"06_or_se_imputation",1000
2,0.5,50,0.5,1.33333333333333,"package_mean_var","population",1000,1000,0,0.332563937502017,0.000999479010243329,0.0316063014589968,0.000707092020237519,NA,NA,NA,0.334060970274097,NA,NA,NA,"06_or_se_imputation",1000
2,0.5,100,0.5,1.33333333333333,"package_mean_var","population",1000,1000,0,0.408050906672177,0.000822570543284409,0.0260119645294085,0.000581936250064165,NA,NA,NA,0.408878329228105,NA,NA,NA,"06_or_se_imputation",1000
2,0.5,300,0.5,1.33333333333333,"package_mean_var","population",1000,1000,0,0.514016277973238,0.000673386348571315,0.0212943460674943,0.000476394310167391,NA,NA,NA,0.514456732628439,NA,NA,NA,"06_or_se_imputation",1000
2,0.5,1000,0.5,1.33333333333333,"package_mean_var","population",1000,1000,0,0.614464927697044,0.000509824775183334,0.0161220749716262,0.000360680941327381,NA,NA,NA,0.614676182025807,NA,NA,NA,"06_or_se_imputation",1000
2,0.3,50,0.25,1.53846153846154,"package_mean_var","population",1000,1000,0,0.210552099855874,0.00141734261352485,0.0448203088355429,0.00100271405571791,NA,NA,NA,0.215265041234631,NA,NA,NA,"06_or_se_imputation",1000
2,0.3,100,0.25,1.53846153846154,"package_mean_var","population",1000,1000,0,0.296698226244626,0.00109907709343334,0.0347558693936705,0.000777553739926325,NA,NA,NA,0.29872495701491,NA,NA,NA,"06_or_se_imputation",1000
2,0.3,300,0.25,1.53846153846154,"package_mean_var","population",1000,1000,0,0.40439341098663,0.000753244398128224,0.0238196793284786,0.000532890733818824,NA,NA,NA,0.405093619544408,NA,NA,NA,"06_or_se_imputation",1000
2,0.3,1000,0.25,1.53846153846154,"package_mean_var","population",1000,1000,0,0.504377328518324,0.000424178942884295,0.0134137159499684,0.000300089889424742,NA,NA,NA,0.504555484928162,NA,NA,NA,"06_or_se_imputation",1000
2,0.3,50,0.5,1.53846153846154,"package_mean_var","population",1000,1000,0,0.325886409241765,0.00116981310132407,0.036992738368894,0.000827596678507712,NA,NA,NA,0.327977203411805,NA,NA,NA,"06_or_se_imputation",1000
2,0.3,100,0.5,1.53846153846154,"package_mean_var","population",1000,1000,0,0.403683652013952,0.000931644312643071,0.0294611799709411,0.000659101644374908,NA,NA,NA,0.404756203247679,NA,NA,NA,"06_or_se_imputation",1000
2,0.3,300,0.5,1.53846153846154,"package_mean_var","population",1000,1000,0,0.511741451536244,0.000651266810994664,0.0205948648721753,0.000460745608842501,NA,NA,NA,0.512155286540191,NA,NA,NA,"06_or_se_imputation",1000
2,0.3,1000,0.5,1.53846153846154,"package_mean_var","population",1000,1000,0,0.610061479288477,0.000448653917244233,0.0141876825964847,0.000317404969469511,NA,NA,NA,0.610226267509656,NA,NA,NA,"06_or_se_imputation",1000
4,0.5,50,0.25,1.6,"package_mean_var","population",1000,1000,0,0.0678054157474331,0.00191801695135586,0.060653021570969,0.00135692142314609,NA,NA,NA,0.0909542997408314,NA,NA,NA,"06_or_se_imputation",1000
4,0.5,100,0.25,1.6,"package_mean_var","population",1000,1000,0,0.181480367460112,0.00233892789647242,0.0739633943575936,0.00165469933290939,NA,NA,NA,0.195959783870694,NA,NA,NA,"06_or_se_imputation",1000
4,0.5,300,0.25,1.6,"package_mean_var","population",1000,1000,0,0.30451390384574,0.00160508742435307,0.0507573210464891,0.00113553611222645,NA,NA,NA,0.30871094403916,NA,NA,NA,"06_or_se_imputation",1000
4,0.5,1000,0.25,1.6,"package_mean_var","population",1000,1000,0,0.421858540632205,0.00109137364442838,0.0345122649467242,0.000772103853271488,NA,NA,NA,0.4232665042732,NA,NA,NA,"06_or_se_imputation",1000
4,0.5,50,0.5,1.6,"package_mean_var","population",1000,1000,0,0.290654730761726,0.0017463609185623,0.0552247811936068,0.00123548154319863,NA,NA,NA,0.295849453600299,NA,NA,NA,"06_or_se_imputation",1000
4,0.5,100,0.5,1.6,"package_mean_var","population",1000,1000,0,0.392226203543245,0.0018057487131241,0.0571027881539013,0.00127749606796982,NA,NA,NA,0.396356988625761,NA,NA,NA,"06_or_se_imputation",1000
4,0.5,300,0.5,1.6,"package_mean_var","population",1000,1000,0,0.529642116126769,0.00135993453954014,0.0430049061367915,0.000962100105253945,NA,NA,NA,0.53138342437935,NA,NA,NA,"06_or_se_imputation",1000
4,0.5,1000,0.5,1.6,"package_mean_var","population",1000,1000,0,0.656609240214803,0.000922996508884714,0.0291877124045954,0.000652983663939656,NA,NA,NA,0.65725700069936,NA,NA,NA,"06_or_se_imputation",1000
2,0.1,50,0.25,1.81818181818182,"package_mean_var","population",1000,998,0.002,0.149077742172952,0.00358924071593534,0.113388198764661,0.00253924893719427,NA,NA,NA,0.187264983863942,NA,NA,NA,"06_or_se_imputation",1000
2,0.1,100,0.25,1.81818181818182,"package_mean_var","population",1000,1000,0,0.240883460715367,0.00282359058505123,0.0892897742856926,0.0019975790893512,NA,NA,NA,0.25688427895535,NA,NA,NA,"06_or_se_imputation",1000
2,0.1,300,0.25,1.81818181818182,"package_mean_var","population",1000,1000,0,0.349410945464392,0.00159778865325596,0.0505265136386185,0.00113037251924709,NA,NA,NA,0.353041618597883,NA,NA,NA,"06_or_se_imputation",1000
2,0.1,1000,0.25,1.81818181818182,"package_mean_var","population",1000,1000,0,0.464008494272714,0.000933610412343725,0.0295233535025515,0.000660492582448721,NA,NA,NA,0.464945845804504,NA,NA,NA,"06_or_se_imputation",1000
2,0.1,50,0.5,1.81818181818182,"package_mean_var","population",1000,1000,0,0.194390023530767,0.00338120630561166,0.106923131646562,0.00239207024156788,NA,NA,NA,0.221830125937211,NA,NA,NA,"06_or_se_imputation",1000
2,0.1,100,0.5,1.81818181818182,"package_mean_var","population",1000,1000,0,0.271147769663354,0.00250466299239922,0.0792043982711455,0.00177195038330875,NA,NA,NA,0.282468009449212,NA,NA,NA,"06_or_se_imputation",1000
2,0.1,300,0.5,1.81818181818182,"package_mean_var","population",1000,1000,0,0.379548695686856,0.00151516886422671,0.0479138465072683,0.00107192227373162,NA,NA,NA,0.382558039188865,NA,NA,NA,"06_or_se_imputation",1000
2,0.1,1000,0.5,1.81818181818182,"package_mean_var","population",1000,1000,0,0.490817272085837,0.000833784770078754,0.0263665895180867,0.000589869873680218,NA,NA,NA,0.491524258224917,NA,NA,NA,"06_or_se_imputation",1000
2,0.02,300,0.25,1.96078431372549,"package_mean_var","population",1000,1000,0,0.183167336178152,0.00425535233059276,0.134566056111789,0.00301049411285659,NA,NA,NA,0.227244776566204,NA,NA,NA,"06_or_se_imputation",1000
2,0.02,1000,0.25,1.96078431372549,"package_mean_var","population",1000,1000,0,0.321093715832723,0.00241555350186425,0.0763865087588681,0.00170890892967245,NA,NA,NA,0.330045812227505,NA,NA,NA,"06_or_se_imputation",1000
2,0.02,300,0.5,1.96078431372549,"package_mean_var","population",1000,999,0.001,0.188013737809968,0.00388467006800616,0.122782616341751,0.00274825239385022,NA,NA,NA,0.224520925126064,NA,NA,NA,"06_or_se_imputation",1000
2,0.02,1000,0.5,1.96078431372549,"package_mean_var","population",1000,1000,0,0.314809952374993,0.00222178519757279,0.0702590169597722,0.00157182548886453,NA,NA,NA,0.322547204683337,NA,NA,NA,"06_or_se_imputation",1000
4,0.3,50,0.25,2.10526315789474,"package_mean_var","population",1000,1000,0,0.199800570340697,0.0017119347664997,0.0541361306776757,0.00121112639700599,NA,NA,NA,0.206997724220759,NA,NA,NA,"06_or_se_imputation",1000
4,0.3,100,0.25,2.10526315789474,"package_mean_var","population",1000,1000,0,0.30186464292647,0.00156254834248427,0.0494121171637115,0.00110544138784566,NA,NA,NA,0.305878045002257,NA,NA,NA,"06_or_se_imputation",1000
4,0.3,300,0.25,2.10526315789474,"package_mean_var","population",1000,1000,0,0.415803071180122,0.00109429508795226,0.0346046491026342,0.000774170659459649,NA,NA,NA,0.417239114010898,NA,NA,NA,"06_or_se_imputation",1000
4,0.3,1000,0.25,2.10526315789474,"package_mean_var","population",1000,1000,0,0.52566028409597,0.000768190842930479,0.0242923274134497,0.000543464754625947,NA,NA,NA,0.526220734416506,NA,NA,NA,"06_or_se_imputation",1000
4,0.3,50,0.5,2.10526315789474,"package_mean_var","population",1000,1000,0,0.325453551934769,0.0015149513387789,0.0479069677486268,0.0010717683830478,NA,NA,NA,0.328957135426892,NA,NA,NA,"06_or_se_imputation",1000
4,0.3,100,0.5,2.10526315789474,"package_mean_var","population",1000,1000,0,0.413073895762187,0.00137397029366197,0.0434487556538222,0.000972029848285912,NA,NA,NA,0.415350394165755,NA,NA,NA,"06_or_se_imputation",1000
4,0.3,300,0.5,2.10526315789474,"package_mean_var","population",1000,1000,0,0.536191262911855,0.00110104509094181,0.0348181029392333,0.000778946020624389,NA,NA,NA,0.537319419354079,NA,NA,NA,"06_or_se_imputation",1000
4,0.3,1000,0.5,2.10526315789474,"package_mean_var","population",1000,1000,0,0.655040719962629,0.000738369507067733,0.0233492939714983,0.00052236733446478,NA,NA,NA,0.655456321312563,NA,NA,NA,"06_or_se_imputation",1000
4,0.1,50,0.25,3.07692307692308,"package_mean_var","population",1000,999,0.001,0.229697006552191,0.00323732973650956,0.102322155563036,0.00229028438510644,NA,NA,NA,0.251435991922956,NA,NA,NA,"06_or_se_imputation",1000
4,0.1,100,0.25,3.07692307692308,"package_mean_var","population",1000,1000,0,0.318432548556537,0.00246424631999862,0.0779263108688378,0.0017433571800037,NA,NA,NA,0.327819653766995,NA,NA,NA,"06_or_se_imputation",1000
4,0.1,300,0.25,3.07692307692308,"package_mean_var","population",1000,1000,0,0.436558022417831,0.00148209476426898,0.0468679516330031,0.00104852365113227,NA,NA,NA,0.439064135659872,NA,NA,NA,"06_or_se_imputation",1000
4,0.1,1000,0.25,3.07692307692308,"package_mean_var","population",1000,1000,0,0.550371161094852,0.000882441391715805,0.0279052469943079,0.000624292516415756,NA,NA,NA,0.551077434732995,NA,NA,NA,"06_or_se_imputation",1000
4,0.1,50,0.5,3.07692307692308,"package_mean_var","population",1000,1000,0,0.189314799815365,0.00266151195925117,0.0841643981101094,0.00188291484750146,NA,NA,NA,0.207163355090758,NA,NA,NA,"06_or_se_imputation",1000
4,0.1,100,0.5,3.07692307692308,"package_mean_var","population",1000,1000,0,0.281633707123137,0.00222524799272918,0.0703685201574202,0.00157427528000342,NA,NA,NA,0.290283175345105,NA,NA,NA,"06_or_se_imputation",1000
4,0.1,300,0.5,3.07692307692308,"package_mean_var","population",1000,1000,0,0.401189862063367,0.00137874891068374,0.0435998687923667,0.000975410531551129,NA,NA,NA,0.403549690908785,NA,NA,NA,"06_or_se_imputation",1000
4,0.1,1000,0.5,3.07692307692308,"package_mean_var","population",1000,1000,0,0.509618095780725,0.00081440803960308,0.0257538434989835,0.000576161600312569,NA,NA,NA,0.510267773567651,NA,NA,NA,"06_or_se_imputation",1000
4,0.02,300,0.25,3.77358490566038,"package_mean_var","population",1000,1000,0,0.250620894726502,0.0035936043736407,0.113639748302474,0.00254233350620676,NA,NA,NA,0.275157975125868,NA,NA,NA,"06_or_se_imputation",1000
4,0.02,1000,0.25,3.77358490566038,"package_mean_var","population",1000,1000,0,0.384934939437272,0.00197611588599024,0.0624902712017078,0.00139802413029976,NA,NA,NA,0.389969276431419,NA,NA,NA,"06_or_se_imputation",1000
4,0.02,300,0.5,3.77358490566038,"package_mean_var","population",1000,1000,0,0.115684038040106,0.00313848369134462,0.0992475686394188,0.00222035355525385,NA,NA,NA,0.152391031423178,NA,NA,NA,"06_or_se_imputation",1000
4,0.02,1000,0.5,3.77358490566038,"package_mean_var","population",1000,1000,0,0.23876168961783,0.00172310440961237,0.0544893458065483,0.00121902847942386,NA,NA,NA,0.244894393865561,NA,NA,NA,"06_or_se_imputation",1000
0.25,0.02,1000,0.25,0.253807106598985,"balanced_4_over_sqrtN","sample",1000,1000,0,-2.0686114167187,1.43855622266072e-05,0.000454911420581619,1.01772184836456e-05,NA,NA,NA,2.08861415806896,NA,NA,NA,"06_or_se_imputation",1000
0.25,0.02,1000,0.5,0.253807106598985,"balanced_4_over_sqrtN","sample",1000,1000,0,-1.8270711107285,8.71981029947227e-06,0.000275744613109273,6.16892222603123e-06,NA,NA,NA,1.84818945047696,NA,NA,NA,"06_or_se_imputation",1000
0.25,0.1,100,0.25,0.27027027027027,"balanced_4_over_sqrtN","sample",1000,1000,0,-1.12034960968223,0.000156586733821704,0.00495170730243107,0.000110778944655804,NA,NA,NA,1.14404698228763,NA,NA,NA,"06_or_se_imputation",1000
0.25,0.1,300,0.25,0.27027027027027,"balanced_4_over_sqrtN","sample",1000,1000,0,-1.27856253460264,3.66893632226629e-05,0.0011602195368483,2.59562789177783e-05,NA,NA,NA,1.31672067249194,NA,NA,NA,"06_or_se_imputation",1000
0.25,0.1,1000,0.25,0.27027027027027,"balanced_4_over_sqrtN","sample",1000,1000,0,-1.21835517361213,1.41209394683829e-06,4.46543314214573e-05,9.99000830834832e-07,NA,NA,NA,1.23593348009198,NA,NA,NA,"06_or_se_imputation",1000
0.25,0.1,100,0.5,0.27027027027027,"balanced_4_over_sqrtN","sample",1000,1000,0,-1.00943977025486,0.000137749141391429,0.00435601032529491,9.74520902132164e-05,NA,NA,NA,1.04016888088368,NA,NA,NA,"06_or_se_imputation",1000
0.25,0.1,300,0.5,0.27027027027027,"balanced_4_over_sqrtN","sample",1000,1000,0,-0.984743426171193,1.23496552310574e-05,0.000390530388479545,8.7368944991044e-06,NA,NA,NA,1.01319018180422,NA,NA,NA,"06_or_se_imputation",1000
0.25,0.1,1000,0.5,0.27027027027027,"balanced_4_over_sqrtN","sample",1000,1000,0,-0.93091785667066,0,0,0,NA,NA,NA,0.937382864029622,NA,NA,NA,"06_or_se_imputation",1000
0.25,0.3,50,0.25,0.32258064516129,"balanced_4_over_sqrtN","sample",1000,1000,0,-0.67662532946825,0.000285919117636696,0.00904155638317579,0.000202276510504248,NA,NA,NA,0.718347470237605,NA,NA,NA,"06_or_se_imputation",1000
0.25,0.3,100,0.25,0.32258064516129,"balanced_4_over_sqrtN","sample",1000,1000,0,-0.678647846332649,8.14913234706652e-05,0.0025769819170884,5.76519005943641e-05,NA,NA,NA,0.731266617198213,NA,NA,NA,"06_or_se_imputation",1000
0.25,0.3,300,0.25,0.32258064516129,"balanced_4_over_sqrtN","sample",1000,1000,0,-0.62231476433305,0,0,0,NA,NA,NA,0.642728398464877,NA,NA,NA,"06_or_se_imputation",1000
0.25,0.3,1000,0.25,0.32258064516129,"balanced_4_over_sqrtN","sample",1000,1000,0,-0.600142708871348,0,0,0,NA,NA,NA,0.6049872059804,NA,NA,NA,"06_or_se_imputation",1000
0.25,0.3,50,0.5,0.32258064516129,"balanced_4_over_sqrtN","sample",1000,1000,0,-0.451532939919861,0.000163419638138671,0.00516778270918721,0.000115612955243378,NA,NA,NA,0.506292551019061,NA,NA,NA,"06_or_se_imputation",1000
0.25,0.3,100,0.5,0.32258064516129,"balanced_4_over_sqrtN","sample",1000,1000,0,-0.405174271259231,2.41923964783147e-05,0.000765030749293108,1.71151673270997e-05,NA,NA,NA,0.443755454843245,NA,NA,NA,"06_or_se_imputation",1000
0.25,0.3,300,0.5,0.32258064516129,"balanced_4_over_sqrtN","sample",1000,1000,0,-0.373799290165563,0,0,0,NA,NA,NA,0.383201349628977,NA,NA,NA,"06_or_se_imputation",1000
0.25,0.3,1000,0.5,0.32258064516129,"balanced_4_over_sqrtN","sample",1000,1000,0,-0.35765028088564,0,0,0,NA,NA,NA,0.360714951713411,NA,NA,NA,"06_or_se_imputation",1000
0.25,0.5,50,0.25,0.4,"balanced_4_over_sqrtN","sample",1000,1000,0,-0.414179800276035,0.000156194292033403,0.00493929720343045,0.000110501307552801,NA,NA,NA,0.470005493737076,NA,NA,NA,"06_or_se_imputation",1000
0.25,0.5,100,0.25,0.4,"balanced_4_over_sqrtN","sample",1000,1000,0,-0.370462281907796,2.20956415807997e-05,0.000698725537580504,1.56317958493277e-05,NA,NA,NA,0.407339661545409,NA,NA,NA,"06_or_se_imputation",1000
0.25,0.5,300,0.25,0.4,"balanced_4_over_sqrtN","sample",1000,1000,0,-0.330816680444693,0,0,0,NA,NA,NA,0.33935777953856,NA,NA,NA,"06_or_se_imputation",1000
0.25,0.5,1000,0.25,0.4,"balanced_4_over_sqrtN","sample",1000,1000,0,-0.324123688311942,0,0,0,NA,NA,NA,0.326604999064355,NA,NA,NA,"06_or_se_imputation",1000
0.25,0.5,50,0.5,0.4,"balanced_4_over_sqrtN","sample",1000,1000,0,-0.171247013713591,3.91617789154013e-05,0.00123840418596627,2.77054156071218e-05,NA,NA,NA,0.216732901037058,NA,NA,NA,"06_or_se_imputation",1000
0.25,0.5,100,0.5,0.4,"balanced_4_over_sqrtN","sample",1000,1000,0,-0.14671432366427,0,0,0,NA,NA,NA,0.166196796145397,NA,NA,NA,"06_or_se_imputation",1000
0.25,0.5,300,0.5,0.4,"balanced_4_over_sqrtN","sample",1000,1000,0,-0.129566909903638,0,0,0,NA,NA,NA,0.135919785696128,NA,NA,NA,"06_or_se_imputation",1000
0.25,0.5,1000,0.5,0.4,"balanced_4_over_sqrtN","sample",1000,1000,0,-0.12541979823765,0,0,0,NA,NA,NA,0.127261824775271,NA,NA,NA,"06_or_se_imputation",1000
0.5,0.02,300,0.25,0.505050505050505,"balanced_4_over_sqrtN","sample",1000,1000,0,-1.67895606286137,5.2513945442472e-05,0.0016606367652003,3.71515473491738e-05,NA,NA,NA,1.69461671814942,NA,NA,NA,"06_or_se_imputation",1000
0.5,0.02,1000,0.25,0.505050505050505,"balanced_4_over_sqrtN","sample",1000,1000,0,-1.78591284994987,8.99989649312408e-06,0.00028460171624034,6.36707217263359e-06,NA,NA,NA,1.81150356789692,NA,NA,NA,"06_or_se_imputation",1000
0.5,0.02,1000,0.5,0.505050505050505,"balanced_4_over_sqrtN","sample",1000,1000,0,-1.53685865073083,2.44091210005356e-06,7.71884180443405e-05,1.72684913876169e-06,NA,NA,NA,1.54938206367003,NA,NA,NA,"06_or_se_imputation",1000
0.5,0.1,100,0.25,0.526315789473684,"balanced_4_over_sqrtN","sample",1000,1000,0,-0.964396135136078,0.000137749141391429,0.00435601032529491,9.74520902132164e-05,NA,NA,NA,0.99925568957365,NA,NA,NA,"06_or_se_imputation",1000
0.5,0.1,300,0.25,0.526315789473684,"balanced_4_over_sqrtN","sample",1000,1000,0,-0.956300916136317,1.39747598856525e-05,0.000441920709926161,9.88659201304744e-06,NA,NA,NA,0.986195167426716,NA,NA,NA,"06_or_se_imputation",1000
0.5,0.1,1000,0.25,0.526315789473684,"balanced_4_over_sqrtN","sample",1000,1000,0,-0.911039267040593,0,0,0,NA,NA,NA,0.918874795147375,NA,NA,NA,"06_or_se_imputation",1000
0.5,0.1,100,0.5,0.526315789473684,"balanced_4_over_sqrtN","sample",1000,1000,0,-0.800515134991347,8.59485077364415e-05,0.00271793045939758,6.08051828491774e-05,NA,NA,NA,0.838322566746471,NA,NA,NA,"06_or_se_imputation",1000
0.5,0.1,300,0.5,0.526315789473684,"balanced_4_over_sqrtN","sample",1000,1000,0,-0.716887187619864,0,0,0,NA,NA,NA,0.729132096014143,NA,NA,NA,"06_or_se_imputation",1000
0.5,0.1,1000,0.5,0.526315789473684,"balanced_4_over_sqrtN","sample",1000,1000,0,-0.690298892700831,0,0,0,NA,NA,NA,0.693212038854677,NA,NA,NA,"06_or_se_imputation",1000
0.5,0.3,50,0.25,0.588235294117647,"balanced_4_over_sqrtN","sample",1000,1000,0,-0.476656848358612,0.000181923515051296,0.0057529266750602,0.000128703719105631,NA,NA,NA,0.52912817521629,NA,NA,NA,"06_or_se_imputation",1000
0.5,0.3,100,0.25,0.588235294117647,"balanced_4_over_sqrtN","sample",1000,1000,0,-0.428310533787369,2.61176271810549e-05,0.000825911889712562,1.84771921951281e-05,NA,NA,NA,0.466313073715224,NA,NA,NA,"06_or_se_imputation",1000
0.5,0.3,300,0.25,0.588235294117647,"balanced_4_over_sqrtN","sample",1000,1000,0,-0.38740005933005,0,0,0,NA,NA,NA,0.397024248124073,NA,NA,NA,"06_or_se_imputation",1000
0.5,0.3,1000,0.25,0.588235294117647,"balanced_4_over_sqrtN","sample",1000,1000,0,-0.380437630193213,0,0,0,NA,NA,NA,0.383486354571488,NA,NA,NA,"06_or_se_imputation",1000
0.5,0.3,50,0.5,0.588235294117647,"balanced_4_over_sqrtN","sample",1000,1000,0,-0.248864150775491,5.17280837836157e-05,0.00163578563752246,3.65955811885111e-05,NA,NA,NA,0.292005962748562,NA,NA,NA,"06_or_se_imputation",1000
0.5,0.3,100,0.5,0.588235294117647,"balanced_4_over_sqrtN","sample",1000,1000,0,-0.216529960886421,0,0,0,NA,NA,NA,0.23667963250069,NA,NA,NA,"06_or_se_imputation",1000
0.5,0.3,300,0.5,0.588235294117647,"balanced_4_over_sqrtN","sample",1000,1000,0,-0.1959500293079,0,0,0,NA,NA,NA,0.20065178053458,NA,NA,NA,"06_or_se_imputation",1000
0.5,0.3,1000,0.5,0.588235294117647,"balanced_4_over_sqrtN","sample",1000,1000,0,-0.189719613809672,0,0,0,NA,NA,NA,0.191219133921793,NA,NA,NA,"06_or_se_imputation",1000
0.5,0.5,50,0.25,0.666666666666667,"balanced_4_over_sqrtN","sample",1000,1000,0,-0.257237307846368,5.85950364021371e-05,0.00185293774611231,4.14536796079302e-05,NA,NA,NA,0.287619705597466,NA,NA,NA,"06_or_se_imputation",1000
0.5,0.5,100,0.25,0.666666666666667,"balanced_4_over_sqrtN","sample",1000,1000,0,-0.212996640262992,0,0,0,NA,NA,NA,0.224173638529052,NA,NA,NA,"06_or_se_imputation",1000
0.5,0.5,300,0.25,0.666666666666667,"balanced_4_over_sqrtN","sample",1000,1000,0,-0.194524454540872,0,0,0,NA,NA,NA,0.19725280659114,NA,NA,NA,"06_or_se_imputation",1000
0.5,0.5,1000,0.25,0.666666666666667,"balanced_4_over_sqrtN","sample",1000,1000,0,-0.189574467237751,0,0,0,NA,NA,NA,0.190329876093773,NA,NA,NA,"06_or_se_imputation",1000
0.5,0.5,50,0.5,0.666666666666667,"balanced_4_over_sqrtN","sample",1000,1000,0,-0.0558974761224827,0,0,0,NA,NA,NA,0.0778663429203078,NA,NA,NA,"06_or_se_imputation",1000
0.5,0.5,100,0.5,0.666666666666667,"balanced_4_over_sqrtN","sample",1000,1000,0,-0.0433974648450832,0,0,0,NA,NA,NA,0.0538766363551596,NA,NA,NA,"06_or_se_imputation",1000
0.5,0.5,300,0.5,0.666666666666667,"balanced_4_over_sqrtN","sample",1000,1000,0,-0.033824483479213,0,0,0,NA,NA,NA,0.0375733574703426,NA,NA,NA,"06_or_se_imputation",1000
0.5,0.5,1000,0.5,0.666666666666667,"balanced_4_over_sqrtN","sample",1000,1000,0,-0.0318506761255332,0,0,0,NA,NA,NA,0.0329146768784147,NA,NA,NA,"06_or_se_imputation",1000
1,0.1,50,0.25,1,"balanced_4_over_sqrtN","sample",1000,1000,0,-0.74176653756664,0.000277967322111188,0.00879009852969037,0.000196650928470986,NA,NA,NA,0.775289166998302,NA,NA,NA,"06_or_se_imputation",1000
1,0.3,50,0.25,1,"balanced_4_over_sqrtN","sample",1000,1000,0,-0.307498431617792,7.02802016515847e-05,0.00222245511634935,4.97204736259752e-05,NA,NA,NA,0.343184354007275,NA,NA,NA,"06_or_se_imputation",1000
1,0.5,50,0.25,1,"balanced_4_over_sqrtN","sample",1000,1000,0,-0.200767843871272,0,0,0,NA,NA,NA,0.210299179818408,NA,NA,NA,"06_or_se_imputation",1000
1,0.1,100,0.25,1,"balanced_4_over_sqrtN","sample",1000,1000,0,-0.752146131292012,8.04539007312301e-05,0.00254417572955773,5.69179648807077e-05,NA,NA,NA,0.791174785399661,NA,NA,NA,"06_or_se_imputation",1000
1,0.3,100,0.25,1,"balanced_4_over_sqrtN","sample",1000,1000,0,-0.254985880638763,0,0,0,NA,NA,NA,0.268244669684586,NA,NA,NA,"06_or_se_imputation",1000
1,0.5,100,0.25,1,"balanced_4_over_sqrtN","sample",1000,1000,0,-0.161567036058454,0,0,0,NA,NA,NA,0.163160193123594,NA,NA,NA,"06_or_se_imputation",1000
1,0.02,300,0.25,1,"balanced_4_over_sqrtN","sample",1000,1000,0,-1.52523065264599,4.38235169552606e-05,0.00138582128657631,3.10034115976727e-05,NA,NA,NA,1.54648051358831,NA,NA,NA,"06_or_se_imputation",1000
1,0.1,300,0.25,1,"balanced_4_over_sqrtN","sample",1000,1000,0,-0.688505856776602,0,0,0,NA,NA,NA,0.703129766002584,NA,NA,NA,"06_or_se_imputation",1000
1,0.3,300,0.25,1,"balanced_4_over_sqrtN","sample",1000,1000,0,-0.238562048616961,0,0,0,NA,NA,NA,0.242415273112664,NA,NA,NA,"06_or_se_imputation",1000
1,0.5,300,0.25,1,"balanced_4_over_sqrtN","sample",1000,1000,0,-0.1495434151077,0,0,0,NA,NA,NA,0.149750168841831,NA,NA,NA,"06_or_se_imputation",1000
1,0.02,1000,0.25,1,"balanced_4_over_sqrtN","sample",1000,1000,0,-1.47217491674668,2.44091210005356e-06,7.71884180443405e-05,1.72684913876169e-06,NA,NA,NA,1.48736753445915,NA,NA,NA,"06_or_se_imputation",1000
1,0.1,1000,0.25,1,"balanced_4_over_sqrtN","sample",1000,1000,0,-0.665803044605423,0,0,0,NA,NA,NA,0.669325378888684,NA,NA,NA,"06_or_se_imputation",1000
1,0.3,1000,0.25,1,"balanced_4_over_sqrtN","sample",1000,1000,0,-0.233346402209436,0,0,0,NA,NA,NA,0.234352543737931,NA,NA,NA,"06_or_se_imputation",1000
1,0.5,1000,0.25,1,"balanced_4_over_sqrtN","sample",1000,1000,0,-0.145642121812745,0,0,0,NA,NA,NA,0.145661593909359,NA,NA,NA,"06_or_se_imputation",1000
1,0.1,50,0.5,1,"balanced_4_over_sqrtN","sample",1000,1000,0,-0.646417509869384,0.000226301449483821,0.0071562801816641,0.000160099359224399,NA,NA,NA,0.690606873729355,NA,NA,NA,"06_or_se_imputation",1000
1,0.3,50,0.5,1,"balanced_4_over_sqrtN","sample",1000,1000,0,-0.125829171919714,2.77193482617067e-05,0.000876562757624222,1.961034675182e-05,NA,NA,NA,0.157228835618071,NA,NA,NA,"06_or_se_imputation",1000
1,0.5,50,0.5,1,"balanced_4_over_sqrtN","sample",1000,1000,0,-0.0220824895886314,0,0,0,NA,NA,NA,0.0339873966561779,NA,NA,NA,"06_or_se_imputation",1000
1,0.1,100,0.5,1,"balanced_4_over_sqrtN","sample",1000,1000,0,-0.591462600432714,2.20956415807997e-05,0.000698725537580504,1.56317958493277e-05,NA,NA,NA,0.619273466331667,NA,NA,NA,"06_or_se_imputation",1000
1,0.3,100,0.5,1,"balanced_4_over_sqrtN","sample",1000,1000,0,-0.104144365504248,0,0,0,NA,NA,NA,0.115777634134333,NA,NA,NA,"06_or_se_imputation",1000
1,0.5,100,0.5,1,"balanced_4_over_sqrtN","sample",1000,1000,0,-0.0109570131808738,0,0,0,NA,NA,NA,0.0154919557092279,NA,NA,NA,"06_or_se_imputation",1000
1,0.02,300,0.5,1,"balanced_4_over_sqrtN","sample",1000,1000,0,-1.40409319030019,3.09650788246595e-05,0.000979201770125736,2.1906573243206e-05,NA,NA,NA,1.4271687883171,NA,NA,NA,"06_or_se_imputation",1000
1,0.1,300,0.5,1,"balanced_4_over_sqrtN","sample",1000,1000,0,-0.531742448693769,0,0,0,NA,NA,NA,0.538439273116666,NA,NA,NA,"06_or_se_imputation",1000
1,0.3,300,0.5,1,"balanced_4_over_sqrtN","sample",1000,1000,0,-0.0920925014714356,0,0,0,NA,NA,NA,0.0956171586688408,NA,NA,NA,"06_or_se_imputation",1000
1,0.5,300,0.5,1,"balanced_4_over_sqrtN","sample",1000,1000,0,-0.00342848908864119,0,0,0,NA,NA,NA,0.00500449975003981,NA,NA,NA,"06_or_se_imputation",1000
1,0.02,1000,0.5,1,"balanced_4_over_sqrtN","sample",1000,1000,0,-1.31976005245731,0,0,0,NA,NA,NA,1.32608518290237,NA,NA,NA,"06_or_se_imputation",1000
1,0.1,1000,0.5,1,"balanced_4_over_sqrtN","sample",1000,1000,0,-0.518206284927589,0,0,0,NA,NA,NA,0.519927808019746,NA,NA,NA,"06_or_se_imputation",1000
1,0.3,1000,0.5,1,"balanced_4_over_sqrtN","sample",1000,1000,0,-0.0893385175231642,0,0,0,NA,NA,NA,0.0904804968100475,NA,NA,NA,"06_or_se_imputation",1000
1,0.5,1000,0.5,1,"balanced_4_over_sqrtN","sample",1000,1000,0,-0.00105127695698125,0,0,0,NA,NA,NA,0.00145048607769909,NA,NA,NA,"06_or_se_imputation",1000
2,0.5,50,0.25,1.33333333333333,"balanced_4_over_sqrtN","sample",1000,1000,0,-0.25728337587446,4.79150078711771e-05,0.00151520558977815,3.38979802157915e-05,NA,NA,NA,0.287071920030508,NA,NA,NA,"06_or_se_imputation",1000
2,0.5,100,0.25,1.33333333333333,"balanced_4_over_sqrtN","sample",1000,1000,0,-0.213855332666357,0,0,0,NA,NA,NA,0.226346072329116,NA,NA,NA,"06_or_se_imputation",1000
2,0.5,300,0.25,1.33333333333333,"balanced_4_over_sqrtN","sample",1000,1000,0,-0.195629560340784,0,0,0,NA,NA,NA,0.198446782055981,NA,NA,NA,"06_or_se_imputation",1000
2,0.5,1000,0.25,1.33333333333333,"balanced_4_over_sqrtN","sample",1000,1000,0,-0.190863640915521,0,0,0,NA,NA,NA,0.191656911005511,NA,NA,NA,"06_or_se_imputation",1000
2,0.5,50,0.5,1.33333333333333,"balanced_4_over_sqrtN","sample",1000,1000,0,-0.0595693408329861,0,0,0,NA,NA,NA,0.0811590234428567,NA,NA,NA,"06_or_se_imputation",1000
2,0.5,100,0.5,1.33333333333333,"balanced_4_over_sqrtN","sample",1000,1000,0,-0.04346535337726,0,0,0,NA,NA,NA,0.0535135252589555,NA,NA,NA,"06_or_se_imputation",1000
2,0.5,300,0.5,1.33333333333333,"balanced_4_over_sqrtN","sample",1000,1000,0,-0.0345783002657607,0,0,0,NA,NA,NA,0.0382227476250529,NA,NA,NA,"06_or_se_imputation",1000
2,0.5,1000,0.5,1.33333333333333,"balanced_4_over_sqrtN","sample",1000,1000,0,-0.0315866530429872,0,0,0,NA,NA,NA,0.032700117952489,NA,NA,NA,"06_or_se_imputation",1000
2,0.3,50,0.25,1.53846153846154,"balanced_4_over_sqrtN","sample",1000,1000,0,-0.225829956431646,0,0,0,NA,NA,NA,0.234750681752611,NA,NA,NA,"06_or_se_imputation",1000
2,0.3,100,0.25,1.53846153846154,"balanced_4_over_sqrtN","sample",1000,1000,0,-0.190055523729241,0,0,0,NA,NA,NA,0.192646010036377,NA,NA,NA,"06_or_se_imputation",1000
2,0.3,300,0.25,1.53846153846154,"balanced_4_over_sqrtN","sample",1000,1000,0,-0.175428823604497,0,0,0,NA,NA,NA,0.175933025046191,NA,NA,NA,"06_or_se_imputation",1000
2,0.3,1000,0.25,1.53846153846154,"balanced_4_over_sqrtN","sample",1000,1000,0,-0.170703677366659,0,0,0,NA,NA,NA,0.170808870233865,NA,NA,NA,"06_or_se_imputation",1000
2,0.3,50,0.5,1.53846153846154,"balanced_4_over_sqrtN","sample",1000,1000,0,-0.0725094482220187,0,0,0,NA,NA,NA,0.0984421388665659,NA,NA,NA,"06_or_se_imputation",1000
2,0.3,100,0.5,1.53846153846154,"balanced_4_over_sqrtN","sample",1000,1000,0,-0.0610580996880521,0,0,0,NA,NA,NA,0.0732899009723105,NA,NA,NA,"06_or_se_imputation",1000
2,0.3,300,0.5,1.53846153846154,"balanced_4_over_sqrtN","sample",1000,1000,0,-0.0514458330990221,0,0,0,NA,NA,NA,0.0552401331130506,NA,NA,NA,"06_or_se_imputation",1000
2,0.3,1000,0.5,1.53846153846154,"balanced_4_over_sqrtN","sample",1000,1000,0,-0.0478378478613685,0,0,0,NA,NA,NA,0.0490921032256451,NA,NA,NA,"06_or_se_imputation",1000
4,0.5,50,0.25,1.6,"balanced_4_over_sqrtN","sample",1000,1000,0,-0.41762604274902,0.000143845414043556,0.00454879139347609,0.000101764962921231,NA,NA,NA,0.469111498502423,NA,NA,NA,"06_or_se_imputation",1000
4,0.5,100,0.25,1.6,"balanced_4_over_sqrtN","sample",1000,1000,0,-0.379218386396736,2.20956415807997e-05,0.000698725537580504,1.56317958493277e-05,NA,NA,NA,0.419381921677794,NA,NA,NA,"06_or_se_imputation",1000
4,0.5,300,0.25,1.6,"balanced_4_over_sqrtN","sample",1000,1000,0,-0.336357513704557,0,0,0,NA,NA,NA,0.345078291999509,NA,NA,NA,"06_or_se_imputation",1000
4,0.5,1000,0.25,1.6,"balanced_4_over_sqrtN","sample",1000,1000,0,-0.324690361905278,0,0,0,NA,NA,NA,0.32720161814449,NA,NA,NA,"06_or_se_imputation",1000
4,0.5,50,0.5,1.6,"balanced_4_over_sqrtN","sample",1000,1000,0,-0.164099613135057,4.37622143474592e-05,0.0013838827279047,3.09600424179782e-05,NA,NA,NA,0.20692343817312,NA,NA,NA,"06_or_se_imputation",1000
4,0.5,100,0.5,1.6,"balanced_4_over_sqrtN","sample",1000,1000,0,-0.146417468561221,0,0,0,NA,NA,NA,0.166766652074668,NA,NA,NA,"06_or_se_imputation",1000
4,0.5,300,0.5,1.6,"balanced_4_over_sqrtN","sample",1000,1000,0,-0.130787037150762,0,0,0,NA,NA,NA,0.135920802247574,NA,NA,NA,"06_or_se_imputation",1000
4,0.5,1000,0.5,1.6,"balanced_4_over_sqrtN","sample",1000,1000,0,-0.126903617509786,0,0,0,NA,NA,NA,0.128449229665948,NA,NA,NA,"06_or_se_imputation",1000
2,0.1,50,0.25,1.81818181818182,"balanced_4_over_sqrtN","sample",1000,1000,0,-0.608790779930064,0.000192573733966089,0.0060897161685617,0.000136238329368831,NA,NA,NA,0.645120470740454,NA,NA,NA,"06_or_se_imputation",1000
2,0.1,100,0.25,1.81818181818182,"balanced_4_over_sqrtN","sample",1000,1000,0,-0.546004429588111,2.79068554925303e-05,0.000882492256895758,1.97430007298359e-05,NA,NA,NA,0.571783937793537,NA,NA,NA,"06_or_se_imputation",1000
2,0.1,300,0.25,1.81818181818182,"balanced_4_over_sqrtN","sample",1000,1000,0,-0.498961615849073,0,0,0,NA,NA,NA,0.504685481310044,NA,NA,NA,"06_or_se_imputation",1000
2,0.1,1000,0.25,1.81818181818182,"balanced_4_over_sqrtN","sample",1000,1000,0,-0.485378493478627,0,0,0,NA,NA,NA,0.486954966942366,NA,NA,NA,"06_or_se_imputation",1000
2,0.1,50,0.5,1.81818181818182,"balanced_4_over_sqrtN","sample",1000,1000,0,-0.501970668061435,0.000151855546051107,0.00480209400850086,0.000107431815717078,NA,NA,NA,0.548116572742585,NA,NA,NA,"06_or_se_imputation",1000
2,0.1,100,0.5,1.81818181818182,"balanced_4_over_sqrtN","sample",1000,1000,0,-0.463419122390555,2.61176271810549e-05,0.000825911889712562,1.84771921951281e-05,NA,NA,NA,0.49355359144717,NA,NA,NA,"06_or_se_imputation",1000
2,0.1,300,0.5,1.81818181818182,"balanced_4_over_sqrtN","sample",1000,1000,0,-0.417273256121821,0,0,0,NA,NA,NA,0.425004398269069,NA,NA,NA,"06_or_se_imputation",1000
2,0.1,1000,0.5,1.81818181818182,"balanced_4_over_sqrtN","sample",1000,1000,0,-0.406746565697239,0,0,0,NA,NA,NA,0.408834945118947,NA,NA,NA,"06_or_se_imputation",1000
2,0.02,300,0.25,1.96078431372549,"balanced_4_over_sqrtN","sample",1000,1000,0,-1.29992686844241,2.51564915296804e-05,0.000795518111725233,1.77972265905606e-05,NA,NA,NA,1.32330419653406,NA,NA,NA,"06_or_se_imputation",1000
2,0.02,1000,0.25,1.96078431372549,"balanced_4_over_sqrtN","sample",1000,1000,0,-1.22799764093657,0,0,0,NA,NA,NA,1.23400142428318,NA,NA,NA,"06_or_se_imputation",1000
2,0.02,300,0.5,1.96078431372549,"balanced_4_over_sqrtN","sample",1000,1000,0,-1.26257639165114,2.45692447320223e-05,0.000776947737432838,1.73817726187628e-05,NA,NA,NA,1.28801174771503,NA,NA,NA,"06_or_se_imputation",1000
2,0.02,1000,0.5,1.96078431372549,"balanced_4_over_sqrtN","sample",1000,1000,0,-1.16870822541479,0,0,0,NA,NA,NA,1.17530357319506,NA,NA,NA,"06_or_se_imputation",1000
4,0.3,50,0.25,2.10526315789474,"balanced_4_over_sqrtN","sample",1000,1000,0,-0.252009448486507,3.3932116777065e-05,0.00107302774846337,2.40056356931288e-05,NA,NA,NA,0.270595997844656,NA,NA,NA,"06_or_se_imputation",1000
4,0.3,100,0.25,2.10526315789474,"balanced_4_over_sqrtN","sample",1000,1000,0,-0.218034345675386,0,0,0,NA,NA,NA,0.225803032477284,NA,NA,NA,"06_or_se_imputation",1000
4,0.3,300,0.25,2.10526315789474,"balanced_4_over_sqrtN","sample",1000,1000,0,-0.198527830859318,0,0,0,NA,NA,NA,0.200166264051257,NA,NA,NA,"06_or_se_imputation",1000
4,0.3,1000,0.25,2.10526315789474,"balanced_4_over_sqrtN","sample",1000,1000,0,-0.194909825316593,0,0,0,NA,NA,NA,0.195396117804743,NA,NA,NA,"06_or_se_imputation",1000
4,0.3,50,0.5,2.10526315789474,"balanced_4_over_sqrtN","sample",1000,1000,0,-0.095629691124772,0,0,0,NA,NA,NA,0.12302361666784,NA,NA,NA,"06_or_se_imputation",1000
4,0.3,100,0.5,2.10526315789474,"balanced_4_over_sqrtN","sample",1000,1000,0,-0.0775160753395192,0,0,0,NA,NA,NA,0.0888285599438259,NA,NA,NA,"06_or_se_imputation",1000
4,0.3,300,0.5,2.10526315789474,"balanced_4_over_sqrtN","sample",1000,1000,0,-0.0670093260420385,0,0,0,NA,NA,NA,0.0706123034613115,NA,NA,NA,"06_or_se_imputation",1000
4,0.3,1000,0.5,2.10526315789474,"balanced_4_over_sqrtN","sample",1000,1000,0,-0.063592598362954,0,0,0,NA,NA,NA,0.0647388325112331,NA,NA,NA,"06_or_se_imputation",1000
4,0.1,50,0.25,3.07692307692308,"balanced_4_over_sqrtN","sample",1000,1000,0,-0.464678456979405,0.000109198183566419,0.00345314976423053,7.72534124608067e-05,NA,NA,NA,0.497855564781377,NA,NA,NA,"06_or_se_imputation",1000
4,0.1,100,0.25,3.07692307692308,"balanced_4_over_sqrtN","sample",1000,1000,0,-0.415195870362987,0,0,0,NA,NA,NA,0.430271206180789,NA,NA,NA,"06_or_se_imputation",1000
4,0.1,300,0.25,3.07692307692308,"balanced_4_over_sqrtN","sample",1000,1000,0,-0.381673212267992,0,0,0,NA,NA,NA,0.385055783008242,NA,NA,NA,"06_or_se_imputation",1000
4,0.1,1000,0.25,3.07692307692308,"balanced_4_over_sqrtN","sample",1000,1000,0,-0.375331480153308,0,0,0,NA,NA,NA,0.376320750892535,NA,NA,NA,"06_or_se_imputation",1000
4,0.1,50,0.5,3.07692307692308,"balanced_4_over_sqrtN","sample",1000,1000,0,-0.426391612040367,0.000162414238284868,0.00513598917421503,0.000114901674459603,NA,NA,NA,0.486844721198664,NA,NA,NA,"06_or_se_imputation",1000
4,0.1,100,0.5,3.07692307692308,"balanced_4_over_sqrtN","sample",1000,1000,0,-0.394302420084361,2.41923964783147e-05,0.000765030749293108,1.71151673270997e-05,NA,NA,NA,0.433540993631455,NA,NA,NA,"06_or_se_imputation",1000
4,0.1,300,0.5,3.07692307692308,"balanced_4_over_sqrtN","sample",1000,1000,0,-0.360200065902033,0,0,0,NA,NA,NA,0.370802791345085,NA,NA,NA,"06_or_se_imputation",1000
4,0.1,1000,0.5,3.07692307692308,"balanced_4_over_sqrtN","sample",1000,1000,0,-0.346842162836403,0,0,0,NA,NA,NA,0.349612721163523,NA,NA,NA,"06_or_se_imputation",1000
4,0.02,300,0.25,3.77358490566038,"balanced_4_over_sqrtN","sample",1000,1000,0,-1.11205973145091,1.14451490655172e-05,0.00036192739207182,8.09699202456075e-06,NA,NA,NA,1.13134637862925,NA,NA,NA,"06_or_se_imputation",1000
4,0.02,1000,0.25,3.77358490566038,"balanced_4_over_sqrtN","sample",1000,1000,0,-1.05728638370411,0,0,0,NA,NA,NA,1.06132938579878,NA,NA,NA,"06_or_se_imputation",1000
4,0.02,300,0.5,3.77358490566038,"balanced_4_over_sqrtN","sample",1000,1000,0,-1.13749358114094,2.37571755167346e-05,0.000751267854052689,1.68072656445036e-05,NA,NA,NA,1.1697971681224,NA,NA,NA,"06_or_se_imputation",1000
4,0.02,1000,0.5,3.77358490566038,"balanced_4_over_sqrtN","sample",1000,1000,0,-1.07784282907291,0,0,0,NA,NA,NA,1.08667120280197,NA,NA,NA,"06_or_se_imputation",1000
0.25,0.02,1000,0.25,0.253807106598985,"median_var","sample",1000,1000,0,-0.553882930797446,0.00358810539580126,0.113465855354719,0.00253844319604529,NA,NA,NA,0.622827577410159,NA,NA,NA,"06_or_se_imputation",1000
0.25,0.02,1000,0.5,0.253807106598985,"median_var","sample",1000,1000,0,-0.175234871606864,0.00415760152464815,0.131474904212768,0.00294133926903611,NA,NA,NA,0.299629924519341,NA,NA,NA,"06_or_se_imputation",1000
0.25,0.1,100,0.25,0.27027027027027,"median_var","sample",1000,1000,0,-0.376828783695673,0.00419853356753218,0.132769289060741,0.00297029707665258,NA,NA,NA,0.427991097262882,NA,NA,NA,"06_or_se_imputation",1000
0.25,0.1,300,0.25,0.27027027027027,"median_var","sample",1000,1000,0,-0.487692383560057,0.00287643073708033,0.0909607266089078,0.00203496141500786,NA,NA,NA,0.552601872699761,NA,NA,NA,"06_or_se_imputation",1000
0.25,0.1,1000,0.25,0.27027027027027,"median_var","sample",1000,1000,0,-0.437525974082256,0.00175306098998736,0.0554366560554971,0.0012402215797488,NA,NA,NA,0.470039289209636,NA,NA,NA,"06_or_se_imputation",1000
0.25,0.1,100,0.5,0.27027027027027,"median_var","sample",1000,998,0.002,-0.127477560241162,0.00489498659098858,0.154638196893607,0.00346301362390202,NA,NA,NA,0.219541944605363,NA,NA,NA,"06_or_se_imputation",1000
0.25,0.1,300,0.5,0.27027027027027,"median_var","sample",1000,1000,0,-0.0948769209151941,0.00331394078118616,0.104796008994659,0.00234448253330097,NA,NA,NA,0.196830305052733,NA,NA,NA,"06_or_se_imputation",1000
0.25,0.1,1000,0.5,0.27027027027027,"median_var","sample",1000,1000,0,-0.0471508447996225,0.00175319978117712,0.0554410450182848,0.00124031976904717,NA,NA,NA,0.0908374667121123,NA,NA,NA,"06_or_se_imputation",1000
0.25,0.3,50,0.25,0.32258064516129,"median_var","sample",1000,1000,0,-0.316119820784796,0.00245390099844736,0.0775991630765496,0.00173603827261223,NA,NA,NA,0.36231586294111,NA,NA,NA,"06_or_se_imputation",1000
0.25,0.3,100,0.25,0.32258064516129,"median_var","sample",1000,1000,0,-0.295210592356254,0.00318775918433105,0.100805796546066,0.00225521402508551,NA,NA,NA,0.342998118315505,NA,NA,NA,"06_or_se_imputation",1000
0.25,0.3,300,0.25,0.32258064516129,"median_var","sample",1000,1000,0,-0.256854894636602,0.00192377739704479,0.060835182858116,0.00136099671150923,NA,NA,NA,0.276401640761589,NA,NA,NA,"06_or_se_imputation",1000
0.25,0.3,1000,0.25,0.32258064516129,"median_var","sample",1000,1000,0,-0.24160168182709,0.000887375225138487,0.0280612685064232,0.000627783009169085,NA,NA,NA,0.246593057531111,NA,NA,NA,"06_or_se_imputation",1000
0.25,0.3,50,0.5,0.32258064516129,"median_var","sample",1000,1000,0,-0.0113694756863331,0.00359191988765768,0.113586480178544,0.00254114179874258,NA,NA,NA,0.128991828906023,NA,NA,NA,"06_or_se_imputation",1000
0.25,0.3,100,0.5,0.32258064516129,"median_var","sample",1000,1000,0,0.0306243760587387,0.00279797940718766,0.0884798777296071,0.00197946019009408,NA,NA,NA,0.103650171460437,NA,NA,NA,"06_or_se_imputation",1000
0.25,0.3,300,0.5,0.32258064516129,"median_var","sample",1000,1000,0,0.0586815255084935,0.0014965453452945,0.0473249191285377,0.0010587468678544,NA,NA,NA,0.0712405947759061,NA,NA,NA,"06_or_se_imputation",1000
0.25,0.3,1000,0.5,0.32258064516129,"median_var","sample",1000,1000,0,0.0688354530362975,0.00084915897011095,0.0268527644111345,0.000600746514458952,NA,NA,NA,0.0721169408258146,NA,NA,NA,"06_or_se_imputation",1000
0.25,0.5,50,0.25,0.4,"median_var","sample",1000,1000,0,-0.151004766619924,0.00335371433742554,0.106053759278272,0.00237262075726076,NA,NA,NA,0.195735095988624,NA,NA,NA,"06_or_se_imputation",1000
0.25,0.5,100,0.25,0.4,"median_var","sample",1000,1000,0,-0.103442420257823,0.00295870565618246,0.0935624879955963,0.0020931676786378,NA,NA,NA,0.13427809267515,NA,NA,NA,"06_or_se_imputation",1000
0.25,0.5,300,0.25,0.4,"median_var","sample",1000,1000,0,-0.0757239269720777,0.00149724878648965,0.0473471638923043,0.00105924452478436,NA,NA,NA,0.0834511167981524,NA,NA,NA,"06_or_se_imputation",1000
0.25,0.5,1000,0.25,0.4,"median_var","sample",1000,1000,0,-0.070783683861416,0.000817742016606849,0.0258592731089688,0.000578520257683919,NA,NA,NA,0.0730237493075773,NA,NA,NA,"06_or_se_imputation",1000
0.25,0.5,50,0.5,0.4,"median_var","sample",1000,1000,0,0.107170973591163,0.0029126162407944,0.0921050127090774,0.0020605612331754,NA,NA,NA,0.120833721400833,NA,NA,NA,"06_or_se_imputation",1000
0.25,0.5,100,0.5,0.4,"median_var","sample",1000,1000,0,0.132820917821474,0.00200938033491981,0.0635421854389857,0.00142155741729692,NA,NA,NA,0.135425627063965,NA,NA,NA,"06_or_se_imputation",1000
0.25,0.5,300,0.5,0.4,"median_var","sample",1000,1000,0,0.146531596831198,0.00113421880995305,0.0358671480445728,0.000802415119779097,NA,NA,NA,0.147089393230508,NA,NA,NA,"06_or_se_imputation",1000
0.25,0.5,1000,0.5,0.4,"median_var","sample",1000,1000,0,0.150154148742593,0.000624284699175138,0.0197416155778648,0.000441656827826381,NA,NA,NA,0.150271833783332,NA,NA,NA,"06_or_se_imputation",1000
0.5,0.02,300,0.25,0.505050505050505,"median_var","sample",1000,995,0.005,-0.237841668072341,0.00577644715870617,0.182210057539198,0.004086619050733,NA,NA,NA,0.322718885847882,NA,NA,NA,"06_or_se_imputation",1000
0.5,0.02,1000,0.25,0.505050505050505,"median_var","sample",1000,1000,0,-0.303751548120376,0.00367878950438508,0.116333538661788,0.00260259862991114,NA,NA,NA,0.411646983815941,NA,NA,NA,"06_or_se_imputation",1000
0.5,0.02,1000,0.5,0.505050505050505,"median_var","sample",1000,1000,0,0.0191650495258956,0.00403927634409362,0.127733133461739,0.00285762886581023,NA,NA,NA,0.130042376832791,NA,NA,NA,"06_or_se_imputation",1000
0.5,0.1,100,0.25,0.526315789473684,"median_var","sample",1000,1000,0,-0.250944848722516,0.00427185671338557,0.135087970521795,0.00302217031340921,NA,NA,NA,0.335704270287685,NA,NA,NA,"06_or_se_imputation",1000
0.5,0.1,300,0.25,0.526315789473684,"median_var","sample",1000,1000,0,-0.23469889541547,0.00270414983027959,0.0855127259804126,0.00191307946132039,NA,NA,NA,0.308173200775243,NA,NA,NA,"06_or_se_imputation",1000
0.5,0.1,1000,0.25,0.526315789473684,"median_var","sample",1000,1000,0,-0.195026840586641,0.00144804784344566,0.0457912934618322,0.0010244367960997,NA,NA,NA,0.219020754554132,NA,NA,NA,"06_or_se_imputation",1000
0.5,0.1,100,0.5,0.526315789473684,"median_var","sample",1000,1000,0,-0.0142829367840914,0.00499253756235436,0.157877900009847,0.00353202361920277,NA,NA,NA,0.152669539790508,NA,NA,NA,"06_or_se_imputation",1000
0.5,0.1,300,0.5,0.526315789473684,"median_var","sample",1000,1000,0,0.0675940792832053,0.00297382257265203,0.0940405268680198,0.00210386230143295,NA,NA,NA,0.0989873844057663,NA,NA,NA,"06_or_se_imputation",1000
0.5,0.1,1000,0.5,0.526315789473684,"median_var","sample",1000,1000,0,0.0915461100003547,0.0015787989299777,0.0499260058616622,0.00111693803822351,NA,NA,NA,0.0967047977630795,NA,NA,NA,"06_or_se_imputation",1000
0.5,0.3,50,0.25,0.588235294117647,"median_var","sample",1000,1000,0,-0.176841298430512,0.00264914091139335,0.0837731912273728,0.00187416281856179,NA,NA,NA,0.240357153159923,NA,NA,NA,"06_or_se_imputation",1000
0.5,0.3,100,0.25,0.588235294117647,"median_var","sample",1000,1000,0,-0.130242585171241,0.00230422926853219,0.0728661273978548,0.00163015142076889,NA,NA,NA,0.17854440216382,NA,NA,NA,"06_or_se_imputation",1000
0.5,0.3,300,0.25,0.588235294117647,"median_var","sample",1000,1000,0,-0.10366025190242,0.00108402743773564,0.0342799574936097,0.000766906701477184,NA,NA,NA,0.119378658775661,NA,NA,NA,"06_or_se_imputation",1000
0.5,0.3,1000,0.25,0.588235294117647,"median_var","sample",1000,1000,0,-0.0987462691188881,0.000622629181240531,0.0196892635040586,0.000440485614115115,NA,NA,NA,0.103881229889207,NA,NA,NA,"06_or_se_imputation",1000
0.5,0.3,50,0.5,0.588235294117647,"median_var","sample",1000,1000,0,0.08305089995689,0.00311034427343386,0.0983577221131254,0.00220044602577608,NA,NA,NA,0.107059067705836,NA,NA,NA,"06_or_se_imputation",1000
0.5,0.3,100,0.5,0.588235294117647,"median_var","sample",1000,1000,0,0.109262838379496,0.00214906760752612,0.0679594848547137,0.00152038065898223,NA,NA,NA,0.114680894092891,NA,NA,NA,"06_or_se_imputation",1000
0.5,0.3,300,0.5,0.588235294117647,"median_var","sample",1000,1000,0,0.125136692222007,0.0011054800316575,0.0349583480787276,0.000782083566443919,NA,NA,NA,0.125684383731325,NA,NA,NA,"06_or_se_imputation",1000
0.5,0.3,1000,0.5,0.588235294117647,"median_var","sample",1000,1000,0,0.129857305206017,0.00061992048368506,0.0196036069663804,0.000438569317317402,NA,NA,NA,0.129986128953212,NA,NA,NA,"06_or_se_imputation",1000
0.5,0.5,50,0.25,0.666666666666667,"median_var","sample",1000,1000,0,-0.0686715043710256,0.0020676489694339,0.0653848014511098,0.0014627801804293,NA,NA,NA,0.0983402975408814,NA,NA,NA,"06_or_se_imputation",1000
0.5,0.5,100,0.25,0.666666666666667,"median_var","sample",1000,1000,0,-0.0313637143907569,0.00134336924967725,0.0424810656761152,0.000950380815348979,NA,NA,NA,0.0462398228627356,NA,NA,NA,"06_or_se_imputation",1000
0.5,0.5,300,0.25,0.666666666666667,"median_var","sample",1000,1000,0,-0.0198578351967305,0.000656049350571019,0.0207461020527871,0.000464129067160538,NA,NA,NA,0.0247816595792983,NA,NA,NA,"06_or_se_imputation",1000
0.5,0.5,1000,0.25,0.666666666666667,"median_var","sample",1000,1000,0,-0.0169243574297547,0.000346622260513837,0.0109611583093997,0.000245221592383771,NA,NA,NA,0.0184600006603907,NA,NA,NA,"06_or_se_imputation",1000
0.5,0.5,50,0.5,0.666666666666667,"median_var","sample",1000,1000,0,0.132218823868089,0.00158904877509034,0.0502501344238612,0.00112418939979644,NA,NA,NA,0.133564910571085,NA,NA,NA,"06_or_se_imputation",1000
0.5,0.5,100,0.5,0.666666666666667,"median_var","sample",1000,1000,0,0.143337312147319,0.00108096159451828,0.0341830070184516,0.000764737738195242,NA,NA,NA,0.143691986172918,NA,NA,NA,"06_or_se_imputation",1000
0.5,0.5,300,0.5,0.666666666666667,"median_var","sample",1000,1000,0,0.148956099217558,0.000602846392716565,0.0190636768020069,0.000426490070677001,NA,NA,NA,0.149056840774335,NA,NA,NA,"06_or_se_imputation",1000
0.5,0.5,1000,0.5,0.666666666666667,"median_var","sample",1000,1000,0,0.150740409758081,0.000315725962343604,0.00998413157454342,0.000223363678743612,NA,NA,NA,0.150772908890876,NA,NA,NA,"06_or_se_imputation",1000
1,0.1,50,0.25,1,"median_var","sample",1000,993,0.00700000000000001,-0.103927418728397,0.00489797841015623,0.154344618172491,0.00346513897038469,NA,NA,NA,0.200656511931325,NA,NA,NA,"06_or_se_imputation",1000
1,0.3,50,0.25,1,"median_var","sample",1000,1000,0,-0.0628847481253478,0.00227373697052364,0.0719018762698584,0.0016085793213255,NA,NA,NA,0.125906347615978,NA,NA,NA,"06_or_se_imputation",1000
1,0.5,50,0.25,1,"median_var","sample",1000,1000,0,-0.0394965557886689,0.00121543732720953,0.0384355030716946,0.000859874020725502,NA,NA,NA,0.0548816801692403,NA,NA,NA,"06_or_se_imputation",1000
1,0.1,100,0.25,1,"median_var","sample",1000,1000,0,-0.0954118211770879,0.00422900704051661,0.133732944889205,0.0029918558581331,NA,NA,NA,0.20914241759392,NA,NA,NA,"06_or_se_imputation",1000
1,0.3,100,0.25,1,"median_var","sample",1000,1000,0,-0.0194722821779459,0.00148352317998239,0.0469131221040027,0.00104953419896988,NA,NA,NA,0.0614936424918444,NA,NA,NA,"06_or_se_imputation",1000
1,0.5,100,0.25,1,"median_var","sample",1000,1000,0,-0.00747226464432682,0.000515765022631951,0.0163099220896526,0.00036488343235131,NA,NA,NA,0.0155710653041611,NA,NA,NA,"06_or_se_imputation",1000
1,0.02,300,0.25,1,"median_var","sample",1000,998,0.002,-0.120853697624432,0.00582447735645275,0.184001867933125,0.00412059237805413,NA,NA,NA,0.236182975154017,NA,NA,NA,"06_or_se_imputation",1000
1,0.1,300,0.25,1,"median_var","sample",1000,1000,0,-0.0342894683129762,0.00245500484268655,0.0776340696963286,0.00173681919891995,NA,NA,NA,0.116153560986268,NA,NA,NA,"06_or_se_imputation",1000
1,0.3,300,0.25,1,"median_var","sample",1000,1000,0,-0.00493529468508565,0.000832732069598399,0.026333300205968,0.000589125129566804,NA,NA,NA,0.0322793908145084,NA,NA,NA,"06_or_se_imputation",1000
1,0.5,300,0.25,1,"median_var","sample",1000,1000,0,-0.00195733446266107,0.00019587927758528,0.00619424663597852,0.000138576871240869,NA,NA,NA,0.00474964192079428,NA,NA,NA,"06_or_se_imputation",1000
1,0.02,1000,0.25,1,"median_var","sample",1000,1000,0,-0.0620382966098355,0.00349572251273269,0.110544452081623,0.00247308594616325,NA,NA,NA,0.18238979848354,NA,NA,NA,"06_or_se_imputation",1000
1,0.1,1000,0.25,1,"median_var","sample",1000,1000,0,-0.0114280606997272,0.00133203117928771,0.0421225244090927,0.00094235957726877,NA,NA,NA,0.0532504135233794,NA,NA,NA,"06_or_se_imputation",1000
1,0.3,1000,0.25,1,"median_var","sample",1000,1000,0,-0.00199249315804028,0.000435455460771949,0.0137703107559746,0.000308067581535039,NA,NA,NA,0.0159929707910923,NA,NA,NA,"06_or_se_imputation",1000
1,0.5,1000,0.25,1,"median_var","sample",1000,1000,0,-0.000633174246966679,5.85500929654679e-05,0.00185151650985481,4.14218838972597e-05,NA,NA,NA,0.00144105167673239,NA,NA,NA,"06_or_se_imputation",1000
1,0.1,50,0.5,1,"median_var","sample",1000,994,0.00600000000000001,0.00728281760397991,0.00507496959797984,0.160002451612146,0.00359035188351796,NA,NA,NA,0.113991299632428,NA,NA,NA,"06_or_se_imputation",1000
1,0.3,50,0.5,1,"median_var","sample",1000,1000,0,0.115339850043584,0.00225157670247027,0.0712011070637733,0.00159290180479312,NA,NA,NA,0.119749429421065,NA,NA,NA,"06_or_se_imputation",1000
1,0.5,50,0.5,1,"median_var","sample",1000,1000,0,0.133907268328844,0.00093976212472295,0.0297178877288376,0.000664844676579329,NA,NA,NA,0.134423766361412,NA,NA,NA,"06_or_se_imputation",1000
1,0.1,100,0.5,1,"median_var","sample",1000,1000,0,0.065549025708548,0.00427791072980553,0.135279415330586,0.00302645329149786,NA,NA,NA,0.105472185440273,NA,NA,NA,"06_or_se_imputation",1000
1,0.3,100,0.5,1,"median_var","sample",1000,1000,0,0.131451323568268,0.00144765818457317,0.0457789713663565,0.00102416112779999,NA,NA,NA,0.131712353579558,NA,NA,NA,"06_or_se_imputation",1000
1,0.5,100,0.5,1,"median_var","sample",1000,1000,0,0.140093310933906,0.000438468256020964,0.0138655837070808,0.000310199015469474,NA,NA,NA,0.140211326394621,NA,NA,NA,"06_or_se_imputation",1000
1,0.02,300,0.5,1,"median_var","sample",1000,997,0.003,0.00684689135084002,0.00580884005312762,0.183415906874325,0.00410953165811651,NA,NA,NA,0.136561424100033,NA,NA,NA,"06_or_se_imputation",1000
1,0.1,300,0.5,1,"median_var","sample",1000,1000,0,0.12034191284252,0.00244907998632544,0.0774467092872243,0.00173262759648403,NA,NA,NA,0.121893557409427,NA,NA,NA,"06_or_se_imputation",1000
1,0.3,300,0.5,1,"median_var","sample",1000,1000,0,0.139735351997886,0.000790675628103349,0.0250033587519082,0.000559371854234392,NA,NA,NA,0.139750333005927,NA,NA,NA,"06_or_se_imputation",1000
1,0.5,300,0.5,1,"median_var","sample",1000,1000,0,0.142940613243164,0.000163937891055267,0.0051841713053919,0.000115979598762686,NA,NA,NA,0.142957147773852,NA,NA,NA,"06_or_se_imputation",1000
1,0.02,1000,0.5,1,"median_var","sample",1000,1000,0,0.100258104272414,0.00348556943767374,0.110223383657213,0.00246590304559057,NA,NA,NA,0.110599142915006,NA,NA,NA,"06_or_se_imputation",1000
1,0.1,1000,0.5,1,"median_var","sample",1000,1000,0,0.137236204648359,0.00130500514238428,0.0412678860816666,0.000923239720986436,NA,NA,NA,0.13732182178375,NA,NA,NA,"06_or_se_imputation",1000
1,0.3,1000,0.5,1,"median_var","sample",1000,1000,0,0.142547295518734,0.00044745498743968,0.0141497691071142,0.000316556773870668,NA,NA,NA,0.142548531525851,NA,NA,NA,"06_or_se_imputation",1000
1,0.5,1000,0.5,1,"median_var","sample",1000,1000,0,0.14357942103304,4.55947441652474e-05,0.00144183240894855,3.22564850623213e-05,NA,NA,NA,0.143580819418203,NA,NA,NA,"06_or_se_imputation",1000
2,0.5,50,0.25,1.33333333333333,"median_var","sample",1000,1000,0,-0.0647933933280112,0.00231949349153441,0.0733488245118521,0.00164095025713201,NA,NA,NA,0.0914155902753113,NA,NA,NA,"06_or_se_imputation",1000
2,0.5,100,0.25,1.33333333333333,"median_var","sample",1000,1000,0,-0.0289045965819882,0.0016023381682227,0.0506703819340577,0.00113359112183501,NA,NA,NA,0.0407136990398449,NA,NA,NA,"06_or_se_imputation",1000
2,0.5,300,0.25,1.33333333333333,"median_var","sample",1000,1000,0,-0.0181585463764609,0.000747623389095679,0.0236419274155664,0.000528914091396261,NA,NA,NA,0.0218913983158474,NA,NA,NA,"06_or_se_imputation",1000
2,0.5,1000,0.25,1.33333333333333,"median_var","sample",1000,1000,0,-0.0150156240782953,0.000403296196792183,0.0127533455354679,0.000285316169345534,NA,NA,NA,0.0162426821455693,NA,NA,NA,"06_or_se_imputation",1000
2,0.5,50,0.5,1.33333333333333,"median_var","sample",1000,1000,0,0.137098638585474,0.00184179344236869,0.0582426225744713,0.00130299629374671,NA,NA,NA,0.138662888895575,NA,NA,NA,"06_or_se_imputation",1000
2,0.5,100,0.5,1.33333333333333,"median_var","sample",1000,1000,0,0.147773004876626,0.00123185791879666,0.0389547677711219,0.000871490942301486,NA,NA,NA,0.148337717670807,NA,NA,NA,"06_or_se_imputation",1000
2,0.5,300,0.5,1.33333333333333,"median_var","sample",1000,1000,0,0.15384856198793,0.000721568635170055,0.0228180037527645,0.000510481379552141,NA,NA,NA,0.154086005261913,NA,NA,NA,"06_or_se_imputation",1000
2,0.5,1000,0.5,1.33333333333333,"median_var","sample",1000,1000,0,0.155474369428231,0.000389250878063039,0.0123091935589967,0.000275379659730738,NA,NA,NA,0.155545850258268,NA,NA,NA,"06_or_se_imputation",1000
2,0.3,50,0.25,1.53846153846154,"median_var","sample",1000,1000,0,0.00628742232901677,0.00213217198297897,0.0674251982941132,0.00150842767030335,NA,NA,NA,0.0563661978781452,NA,NA,NA,"06_or_se_imputation",1000
2,0.3,100,0.25,1.53846153846154,"median_var","sample",1000,1000,0,0.0346476305835863,0.0013699350654799,0.0433211505344839,0.000969175083335239,NA,NA,NA,0.0490565453031786,NA,NA,NA,"06_or_se_imputation",1000
2,0.3,300,0.25,1.53846153846154,"median_var","sample",1000,1000,0,0.0440152606541578,0.000772302353259116,0.0244223447860677,0.0005463734861898,NA,NA,NA,0.0480530883784333,NA,NA,NA,"06_or_se_imputation",1000
2,0.3,1000,0.25,1.53846153846154,"median_var","sample",1000,1000,0,0.0479748687954042,0.000407297898929753,0.0128798904681908,0.000288147215940654,NA,NA,NA,0.0489855298816998,NA,NA,NA,"06_or_se_imputation",1000
2,0.3,50,0.5,1.53846153846154,"median_var","sample",1000,1000,0,0.126388780701118,0.00168719433995805,0.0533537696961189,0.00119362352000149,NA,NA,NA,0.128475273573339,NA,NA,NA,"06_or_se_imputation",1000
2,0.3,100,0.5,1.53846153846154,"median_var","sample",1000,1000,0,0.139964861396835,0.0012102024670495,0.0382699622583131,0.000856170563415966,NA,NA,NA,0.140329768050846,NA,NA,NA,"06_or_se_imputation",1000
2,0.3,300,0.5,1.53846153846154,"median_var","sample",1000,1000,0,0.145814787410969,0.000648535671027317,0.0205084986431199,0.000458813434922618,NA,NA,NA,0.145882983834687,NA,NA,NA,"06_or_se_imputation",1000
2,0.3,1000,0.5,1.53846153846154,"median_var","sample",1000,1000,0,0.147547968156653,0.000358815448396116,0.0113467407658634,0.000253847792398434,NA,NA,NA,0.147565843921749,NA,NA,NA,"06_or_se_imputation",1000
4,0.5,50,0.25,1.6,"median_var","sample",1000,1000,0,-0.141163771054123,0.00385985084907075,0.122059201115984,0.00273069239745263,NA,NA,NA,0.172215684303805,NA,NA,NA,"06_or_se_imputation",1000
4,0.5,100,0.25,1.6,"median_var","sample",1000,1000,0,-0.0873023800862752,0.00359327448993105,0.113629316463619,0.00254210012647961,NA,NA,NA,0.113138665468504,NA,NA,NA,"06_or_se_imputation",1000
4,0.5,300,0.25,1.6,"median_var","sample",1000,1000,0,-0.0597097133232206,0.00178259079098992,0.0563704703556931,0.00126111275048287,NA,NA,NA,0.065073113359899,NA,NA,NA,"06_or_se_imputation",1000
4,0.5,1000,0.25,1.6,"median_var","sample",1000,1000,0,-0.052359225296563,0.000974979191026036,0.0308315491491067,0.000689759363435059,NA,NA,NA,0.0538572446424059,NA,NA,NA,"06_or_se_imputation",1000
4,0.5,50,0.5,1.6,"median_var","sample",1000,1000,0,0.128494952727096,0.0030840420674534,0.097525973329274,0.00218183825135279,NA,NA,NA,0.138972098870576,NA,NA,NA,"06_or_se_imputation",1000
4,0.5,100,0.5,1.6,"median_var","sample",1000,1000,0,0.162599909479732,0.00269481687011401,0.085217591866064,0.00190647675972221,NA,NA,NA,0.164237816400047,NA,NA,NA,"06_or_se_imputation",1000
4,0.5,300,0.5,1.6,"median_var","sample",1000,1000,0,0.182000165746924,0.00151210314706079,0.0478169000182064,0.00106975339962609,NA,NA,NA,0.182757169319265,NA,NA,NA,"06_or_se_imputation",1000
4,0.5,1000,0.5,1.6,"median_var","sample",1000,1000,0,0.187312125137566,0.000840122842524348,0.026567016967119,0.000594353810215189,NA,NA,NA,0.187553016686287,NA,NA,NA,"06_or_se_imputation",1000
2,0.1,50,0.25,1.81818181818182,"median_var","sample",1000,998,0.002,-0.0219811073057325,0.00482814571310869,0.152526617496605,0.00341572628890549,NA,NA,NA,0.149627289086368,NA,NA,NA,"06_or_se_imputation",1000
2,0.1,100,0.25,1.81818181818182,"median_var","sample",1000,1000,0,0.044832388247451,0.00380589513282356,0.120352971554715,0.00269252085406494,NA,NA,NA,0.116059407032281,NA,NA,NA,"06_or_se_imputation",1000
2,0.1,300,0.25,1.81818181818182,"median_var","sample",1000,1000,0,0.0829719328725469,0.00207992909096407,0.0657731329908999,0.00147146788257466,NA,NA,NA,0.0940113553415318,NA,NA,NA,"06_or_se_imputation",1000
2,0.1,1000,0.25,1.81818181818182,"median_var","sample",1000,1000,0,0.0979576374324821,0.00116253591760931,0.0367626136139928,0.000822448357750826,NA,NA,NA,0.10055177659896,NA,NA,NA,"06_or_se_imputation",1000
2,0.1,50,0.5,1.81818181818182,"median_var","sample",1000,1000,0,0.0233305951833752,0.00456199231364269,0.144262863792921,0.00322742981923784,NA,NA,NA,0.109792580165559,NA,NA,NA,"06_or_se_imputation",1000
2,0.1,100,0.5,1.81818181818182,"median_var","sample",1000,1000,0,0.0584902439959393,0.00327095512371712,0.103436683151439,0.0023140718742781,NA,NA,NA,0.106086714173804,NA,NA,NA,"06_or_se_imputation",1000
2,0.1,300,0.5,1.81818181818182,"median_var","sample",1000,1000,0,0.0990397844132599,0.00194531551722704,0.0615162780210596,0.00137623408293545,NA,NA,NA,0.104697245671281,NA,NA,NA,"06_or_se_imputation",1000
2,0.1,1000,0.5,1.81818181818182,"median_var","sample",1000,1000,0,0.110531814319226,0.00102961686987686,0.032559344261441,0.000728413368495471,NA,NA,NA,0.111781636801337,NA,NA,NA,"06_or_se_imputation",1000
2,0.02,300,0.25,1.96078431372549,"median_var","sample",1000,1000,0,0.00644876921812305,0.00568763578152023,0.179858835710757,0.00402377822236731,NA,NA,NA,0.151923366874162,NA,NA,NA,"06_or_se_imputation",1000
2,0.02,1000,0.25,1.96078431372549,"median_var","sample",1000,1000,0,0.0818796846546564,0.00310078707397499,0.0980554969296999,0.00219368468371294,NA,NA,NA,0.103458015323598,NA,NA,NA,"06_or_se_imputation",1000
2,0.02,300,0.5,1.96078431372549,"median_var","sample",1000,999,0.001,-0.0274327801078189,0.00520795535179251,0.164607643040407,0.00368442506366441,NA,NA,NA,0.168262136198508,NA,NA,NA,"06_or_se_imputation",1000
2,0.02,1000,0.5,1.96078431372549,"median_var","sample",1000,1000,0,0.0593185874526542,0.00284759540567425,0.0900488733656178,0.00201456155415118,NA,NA,NA,0.0964069225549192,NA,NA,NA,"06_or_se_imputation",1000
4,0.3,50,0.25,2.10526315789474,"median_var","sample",1000,1000,0,0.0143006867202335,0.00299699780722372,0.0947733921335717,0.00212025786678733,NA,NA,NA,0.0597193730915277,NA,NA,NA,"06_or_se_imputation",1000
4,0.3,100,0.25,2.10526315789474,"median_var","sample",1000,1000,0,0.0509571645814245,0.00215103822266217,0.0680218011769286,0.00152177479154867,NA,NA,NA,0.0604510154753622,NA,NA,NA,"06_or_se_imputation",1000
4,0.3,300,0.25,2.10526315789474,"median_var","sample",1000,1000,0,0.0622870906899601,0.00119397305038269,0.0377567430406828,0.000844688890563808,NA,NA,NA,0.0652855610976549,NA,NA,NA,"06_or_se_imputation",1000
4,0.3,1000,0.25,2.10526315789474,"median_var","sample",1000,1000,0,0.0672102712274975,0.00067106739502819,0.0212210143176503,0.000474753741902484,NA,NA,NA,0.0680585164069435,NA,NA,NA,"06_or_se_imputation",1000
4,0.3,50,0.5,2.10526315789474,"median_var","sample",1000,1000,0,0.150758679015921,0.00277443964017688,0.0877354849361694,0.00196280673240163,NA,NA,NA,0.154787809106055,NA,NA,NA,"06_or_se_imputation",1000
4,0.3,100,0.5,2.10526315789474,"median_var","sample",1000,1000,0,0.170188724861287,0.00195865904139225,0.0619382373048154,0.001385674100547,NA,NA,NA,0.171873231661748,NA,NA,NA,"06_or_se_imputation",1000
4,0.3,300,0.5,2.10526315789474,"median_var","sample",1000,1000,0,0.180641092669945,0.001131257849213,0.0357735142445639,0.000800320356717475,NA,NA,NA,0.181318981129316,NA,NA,NA,"06_or_se_imputation",1000
4,0.3,1000,0.5,2.10526315789474,"median_var","sample",1000,1000,0,0.184849540962259,0.00064751780462729,0.0204763108813415,0.000458093334548572,NA,NA,NA,0.185078494242674,NA,NA,NA,"06_or_se_imputation",1000
4,0.1,50,0.25,3.07692307692308,"median_var","sample",1000,999,0.001,0.0627969527910611,0.00443396171680741,0.140144056205062,0.00313685478795644,NA,NA,NA,0.108092789863276,NA,NA,NA,"06_or_se_imputation",1000
4,0.1,100,0.25,3.07692307692308,"median_var","sample",1000,1000,0,0.110197474680871,0.00319046658483415,0.100891412067347,0.00225712940426978,NA,NA,NA,0.120346882627354,NA,NA,NA,"06_or_se_imputation",1000
4,0.1,300,0.25,3.07692307692308,"median_var","sample",1000,1000,0,0.137979122994573,0.00173024154729632,0.0547150419171033,0.00122407772313177,NA,NA,NA,0.139223016848926,NA,NA,NA,"06_or_se_imputation",1000
4,0.1,1000,0.25,3.07692307692308,"median_var","sample",1000,1000,0,0.145580247691372,0.000961081067001281,0.0303920518778894,0.000679926988274141,NA,NA,NA,0.145915790866015,NA,NA,NA,"06_or_se_imputation",1000
4,0.1,50,0.5,3.07692307692308,"median_var","sample",1000,1000,0,0.000300601215005461,0.00377025026457386,0.119225781849059,0.0026673035141874,NA,NA,NA,0.127483503798832,NA,NA,NA,"06_or_se_imputation",1000
4,0.1,100,0.5,3.07692307692308,"median_var","sample",1000,1000,0,0.0343983381928678,0.00288428432906142,0.0912090789936466,0.00204051752190267,NA,NA,NA,0.10155524295657,NA,NA,NA,"06_or_se_imputation",1000
4,0.1,300,0.5,3.07692307692308,"median_var","sample",1000,1000,0,0.0620671146666695,0.00155542288700603,0.0491867904769377,0.00110040040883801,NA,NA,NA,0.0746964865114077,NA,NA,NA,"06_or_se_imputation",1000
4,0.1,1000,0.5,3.07692307692308,"median_var","sample",1000,1000,0,0.072222078352379,0.000808625078714496,0.0255709702187075,0.000572070383332767,NA,NA,NA,0.0748637943735555,NA,NA,NA,"06_or_se_imputation",1000
4,0.02,300,0.25,3.77358490566038,"median_var","sample",1000,1000,0,0.0565103359658574,0.0047526479145862,0.150291923269418,0.00336231114506771,NA,NA,NA,0.110418365841747,NA,NA,NA,"06_or_se_imputation",1000
4,0.02,1000,0.25,3.77358490566038,"median_var","sample",1000,1000,0,0.118433200515161,0.00253121565667559,0.0800440672417364,0.00179073534710833,NA,NA,NA,0.121342960532402,NA,NA,NA,"06_or_se_imputation",1000
4,0.02,300,0.5,3.77358490566038,"median_var","sample",1000,1000,0,-0.124326549742832,0.00402754833417469,0.12736226122409,0.00284933176087661,NA,NA,NA,0.237661827446185,NA,NA,NA,"06_or_se_imputation",1000
4,0.02,1000,0.5,3.77358490566038,"median_var","sample",1000,1000,0,-0.0653811526030695,0.00215375684898943,0.0681077716899392,0.00152369811256123,NA,NA,NA,0.120981841066928,NA,NA,NA,"06_or_se_imputation",1000
0.25,0.02,1000,0.25,0.253807106598985,"metafor_conv2x2_balanced","sample",1000,1000,0,-0.366845162365189,0.00881811213125338,0.278853189975224,0.0062384668989206,NA,NA,NA,0.377767328466079,NA,NA,NA,"06_or_se_imputation",1000
0.25,0.02,1000,0.5,0.253807106598985,"metafor_conv2x2_balanced","sample",1000,938,0.0620000000000001,-0.00700784168907122,0.00725347432227024,0.222150603374639,0.00513171706675361,NA,NA,NA,0.0468799789163193,NA,NA,NA,"06_or_se_imputation",1000
0.25,0.1,100,0.25,0.27027027027027,"metafor_conv2x2_balanced","sample",1000,997,0.003,-0.281506357181792,0.0065196798132649,0.205860890391767,0.00461242353866661,NA,NA,NA,0.294181063349069,NA,NA,NA,"06_or_se_imputation",1000
0.25,0.1,300,0.25,0.27027027027027,"metafor_conv2x2_balanced","sample",1000,1000,0,-0.388549104893207,0.00796855709757286,0.251987900934308,0.00563744018509109,NA,NA,NA,0.403000858402374,NA,NA,NA,"06_or_se_imputation",1000
0.25,0.1,1000,0.25,0.27027027027027,"metafor_conv2x2_balanced","sample",1000,1000,0,-0.394555807363027,0.00482964722673337,0.152726855315931,0.00341678512463611,NA,NA,NA,0.39930141882656,NA,NA,NA,"06_or_se_imputation",1000
0.25,0.1,100,0.5,0.27027027027027,"metafor_conv2x2_balanced","sample",1000,840,0.16,-0.0327030284986026,0.00623523723914276,0.180714343868576,0.00441160527162349,NA,NA,NA,0.0946453234976063,NA,NA,NA,"06_or_se_imputation",1000
0.25,0.1,300,0.5,0.27027027027027,"metafor_conv2x2_balanced","sample",1000,992,0.00800000000000001,-0.00199060540029195,0.00700672356837214,0.220683986193546,0.0049570008674129,NA,NA,NA,0.0255966252658492,NA,NA,NA,"06_or_se_imputation",1000
0.25,0.1,1000,0.5,0.27027027027027,"metafor_conv2x2_balanced","sample",1000,1000,0,0,0.00347716386968724,0.109957576258566,0.00245995643741982,NA,NA,NA,0,NA,NA,NA,"06_or_se_imputation",1000
0.25,0.3,50,0.25,0.32258064516129,"metafor_conv2x2_balanced","sample",1000,1000,0,-0.371391442105144,0.00462482883296011,0.146249929005723,0.00327188418089375,NA,NA,NA,0.395335083285366,NA,NA,NA,"06_or_se_imputation",1000
0.25,0.3,100,0.25,0.32258064516129,"metafor_conv2x2_balanced","sample",1000,1000,0,-0.360404695356353,0.00513255124892451,0.162305521541433,0.00363107778590677,NA,NA,NA,0.378369948997796,NA,NA,NA,"06_or_se_imputation",1000
0.25,0.3,300,0.25,0.32258064516129,"metafor_conv2x2_balanced","sample",1000,1000,0,-0.3463070507761,0.00313242768748572,0.09905606098229,0.00221606917113045,NA,NA,NA,0.352573197479732,NA,NA,NA,"06_or_se_imputation",1000
0.25,0.3,1000,0.25,0.32258064516129,"metafor_conv2x2_balanced","sample",1000,1000,0,-0.341264983701224,0.00139815812646924,0.0442136420871655,0.000989141786995558,NA,NA,NA,0.342964741359169,NA,NA,NA,"06_or_se_imputation",1000
0.25,0.3,50,0.5,0.32258064516129,"metafor_conv2x2_balanced","sample",1000,934,0.0659999999999999,-0.00282491229547519,0.00582651598898655,0.178066564869156,0.00412217628997708,NA,NA,NA,0.0288099742535152,NA,NA,NA,"06_or_se_imputation",1000
0.25,0.3,100,0.5,0.32258064516129,"metafor_conv2x2_balanced","sample",1000,998,0.002,-0.0012825776068561,0.00541706716907002,0.171131316481782,0.00383236543336338,NA,NA,NA,0.0202594679091878,NA,NA,NA,"06_or_se_imputation",1000
0.25,0.3,300,0.5,0.32258064516129,"metafor_conv2x2_balanced","sample",1000,1000,0,0,0.00266917393938832,0.0844066911963131,0.00188833539656619,NA,NA,NA,0,NA,NA,NA,"06_or_se_imputation",1000
0.25,0.3,1000,0.5,0.32258064516129,"metafor_conv2x2_balanced","sample",1000,1000,0,0,0.0014845055502626,0.0469441873799139,0.0010502291872377,NA,NA,NA,0,NA,NA,NA,"06_or_se_imputation",1000
0.25,0.5,50,0.25,0.4,"metafor_conv2x2_balanced","sample",1000,1000,0,-0.290609358084635,0.00334924714295145,0.105912494185381,0.00236946039317796,NA,NA,NA,0.313715644463121,NA,NA,NA,"06_or_se_imputation",1000
0.25,0.5,100,0.25,0.4,"metafor_conv2x2_balanced","sample",1000,1000,0,-0.265914569918767,0.00257536648797489,0.0814402391166928,0.00182197032070821,NA,NA,NA,0.280684552208606,NA,NA,NA,"06_or_se_imputation",1000
0.25,0.5,300,0.25,0.4,"metafor_conv2x2_balanced","sample",1000,1000,0,-0.248946590696524,0.00107106633939915,0.0338700915764026,0.00075773723507187,NA,NA,NA,0.25248703002971,NA,NA,NA,"06_or_se_imputation",1000
0.25,0.5,1000,0.25,0.4,"metafor_conv2x2_balanced","sample",1000,1000,0,-0.246850669995183,0.000557252081874342,0.0176218580959355,0.000394233892173647,NA,NA,NA,0.247886476880637,NA,NA,NA,"06_or_se_imputation",1000
0.25,0.5,50,0.5,0.4,"metafor_conv2x2_balanced","sample",1000,997,0.003,-0.000303884392244965,0.00391848476243192,0.123727358595061,0.00277217775593439,NA,NA,NA,0.00959524291920437,NA,NA,NA,"06_or_se_imputation",1000
0.25,0.5,100,0.5,0.4,"metafor_conv2x2_balanced","sample",1000,1000,0,0,0.00247030052127185,0.0781177615232028,0.00174764028886876,NA,NA,NA,0,NA,NA,NA,"06_or_se_imputation",1000
0.25,0.5,300,0.5,0.4,"metafor_conv2x2_balanced","sample",1000,1000,0,0,0.00129934302399254,0.0410888341766725,0.000919233995311956,NA,NA,NA,0,NA,NA,NA,"06_or_se_imputation",1000
0.25,0.5,1000,0.5,0.4,"metafor_conv2x2_balanced","sample",1000,1000,0,0,0.000682577590700364,0.0215849986640332,0.000482896751838416,NA,NA,NA,0,NA,NA,NA,"06_or_se_imputation",1000
0.5,0.02,300,0.25,0.505050505050505,"metafor_conv2x2_balanced","sample",1000,963,0.037,-0.205456385986609,0.0057040914992847,0.17701074379376,0.00403549759781427,NA,NA,NA,0.24039240251182,NA,NA,NA,"06_or_se_imputation",1000
0.5,0.02,1000,0.25,0.505050505050505,"metafor_conv2x2_balanced","sample",1000,1000,0,-0.290593879290602,0.00741545358027971,0.234497231969342,0.00524614123890504,NA,NA,NA,0.316844513145259,NA,NA,NA,"06_or_se_imputation",1000
0.5,0.02,1000,0.5,0.505050505050505,"metafor_conv2x2_balanced","sample",1000,997,0.003,-0.000887706685861116,0.0059175626275919,0.186848855519957,0.00418644871171525,NA,NA,NA,0.0163522312344667,NA,NA,NA,"06_or_se_imputation",1000
0.5,0.1,100,0.25,0.526315789473684,"metafor_conv2x2_balanced","sample",1000,997,0.003,-0.232191011408677,0.00672154014677352,0.212234692354606,0.0047552319863919,NA,NA,NA,0.260616197152202,NA,NA,NA,"06_or_se_imputation",1000
0.5,0.1,300,0.25,0.526315789473684,"metafor_conv2x2_balanced","sample",1000,1000,0,-0.283831030958979,0.00515935710166326,0.163153197034208,0.00365004187056785,NA,NA,NA,0.302338120934297,NA,NA,NA,"06_or_se_imputation",1000
0.5,0.1,1000,0.25,0.526315789473684,"metafor_conv2x2_balanced","sample",1000,1000,0,-0.283206766504058,0.00227344806945256,0.0718927404158277,0.00160837493520043,NA,NA,NA,0.288980366826478,NA,NA,NA,"06_or_se_imputation",1000
0.5,0.1,100,0.5,0.526315789473684,"metafor_conv2x2_balanced","sample",1000,944,0.056,-0.00755404411200988,0.00662755511752825,0.203628867239068,0.00468887333777098,NA,NA,NA,0.0458822140240143,NA,NA,NA,"06_or_se_imputation",1000
0.5,0.1,300,0.5,0.526315789473684,"metafor_conv2x2_balanced","sample",1000,1000,0,0,0.00420999973423066,0.133131881088724,0.00297840893782436,NA,NA,NA,0,NA,NA,NA,"06_or_se_imputation",1000
0.5,0.1,1000,0.5,0.526315789473684,"metafor_conv2x2_balanced","sample",1000,1000,0,0,0.00200858257311415,0.0635169579956239,0.00142099303225126,NA,NA,NA,0,NA,NA,NA,"06_or_se_imputation",1000
0.5,0.3,50,0.25,0.588235294117647,"metafor_conv2x2_balanced","sample",1000,1000,0,-0.27157896873287,0.00401888381929907,0.127088265205816,0.00284320195798431,NA,NA,NA,0.301659584330041,NA,NA,NA,"06_or_se_imputation",1000
0.5,0.3,100,0.25,0.588235294117647,"metafor_conv2x2_balanced","sample",1000,1000,0,-0.242655438634047,0.00329763135118248,0.104280259533152,0.0023329442541655,NA,NA,NA,0.259557340340478,NA,NA,NA,"06_or_se_imputation",1000
0.5,0.3,300,0.25,0.588235294117647,"metafor_conv2x2_balanced","sample",1000,1000,0,-0.233338258927858,0.00139593890064048,0.0441434640045541,0.000987571772159293,NA,NA,NA,0.23848679499713,NA,NA,NA,"06_or_se_imputation",1000
0.5,0.3,1000,0.25,0.588235294117647,"metafor_conv2x2_balanced","sample",1000,1000,0,-0.232824526589476,0.000774422610509147,0.0244893932074235,0.000547873484655983,NA,NA,NA,0.234401271384323,NA,NA,NA,"06_or_se_imputation",1000
0.5,0.3,50,0.5,0.588235294117647,"metafor_conv2x2_balanced","sample",1000,994,0.00600000000000001,-0.000226605844918993,0.00446170300182847,0.140667526154639,0.00315648861870802,NA,NA,NA,0.00714437594879652,NA,NA,NA,"06_or_se_imputation",1000
0.5,0.3,100,0.5,0.588235294117647,"metafor_conv2x2_balanced","sample",1000,1000,0,0,0.00302343606594077,0.0956094432827188,0.00213896189316129,NA,NA,NA,0,NA,NA,NA,"06_or_se_imputation",1000
0.5,0.3,300,0.5,0.588235294117647,"metafor_conv2x2_balanced","sample",1000,1000,0,0,0.00136623191134082,0.0432040465184221,0.000966555247686245,NA,NA,NA,0,NA,NA,NA,"06_or_se_imputation",1000
0.5,0.3,1000,0.5,0.588235294117647,"metafor_conv2x2_balanced","sample",1000,1000,0,0,0.000756172672622196,0.0239122794986299,0.000534962372649187,NA,NA,NA,0,NA,NA,NA,"06_or_se_imputation",1000
0.5,0.5,50,0.25,0.666666666666667,"metafor_conv2x2_balanced","sample",1000,1000,0,-0.205628941788203,0.00187660491671279,0.0593434580508298,0.0013276240402718,NA,NA,NA,0.218218764123791,NA,NA,NA,"06_or_se_imputation",1000
0.5,0.5,100,0.25,0.666666666666667,"metafor_conv2x2_balanced","sample",1000,1000,0,-0.178512824297564,0.00100329333586522,0.0317269210260239,0.000709790505330436,NA,NA,NA,0.182946602437626,NA,NA,NA,"06_or_se_imputation",1000
0.5,0.5,300,0.25,0.666666666666667,"metafor_conv2x2_balanced","sample",1000,1000,0,-0.171587612174326,0.000441880908450919,0.0139735012524925,0.000312613332605037,NA,NA,NA,0.172661799623,NA,NA,NA,"06_or_se_imputation",1000
0.5,0.5,1000,0.25,0.666666666666667,"metafor_conv2x2_balanced","sample",1000,1000,0,-0.169978292435356,0.000226959851189521,0.00717710067171761,0.000160565152490131,NA,NA,NA,0.170265170841655,NA,NA,NA,"06_or_se_imputation",1000
0.5,0.5,50,0.5,0.666666666666667,"metafor_conv2x2_balanced","sample",1000,1000,0,0,0.00171510381727272,0.0542363448623104,0.00121336837556719,NA,NA,NA,0,NA,NA,NA,"06_or_se_imputation",1000
0.5,0.5,100,0.5,0.666666666666667,"metafor_conv2x2_balanced","sample",1000,1000,0,0,0.001010134823837,0.0319432678717785,0.000714630588515592,NA,NA,NA,0,NA,NA,NA,"06_or_se_imputation",1000
0.5,0.5,300,0.5,0.666666666666667,"metafor_conv2x2_balanced","sample",1000,1000,0,0,0.000517619008921608,0.016368550283913,0.000366195054604114,NA,NA,NA,0,NA,NA,NA,"06_or_se_imputation",1000
0.5,0.5,1000,0.5,0.666666666666667,"metafor_conv2x2_balanced","sample",1000,1000,0,0,0.000262639227307265,0.00830538161197648,0.000185806905324708,NA,NA,NA,0,NA,NA,NA,"06_or_se_imputation",1000
1,0.1,50,0.25,1,"metafor_conv2x2_balanced","sample",1000,927,0.073,-0.137595481408224,0.0055303558335602,0.168380945013533,0.00391266307174361,NA,NA,NA,0.194703598835505,NA,NA,NA,"06_or_se_imputation",1000
1,0.3,50,0.25,1,"metafor_conv2x2_balanced","sample",1000,1000,0,-0.175372293245736,0.00304377940216819,0.0962527560595713,0.00215335400201399,NA,NA,NA,0.20290951197922,NA,NA,NA,"06_or_se_imputation",1000
1,0.5,50,0.25,1,"metafor_conv2x2_balanced","sample",1000,1000,0,-0.172595323735564,0.00106760966270309,0.0337607818614587,0.000755291772502593,NA,NA,NA,0.176938448192805,NA,NA,NA,"06_or_se_imputation",1000
1,0.1,100,0.25,1,"metafor_conv2x2_balanced","sample",1000,998,0.002,-0.146866121793483,0.00600114500632053,0.189583000039856,0.00424557790498513,NA,NA,NA,0.205346801474567,NA,NA,NA,"06_or_se_imputation",1000
1,0.3,100,0.25,1,"metafor_conv2x2_balanced","sample",1000,1000,0,-0.15023050577348,0.00167629280977757,0.0530090330426049,0.00118591111691949,NA,NA,NA,0.160196051008375,NA,NA,NA,"06_or_se_imputation",1000
1,0.5,100,0.25,1,"metafor_conv2x2_balanced","sample",1000,1000,0,-0.148978383856301,0.000409261973701131,0.012941999965915,0.000289536721456786,NA,NA,NA,0.149665261338791,NA,NA,NA,"06_or_se_imputation",1000
1,0.02,300,0.25,1,"metafor_conv2x2_balanced","sample",1000,944,0.056,-0.130864730082874,0.00648560395829769,0.199267477066552,0.0045884455036785,NA,NA,NA,0.205542262446759,NA,NA,NA,"06_or_se_imputation",1000
1,0.1,300,0.25,1,"metafor_conv2x2_balanced","sample",1000,1000,0,-0.148611440579957,0.00292561524749056,0.0925160773938739,0.00206975751825159,NA,NA,NA,0.175819741733781,NA,NA,NA,"06_or_se_imputation",1000
1,0.3,300,0.25,1,"metafor_conv2x2_balanced","sample",1000,1000,0,-0.144280055627305,0.000872983628791076,0.0276061662701875,0.000617601521782716,NA,NA,NA,0.147670782520553,NA,NA,NA,"06_or_se_imputation",1000
1,0.5,300,0.25,1,"metafor_conv2x2_balanced","sample",1000,1000,0,-0.145572510816542,0.000135558365460778,0.00428673190745558,9.59022025589327e-05,NA,NA,NA,0.145655314254674,NA,NA,NA,"06_or_se_imputation",1000
1,0.02,1000,0.25,1,"metafor_conv2x2_balanced","sample",1000,1000,0,-0.150484992363469,0.00464383209323591,0.146850864860129,0.00328532823880973,NA,NA,NA,0.200197042330584,NA,NA,NA,"06_or_se_imputation",1000
1,0.1,1000,0.25,1,"metafor_conv2x2_balanced","sample",1000,1000,0,-0.147099797220858,0.00140124650197478,0.0443113050958393,0.00099132669098362,NA,NA,NA,0.155150221263671,NA,NA,NA,"06_or_se_imputation",1000
1,0.3,1000,0.25,1,"metafor_conv2x2_balanced","sample",1000,1000,0,-0.144524273989123,0.00044056514065674,0.0139318930214775,0.000311682478731954,NA,NA,NA,0.145388623675778,NA,NA,NA,"06_or_se_imputation",1000
1,0.5,1000,0.25,1,"metafor_conv2x2_balanced","sample",1000,1000,0,-0.144421805878181,3.95461158538481e-05,0.00125055798711055,2.79773188481835e-05,NA,NA,NA,0.144429347745368,NA,NA,NA,"06_or_se_imputation",1000
1,0.1,50,0.5,1,"metafor_conv2x2_balanced","sample",1000,915,0.085,-0.016643619240075,0.00622547359354045,0.188314144820405,0.00440448207285598,NA,NA,NA,0.0601179391356968,NA,NA,NA,"06_or_se_imputation",1000
1,0.3,50,0.5,1,"metafor_conv2x2_balanced","sample",1000,999,0.001,-0.000290265521729412,0.00278040360565159,0.0878801090469855,0.00196702698847825,NA,NA,NA,0.00917441109999671,NA,NA,NA,"06_or_se_imputation",1000
1,0.5,50,0.5,1,"metafor_conv2x2_balanced","sample",1000,1000,0,0,0.000817419696356988,0.0258490804477132,0.000578292228806572,NA,NA,NA,0,NA,NA,NA,"06_or_se_imputation",1000
1,0.1,100,0.5,1,"metafor_conv2x2_balanced","sample",1000,999,0.001,-0.00112466230458686,0.00564396384445862,0.178388546576507,0.00399288404801355,NA,NA,NA,0.017808478840294,NA,NA,NA,"06_or_se_imputation",1000
1,0.3,100,0.5,1,"metafor_conv2x2_balanced","sample",1000,1000,0,0,0.00160030393117474,0.0506060537103351,0.00113215197927258,NA,NA,NA,0,NA,NA,NA,"06_or_se_imputation",1000
1,0.5,100,0.5,1,"metafor_conv2x2_balanced","sample",1000,1000,0,0,0.000346503417687768,0.0109574001692602,0.000245137515766739,NA,NA,NA,0,NA,NA,NA,"06_or_se_imputation",1000
1,0.02,300,0.5,1,"metafor_conv2x2_balanced","sample",1000,950,0.05,-0.0119794218691753,0.00689598938323499,0.212548667591696,0.00487876930528017,NA,NA,NA,0.0560383784054692,NA,NA,NA,"06_or_se_imputation",1000
1,0.1,300,0.5,1,"metafor_conv2x2_balanced","sample",1000,1000,0,0,0.00267843108640917,0.0846994278885224,0.00189488446335151,NA,NA,NA,0,NA,NA,NA,"06_or_se_imputation",1000
1,0.3,300,0.5,1,"metafor_conv2x2_balanced","sample",1000,1000,0,0,0.000813802481634833,0.0257346940746342,0.000575733191909041,NA,NA,NA,0,NA,NA,NA,"06_or_se_imputation",1000
1,0.5,300,0.5,1,"metafor_conv2x2_balanced","sample",1000,1000,0,0,0.000115342030939802,0.00364743527719385,8.15999424096631e-05,NA,NA,NA,0,NA,NA,NA,"06_or_se_imputation",1000
1,0.02,1000,0.5,1,"metafor_conv2x2_balanced","sample",1000,1000,0,0,0.0040929290635693,0.129429781423791,0.00289558605092016,NA,NA,NA,0,NA,NA,NA,"06_or_se_imputation",1000
1,0.1,1000,0.5,1,"metafor_conv2x2_balanced","sample",1000,1000,0,0,0.00133752038284978,0.0422961082670572,0.000946242972514114,NA,NA,NA,0,NA,NA,NA,"06_or_se_imputation",1000
1,0.3,1000,0.5,1,"metafor_conv2x2_balanced","sample",1000,1000,0,0,0.000453381897412322,0.0143371944571174,0.000320749829155843,NA,NA,NA,0,NA,NA,NA,"06_or_se_imputation",1000
1,0.5,1000,0.5,1,"metafor_conv2x2_balanced","sample",1000,1000,0,0,3.16184494823322e-05,0.000999863164471416,2.23688072406815e-05,NA,NA,NA,0,NA,NA,NA,"06_or_se_imputation",1000
2,0.5,50,0.25,1.33333333333333,"metafor_conv2x2_balanced","sample",1000,1000,0,-0.20353983225002,0.00190475266517044,0.0602335680121468,0.00134753746328327,NA,NA,NA,0.216550079342739,NA,NA,NA,"06_or_se_imputation",1000
2,0.5,100,0.25,1.33333333333333,"metafor_conv2x2_balanced","sample",1000,1000,0,-0.179129923767414,0.00106610348595468,0.0337131523706211,0.000754226211796513,NA,NA,NA,0.18400993023978,NA,NA,NA,"06_or_se_imputation",1000
2,0.5,300,0.25,1.33333333333333,"metafor_conv2x2_balanced","sample",1000,1000,0,-0.172360658591428,0.000455666020997953,0.0144094247869964,0.000322365756598123,NA,NA,NA,0.173441121712183,NA,NA,NA,"06_or_se_imputation",1000
2,0.5,1000,0.25,1.33333333333333,"metafor_conv2x2_balanced","sample",1000,1000,0,-0.170649037449135,0.000235829522486505,0.00745758430567251,0.000166840095467373,NA,NA,NA,0.170947780525957,NA,NA,NA,"06_or_se_imputation",1000
2,0.5,50,0.5,1.33333333333333,"metafor_conv2x2_balanced","sample",1000,1000,0,0,0.00174393865745406,0.05514818257171,0.00123376788890172,NA,NA,NA,0,NA,NA,NA,"06_or_se_imputation",1000
2,0.5,100,0.5,1.33333333333333,"metafor_conv2x2_balanced","sample",1000,1000,0,0,0.000987641573298779,0.0312319688349628,0.000698717499994699,NA,NA,NA,0,NA,NA,NA,"06_or_se_imputation",1000
2,0.5,300,0.5,1.33333333333333,"metafor_conv2x2_balanced","sample",1000,1000,0,0,0.000515349562832154,0.0162967840972166,0.000364589510912084,NA,NA,NA,0,NA,NA,NA,"06_or_se_imputation",1000
2,0.5,1000,0.5,1.33333333333333,"metafor_conv2x2_balanced","sample",1000,1000,0,0,0.000267680250233381,0.00846479275381303,0.000189373230428447,NA,NA,NA,0,NA,NA,NA,"06_or_se_imputation",1000
2,0.3,50,0.25,1.53846153846154,"metafor_conv2x2_balanced","sample",1000,1000,0,-0.11178172956357,0.00274653367758256,0.0868530209151942,0.0019430643633621,NA,NA,NA,0.133277884156871,NA,NA,NA,"06_or_se_imputation",1000
2,0.3,100,0.25,1.53846153846154,"metafor_conv2x2_balanced","sample",1000,1000,0,-0.0987582991502704,0.00160403474663061,0.0507240324540381,0.00113479138421335,NA,NA,NA,0.106941296144862,NA,NA,NA,"06_or_se_imputation",1000
2,0.3,300,0.25,1.53846153846154,"metafor_conv2x2_balanced","sample",1000,1000,0,-0.0973622875940513,0.00083828886045346,0.0265090213617999,0.000593056340158996,NA,NA,NA,0.0994881930539177,NA,NA,NA,"06_or_se_imputation",1000
2,0.3,1000,0.25,1.53846153846154,"metafor_conv2x2_balanced","sample",1000,1000,0,-0.0958098067791803,0.000437870755348244,0.0138466890767881,0.000309776307285073,NA,NA,NA,0.0963660944560448,NA,NA,NA,"06_or_se_imputation",1000
2,0.3,50,0.5,1.53846153846154,"metafor_conv2x2_balanced","sample",1000,1000,0,0,0.00210657833831502,0.0666158561864823,0.00149032117509414,NA,NA,NA,0,NA,NA,NA,"06_or_se_imputation",1000
2,0.3,100,0.5,1.53846153846154,"metafor_conv2x2_balanced","sample",1000,1000,0,0,0.0012825611135634,0.0405581435722223,0.000907361454891225,NA,NA,NA,0,NA,NA,NA,"06_or_se_imputation",1000
2,0.3,300,0.5,1.53846153846154,"metafor_conv2x2_balanced","sample",1000,1000,0,0,0.000636556177302502,0.0201296737892588,0.000450338415104804,NA,NA,NA,0,NA,NA,NA,"06_or_se_imputation",1000
2,0.3,1000,0.5,1.53846153846154,"metafor_conv2x2_balanced","sample",1000,1000,0,0,0.000348850408796758,0.011031618544786,0.000246797919504814,NA,NA,NA,0,NA,NA,NA,"06_or_se_imputation",1000
4,0.5,50,0.25,1.6,"metafor_conv2x2_balanced","sample",1000,1000,0,-0.293738445261154,0.00319400511968473,0.101003310364425,0.00225963277825817,NA,NA,NA,0.316177906091594,NA,NA,NA,"06_or_se_imputation",1000
4,0.5,100,0.25,1.6,"metafor_conv2x2_balanced","sample",1000,1000,0,-0.27003147931446,0.00282384434782506,0.0892977989691995,0.00199775861651543,NA,NA,NA,0.285334482838042,NA,NA,NA,"06_or_se_imputation",1000
4,0.5,300,0.25,1.6,"metafor_conv2x2_balanced","sample",1000,1000,0,-0.252103437377151,0.00109237235807245,0.0345438470451795,0.00077281040382531,NA,NA,NA,0.255720340189405,NA,NA,NA,"06_or_se_imputation",1000
4,0.5,1000,0.25,1.6,"metafor_conv2x2_balanced","sample",1000,1000,0,-0.247139749016452,0.000564781350355249,0.0178599544710814,0.000399560552970435,NA,NA,NA,0.248178161590331,NA,NA,NA,"06_or_se_imputation",1000
4,0.5,50,0.5,1.6,"metafor_conv2x2_balanced","sample",1000,998,0.002,-0.000913230539518185,0.00365165630629161,0.115359978292824,0.0025834055524842,NA,NA,NA,0.0166565679732304,NA,NA,NA,"06_or_se_imputation",1000
4,0.5,100,0.5,1.6,"metafor_conv2x2_balanced","sample",1000,1000,0,0,0.00252575148517866,0.0798712749671758,0.00178686966106281,NA,NA,NA,0,NA,NA,NA,"06_or_se_imputation",1000
4,0.5,300,0.5,1.6,"metafor_conv2x2_balanced","sample",1000,1000,0,0,0.00117072028381339,0.0370214259980906,0.000828238474375881,NA,NA,NA,0,NA,NA,NA,"06_or_se_imputation",1000
4,0.5,1000,0.5,1.6,"metafor_conv2x2_balanced","sample",1000,1000,0,0,0.00062854716310051,0.0198764065223495,0.000444672353112347,NA,NA,NA,0,NA,NA,NA,"06_or_se_imputation",1000
2,0.1,50,0.25,1.81818181818182,"metafor_conv2x2_balanced","sample",1000,904,0.096,-0.045604827295295,0.00554038150889019,0.166580394544806,0.00391980997168503,NA,NA,NA,0.177909146237091,NA,NA,NA,"06_or_se_imputation",1000
2,0.1,100,0.25,1.81818181818182,"metafor_conv2x2_balanced","sample",1000,996,0.004,-0.0073836186627603,0.00537502380236237,0.169632889949026,0.00380262520748127,NA,NA,NA,0.137177711726978,NA,NA,NA,"06_or_se_imputation",1000
2,0.1,300,0.25,1.81818181818182,"metafor_conv2x2_balanced","sample",1000,1000,0,-0.0116034892534903,0.00267621422104431,0.0846293244503335,0.00189331611845045,NA,NA,NA,0.0775160465862429,NA,NA,NA,"06_or_se_imputation",1000
2,0.1,1000,0.25,1.81818181818182,"metafor_conv2x2_balanced","sample",1000,1000,0,-0.00763201699459798,0.0014578172131629,0.0461002280579396,0.00103134824026112,NA,NA,NA,0.0418772784546613,NA,NA,NA,"06_or_se_imputation",1000
2,0.1,50,0.5,1.81818181818182,"metafor_conv2x2_balanced","sample",1000,958,0.042,-0.00580580523550304,0.00592245145084127,0.18330920074479,0.00418999299705973,NA,NA,NA,0.0388374611419739,NA,NA,NA,"06_or_se_imputation",1000
2,0.1,100,0.5,1.81818181818182,"metafor_conv2x2_balanced","sample",1000,998,0.002,-0.00152217545907051,0.00503274514983023,0.158990146536361,0.00356047247434218,NA,NA,NA,0.0215094207609812,NA,NA,NA,"06_or_se_imputation",1000
2,0.1,300,0.5,1.81818181818182,"metafor_conv2x2_balanced","sample",1000,1000,0,0,0.00255309352748919,0.0807359062629954,0.00180621307872004,NA,NA,NA,0,NA,NA,NA,"06_or_se_imputation",1000
2,0.1,1000,0.5,1.81818181818182,"metafor_conv2x2_balanced","sample",1000,1000,0,0,0.00130573680062505,0.0412910231467632,0.000923757340364419,NA,NA,NA,0,NA,NA,NA,"06_or_se_imputation",1000
2,0.02,300,0.25,1.96078431372549,"metafor_conv2x2_balanced","sample",1000,956,0.044,0.0135520463166425,0.00671482843739967,0.207617456930259,0.00475058598877524,NA,NA,NA,0.181394709430536,NA,NA,NA,"06_or_se_imputation",1000
2,0.02,1000,0.25,1.96078431372549,"metafor_conv2x2_balanced","sample",1000,1000,0,0.0232561588170714,0.00410220816065086,0.129723212237866,0.0029021506465086,NA,NA,NA,0.117347565602197,NA,NA,NA,"06_or_se_imputation",1000
2,0.02,300,0.5,1.96078431372549,"metafor_conv2x2_balanced","sample",1000,962,0.038,-0.00612085901564955,0.00691462943991383,0.214465009920623,0.00489192460781008,NA,NA,NA,0.0428289840133768,NA,NA,NA,"06_or_se_imputation",1000
2,0.02,1000,0.5,1.96078431372549,"metafor_conv2x2_balanced","sample",1000,1000,0,0,0.00393383376122498,0.124398746219379,0.0027830323928723,NA,NA,NA,0,NA,NA,NA,"06_or_se_imputation",1000
4,0.3,50,0.25,2.10526315789474,"metafor_conv2x2_balanced","sample",1000,999,0.001,-0.114401644518408,0.00331122476109343,0.104657752742259,0.00234256222972414,NA,NA,NA,0.140284256568506,NA,NA,NA,"06_or_se_imputation",1000
4,0.3,100,0.25,2.10526315789474,"metafor_conv2x2_balanced","sample",1000,1000,0,-0.0963835424261199,0.00224159754689965,0.0708855384564902,0.001585841945406,NA,NA,NA,0.109608153872822,NA,NA,NA,"06_or_se_imputation",1000
4,0.3,300,0.25,2.10526315789474,"metafor_conv2x2_balanced","sample",1000,1000,0,-0.0959472662769609,0.00112029834241282,0.0354269442093573,0.000792566937461318,NA,NA,NA,0.09942398361055,NA,NA,NA,"06_or_se_imputation",1000
4,0.3,1000,0.25,2.10526315789474,"metafor_conv2x2_balanced","sample",1000,1000,0,-0.0953863807069283,0.000591964442637122,0.018719559325654,0.000418791519745027,NA,NA,NA,0.0963036077399433,NA,NA,NA,"06_or_se_imputation",1000
4,0.3,50,0.5,2.10526315789474,"metafor_conv2x2_balanced","sample",1000,1000,0,0,0.00244862577819026,0.0774323459648347,0.0017323062621242,NA,NA,NA,0,NA,NA,NA,"06_or_se_imputation",1000
4,0.3,100,0.5,2.10526315789474,"metafor_conv2x2_balanced","sample",1000,1000,0,0,0.00137246303426806,0.0434010919267279,0.000970963521650799,NA,NA,NA,0,NA,NA,NA,"06_or_se_imputation",1000
4,0.3,300,0.5,2.10526315789474,"metafor_conv2x2_balanced","sample",1000,1000,0,0,0.000704516832638938,0.022278778410667,0.000498417901103021,NA,NA,NA,0,NA,NA,NA,"06_or_se_imputation",1000
4,0.3,1000,0.5,2.10526315789474,"metafor_conv2x2_balanced","sample",1000,1000,0,0,0.00038372530992755,0.0121344597522508,0.000271470537982466,NA,NA,NA,0,NA,NA,NA,"06_or_se_imputation",1000
4,0.1,50,0.25,3.07692307692308,"metafor_conv2x2_balanced","sample",1000,911,0.089,0.0797097794592664,0.0057162465793867,0.172532193185026,0.00404421698674087,NA,NA,NA,0.168540123278531,NA,NA,NA,"06_or_se_imputation",1000
4,0.1,100,0.25,3.07692307692308,"metafor_conv2x2_balanced","sample",1000,995,0.005,0.114801069509445,0.0059390412491966,0.187338863839995,0.00420164825284962,NA,NA,NA,0.177760835686601,NA,NA,NA,"06_or_se_imputation",1000
4,0.1,300,0.25,3.07692307692308,"metafor_conv2x2_balanced","sample",1000,1000,0,0.109784760077165,0.00306338419869204,0.0968727141603666,0.00216722362312491,NA,NA,NA,0.128686243043104,NA,NA,NA,"06_or_se_imputation",1000
4,0.1,1000,0.25,3.07692307692308,"metafor_conv2x2_balanced","sample",1000,1000,0,0.107861698398306,0.00169094366164845,0.0534723336583422,0.00119627601737404,NA,NA,NA,0.11421343167365,NA,NA,NA,"06_or_se_imputation",1000
4,0.1,50,0.5,3.07692307692308,"metafor_conv2x2_balanced","sample",1000,977,0.023,-0.0154452087619288,0.00596402361807024,0.186417481555274,0.00421936144199354,NA,NA,NA,0.0676483666908768,NA,NA,NA,"06_or_se_imputation",1000
4,0.1,100,0.5,3.07692307692308,"metafor_conv2x2_balanced","sample",1000,998,0.002,-0.00128358981775717,0.00538743276208541,0.170195131841246,0.00381140023699023,NA,NA,NA,0.0202751058650727,NA,NA,NA,"06_or_se_imputation",1000
4,0.1,300,0.5,3.07692307692308,"metafor_conv2x2_balanced","sample",1000,1000,0,0,0.00278538704212749,0.0880816721824225,0.00197055158795365,NA,NA,NA,0,NA,NA,NA,"06_or_se_imputation",1000
4,0.1,1000,0.5,3.07692307692308,"metafor_conv2x2_balanced","sample",1000,1000,0,0,0.00138978429215035,0.0439488381951998,0.000983217629144324,NA,NA,NA,0,NA,NA,NA,"06_or_se_imputation",1000
4,0.02,300,0.25,3.77358490566038,"metafor_conv2x2_balanced","sample",1000,932,0.0679999999999999,0.180523656502604,0.00686790190285996,0.209667945432988,0.00485894743910093,NA,NA,NA,0.234975428311008,NA,NA,NA,"06_or_se_imputation",1000
4,0.02,1000,0.25,3.77358490566038,"metafor_conv2x2_balanced","sample",1000,1000,0,0.193315313594592,0.0046242125484724,0.146230440379046,0.00327144818390033,NA,NA,NA,0.212136352294112,NA,NA,NA,"06_or_se_imputation",1000
4,0.02,300,0.5,3.77358490566038,"metafor_conv2x2_balanced","sample",1000,980,0.02,-0.0108978491780399,0.00737363400547869,0.230831256284362,0.00521660882168448,NA,NA,NA,0.0587798626457567,NA,NA,NA,"06_or_se_imputation",1000
4,0.02,1000,0.5,3.77358490566038,"metafor_conv2x2_balanced","sample",1000,1000,0,0,0.00437358743850737,0.138304978515849,0.00309414079323859,NA,NA,NA,0,NA,NA,NA,"06_or_se_imputation",1000
0.25,0.02,1000,0.25,0.253807106598985,"metafor_conv2x2_oracle","sample",1000,882,0.118,-0.0651609517122238,0.00651027569519941,0.193345323841718,0.00460607198393009,NA,NA,NA,0.146296946211921,NA,NA,NA,"06_or_se_imputation",1000
0.25,0.02,1000,0.5,0.253807106598985,"metafor_conv2x2_oracle","sample",1000,938,0.0620000000000001,-0.00700784168907122,0.00725347432227024,0.222150603374639,0.00513171706675361,NA,NA,NA,0.0468799789163193,NA,NA,NA,"06_or_se_imputation",1000
0.25,0.1,100,0.25,0.27027027027027,"metafor_conv2x2_oracle","sample",1000,677,0.323,-0.0834377639963914,0.00542999857002438,0.141284347280603,0.00384242769375498,NA,NA,NA,0.15843319379397,NA,NA,NA,"06_or_se_imputation",1000
0.25,0.1,300,0.25,0.27027027027027,"metafor_conv2x2_oracle","sample",1000,934,0.0659999999999999,-0.0268565889253963,0.00796452959084832,0.243407282795046,0.00563479017345431,NA,NA,NA,0.0941518378309068,NA,NA,NA,"06_or_se_imputation",1000
0.25,0.1,1000,0.25,0.27027027027027,"metafor_conv2x2_oracle","sample",1000,999,0.001,-0.000341440937133144,0.00641203243161782,0.202664860654763,0.00453626258373173,NA,NA,NA,0.0107919104720531,NA,NA,NA,"06_or_se_imputation",1000
0.25,0.1,100,0.5,0.27027027027027,"metafor_conv2x2_oracle","sample",1000,840,0.16,-0.0327030284986026,0.00623523723914276,0.180714343868576,0.00441160527162349,NA,NA,NA,0.0946453234976063,NA,NA,NA,"06_or_se_imputation",1000
0.25,0.1,300,0.5,0.27027027027027,"metafor_conv2x2_oracle","sample",1000,992,0.00800000000000001,-0.00199060540029195,0.00700672356837214,0.220683986193546,0.0049570008674129,NA,NA,NA,0.0255966252658492,NA,NA,NA,"06_or_se_imputation",1000
0.25,0.1,1000,0.5,0.27027027027027,"metafor_conv2x2_oracle","sample",1000,1000,0,0,0.00347716386968724,0.109957576258566,0.00245995643741982,NA,NA,NA,0,NA,NA,NA,"06_or_se_imputation",1000
0.25,0.3,50,0.25,0.32258064516129,"metafor_conv2x2_oracle","sample",1000,841,0.159,-0.0523670357970609,0.00506994108043117,0.147028291332504,0.00358712300592222,NA,NA,NA,0.125267404697801,NA,NA,NA,"06_or_se_imputation",1000
0.25,0.3,100,0.25,0.32258064516129,"metafor_conv2x2_oracle","sample",1000,972,0.028,-0.0149082042823733,0.00719388123295772,0.224283020383782,0.00508946091203325,NA,NA,NA,0.0692875393461464,NA,NA,NA,"06_or_se_imputation",1000
0.25,0.3,300,0.25,0.32258064516129,"metafor_conv2x2_oracle","sample",1000,1000,0,0,0.00508428739004699,0.160779284314214,0.00359693300734873,NA,NA,NA,0,NA,NA,NA,"06_or_se_imputation",1000
0.25,0.3,1000,0.25,0.32258064516129,"metafor_conv2x2_oracle","sample",1000,1000,0,0,0.00241745578677509,0.0764466642896364,0.00171025472129677,NA,NA,NA,0,NA,NA,NA,"06_or_se_imputation",1000
0.25,0.3,50,0.5,0.32258064516129,"metafor_conv2x2_oracle","sample",1000,934,0.0659999999999999,-0.00282491229547519,0.00582651598898655,0.178066564869156,0.00412217628997708,NA,NA,NA,0.0288099742535152,NA,NA,NA,"06_or_se_imputation",1000
0.25,0.3,100,0.5,0.32258064516129,"metafor_conv2x2_oracle","sample",1000,998,0.002,-0.0012825776068561,0.00541706716907002,0.171131316481782,0.00383236543336338,NA,NA,NA,0.0202594679091878,NA,NA,NA,"06_or_se_imputation",1000
0.25,0.3,300,0.5,0.32258064516129,"metafor_conv2x2_oracle","sample",1000,1000,0,0,0.00266917393938832,0.0844066911963131,0.00188833539656619,NA,NA,NA,0,NA,NA,NA,"06_or_se_imputation",1000
0.25,0.3,1000,0.5,0.32258064516129,"metafor_conv2x2_oracle","sample",1000,1000,0,0,0.0014845055502626,0.0469441873799139,0.0010502291872377,NA,NA,NA,0,NA,NA,NA,"06_or_se_imputation",1000
0.25,0.5,50,0.25,0.4,"metafor_conv2x2_oracle","sample",1000,959,0.041,-0.00857200672737037,0.00553043793486159,0.171265081839675,0.00391265066259305,NA,NA,NA,0.0510870678722253,NA,NA,NA,"06_or_se_imputation",1000
0.25,0.5,100,0.25,0.4,"metafor_conv2x2_oracle","sample",1000,997,0.003,-0.000651309280552027,0.00502671287926402,0.158720001396948,0.00355620666512844,NA,NA,NA,0.0145418563774505,NA,NA,NA,"06_or_se_imputation",1000
0.25,0.5,300,0.25,0.4,"metafor_conv2x2_oracle","sample",1000,1000,0,0,0.00239369092180358,0.075695153273673,0.00169344201566598,NA,NA,NA,0,NA,NA,NA,"06_or_se_imputation",1000
0.25,0.5,1000,0.25,0.4,"metafor_conv2x2_oracle","sample",1000,1000,0,0,0.00127132858272585,0.0402029397588747,0.000899414881885781,NA,NA,NA,0,NA,NA,NA,"06_or_se_imputation",1000
0.25,0.5,50,0.5,0.4,"metafor_conv2x2_oracle","sample",1000,997,0.003,-0.000303884392244965,0.00391848476243192,0.123727358595061,0.00277217775593439,NA,NA,NA,0.00959524291920437,NA,NA,NA,"06_or_se_imputation",1000
0.25,0.5,100,0.5,0.4,"metafor_conv2x2_oracle","sample",1000,1000,0,0,0.00247030052127185,0.0781177615232028,0.00174764028886876,NA,NA,NA,0,NA,NA,NA,"06_or_se_imputation",1000
0.25,0.5,300,0.5,0.4,"metafor_conv2x2_oracle","sample",1000,1000,0,0,0.00129934302399254,0.0410888341766725,0.000919233995311956,NA,NA,NA,0,NA,NA,NA,"06_or_se_imputation",1000
0.25,0.5,1000,0.5,0.4,"metafor_conv2x2_oracle","sample",1000,1000,0,0,0.000682577590700364,0.0215849986640332,0.000482896751838416,NA,NA,NA,0,NA,NA,NA,"06_or_se_imputation",1000
0.5,0.02,300,0.25,0.505050505050505,"metafor_conv2x2_oracle","sample",1000,730,0.27,-0.0786492261235639,0.00566526137936073,0.153066933537024,0.00400869135849852,NA,NA,NA,0.147746451432047,NA,NA,NA,"06_or_se_imputation",1000
0.5,0.02,1000,0.25,0.505050505050505,"metafor_conv2x2_oracle","sample",1000,972,0.028,-0.0206194019436639,0.00793356371669111,0.247344037963092,0.00561276467065382,NA,NA,NA,0.0823162845687131,NA,NA,NA,"06_or_se_imputation",1000
0.5,0.02,1000,0.5,0.505050505050505,"metafor_conv2x2_oracle","sample",1000,997,0.003,-0.000887706685861116,0.0059175626275919,0.186848855519957,0.00418644871171525,NA,NA,NA,0.0163522312344667,NA,NA,NA,"06_or_se_imputation",1000
0.5,0.1,100,0.25,0.526315789473684,"metafor_conv2x2_oracle","sample",1000,855,0.145,-0.0411681331922,0.00606650548206405,0.177386943976003,0.00429217794441535,NA,NA,NA,0.111634641427987,NA,NA,NA,"06_or_se_imputation",1000
0.5,0.1,300,0.25,0.526315789473684,"metafor_conv2x2_oracle","sample",1000,993,0.00700000000000001,-0.00366311095736885,0.00693903884163826,0.218662315512857,0.00490911390244507,NA,NA,NA,0.034804473461054,NA,NA,NA,"06_or_se_imputation",1000
0.5,0.1,1000,0.25,0.526315789473684,"metafor_conv2x2_oracle","sample",1000,1000,0,0,0.00378849518450704,0.119802736876221,0.00268021107618961,NA,NA,NA,0,NA,NA,NA,"06_or_se_imputation",1000
0.5,0.1,100,0.5,0.526315789473684,"metafor_conv2x2_oracle","sample",1000,944,0.056,-0.00755404411200988,0.00662755511752825,0.203628867239068,0.00468887333777098,NA,NA,NA,0.0458822140240143,NA,NA,NA,"06_or_se_imputation",1000
0.5,0.1,300,0.5,0.526315789473684,"metafor_conv2x2_oracle","sample",1000,1000,0,0,0.00420999973423066,0.133131881088724,0.00297840893782436,NA,NA,NA,0,NA,NA,NA,"06_or_se_imputation",1000
0.5,0.1,1000,0.5,0.526315789473684,"metafor_conv2x2_oracle","sample",1000,1000,0,0,0.00200858257311415,0.0635169579956239,0.00142099303225126,NA,NA,NA,0,NA,NA,NA,"06_or_se_imputation",1000
0.5,0.3,50,0.25,0.588235294117647,"metafor_conv2x2_oracle","sample",1000,964,0.036,-0.0183277433998637,0.00558401192083382,0.173374353130045,0.00395054226355678,NA,NA,NA,0.0740925641665283,NA,NA,NA,"06_or_se_imputation",1000
0.5,0.3,100,0.25,0.588235294117647,"metafor_conv2x2_oracle","sample",1000,997,0.003,-0.00128850324655673,0.00548225080169672,0.1731037510603,0.00387848228239249,NA,NA,NA,0.0203425630749317,NA,NA,NA,"06_or_se_imputation",1000
0.5,0.3,300,0.25,0.588235294117647,"metafor_conv2x2_oracle","sample",1000,1000,0,0,0.00274900066100267,0.0869310337807686,0.00194480965693259,NA,NA,NA,0,NA,NA,NA,"06_or_se_imputation",1000
0.5,0.3,1000,0.25,0.588235294117647,"metafor_conv2x2_oracle","sample",1000,1000,0,0,0.00152686770890664,0.0482837964590794,0.00108019874540775,NA,NA,NA,0,NA,NA,NA,"06_or_se_imputation",1000
0.5,0.3,50,0.5,0.588235294117647,"metafor_conv2x2_oracle","sample",1000,994,0.00600000000000001,-0.000226605844918993,0.00446170300182847,0.140667526154639,0.00315648861870802,NA,NA,NA,0.00714437594879652,NA,NA,NA,"06_or_se_imputation",1000
0.5,0.3,100,0.5,0.588235294117647,"metafor_conv2x2_oracle","sample",1000,1000,0,0,0.00302343606594077,0.0956094432827188,0.00213896189316129,NA,NA,NA,0,NA,NA,NA,"06_or_se_imputation",1000
0.5,0.3,300,0.5,0.588235294117647,"metafor_conv2x2_oracle","sample",1000,1000,0,0,0.00136623191134082,0.0432040465184221,0.000966555247686245,NA,NA,NA,0,NA,NA,NA,"06_or_se_imputation",1000
0.5,0.3,1000,0.5,0.588235294117647,"metafor_conv2x2_oracle","sample",1000,1000,0,0,0.000756172672622196,0.0239122794986299,0.000534962372649187,NA,NA,NA,0,NA,NA,NA,"06_or_se_imputation",1000
0.5,0.5,50,0.25,0.666666666666667,"metafor_conv2x2_oracle","sample",1000,994,0.00600000000000001,-0.000917139496435022,0.00353055901223781,0.111310636766035,0.00249773894300867,NA,NA,NA,0.0166944412362753,NA,NA,NA,"06_or_se_imputation",1000
0.5,0.5,100,0.25,0.666666666666667,"metafor_conv2x2_oracle","sample",1000,1000,0,0,0.00221159277232999,0.0699367041732897,0.00156461474958718,NA,NA,NA,0,NA,NA,NA,"06_or_se_imputation",1000
0.5,0.5,300,0.25,0.666666666666667,"metafor_conv2x2_oracle","sample",1000,1000,0,0,0.00103439657285195,0.0327104917408445,0.000731794820029872,NA,NA,NA,0,NA,NA,NA,"06_or_se_imputation",1000
0.5,0.5,1000,0.25,0.666666666666667,"metafor_conv2x2_oracle","sample",1000,1000,0,0,0.000535976096266992,0.0169490523560937,0.000379181970631059,NA,NA,NA,0,NA,NA,NA,"06_or_se_imputation",1000
0.5,0.5,50,0.5,0.666666666666667,"metafor_conv2x2_oracle","sample",1000,1000,0,0,0.00171510381727272,0.0542363448623104,0.00121336837556719,NA,NA,NA,0,NA,NA,NA,"06_or_se_imputation",1000
0.5,0.5,100,0.5,0.666666666666667,"metafor_conv2x2_oracle","sample",1000,1000,0,0,0.001010134823837,0.0319432678717785,0.000714630588515592,NA,NA,NA,0,NA,NA,NA,"06_or_se_imputation",1000
0.5,0.5,300,0.5,0.666666666666667,"metafor_conv2x2_oracle","sample",1000,1000,0,0,0.000517619008921608,0.016368550283913,0.000366195054604114,NA,NA,NA,0,NA,NA,NA,"06_or_se_imputation",1000
0.5,0.5,1000,0.5,0.666666666666667,"metafor_conv2x2_oracle","sample",1000,1000,0,0,0.000262639227307265,0.00830538161197648,0.000185806905324708,NA,NA,NA,0,NA,NA,NA,"06_or_se_imputation",1000
1,0.1,50,0.25,1,"metafor_conv2x2_oracle","sample",1000,838,0.162,-0.0343250207213214,0.00532051911332882,0.154019609161883,0.00376442189005108,NA,NA,NA,0.0926981348353765,NA,NA,NA,"06_or_se_imputation",1000
1,0.3,50,0.25,1,"metafor_conv2x2_oracle","sample",1000,996,0.004,-0.00271377819255445,0.00430439982781186,0.135844567230921,0.00304519940565129,NA,NA,NA,0.0285497713141442,NA,NA,NA,"06_or_se_imputation",1000
1,0.5,50,0.25,1,"metafor_conv2x2_oracle","sample",1000,1000,0,0,0.00198038881016211,0.0626253929282307,0.00140104705579798,NA,NA,NA,0,NA,NA,NA,"06_or_se_imputation",1000
1,0.1,100,0.25,1,"metafor_conv2x2_oracle","sample",1000,951,0.049,-0.00689567472646921,0.00644900422952376,0.198876249035291,0.00456253406218558,NA,NA,NA,0.0454459466173524,NA,NA,NA,"06_or_se_imputation",1000
1,0.3,100,0.25,1,"metafor_conv2x2_oracle","sample",1000,1000,0,0,0.00263521305341784,0.0833327536860735,0.00186430940780223,NA,NA,NA,0,NA,NA,NA,"06_or_se_imputation",1000
1,0.5,100,0.25,1,"metafor_conv2x2_oracle","sample",1000,1000,0,0,0.00071962444285445,0.0227565229934974,0.0005091059400901,NA,NA,NA,0,NA,NA,NA,"06_or_se_imputation",1000
1,0.02,300,0.25,1,"metafor_conv2x2_oracle","sample",1000,876,0.124,-0.0306049596743622,0.00641251551855287,0.189793127434839,0.00453692351530335,NA,NA,NA,0.0916500218120924,NA,NA,NA,"06_or_se_imputation",1000
1,0.1,300,0.25,1,"metafor_conv2x2_oracle","sample",1000,1000,0,0,0.00451348252990009,0.142728849738633,0.00319311105852721,NA,NA,NA,0,NA,NA,NA,"06_or_se_imputation",1000
1,0.3,300,0.25,1,"metafor_conv2x2_oracle","sample",1000,1000,0,0,0.00136204580199526,0.0430716701177575,0.000963593740257129,NA,NA,NA,0,NA,NA,NA,"06_or_se_imputation",1000
1,0.5,300,0.25,1,"metafor_conv2x2_oracle","sample",1000,1000,0,0,0.000248881514161202,0.00787032452260849,0.000176073865328271,NA,NA,NA,0,NA,NA,NA,"06_or_se_imputation",1000
1,0.02,1000,0.25,1,"metafor_conv2x2_oracle","sample",1000,996,0.004,-0.000658110853696548,0.00636664023812607,0.200927776800618,0.00450415617616842,NA,NA,NA,0.0146864480942369,NA,NA,NA,"06_or_se_imputation",1000
1,0.1,1000,0.25,1,"metafor_conv2x2_oracle","sample",1000,1000,0,0,0.00216967188642073,0.0686110493632367,0.00153495737449082,NA,NA,NA,0,NA,NA,NA,"06_or_se_imputation",1000
1,0.3,1000,0.25,1,"metafor_conv2x2_oracle","sample",1000,1000,0,0,0.000686325268896575,0.021703510654407,0.000485548086503577,NA,NA,NA,0,NA,NA,NA,"06_or_se_imputation",1000
1,0.5,1000,0.25,1,"metafor_conv2x2_oracle","sample",1000,1000,0,0,7.53523195956032e-05,0.00238284956899044,5.33087972297354e-05,NA,NA,NA,0,NA,NA,NA,"06_or_se_imputation",1000
1,0.1,50,0.5,1,"metafor_conv2x2_oracle","sample",1000,915,0.085,-0.016643619240075,0.00622547359354045,0.188314144820405,0.00440448207285598,NA,NA,NA,0.0601179391356968,NA,NA,NA,"06_or_se_imputation",1000
1,0.3,50,0.5,1,"metafor_conv2x2_oracle","sample",1000,999,0.001,-0.000290265521729412,0.00278040360565159,0.0878801090469855,0.00196702698847825,NA,NA,NA,0.00917441109999671,NA,NA,NA,"06_or_se_imputation",1000
1,0.5,50,0.5,1,"metafor_conv2x2_oracle","sample",1000,1000,0,0,0.000817419696356988,0.0258490804477132,0.000578292228806572,NA,NA,NA,0,NA,NA,NA,"06_or_se_imputation",1000
1,0.1,100,0.5,1,"metafor_conv2x2_oracle","sample",1000,999,0.001,-0.00112466230458686,0.00564396384445862,0.178388546576507,0.00399288404801355,NA,NA,NA,0.017808478840294,NA,NA,NA,"06_or_se_imputation",1000
1,0.3,100,0.5,1,"metafor_conv2x2_oracle","sample",1000,1000,0,0,0.00160030393117474,0.0506060537103351,0.00113215197927258,NA,NA,NA,0,NA,NA,NA,"06_or_se_imputation",1000
1,0.5,100,0.5,1,"metafor_conv2x2_oracle","sample",1000,1000,0,0,0.000346503417687768,0.0109574001692602,0.000245137515766739,NA,NA,NA,0,NA,NA,NA,"06_or_se_imputation",1000
1,0.02,300,0.5,1,"metafor_conv2x2_oracle","sample",1000,950,0.05,-0.0119794218691753,0.00689598938323499,0.212548667591696,0.00487876930528017,NA,NA,NA,0.0560383784054692,NA,NA,NA,"06_or_se_imputation",1000
1,0.1,300,0.5,1,"metafor_conv2x2_oracle","sample",1000,1000,0,0,0.00267843108640917,0.0846994278885224,0.00189488446335151,NA,NA,NA,0,NA,NA,NA,"06_or_se_imputation",1000
1,0.3,300,0.5,1,"metafor_conv2x2_oracle","sample",1000,1000,0,0,0.000813802481634833,0.0257346940746342,0.000575733191909041,NA,NA,NA,0,NA,NA,NA,"06_or_se_imputation",1000
1,0.5,300,0.5,1,"metafor_conv2x2_oracle","sample",1000,1000,0,0,0.000115342030939802,0.00364743527719385,8.15999424096631e-05,NA,NA,NA,0,NA,NA,NA,"06_or_se_imputation",1000
1,0.02,1000,0.5,1,"metafor_conv2x2_oracle","sample",1000,1000,0,0,0.0040929290635693,0.129429781423791,0.00289558605092016,NA,NA,NA,0,NA,NA,NA,"06_or_se_imputation",1000
1,0.1,1000,0.5,1,"metafor_conv2x2_oracle","sample",1000,1000,0,0,0.00133752038284978,0.0422961082670572,0.000946242972514114,NA,NA,NA,0,NA,NA,NA,"06_or_se_imputation",1000
1,0.3,1000,0.5,1,"metafor_conv2x2_oracle","sample",1000,1000,0,0,0.000453381897412322,0.0143371944571174,0.000320749829155843,NA,NA,NA,0,NA,NA,NA,"06_or_se_imputation",1000
1,0.5,1000,0.5,1,"metafor_conv2x2_oracle","sample",1000,1000,0,0,3.16184494823322e-05,0.000999863164471416,2.23688072406815e-05,NA,NA,NA,0,NA,NA,NA,"06_or_se_imputation",1000
2,0.5,50,0.25,1.33333333333333,"metafor_conv2x2_oracle","sample",1000,999,0.001,-0.00152613650564227,0.0037293786859904,0.117874327646591,0.00263838980451888,NA,NA,NA,0.0215720357600246,NA,NA,NA,"06_or_se_imputation",1000
2,0.5,100,0.25,1.33333333333333,"metafor_conv2x2_oracle","sample",1000,1000,0,0,0.00234604882602075,0.0741885779218967,0.00165973710999995,NA,NA,NA,0,NA,NA,NA,"06_or_se_imputation",1000
2,0.5,300,0.25,1.33333333333333,"metafor_conv2x2_oracle","sample",1000,1000,0,0,0.00105418771619978,0.033336342645625,0.00074579627417669,NA,NA,NA,0,NA,NA,NA,"06_or_se_imputation",1000
2,0.5,1000,0.25,1.33333333333333,"metafor_conv2x2_oracle","sample",1000,1000,0,0,0.000551131434871941,0.0174283062431208,0.000389903775573164,NA,NA,NA,0,NA,NA,NA,"06_or_se_imputation",1000
2,0.5,50,0.5,1.33333333333333,"metafor_conv2x2_oracle","sample",1000,1000,0,0,0.00174393865745406,0.05514818257171,0.00123376788890172,NA,NA,NA,0,NA,NA,NA,"06_or_se_imputation",1000
2,0.5,100,0.5,1.33333333333333,"metafor_conv2x2_oracle","sample",1000,1000,0,0,0.000987641573298779,0.0312319688349628,0.000698717499994699,NA,NA,NA,0,NA,NA,NA,"06_or_se_imputation",1000
2,0.5,300,0.5,1.33333333333333,"metafor_conv2x2_oracle","sample",1000,1000,0,0,0.000515349562832154,0.0162967840972166,0.000364589510912084,NA,NA,NA,0,NA,NA,NA,"06_or_se_imputation",1000
2,0.5,1000,0.5,1.33333333333333,"metafor_conv2x2_oracle","sample",1000,1000,0,0,0.000267680250233381,0.00846479275381303,0.000189373230428447,NA,NA,NA,0,NA,NA,NA,"06_or_se_imputation",1000
2,0.3,50,0.25,1.53846153846154,"metafor_conv2x2_oracle","sample",1000,1000,0,0,0.00202801040125139,0.0641313198646638,0.00143473745520122,NA,NA,NA,0,NA,NA,NA,"06_or_se_imputation",1000
2,0.3,100,0.25,1.53846153846154,"metafor_conv2x2_oracle","sample",1000,1000,0,0,0.000996180434659493,0.0315019913402054,0.000704758407975954,NA,NA,NA,0,NA,NA,NA,"06_or_se_imputation",1000
2,0.3,300,0.25,1.53846153846154,"metafor_conv2x2_oracle","sample",1000,1000,0,0,0.000421111012835149,0.0133166994833947,0.000297919449791528,NA,NA,NA,0,NA,NA,NA,"06_or_se_imputation",1000
2,0.3,1000,0.25,1.53846153846154,"metafor_conv2x2_oracle","sample",1000,1000,0,0,0.000189632920964434,0.00599671949598306,0.000134157820038301,NA,NA,NA,0,NA,NA,NA,"06_or_se_imputation",1000
2,0.3,50,0.5,1.53846153846154,"metafor_conv2x2_oracle","sample",1000,1000,0,0,0.00210657833831502,0.0666158561864823,0.00149032117509414,NA,NA,NA,0,NA,NA,NA,"06_or_se_imputation",1000
2,0.3,100,0.5,1.53846153846154,"metafor_conv2x2_oracle","sample",1000,1000,0,0,0.0012825611135634,0.0405581435722223,0.000907361454891225,NA,NA,NA,0,NA,NA,NA,"06_or_se_imputation",1000
2,0.3,300,0.5,1.53846153846154,"metafor_conv2x2_oracle","sample",1000,1000,0,0,0.000636556177302502,0.0201296737892588,0.000450338415104804,NA,NA,NA,0,NA,NA,NA,"06_or_se_imputation",1000
2,0.3,1000,0.5,1.53846153846154,"metafor_conv2x2_oracle","sample",1000,1000,0,0,0.000348850408796758,0.011031618544786,0.000246797919504814,NA,NA,NA,0,NA,NA,NA,"06_or_se_imputation",1000
4,0.5,50,0.25,1.6,"metafor_conv2x2_oracle","sample",1000,976,0.024,-0.010294905548655,0.00551002765102155,0.172138766702511,0.00389817544446456,NA,NA,NA,0.0559875174256649,NA,NA,NA,"06_or_se_imputation",1000
4,0.5,100,0.25,1.6,"metafor_conv2x2_oracle","sample",1000,997,0.003,-0.000651383581955288,0.00536133827539396,0.169285900945397,0.00379294130516477,NA,NA,NA,0.0145435152065857,NA,NA,NA,"06_or_se_imputation",1000
4,0.5,300,0.25,1.6,"metafor_conv2x2_oracle","sample",1000,1000,0,0,0.00243897502713124,0.0771271624200569,0.00172547873598989,NA,NA,NA,0,NA,NA,NA,"06_or_se_imputation",1000
4,0.5,1000,0.25,1.6,"metafor_conv2x2_oracle","sample",1000,1000,0,0,0.001280119724362,0.0404809400669084,0.000905634268222053,NA,NA,NA,0,NA,NA,NA,"06_or_se_imputation",1000
4,0.5,50,0.5,1.6,"metafor_conv2x2_oracle","sample",1000,998,0.002,-0.000913230539518185,0.00365165630629161,0.115359978292824,0.0025834055524842,NA,NA,NA,0.0166565679732304,NA,NA,NA,"06_or_se_imputation",1000
4,0.5,100,0.5,1.6,"metafor_conv2x2_oracle","sample",1000,1000,0,0,0.00252575148517866,0.0798712749671758,0.00178686966106281,NA,NA,NA,0,NA,NA,NA,"06_or_se_imputation",1000
4,0.5,300,0.5,1.6,"metafor_conv2x2_oracle","sample",1000,1000,0,0,0.00117072028381339,0.0370214259980906,0.000828238474375881,NA,NA,NA,0,NA,NA,NA,"06_or_se_imputation",1000
4,0.5,1000,0.5,1.6,"metafor_conv2x2_oracle","sample",1000,1000,0,0,0.00062854716310051,0.0198764065223495,0.000444672353112347,NA,NA,NA,0,NA,NA,NA,"06_or_se_imputation",1000
2,0.1,50,0.25,1.81818181818182,"metafor_conv2x2_oracle","sample",1000,936,0.0639999999999999,-0.0117809528547115,0.00541854687255305,0.165775657430791,0.00383353961600666,NA,NA,NA,0.054603901100177,NA,NA,NA,"06_or_se_imputation",1000
2,0.1,100,0.25,1.81818181818182,"metafor_conv2x2_oracle","sample",1000,998,0.002,-0.00182025434232516,0.00504397543942317,0.159344924164647,0.00356841746972426,NA,NA,NA,0.0234846384754252,NA,NA,NA,"06_or_se_imputation",1000
2,0.1,300,0.25,1.81818181818182,"metafor_conv2x2_oracle","sample",1000,1000,0,0,0.00239801823301613,0.0758319948694335,0.00169650341785264,NA,NA,NA,0,NA,NA,NA,"06_or_se_imputation",1000
2,0.1,1000,0.25,1.81818181818182,"metafor_conv2x2_oracle","sample",1000,1000,0,0,0.00123870589348308,0.0391713197448046,0.000876335614581677,NA,NA,NA,0,NA,NA,NA,"06_or_se_imputation",1000
2,0.1,50,0.5,1.81818181818182,"metafor_conv2x2_oracle","sample",1000,958,0.042,-0.00580580523550304,0.00592245145084127,0.18330920074479,0.00418999299705973,NA,NA,NA,0.0388374611419739,NA,NA,NA,"06_or_se_imputation",1000
2,0.1,100,0.5,1.81818181818182,"metafor_conv2x2_oracle","sample",1000,998,0.002,-0.00152217545907051,0.00503274514983023,0.158990146536361,0.00356047247434218,NA,NA,NA,0.0215094207609812,NA,NA,NA,"06_or_se_imputation",1000
2,0.1,300,0.5,1.81818181818182,"metafor_conv2x2_oracle","sample",1000,1000,0,0,0.00255309352748919,0.0807359062629954,0.00180621307872004,NA,NA,NA,0,NA,NA,NA,"06_or_se_imputation",1000
2,0.1,1000,0.5,1.81818181818182,"metafor_conv2x2_oracle","sample",1000,1000,0,0,0.00130573680062505,0.0412910231467632,0.000923757340364419,NA,NA,NA,0,NA,NA,NA,"06_or_se_imputation",1000
2,0.02,300,0.25,1.96078431372549,"metafor_conv2x2_oracle","sample",1000,969,0.031,-0.00787607012908251,0.00681661514820654,0.212192809902497,0.00482256386142039,NA,NA,NA,0.0458452123158085,NA,NA,NA,"06_or_se_imputation",1000
2,0.02,1000,0.25,1.96078431372549,"metafor_conv2x2_oracle","sample",1000,1000,0,0,0.00384657056249183,0.121639241580292,0.00272129711794182,NA,NA,NA,0,NA,NA,NA,"06_or_se_imputation",1000
2,0.02,300,0.5,1.96078431372549,"metafor_conv2x2_oracle","sample",1000,962,0.038,-0.00612085901564955,0.00691462943991383,0.214465009920623,0.00489192460781008,NA,NA,NA,0.0428289840133768,NA,NA,NA,"06_or_se_imputation",1000
2,0.02,1000,0.5,1.96078431372549,"metafor_conv2x2_oracle","sample",1000,1000,0,0,0.00393383376122498,0.124398746219379,0.0027830323928723,NA,NA,NA,0,NA,NA,NA,"06_or_se_imputation",1000
4,0.3,50,0.25,2.10526315789474,"metafor_conv2x2_oracle","sample",1000,999,0.001,-0.000605167329494695,0.00291004216414158,0.0919775899427937,0.00205874120679494,NA,NA,NA,0.0135251851963486,NA,NA,NA,"06_or_se_imputation",1000
4,0.3,100,0.25,2.10526315789474,"metafor_conv2x2_oracle","sample",1000,1000,0,0,0.00185781728566367,0.0587493409912887,0.0013143325315379,NA,NA,NA,0,NA,NA,NA,"06_or_se_imputation",1000
4,0.3,300,0.25,2.10526315789474,"metafor_conv2x2_oracle","sample",1000,1000,0,0,0.000808633122038509,0.0255712245709459,0.000572076073667599,NA,NA,NA,0,NA,NA,NA,"06_or_se_imputation",1000
4,0.3,1000,0.25,2.10526315789474,"metafor_conv2x2_oracle","sample",1000,1000,0,0,0.000435881682411014,0.0137837890676496,0.000308369116551529,NA,NA,NA,0,NA,NA,NA,"06_or_se_imputation",1000
4,0.3,50,0.5,2.10526315789474,"metafor_conv2x2_oracle","sample",1000,1000,0,0,0.00244862577819026,0.0774323459648347,0.0017323062621242,NA,NA,NA,0,NA,NA,NA,"06_or_se_imputation",1000
4,0.3,100,0.5,2.10526315789474,"metafor_conv2x2_oracle","sample",1000,1000,0,0,0.00137246303426806,0.0434010919267279,0.000970963521650799,NA,NA,NA,0,NA,NA,NA,"06_or_se_imputation",1000
4,0.3,300,0.5,2.10526315789474,"metafor_conv2x2_oracle","sample",1000,1000,0,0,0.000704516832638938,0.022278778410667,0.000498417901103021,NA,NA,NA,0,NA,NA,NA,"06_or_se_imputation",1000
4,0.3,1000,0.5,2.10526315789474,"metafor_conv2x2_oracle","sample",1000,1000,0,0,0.00038372530992755,0.0121344597522508,0.000271470537982466,NA,NA,NA,0,NA,NA,NA,"06_or_se_imputation",1000
4,0.1,50,0.25,3.07692307692308,"metafor_conv2x2_oracle","sample",1000,987,0.013,-0.00488903436046806,0.00484969842161752,0.152360822748143,0.00343099317288433,NA,NA,NA,0.0353870527156137,NA,NA,NA,"06_or_se_imputation",1000
4,0.1,100,0.25,3.07692307692308,"metafor_conv2x2_oracle","sample",1000,1000,0,0,0.00357189845325326,0.112953346831128,0.00252697742274671,NA,NA,NA,0,NA,NA,NA,"06_or_se_imputation",1000
4,0.1,300,0.25,3.07692307692308,"metafor_conv2x2_oracle","sample",1000,1000,0,0,0.00161124522537662,0.0509520478126146,0.00113989251383303,NA,NA,NA,0,NA,NA,NA,"06_or_se_imputation",1000
4,0.1,1000,0.25,3.07692307692308,"metafor_conv2x2_oracle","sample",1000,1000,0,0,0.000862746712620758,0.0272824465570433,0.000610359306927088,NA,NA,NA,0,NA,NA,NA,"06_or_se_imputation",1000
4,0.1,50,0.5,3.07692307692308,"metafor_conv2x2_oracle","sample",1000,977,0.023,-0.0154452087619288,0.00596402361807024,0.186417481555274,0.00421936144199354,NA,NA,NA,0.0676483666908768,NA,NA,NA,"06_or_se_imputation",1000
4,0.1,100,0.5,3.07692307692308,"metafor_conv2x2_oracle","sample",1000,998,0.002,-0.00128358981775717,0.00538743276208541,0.170195131841246,0.00381140023699023,NA,NA,NA,0.0202751058650727,NA,NA,NA,"06_or_se_imputation",1000
4,0.1,300,0.5,3.07692307692308,"metafor_conv2x2_oracle","sample",1000,1000,0,0,0.00278538704212749,0.0880816721824225,0.00197055158795365,NA,NA,NA,0,NA,NA,NA,"06_or_se_imputation",1000
4,0.1,1000,0.5,3.07692307692308,"metafor_conv2x2_oracle","sample",1000,1000,0,0,0.00138978429215035,0.0439488381951998,0.000983217629144324,NA,NA,NA,0,NA,NA,NA,"06_or_se_imputation",1000
4,0.02,300,0.25,3.77358490566038,"metafor_conv2x2_oracle","sample",1000,991,0.00900000000000001,-0.000756967948655738,0.00615487061859028,0.193756265551857,0.00435434825288177,NA,NA,NA,0.0138233653185912,NA,NA,NA,"06_or_se_imputation",1000
4,0.02,1000,0.25,3.77358490566038,"metafor_conv2x2_oracle","sample",1000,1000,0,0,0.00292816361155675,0.0925966637414387,0.00207156038542278,NA,NA,NA,0,NA,NA,NA,"06_or_se_imputation",1000
4,0.02,300,0.5,3.77358490566038,"metafor_conv2x2_oracle","sample",1000,980,0.02,-0.0108978491780399,0.00737363400547869,0.230831256284362,0.00521660882168448,NA,NA,NA,0.0587798626457567,NA,NA,NA,"06_or_se_imputation",1000
4,0.02,1000,0.5,3.77358490566038,"metafor_conv2x2_oracle","sample",1000,1000,0,0,0.00437358743850737,0.138304978515849,0.00309414079323859,NA,NA,NA,0,NA,NA,NA,"06_or_se_imputation",1000
0.25,0.02,1000,0.25,0.253807106598985,"package_mean_var","sample",1000,1000,0,-0.390959906307109,0.00271314701891304,0.0857972420666113,0.00191944461778899,NA,NA,NA,0.479103453234998,NA,NA,NA,"06_or_se_imputation",1000
0.25,0.02,1000,0.5,0.253807106598985,"package_mean_var","sample",1000,1000,0,-0.0448013007638876,0.00315096851332685,0.0996423733758748,0.00222918607490383,NA,NA,NA,0.244875820386214,NA,NA,NA,"06_or_se_imputation",1000
0.25,0.1,100,0.25,0.27027027027027,"package_mean_var","sample",1000,1000,0,-0.279379900464185,0.00290299060771102,0.0918006234644318,0.0020537514770192,NA,NA,NA,0.336971962896028,NA,NA,NA,"06_or_se_imputation",1000
0.25,0.1,300,0.25,0.27027027027027,"package_mean_var","sample",1000,1000,0,-0.27250624227202,0.00249175904512752,0.0787963396292924,0.00176282134903001,NA,NA,NA,0.371086269514461,NA,NA,NA,"06_or_se_imputation",1000
0.25,0.1,1000,0.25,0.27027027027027,"package_mean_var","sample",1000,1000,0,-0.103648909591245,0.00163187209534576,0.0516043267136405,0.00115448521163675,NA,NA,NA,0.194521526842216,NA,NA,NA,"06_or_se_imputation",1000
0.25,0.1,100,0.5,0.27027027027027,"package_mean_var","sample",1000,998,0.002,-0.0650960856728598,0.0036045423501196,0.113871594801768,0.00255007425135255,NA,NA,NA,0.18565024238264,NA,NA,NA,"06_or_se_imputation",1000
0.25,0.1,300,0.5,0.27027027027027,"package_mean_var","sample",1000,1000,0,0.090157273909097,0.00265518312036996,0.0839642626520211,0.00187843744334949,NA,NA,NA,0.193739743102335,NA,NA,NA,"06_or_se_imputation",1000
0.25,0.1,1000,0.5,0.27027027027027,"package_mean_var","sample",1000,1000,0,0.259211205456404,0.00142028995114781,0.0449135118347637,0.00100479918096095,NA,NA,NA,0.270126698063095,NA,NA,NA,"06_or_se_imputation",1000
0.25,0.3,50,0.25,0.32258064516129,"package_mean_var","sample",1000,1000,0,-0.191290413513626,0.00186263222394829,0.0589016027090143,0.00131773891066552,NA,NA,NA,0.270073525334857,NA,NA,NA,"06_or_se_imputation",1000
0.25,0.3,100,0.25,0.32258064516129,"package_mean_var","sample",1000,1000,0,-0.0946290693782388,0.00227882304915911,0.0720627121983265,0.00161217752156841,NA,NA,NA,0.223708373028638,NA,NA,NA,"06_or_se_imputation",1000
0.25,0.3,300,0.25,0.32258064516129,"package_mean_var","sample",1000,1000,0,0.076006496934015,0.00163263557221968,0.0516284699722652,0.00115502534144404,NA,NA,NA,0.135065737876472,NA,NA,NA,"06_or_se_imputation",1000
0.25,0.3,1000,0.25,0.32258064516129,"package_mean_var","sample",1000,1000,0,0.20671414800117,0.000944232695099535,0.0298592595771384,0.000668007428980126,NA,NA,NA,0.212268116988417,NA,NA,NA,"06_or_se_imputation",1000
0.25,0.3,50,0.5,0.32258064516129,"package_mean_var","sample",1000,1000,0,0.0915394648739183,0.00257178318476674,0.0813269251198455,0.00181943527487073,NA,NA,NA,0.18180681122579,NA,NA,NA,"06_or_se_imputation",1000
0.25,0.3,100,0.5,0.32258064516129,"package_mean_var","sample",1000,1000,0,0.22234882392721,0.0021757447410923,0.0688030898898502,0.00153925367990026,NA,NA,NA,0.251621364716137,NA,NA,NA,"06_or_se_imputation",1000
0.25,0.3,300,0.5,0.32258064516129,"package_mean_var","sample",1000,1000,0,0.374573731284109,0.00133713404578239,0.0422838912162821,0.000945969654260627,NA,NA,NA,0.37719375838342,NA,NA,NA,"06_or_se_imputation",1000
0.25,0.3,1000,0.5,0.32258064516129,"package_mean_var","sample",1000,1000,0,0.497841290874432,0.000838646071340469,0.0265203173618794,0.000593309052787433,NA,NA,NA,0.498297221468182,NA,NA,NA,"06_or_se_imputation",1000
0.25,0.5,50,0.25,0.4,"package_mean_var","sample",1000,1000,0,-0.0107255608878474,0.00185598868280855,0.0586915154917082,0.00131303886706492,NA,NA,NA,0.165186766864447,NA,NA,NA,"06_or_se_imputation",1000
0.25,0.5,100,0.25,0.4,"package_mean_var","sample",1000,1000,0,0.120999982689333,0.00201873744353443,0.0638380831943434,0.00142817720297134,NA,NA,NA,0.164361002062831,NA,NA,NA,"06_or_se_imputation",1000
0.25,0.5,300,0.25,0.4,"package_mean_var","sample",1000,1000,0,0.273409041549116,0.00138495085194301,0.0437959913953055,0.000979798160635353,NA,NA,NA,0.276388993715056,NA,NA,NA,"06_or_se_imputation",1000
0.25,0.5,1000,0.25,0.4,"package_mean_var","sample",1000,1000,0,0.392203262715382,0.00100397884546567,0.0317485987429773,0.000710275476363653,NA,NA,NA,0.392643431665142,NA,NA,NA,"06_or_se_imputation",1000
0.25,0.5,50,0.5,0.4,"package_mean_var","sample",1000,1000,0,0.249010376828353,0.0017992756276375,0.056898091217635,0.00127291661502785,NA,NA,NA,0.262462042683979,NA,NA,NA,"06_or_se_imputation",1000
0.25,0.5,100,0.5,0.4,"package_mean_var","sample",1000,1000,0,0.35908478246717,0.00143197529665072,0.0452830349051155,0.00101306610250121,NA,NA,NA,0.361341892911967,NA,NA,NA,"06_or_se_imputation",1000
0.25,0.5,300,0.5,0.4,"package_mean_var","sample",1000,1000,0,0.493654782207602,0.00101304968944527,0.0320354440157328,0.000716692741087633,NA,NA,NA,0.49406953941673,NA,NA,NA,"06_or_se_imputation",1000
0.25,0.5,1000,0.5,0.4,"package_mean_var","sample",1000,1000,0,0.605565336574407,0.000593060907272445,0.0187542325818684,0.000419567225273772,NA,NA,NA,0.605686015617691,NA,NA,NA,"06_or_se_imputation",1000
0.5,0.02,300,0.25,0.505050505050505,"package_mean_var","sample",1000,995,0.005,-0.198585909891471,0.00435149923199634,0.137262040776882,0.00307852200014054,NA,NA,NA,0.284898712722523,NA,NA,NA,"06_or_se_imputation",1000
0.5,0.02,1000,0.25,0.505050505050505,"package_mean_var","sample",1000,1000,0,-0.13638688542518,0.0028280473967766,0.0894307110472399,0.00200073210804836,NA,NA,NA,0.308062853323515,NA,NA,NA,"06_or_se_imputation",1000
0.5,0.02,1000,0.5,0.505050505050505,"package_mean_var","sample",1000,1000,0,0.169336415024431,0.00310340725284917,0.0981383542608946,0.00219553835703128,NA,NA,NA,0.216363615203306,NA,NA,NA,"06_or_se_imputation",1000
0.5,0.1,100,0.25,0.526315789473684,"package_mean_var","sample",1000,1000,0,-0.15121385606696,0.00309916105738829,0.098004077770428,0.00219253434104296,NA,NA,NA,0.261331039747097,NA,NA,NA,"06_or_se_imputation",1000
0.5,0.1,300,0.25,0.526315789473684,"package_mean_var","sample",1000,1000,0,-0.0187224828933941,0.0022031607236411,0.0696700593813065,0.00155864940736282,NA,NA,NA,0.196532833474789,NA,NA,NA,"06_or_se_imputation",1000
0.5,0.1,1000,0.25,0.526315789473684,"package_mean_var","sample",1000,1000,0,0.137299532761634,0.00117997240298919,0.0373140036958792,0.000834783984158927,NA,NA,NA,0.168543068149519,NA,NA,NA,"06_or_se_imputation",1000
0.5,0.1,100,0.5,0.526315789473684,"package_mean_var","sample",1000,1000,0,0.0643166184458183,0.00370939109317106,0.117301245867624,0.0026242480482735,NA,NA,NA,0.168832365473787,NA,NA,NA,"06_or_se_imputation",1000
0.5,0.1,300,0.5,0.526315789473684,"package_mean_var","sample",1000,1000,0,0.265037216099521,0.00229097319291175,0.0724469334798944,0.00162077326955729,NA,NA,NA,0.275575735311331,NA,NA,NA,"06_or_se_imputation",1000
0.5,0.1,1000,0.5,0.526315789473684,"package_mean_var","sample",1000,1000,0,0.409057899271387,0.00125517584628378,0.0396921453828613,0.000887987457271424,NA,NA,NA,0.410332146601067,NA,NA,NA,"06_or_se_imputation",1000
0.5,0.3,50,0.25,0.588235294117647,"package_mean_var","sample",1000,1000,0,-0.0370309576438455,0.00188075390302728,0.0594746605181765,0.00133055928461909,NA,NA,NA,0.181919817598877,NA,NA,NA,"06_or_se_imputation",1000
0.5,0.3,100,0.25,0.588235294117647,"package_mean_var","sample",1000,1000,0,0.0886320709442121,0.00179726566642566,0.0568345306632549,0.00127149464666302,NA,NA,NA,0.159017961591649,NA,NA,NA,"06_or_se_imputation",1000
0.5,0.3,300,0.25,0.588235294117647,"package_mean_var","sample",1000,1000,0,0.229500534335925,0.00104633495362006,0.0330880164888602,0.000740240754050667,NA,NA,NA,0.236086111639004,NA,NA,NA,"06_or_se_imputation",1000
0.5,0.3,1000,0.25,0.588235294117647,"package_mean_var","sample",1000,1000,0,0.338357207185253,0.000655383701135352,0.0207250523693879,0.000463658146411415,NA,NA,NA,0.339532505828799,NA,NA,NA,"06_or_se_imputation",1000
0.5,0.3,50,0.5,0.588235294117647,"package_mean_var","sample",1000,1000,0,0.211996005586256,0.00224928298624142,0.0711285733878806,0.00159127909093371,NA,NA,NA,0.229384605803985,NA,NA,NA,"06_or_se_imputation",1000
0.5,0.3,100,0.5,0.588235294117647,"package_mean_var","sample",1000,1000,0,0.317292487209164,0.00167689314732871,0.0530280173828703,0.0011863358320836,NA,NA,NA,0.320681892405603,NA,NA,NA,"06_or_se_imputation",1000
0.5,0.3,300,0.5,0.588235294117647,"package_mean_var","sample",1000,1000,0,0.445158087634938,0.000936840160850576,0.0296254871180633,0.000662777502265108,NA,NA,NA,0.445474333688191,NA,NA,NA,"06_or_se_imputation",1000
0.5,0.3,1000,0.5,0.588235294117647,"package_mean_var","sample",1000,1000,0,0.553087443804218,0.000590873927509448,0.0186850742093908,0.000418020023258534,NA,NA,NA,0.553164432943961,NA,NA,NA,"06_or_se_imputation",1000
0.5,0.5,50,0.25,0.666666666666667,"package_mean_var","sample",1000,1000,0,0.105060631487226,0.00113809862433868,0.0359898385481459,0.000805159935592107,NA,NA,NA,0.143190717025775,NA,NA,NA,"06_or_se_imputation",1000
0.5,0.5,100,0.25,0.666666666666667,"package_mean_var","sample",1000,1000,0,0.223461166355788,0.000917844249141364,0.0290247836457375,0.000649338643170458,NA,NA,NA,0.228348777807442,NA,NA,NA,"06_or_se_imputation",1000
0.5,0.5,300,0.25,0.666666666666667,"package_mean_var","sample",1000,1000,0,0.345000939069938,0.000548978082094535,0.0173602112492963,0.000388380363325328,NA,NA,NA,0.345717432390115,NA,NA,NA,"06_or_se_imputation",1000
0.5,0.5,1000,0.25,0.666666666666667,"package_mean_var","sample",1000,1000,0,0.45259536144646,0.000349780431140895,0.0110610284336092,0.000247455873670376,NA,NA,NA,0.452744943713223,NA,NA,NA,"06_or_se_imputation",1000
0.5,0.5,50,0.5,0.666666666666667,"package_mean_var","sample",1000,1000,0,0.307439452016594,0.00103811457878587,0.0328280654118966,0.000734425162738549,NA,NA,NA,0.308907050828857,NA,NA,NA,"06_or_se_imputation",1000
0.5,0.5,100,0.5,0.666666666666667,"package_mean_var","sample",1000,1000,0,0.397588523825565,0.000786853967078646,0.0248825072190767,0.000556668179632999,NA,NA,NA,0.397960244283019,NA,NA,NA,"06_or_se_imputation",1000
0.5,0.5,300,0.5,0.666666666666667,"package_mean_var","sample",1000,1000,0,0.515163383034789,0.000576881193757071,0.0182425851158925,0.00040812071544295,NA,NA,NA,0.515275952646031,NA,NA,NA,"06_or_se_imputation",1000
0.5,0.5,1000,0.5,0.666666666666667,"package_mean_var","sample",1000,1000,0,0.619524962083312,0.000415680698071372,0.013144977852743,0.000294077716050756,NA,NA,NA,0.619580156448865,NA,NA,NA,"06_or_se_imputation",1000
1,0.1,50,0.25,1,"package_mean_var","sample",1000,993,0.00700000000000001,-0.06719968956515,0.00364876615865867,0.114979563485033,0.00258136740332951,NA,NA,NA,0.179839600147147,NA,NA,NA,"06_or_se_imputation",1000
1,0.3,50,0.25,1,"package_mean_var","sample",1000,1000,0,0.0937746884791979,0.00159768613470592,0.050523271717413,0.00113029999141217,NA,NA,NA,0.152247408391047,NA,NA,NA,"06_or_se_imputation",1000
1,0.5,50,0.25,1,"package_mean_var","sample",1000,1000,0,0.149802624995933,0.000660933983201079,0.0209005676992287,0.000467584752291601,NA,NA,NA,0.158396822893139,NA,NA,NA,"06_or_se_imputation",1000
1,0.1,100,0.25,1,"package_mean_var","sample",1000,1000,0,0.0125192851461558,0.00309307326220123,0.0978115647832308,0.00218822746580747,NA,NA,NA,0.189010032938051,NA,NA,NA,"06_or_se_imputation",1000
1,0.3,100,0.25,1,"package_mean_var","sample",1000,1000,0,0.210428052194847,0.00108046044152863,0.0341671591694164,0.000764383192200506,NA,NA,NA,0.219533641303324,NA,NA,NA,"06_or_se_imputation",1000
1,0.5,100,0.25,1,"package_mean_var","sample",1000,1000,0,0.259942062995916,0.000395823713008527,0.0125170448501177,0.000280029681484733,NA,NA,NA,0.26084519680781,NA,NA,NA,"06_or_se_imputation",1000
1,0.02,300,0.25,1,"package_mean_var","sample",1000,998,0.002,-0.0741318971174262,0.00444673650118298,0.140477466449004,0.00314589402836119,NA,NA,NA,0.212022646843649,NA,NA,NA,"06_or_se_imputation",1000
1,0.1,300,0.25,1,"package_mean_var","sample",1000,1000,0,0.190591424293886,0.00188664011017964,0.0596607987319869,0.00133472354426261,NA,NA,NA,0.221167867556113,NA,NA,NA,"06_or_se_imputation",1000
1,0.3,300,0.25,1,"package_mean_var","sample",1000,1000,0,0.328092288536375,0.000629294814761898,0.0199000493438135,0.000445201287205277,NA,NA,NA,0.329773567887617,NA,NA,NA,"06_or_se_imputation",1000
1,0.5,300,0.25,1,"package_mean_var","sample",1000,1000,0,0.373456498200391,0.000230910315639771,0.00730202532650078,0.000163359950440239,NA,NA,NA,0.373536130466892,NA,NA,NA,"06_or_se_imputation",1000
1,0.02,1000,0.25,1,"package_mean_var","sample",1000,1000,0,0.119419303887402,0.0027121502062491,0.0857657200824258,0.0019187394121037,NA,NA,NA,0.211433780763905,NA,NA,NA,"06_or_se_imputation",1000
1,0.1,1000,0.25,1,"package_mean_var","sample",1000,1000,0,0.328641738101764,0.00106452269155338,0.0336631632624156,0.00075310786204095,NA,NA,NA,0.332851551166732,NA,NA,NA,"06_or_se_imputation",1000
1,0.3,1000,0.25,1,"package_mean_var","sample",1000,1000,0,0.430183420235251,0.000325851302275235,0.0103043229372175,0.000230526957806476,NA,NA,NA,0.430501025128008,NA,NA,NA,"06_or_se_imputation",1000
1,0.5,1000,0.25,1,"package_mean_var","sample",1000,1000,0,0.469115781557267,0.000123652154408097,0.00391022445516416,8.74790273443128e-05,NA,NA,NA,0.469124891973675,NA,NA,NA,"06_or_se_imputation",1000
1,0.1,50,0.5,1,"package_mean_var","sample",1000,994,0.00600000000000001,0.0430693618340193,0.00391072838289448,0.123296527549918,0.00276669460661232,NA,NA,NA,0.132811471062777,NA,NA,NA,"06_or_se_imputation",1000
1,0.3,50,0.5,1,"package_mean_var","sample",1000,1000,0,0.271162085797396,0.00152884647188292,0.0483463704386262,0.00108159864225014,NA,NA,NA,0.275844049941743,NA,NA,NA,"06_or_se_imputation",1000
1,0.5,50,0.5,1,"package_mean_var","sample",1000,1000,0,0.324796522525208,0.000568090072459637,0.0179645854510255,0.000401901343495517,NA,NA,NA,0.325474935154329,NA,NA,NA,"06_or_se_imputation",1000
1,0.1,100,0.5,1,"package_mean_var","sample",1000,1000,0,0.172492444755553,0.00316385437146065,0.100049859988961,0.00223830231183021,NA,NA,NA,0.196784471304492,NA,NA,NA,"06_or_se_imputation",1000
1,0.3,100,0.5,1,"package_mean_var","sample",1000,1000,0,0.359707977841222,0.00100473245120547,0.0317724298489327,0.000710808622732466,NA,NA,NA,0.360402756138267,NA,NA,NA,"06_or_se_imputation",1000
1,0.5,100,0.5,1,"package_mean_var","sample",1000,1000,0,0.410254649898771,0.000328987487024723,0.0104034978069322,0.000232745684950945,NA,NA,NA,0.410421887390012,NA,NA,NA,"06_or_se_imputation",1000
1,0.02,300,0.5,1,"package_mean_var","sample",1000,997,0.003,0.0521256504561208,0.00442037147135635,0.139574585412054,0.00312724336287985,NA,NA,NA,0.157527105450917,NA,NA,NA,"06_or_se_imputation",1000
1,0.1,300,0.5,1,"package_mean_var","sample",1000,1000,0,0.345202689598897,0.00186996115522367,0.0591333638654647,0.00132292384078269,NA,NA,NA,0.346392768161331,NA,NA,NA,"06_or_se_imputation",1000
1,0.3,300,0.5,1,"package_mean_var","sample",1000,1000,0,0.472131524848753,0.000574243159788597,0.0181591631570398,0.000406254410348889,NA,NA,NA,0.472234131105371,NA,NA,NA,"06_or_se_imputation",1000
1,0.5,300,0.5,1,"package_mean_var","sample",1000,1000,0,0.518544597756054,0.000207727899780594,0.00656893296869869,0.000146959304607905,NA,NA,NA,0.518574258426452,NA,NA,NA,"06_or_se_imputation",1000
1,0.02,1000,0.5,1,"package_mean_var","sample",1000,1000,0,0.280286038216616,0.00270608484713394,0.0855739165861182,0.0019144484095051,NA,NA,NA,0.28588331516276,NA,NA,NA,"06_or_se_imputation",1000
1,0.1,1000,0.5,1,"package_mean_var","sample",1000,1000,0,0.476840585804763,0.00104209635384816,0.0329539801951695,0.000737242111713036,NA,NA,NA,0.476944609985918,NA,NA,NA,"06_or_se_imputation",1000
1,0.3,1000,0.5,1,"package_mean_var","sample",1000,1000,0,0.574545142096492,0.000333369678400496,0.0105420748658341,0.000235845912690803,NA,NA,NA,0.574563006364571,NA,NA,NA,"06_or_se_imputation",1000
1,0.5,1000,0.5,1,"package_mean_var","sample",1000,1000,0,0.613048733637087,9.26328631688295e-05,0.00292930833796224,6.55341009537428e-05,NA,NA,NA,0.613053718533619,NA,NA,NA,"06_or_se_imputation",1000
2,0.5,50,0.25,1.33333333333333,"package_mean_var","sample",1000,1000,0,0.106546637076649,0.00115784109423594,0.0366141502632723,0.00081912695519038,NA,NA,NA,0.14396558352441,NA,NA,NA,"06_or_se_imputation",1000
2,0.5,100,0.25,1.33333333333333,"package_mean_var","sample",1000,1000,0,0.221065093989356,0.00102143201614621,0.0323005164603992,0.000722622906964573,NA,NA,NA,0.226334259963948,NA,NA,NA,"06_or_se_imputation",1000
2,0.5,300,0.25,1.33333333333333,"package_mean_var","sample",1000,1000,0,0.341006171430334,0.000660443865958319,0.0208850688311523,0.000467238013652985,NA,NA,NA,0.341694781754672,NA,NA,NA,"06_or_se_imputation",1000
2,0.5,1000,0.25,1.33333333333333,"package_mean_var","sample",1000,1000,0,0.441455637261107,0.000481648630792116,0.0152310670520459,0.000340747429311715,NA,NA,NA,0.441609784046582,NA,NA,NA,"06_or_se_imputation",1000
2,0.5,50,0.5,1.33333333333333,"package_mean_var","sample",1000,1000,0,0.303306907577249,0.000999479010243329,0.0316063014589968,0.000707092020237519,NA,NA,NA,0.304815386377167,NA,NA,NA,"06_or_se_imputation",1000
2,0.5,100,0.5,1.33333333333333,"package_mean_var","sample",1000,1000,0,0.394897864203135,0.000822570543284409,0.0260119645294085,0.000581936250064165,NA,NA,NA,0.395199368107664,NA,NA,NA,"06_or_se_imputation",1000
2,0.5,300,0.5,1.33333333333333,"package_mean_var","sample",1000,1000,0,0.509750288615695,0.000673386348571315,0.0212943460674943,0.000476394310167391,NA,NA,NA,0.509859723365999,NA,NA,NA,"06_or_se_imputation",1000
2,0.5,1000,0.5,1.33333333333333,"package_mean_var","sample",1000,1000,0,0.613190585562274,0.000509824775183334,0.0161220749716262,0.000360680941327381,NA,NA,NA,0.613251403497869,NA,NA,NA,"06_or_se_imputation",1000
2,0.3,50,0.25,1.53846153846154,"package_mean_var","sample",1000,1000,0,0.166860011451976,0.00141734261352485,0.0448203088355429,0.00100271405571791,NA,NA,NA,0.175533706945212,NA,NA,NA,"06_or_se_imputation",1000
2,0.3,100,0.25,1.53846153846154,"package_mean_var","sample",1000,1000,0,0.275869901427987,0.00109907709343334,0.0347558693936705,0.000777553739926325,NA,NA,NA,0.278191396109918,NA,NA,NA,"06_or_se_imputation",1000
2,0.3,300,0.25,1.53846153846154,"package_mean_var","sample",1000,1000,0,0.398191786294736,0.000753244398128224,0.0238196793284786,0.000532890733818824,NA,NA,NA,0.398853122060458,NA,NA,NA,"06_or_se_imputation",1000
2,0.3,1000,0.25,1.53846153846154,"package_mean_var","sample",1000,1000,0,0.502900850064267,0.000424178942884295,0.0134137159499684,0.000300089889424742,NA,NA,NA,0.503038335400809,NA,NA,NA,"06_or_se_imputation",1000
2,0.3,50,0.5,1.53846153846154,"package_mean_var","sample",1000,1000,0,0.300219703058408,0.00116981310132407,0.036992738368894,0.000827596678507712,NA,NA,NA,0.302515711412806,NA,NA,NA,"06_or_se_imputation",1000
2,0.3,100,0.5,1.53846153846154,"package_mean_var","sample",1000,1000,0,0.389468294364561,0.000931644312643071,0.0294611799709411,0.000659101644374908,NA,NA,NA,0.389960806698019,NA,NA,NA,"06_or_se_imputation",1000
2,0.3,300,0.5,1.53846153846154,"package_mean_var","sample",1000,1000,0,0.507138360475883,0.000651266810994664,0.0205948648721753,0.000460745608842501,NA,NA,NA,0.507262995859084,NA,NA,NA,"06_or_se_imputation",1000
2,0.3,1000,0.5,1.53846153846154,"package_mean_var","sample",1000,1000,0,0.60906637346577,0.000448653917244233,0.0141876825964847,0.000317404969469511,NA,NA,NA,0.609120253921409,NA,NA,NA,"06_or_se_imputation",1000
4,0.5,50,0.25,1.6,"package_mean_var","sample",1000,1000,0,-0.0131110852916962,0.00191801695135586,0.060653021570969,0.00135692142314609,NA,NA,NA,0.154498962931615,NA,NA,NA,"06_or_se_imputation",1000
4,0.5,100,0.25,1.6,"package_mean_var","sample",1000,1000,0,0.122140735436096,0.00233892789647242,0.0739633943575936,0.00165469933290939,NA,NA,NA,0.163098653667609,NA,NA,NA,"06_or_se_imputation",1000
4,0.5,300,0.25,1.6,"package_mean_var","sample",1000,1000,0,0.287985637945663,0.00160508742435307,0.0507573210464891,0.00113553611222645,NA,NA,NA,0.289663140452077,NA,NA,NA,"06_or_se_imputation",1000
4,0.5,1000,0.25,1.6,"package_mean_var","sample",1000,1000,0,0.416997426531406,0.00109137364442838,0.0345122649467242,0.000772103853271488,NA,NA,NA,0.41717990778647,NA,NA,NA,"06_or_se_imputation",1000
4,0.5,50,0.5,1.6,"package_mean_var","sample",1000,1000,0,0.250571251361843,0.0017463609185623,0.0552247811936068,0.00123548154319863,NA,NA,NA,0.261497905900237,NA,NA,NA,"06_or_se_imputation",1000
4,0.5,100,0.5,1.6,"package_mean_var","sample",1000,1000,0,0.369726816934315,0.0018057487131241,0.0571027881539013,0.00127749606796982,NA,NA,NA,0.3708274359496,NA,NA,NA,"06_or_se_imputation",1000
4,0.5,300,0.5,1.6,"package_mean_var","sample",1000,1000,0,0.522773160928298,0.00135993453954014,0.0430049061367915,0.000962100105253945,NA,NA,NA,0.522990888303641,NA,NA,NA,"06_or_se_imputation",1000
4,0.5,1000,0.5,1.6,"package_mean_var","sample",1000,1000,0,0.653623704657307,0.000922996508884714,0.0291877124045954,0.000652983663939656,NA,NA,NA,0.653756058798554,NA,NA,NA,"06_or_se_imputation",1000
2,0.1,50,0.25,1.81818181818182,"package_mean_var","sample",1000,998,0.002,0.0337207890869057,0.00358924071593534,0.113388198764661,0.00253924893719427,NA,NA,NA,0.157378318945011,NA,NA,NA,"06_or_se_imputation",1000
2,0.1,100,0.25,1.81818181818182,"package_mean_var","sample",1000,1000,0,0.173958851864204,0.00282359058505123,0.0892897742856926,0.0019975790893512,NA,NA,NA,0.210125287435972,NA,NA,NA,"06_or_se_imputation",1000
2,0.1,300,0.25,1.81818181818182,"package_mean_var","sample",1000,1000,0,0.329449939843081,0.00159778865325596,0.0505265136386185,0.00113037251924709,NA,NA,NA,0.333244400579971,NA,NA,NA,"06_or_se_imputation",1000
2,0.1,1000,0.25,1.81818181818182,"package_mean_var","sample",1000,1000,0,0.457630611021849,0.000933610412343725,0.0295233535025515,0.000660492582448721,NA,NA,NA,0.458339808451802,NA,NA,NA,"06_or_se_imputation",1000
2,0.1,50,0.5,1.81818181818182,"package_mean_var","sample",1000,1000,0,0.0944883300672443,0.00338120630561166,0.106923131646562,0.00239207024156788,NA,NA,NA,0.15475418234625,NA,NA,NA,"06_or_se_imputation",1000
2,0.1,100,0.5,1.81818181818182,"package_mean_var","sample",1000,1000,0,0.208611868245343,0.00250466299239922,0.0792043982711455,0.00177195038330875,NA,NA,NA,0.230149525914401,NA,NA,NA,"06_or_se_imputation",1000
2,0.1,300,0.5,1.81818181818182,"package_mean_var","sample",1000,1000,0,0.363089351342044,0.00151516886422671,0.0479138465072683,0.00107192227373162,NA,NA,NA,0.364873761755784,NA,NA,NA,"06_or_se_imputation",1000
2,0.1,1000,0.5,1.81818181818182,"package_mean_var","sample",1000,1000,0,0.484884618165606,0.000833784770078754,0.0263665895180867,0.000589869873680218,NA,NA,NA,0.485179681700294,NA,NA,NA,"06_or_se_imputation",1000
2,0.02,300,0.25,1.96078431372549,"package_mean_var","sample",1000,1000,0,0.077223460782461,0.00425535233059276,0.134566056111789,0.00301049411285659,NA,NA,NA,0.178485980749178,NA,NA,NA,"06_or_se_imputation",1000
2,0.02,1000,0.25,1.96078431372549,"package_mean_var","sample",1000,1000,0,0.286876409389954,0.00241555350186425,0.0763865087588681,0.00170890892967245,NA,NA,NA,0.29499623860591,NA,NA,NA,"06_or_se_imputation",1000
2,0.02,300,0.5,1.96078431372549,"package_mean_var","sample",1000,999,0.001,0.0623419936563087,0.00388467006800616,0.122782616341751,0.00274825239385022,NA,NA,NA,0.182846819751287,NA,NA,NA,"06_or_se_imputation",1000
2,0.02,1000,0.5,1.96078431372549,"package_mean_var","sample",1000,1000,0,0.281914765068023,0.00222178519757279,0.0702590169597722,0.00157182548886453,NA,NA,NA,0.292628536980293,NA,NA,NA,"06_or_se_imputation",1000
4,0.3,50,0.25,2.10526315789474,"package_mean_var","sample",1000,1000,0,0.154161545843249,0.0017119347664997,0.0541361306776757,0.00121112639700599,NA,NA,NA,0.169304583883975,NA,NA,NA,"06_or_se_imputation",1000
4,0.3,100,0.25,2.10526315789474,"package_mean_var","sample",1000,1000,0,0.276879744004393,0.00156254834248427,0.0494121171637115,0.00110544138784566,NA,NA,NA,0.278925939719301,NA,NA,NA,"06_or_se_imputation",1000
4,0.3,300,0.25,2.10526315789474,"package_mean_var","sample",1000,1000,0,0.410324687074114,0.00109429508795226,0.0346046491026342,0.000774170659459649,NA,NA,NA,0.410817300893846,NA,NA,NA,"06_or_se_imputation",1000
4,0.3,1000,0.25,2.10526315789474,"package_mean_var","sample",1000,1000,0,0.523799905532687,0.000768190842930479,0.0242923274134497,0.000543464754625947,NA,NA,NA,0.523979701467871,NA,NA,NA,"06_or_se_imputation",1000
4,0.3,50,0.5,2.10526315789474,"package_mean_var","sample",1000,1000,0,0.292011369479266,0.0015149513387789,0.0479069677486268,0.0010717683830478,NA,NA,NA,0.294392793890056,NA,NA,NA,"06_or_se_imputation",1000
4,0.3,100,0.5,2.10526315789474,"package_mean_var","sample",1000,1000,0,0.397745329091936,0.00137397029366197,0.0434487556538222,0.000972029848285912,NA,NA,NA,0.39805226856263,NA,NA,NA,"06_or_se_imputation",1000
4,0.3,300,0.5,2.10526315789474,"package_mean_var","sample",1000,1000,0,0.531369445539085,0.00110104509094181,0.0348181029392333,0.000778946020624389,NA,NA,NA,0.531629799088027,NA,NA,NA,"06_or_se_imputation",1000
4,0.3,1000,0.5,2.10526315789474,"package_mean_var","sample",1000,1000,0,0.653635630268943,0.000738369507067733,0.0233492939714983,0.00052236733446478,NA,NA,NA,0.653761766493806,NA,NA,NA,"06_or_se_imputation",1000
4,0.1,50,0.25,3.07692307692308,"package_mean_var","sample",1000,999,0.001,0.145985757160422,0.00323732973650956,0.102322155563036,0.00229028438510644,NA,NA,NA,0.181111770592644,NA,NA,NA,"06_or_se_imputation",1000
4,0.1,100,0.25,3.07692307692308,"package_mean_var","sample",1000,1000,0,0.274095109129063,0.00246424631999862,0.0779263108688378,0.0017433571800037,NA,NA,NA,0.281741030222739,NA,NA,NA,"06_or_se_imputation",1000
4,0.1,300,0.25,3.07692307692308,"package_mean_var","sample",1000,1000,0,0.425743241085352,0.00148209476426898,0.0468679516330031,0.00104852365113227,NA,NA,NA,0.426955487479168,NA,NA,NA,"06_or_se_imputation",1000
4,0.1,1000,0.25,3.07692307692308,"package_mean_var","sample",1000,1000,0,0.545898111877056,0.000882441391715805,0.0279052469943079,0.000624292516415756,NA,NA,NA,0.546261910556483,NA,NA,NA,"06_or_se_imputation",1000
4,0.1,50,0.5,3.07692307692308,"package_mean_var","sample",1000,1000,0,0.104834331156862,0.00266151195925117,0.0841643981101094,0.00188291484750146,NA,NA,NA,0.190254349060536,NA,NA,NA,"06_or_se_imputation",1000
4,0.1,100,0.5,3.07692307692308,"package_mean_var","sample",1000,1000,0,0.227850671915857,0.00222524799272918,0.0703685201574202,0.00157427528000342,NA,NA,NA,0.255416830709452,NA,NA,NA,"06_or_se_imputation",1000
4,0.1,300,0.5,3.07692307692308,"package_mean_var","sample",1000,1000,0,0.381449773156526,0.00137874891068374,0.0435998687923667,0.000975410531551129,NA,NA,NA,0.384344694865811,NA,NA,NA,"06_or_se_imputation",1000
4,0.1,1000,0.5,3.07692307692308,"package_mean_var","sample",1000,1000,0,0.503235909939514,0.00081440803960308,0.0257538434989835,0.000576161600312569,NA,NA,NA,0.503598494664529,NA,NA,NA,"06_or_se_imputation",1000
4,0.02,300,0.25,3.77358490566038,"package_mean_var","sample",1000,1000,0,0.167876505690072,0.0035936043736407,0.113639748302474,0.00254233350620676,NA,NA,NA,0.200072801540379,NA,NA,NA,"06_or_se_imputation",1000
4,0.02,1000,0.25,3.77358490566038,"package_mean_var","sample",1000,1000,0,0.356924030891337,0.00197611588599024,0.0624902712017078,0.00139802413029976,NA,NA,NA,0.358614281311426,NA,NA,NA,"06_or_se_imputation",1000
4,0.02,300,0.5,3.77358490566038,"package_mean_var","sample",1000,1000,0,0.0285434230129632,0.00313848369134462,0.0992475686394188,0.00222035355525385,NA,NA,NA,0.204181405289952,NA,NA,NA,"06_or_se_imputation",1000
4,0.02,1000,0.5,3.77358490566038,"package_mean_var","sample",1000,1000,0,0.211092424005311,0.00172310440961237,0.0544893458065483,0.00121902847942386,NA,NA,NA,0.233901018904993,NA,NA,NA,"06_or_se_imputation",1000
