"rho","n","p_exp","p_case","dgm","method","target","n_sim","n_valid","n_valid_se","n_valid_ci","nonest_rate","bias","bias_mcse","emp_se","emp_se_mcse","mod_se","se_ratio","se_ratio_mcse","rmse","coverage","coverage_mcse","ci_width","study","nrep"
0,25,0.3,0.1,"CAT","2x2_tetrachoric (r)","own",1000,1000,1000,1000,0,0.0637980666947502,0.0104515425981227,0.330506796723415,0.00739405459701036,0.414764943583747,1.25493620008923,0.0280752676532389,0.336445688412974,0.985,0.00384382621875652,1.34100191032287,"09b_or_to_cor_CAT",1000
0.1,25,0.3,0.1,"CAT","2x2_tetrachoric (r)","own",1000,1000,1000,1000,0,0.00931357621681449,0.0107222636536217,0.339067748182834,0.00758557907735643,0.397596212054182,1.17261583912071,0.0262336073621912,0.339026125279257,0.995,0.00223047080231955,1.30847941156673,"09b_or_to_cor_CAT",1000
0.25,25,0.3,0.1,"CAT","2x2_tetrachoric (r)","own",1000,1000,1000,1000,0,-0.0622529026066848,0.00952758084494736,0.301288560614252,0.00674038806076576,0.365408609669983,1.2128193945532,0.0271330360178463,0.307505196449114,0.989,0.00329833291224522,1.2321496172428,"09b_or_to_cor_CAT",1000
0.5,25,0.3,0.1,"CAT","2x2_tetrachoric (r)","own",1000,1000,1000,1000,0,-0.199088864747921,0.00522965005188289,0.165376055295677,0.00369977136330343,0.266402505427446,1.61088922426613,0.0360386019048412,0.258762954249849,0.891,0.00985489725973843,1.01770044125955,"09b_or_to_cor_CAT",1000
0,50,0.3,0.1,"CAT","2x2_tetrachoric (r)","own",1000,1000,1000,1000,0,-0.00388037239070296,0.00927221364230186,0.293213140613597,0.00655972582637122,0.313777960107954,1.07013607729627,0.0239409436060125,0.293092185451183,0.98,0.00442718872423573,1.09320548464879,"09b_or_to_cor_CAT",1000
0.1,50,0.3,0.1,"CAT","2x2_tetrachoric (r)","own",1000,1000,1000,1000,0,-0.0240762172711864,0.00909612589588919,0.287644757146495,0.00643515068364791,0.305908305620069,1.06349341686166,0.0237923348802319,0.288507246088623,0.977,0.00474035863622153,1.0657425712247,"09b_or_to_cor_CAT",1000
0.25,50,0.3,0.1,"CAT","2x2_tetrachoric (r)","own",1000,1000,1000,1000,0,-0.0257169477760009,0.0081394840038767,0.257393084307572,0.00575836423677468,0.266964649067086,1.03718656538603,0.0232038014581823,0.258546533630658,0.978,0.00463853425124791,0.95760094703977,"09b_or_to_cor_CAT",1000
0.5,50,0.3,0.1,"CAT","2x2_tetrachoric (r)","own",1000,1000,1000,1000,0,-0.11933141626855,0.00298138129538023,0.0942795546682476,0.0021092097999492,0.164017482377337,1.7396930114327,0.0389201832945525,0.152051743504218,0.942,0.00739161687318817,0.69165933510244,"09b_or_to_cor_CAT",1000
0,100,0.3,0.1,"CAT","2x2_tetrachoric (r)","own",1000,1000,1000,1000,0,-0.0145195095481864,0.00734285658743461,0.232201513482647,0.00519478172679131,0.228045933996361,0.982103564167351,0.0219714917979398,0.232539118167865,0.962,0.00604615580348373,0.835941054843997,"09b_or_to_cor_CAT",1000
0.1,100,0.3,0.1,"CAT","2x2_tetrachoric (r)","own",1000,1000,1000,1000,0,-0.017798002177757,0.00679689587504369,0.214936719841413,0.00480853603364681,0.215667835973063,1.00340154131034,0.0224479673420507,0.215565221276924,0.965,0.00581162627841812,0.793698347335068,"09b_or_to_cor_CAT",1000
0.25,100,0.3,0.1,"CAT","2x2_tetrachoric (r)","own",1000,1000,1000,1000,0,-0.00717716125264866,0.00603525868817318,0.190851637229472,0.00426970773246901,0.185110528599983,0.969918473255822,0.0216988885463195,0.19089115937985,0.967,0.00564898220921256,0.695361439660542,"09b_or_to_cor_CAT",1000
0.5,100,0.3,0.1,"CAT","2x2_tetrachoric (r)","own",1000,1000,1000,1000,0,-0.0679360316782932,0.00167389096618931,0.0529330800793812,0.00118421190721352,0.100414904599252,1.89701608991324,0.0424397945194568,0.0861069884267099,0.973,0.00512552436341883,0.440151348848176,"09b_or_to_cor_CAT",1000
0,300,0.3,0.1,"CAT","2x2_tetrachoric (r)","own",1000,1000,1000,1000,0,-0.00285028169832813,0.00423194381698869,0.13382581391551,0.002993933511778,0.130357485278378,0.974083261400359,0.0217920626390492,0.133789249296939,0.952,0.00675988165576884,0.499391623991866,"09b_or_to_cor_CAT",1000
0.1,300,0.3,0.1,"CAT","2x2_tetrachoric (r)","own",1000,1000,1000,1000,0,-0.00484678840570464,0.00388054562475264,0.122713627384194,0.00274533313587265,0.123200232711853,1.00396537318659,0.0224605813146463,0.122747981935716,0.957,0.00641490451994416,0.473093122542036,"09b_or_to_cor_CAT",1000
0.25,300,0.3,0.1,"CAT","2x2_tetrachoric (r)","own",1000,1000,1000,1000,0,-0.00464075133999861,0.00329184301109327,0.104097216147617,0.0023288492316132,0.104755868283083,1.0063272790555,0.0225134215621718,0.104148599377397,0.957,0.00641490451994416,0.40531216178048,"09b_or_to_cor_CAT",1000
0.5,300,0.3,0.1,"CAT","2x2_tetrachoric (r)","own",1000,1000,1000,1000,0,-0.0209117238155603,0.000880742197826816,0.0278515137655534,0.000623090403687597,0.0496798057990229,1.78373808394094,0.0399055538650941,0.0348171122460213,0.972,0.0052168956286282,0.214422529109229,"09b_or_to_cor_CAT",1000
0,25,0.5,0.1,"CAT","2x2_tetrachoric (r)","own",1000,1000,1000,1000,0,0.0093665854229695,0.0107451984989633,0.339793011673463,0.00760180457680181,0.40364585778097,1.18791689032401,0.0265759204677324,0.33975221031485,0.987,0.00358203852575597,1.31205463818462,"09b_or_to_cor_CAT",1000
0.1,25,0.5,0.1,"CAT","2x2_tetrachoric (r)","own",1000,1000,1000,1000,0,-0.0666727231443511,0.0103240913740461,0.326476435136831,0.0073038878775591,0.400053983310201,1.22536863385724,0.0274137859494208,0.333054842103275,0.986,0.00371537346709587,1.3078309294509,"09b_or_to_cor_CAT",1000
0.25,25,0.5,0.1,"CAT","2x2_tetrachoric (r)","own",1000,1000,1000,1000,0,-0.181450505309745,0.00836566920606114,0.264545688426857,0.00591838135561492,0.374646439500999,1.41618803817543,0.0316827725714369,0.3206847715766,0.974,0.00503229569878401,1.25420823389909,"09b_or_to_cor_CAT",1000
0,50,0.5,0.1,"CAT","2x2_tetrachoric (r)","own",1000,1000,1000,1000,0,-0.00399922460774411,0.00930430381651519,0.294227921023854,0.0065824283602731,0.304425081753817,1.03465735234943,0.023147218236701,0.2941079618745,0.978,0.00463853425124791,1.06361640408569,"09b_or_to_cor_CAT",1000
0.1,50,0.5,0.1,"CAT","2x2_tetrachoric (r)","own",1000,1000,1000,1000,0,-0.0124348563930755,0.0089485601141143,0.282978317395375,0.00633075370713939,0.298821726736741,1.05598806822796,0.0236244262074986,0.283110008726851,0.978,0.00463853425124791,1.05091340847701,"09b_or_to_cor_CAT",1000
0.25,50,0.5,0.1,"CAT","2x2_tetrachoric (r)","own",1000,1000,1000,1000,0,-0.0725354427722207,0.00656502582639564,0.207604345092394,0.00464449710991674,0.262878122983578,1.26624576603435,0.0283282837754359,0.219813227525785,0.978,0.00463853425124791,0.95922392698113,"09b_or_to_cor_CAT",1000
0,100,0.5,0.1,"CAT","2x2_tetrachoric (r)","own",1000,1000,1000,1000,0,0.0139439171734519,0.00714035232732537,0.225797766504323,0.0050515179414393,0.215181206572931,0.952981997582384,0.0213199879395791,0.226115190894205,0.954,0.00662449998113065,0.794134962807013,"09b_or_to_cor_CAT",1000
0.1,100,0.5,0.1,"CAT","2x2_tetrachoric (r)","own",1000,1000,1000,1000,0,-0.00384816506677434,0.00672155895818335,0.212554357349679,0.00475523813324541,0.21177661198823,0.99634095780888,0.0222900088963723,0.212482902483677,0.968,0.00556560868189635,0.784691499770415,"09b_or_to_cor_CAT",1000
0.25,100,0.5,0.1,"CAT","2x2_tetrachoric (r)","own",1000,1000,1000,1000,0,-0.0126526789424835,0.00493386237544275,0.156022427682079,0.00349051323626732,0.18293117962837,1.17246720452986,0.0262302821286692,0.156456847808881,0.974,0.00503229569878401,0.701557683597188,"09b_or_to_cor_CAT",1000
0,300,0.5,0.1,"CAT","2x2_tetrachoric (r)","own",1000,1000,1000,1000,0,-0.00237630414266266,0.00400889944966178,0.126772531715268,0.00283613840985046,0.123885022417877,0.977222910528631,0.0218623024565054,0.126731410250496,0.95,0.00689202437604511,0.475791309966004,"09b_or_to_cor_CAT",1000
0.1,300,0.5,0.1,"CAT","2x2_tetrachoric (r)","own",1000,1000,1000,1000,0,0.00219078011500712,0.00380628056753541,0.120365160070502,0.00269279353393743,0.12068325026469,1.0026427098506,0.0224309908644144,0.120324908080377,0.956,0.00648567652600714,0.464122422605266,"09b_or_to_cor_CAT",1000
0.25,300,0.5,0.1,"CAT","2x2_tetrachoric (r)","own",1000,1000,1000,1000,0,0.00661598851518864,0.00325740990971173,0.103008345874925,0.00230448916905121,0.103430627691607,1.00409949128972,0.0224635817872138,0.103169180982507,0.96,0.00619677335393187,0.403833787338572,"09b_or_to_cor_CAT",1000
0,25,0.3,0.3,"CAT","2x2_tetrachoric (r)","own",1000,1000,1000,1000,0,0.0162439779836831,0.011145152542388,0.352440669039624,0.00788475630432084,0.333234893169469,0.945506357360832,0.0211527438995359,0.352638735235707,0.962,0.00604615580348373,1.15291327911772,"09b_or_to_cor_CAT",1000
0.1,25,0.3,0.3,"CAT","2x2_tetrachoric (r)","own",1000,1000,1000,1000,0,-0.0132674979331221,0.0110256234486979,0.34866082721246,0.00780019417998577,0.324458114293849,0.930583790808646,0.0208188982028415,0.348738920342209,0.971,0.00530650544143696,1.13033979018761,"09b_or_to_cor_CAT",1000
0.25,25,0.3,0.3,"CAT","2x2_tetrachoric (r)","own",1000,1000,1000,1000,0,-0.0129984332599269,0.00964317374779133,0.304943929157627,0.00682216548516326,0.299719033074816,0.982866043284599,0.0219885498804903,0.305068465098205,0.965,0.00581162627841812,1.06494873639054,"09b_or_to_cor_CAT",1000
0.5,25,0.3,0.3,"CAT","2x2_tetrachoric (r)","own",1000,1000,1000,1000,0,-0.0298912990058234,0.00667731739932028,0.211155316417241,0.00472393897346883,0.219161762774632,1.03791733257414,0.0232201500856241,0.213155977724927,0.97,0.00539444158370447,0.857722438483468,"09b_or_to_cor_CAT",1000
0.75,25,0.3,0.3,"CAT","2x2_tetrachoric (r)","own",1000,1000,1000,1000,0,-0.0329644511146924,0.00304801483615232,0.0963866922422626,0.00215635040468151,0.119096409274357,1.23561050290028,0.027642915696919,0.101822193475962,0.96,0.00619677335393187,0.595768384666956,"09b_or_to_cor_CAT",1000
0,50,0.3,0.3,"CAT","2x2_tetrachoric (r)","own",1000,1000,1000,1000,0,-0.0076906499435116,0.00769749985196458,0.24341631821017,0.00544567786348865,0.242765511319195,0.997326362933428,0.022312054250245,0.24341610169333,0.97,0.00539444158370447,0.886472156693183,"09b_or_to_cor_CAT",1000
0.1,50,0.3,0.3,"CAT","2x2_tetrachoric (r)","own",1000,1000,1000,1000,0,-0.00831518698239306,0.00766800729158888,0.242483681561998,0.0054248130390308,0.235610476165139,0.971654977553197,0.0217377373921225,0.242505009891731,0.963,0.00596917079668525,0.863081167969589,"09b_or_to_cor_CAT",1000
0.25,50,0.3,0.3,"CAT","2x2_tetrachoric (r)","own",1000,1000,1000,1000,0,-0.00988300305716928,0.00659543562855868,0.208565987472697,0.00466601084679977,0.213052761442926,1.02151249120049,0.0228531431315325,0.208695819576624,0.968,0.00556560868189635,0.792854083761406,"09b_or_to_cor_CAT",1000
0.5,50,0.3,0.3,"CAT","2x2_tetrachoric (r)","own",1000,1000,1000,1000,0,-0.00784263787893762,0.00474304830170816,0.149988356855913,0.00335551979718159,0.146922831196479,0.979561575820325,0.0219146227688934,0.150118345494628,0.957,0.00641490451994416,0.577597974936029,"09b_or_to_cor_CAT",1000
0.75,50,0.3,0.3,"CAT","2x2_tetrachoric (r)","own",1000,1000,1000,1000,0,-0.00638498484400944,0.00191886964428126,0.0606799860888587,0.00135752466979468,0.0667239446943849,1.09960382318934,0.0246001921423339,0.0609848069808422,0.962,0.00604615580348373,0.312637818106292,"09b_or_to_cor_CAT",1000
0,100,0.3,0.3,"CAT","2x2_tetrachoric (r)","own",1000,1000,1000,1000,0,-0.00665653255881457,0.00564106336678205,0.178386086643691,0.0039908300738949,0.172026755989251,0.964350747448468,0.0215743281166737,0.178421085463151,0.945,0.00720936890441875,0.649852936035453,"09b_or_to_cor_CAT",1000
0.1,100,0.3,0.3,"CAT","2x2_tetrachoric (r)","own",1000,1000,1000,1000,0,0.000531843778792573,0.00535703189500289,0.169404222863771,0.00378988899846153,0.16751302286093,0.988836169660531,0.0221221127627436,0.169320334842449,0.954,0.00662449998113065,0.633860228532456,"09b_or_to_cor_CAT",1000
0.25,100,0.3,0.3,"CAT","2x2_tetrachoric (r)","own",1000,1000,1000,1000,0,-0.00712378898726878,0.00464296384039801,0.146823408294602,0.00328471398413611,0.150991097202524,1.02838572511244,0.0230069102168293,0.146922784072299,0.963,0.00596917079668525,0.57610816216148,"09b_or_to_cor_CAT",1000
0.5,100,0.3,0.3,"CAT","2x2_tetrachoric (r)","own",1000,1000,1000,1000,0,0.00208093406076558,0.0032854384510628,0.103894686176541,0.00232431825773154,0.100905554536313,0.971229215369604,0.0217282122965358,0.1038635739635,0.942,0.00739161687318817,0.397358237688204,"09b_or_to_cor_CAT",1000
0.75,100,0.3,0.3,"CAT","2x2_tetrachoric (r)","own",1000,1000,1000,1000,0,-0.00261079351593963,0.00134919024074747,0.0426651415763291,0.000954498937183896,0.0437723684769995,1.02595155810487,0.0229524533526115,0.0427236495890198,0.954,0.00662449998113065,0.187741231909823,"09b_or_to_cor_CAT",1000
0,300,0.3,0.3,"CAT","2x2_tetrachoric (r)","own",1000,1000,1000,1000,0,0.00604460713298368,0.00305404765046326,0.0965774665814969,0.00216061838311339,0.0998653718887334,1.03404422815815,0.0231335015029151,0.0967182357140625,0.954,0.00662449998113065,0.386476199739102,"09b_or_to_cor_CAT",1000
0.1,300,0.3,0.3,"CAT","2x2_tetrachoric (r)","own",1000,1000,1000,1000,0,0.000414659487856888,0.00306751811227596,0.0970034399861213,0.00217014820410918,0.0971093648199613,1.00109196987092,0.0223962979135,0.0969558128441135,0.953,0.00669260786241059,0.376069634535432,"09b_or_to_cor_CAT",1000
0.25,300,0.3,0.3,"CAT","2x2_tetrachoric (r)","own",1000,1000,1000,1000,0,-0.00329030026817539,0.00277971237191752,0.0879022233540843,0.00196653698236231,0.0871753631151122,0.991731036926744,0.0221868763525689,0.0879198506912715,0.941,0.00745110730026082,0.338556310721588,"09b_or_to_cor_CAT",1000
0.5,300,0.3,0.3,"CAT","2x2_tetrachoric (r)","own",1000,1000,1000,1000,0,-0.00217042947440083,0.001864736269125,0.0589681384595972,0.00131922743972859,0.0583536796242808,0.98957981629796,0.0221387495275319,0.0589785967630646,0.939,0.00756828910652864,0.229162437540636,"09b_or_to_cor_CAT",1000
0.75,300,0.3,0.3,"CAT","2x2_tetrachoric (r)","own",1000,1000,1000,1000,0,0.000305942953311121,0.000731440014469455,0.0231301641750999,0.000517464991473761,0.0238397917933434,1.03067974843894,0.0230582318050421,0.0231206204796279,0.962,0.00604615580348373,0.096545039322608,"09b_or_to_cor_CAT",1000
0,25,0.5,0.3,"CAT","2x2_tetrachoric (r)","own",1000,1000,1000,1000,0,-0.00588239777655864,0.0104808823923158,0.331434602480725,0.00741481134541306,0.316818248500766,0.955899734455731,0.0213852631652481,0.331321066987049,0.964,0.00589101010014412,1.10964299329752,"09b_or_to_cor_CAT",1000
0.1,25,0.5,0.3,"CAT","2x2_tetrachoric (r)","own",1000,1000,1000,1000,0,0.000513388320887514,0.010485901636358,0.331593324913778,0.00741836226281446,0.310590150821461,0.936659840490521,0.0209548307873672,0.331427884405967,0.965,0.00581162627841812,1.09364999435578,"09b_or_to_cor_CAT",1000
0.25,25,0.5,0.3,"CAT","2x2_tetrachoric (r)","own",1000,1000,1000,1000,0,-0.0154540499900078,0.00900572496039153,0.284786028558669,0.00637119558358349,0.289271473407999,1.01575022788875,0.0227242305344186,0.285062811747254,0.968,0.00556560868189635,1.04118093063792,"09b_or_to_cor_CAT",1000
0.5,25,0.5,0.3,"CAT","2x2_tetrachoric (r)","own",1000,1000,1000,1000,0,-0.0452310650683096,0.00537531324495576,0.169982329909308,0.00380282233326733,0.207102782992843,1.21837830498817,0.0272573992311404,0.175815095302221,0.973,0.00512552436341883,0.837399765184589,"09b_or_to_cor_CAT",1000
0,50,0.5,0.3,"CAT","2x2_tetrachoric (r)","own",1000,1000,1000,1000,0,0.00161151937389062,0.00776598410458778,0.245581980431607,0.0054941277739375,0.228457168800812,0.930268452104272,0.020811843486812,0.245464448746228,0.946,0.00714730718522718,0.841097551837405,"09b_or_to_cor_CAT",1000
0.1,50,0.5,0.3,"CAT","2x2_tetrachoric (r)","own",1000,1000,1000,1000,0,-0.0034585447531979,0.00720429861477135,0.227819925666734,0.00509675742032125,0.225564053356792,0.990098002607365,0.0221503423235081,0.227732250996813,0.972,0.0052168956286282,0.831953316596587,"09b_or_to_cor_CAT",1000
0.25,50,0.5,0.3,"CAT","2x2_tetrachoric (r)","own",1000,1000,1000,1000,0,0.00835341177627033,0.00675029687420619,0.213463130048067,0.00477556907655662,0.203345124514493,0.952600687850426,0.0213114573283953,0.213519837182244,0.958,0.00634318531969546,0.762749069110309,"09b_or_to_cor_CAT",1000
0.5,50,0.5,0.3,"CAT","2x2_tetrachoric (r)","own",1000,1000,1000,1000,0,-0.00375842224079519,0.00392601497415778,0.124151494462657,0.00277750090908275,0.13450023646402,1.08335575859279,0.0242366925776844,0.124146307723887,0.974,0.00503229569878401,0.549354628370189,"09b_or_to_cor_CAT",1000
0,100,0.5,0.3,"CAT","2x2_tetrachoric (r)","own",1000,1000,1000,1000,0,-0.00383808769790172,0.00544601504234321,0.172218117053429,0.00385284106926554,0.163116759623141,0.947152148763398,0.0211895633283843,0.172174770738235,0.949,0.00695693898205238,0.618637700764647,"09b_or_to_cor_CAT",1000
0.1,100,0.5,0.3,"CAT","2x2_tetrachoric (r)","own",1000,1000,1000,1000,0,-0.00475582262125894,0.00514741133281458,0.162775438654571,0.00364159070977114,0.160623492041884,0.986779660184156,0.0220761048031545,0.162763526118611,0.957,0.00641490451994416,0.60988526308271,"09b_or_to_cor_CAT",1000
0.25,100,0.5,0.3,"CAT","2x2_tetrachoric (r)","own",1000,1000,1000,1000,0,0.00779746986709799,0.00446382076776533,0.141158406929,0.00315797731849212,0.144665805097126,1.02484724958599,0.0229277479076359,0.14130311633936,0.958,0.00634318531969546,0.553933678957601,"09b_or_to_cor_CAT",1000
0.5,100,0.5,0.3,"CAT","2x2_tetrachoric (r)","own",1000,1000,1000,1000,0,0.00192431636942456,0.00297030029269753,0.0939291425958899,0.0021013704271431,0.0930765464708329,0.990922986184116,0.0221687987476077,0.0939018857023642,0.955,0.00655553201502365,0.372845512368311,"09b_or_to_cor_CAT",1000
0,300,0.5,0.3,"CAT","2x2_tetrachoric (r)","own",1000,1000,1000,1000,0,0.00470882145529058,0.00306173266879322,0.0968204881993251,0.00216605523079183,0.0950111139920288,0.981312073085489,0.0219537846635318,0.0968865611306248,0.95,0.00689202437604511,0.368172417557491,"09b_or_to_cor_CAT",1000
0.1,300,0.5,0.3,"CAT","2x2_tetrachoric (r)","own",1000,1000,1000,1000,0,0.000953962256004154,0.0029133108916133,0.0921269794967397,0.0020610526712605,0.0932643176674965,1.01234533224653,0.0226480566568305,0.0920858458984191,0.961,0.00612200947402077,0.36159916591708,"09b_or_to_cor_CAT",1000
0.25,300,0.5,0.3,"CAT","2x2_tetrachoric (r)","own",1000,1000,1000,1000,0,-0.00395231018478391,0.00265322950793671,0.0839024840024779,0.00187705533952536,0.0845534532378727,1.00775864079752,0.0225454437988503,0.0839536059425741,0.956,0.00648567652600714,0.32870920411008,"09b_or_to_cor_CAT",1000
0.5,300,0.5,0.3,"CAT","2x2_tetrachoric (r)","own",1000,1000,1000,1000,0,0.00131476222941606,0.00163764615662621,0.0517869185635966,0.00115857013249445,0.0532425913193261,1.02810888919644,0.0230007168801186,0.0517777138264927,0.956,0.00648567652600714,0.21020317885147,"09b_or_to_cor_CAT",1000
0,25,0.3,0.5,"CAT","2x2_tetrachoric (r)","own",1000,1000,1000,1000,0,-0.0030169985037858,0.0100460623426174,0.317684385187177,0.00710719329217728,0.319728879458483,1.00643561461197,0.0225158452309957,0.317539836088537,0.968,0.00556560868189635,1.11574043772932,"09b_or_to_cor_CAT",1000
0.1,25,0.3,0.5,"CAT","2x2_tetrachoric (r)","own",1000,1000,1000,1000,0,-0.0198126295655648,0.0104625032432259,0.330853402754925,0.00740180882157108,0.314591461987499,0.95084850078005,0.0212722576296569,0.331280923734978,0.966,0.00573096850453743,1.10461280052526,"09b_or_to_cor_CAT",1000
0.25,25,0.3,0.5,"CAT","2x2_tetrachoric (r)","own",1000,1000,1000,1000,0,-0.0135804021190525,0.00919770371895359,0.290856929952945,0.00650701299129602,0.288437108654507,0.991680372550072,0.022185742895796,0.291028492195637,0.976,0.00483983470792134,1.03876397424701,"09b_or_to_cor_CAT",1000
0.5,25,0.3,0.5,"CAT","2x2_tetrachoric (r)","own",1000,1000,1000,1000,0,-0.0399431186654288,0.00511006900999731,0.161594570722332,0.00361517248766681,0.205022016345679,1.26874322218392,0.0283841565360163,0.166379521607584,0.979,0.00453420334788814,0.834535923354537,"09b_or_to_cor_CAT",1000
0,50,0.3,0.5,"CAT","2x2_tetrachoric (r)","own",1000,1000,1000,1000,0,-0.000221530667140062,0.00755194655835458,0.238813518922702,0.00534270464306467,0.228685444033754,0.957590027002507,0.0214230781678431,0.238694185097291,0.955,0.00655553201502365,0.842012287294079,"09b_or_to_cor_CAT",1000
0.1,50,0.3,0.5,"CAT","2x2_tetrachoric (r)","own",1000,1000,1000,1000,0,-0.00164139166472498,0.00746465082478927,0.236052985441886,0.00528094635102232,0.225190653018709,0.953983499073977,0.0213423933992587,0.235940638913029,0.952,0.00675988165576884,0.831285569887436,"09b_or_to_cor_CAT",1000
0.25,50,0.3,0.5,"CAT","2x2_tetrachoric (r)","own",1000,1000,1000,1000,0,0.00527721470262929,0.00630589576719855,0.199409933119623,0.00446117280276863,0.204174441818009,1.02389303593782,0.0229064003653713,0.199380054419602,0.974,0.00503229569878401,0.765257793669331,"09b_or_to_cor_CAT",1000
0.5,50,0.3,0.5,"CAT","2x2_tetrachoric (r)","own",1000,1000,1000,1000,0,-0.00901470890121166,0.0040372267790461,0.12766832052411,0.00285617887929205,0.135852098697424,1.06410187068897,0.023805947129249,0.127922499357834,0.971,0.00530650544143696,0.554174741407918,"09b_or_to_cor_CAT",1000
0,100,0.3,0.5,"CAT","2x2_tetrachoric (r)","own",1000,1000,1000,1000,0,0.00911878437201916,0.00535437694261733,0.169320265897595,0.00378801072425398,0.163507903885347,0.965672378427734,0.0216038954711568,0.169481076582644,0.947,0.00708456067798138,0.619966122922581,"09b_or_to_cor_CAT",1000
0.1,100,0.3,0.5,"CAT","2x2_tetrachoric (r)","own",1000,1000,1000,1000,0,-0.0118574697558442,0.00524131269512651,0.165744860457555,0.00370802222388971,0.160860443513974,0.970530507370808,0.0217125808930619,0.166085782047522,0.948,0.00702111102319284,0.610592149130211,"09b_or_to_cor_CAT",1000
0.25,100,0.3,0.5,"CAT","2x2_tetrachoric (r)","own",1000,1000,1000,1000,0,-0.00640949998647011,0.00462485429167912,0.146250734081108,0.00327190219193438,0.145965264431285,0.998048080567824,0.022328200422261,0.146318042742924,0.956,0.00648567652600714,0.558381981409769,"09b_or_to_cor_CAT",1000
0.5,100,0.3,0.5,"CAT","2x2_tetrachoric (r)","own",1000,1000,1000,1000,0,-0.000974130379877443,0.00306765912250577,0.0970078991211172,0.00217024796329097,0.0937063614874741,0.965966301058422,0.0216104710696018,0.0969642763568004,0.957,0.00641490451994416,0.374310818312648,"09b_or_to_cor_CAT",1000
0,300,0.3,0.5,"CAT","2x2_tetrachoric (r)","own",1000,1000,1000,1000,0,-0.000128574774597143,0.00292017327310077,0.0923439870534734,0.0020659075357848,0.0950165368579314,1.02894124338502,0.0230193381985768,0.0922978930662006,0.956,0.00648567652600714,0.368187038061437,"09b_or_to_cor_CAT",1000
0.1,300,0.3,0.5,"CAT","2x2_tetrachoric (r)","own",1000,1000,1000,1000,0,-0.00196012010847454,0.00311777467568679,0.0985926920636304,0.00220570274261191,0.093260137455689,0.945913287320526,0.0211618476830858,0.098562875771079,0.939,0.00756828910652864,0.361566444179662,"09b_or_to_cor_CAT",1000
0.25,300,0.3,0.5,"CAT","2x2_tetrachoric (r)","own",1000,1000,1000,1000,0,-0.000481914372109327,0.00270695727126995,0.0856015050596733,0.00191506561520779,0.0842476936227888,0.98418472390245,0.0220180512298757,0.0855600507963549,0.936,0.0077397674383666,0.327548038092194,"09b_or_to_cor_CAT",1000
0.5,300,0.3,0.5,"CAT","2x2_tetrachoric (r)","own",1000,1000,1000,1000,0,-0.000595419081475957,0.00169913139529244,0.0537312525302401,0.00120206851633015,0.0535697335921119,0.996993948018664,0.0223046175074821,0.0537076807808022,0.949,0.00695693898205238,0.211312135586687,"09b_or_to_cor_CAT",1000
0,25,0.5,0.5,"CAT","2x2_tetrachoric (r)","own",1000,1000,1000,1000,0,0.00372160885436437,0.0106343245382658,0.336286869183384,0.0075233656180465,0.296926456128897,0.882955843176193,0.0197533720211436,0.336139286456139,0.94,0.00750999334220744,1.05571803643434,"09b_or_to_cor_CAT",1000
0.1,25,0.5,0.5,"CAT","2x2_tetrachoric (r)","own",1000,1000,1000,1000,0,0.00617659322881224,0.00974402192737834,0.308133028611394,0.0068935115987991,0.295830859669416,0.960075137036048,0.0214786747227393,0.308040853884388,0.961,0.00612200947402077,1.05147778317635,"09b_or_to_cor_CAT",1000
0.25,25,0.5,0.5,"CAT","2x2_tetrachoric (r)","own",1000,1000,1000,1000,0,-0.00414008849158936,0.00896693297852899,0.283559318382293,0.00634375178482125,0.272934365802099,0.962530053179667,0.0215335957839004,0.283447740310463,0.966,0.00573096850453743,0.989544697559392,"09b_or_to_cor_CAT",1000
0.5,25,0.5,0.5,"CAT","2x2_tetrachoric (r)","own",1000,1000,1000,1000,0,-0.0102170934262683,0.00617598278804426,0.195301724002168,0.00436926448859311,0.198089729614597,1.01427537635253,0.0226912353497828,0.195471250144112,0.97,0.00539444158370447,0.786386506845793,"09b_or_to_cor_CAT",1000
0.75,25,0.5,0.5,"CAT","2x2_tetrachoric (r)","own",1000,1000,1000,1000,0,-0.0170390732334237,0.00261055770958162,0.0825530832559027,0.00184686672345955,0.0990937813703342,1.20036438933671,0.0268543942788872,0.0842527540211887,0.979,0.00453420334788814,0.512710548791856,"09b_or_to_cor_CAT",1000
0,50,0.5,0.5,"CAT","2x2_tetrachoric (r)","own",1000,1000,1000,1000,0,0.0069816259475058,0.0070532960981309,0.223044806816721,0.00498992908930283,0.217174820417112,0.973682478944992,0.0217830963866578,0.223042551910911,0.956,0.00648567652600714,0.804721241026371,"09b_or_to_cor_CAT",1000
0.1,50,0.5,0.5,"CAT","2x2_tetrachoric (r)","own",1000,1000,1000,1000,0,0.0026797350976905,0.00686799582092529,0.217185097546418,0.00485883644401757,0.213516505357373,0.983108453432164,0.0219939730484364,0.217093017413838,0.957,0.00641490451994416,0.792755471661475,"09b_or_to_cor_CAT",1000
0.25,50,0.5,0.5,"CAT","2x2_tetrachoric (r)","own",1000,1000,1000,1000,0,-0.0100547267341568,0.00628678680310097,0.198805654616876,0.00444765396356347,0.19663571478373,0.989085120152506,0.0221276822504148,0.198960453731478,0.954,0.00662449998113065,0.738258320060628,"09b_or_to_cor_CAT",1000
0.5,50,0.5,0.5,"CAT","2x2_tetrachoric (r)","own",1000,1000,1000,1000,0,-0.0159057598039394,0.0044621598183659,0.141105883097195,0.00315680226223348,0.141008628890466,0.999310771425021,0.0223564491760833,0.141929392901313,0.95,0.00689202437604511,0.554389517555913,"09b_or_to_cor_CAT",1000
0.75,50,0.5,0.5,"CAT","2x2_tetrachoric (r)","own",1000,1000,1000,1000,0,-0.00514185215881942,0.00200178745061877,0.0633020773549714,0.00141618575081386,0.0629903057115399,0.995074859207491,0.022261683904945,0.0634790082474552,0.958,0.00634318531969546,0.282966773626868,"09b_or_to_cor_CAT",1000
0,100,0.5,0.5,"CAT","2x2_tetrachoric (r)","own",1000,1000,1000,1000,0,-0.00326529189290054,0.00502885329746133,0.15902630438826,0.00355771557094965,0.155199111378582,0.975933585173843,0.0218334578392052,0.158980307752395,0.948,0.00702111102319284,0.590512971205428,"09b_or_to_cor_CAT",1000
0.1,100,0.5,0.5,"CAT","2x2_tetrachoric (r)","own",1000,1000,1000,1000,0,-0.0100955719611595,0.00494177058888117,0.156272507348961,0.0034961079856911,0.152953426684152,0.978760943168355,0.021896711120481,0.156520273542442,0.956,0.00648567652600714,0.582514770116564,"09b_or_to_cor_CAT",1000
0.25,100,0.5,0.5,"CAT","2x2_tetrachoric (r)","own",1000,1000,1000,1000,0,-0.00225806791690728,0.00439880340268145,0.139102377317722,0.00311198009438184,0.139570153719814,1.00336282104672,0.0224471010974043,0.139051144456937,0.954,0.00662449998113065,0.534954714217162,"09b_or_to_cor_CAT",1000
0.5,100,0.5,0.5,"CAT","2x2_tetrachoric (r)","own",1000,1000,1000,1000,0,-0.00332662705345404,0.00307252676211036,0.0971618274009107,0.00217369162652604,0.0971510553728148,0.999889133125796,0.0223693882080026,0.0971701946624234,0.944,0.00727076337120113,0.382099791099677,"09b_or_to_cor_CAT",1000
0.75,100,0.5,0.5,"CAT","2x2_tetrachoric (r)","own",1000,1000,1000,1000,0,-0.00190335938703765,0.0013121846127438,0.0414949208689642,0.000928318913394403,0.0420011923238796,1.01220080540734,0.0226448233213884,0.0415178203476519,0.957,0.00641490451994416,0.177330931808785,"09b_or_to_cor_CAT",1000
0,300,0.5,0.5,"CAT","2x2_tetrachoric (r)","own",1000,1000,1000,1000,0,-0.00235949908134964,0.00284297667462806,0.089902816265561,0.00201129398391417,0.0903497221212258,1.00497098838756,0.0224830788056911,0.0898888262912673,0.951,0.00682634602111555,0.350524975782301,"09b_or_to_cor_CAT",1000
0.1,300,0.5,0.5,"CAT","2x2_tetrachoric (r)","own",1000,1000,1000,1000,0,0.00334524395364994,0.00277425289526429,0.0877295795435171,0.00196267461773373,0.0887522148325956,1.01165667605384,0.0226326501310409,0.0877494917641398,0.96,0.00619677335393187,0.344475275033822,"09b_or_to_cor_CAT",1000
0.25,300,0.5,0.5,"CAT","2x2_tetrachoric (r)","own",1000,1000,1000,1000,0,0.00100766447239783,0.00250786587674605,0.0793056823673263,0.00177421629779037,0.0808610828708468,1.01961272455,0.0228106418018335,0.0792724242860053,0.947,0.00708456067798138,0.31457172131734,"09b_or_to_cor_CAT",1000
0.5,300,0.5,0.5,"CAT","2x2_tetrachoric (r)","own",1000,1000,1000,1000,0,-0.00304605557881169,0.00178868218589755,0.0565630971760497,0.00126542217237884,0.0559315525674907,0.988834688337638,0.0221220796227826,0.0566168087477059,0.945,0.00720936890441875,0.21952977530482,"09b_or_to_cor_CAT",1000
0.75,300,0.5,0.5,"CAT","2x2_tetrachoric (r)","own",1000,1000,1000,1000,0,-0.00152214714026702,0.000755304673143039,0.0238848309450101,0.000534348297216895,0.0235794368248237,0.987213888141408,0.0220858192939162,0.0239213627546397,0.943,0.00733150734842434,0.0947989529858666,"09b_or_to_cor_CAT",1000
0,25,0.3,0.1,"CAT","2x2_tetrachoric (z)","own",1000,1000,1000,1000,0,0.0787029569143813,0.0118717160919058,0.375416625852952,0.00839877138897422,0.46572419058603,1.24055291778274,0.027753486752777,0.3833938715615,0.985,0.00384382621875652,1.81424560823383,"09b_or_to_cor_CAT",1000
0.1,25,0.3,0.1,"CAT","2x2_tetrachoric (z)","own",1000,1000,1000,1000,0,0.044226486602578,0.0125843345793263,0.397951601082881,0.00890292089162972,0.473067261475318,1.18875576876192,0.0265946877458388,0.400203814880408,0.995,0.00223047080231955,1.84095939765424,"09b_or_to_cor_CAT",1000
0.25,25,0.3,0.1,"CAT","2x2_tetrachoric (z)","own",1000,1000,1000,1000,0,-0.0141678395796403,0.0128450021151701,0.406194632336179,0.0090873329029287,0.492059099285692,1.21138749780043,0.0271010018119776,0.406238615763863,0.989,0.00329833291224522,1.9128837246619,"09b_or_to_cor_CAT",1000
0.5,25,0.3,0.1,"CAT","2x2_tetrachoric (z)","own",1000,1000,1000,1000,0,-0.591351825537916,0.0110166140889864,0.34837592624298,0.00779382041295901,0.545045766658624,1.56453338362558,0.0350015351334931,0.686251704381632,0.891,0.00985489725973843,2.12272898316394,"09b_or_to_cor_CAT",1000
0,50,0.3,0.1,"CAT","2x2_tetrachoric (z)","own",1000,1000,1000,1000,0,-0.000874199236067005,0.0100582708457493,0.318070451954358,0.00711583032712763,0.344390409684232,1.08274882991536,0.0242231144491199,0.317912578892921,0.98,0.00442718872423573,1.33927432311854,"09b_or_to_cor_CAT",1000
0.1,50,0.3,0.1,"CAT","2x2_tetrachoric (z)","own",1000,1000,1000,1000,0,-0.0046256972933121,0.0103756415221229,0.328106593953248,0.00734035757624573,0.34691669529969,1.05732923901286,0.0236544307039439,0.327975121212045,0.977,0.00474035863622153,1.34564824148432,"09b_or_to_cor_CAT",1000
0.25,50,0.3,0.1,"CAT","2x2_tetrachoric (z)","own",1000,1000,1000,1000,0,0.0178392018691333,0.0109024400204241,0.34476542517913,0.00771304675791368,0.366827776222996,1.0639923537356,0.0238034970303689,0.345054448346742,0.978,0.00463853425124791,1.42317069552699,"09b_or_to_cor_CAT",1000
0.5,50,0.3,0.1,"CAT","2x2_tetrachoric (z)","own",1000,1000,1000,1000,0,-0.433093385623583,0.00807466899076592,0.255343453627534,0.0057125101687127,0.440936701994454,1.72683769930378,0.0386325859419863,0.502697682212704,0.942,0.00739161687318817,1.72303268604682,"09b_or_to_cor_CAT",1000
0,100,0.3,0.1,"CAT","2x2_tetrachoric (z)","own",1000,1000,1000,1000,0,-0.0154271174444694,0.00776232938335922,0.245466407998655,0.00549154220266444,0.242599541087006,0.988320736287207,0.0221105815550914,0.24582819132669,0.962,0.00604615580348373,0.943365109501515,"09b_or_to_cor_CAT",1000
0.1,100,0.3,0.1,"CAT","2x2_tetrachoric (z)","own",1000,1000,1000,1000,0,-0.00819336909469282,0.00744807426996239,0.23552878875177,0.00526921909159917,0.235500710161077,0.999880784889008,0.022369201442347,0.235553534929253,0.965,0.00581162627841812,0.916639517058724,"09b_or_to_cor_CAT",1000
0.25,100,0.3,0.1,"CAT","2x2_tetrachoric (z)","own",1000,1000,1000,1000,0,0.0228120841960229,0.00834109021378777,0.263768432445101,0.0059009926869947,0.254809910799129,0.966036414733452,0.0216120396435201,0.264621622990182,0.967,0.00564898220921256,0.988537500226817,"09b_or_to_cor_CAT",1000
0.5,100,0.3,0.1,"CAT","2x2_tetrachoric (z)","own",1000,1000,1000,1000,0,-0.292410072198928,0.00584475951089096,0.184827524303471,0.0041349370702164,0.357250381917119,1.93288517640124,0.0432422530058372,0.345876716258542,0.973,0.00512552436341883,1.39701286747434,"09b_or_to_cor_CAT",1000
0,300,0.3,0.1,"CAT","2x2_tetrachoric (z)","own",1000,1000,1000,1000,0,-0.00299277618431399,0.00432875667133006,0.136887305180519,0.00306242479179451,0.132905541250557,0.97091210229677,0.0217211178845685,0.136851572495731,0.952,0.00675988165576884,0.5197855339053,"09b_or_to_cor_CAT",1000
0.1,300,0.3,0.1,"CAT","2x2_tetrachoric (z)","own",1000,1000,1000,1000,0,-0.00170882777294939,0.00410533312144199,0.129822032174853,0.00290436143314475,0.130626744090767,1.00619857740965,0.0225105422658742,0.129768356583291,0.957,0.00641490451994416,0.511338074642797,"09b_or_to_cor_CAT",1000
0.25,300,0.3,0.1,"CAT","2x2_tetrachoric (z)","own",1000,1000,1000,1000,0,0.00299128142941167,0.00435615557014224,0.137753734436788,0.00308180843318651,0.138754889259263,1.00726771456736,0.0225344608617825,0.13771733015318,0.957,0.00641490451994416,0.542726907303231,"09b_or_to_cor_CAT",1000
0.5,300,0.3,0.1,"CAT","2x2_tetrachoric (z)","own",1000,1000,1000,1000,0,-0.103163007425142,0.0042476401855595,0.134322176672283,0.00300503807410435,0.258988435691296,1.92811374940098,0.0431355072683962,0.169313350920221,0.972,0.0052168956286282,1.01024093100676,"09b_or_to_cor_CAT",1000
0,25,0.5,0.1,"CAT","2x2_tetrachoric (z)","own",1000,1000,1000,1000,0,0.0120667695443772,0.0119641231744369,0.378338794380246,0.00846414575902253,0.451950300642542,1.19456504951568,0.026724652210983,0.378342054253822,0.987,0.00358203852575597,1.76007572715247,"09b_or_to_cor_CAT",1000
0.1,25,0.5,0.1,"CAT","2x2_tetrachoric (z)","own",1000,1000,1000,1000,0,-0.0544977708473014,0.0115343178021613,0.364747155110571,0.00816007539248496,0.454210157855243,1.24527402473517,0.0278591067367249,0.36861559069228,0.986,0.00371537346709587,1.77091122211138,"09b_or_to_cor_CAT",1000
0.25,25,0.5,0.1,"CAT","2x2_tetrachoric (z)","own",1000,1000,1000,1000,0,-0.201405570507695,0.0100964873459674,0.319278963803256,0.00714286699530048,0.465423346732526,1.45773257714318,0.0326122015344131,0.377360996264961,0.974,0.00503229569878401,1.81771173024827,"09b_or_to_cor_CAT",1000
0,50,0.5,0.1,"CAT","2x2_tetrachoric (z)","own",1000,1000,1000,1000,0,-0.00470939687262892,0.0101250950295116,0.320183618189063,0.00716310580426416,0.334371579164781,1.04431195154819,0.0233632096604648,0.320058135697543,0.978,0.00463853425124791,1.29754804091585,"09b_or_to_cor_CAT",1000
0.1,50,0.5,0.1,"CAT","2x2_tetrachoric (z)","own",1000,1000,1000,1000,0,0.0034665488307564,0.00994232160409463,0.314403814988379,0.00703380080706134,0.340587052451105,1.08327900685204,0.0242349754978328,0.314265693452473,0.978,0.00463853425124791,1.32305839874458,"09b_or_to_cor_CAT",1000
0.25,50,0.5,0.1,"CAT","2x2_tetrachoric (z)","own",1000,1000,1000,1000,0,-0.0686508383053898,0.00846171812319321,0.267583021876158,0.005986332180155,0.361881442361925,1.35240808562739,0.0302558958596409,0.276119558385155,0.978,0.00463853425124791,1.41109736947923,"09b_or_to_cor_CAT",1000
0,100,0.5,0.1,"CAT","2x2_tetrachoric (z)","own",1000,1000,1000,1000,0,0.0151586832090685,0.00759870717227873,0.240292219370583,0.00537578593504611,0.228280673760937,0.950012756796254,0.0212535604751458,0.240649944973987,0.954,0.00662449998113065,0.888003169606702,"09b_or_to_cor_CAT",1000
0.1,100,0.5,0.1,"CAT","2x2_tetrachoric (z)","own",1000,1000,1000,1000,0,0.00736257290828325,0.00740252542237703,0.234088407720114,0.00523699507655879,0.234873832143272,1.00335524698044,0.0224469316513895,0.234087147716698,0.968,0.00556560868189635,0.913272539524831,"09b_or_to_cor_CAT",1000
0.25,100,0.5,0.1,"CAT","2x2_tetrachoric (z)","own",1000,1000,1000,1000,0,0.00738286663985974,0.00696484020708175,0.220247585934971,0.00492735003155091,0.275571626047395,1.25119022248334,0.0279914631348092,0.220261201374401,0.974,0.00503229569878401,1.07022375592972,"09b_or_to_cor_CAT",1000
0,300,0.5,0.1,"CAT","2x2_tetrachoric (z)","own",1000,1000,1000,1000,0,-0.0023696144406077,0.00408290447158135,0.129112775990833,0.00288849404705798,0.126004634620309,0.975926926311735,0.0218333088680177,0.129069957339933,0.95,0.00689202437604511,0.493165700555448,"09b_or_to_cor_CAT",1000
0.1,300,0.5,0.1,"CAT","2x2_tetrachoric (z)","own",1000,1000,1000,1000,0,0.00588810376642828,0.00407050429937605,0.128720648115362,0.00287972141378997,0.128862426149683,1.00110143971769,0.0223965097716669,0.128790939168685,0.956,0.00648567652600714,0.504145819841087,"09b_or_to_cor_CAT",1000
0.25,300,0.5,0.1,"CAT","2x2_tetrachoric (z)","own",1000,1000,1000,1000,0,0.0241275266054421,0.00508296359062253,0.160737422100749,0.00359599647141367,0.159600006051551,0.992923763275954,0.0222135598696184,0.162458671313128,0.96,0.00619677335393187,0.618830627627332,"09b_or_to_cor_CAT",1000
0,25,0.3,0.3,"CAT","2x2_tetrachoric (z)","own",1000,1000,1000,1000,0,0.0224222399671199,0.0127236931506976,0.402358506052885,0.00900151159014208,0.382323652281201,0.9502064614758,0.0212578940107658,0.402781866362997,0.962,0.00604615580348373,1.49041878514584,"09b_or_to_cor_CAT",1000
0.1,25,0.3,0.3,"CAT","2x2_tetrachoric (z)","own",1000,1000,1000,1000,0,0.0121014699514003,0.013026404380678,0.411931075653375,0.00921566785851963,0.383484916468439,0.930944371847118,0.0208269650744203,0.411902864098858,0.971,0.00530650544143696,1.4912396130467,"09b_or_to_cor_CAT",1000
0.25,25,0.3,0.3,"CAT","2x2_tetrachoric (z)","own",1000,1000,1000,1000,0,0.0460844826543415,0.0131278969025649,0.415140550999746,0.00928746981894554,0.402606603790346,0.969807942926279,0.021696415776321,0.417484269103408,0.965,0.00581162627841812,1.56087615238394,"09b_or_to_cor_CAT",1000
0.5,25,0.3,0.3,"CAT","2x2_tetrachoric (z)","own",1000,1000,1000,1000,0,0.0641772415516611,0.0141557088726104,0.447642819317031,0.0100146062919234,0.473767576051257,1.05836071887422,0.0236775068357701,0.451998260976294,0.97,0.00539444158370447,1.82110653103749,"09b_or_to_cor_CAT",1000
0.75,25,0.3,0.3,"CAT","2x2_tetrachoric (z)","own",1000,1000,1000,1000,0,-0.0104892803433294,0.0150958237175887,0.477371861039707,0.0106797005041862,0.631742793578972,1.32337669045479,0.0296064093042609,0.477248399495401,0.96,0.00619677335393187,2.41921456399332,"09b_or_to_cor_CAT",1000
0,50,0.3,0.3,"CAT","2x2_tetrachoric (z)","own",1000,1000,1000,1000,0,-0.00863509483449624,0.00817659953950387,0.258566780599161,0.00578462201587744,0.258826939849475,1.00100615883336,0.0223943781602514,0.25858168556993,0.97,0.00539444158370447,1.0114781923328,"09b_or_to_cor_CAT",1000
0.1,50,0.3,0.3,"CAT","2x2_tetrachoric (z)","own",1000,1000,1000,1000,0,0.00212220762607891,0.00841997966601082,0.26626313596898,0.00595680386619521,0.257816570169425,0.968277374301867,0.0216621740963145,0.26613843255657,0.963,0.00596917079668525,1.00762910590828,"09b_or_to_cor_CAT",1000
0.25,50,0.3,0.3,"CAT","2x2_tetrachoric (z)","own",1000,1000,1000,1000,0,0.0136228229643638,0.00822918257727634,0.260229602255678,0.00582182244332785,0.266531559466303,1.02421691135827,0.0229136460636904,0.260455961248302,0.968,0.00556560868189635,1.04095121189857,"09b_or_to_cor_CAT",1000
0.5,50,0.3,0.3,"CAT","2x2_tetrachoric (z)","own",1000,1000,1000,1000,0,0.0625150063431364,0.0110830237143641,0.3504759829905,0.00784080260637205,0.324372893714816,0.925521032702571,0.0207056348442089,0.355835224867615,0.957,0.00641490451994416,1.25255459168023,"09b_or_to_cor_CAT",1000
0.75,50,0.3,0.3,"CAT","2x2_tetrachoric (z)","own",1000,1000,1000,1000,0,0.107372289343207,0.0135444368069057,0.428312699340402,0.00958215538957915,0.473539148487166,1.10559212747232,0.0247341616983334,0.441358273023908,0.962,0.00604615580348373,1.81565633759026,"09b_or_to_cor_CAT",1000
0,100,0.3,0.3,"CAT","2x2_tetrachoric (z)","own",1000,1000,1000,1000,0,-0.00741886826571328,0.00585978258619612,0.185302595657717,0.00414556530408509,0.177946361249985,0.960301503701975,0.0214837389680238,0.18535844871997,0.945,0.00720936890441875,0.696599196912954,"09b_or_to_cor_CAT",1000
0.1,100,0.3,0.3,"CAT","2x2_tetrachoric (z)","own",1000,1000,1000,1000,0,0.00558983737185465,0.00566051375922992,0.179001162058885,0.00400459046020559,0.177676719279097,0.992600926359613,0.0222063374045768,0.178998941014344,0.954,0.00662449998113065,0.695839979796847,"09b_or_to_cor_CAT",1000
0.25,100,0.3,0.3,"CAT","2x2_tetrachoric (z)","own",1000,1000,1000,1000,0,0.00393030268691534,0.00565609259213038,0.178861352479378,0.00400146265867681,0.183890376129831,1.02811688260623,0.0230008957076311,0.178815098094518,0.963,0.00596917079668525,0.719826878841858,"09b_or_to_cor_CAT",1000
0.5,100,0.3,0.3,"CAT","2x2_tetrachoric (z)","own",1000,1000,1000,1000,0,0.0422164338887151,0.00744950783960391,0.235574122204287,0.00527023328563785,0.220230618617466,0.934867618551436,0.0209147354338104,0.23921099300732,0.942,0.00739161687318817,0.858015145637777,"09b_or_to_cor_CAT",1000
0.75,100,0.3,0.3,"CAT","2x2_tetrachoric (z)","own",1000,1000,1000,1000,0,0.07202151304865,0.0105054921164235,0.33221283028841,0.00743222175559517,0.322450617323564,0.970614581753598,0.0217144617940985,0.339767711216714,0.954,0.00662449998113065,1.2427719913692,"09b_or_to_cor_CAT",1000
0,300,0.3,0.3,"CAT","2x2_tetrachoric (z)","own",1000,1000,1000,1000,0,0.00609464478059221,0.00308179850562448,0.097455025674766,0.00218025101975525,0.100811773173699,1.03444406766804,0.0231424466598544,0.0975967686055314,0.954,0.00662449998113065,0.395075676332455,"09b_or_to_cor_CAT",1000
0.1,300,0.3,0.3,"CAT","2x2_tetrachoric (z)","own",1000,1000,1000,1000,0,0.00213474220070411,0.00318658715971209,0.10076873387337,0.00225438486384542,0.10095199772645,1.00181865789155,0.0224125552823433,0.100740957474996,0.953,0.00669260786241059,0.395627616174477,"09b_or_to_cor_CAT",1000
0.25,300,0.3,0.3,"CAT","2x2_tetrachoric (z)","own",1000,1000,1000,1000,0,0.000547600395806507,0.00335053733674443,0.10595329369547,0.00237037315445281,0.10476374447124,0.988772890556391,0.0221206970909465,0.105901719583145,0.941,0.00745110730026082,0.410475889449432,"09b_or_to_cor_CAT",1000
0.5,300,0.3,0.3,"CAT","2x2_tetrachoric (z)","own",1000,1000,1000,1000,0,0.00648174367388752,0.00393323613698274,0.124379847681475,0.00278260959726733,0.12263384376486,0.985962324691966,0.022057819480997,0.124486501934192,0.939,0.00756828910652864,0.480040429700532,"09b_or_to_cor_CAT",1000
0.75,300,0.3,0.3,"CAT","2x2_tetrachoric (z)","own",1000,1000,1000,1000,0,0.0294560150013113,0.00550666757159117,0.174136118436164,0.0038957503439966,0.176221296840325,1.01197441646734,0.0226397585777912,0.176523996034611,0.962,0.00604615580348373,0.687979121064976,"09b_or_to_cor_CAT",1000
0,25,0.5,0.3,"CAT","2x2_tetrachoric (z)","own",1000,1000,1000,1000,0,-0.00353099537702631,0.0119094966424996,0.376611351764267,0.00842549963996422,0.358601820448147,0.952180062465582,0.0213020471525948,0.376439559684929,0.964,0.00589101010014412,1.39874939321715,"09b_or_to_cor_CAT",1000
0.1,25,0.5,0.3,"CAT","2x2_tetrachoric (z)","own",1000,1000,1000,1000,0,0.0219290924740946,0.0121503607138933,0.384228142485323,0.00859590148042205,0.362515465027116,0.943490142815251,0.02110763741284,0.384661564636995,0.965,0.00581162627841812,1.4140139323928,"09b_or_to_cor_CAT",1000
0.25,25,0.5,0.3,"CAT","2x2_tetrachoric (z)","own",1000,1000,1000,1000,0,0.0300780767485767,0.0116669153167855,0.368940256693471,0.00825388290973465,0.381519933451896,1.03409678540143,0.0231346773066508,0.369980387043595,0.968,0.00556560868189635,1.48492027878052,"09b_or_to_cor_CAT",1000
0.5,25,0.5,0.3,"CAT","2x2_tetrachoric (z)","own",1000,1000,1000,1000,0,-0.0153136580242896,0.0112618996795134,0.356132537675828,0.00796735030399562,0.456238898902718,1.28109299386178,0.0286604440040865,0.356283682097733,0.973,0.00512552436341883,1.77139136848354,"09b_or_to_cor_CAT",1000
0,50,0.5,0.3,"CAT","2x2_tetrachoric (z)","own",1000,1000,1000,1000,0,0.00153151810262834,0.00833119138054189,0.26345540385275,0.00589398965248764,0.243736488753496,0.925152740042958,0.0206973954492559,0.263328096900226,0.946,0.00714730718522718,0.953567157001193,"09b_or_to_cor_CAT",1000
0.1,50,0.5,0.3,"CAT","2x2_tetrachoric (z)","own",1000,1000,1000,1000,0,0.00623945007844745,0.00781388953299418,0.24709688309211,0.00552801897705939,0.245110866197028,0.991962598353207,0.0221920568143531,0.247052106854978,0.972,0.0052168956286282,0.959018298584461,"09b_or_to_cor_CAT",1000
0.25,50,0.5,0.3,"CAT","2x2_tetrachoric (z)","own",1000,1000,1000,1000,0,0.0394333839304893,0.00862800034142097,0.272841327316007,0.00610397029802565,0.262288248636735,0.961321553508463,0.0215065593881653,0.27554117527128,0.958,0.00634318531969546,1.02290684511339,"09b_or_to_cor_CAT",1000
0.5,50,0.5,0.3,"CAT","2x2_tetrachoric (z)","own",1000,1000,1000,1000,0,0.0545735983498894,0.00933609205879859,0.295233153508142,0.0066049172892307,0.337051109154738,1.1416438335251,0.025540705725604,0.300089536559152,0.974,0.00503229569878401,1.30628168899567,"09b_or_to_cor_CAT",1000
0,100,0.5,0.3,"CAT","2x2_tetrachoric (z)","own",1000,1000,1000,1000,0,-0.00415052852392707,0.00562165394347885,0.177772306786606,0.00397709867163987,0.168198186476276,0.946143915869739,0.0211670072746628,0.177731868144683,0.949,0.00695693898205238,0.658973011842304,"09b_or_to_cor_CAT",1000
0.1,100,0.5,0.3,"CAT","2x2_tetrachoric (z)","own",1000,1000,1000,1000,0,-0.000205515513219002,0.00543954548878031,0.172013531806397,0.00384826411502044,0.169595703295717,0.985943963330739,0.022057408703038,0.171927626360663,0.957,0.00641490451994416,0.664327165114906,"09b_or_to_cor_CAT",1000
0.25,100,0.5,0.3,"CAT","2x2_tetrachoric (z)","own",1000,1000,1000,1000,0,0.0222315134338925,0.00560988827557736,0.177400243698988,0.00396877492516731,0.179281070906106,1.01060216811376,0.0226090588180656,0.178699792410504,0.958,0.00634318531969546,0.701462616763033,"09b_or_to_cor_CAT",1000
0.5,100,0.5,0.3,"CAT","2x2_tetrachoric (z)","own",1000,1000,1000,1000,0,0.0467099250925594,0.00763813712499268,0.241539103956671,0.00540368107304964,0.235865057159199,0.976508785929383,0.0218463261548734,0.245895536160386,0.955,0.00655553201502365,0.913935758283127,"09b_or_to_cor_CAT",1000
0,300,0.5,0.3,"CAT","2x2_tetrachoric (z)","own",1000,1000,1000,1000,0,0.00479139926070044,0.00309055138663418,0.0977318160755568,0.00218644333820577,0.0959149298926219,0.981409470775308,0.0219559636318413,0.097800377670173,0.95,0.00689202437604511,0.375931998179123,"09b_or_to_cor_CAT",1000
0.1,300,0.5,0.3,"CAT","2x2_tetrachoric (z)","own",1000,1000,1000,1000,0,0.00246153831294905,0.00301768629206034,0.0954276194677876,0.00213489415468218,0.0967558042030494,1.01391824235656,0.0226832455949854,0.09541165179158,0.961,0.00612200947402077,0.379210196567959,"09b_or_to_cor_CAT",1000
0.25,300,0.5,0.3,"CAT","2x2_tetrachoric (z)","own",1000,1000,1000,1000,0,-0.00064367583632232,0.00319484688418413,0.10102992929514,0.00226022829347594,0.101659683149281,1.00623333955131,0.0225113199599363,0.100981453175075,0.956,0.00648567652600714,0.398309244961375,"09b_or_to_cor_CAT",1000
0.5,300,0.5,0.3,"CAT","2x2_tetrachoric (z)","own",1000,1000,1000,1000,0,0.0155390948621996,0.00408376150719151,0.129139877836472,0.00288910036598493,0.129430935829747,1.00225381964232,0.0224222906638108,0.130007285983163,0.956,0.00648567652600714,0.505919003463086,"09b_or_to_cor_CAT",1000
0,25,0.3,0.5,"CAT","2x2_tetrachoric (z)","own",1000,1000,1000,1000,0,-0.00247084818214575,0.0113148009081352,0.357805421410489,0.00800477583893518,0.35746178207028,0.999039591577862,0.0223503823762009,0.357635009418661,0.968,0.00556560868189635,1.3947169268807,"09b_or_to_cor_CAT",1000
0.1,25,0.3,0.5,"CAT","2x2_tetrachoric (z)","own",1000,1000,1000,1000,0,-0.000488129336775185,0.0121448251215755,0.3840530916861,0.00859198526695977,0.365070487126903,0.950572967722098,0.021266093440315,0.383861327469528,0.966,0.00573096850453743,1.42278283939492,"09b_or_to_cor_CAT",1000
0.25,25,0.3,0.5,"CAT","2x2_tetrachoric (z)","own",1000,1000,1000,1000,0,0.0341392388979291,0.0119000928545036,0.37631397787726,0.00841884683046665,0.383044043857806,1.01788417751185,0.0227719709747874,0.377671928223943,0.976,0.00483983470792134,1.48994355027322,"09b_or_to_cor_CAT",1000
0.5,25,0.3,0.5,"CAT","2x2_tetrachoric (z)","own",1000,1000,1000,1000,0,-0.00804472551029218,0.0110680332579627,0.35000194313656,0.00783019744909257,0.457448737379376,1.30698913634572,0.0292397890985792,0.349919385641471,0.979,0.00453420334788814,1.77518179446269,"09b_or_to_cor_CAT",1000
0,50,0.3,0.5,"CAT","2x2_tetrachoric (z)","own",1000,1000,1000,1000,0,-0.000370795265179538,0.00803253014702845,0.254010906385771,0.00568269859704043,0.243145826822172,0.957225932861727,0.0214149327016014,0.253884139936875,0.955,0.00655553201502365,0.951264087667336,"09b_or_to_cor_CAT",1000
0.1,50,0.3,0.5,"CAT","2x2_tetrachoric (z)","own",1000,1000,1000,1000,0,0.00883382674749355,0.00818325043338476,0.258777100330558,0.00578932726125271,0.24659906120848,0.952940043355759,0.0213190493451378,0.258798490263837,0.952,0.00675988165576884,0.963892234613628,"09b_or_to_cor_CAT",1000
0.25,50,0.3,0.5,"CAT","2x2_tetrachoric (z)","own",1000,1000,1000,1000,0,0.0332558577484683,0.00820161341967332,0.259357788943701,0.00580231835054953,0.2605175148857,1.00447152925972,0.0224719049717585,0.261352536428606,0.974,0.00503229569878401,1.01614173347338,"09b_or_to_cor_CAT",1000
0.5,50,0.3,0.5,"CAT","2x2_tetrachoric (z)","own",1000,1000,1000,1000,0,0.0417184502176601,0.00931739037927168,0.294641754474386,0.00659168658781227,0.335100090659749,1.13731365487399,0.0254438315382091,0.297434663085573,0.971,0.00530650544143696,1.29868303825721,"09b_or_to_cor_CAT",1000
0,100,0.3,0.5,"CAT","2x2_tetrachoric (z)","own",1000,1000,1000,1000,0,0.00956866196909228,0.00551079187628263,0.174266540402059,0.00389866812706805,0.168391406955467,0.966286508970469,0.021617634718905,0.174442017783783,0.947,0.00708456067798138,0.65975737576752,"09b_or_to_cor_CAT",1000
0.1,100,0.3,0.5,"CAT","2x2_tetrachoric (z)","own",1000,1000,1000,1000,0,-0.00715294353202445,0.00556691455628222,0.176041295373974,0.00393837271193211,0.169614771528465,0.963494225421044,0.0215551661185027,0.17609858528802,0.948,0.00702111102319284,0.664412180015454,"09b_or_to_cor_CAT",1000
0.25,100,0.3,0.5,"CAT","2x2_tetrachoric (z)","own",1000,1000,1000,1000,0,0.0051399906712393,0.00569806417096907,0.180188610340613,0.00403115589702344,0.17858950362355,0.991125372940936,0.0221733265175189,0.180171825947581,0.956,0.00648567652600714,0.698815362290946,"09b_or_to_cor_CAT",1000
0.5,100,0.3,0.5,"CAT","2x2_tetrachoric (z)","own",1000,1000,1000,1000,0,0.0418222702160658,0.00783992037319837,0.247920050536641,0.00554643477088779,0.235155952942021,0.948515267050843,0.0212200588314707,0.251300595687034,0.957,0.00641490451994416,0.911181922173454,"09b_or_to_cor_CAT",1000
0,300,0.3,0.5,"CAT","2x2_tetrachoric (z)","own",1000,1000,1000,1000,0,-0.000117878754839619,0.00294535677850942,0.0931403594190584,0.00208372387363039,0.0958328604010315,1.02890799432992,0.0230185943550882,0.09309385222215,0.956,0.00648567652600714,0.375612798675843,"09b_or_to_cor_CAT",1000
0.1,300,0.3,0.5,"CAT","2x2_tetrachoric (z)","own",1000,1000,1000,1000,0,-0.000322637888071671,0.00323409385881036,0.102271027606037,0.00228799398169176,0.0967812098365278,0.946320889718081,0.0211709665103271,0.1022203884737,0.939,0.00756828910652864,0.379304351596449,"09b_or_to_cor_CAT",1000
0.25,300,0.3,0.5,"CAT","2x2_tetrachoric (z)","own",1000,1000,1000,1000,0,0.00364924918793656,0.00325311835748061,0.102872635077446,0.00230145306493501,0.101669473717998,0.988304359477695,0.0221102151752624,0.10288592366483,0.936,0.0077397674383666,0.398350142076341,"09b_or_to_cor_CAT",1000
0.5,300,0.3,0.5,"CAT","2x2_tetrachoric (z)","own",1000,1000,1000,1000,0,0.0117356036567797,0.0042156597349794,0.133310866027967,0.00298241316534986,0.129368414463584,0.970426630012619,0.0217102569624636,0.133760007503418,0.949,0.00695693898205238,0.50563693449672,"09b_or_to_cor_CAT",1000
0,25,0.5,0.5,"CAT","2x2_tetrachoric (z)","own",1000,1000,1000,1000,0,0.00389808818153822,0.0120229565353968,0.380199268610606,0.00850576804386505,0.33692891855491,0.886190338519529,0.0198257337256516,0.380029113963205,0.94,0.00750999334220744,1.31723680717141,"09b_or_to_cor_CAT",1000
0.1,25,0.5,0.5,"CAT","2x2_tetrachoric (z)","own",1000,1000,1000,1000,0,0.02643326877437,0.0112512838050676,0.355796834249795,0.00795983999109102,0.338791825486912,0.952205845791914,0.0213026239737812,0.356599934903264,0.961,0.00612200947402077,1.32409902857984,"09b_or_to_cor_CAT",1000
0.25,25,0.5,0.5,"CAT","2x2_tetrachoric (z)","own",1000,1000,1000,1000,0,0.0458624305653453,0.0119285790259797,0.377214789714087,0.0084389996744298,0.357755484853451,0.948413197490519,0.0212177753446885,0.379805304226816,0.966,0.00573096850453743,1.39196509264654,"09b_or_to_cor_CAT",1000
0.5,25,0.5,0.5,"CAT","2x2_tetrachoric (z)","own",1000,1000,1000,1000,0,0.0899009930852038,0.0132377199101045,0.418613459432897,0.0093651652697493,0.432554470283898,1.0333028251645,0.0231169149326305,0.427953478485296,0.97,0.00539444158370447,1.66683891518738,"09b_or_to_cor_CAT",1000
0.75,25,0.5,0.5,"CAT","2x2_tetrachoric (z)","own",1000,1000,1000,1000,0,0.0654582810266981,0.0142004135641231,0.449056505789786,0.0100462330998022,0.598572226591287,1.33295524922535,0.0298206995615637,0.453580070331259,0.979,0.00453420334788814,2.29560236589155,"09b_or_to_cor_CAT",1000
0,50,0.5,0.5,"CAT","2x2_tetrachoric (z)","own",1000,1000,1000,1000,0,0.00758501076205921,0.0074188703398691,0.234605279394538,0.00524855846169408,0.228720204287082,0.974914992865272,0.0218106700260155,0.234610591983675,0.956,0.00648567652600714,0.896234658959356,"09b_or_to_cor_CAT",1000
0.1,50,0.5,0.5,"CAT","2x2_tetrachoric (z)","own",1000,1000,1000,1000,0,0.0113783167040337,0.00745247948150924,0.235668093772399,0.00527233560520307,0.230551355624329,0.9782883713015,0.0218861388048156,0.235824886436761,0.957,0.00641490451994416,0.903107706272181,"09b_or_to_cor_CAT",1000
0.25,50,0.5,0.5,"CAT","2x2_tetrachoric (z)","own",1000,1000,1000,1000,0,0.00961148024557076,0.00769013751558457,0.243183500691558,0.00544046930057611,0.240452409038356,0.988769420435862,0.0221206194578664,0.243251839347832,0.954,0.00662449998113065,0.940591520441104,"09b_or_to_cor_CAT",1000
0.5,50,0.5,0.5,"CAT","2x2_tetrachoric (z)","own",1000,1000,1000,1000,0,0.0240961855733357,0.00924572255959077,0.292375419023087,0.00654098442910275,0.286328299298033,0.979317277268867,0.0219091573538237,0.293220954951145,0.95,0.00689202437604511,1.11264702345772,"09b_or_to_cor_CAT",1000
0.75,50,0.5,0.5,"CAT","2x2_tetrachoric (z)","own",1000,1000,1000,1000,0,0.122616249802045,0.0139772330156262,0.441998917162826,0.00988834165506242,0.4365962006283,0.98777662947863,0.0220984088691161,0.458478379474818,0.958,0.00634318531969546,1.66931256284801,"09b_or_to_cor_CAT",1000
0,100,0.5,0.5,"CAT","2x2_tetrachoric (z)","own",1000,1000,1000,1000,0,-0.00323202360247475,0.00516738220102562,0.16340697295855,0.00365571931217751,0.159247645721142,0.974546207165445,0.0218024196008316,0.163357224967958,0.948,0.00702111102319284,0.624186625022648,"09b_or_to_cor_CAT",1000
0.1,100,0.5,0.5,"CAT","2x2_tetrachoric (z)","own",1000,1000,1000,1000,0,-0.0062428860390542,0.00520717069970736,0.164665195763679,0.00368386810732653,0.160377003245434,0.973958112408894,0.0217892628222683,0.164701201256371,0.956,0.00648567652600714,0.628523389166026,"09b_or_to_cor_CAT",1000
0.25,100,0.5,0.5,"CAT","2x2_tetrachoric (z)","own",1000,1000,1000,1000,0,0.00794048808344344,0.0053055657154335,0.167776719364706,0.00375347870418556,0.167276788964749,0.997020263586923,0.0223052062359149,0.167880701345408,0.954,0.00662449998113065,0.655147982668893,"09b_or_to_cor_CAT",1000
0.5,100,0.5,0.5,"CAT","2x2_tetrachoric (z)","own",1000,1000,1000,1000,0,0.0209307674875475,0.00637441532711499,0.201576711855706,0.00450964769173633,0.197751151515197,0.981021813952158,0.0219472910243679,0.20256019998858,0.944,0.00727076337120113,0.77224096509489,"09b_or_to_cor_CAT",1000
0.75,100,0.5,0.5,"CAT","2x2_tetrachoric (z)","own",1000,1000,1000,1000,0,0.0628646489747207,0.00954278714932569,0.301769426180545,0.00675114592198448,0.290677425063,0.963243456244275,0.0215495559434543,0.308100123144203,0.957,0.00641490451994416,1.12440358672248,"09b_or_to_cor_CAT",1000
0,300,0.5,0.5,"CAT","2x2_tetrachoric (z)","own",1000,1000,1000,1000,0,-0.00238564326780299,0.00286674747962868,0.0906545151217379,0.00202811089188152,0.0910867795772635,1.00476826173462,0.0224785434316687,0.0906405768110875,0.951,0.00682634602111555,0.35705083470604,"09b_or_to_cor_CAT",1000
0.1,300,0.5,0.5,"CAT","2x2_tetrachoric (z)","own",1000,1000,1000,1000,0,0.00476702850996682,0.00287205420516272,0.0908223285177872,0.00203186519111168,0.0918114412930943,1.0108906344007,0.0226155123479058,0.0909019869026542,0.96,0.00619677335393187,0.359876838492691,"09b_or_to_cor_CAT",1000
0.25,300,0.5,0.5,"CAT","2x2_tetrachoric (z)","own",1000,1000,1000,1000,0,0.0045113723465157,0.00295779340853505,0.0935336401920368,0.00209252229936984,0.0955712448432712,1.02178472522882,0.0228592335154172,0.0935956504661127,0.947,0.00708456067798138,0.374545114323758,"09b_or_to_cor_CAT",1000
0.5,300,0.5,0.5,"CAT","2x2_tetrachoric (z)","own",1000,1000,1000,1000,0,0.00284036775589326,0.0035775069146783,0.113130701953851,0.00253094518823134,0.111849470709872,0.988674769785291,0.0221185019459576,0.113109791166968,0.945,0.00720936890441875,0.437966494709273,"09b_or_to_cor_CAT",1000
0.75,300,0.5,0.5,"CAT","2x2_tetrachoric (z)","own",1000,1000,1000,1000,0,0.0132905758420071,0.00510471129412263,0.161425144870132,0.00361138211477968,0.159380895833183,0.987336241583713,0.0220885565690389,0.161890885244225,0.943,0.00733150734842434,0.622639000198807,"09b_or_to_cor_CAT",1000
0,25,0.3,0.1,"CAT","bonett (r)","own",1000,1000,1000,1000,0,0.0542124152447306,0.0103975430399292,0.328799180758074,0.00735585203717307,0.423299911114473,1.28741169652102,0.0288018051891147,0.333076235016221,0.986,0.00371537346709587,1.40031165313537,"09b_or_to_cor_CAT",1000
0.1,25,0.3,0.1,"CAT","bonett (r)","own",1000,1000,999,999,0,-0.00167103801024165,0.0105543867528497,0.333759014453138,0.00746681278441629,0.400197356900828,1.19906081804726,0.0268252309534101,0.333596278481989,0.994994994994995,0.00223269789039508,1.34464134808151,"09b_or_to_cor_CAT",1000
0.25,25,0.3,0.1,"CAT","bonett (r)","own",1000,1000,1000,1000,0,-0.077400157504687,0.00937040679658603,0.296318280795339,0.00662919361421339,0.359673727072555,1.21380876707021,0.0271551701297014,0.306116813311067,1,0,1.25160866939348,"09b_or_to_cor_CAT",1000
0.5,25,0.3,0.1,"CAT","bonett (r)","own",1000,1000,1000,1000,0,-0.222296006288729,0.00556578481733595,0.176005569891658,0.00393757346613939,0.267744904676422,1.52122972495265,0.0340327513757845,0.283482798568402,0.945,0.00720936890441875,1.0540826686132,"09b_or_to_cor_CAT",1000
0,50,0.3,0.1,"CAT","bonett (r)","own",1000,1000,1000,1000,0,-0.0146229028787921,0.00959902589679606,0.303547851528159,0.00679093262001106,0.337700832663145,1.11251267621579,0.0248889873048195,0.303748228238119,0.987,0.00358203852575597,1.15807560704281,"09b_or_to_cor_CAT",1000
0.1,50,0.3,0.1,"CAT","bonett (r)","own",1000,1000,1000,1000,0,-0.0299740656953818,0.00921062969889789,0.291265685329082,0.00651615761282253,0.316678290510783,1.08724888121644,0.0243237890051029,0.292659030896162,0.992,0.00281709069786544,1.09541590776074,"09b_or_to_cor_CAT",1000
0.25,50,0.3,0.1,"CAT","bonett (r)","own",1000,1000,1000,1000,0,-0.0314276049368642,0.00810985817940521,0.256456233478669,0.00573740513321968,0.272493768558594,1.06253517359428,0.0237708971878563,0.258247408975275,0.984,0.00396787096564392,0.978382081831236,"09b_or_to_cor_CAT",1000
0.5,50,0.3,0.1,"CAT","bonett (r)","own",1000,1000,1000,1000,0,-0.119282457839431,0.00300000819639352,0.0948685889977725,0.00212238759851552,0.187670702054447,1.97821749049998,0.0442564215759784,0.152378981088159,0.982,0.00420428352992517,0.802605562231017,"09b_or_to_cor_CAT",1000
0,100,0.3,0.1,"CAT","bonett (r)","own",1000,1000,1000,1000,0,-0.0252566598809324,0.00778682412826663,0.246240999844777,0.00550887126959259,0.245832196013044,0.998339822239227,0.0223347272285717,0.247410376182754,0.975,0.00493710441453288,0.887057833191623,"09b_or_to_cor_CAT",1000
0.1,100,0.3,0.1,"CAT","bonett (r)","own",1000,1000,1000,1000,0,-0.0230238822155896,0.00684334646692721,0.216405616531561,0.00484139799724938,0.218671174233841,1.01046903374594,0.022606080353495,0.217519329319985,0.977,0.00474035863622153,0.79849276184874,"09b_or_to_cor_CAT",1000
0.25,100,0.3,0.1,"CAT","bonett (r)","own",1000,1000,1000,1000,0,-0.0130930555481041,0.00606761433973571,0.191874812770635,0.00429259808113564,0.186035799902441,0.969568632881617,0.0216910619634694,0.192225273925091,0.979,0.00453420334788814,0.699807661394723,"09b_or_to_cor_CAT",1000
0.5,100,0.3,0.1,"CAT","bonett (r)","own",1000,1000,1000,1000,0,-0.0517139544039494,0.0016389607607983,0.0518284899976503,0.00115950016315075,0.122987126100222,2.37296371369873,0.0530876321750687,0.0731972626752862,0.991,0.00298646948753876,0.582661094502258,"09b_or_to_cor_CAT",1000
0,300,0.3,0.1,"CAT","bonett (r)","own",1000,1000,1000,1000,0,-0.00637021237857709,0.00438676183255356,0.138721589435634,0.00310346115795466,0.134789574078204,0.971655346702505,0.0217377456506823,0.138798470099354,0.956,0.00648567652600714,0.514700314267303,"09b_or_to_cor_CAT",1000
0.1,300,0.3,0.1,"CAT","bonett (r)","own",1000,1000,1000,1000,0,-0.0085710273804363,0.00379604636376786,0.120041526131065,0.0026855532379999,0.120303302415239,1.00218071439618,0.0224206551628572,0.120287241793282,0.959,0.00627048642451286,0.462025024687423,"09b_or_to_cor_CAT",1000
0.25,300,0.3,0.1,"CAT","bonett (r)","own",1000,1000,1000,1000,0,-0.015689595548537,0.00323885980823849,0.102421740160098,0.00229136570313358,0.102717733168302,1.00288994316774,0.0224365219356759,0.103565853702086,0.96,0.00619677335393187,0.397498071137449,"09b_or_to_cor_CAT",1000
0.5,300,0.3,0.1,"CAT","bonett (r)","own",1000,1000,1000,1000,0,0.00998883403452329,0.000940740620775144,0.0297488304909017,0.000665536923983476,0.0604884429769733,2.03330490573311,0.045488829985972,0.0313669368608106,0.996,0.00199599599197994,0.318037444243157,"09b_or_to_cor_CAT",1000
0,25,0.5,0.1,"CAT","bonett (r)","own",1000,1000,1000,1000,0,0.0097691716099591,0.0102415336824417,0.323865731698474,0.00724548156352504,0.396425094920451,1.22404149658394,0.0273840954088515,0.323851138442285,0.99,0.00314642654451046,1.36072922301825,"09b_or_to_cor_CAT",1000
0.1,25,0.5,0.1,"CAT","bonett (r)","own",1000,1000,1000,1000,0,-0.0731623540898351,0.00985004468399507,0.311485762558579,0.00696851852180494,0.395139317508703,1.26856301316305,0.0283801249234977,0.319811017559416,0.991,0.00298646948753876,1.35431067415671,"09b_or_to_cor_CAT",1000
0.25,25,0.5,0.1,"CAT","bonett (r)","own",1000,1000,1000,1000,0,-0.196169028099058,0.00813881076271732,0.25737179455279,0.00575788794518015,0.379826854026117,1.47579051809506,0.0330161914148981,0.323506241015565,0.972,0.0052168956286282,1.32622440135783,"09b_or_to_cor_CAT",1000
0,50,0.5,0.1,"CAT","bonett (r)","own",1000,1000,1000,1000,0,-0.00381437753744391,0.00907033269073079,0.286829104381929,0.00641690300725158,0.304162745511138,1.06043194663443,0.0237238440708697,0.286711028147536,0.993,0.00263647491928143,1.07112225339364,"09b_or_to_cor_CAT",1000
0.1,50,0.5,0.1,"CAT","bonett (r)","own",1000,1000,1000,1000,0,-0.0168204564591038,0.00882183074345588,0.278970782818171,0.00624109767054041,0.303477157794652,1.08784566874322,0.0243371402571787,0.279338147634743,0.99,0.00314642654451046,1.07375791864155,"09b_or_to_cor_CAT",1000
0.25,50,0.5,0.1,"CAT","bonett (r)","own",1000,1000,1000,1000,0,-0.0748189020090092,0.00671615050256159,0.212383326965792,0.00475141186398637,0.287769627561057,1.35495394893879,0.0303128515788807,0.225076518085115,0.971,0.00530650544143696,1.05293335338176,"09b_or_to_cor_CAT",1000
0,100,0.5,0.1,"CAT","bonett (r)","own",1000,1000,1000,1000,0,0.0134428156951429,0.00697381593370271,0.220531423332744,0.00493370000449128,0.210129663208332,0.952833206410148,0.0213166592030388,0.220830667848246,0.971,0.00530650544143696,0.777776464299992,"09b_or_to_cor_CAT",1000
0.1,100,0.5,0.1,"CAT","bonett (r)","own",1000,1000,1000,1000,0,-0.00907331855289382,0.0066797870172393,0.211233412592986,0.0047256861308435,0.211340867852859,1.00050870389563,0.0223832491637962,0.211322644670763,0.973,0.00512552436341883,0.784711429627067,"09b_or_to_cor_CAT",1000
0.25,100,0.5,0.1,"CAT","bonett (r)","own",1000,1000,1000,1000,0,-0.00326623949854743,0.00539916648334566,0.170736635538139,0.00381969755960972,0.211353509035672,1.23789196366389,0.0276939562371267,0.170682500674879,0.968,0.00556560868189635,0.816238982990017,"09b_or_to_cor_CAT",1000
0,300,0.5,0.1,"CAT","bonett (r)","own",1000,1000,1000,1000,0,-0.00217562099828995,0.0037879364094634,0.119785066857845,0.00267981576486199,0.116706995807277,0.974303382455667,0.0217969871583542,0.119744925181089,0.958,0.00634318531969546,0.449563529230359,"09b_or_to_cor_CAT",1000
0.1,300,0.5,0.1,"CAT","bonett (r)","own",1000,1000,1000,1000,0,-0.00858354280004368,0.00370047308707153,0.117019233753006,0.00261793891032785,0.117072411523285,1.00045443615185,0.0223820350929682,0.117275252180811,0.955,0.00655553201502365,0.451093537085047,"09b_or_to_cor_CAT",1000
0.25,300,0.5,0.1,"CAT","bonett (r)","own",1000,1000,1000,1000,0,0.0154631939744369,0.00384463963331814,0.121578180238399,0.00271993106163012,0.120629941733691,0.992200586463387,0.0221973810530603,0.122497277618981,0.967,0.00564898220921256,0.47435245471079,"09b_or_to_cor_CAT",1000
0,25,0.3,0.3,"CAT","bonett (r)","own",1000,1000,1000,1000,0,0.00781569572872836,0.0113197834268307,0.35796298248611,0.00800830077460081,0.343569163286001,0.959789643330877,0.0214722876951076,0.357869311946756,0.965,0.00581162627841812,1.18299004421613,"09b_or_to_cor_CAT",1000
0.1,25,0.3,0.3,"CAT","bonett (r)","own",1000,1000,1000,1000,0,-0.0204543277116618,0.0111142654556208,0.351463933594908,0.00786290490738542,0.330293269922351,0.939764335259052,0.0210242841361098,0.351883147143372,0.97,0.00539444158370447,1.14364222639749,"09b_or_to_cor_CAT",1000
0.25,25,0.3,0.3,"CAT","bonett (r)","own",1000,1000,1000,1000,0,-0.0197128956965767,0.0096025260443086,0.303658535911021,0.00679340883647024,0.299306435263314,0.985667780967689,0.0220512299875278,0.30414617568192,0.971,0.00530650544143696,1.05503003106566,"09b_or_to_cor_CAT",1000
0.5,25,0.3,0.3,"CAT","bonett (r)","own",1000,1000,1000,1000,0,-0.0371339988329677,0.00663920735445497,0.209950170982186,0.00469697761826379,0.218300072285018,1.03977087164907,0.0232616172180812,0.213105441250289,0.971,0.00530650544143696,0.835000725395267,"09b_or_to_cor_CAT",1000
0.75,25,0.3,0.3,"CAT","bonett (r)","own",1000,1000,1000,1000,0,-0.0389226734468156,0.0031082637840225,0.098291931261248,0.00219897416148891,0.121114813783307,1.23219487326379,0.0275665016798224,0.105672214680881,0.955,0.00655553201502365,0.572590198161957,"09b_or_to_cor_CAT",1000
0,50,0.3,0.3,"CAT","bonett (r)","own",1000,1000,1000,1000,0,-0.0136559944099404,0.00790177785344559,0.249876155815642,0.00559019650097571,0.249551349329277,0.998700130129244,0.0223427879893092,0.250124251793548,0.979,0.00453420334788814,0.909458811297159,"09b_or_to_cor_CAT",1000
0.1,50,0.3,0.3,"CAT","bonett (r)","own",1000,1000,1000,1000,0,-0.0122845333134072,0.00772153304965738,0.244176314651834,0.00546268040394743,0.237357089988671,0.972072538350472,0.0217470790073729,0.244363173009033,0.967,0.00564898220921256,0.867931531739774,"09b_or_to_cor_CAT",1000
0.25,50,0.3,0.3,"CAT","bonett (r)","own",1000,1000,1000,1000,0,-0.0148543784949206,0.00652564636168617,0.206359057077192,0.00461663769018714,0.210173162563227,1.01848285963338,0.0227853646124879,0.206790060055653,0.969,0.00548078461536303,0.779914576246348,"09b_or_to_cor_CAT",1000
0.5,50,0.3,0.3,"CAT","bonett (r)","own",1000,1000,1000,1000,0,-0.0157708924576094,0.00472458620139264,0.149404533982037,0.00334245858861579,0.145124685359477,0.97135395755075,0.0217310030122097,0.150160294713765,0.953,0.00669260786241059,0.561932475536087,"09b_or_to_cor_CAT",1000
0.75,50,0.3,0.3,"CAT","bonett (r)","own",1000,1000,1000,1000,0,-0.0112679950675276,0.00201086756021379,0.0635892156322137,0.00142260957059568,0.0688392078582554,1.08256104708708,0.0242189133963776,0.0645485280174326,0.962,0.00604615580348373,0.313870481028126,"09b_or_to_cor_CAT",1000
0,100,0.3,0.3,"CAT","bonett (r)","own",1000,1000,1000,1000,0,-0.00995133057646942,0.00580837299193942,0.183676881543354,0.00410919504168837,0.176184494116681,0.959208870687929,0.021459294725907,0.183854531075304,0.953,0.00669260786241059,0.665560449548449,"09b_or_to_cor_CAT",1000
0.1,100,0.3,0.3,"CAT","bonett (r)","own",1000,1000,1000,1000,0,-0.000608681243466035,0.00536434599211707,0.169635514922856,0.00379506343399412,0.167474126931982,0.987258635128044,0.0220868203676173,0.169551768519457,0.952,0.00675988165576884,0.634103531145852,"09b_or_to_cor_CAT",1000
0.25,100,0.3,0.3,"CAT","bonett (r)","own",1000,1000,1000,1000,0,-0.0101939890320637,0.00456255733516679,0.144280731342353,0.00322782954970427,0.148176004664955,1.02699787619844,0.0229758614434176,0.144568426427188,0.965,0.00581162627841812,0.56495216324073,"09b_or_to_cor_CAT",1000
0.5,100,0.3,0.3,"CAT","bonett (r)","own",1000,1000,1000,1000,0,-0.00609997995004738,0.00326186286471913,0.103149160676341,0.00230763945927236,0.0994789372953985,0.964418291366818,0.0215758392003334,0.103277874466298,0.943,0.00733150734842434,0.387565282865042,"09b_or_to_cor_CAT",1000
0.75,100,0.3,0.3,"CAT","bonett (r)","own",1000,1000,1000,1000,0,-0.00788482224910116,0.00141083743058808,0.0446145968887805,0.000998111895094594,0.0451770744779932,1.01260747890685,0.0226539213674446,0.0452840172157104,0.95,0.00689202437604511,0.189528217887852,"09b_or_to_cor_CAT",1000
0,300,0.3,0.3,"CAT","bonett (r)","own",1000,1000,1000,1000,0,0.005405624205152,0.00312238630044634,0.0987385244431724,0.0022089652854311,0.102095190251679,1.03399550304641,0.0231324114311224,0.0988370764746361,0.959,0.00627048642451286,0.395191141501162,"09b_or_to_cor_CAT",1000
0.1,300,0.3,0.3,"CAT","bonett (r)","own",1000,1000,1000,1000,0,0.00146697056256869,0.00306823303557248,0.0970260478458147,0.00217065398417347,0.0971358075635505,1.00113123970493,0.0223971764530629,0.0969886174210623,0.951,0.00682634602111555,0.376317417463485,"09b_or_to_cor_CAT",1000
0.25,300,0.3,0.3,"CAT","bonett (r)","own",1000,1000,1000,1000,0,-0.0042685679115142,0.00272812349378671,0.0862708397858222,0.00193003988368845,0.0855332827671565,0.991450679969075,0.0221806042435769,0.0863332833359699,0.943,0.00733150734842434,0.332092909136898,"09b_or_to_cor_CAT",1000
0.5,300,0.3,0.3,"CAT","bonett (r)","own",1000,1000,1000,1000,0,-0.00887261222000982,0.00184073744547731,0.0582092290206831,0.00130224921755238,0.0573170011849973,0.984672055433533,0.0220289537468085,0.0588527762849453,0.935,0.0077958322198467,0.224217776219585,"09b_or_to_cor_CAT",1000
0.75,300,0.3,0.3,"CAT","bonett (r)","own",1000,1000,1000,1000,0,-0.00519252427002812,0.000760405655812266,0.0240461381804081,0.000537957041476469,0.0245467258553071,1.02081779914693,0.0228376015722571,0.0245886325956675,0.953,0.00669260786241059,0.0982961672462769,"09b_or_to_cor_CAT",1000
0,25,0.5,0.3,"CAT","bonett (r)","own",1000,1000,1000,1000,0,-0.00549221382453577,0.0102761324081343,0.324959839471752,0.00726995879876146,0.311126794255668,0.957431523727451,0.0214195321534156,0.324843751340444,0.975,0.00493710441453288,1.10142451679821,"09b_or_to_cor_CAT",1000
0.1,25,0.5,0.3,"CAT","bonett (r)","own",1000,1000,1000,1000,0,-0.00253063323991323,0.0103413693826662,0.327022813743545,0.00731611138790361,0.306933480969483,0.938569017420859,0.0209975426426096,0.326869057716743,0.964,0.00589101010014412,1.0908033548452,"09b_or_to_cor_CAT",1000
0.25,25,0.5,0.3,"CAT","bonett (r)","own",1000,1000,1000,1000,0,-0.0215843971048184,0.00895248098709221,0.283102306285638,0.00633352757028872,0.290004828500436,1.02438172371451,0.0229173332240525,0.283782760411554,0.971,0.00530650544143696,1.04933444986325,"09b_or_to_cor_CAT",1000
0.5,25,0.5,0.3,"CAT","bonett (r)","own",1000,1000,1000,1000,0,-0.0474946342128436,0.00553166014661591,0.174926453052872,0.00391343160611824,0.221754597392258,1.26770190284046,0.0283608602765905,0.181175067249037,0.973,0.00512552436341883,0.894835571173695,"09b_or_to_cor_CAT",1000
0,50,0.5,0.3,"CAT","bonett (r)","own",1000,1000,1000,1000,0,0.00136702551725348,0.00755028298080291,0.238760911981426,0.00534152772749189,0.221272094267706,0.926751755266036,0.0207331684075675,0.238645417043522,0.944,0.00727076337120113,0.82140443816063,"09b_or_to_cor_CAT",1000
0.1,50,0.5,0.3,"CAT","bonett (r)","own",1000,1000,1000,1000,0,-0.00813110881581658,0.00699990960457353,0.22135657765741,0.00495216024854079,0.218966040505558,0.989200514494981,0.0221302638374712,0.221395236327034,0.971,0.00530650544143696,0.813513466568798,"09b_or_to_cor_CAT",1000
0.25,50,0.5,0.3,"CAT","bonett (r)","own",1000,1000,1000,1000,0,-0.000210251429660714,0.00673861709413891,0.213093782972242,0.00476730609234279,0.202307132985308,0.949380738206055,0.0212394210383518,0.212987313206077,0.956,0.00648567652600714,0.762490972433748,"09b_or_to_cor_CAT",1000
0.5,50,0.5,0.3,"CAT","bonett (r)","own",1000,1000,1000,1000,0,-0.000711488730995141,0.00421530918856535,0.133299780777027,0.00298216516757346,0.146084471580817,1.09590931604887,0.0245175391143887,0.133235013941016,0.97,0.00539444158370447,0.611961437672555,"09b_or_to_cor_CAT",1000
0,100,0.5,0.3,"CAT","bonett (r)","own",1000,1000,1000,1000,0,-0.00381516571494727,0.00523990778140304,0.165700433184733,0.00370702830278401,0.156938820410664,0.947123778703094,0.0211889286371256,0.165661499490627,0.951,0.00682634602111555,0.59813749180811,"09b_or_to_cor_CAT",1000
0.1,100,0.5,0.3,"CAT","bonett (r)","own",1000,1000,1000,1000,0,-0.0106226952780742,0.0049740885778113,0.157294491893114,0.00351897168952922,0.155182904692293,0.986575580775862,0.0220715391654671,0.157574291296847,0.96,0.00619677335393187,0.591851030682403,"09b_or_to_cor_CAT",1000
0.25,100,0.5,0.3,"CAT","bonett (r)","own",1000,1000,1000,1000,0,-0.00359450971172387,0.00444671560309202,0.140617494127801,0.00314587608842986,0.143309023637127,1.01914078704091,0.0228000836779365,0.140593125277145,0.956,0.00648567652600714,0.549562190255616,"09b_or_to_cor_CAT",1000
0.5,100,0.5,0.3,"CAT","bonett (r)","own",1000,1000,1000,1000,0,0.00447677800336097,0.00327513310593737,0.103568802549836,0.00231702763208627,0.101505818148184,0.980081024875623,0.0219262438148547,0.103613763111069,0.965,0.00581162627841812,0.414047205797047,"09b_or_to_cor_CAT",1000
0,300,0.5,0.3,"CAT","bonett (r)","own",1000,1000,1000,1000,0,0.00451574947929995,0.00292860486588162,0.0926106174283785,0.00207187255547219,0.090863612511979,0.981136019120588,0.0219498460073788,0.092674385497638,0.949,0.00695693898205238,0.35278960556848,"09b_or_to_cor_CAT",1000
0.1,300,0.5,0.3,"CAT","bonett (r)","own",1000,1000,1000,1000,0,-0.00592013440412768,0.00279989184158573,0.0885403542153425,0.00198081316208072,0.0896581430472898,1.01262462570715,0.0226543049734063,0.0886938719507536,0.956,0.00648567652600714,0.348212599362341,"09b_or_to_cor_CAT",1000
0.25,300,0.5,0.3,"CAT","bonett (r)","own",1000,1000,1000,1000,0,-0.0173008213011883,0.00262510920260693,0.0830132418690632,0.0018571613314456,0.0833428825435206,1.0039709408648,0.0224607058740111,0.0847562714197694,0.94,0.00750999334220744,0.32417761460628,"09b_or_to_cor_CAT",1000
0.5,300,0.5,0.3,"CAT","bonett (r)","own",1000,1000,1000,1000,0,0.00114131544257612,0.0018212406783359,0.0575926871089154,0.00128845602297317,0.0583307726940065,1.0128156129214,0.02265857771425,0.0575751968451386,0.961,0.00612200947402077,0.230443140116614,"09b_or_to_cor_CAT",1000
0,25,0.3,0.5,"CAT","bonett (r)","own",1000,1000,999,999,0,-0.00292991041024569,0.00985231880566573,0.311557676600136,0.00697012737328646,0.313265081445466,1.00548022075387,0.0224944712852297,0.311415641928337,0.975975975975976,0.0048446197615862,1.1059211200166,"09b_or_to_cor_CAT",1000
0.1,25,0.3,0.5,"CAT","bonett (r)","own",1000,1000,1000,1000,0,-0.0232801195951056,0.0103129737067944,0.326124863628998,0.007296022566015,0.311251209853775,0.954392763527089,0.0213515494097884,0.326792033591271,0.971,0.00530650544143696,1.1023297956887,"09b_or_to_cor_CAT",1000
0.25,25,0.3,0.5,"CAT","bonett (r)","own",1000,1000,1000,1000,0,-0.0195386552285609,0.00914281029126994,0.289121047352405,0.00646817805401291,0.289523615320639,1.00139238554896,0.0224030187735468,0.289636234076936,0.975,0.00493710441453288,1.04820783706089,"09b_or_to_cor_CAT",1000
0.5,25,0.3,0.5,"CAT","bonett (r)","own",1000,1000,1000,1000,0,-0.0421767045163185,0.00526191847398609,0.166396472399135,0.00372260000056442,0.220195878154183,1.32332059075147,0.0296051542490749,0.171577890897126,0.977,0.00474035863622153,0.892461786455422,"09b_or_to_cor_CAT",1000
0,50,0.3,0.5,"CAT","bonett (r)","own",1000,1000,1000,1000,0,-5.74588199963237e-05,0.00731790399748387,0.231412443305001,0.00517712875253412,0.22176488720443,0.958310123851656,0.0214391880798647,0.231296715279292,0.956,0.00648567652600714,0.822780578035942,"09b_or_to_cor_CAT",1000
0.1,50,0.3,0.5,"CAT","bonett (r)","own",1000,1000,1000,1000,0,-0.00629161636791523,0.00728846083654461,0.230481368804172,0.00515629887623122,0.219486143173034,0.952294514354087,0.0213046076551948,0.230451999646347,0.959,0.00627048642451286,0.8160842852932,"09b_or_to_cor_CAT",1000
0.25,50,0.3,0.5,"CAT","bonett (r)","own",1000,1000,1000,1000,0,-0.00360795660272284,0.00630314068959896,0.199322809916171,0.00445922369391707,0.203030607194202,1.01860197174418,0.0227880293729683,0.199255791186034,0.973,0.00512552436341883,0.763912048459776,"09b_or_to_cor_CAT",1000
0.5,50,0.3,0.5,"CAT","bonett (r)","own",1000,1000,1000,1000,0,-0.00686052213560766,0.00430861613079084,0.13625040536641,0.00304817615290105,0.147222423531024,1.08052833410006,0.0241734378087192,0.136354961602142,0.968,0.00556560868189635,0.614023850587359,"09b_or_to_cor_CAT",1000
0,100,0.3,0.5,"CAT","bonett (r)","own",1000,1000,1000,1000,0,0.00866854716040178,0.00515038491802414,0.162869471675359,0.00364369440414754,0.157089114692007,0.964509266691346,0.0215778744883312,0.16301865552408,0.951,0.00682634602111555,0.598659939887225,"09b_or_to_cor_CAT",1000
0.1,100,0.3,0.5,"CAT","bonett (r)","own",1000,1000,1000,1000,0,-0.0174552850345288,0.00506698412392757,0.16023210699524,0.00358469162831856,0.155194507489518,0.968560611227116,0.0216685106355625,0.161100405833314,0.945,0.00720936890441875,0.591824716060717,"09b_or_to_cor_CAT",1000
0.25,100,0.3,0.5,"CAT","bonett (r)","own",1000,1000,1000,1000,0,-0.0177963935185953,0.00459329398804031,0.145252709649656,0.00324957452058704,0.144181606473254,0.992625933251193,0.022206896855467,0.146266752658201,0.951,0.00682634602111555,0.552563282361192,"09b_or_to_cor_CAT",1000
0.5,100,0.3,0.5,"CAT","bonett (r)","own",1000,1000,1000,1000,0,0.000938662210287765,0.00337002099628713,0.106569421108572,0.00238415707592237,0.101915379798592,0.956328548456337,0.0213948565356836,0.106520258921229,0.965,0.00581162627841812,0.414025015077379,"09b_or_to_cor_CAT",1000
0,300,0.3,0.5,"CAT","bonett (r)","own",1000,1000,1000,1000,0,-0.000115562113520314,0.00279706174781933,0.0884508587924057,0.00197881098224679,0.0909201075543191,1.02791661715472,0.0229964153952834,0.0884066978305098,0.956,0.00648567652600714,0.353003400261292,"09b_or_to_cor_CAT",1000
0.1,300,0.3,0.5,"CAT","bonett (r)","own",1000,1000,1000,1000,0,-0.00873244365728778,0.002998187609859,0.0948110169965073,0.00212109960527352,0.089639973986898,0.945459471130873,0.0211516949669645,0.0951650954247186,0.939,0.00756828910652864,0.348132353404655,"09b_or_to_cor_CAT",1000
0.25,300,0.3,0.5,"CAT","bonett (r)","own",1000,1000,1000,1000,0,-0.0137808343745518,0.00267481645909115,0.0845851233363463,0.00189232725694046,0.0830926210044225,0.982355025646899,0.0219771174610948,0.0856586238670335,0.937,0.00768316341099159,0.323219432503899,"09b_or_to_cor_CAT",1000
0.5,300,0.3,0.5,"CAT","bonett (r)","own",1000,1000,1000,1000,0,-0.000878923431162322,0.00188284239099877,0.0595407043067342,0.00133203680757241,0.0586856029488244,0.985638373481366,0.0220505720871107,0.0595174166128744,0.956,0.00648567652600714,0.231653853401735,"09b_or_to_cor_CAT",1000
0,25,0.5,0.5,"CAT","bonett (r)","own",1000,1000,1000,1000,0,0.00364408912010802,0.010502387235469,0.332114645331611,0.00743002517465228,0.293577632631501,0.883964729523955,0.0197759426938543,0.331968548045764,0.944,0.00727076337120113,1.05086404819029,"09b_or_to_cor_CAT",1000
0.1,25,0.5,0.5,"CAT","bonett (r)","own",1000,1000,1000,1000,0,0.00436966792338019,0.00962908269925395,0.304498331077646,0.0068121966235109,0.291926504642392,0.958712987388924,0.0214482008899468,0.304377411108649,0.957,0.00641490451994416,1.04427223878796,"09b_or_to_cor_CAT",1000
0.25,25,0.5,0.5,"CAT","bonett (r)","own",1000,1000,1000,1000,0,-0.00805297804851801,0.00892733446601821,0.282307103467406,0.00631573739740272,0.271247727591796,0.96082501736664,0.0214954509468913,0.282280806685361,0.967,0.00564898220921256,0.984933585410015,"09b_or_to_cor_CAT",1000
0.5,25,0.5,0.5,"CAT","bonett (r)","own",1000,1000,1000,1000,0,-0.0132905893081697,0.00623698731744652,0.197230856607147,0.00441242278956451,0.200122199115126,1.0146596864087,0.0226998330838253,0.197579732137052,0.971,0.00530650544143696,0.783638643796671,"09b_or_to_cor_CAT",1000
0.75,25,0.5,0.5,"CAT","bonett (r)","own",1000,1000,1000,1000,0,-0.0176795458045936,0.00266126497195875,0.0841565876861377,0.00188274011372338,0.10210700834943,1.21329786718823,0.0271437403447214,0.0859524011274865,0.977,0.00474035863622153,0.508440452962631,"09b_or_to_cor_CAT",1000
0,50,0.5,0.5,"CAT","bonett (r)","own",1000,1000,1000,1000,0,0.00687079527092997,0.00695722354850823,0.22000672604245,0.00492196154570677,0.214257360739018,0.973867320300369,0.0217872316331549,0.220004009899976,0.957,0.00641490451994416,0.797964759875693,"09b_or_to_cor_CAT",1000
0.1,50,0.5,0.5,"CAT","bonett (r)","own",1000,1000,1000,1000,0,0.000652135313187059,0.00679112078880328,0.214754095579377,0.00480445038767033,0.210968432450265,0.982372102758279,0.0219774995079851,0.214647682323883,0.956,0.00648567652600714,0.786716288636209,"09b_or_to_cor_CAT",1000
0.25,50,0.5,0.5,"CAT","bonett (r)","own",1000,1000,1000,1000,0,-0.0136489755706514,0.0062485748732689,0.197597287296277,0.00442062052875872,0.19520217589661,0.987878824489753,0.022100695162467,0.197969537538048,0.952,0.00675988165576884,0.733275754660842,"09b_or_to_cor_CAT",1000
0.5,50,0.5,0.5,"CAT","bonett (r)","own",1000,1000,1000,1000,0,-0.019439797031295,0.00449709236293684,0.14221054715029,0.00318151566117388,0.141615317794115,0.995814449996131,0.0222782299328176,0.143462613909276,0.951,0.00682634602111555,0.550080944688057,"09b_or_to_cor_CAT",1000
0.75,50,0.5,0.5,"CAT","bonett (r)","own",1000,1000,1000,1000,0,-0.00540357929875173,0.00204271879200654,0.0645964400196843,0.00144514306214935,0.064262502523923,0.994830404033728,0.0222562149859417,0.0647898605677721,0.96,0.00619677335393187,0.284216838825973,"09b_or_to_cor_CAT",1000
0,100,0.5,0.5,"CAT","bonett (r)","own",1000,1000,1000,1000,0,-0.00322147653477924,0.00497821933248408,0.157425117825327,0.00352189403570832,0.153604033185601,0.975727605019381,0.0218288496782745,0.157379360037014,0.948,0.00702111102319284,0.586141600304027,"09b_or_to_cor_CAT",1000
0.1,100,0.5,0.5,"CAT","bonett (r)","own",1000,1000,1000,1000,0,-0.0115246077894766,0.00489569405019231,0.154815439259424,0.00346351064998605,0.151499884589546,0.978583824160315,0.021892748637323,0.15516658466808,0.953,0.00669260786241059,0.578434081782851,"09b_or_to_cor_CAT",1000
0.25,100,0.5,0.5,"CAT","bonett (r)","own",1000,1000,1000,1000,0,-0.00524304393525474,0.00437813753680564,0.138448865257851,0.00309735980851057,0.138738699331529,1.0020934376973,0.0224187026200259,0.138478914324898,0.953,0.00669260786241059,0.531818498897394,"09b_or_to_cor_CAT",1000
0.5,100,0.5,0.5,"CAT","bonett (r)","own",1000,1000,1000,1000,0,-0.00624039257986582,0.00309099129339991,0.0977457271489349,0.00218675455491018,0.0975128806275819,0.997617834271178,0.0223185750086867,0.0978959419396381,0.943,0.00733150734842434,0.380427801130109,"09b_or_to_cor_CAT",1000
0.75,100,0.5,0.5,"CAT","bonett (r)","own",1000,1000,1000,1000,0,-0.00240724079046991,0.00133758236171696,0.0422980682109279,0.00094628682012067,0.0426450110356765,1.00820233262234,0.022555370014013,0.0423453923824687,0.962,0.00604615580348373,0.177111457741829,"09b_or_to_cor_CAT",1000
0,300,0.5,0.5,"CAT","bonett (r)","own",1000,1000,1000,1000,0,-0.00232913000400446,0.00282579963104878,0.089359630453776,0.00199914190235798,0.0897843225286094,1.0047526167317,0.0224781934237206,0.0893453035019531,0.949,0.00695693898205238,0.348691823979257,"09b_or_to_cor_CAT",1000
0.1,300,0.5,0.5,"CAT","bonett (r)","own",1000,1000,1000,1000,0,0.00239354085421237,0.00275813079628636,0.0872197540091879,0.00195126886791814,0.0882444777371635,1.01174875737287,0.0226347101622023,0.0872089860149435,0.959,0.00627048642451286,0.342798881020998,"09b_or_to_cor_CAT",1000
0.25,300,0.5,0.5,"CAT","bonett (r)","own",1000,1000,1000,1000,0,-0.000826690815700895,0.00249774772784036,0.078985718404859,0.00176705810609503,0.0805743368482053,1.02011273019261,0.0228218278623227,0.078950543924184,0.947,0.00708456067798138,0.313448107351229,"09b_or_to_cor_CAT",1000
0.5,300,0.5,0.5,"CAT","bonett (r)","own",1000,1000,1000,1000,0,-0.0048791561860078,0.0017946851082103,0.0567529262473029,0.00126966900339974,0.0560191141078202,0.987070056330045,0.0220826015075453,0.0569339960663366,0.944,0.00727076337120113,0.219204907252869,"09b_or_to_cor_CAT",1000
0.75,300,0.5,0.5,"CAT","bonett (r)","own",1000,1000,1000,1000,0,-0.00205771518263289,0.000762175158170583,0.0241020947581814,0.000539208894676521,0.0237811342848952,0.986683295518235,0.0220739489455197,0.0241777635966079,0.943,0.00733150734842434,0.0948887980763415,"09b_or_to_cor_CAT",1000
0,25,0.3,0.1,"CAT","bonett (z)","own",1000,1000,1000,1000,0,0.0661040509432419,0.0117313221104828,0.370976978342191,0.00829944817864545,0.474629145121914,1.27940323208982,0.0286226408759159,0.376637810226946,0.986,0.00371537346709587,1.88449745753839,"09b_or_to_cor_CAT",1000
0.1,25,0.3,0.1,"CAT","bonett (z)","own",1000,1000,1000,1000,0,0.0287268421091632,0.0122423035120776,0.38713562905244,0.00866094738758785,0.470354656247374,1.21496091020768,0.0271809457244742,0.388006897804809,0.994,0.00244213021765835,1.86256772619017,"09b_or_to_cor_CAT",1000
0.25,25,0.3,0.1,"CAT","bonett (z)","own",1000,1000,1000,1000,0,-0.0390960992763729,0.0123832302670645,0.39159212434259,0.00876064751422174,0.479722706275352,1.22505708479382,0.0274068160147404,0.393344063682069,1,0,1.89056377729463,"09b_or_to_cor_CAT",1000
0.5,25,0.3,0.1,"CAT","bonett (z)","own",1000,1000,1000,1000,0,-0.642518317325217,0.0108338562441316,0.34259661574293,0.00766452643839,0.545115215630925,1.59112843087731,0.0355965160335498,0.72806926646839,0.878,0.0103496859855746,2.13695991353677,"09b_or_to_cor_CAT",1000
0,50,0.3,0.1,"CAT","bonett (z)","own",1000,1000,1000,1000,0,-0.0137673148686304,0.0104625779009368,0.330855763639037,0.00740186163895999,0.377779095216078,1.14182413224705,0.0255447393449035,0.330976751080086,0.987,0.00358203852575597,1.4723527434061,"09b_or_to_cor_CAT",1000
0.1,50,0.3,0.1,"CAT","bonett (z)","own",1000,1000,1000,1000,0,-0.0119971489303664,0.0104790609181839,0.331377002411164,0.00741352272423084,0.361600846597894,1.09120682475493,0.0244123355975047,0.331428481865604,0.992,0.00281709069786544,1.40716257523231,"09b_or_to_cor_CAT",1000
0.25,50,0.3,0.1,"CAT","bonett (z)","own",1000,1000,1000,1000,0,0.00882670179139926,0.010797722484076,0.341453965920914,0.00763896322682216,0.380564566884948,1.11454135803797,0.0249343727077883,0.341397320869382,0.984,0.00396787096564392,1.47527552098729,"09b_or_to_cor_CAT",1000
0.5,50,0.3,0.1,"CAT","bonett (z)","own",1000,1000,1000,1000,0,-0.4331597411824,0.00802652482979825,0.253821001580578,0.00567845007170978,0.51994590031672,2.04847470098592,0.0458282066506478,0.501984100469057,0.978,0.00463853425124791,2.03536480954638,"09b_or_to_cor_CAT",1000
0,100,0.3,0.1,"CAT","bonett (z)","own",1000,1000,1000,1000,0,-0.0284167865997169,0.00834683152572947,0.263949988670034,0.00590505443898556,0.26959438282427,1.02138433186785,0.0228502759677947,0.265344004422648,0.975,0.00493710441453288,1.03303138855626,"09b_or_to_cor_CAT",1000
0.1,100,0.3,0.1,"CAT","bonett (z)","own",1000,1000,1000,1000,0,-0.0142808068307973,0.00749716555793235,0.237081191584333,0.00530394924363937,0.239346622223502,1.00955550553812,0.0225856430205522,0.237392555391661,0.977,0.00474035863622153,0.927845662035591,"09b_or_to_cor_CAT",1000
0.25,100,0.3,0.1,"CAT","bonett (z)","own",1000,1000,1000,1000,0,0.0159830603618669,0.00849726150940753,0.268707002438081,0.00601147772549092,0.265352426188096,0.987515858464621,0.0220925749342802,0.269047780003163,0.979,0.00453420334788814,1.01263090493046,"09b_or_to_cor_CAT",1000
0.5,100,0.3,0.1,"CAT","bonett (z)","own",1000,1000,1000,1000,0,-0.225401459210272,0.00625379875673564,0.197762480996139,0.00442431622049024,0.499398460358777,2.52524370569829,0.0564944201323502,0.299794440750622,0.991,0.00298646948753876,1.9415347364319,"09b_or_to_cor_CAT",1000
0,300,0.3,0.1,"CAT","bonett (z)","own",1000,1000,1000,1000,0,-0.00683056508068484,0.00451436266091271,0.142756681925025,0.00319373371654144,0.1382557831548,0.968471536956923,0.0216665178777024,0.142848687019973,0.956,0.00648567652600714,0.538504850309333,"09b_or_to_cor_CAT",1000
0.1,300,0.3,0.1,"CAT","bonett (z)","own",1000,1000,1000,1000,0,-0.00585433410769671,0.00400326396420171,0.126594322017522,0.00283215152592579,0.127077875870927,1.00381971201946,0.0224573226021686,0.126666370724646,0.959,0.00627048642451286,0.497840135529223,"09b_or_to_cor_CAT",1000
0.25,300,0.3,0.1,"CAT","bonett (z)","own",1000,1000,1000,1000,0,-0.0119492556126458,0.00424740186895772,0.134314640439624,0.00300486947449828,0.135057968734295,1.00553423135585,0.0224956796033152,0.13477821383104,0.96,0.00619677335393187,0.52752519046355,"09b_or_to_cor_CAT",1000
0.5,300,0.3,0.1,"CAT","bonett (z)","own",1000,1000,1000,1000,0,0.103225911518703,0.00595783970351563,0.188403433972917,0.00421493685113462,0.472100654464704,2.50579644176002,0.0560593485006999,0.214746238355231,0.996,0.00199599599197994,1.80981625647641,"09b_or_to_cor_CAT",1000
0,25,0.5,0.1,"CAT","bonett (z)","own",1000,1000,1000,1000,0,0.0125906380722157,0.0113158726116929,0.357839311652678,0.00800553402697711,0.443136791223651,1.23836810767668,0.0277046084683711,0.35788189135267,0.99,0.00314642654451046,1.74794403943495,"09b_or_to_cor_CAT",1000
0.1,25,0.5,0.1,"CAT","bonett (z)","own",1000,1000,1000,1000,0,-0.0626482854952705,0.0109261440686495,0.345515013000715,0.00772981643809274,0.448196466968445,1.29718376945756,0.0290204247198931,0.350978704852833,0.991,0.00298646948753876,1.77136717700129,"09b_or_to_cor_CAT",1000
0.25,25,0.5,0.1,"CAT","bonett (z)","own",1000,1000,1000,1000,0,-0.22115956968275,0.00977480826634788,0.309106578131011,0.00691529172063716,0.474526010419895,1.53515338718794,0.0343442497164502,0.379951161374035,0.972,0.0052168956286282,1.87753633493481,"09b_or_to_cor_CAT",1000
0,50,0.5,0.1,"CAT","bonett (z)","own",1000,1000,1000,1000,0,-0.00433734530607862,0.00986807961531699,0.312056077162799,0.00698127752513824,0.337545854396764,1.08168332264418,0.0241992770605555,0.311930166645108,0.993,0.00263647491928143,1.3114282081191,"09b_or_to_cor_CAT",1000
0.1,50,0.5,0.1,"CAT","bonett (z)","own",1000,1000,1000,1000,0,-0.00136549077101331,0.00983141914957072,0.310896771444391,0.00695534169004645,0.35247082463163,1.13372301357164,0.0253635021831367,0.310744284351454,0.99,0.00314642654451046,1.36960815422449,"09b_or_to_cor_CAT",1000
0.25,50,0.5,0.1,"CAT","bonett (z)","own",1000,1000,1000,1000,0,-0.069253569974871,0.00876161684800451,0.277066652253995,0.00619849871193825,0.412883234949207,1.49019462136751,0.0333384381192726,0.285456162686514,0.971,0.00530650544143696,1.61048549582692,"09b_or_to_cor_CAT",1000
0,100,0.5,0.1,"CAT","bonett (z)","own",1000,1000,1000,1000,0,0.0146406509842576,0.0074531893714912,0.23569054246471,0.00527283782439561,0.225772351160395,0.957918585953443,0.0214304286454903,0.236027181563363,0.971,0.00530650544143696,0.872910116554029,"09b_or_to_cor_CAT",1000
0.1,100,0.5,0.1,"CAT","bonett (z)","own",1000,1000,1000,1000,0,0.00218630685502866,0.00741901812821923,0.234609952872519,0.00524866301612893,0.239998448941266,1.02296789203856,0.0228857031677068,0.234502810419242,0.973,0.00512552436341883,0.923579745676028,"09b_or_to_cor_CAT",1000
0.25,100,0.5,0.1,"CAT","bonett (z)","own",1000,1000,1000,1000,0,0.0291666132504652,0.00793405206180942,0.250896755896728,0.00561302923178813,0.349655868488329,1.39362450996477,0.0311779842852512,0.252461728319136,0.968,0.00556560868189635,1.33124104523828,"09b_or_to_cor_CAT",1000
0,300,0.5,0.1,"CAT","bonett (z)","own",1000,1000,1000,1000,0,-0.0021743417508466,0.00385351261452563,0.121858768540914,0.00272620834623863,0.118607142127881,0.973316434656557,0.0217749072919691,0.121817230607527,0.958,0.00634318531969546,0.464485716782673,"09b_or_to_cor_CAT",1000
0.1,300,0.5,0.1,"CAT","bonett (z)","own",1000,1000,1000,1000,0,-0.00569810270787966,0.00395090026999543,0.124938436613598,0.00279510627540632,0.124911320818121,0.999782966745773,0.0223670130677089,0.125005886681292,0.955,0.00655553201502365,0.488147157426461,"09b_or_to_cor_CAT",1000
0.25,300,0.5,0.1,"CAT","bonett (z)","own",1000,1000,1000,1000,0,0.0464727445585528,0.00652065272132328,0.206201144303568,0.00461310488638001,0.208918451269172,1.01317794319125,0.0226666837194034,0.211272594027226,0.967,0.00564898220921256,0.776201175373893,"09b_or_to_cor_CAT",1000
0,25,0.3,0.3,"CAT","bonett (z)","own",1000,1000,1000,1000,0,0.010556059820747,0.0129735938459763,0.410261059912289,0.0091783064859552,0.402010683753085,0.979889936030079,0.021921968800329,0.4101917277835,0.965,0.00581162627841812,1.57319783389564,"09b_or_to_cor_CAT",1000
0.1,25,0.3,0.3,"CAT","bonett (z)","own",1000,1000,1000,1000,0,0.00176032172446769,0.0130641689692397,0.413125296800916,0.00924238481700086,0.391645135297154,0.948005697859473,0.0212086588165261,0.412922434699983,0.97,0.00539444158370447,1.53439369329585,"09b_or_to_cor_CAT",1000
0.25,25,0.3,0.3,"CAT","bonett (z)","own",1000,1000,1000,1000,0,0.0344664377097374,0.012903630412644,0.408048621889733,0.0091288101134344,0.398715159617043,0.977126592832332,0.0218601476496689,0.40929831355221,0.971,0.00530650544143696,1.55821730799392,"09b_or_to_cor_CAT",1000
0.5,25,0.3,0.3,"CAT","bonett (z)","own",1000,1000,1000,1000,0,0.0431398363810848,0.0137732071911911,0.43554705409574,0.00974400142289954,0.468839907425679,1.0764391654515,0.0240819554654102,0.437461518968392,0.971,0.00530650544143696,1.80275333603608,"09b_or_to_cor_CAT",1000
0.75,25,0.3,0.3,"CAT","bonett (z)","own",1000,1000,1000,1000,0,-0.0508700283008195,0.0146732693508593,0.464009518698557,0.0103807599383827,0.628764601422199,1.35506832529157,0.0303154103916054,0.466558987041027,0.954,0.00662449998113065,2.39248755933337,"09b_or_to_cor_CAT",1000
0,50,0.3,0.3,"CAT","bonett (z)","own",1000,1000,1000,1000,0,-0.0160439326144199,0.00846969471894548,0.267835263981674,0.00599197530737157,0.269746787259719,1.00713693652444,0.0225315351126028,0.268181656116217,0.979,0.00453420334788814,1.05357530311524,"09b_or_to_cor_CAT",1000
0.1,50,0.3,0.3,"CAT","bonett (z)","own",1000,1000,1000,1000,0,-0.00287177622974556,0.00847631432652957,0.268044594353497,0.00599665841892454,0.26004702313126,0.970163281070725,0.0217043653545641,0.267925929607946,0.967,0.00564898220921256,1.0185919323246,"09b_or_to_cor_CAT",1000
0.25,50,0.3,0.3,"CAT","bonett (z)","own",1000,1000,1000,1000,0,0.00631753291218772,0.00807603718140808,0.25538671961456,0.00571347810968527,0.260700105110264,1.02080525370984,0.0228373209073882,0.255337160243132,0.969,0.00548078461536303,1.02296925227566,"09b_or_to_cor_CAT",1000
0.5,50,0.3,0.3,"CAT","bonett (z)","own",1000,1000,1000,1000,0,0.0421736701294576,0.010826184850091,0.342354024962961,0.00765909922935949,0.317175528955613,0.92645479774899,0.020726524913044,0.34477193995759,0.953,0.00669260786241059,1.22141149743123,"09b_or_to_cor_CAT",1000
0.75,50,0.3,0.3,"CAT","bonett (z)","own",1000,1000,1000,1000,0,0.0725711668901636,0.0134284499756408,0.424644873686576,0.00950009927634466,0.48512059524269,1.14241481601106,0.0255579540444013,0.430592057222773,0.962,0.00604615580348373,1.83144571923439,"09b_or_to_cor_CAT",1000
0,100,0.3,0.3,"CAT","bonett (z)","own",1000,1000,1000,1000,0,-0.0113314908414955,0.00608932739770864,0.192561439952253,0.00430795921415621,0.183643713230481,0.95368892793914,0.0213358032925642,0.192798420462979,0.953,0.00669260786241059,0.71851628163843,"09b_or_to_cor_CAT",1000
0.1,100,0.3,0.3,"CAT","bonett (z)","own",1000,1000,1000,1000,0,0.00424175771439354,0.00566171704222322,0.179039213208171,0.00400544173551395,0.177325110891443,0.990426106739341,0.0221576826260053,0.178999936689492,0.952,0.00675988165576884,0.69637988265967,"09b_or_to_cor_CAT",1000
0.25,100,0.3,0.3,"CAT","bonett (z)","own",1000,1000,1000,1000,0,-0.000365749145500196,0.00552876965792511,0.174835047774734,0.00391138669925486,0.179341275258301,1.02577416565455,0.0229484847520389,0.174747991144106,0.965,0.00581162627841812,0.70422226034435,"09b_or_to_cor_CAT",1000
0.5,100,0.3,0.3,"CAT","bonett (z)","own",1000,1000,1000,1000,0,0.0225474450953101,0.00722274803484242,0.228403347556072,0.00510980965811371,0.21214070992069,0.928798602080951,0.0207789601953651,0.229399887458497,0.943,0.00733150734842434,0.82712196164461,"09b_or_to_cor_CAT",1000
0.75,100,0.3,0.3,"CAT","bonett (z)","own",1000,1000,1000,1000,0,0.0331900960649265,0.0103985556538593,0.32883120242217,0.0073565684216316,0.321214667829594,0.976837555145397,0.0218536813365432,0.330338329903635,0.95,0.00689202437604511,1.22412584971253,"09b_or_to_cor_CAT",1000
0,300,0.3,0.3,"CAT","bonett (z)","own",1000,1000,1000,1000,0,0.00543651154002377,0.00315233056026694,0.099685445081982,0.00223014966944924,0.103114439243125,1.03439814266088,0.023141419231633,0.0997837984392079,0.959,0.00627048642451286,0.404444674499384,"09b_or_to_cor_CAT",1000
0.1,300,0.3,0.3,"CAT","bonett (z)","own",1000,1000,1000,1000,0,0.00322096733442777,0.00318713783355412,0.100786147709256,0.00225477444389208,0.100944472493391,1.00157089826066,0.0224070124364597,0.100787223163809,0.951,0.00682634602111555,0.39602032982031,"09b_or_to_cor_CAT",1000
0.25,300,0.3,0.3,"CAT","bonett (z)","own",1000,1000,1000,1000,0,-0.000808415384597958,0.00328238372438219,0.103798087237141,0.00232215715896135,0.102556326246685,0.988036764226508,0.0221042285694897,0.103749324848931,0.943,0.00733150734842434,0.402264638312746,"09b_or_to_cor_CAT",1000
0.5,300,0.3,0.3,"CAT","bonett (z)","own",1000,1000,1000,1000,0,-0.00815169385817088,0.00380149514772181,0.120213831808792,0.00268940803796502,0.118053092190642,0.98202586519672,0.0219697535267857,0.120429913665798,0.935,0.0077958322198467,0.462355400197721,"09b_or_to_cor_CAT",1000
0.75,300,0.3,0.3,"CAT","bonett (z)","own",1000,1000,1000,1000,0,-0.0112434761218636,0.00533308077616203,0.168646821983306,0.00377294452555659,0.169384468990805,1.00437391584866,0.0224697211773616,0.168937043213757,0.953,0.00669260786241059,0.660706741284215,"09b_or_to_cor_CAT",1000
0,25,0.5,0.3,"CAT","bonett (z)","own",1000,1000,1000,1000,0,-0.00325926888355745,0.0116667748263699,0.368935813996444,0.00825378351830094,0.355374133534664,0.96324108436404,0.0215495028800616,0.368765703459561,0.975,0.00493710441453288,1.39441593828236,"09b_or_to_cor_CAT",1000
0.1,25,0.5,0.3,"CAT","bonett (z)","own",1000,1000,1000,1000,0,0.0183280167583597,0.0120001542577826,0.379478197279603,0.0084896363308636,0.363073184937589,0.956769552349467,0.0214047226167919,0.379730976754151,0.964,0.00589101010014412,1.42237993794408,"09b_or_to_cor_CAT",1000
0.25,25,0.5,0.3,"CAT","bonett (z)","own",1000,1000,1000,1000,0,0.02228691773589,0.0116329697079298,0.36786680228802,0.0082298677289275,0.390782098605013,1.06229237369196,0.023765465300368,0.368357658999448,0.971,0.00530650544143696,1.52135498494163,"09b_or_to_cor_CAT",1000
0.5,25,0.5,0.3,"CAT","bonett (z)","own",1000,1000,1000,1000,0,-0.0146083346303787,0.0116441790954574,0.368221274245646,0.00823779792895296,0.50934917957775,1.38326928725459,0.0309463186044168,0.368326924539807,0.973,0.00512552436341883,1.96512026544648,"09b_or_to_cor_CAT",1000
0,50,0.5,0.3,"CAT","bonett (z)","own",1000,1000,1000,1000,0,0.00118179682282823,0.00811606946675858,0.256652651631054,0.00574179937429724,0.236766839946679,0.922518580821205,0.02063846438552,0.256527015437735,0.944,0.00727076337120113,0.929027969225976,"09b_or_to_cor_CAT",1000
0.1,50,0.5,0.3,"CAT","bonett (z)","own",1000,1000,1000,1000,0,0.000773540794069056,0.00757920738661294,0.239675582004693,0.00536199060497983,0.2377703771831,0.992050901449128,0.0221940323196038,0.239556963142462,0.971,0.00530650544143696,0.934498149328835,"09b_or_to_cor_CAT",1000
0.25,50,0.5,0.3,"CAT","bonett (z)","own",1000,1000,1000,1000,0,0.0291935458981449,0.00868125522152951,0.274525394492629,0.00614164602745822,0.26580885532504,0.968248696322982,0.0216615325163418,0.275936752085001,0.956,0.00648567652600714,1.03079079616013,"09b_or_to_cor_CAT",1000
0.5,50,0.5,0.3,"CAT","bonett (z)","own",1000,1000,1000,1000,0,0.0765681036083384,0.0104199185746761,0.329506757294718,0.00737168184640959,0.407902500344431,1.23791846848104,0.0276945491994107,0.338125424790793,0.97,0.00539444158370447,1.53823902500803,"09b_or_to_cor_CAT",1000
0,100,0.5,0.3,"CAT","bonett (z)","own",1000,1000,1000,1000,0,-0.00411204189870603,0.00539809730613275,0.170702825185987,0.00381894115885721,0.16153944993962,0.946319721209162,0.0211709403685992,0.170666997279872,0.951,0.00682634602111555,0.634740258868606,"09b_or_to_cor_CAT",1000
0.1,100,0.5,0.3,"CAT","bonett (z)","own",1000,1000,1000,1000,0,-0.00667964561395779,0.0052412382937844,0.165742507680534,0.00370796958787158,0.163428251973164,0.986037041795995,0.0220594910422235,0.165794227700809,0.96,0.00619677335393187,0.641920541130804,"09b_or_to_cor_CAT",1000
0.25,100,0.5,0.3,"CAT","bonett (z)","own",1000,1000,1000,1000,0,0.00804631194861378,0.00555295636193884,0.175599898512491,0.00392849783938754,0.176885607619204,1.00732181007851,0.0225356710794447,0.175696420479228,0.956,0.00648567652600714,0.692411563148717,"09b_or_to_cor_CAT",1000
0.5,100,0.5,0.3,"CAT","bonett (z)","own",1000,1000,1000,1000,0,0.0680215642743637,0.00908156589498053,0.28718432949044,0.00642485005666961,0.289303075266021,1.0073776510694,0.0225369203467504,0.294990334540134,0.965,0.00581162627841812,1.07881264925859,"09b_or_to_cor_CAT",1000
0,300,0.5,0.3,"CAT","bonett (z)","own",1000,1000,1000,1000,0,0.0045868625842154,0.00295392380776539,0.0934112726713602,0.00208978470928772,0.0916572419707678,0.981222494347514,0.0219517806197848,0.0934771603365635,0.949,0.00695693898205238,0.359619523163817,"09b_or_to_cor_CAT",1000
0.1,300,0.5,0.3,"CAT","bonett (z)","own",1000,1000,1000,1000,0,-0.00477337065442779,0.00289210814437196,0.0914564897573848,0.00204605256297627,0.0927601755958085,1.01425471108592,0.0226907730291555,0.0915352953599235,0.956,0.00648567652600714,0.363910443674925,"09b_or_to_cor_CAT",1000
0.25,300,0.5,0.3,"CAT","bonett (z)","own",1000,1000,1000,1000,0,-0.0167451331154264,0.00312438486245248,0.0988017245230174,0.00221037918930704,0.0991051882979621,1.00307144208676,0.0224405824056265,0.100161961197886,0.94,0.00750999334220744,0.388508216838283,"09b_or_to_cor_CAT",1000
0.5,300,0.5,0.3,"CAT","bonett (z)","own",1000,1000,1000,1000,0,0.0186269573403754,0.00466295358665923,0.147455539574945,0.00329885594201918,0.145440086057151,0.986331788391241,0.0220660850742953,0.148554220926054,0.961,0.00612200947402077,0.563988640709418,"09b_or_to_cor_CAT",1000
0,25,0.3,0.5,"CAT","bonett (z)","own",1000,1000,1000,1000,0,-0.0024639841976675,0.0110967451293426,0.350909892231023,0.00785050996684507,0.352876844917902,1.00560529278435,0.0224972693802495,0.350743048300674,0.975,0.00493710441453288,1.38571314774979,"09b_or_to_cor_CAT",1000
0.1,25,0.3,0.5,"CAT","bonett (z)","own",1000,1000,1000,1000,0,-0.00491082232500844,0.0119687362614787,0.378484673001213,0.0084674093363488,0.365620963609466,0.966012601541449,0.0216115068979199,0.378327256783127,0.971,0.00530650544143696,1.43151816630436,"09b_or_to_cor_CAT",1000
0.25,25,0.3,0.5,"CAT","bonett (z)","own",1000,1000,1000,1000,0,0.0264723793518766,0.0118497509361996,0.374722026641033,0.00838323190674002,0.393326415879149,1.04964850720115,0.0234825983818137,0.375468996751081,0.975,0.00493710441453288,1.5295592327217,"09b_or_to_cor_CAT",1000
0.5,25,0.3,0.5,"CAT","bonett (z)","own",1000,1000,1000,1000,0,-0.00813240601840676,0.0113869035667009,0.360085507674698,0.00805578562902299,0.509862493665375,1.41594838669816,0.0316774111200999,0.359997287895556,0.977,0.00474035863622153,1.96773750112283,"09b_or_to_cor_CAT",1000
0,50,0.3,0.5,"CAT","bonett (z)","own",1000,1000,1000,1000,0,-9.9226387386242e-05,0.00776281969560179,0.245481913033166,0.00549188907925774,0.235650926552263,0.959952298075929,0.0214759265856759,0.24535916144027,0.956,0.00648567652600714,0.926206561716955,"09b_or_to_cor_CAT",1000
0.1,50,0.3,0.5,"CAT","bonett (z)","own",1000,1000,1000,1000,0,0.00351804311004973,0.0079941595093081,0.252797520281076,0.00565555288265782,0.241435996746305,0.955056823650253,0.0213664056755447,0.252695580296382,0.959,0.00627048642451286,0.945500630034044,"09b_or_to_cor_CAT",1000
0.25,50,0.3,0.5,"CAT","bonett (z)","own",1000,1000,1000,1000,0,0.0224253993112245,0.00822632800341971,0.260139332704317,0.0058198029447946,0.262420162330371,1.00876772305957,0.0225680188545299,0.26097451692013,0.973,0.00512552436341883,1.02028204761308,"09b_or_to_cor_CAT",1000
0.5,50,0.3,0.5,"CAT","bonett (z)","own",1000,1000,1000,1000,0,0.0605270435767579,0.010364725765943,0.327761407434133,0.00733263510882964,0.401994251072901,1.22648439369326,0.0274387475817577,0.333142065292186,0.968,0.00556560868189635,1.51680993428982,"09b_or_to_cor_CAT",1000
0,100,0.3,0.5,"CAT","bonett (z)","own",1000,1000,1000,1000,0,0.00905763126142215,0.00529056431802492,0.167302333525742,0.00374286580657459,0.161506252082463,0.965355644950482,0.0215968095514519,0.167463791359276,0.951,0.00682634602111555,0.634655720159889,"09b_or_to_cor_CAT",1000
0.1,100,0.3,0.5,"CAT","bonett (z)","own",1000,1000,1000,1000,0,-0.0133704212223042,0.00536457222382121,0.169642668997496,0.00379522348401127,0.163253088523107,0.962335062799071,0.0215292334847455,0.170084169378315,0.945,0.00720936890441875,0.641249164788314,"09b_or_to_cor_CAT",1000
0.25,100,0.3,0.5,"CAT","bonett (z)","own",1000,1000,1000,1000,0,-0.00891753670486581,0.00562781115842895,0.177967015019462,0.00398145465862257,0.175721245208346,0.987380977250924,0.0220895573895033,0.178101399874861,0.951,0.00682634602111555,0.687946770435683,"09b_or_to_cor_CAT",1000
0.5,100,0.3,0.5,"CAT","bonett (z)","own",1000,1000,1000,1000,0,0.0613631043641486,0.00924836385794367,0.292458944210839,0.00654285304362017,0.286483188875622,0.979567199247944,0.0219147485754767,0.298684000897395,0.965,0.00581162627841812,1.06926907688869,"09b_or_to_cor_CAT",1000
0,300,0.3,0.5,"CAT","bonett (z)","own",1000,1000,1000,1000,0,-0.000105958143017983,0.00281924826267159,0.089152457995149,0.00199450706735527,0.0916401490151736,1.02790378499895,0.022996128315982,0.0891079336138949,0.956,0.00648567652600714,0.359555961492771,"09b_or_to_cor_CAT",1000
0.1,300,0.3,0.5,"CAT","bonett (z)","own",1000,1000,1000,1000,0,-0.00746768575031376,0.00310144949645928,0.0980764445679365,0.00219415332152111,0.092770200830217,0.945896858709596,0.0211614801443623,0.0983114251782258,0.939,0.00756828910652864,0.363945606308302,"09b_or_to_cor_CAT",1000
0.25,300,0.3,0.5,"CAT","bonett (z)","own",1000,1000,1000,1000,0,-0.0124634734005337,0.00317825189456822,0.100505149645809,0.00224848799216588,0.0991589244875401,0.986605411135518,0.0220722065263508,0.101225105529345,0.937,0.00768316341099159,0.388723081624526,"09b_or_to_cor_CAT",1000
0.5,300,0.3,0.5,"CAT","bonett (z)","own",1000,1000,1000,1000,0,0.0145556829705123,0.00477938566830728,0.15113744528217,0.00338122705235689,0.145319016284795,0.961502399445003,0.0215106052496776,0.151761499550422,0.956,0.00648567652600714,0.563431568292046,"09b_or_to_cor_CAT",1000
0,25,0.5,0.5,"CAT","bonett (z)","own",1000,1000,1000,1000,0,0.00384579771075611,0.0118581573063213,0.374987859405423,0.00838917908238983,0.334240295028348,0.891336310349662,0.0199408587307768,0.374820048779133,0.944,0.00727076337120113,1.31668950173369,"09b_or_to_cor_CAT",1000
0.1,25,0.5,0.5,"CAT","bonett (z)","own",1000,1000,1000,1000,0,0.0240537572997303,0.0111058003720218,0.351196244147341,0.00785691619426369,0.334894416384177,0.953581998569652,0.0213334110827704,0.351843781160801,0.957,0.00641490451994416,1.31982029303227,"09b_or_to_cor_CAT",1000
0.25,25,0.5,0.5,"CAT","bonett (z)","own",1000,1000,1000,1000,0,0.0406815946064243,0.0118909385409623,0.376024493065203,0.00841237051431649,0.35865683517375,0.953812429212047,0.0213385662468021,0.378031767322905,0.967,0.00564898220921256,1.40067451568316,"09b_or_to_cor_CAT",1000
0.5,25,0.5,0.5,"CAT","bonett (z)","own",1000,1000,1000,1000,0,0.0859489650561941,0.0134116466708652,0.424113506533487,0.00948821160026675,0.447544826783656,1.05524775770922,0.0236078640779188,0.432527015054478,0.971,0.00530650544143696,1.71397187746782,"09b_or_to_cor_CAT",1000
0.75,25,0.5,0.5,"CAT","bonett (z)","own",1000,1000,1000,1000,0,0.0648362227463426,0.0142737546556003,0.451375754741293,0.0100981190323806,0.628137454832732,1.39160654562129,0.0311328386523066,0.455785111292939,0.977,0.00474035863622153,2.38502018826989,"09b_or_to_cor_CAT",1000
0,50,0.5,0.5,"CAT","bonett (z)","own",1000,1000,1000,1000,0,0.0074354270209811,0.00730960479406112,0.231149999449192,0.00517125739310144,0.225410038958173,0.975167810924956,0.021816326038403,0.23115401250703,0.957,0.00641490451994416,0.888082253901641,"09b_or_to_cor_CAT",1000
0.1,50,0.5,0.5,"CAT","bonett (z)","own",1000,1000,1000,1000,0,0.00898945152237922,0.00735747272010389,0.232663716180828,0.00520512206477866,0.227569803578933,0.97810611518843,0.0218820613950194,0.232721040434506,0.956,0.00648567652600714,0.896087458269214,"09b_or_to_cor_CAT",1000
0.25,50,0.5,0.5,"CAT","bonett (z)","own",1000,1000,1000,1000,0,0.00497493701673704,0.00763276119027239,0.241369101973986,0.00539987781104706,0.238445583972991,0.987887770319045,0.0221008952973836,0.241299677460748,0.952,0.00675988165576884,0.936325821452481,"09b_or_to_cor_CAT",1000
0.5,50,0.5,0.5,"CAT","bonett (z)","own",1000,1000,1000,1000,0,0.0178579817612264,0.00933983944036338,0.295351656118207,0.00660756841404082,0.28869844564356,0.977473596857083,0.0218679107780821,0.295743597874206,0.951,0.00682634602111555,1.11868621717238,"09b_or_to_cor_CAT",1000
0.75,50,0.5,0.5,"CAT","bonett (z)","own",1000,1000,1000,1000,0,0.128341755328067,0.014330061533717,0.453156334569115,0.0101379539301551,0.465040481178592,1.02622526863886,0.0229585767686871,0.47076206204116,0.96,0.00619677335393187,1.74811203428197,"09b_or_to_cor_CAT",1000
0,100,0.5,0.5,"CAT","bonett (z)","own",1000,1000,1000,1000,0,-0.00318833448786902,0.00511240182283946,0.161668340741693,0.00361682286083972,0.157536181951257,0.974440519575577,0.0218000551719683,0.161618938316587,0.948,0.00702111102319284,0.619233515663557,"09b_or_to_cor_CAT",1000
0.1,100,0.5,0.5,"CAT","bonett (z)","own",1000,1000,1000,1000,0,-0.00782455227883331,0.00515357235293745,0.162970267217555,0.00364594938876365,0.158731137991343,0.973988327450226,0.0217899387892,0.163076584178503,0.953,0.00669260786241059,0.62379793940548,"09b_or_to_cor_CAT",1000
0.25,100,0.5,0.5,"CAT","bonett (z)","own",1000,1000,1000,1000,0,0.00423029727988728,0.00526737263991664,0.166568948269905,0.00372645860806595,0.165869034506893,0.995798053777237,0.0222778631187644,0.166539378911688,0.953,0.00669260786241059,0.651171102297504,"09b_or_to_cor_CAT",1000
0.5,100,0.5,0.5,"CAT","bonett (z)","own",1000,1000,1000,1000,0,0.015057571073321,0.00637569919897983,0.201617311448873,0.00451055598049611,0.19740328254635,0.979098873642147,0.0219042712566053,0.202078255094961,0.943,0.00733150734842434,0.771199995535825,"09b_or_to_cor_CAT",1000
0.75,100,0.5,0.5,"CAT","bonett (z)","own",1000,1000,1000,1000,0,0.062792689086707,0.00981704813331672,0.310442320007852,0.00694517476226532,0.299717874137756,0.965454304458799,0.0215990167489989,0.31657697550603,0.962,0.00604615580348373,1.14871923357346,"09b_or_to_cor_CAT",1000
0,300,0.5,0.5,"CAT","bonett (z)","own",1000,1000,1000,1000,0,-0.00235418484064163,0.00284915381377344,0.0900981545567928,0.00201566406648002,0.0905083139611264,1.00455236188079,0.022473713348528,0.0900838607262649,0.949,0.00695693898205238,0.355127500049467,"09b_or_to_cor_CAT",1000
0.1,300,0.5,0.5,"CAT","bonett (z)","own",1000,1000,1000,1000,0,0.00376576322050062,0.00285405911749614,0.0902532738805793,0.00201913437559468,0.0912498167721048,1.01104162595635,0.0226188903111346,0.0902867031480803,0.959,0.00627048642451286,0.358015134152913,"09b_or_to_cor_CAT",1000
0.25,300,0.5,0.5,"CAT","bonett (z)","own",1000,1000,1000,1000,0,0.00230973748753366,0.00294120598152328,0.0930090996932469,0.00208078734830425,0.0950714715953241,1.02217387232947,0.0228679394631831,0.0929912728183883,0.947,0.00708456067798138,0.372895542644055,"09b_or_to_cor_CAT",1000
0.5,300,0.5,0.5,"CAT","bonett (z)","own",1000,1000,1000,1000,0,-0.000838286179007404,0.00357144076039118,0.112938873311998,0.0025266536230799,0.111480911397703,0.987090698963618,0.0220830633218292,0.112885502344617,0.944,0.00727076337120113,0.436668134874316,"09b_or_to_cor_CAT",1000
0.75,300,0.5,0.5,"CAT","bonett (z)","own",1000,1000,1000,1000,0,0.00985787717897633,0.00512461733818102,0.162054629254414,0.00362546485665212,0.159939971413833,0.986950956906881,0.022079937030911,0.162273284623189,0.943,0.00733150734842434,0.624258418132073,"09b_or_to_cor_CAT",1000
0,25,0.3,0.1,"CAT","digby (r)","own",1000,1000,1000,1000,0,0.0661420840927759,0.0118933341747788,0.376100249658201,0.00841406533085361,0.498766551552266,1.32615320517746,0.0296685251265446,0.381686679991985,0.986,0.00371537346709587,1.48896731358714,"09b_or_to_cor_CAT",1000
0.1,25,0.3,0.1,"CAT","digby (r)","own",1000,1000,1000,1000,0,0.029968880681128,0.0119740474383507,0.378652627160929,0.00847116678472518,0.465625075213061,1.22968927669732,0.0275104468029052,0.379647952784019,0.995,0.00223047080231955,1.42794950278615,"09b_or_to_cor_CAT",1000
0.25,25,0.3,0.1,"CAT","digby (r)","own",1000,1000,1000,1000,0,-0.0250721014509057,0.0101451742319074,0.320818578320766,0.0071773110488379,0.413593941506671,1.28918326261375,0.0288414384327931,0.321636822995637,0.998,0.00141279864099595,1.31885062601812,"09b_or_to_cor_CAT",1000
0.5,25,0.3,0.1,"CAT","digby (r)","own",1000,1000,1000,1000,0,-0.154736126333457,0.00448814332584224,0.141927553749447,0.00317518457002184,0.28425473152335,2.00281569021588,0.0448067292655347,0.209920356029311,0.995,0.00223047080231955,1.08609341916872,"09b_or_to_cor_CAT",1000
0,50,0.3,0.1,"CAT","digby (r)","own",1000,1000,1000,1000,0,-0.0168082984904303,0.0111484769244177,0.352545795229888,0.00788710817362609,0.390846662734782,1.10864082914368,0.0248023668512427,0.352770134924547,0.987,0.00358203852575597,1.27800056248944,"09b_or_to_cor_CAT",1000
0.1,50,0.3,0.1,"CAT","digby (r)","own",1000,1000,1000,1000,0,-0.00358462895768855,0.0105616692050562,0.333989305812374,0.00747196483242345,0.36780554532602,1.10124946794746,0.0246370082904721,0.333841514951929,0.988,0.00344325427466518,1.20525097866906,"09b_or_to_cor_CAT",1000
0.25,50,0.3,0.1,"CAT","digby (r)","own",1000,1000,1000,1000,0,0.0235341224317112,0.0087697530100111,0.277323940287525,0.00620425472599283,0.301431701753456,1.08692996876121,0.0243166543375893,0.278182519593473,0.993,0.00263647491928143,1.04641505636571,"09b_or_to_cor_CAT",1000
0.5,50,0.3,0.1,"CAT","digby (r)","own",1000,1000,1000,1000,0,-0.0645271512571264,0.00220088630493912,0.0695981359467952,0.00155704034574335,0.165211359509375,2.37379000546325,0.0531061178657731,0.094883137996703,0.999,0.000999499874937461,0.791972334868107,"09b_or_to_cor_CAT",1000
0,100,0.3,0.1,"CAT","digby (r)","own",1000,1000,1000,1000,0,-0.0289621316689671,0.00909153891617274,0.287499704111645,0.0064319055762257,0.285745552377271,0.993898596383625,0.0222353687077196,0.28881175331906,0.975,0.00493710441453288,1.00501355468138,"09b_or_to_cor_CAT",1000
0.1,100,0.3,0.1,"CAT","digby (r)","own",1000,1000,1000,1000,0,0.00715922715478447,0.00791472727190662,0.250285652382757,0.00559935770432933,0.254255360771667,1.01586071095613,0.0227267022470744,0.250262900595209,0.972,0.0052168956286282,0.901414919221751,"09b_or_to_cor_CAT",1000
0.25,100,0.3,0.1,"CAT","digby (r)","own",1000,1000,1000,1000,0,0.0476608264645798,0.00644383904288292,0.203772082510294,0.0045587622353452,0.200771799491551,0.985276280333485,0.022042471386819,0.209172400015534,0.982,0.00420428352992517,0.747788914714249,"09b_or_to_cor_CAT",1000
0.5,100,0.3,0.1,"CAT","digby (r)","own",1000,1000,1000,1000,0,-0.0107441284955563,0.00110187189241383,0.0348442486974771,0.000779530950089838,0.0951465243112904,2.73062349937192,0.0610891498704391,0.0364464517169143,0.997,0.00172945077987204,0.531259850487626,"09b_or_to_cor_CAT",1000
0,300,0.3,0.1,"CAT","digby (r)","own",1000,1000,1000,1000,0,-0.00748480948001164,0.00518929332936567,0.164099863675138,0.00367122057217884,0.159653719815251,0.97290586500005,0.0217657220816007,0.164188485789634,0.956,0.00648567652600714,0.602806827549811,"09b_or_to_cor_CAT",1000
0.1,300,0.3,0.1,"CAT","digby (r)","own",1000,1000,1000,1000,0,0.0272412665032936,0.00442264984789103,0.139856468127329,0.0031288505148168,0.14032703795318,1.00336466258695,0.0224471422961002,0.142416145313925,0.953,0.00669260786241059,0.533605188722918,"09b_or_to_cor_CAT",1000
0.25,300,0.3,0.1,"CAT","digby (r)","own",1000,1000,1000,1000,0,0.051647670156381,0.00341930364117189,0.108127875178103,0.00241902260544033,0.10944234486121,1.0121566217864,0.0226438348512304,0.119780747976138,0.945,0.00720936890441875,0.423008755763087,"09b_or_to_cor_CAT",1000
0.5,300,0.3,0.1,"CAT","digby (r)","own",1000,1000,1000,1000,0,0.0338739530330208,0.000650821249885483,0.0205807749927572,0.00046043039191288,0.0423772190811683,2.05906818844682,0.0460652027591552,0.0396306626879553,1,0,0.253462011640781,"09b_or_to_cor_CAT",1000
0,25,0.5,0.1,"CAT","digby (r)","own",1000,1000,1000,1000,0,0.0100053716866787,0.0121487997997838,0.384178782047143,0.00859479719518964,0.482941760090397,1.25707556652917,0.0281231292779217,0.384116975283884,0.99,0.00314642654451046,1.45672349083939,"09b_or_to_cor_CAT",1000
0.1,25,0.5,0.1,"CAT","digby (r)","own",1000,1000,1000,1000,0,-0.047494831479482,0.0117301639923672,0.370940355431744,0.00829862885570858,0.479462707369636,1.29256011202011,0.0289169848636806,0.373784576404385,0.992,0.00281709069786544,1.46152684815072,"09b_or_to_cor_CAT",1000
0.25,25,0.5,0.1,"CAT","digby (r)","own",1000,1000,1000,1000,0,-0.133161452249011,0.00923353272197937,0.291989942511491,0.00653236059927273,0.44885886981863,1.53724085822225,0.0343909503439422,0.320787843856966,0.992,0.00281709069786544,1.42108425174281,"09b_or_to_cor_CAT",1000
0,50,0.5,0.1,"CAT","digby (r)","own",1000,1000,1000,1000,0,-0.00483570996535234,0.0110088276175509,0.34812969639626,0.00778831179120565,0.370018502932086,1.06287543625957,0.0237785094994619,0.347989188507787,0.993,0.00263647491928143,1.22583429228751,"09b_or_to_cor_CAT",1000
0.1,50,0.5,0.1,"CAT","digby (r)","own",1000,1000,1000,1000,0,0.0215991854800709,0.010580542671337,0.334586137220273,0.00748531706620189,0.362562792524614,1.0836157036773,0.0242425080349341,0.335115592221797,0.995,0.00223047080231955,1.22202055612646,"09b_or_to_cor_CAT",1000
0.25,50,0.5,0.1,"CAT","digby (r)","own",1000,1000,1000,1000,0,0.00320395161202093,0.00734873297551069,0.232387341190001,0.00519893903982523,0.314315890025004,1.35255168554133,0.0302591084580333,0.232293215085902,0.99,0.00314642654451046,1.15105603770483,"09b_or_to_cor_CAT",1000
0,100,0.5,0.1,"CAT","digby (r)","own",1000,1000,1000,1000,0,0.0161595643494259,0.0085215605306198,0.269475404957516,0.00602866832561627,0.257303692998396,0.954831826076897,0.0213613720594191,0.269824958821647,0.971,0.00530650544143696,0.924857887367721,"09b_or_to_cor_CAT",1000
0.1,100,0.5,0.1,"CAT","digby (r)","own",1000,1000,1000,1000,0,0.0344444381987873,0.00801991327455389,0.253611925846096,0.00567377265686992,0.253098275340579,0.997974659496774,0.0223265578557138,0.255814599359115,0.985,0.00384382621875652,0.92029021622041,"09b_or_to_cor_CAT",1000
0.25,100,0.5,0.1,"CAT","digby (r)","own",1000,1000,1000,1000,0,0.0821518156296863,0.00562654339871119,0.177926924937123,0.00398055776857203,0.213951181638768,1.20246658404497,0.0269014243024769,0.195896027111876,0.993,0.00263647491928143,0.869061985571127,"09b_or_to_cor_CAT",1000
0,300,0.5,0.1,"CAT","digby (r)","own",1000,1000,1000,1000,0,-0.00262259714121844,0.00473860869101207,0.149847964038672,0.00335237894753493,0.145714599296755,0.972416276934863,0.0217547690817837,0.149795981020766,0.958,0.00634318531969546,0.55464704032007,"09b_or_to_cor_CAT",1000
0.1,300,0.5,0.1,"CAT","digby (r)","own",1000,1000,1000,1000,0,0.0395838922921708,0.00447973071789909,0.141661523727823,0.00316923298135913,0.142059698274718,1.00281074589922,0.0224347501447984,0.147019739649416,0.958,0.00634318531969546,0.542343900684872,"09b_or_to_cor_CAT",1000
0.25,300,0.5,0.1,"CAT","digby (r)","own",1000,1000,1000,1000,0,0.105280174030194,0.00375634087400052,0.118785928298292,0.00265746316838726,0.119343037603412,1.00469002779286,0.0224767931922109,0.158681762369698,0.983,0.00408790900094413,0.481931931506741,"09b_or_to_cor_CAT",1000
0,25,0.3,0.3,"CAT","digby (r)","own",1000,1000,1000,1000,0,0.00819053692963263,0.0116868192232735,0.369569673481842,0.00826796413936027,0.357198198623933,0.966524648136432,0.0216229623370124,0.369475637504171,0.965,0.00581162627841812,1.20612781656777,"09b_or_to_cor_CAT",1000
0.1,25,0.3,0.3,"CAT","digby (r)","own",1000,1000,1000,1000,0,-0.0173712922612036,0.0114387294401508,0.361724385692991,0.00809245039254747,0.340948203407028,0.942563501086164,0.0210869067059237,0.361960562034859,0.971,0.00530650544143696,1.15992964201366,"09b_or_to_cor_CAT",1000
0.25,25,0.3,0.3,"CAT","digby (r)","own",1000,1000,1000,1000,0,-0.0121201819227567,0.00977283289051133,0.309044111262227,0.00691389422006268,0.30695180506924,0.993229749033427,0.0222204053427497,0.309127244436648,0.968,0.00556560868189635,1.06741425088921,"09b_or_to_cor_CAT",1000
0.5,25,0.3,0.3,"CAT","digby (r)","own",1000,1000,1000,1000,0,-0.0340509095546429,0.00650769228960304,0.205791299466617,0.00460393589157942,0.216718105555708,1.05309654060892,0.0235597373318206,0.208487825348918,0.973,0.00512552436341883,0.83208055214167,"09b_or_to_cor_CAT",1000
0.75,25,0.3,0.3,"CAT","digby (r)","own",1000,1000,1000,1000,0,-0.0428146446274648,0.00290585125527723,0.0918910850833543,0.00205577527246268,0.11757301064619,1.27948223203088,0.0286244082522093,0.101334206173703,0.948,0.00702111102319284,0.566822760468423,"09b_or_to_cor_CAT",1000
0,50,0.3,0.3,"CAT","digby (r)","own",1000,1000,1000,1000,0,-0.0133896745255563,0.00810036528103753,0.256156041674285,0.00573068928164508,0.256382691150639,1.00088481019176,0.0223916633643979,0.256377817200421,0.979,0.00453420334788814,0.92484518903483,"09b_or_to_cor_CAT",1000
0.1,50,0.3,0.3,"CAT","digby (r)","own",1000,1000,1000,1000,0,-0.00955328843576173,0.00790043593365968,0.249833720586035,0.00558924714559887,0.242748494469455,0.9716402329519,0.0217374075278411,0.249891449181152,0.967,0.00564898220921256,0.879106204751127,"09b_or_to_cor_CAT",1000
0.25,50,0.3,0.3,"CAT","digby (r)","own",1000,1000,1000,1000,0,-0.00980843012122156,0.00656164809668774,0.20749753190042,0.00464210749923107,0.211876318641134,1.02110283770901,0.0228439784174875,0.207625566394083,0.97,0.00539444158370447,0.782467570755635,"09b_or_to_cor_CAT",1000
0.5,50,0.3,0.3,"CAT","digby (r)","own",1000,1000,1000,1000,0,-0.0168541159848235,0.00457558121724446,0.144692582655782,0.00323704343313279,0.141741589638176,0.979605084355799,0.021915596136128,0.145598999851491,0.958,0.00634318531969546,0.552566256891433,"09b_or_to_cor_CAT",1000
0.75,50,0.3,0.3,"CAT","digby (r)","own",1000,1000,1000,1000,0,-0.019150025882313,0.00193876958980631,0.061309277620583,0.00137160309719507,0.0673284851760164,1.09817776018637,0.0245682884483486,0.0642011852392822,0.952,0.00675988165576884,0.310455735251047,"09b_or_to_cor_CAT",1000
0,100,0.3,0.3,"CAT","digby (r)","own",1000,1000,1000,1000,0,-0.00994650209134927,0.00589562221448783,0.186435944216673,0.0041709204290188,0.179028105139026,0.960266036097431,0.0214829454914387,0.186607973673473,0.953,0.00669260786241059,0.672987597292069,"09b_or_to_cor_CAT",1000
0.1,100,0.3,0.3,"CAT","digby (r)","own",1000,1000,1000,1000,0,0.00161757895278053,0.00542655982519958,0.171602889067959,0.0038390772696727,0.169738016623889,0.989132627928361,0.0221287450881293,0.171524693693363,0.952,0.00675988165576884,0.639744566831946,"09b_or_to_cor_CAT",1000
0.25,100,0.3,0.3,"CAT","digby (r)","own",1000,1000,1000,1000,0,-0.00751512033301809,0.00454392998921236,0.143691682942554,0.00321465143635962,0.148075545672921,1.03050881331886,0.0230544076670123,0.143816304641498,0.965,0.00581162627841812,0.563572891750915,"09b_or_to_cor_CAT",1000
0.5,100,0.3,0.3,"CAT","digby (r)","own",1000,1000,1000,1000,0,-0.0100423283667264,0.00316229413418876,0.100000520954266,0.00223719850543376,0.0964626858371714,0.96462183313312,0.0215803928099649,0.100453732862242,0.941,0.00745110730026082,0.377683624831557,"09b_or_to_cor_CAT",1000
0.75,100,0.3,0.3,"CAT","digby (r)","own",1000,1000,1000,1000,0,-0.0185905109015284,0.00141463635974592,0.0447347295768644,0.00100079948779582,0.0450814725001533,1.00775109018359,0.0225452748775084,0.0484231548937563,0.931,0.00801492358042171,0.189736502930019,"09b_or_to_cor_CAT",1000
0,300,0.3,0.3,"CAT","digby (r)","own",1000,1000,1000,1000,0,0.00553769313553169,0.00314296731923782,0.0993893534026505,0.00222352554533318,0.102804738713962,1.03436369384027,0.0231406485471481,0.0994938760501895,0.959,0.00627048642451286,0.39730196047059,"09b_or_to_cor_CAT",1000
0.1,300,0.3,0.3,"CAT","digby (r)","own",1000,1000,1000,1000,0,0.0023322293141185,0.0030808601098731,0.0974253509955559,0.00217958714173397,0.0975139938746219,1.00090985434654,0.0223922236489355,0.0974045512856781,0.952,0.00675988165576884,0.377272486691623,"09b_or_to_cor_CAT",1000
0.25,300,0.3,0.3,"CAT","digby (r)","own",1000,1000,1000,1000,0,-0.00410778989434675,0.00269994165040661,0.0853796516483897,0.00191010233986269,0.0847779776557121,0.992952957981658,0.0222142130097355,0.0854357604782732,0.944,0.00727076337120113,0.329037741267548,"09b_or_to_cor_CAT",1000
0.5,300,0.3,0.3,"CAT","digby (r)","own",1000,1000,1000,1000,0,-0.0166238127870291,0.00177327004259928,0.0560757224115755,0.00125451868823432,0.0554987112550024,0.989710143146476,0.0221416651826499,0.0584610409496297,0.932,0.00796090447122687,0.217493466692311,"09b_or_to_cor_CAT",1000
0.75,300,0.3,0.3,"CAT","digby (r)","own",1000,1000,1000,1000,0,-0.018021336806602,0.00076774094292623,0.0242781003261222,0.000543146468099017,0.0249533570568106,1.02781340885892,0.0229941064328612,0.0302259046115546,0.869,0.0106695360723885,0.100009179850586,"09b_or_to_cor_CAT",1000
0,25,0.5,0.3,"CAT","digby (r)","own",1000,1000,1000,1000,0,-0.00559453684127876,0.01068385638688,0.337853203766777,0.00755840744938434,0.324012231774334,0.95903258622938,0.0214553509131805,0.337730575090039,0.975,0.00493710441453288,1.12654820177771,"09b_or_to_cor_CAT",1000
0.1,25,0.5,0.3,"CAT","digby (r)","own",1000,1000,1000,1000,0,0.00260591469625216,0.0106578112327474,0.337029583676089,0.00753998152901562,0.318206429010027,0.944149844471361,0.0211223961715444,0.336871106098473,0.966,0.00573096850453743,1.11337370721272,"09b_or_to_cor_CAT",1000
0.25,25,0.5,0.3,"CAT","digby (r)","own",1000,1000,1000,1000,0,-0.0104349114640056,0.00914290865047566,0.289124157743594,0.0064682476392756,0.297514130749628,1.02901858174534,0.0230210684022043,0.289167897923704,0.971,0.00530650544143696,1.06833724847576,"09b_or_to_cor_CAT",1000
0.5,25,0.5,0.3,"CAT","digby (r)","own",1000,1000,1000,1000,0,-0.0363805647860185,0.00531368641418421,0.168033518407149,0.00375922377859585,0.216683628906172,1.28952622643503,0.0288491111743053,0.171844620338046,0.973,0.00512552436341883,0.898967554824342,"09b_or_to_cor_CAT",1000
0,50,0.5,0.3,"CAT","digby (r)","own",1000,1000,1000,1000,0,0.00181581283729414,0.00782645918312974,0.247494370330308,0.00553691150928562,0.230250017304469,0.930324261506132,0.0208130920474119,0.24737725654981,0.944,0.00727076337120113,0.845542590176243,"09b_or_to_cor_CAT",1000
0.1,50,0.5,0.3,"CAT","digby (r)","own",1000,1000,1000,1000,0,-0.00370627669957123,0.00723801649591331,0.228886178689569,0.00512061149274344,0.227211582371714,0.992683715865054,0.0222081895605063,0.22880172726466,0.972,0.0052168956286282,0.835481571686859,"09b_or_to_cor_CAT",1000
0.25,50,0.5,0.3,"CAT","digby (r)","own",1000,1000,1000,1000,0,0.01053148818352,0.00682488310992928,0.215821753917899,0.00482833589963029,0.205763802545582,0.953396952857019,0.0213292712644196,0.21597074495888,0.966,0.00573096850453743,0.773223460007082,"09b_or_to_cor_CAT",1000
0.5,50,0.5,0.3,"CAT","digby (r)","own",1000,1000,1000,1000,0,0.00506285359053036,0.00399962077513512,0.126479114263551,0.00282957411320296,0.14035511872709,1.10970984849423,0.0248262828115846,0.126517199878225,0.98,0.00442718872423573,0.601971422047559,"09b_or_to_cor_CAT",1000
0,100,0.5,0.3,"CAT","digby (r)","own",1000,1000,1000,1000,0,-0.00369750868179497,0.00544519472982967,0.17219217649407,0.00385226073048256,0.16273660761653,0.945087116789737,0.0211433647046065,0.172145772735118,0.951,0.00682634602111555,0.616859064096978,"09b_or_to_cor_CAT",1000
0.1,100,0.5,0.3,"CAT","digby (r)","own",1000,1000,1000,1000,0,-0.00527087085632346,0.00514512405863089,0.162703108694033,0.00363997255340486,0.160403608037317,0.985866891695106,0.02205568446654,0.162707133699502,0.959,0.00627048642451286,0.608634807772606,"09b_or_to_cor_CAT",1000
0.25,100,0.5,0.3,"CAT","digby (r)","own",1000,1000,1000,1000,0,0.00688030143352489,0.00448682425656978,0.141885841116522,0.00317425138048296,0.14512174580589,1.02280639607098,0.0228820902011557,0.141981684964117,0.959,0.00627048642451286,0.555621407109764,"09b_or_to_cor_CAT",1000
0.5,100,0.5,0.3,"CAT","digby (r)","own",1000,1000,1000,1000,0,0.00928349802877106,0.00311600434460295,0.0985367092792551,0.0022044503031212,0.0969969357846218,0.98437360547256,0.0220222768635257,0.0989239957146851,0.971,0.00530650544143696,0.400557346190985,"09b_or_to_cor_CAT",1000
0,300,0.5,0.3,"CAT","digby (r)","own",1000,1000,1000,1000,0,0.00469579806942428,0.00304079261594503,0.0961583055860792,0.00215124096844059,0.0943482831330425,0.981176639480024,0.0219507547607189,0.0962248607843182,0.949,0.00695693898205238,0.365576529279352,"09b_or_to_cor_CAT",1000
0.1,300,0.5,0.3,"CAT","digby (r)","own",1000,1000,1000,1000,0,-0.000229674574047649,0.00289838960086815,0.091655126852897,0.00205049644595771,0.0926718418704375,1.01109283301928,0.0226200359088131,0.0916095757361216,0.959,0.00627048642451286,0.359278584847495,"09b_or_to_cor_CAT",1000
0.25,300,0.5,0.3,"CAT","digby (r)","own",1000,1000,1000,1000,0,-0.00604686409803281,0.00264993796715142,0.0837983963435494,0.0018747267041066,0.0844518533999434,1.00779796612951,0.0225463235800066,0.0839744819807834,0.957,0.00641490451994416,0.328274037282087,"09b_or_to_cor_CAT",1000
0.5,300,0.5,0.3,"CAT","digby (r)","own",1000,1000,1000,1000,0,0.00542138546264913,0.00172540184091597,0.0545619969634197,0.00122065382155228,0.0555452883519081,1.01802154325744,0.0227750441031852,0.0548035210680683,0.962,0.00604615580348373,0.220386473540098,"09b_or_to_cor_CAT",1000
0,25,0.3,0.5,"CAT","digby (r)","own",1000,1000,1000,1000,0,-0.00279423300213026,0.0102263467291498,0.323385478067265,0.00723473739243757,0.327807733756712,1.0136748740725,0.0226778009917358,0.323235822574539,0.976,0.00483983470792134,1.13267190015002,"09b_or_to_cor_CAT",1000
0.1,25,0.3,0.5,"CAT","digby (r)","own",1000,1000,1000,1000,0,-0.0179165186008532,0.0107290271822198,0.339281629736728,0.00759036400735626,0.324563822377986,0.956620677134323,0.0214013920000547,0.339584914110313,0.972,0.0052168956286282,1.12998736524282,"09b_or_to_cor_CAT",1000
0.25,25,0.3,0.5,"CAT","digby (r)","own",1000,1000,1000,1000,0,-0.00897526816124213,0.00936245823864288,0.296066925323198,0.00662357032264208,0.297106742157629,1.00351210062825,0.0224504407605732,0.296054934234557,0.976,0.00483983470792134,1.06728286476646,"09b_or_to_cor_CAT",1000
0.5,25,0.3,0.5,"CAT","digby (r)","own",1000,1000,1000,1000,0,-0.0310574510032827,0.00504238348126194,0.159454166367967,0.00356728764289885,0.21436478809128,1.34436617727879,0.0300759833435197,0.162372321544506,0.98,0.00442718872423573,0.895945816456048,"09b_or_to_cor_CAT",1000
0,50,0.3,0.5,"CAT","digby (r)","own",1000,1000,1000,1000,0,-2.279401969744e-06,0.00762721241744307,0.241193634370391,0.00539595227289217,0.230296179615729,0.954818646921972,0.0213610772170981,0.241073007399693,0.956,0.00648567652600714,0.845866355763746,"09b_or_to_cor_CAT",1000
0.1,50,0.3,0.5,"CAT","digby (r)","own",1000,1000,1000,1000,0,-0.000653077100048765,0.00757749782066628,0.239621520782675,0.00536078115442953,0.227435142223689,0.949143221697356,0.0212341073502509,0.239502570463614,0.958,0.00634318531969546,0.837829638205498,"09b_or_to_cor_CAT",1000
0.25,50,0.3,0.5,"CAT","digby (r)","own",1000,1000,1000,1000,0,0.00658777906407274,0.00637658921923626,0.201645456360613,0.0045111856347607,0.206250709631905,1.02283836866155,0.0228828054877479,0.201652245248612,0.974,0.00503229569878401,0.773771896369146,"09b_or_to_cor_CAT",1000
0.5,50,0.3,0.5,"CAT","digby (r)","own",1000,1000,1000,1000,0,-0.000568827733747744,0.00412413429700652,0.130416577549579,0.00291766252408965,0.141310758650122,1.08353371408171,0.0242406737744828,0.13035259407099,0.972,0.0052168956286282,0.603726794585441,"09b_or_to_cor_CAT",1000
0,100,0.3,0.5,"CAT","digby (r)","own",1000,1000,1000,1000,0,0.00928514904543025,0.00534500790804759,0.169023991010422,0.00378138250143619,0.163394221448225,0.966692482359797,0.0216267171021885,0.169194427864366,0.951,0.00682634602111555,0.619048756805804,"09b_or_to_cor_CAT",1000
0.1,100,0.3,0.5,"CAT","digby (r)","own",1000,1000,1000,1000,0,-0.012427902764844,0.00523112112553282,0.165422574729073,0.00370081208995039,0.160647475777577,0.971133934051526,0.0217260806754166,0.165806261549129,0.947,0.00708456067798138,0.609370673615971,"09b_or_to_cor_CAT",1000
0.25,100,0.3,0.5,"CAT","digby (r)","own",1000,1000,1000,1000,0,-0.00737637682891156,0.0046299731007188,0.146412605035836,0.00327552354764868,0.146449342359775,1.00025091640115,0.022377481975867,0.146525169160757,0.96,0.00619677335393187,0.559963141766089,"09b_or_to_cor_CAT",1000
0.5,100,0.3,0.5,"CAT","digby (r)","own",1000,1000,1000,1000,0,0.00595861445277727,0.00319353913843995,0.10098857474362,0.00225930311488716,0.0975400927001387,0.965852750647922,0.0216079307347491,0.101113790467551,0.969,0.00548078461536303,0.40095125187605,"09b_or_to_cor_CAT",1000
0,300,0.3,0.5,"CAT","digby (r)","own",1000,1000,1000,1000,0,-0.000109354564741695,0.00289526333935951,0.0915562657836108,0.00204828473911517,0.0943138449747121,1.03011895655092,0.0230456858426635,0.0915105415395176,0.956,0.00648567652600714,0.365435945727216,"09b_or_to_cor_CAT",1000
0.1,300,0.3,0.5,"CAT","digby (r)","own",1000,1000,1000,1000,0,-0.00310370506122919,0.00309955733070684,0.0980166090330538,0.00219281468880266,0.092672274286405,0.945475212830036,0.0211520471381882,0.0980167402834806,0.94,0.00750999334220744,0.359257428905294,"09b_or_to_cor_CAT",1000
0.25,300,0.3,0.5,"CAT","digby (r)","own",1000,1000,1000,1000,0,-0.00287770441511748,0.00269920466871798,0.0853563462410907,0.00190958095435509,0.0840943341473039,0.985214783090384,0.0220410955785828,0.0853621773415259,0.941,0.00745110730026082,0.326916481300728,"09b_or_to_cor_CAT",1000
0.5,300,0.3,0.5,"CAT","digby (r)","own",1000,1000,1000,1000,0,0.00388243098783749,0.00177438663850045,0.0561110322743124,0.00125530863584048,0.055892781559997,0.996110377844264,0.0222848503917236,0.0562171927911858,0.955,0.00655553201502365,0.221585253158925,"09b_or_to_cor_CAT",1000
0,25,0.5,0.5,"CAT","digby (r)","own",1000,1000,1000,1000,0,0.00362972879158404,0.0103975353642059,0.328798938030391,0.00735584660690125,0.289447306625137,0.880317036177239,0.0196943369779472,0.328654541790256,0.944,0.00727076337120113,1.03338141505452,"09b_or_to_cor_CAT",1000
0.1,25,0.5,0.5,"CAT","digby (r)","own",1000,1000,1000,1000,0,0.00147780263894529,0.00949957207016281,0.300402845386353,0.00672057295615244,0.288685277451345,0.960993818417605,0.0214992273418074,0.300256243144653,0.957,0.00641490451994416,1.02860682251592,"09b_or_to_cor_CAT",1000
0.25,25,0.5,0.5,"CAT","digby (r)","own",1000,1000,1000,1000,0,-0.0142537545950018,0.008769003370867,0.277300234616339,0.00620372438583419,0.266539545866285,0.961194808345754,0.0215037238620512,0.277527826025091,0.961,0.00612200947402077,0.967922430308704,"09b_or_to_cor_CAT",1000
0.5,25,0.5,0.5,"CAT","digby (r)","own",1000,1000,1000,1000,0,-0.0273808473700809,0.00609487074784065,0.192736736075102,0.0043118809159664,0.195861669375103,1.01621348043781,0.0227345943595319,0.19457649597563,0.969,0.00548078461536303,0.77312415149316,"09b_or_to_cor_CAT",1000
0.75,25,0.5,0.5,"CAT","digby (r)","own",1000,1000,1000,1000,0,-0.0344948585140429,0.00269560915952766,0.0852426462571957,0.00190703727326613,0.103712882455731,1.21667835302539,0.0272193681293605,0.091918103201123,0.947,0.00708456067798138,0.513651672719696,"09b_or_to_cor_CAT",1000
0,50,0.5,0.5,"CAT","digby (r)","own",1000,1000,1000,1000,0,0.00684714169116031,0.00680727364755516,0.215264893823166,0.00481587789881406,0.209455607637953,0.97301331358756,0.0217681259072718,0.215266158249561,0.957,0.00641490451994416,0.77872235327552,"09b_or_to_cor_CAT",1000
0.1,50,0.5,0.5,"CAT","digby (r)","own",1000,1000,1000,1000,0,-0.00310572409647699,0.00662561263452904,0.209520268191006,0.00468735988954866,0.205846114667309,0.982463970882537,0.021979554769581,0.209438510217705,0.955,0.00655553201502365,0.766646079697838,"09b_or_to_cor_CAT",1000
0.25,50,0.5,0.5,"CAT","digby (r)","own",1000,1000,1000,1000,0,-0.0237420049702217,0.00606899714870442,0.191918541029736,0.00429357636399828,0.189693254982508,0.988405049166754,0.0221124677917461,0.193286255239728,0.952,0.00675988165576884,0.713133453831089,"09b_or_to_cor_CAT",1000
0.5,50,0.5,0.5,"CAT","digby (r)","own",1000,1000,1000,1000,0,-0.0393241915252782,0.00438141689415879,0.138552567642827,0.00309967982463112,0.137953409457658,0.995675589450544,0.0222751233629509,0.143958359345807,0.944,0.00727076337120113,0.53870238489369,"09b_or_to_cor_CAT",1000
0.75,50,0.5,0.5,"CAT","digby (r)","own",1000,1000,1000,1000,0,-0.0251368748790426,0.00215634352223732,0.0681895694801989,0.0015255280819691,0.0671151105453756,0.984243060294796,0.0220193563239745,0.0726431693085704,0.927,0.00822623850857729,0.295961825704493,"09b_or_to_cor_CAT",1000
0,100,0.5,0.5,"CAT","digby (r)","own",1000,1000,1000,1000,0,-0.00311643114862258,0.00482240007058195,0.152497680115957,0.0034116580471972,0.148846139877792,0.976055109589937,0.0218361765674625,0.15245326838547,0.948,0.00702111102319284,0.567594518031693,"09b_or_to_cor_CAT",1000
0.1,100,0.5,0.5,"CAT","digby (r)","own",1000,1000,1000,1000,0,-0.0160955101138689,0.00474312633085115,0.14999082435407,0.00335557499972591,0.146720232769012,0.978194722249561,0.0218840437005398,0.150777370944213,0.955,0.00655553201502365,0.559917673602934,"09b_or_to_cor_CAT",1000
0.25,100,0.5,0.5,"CAT","digby (r)","own",1000,1000,1000,1000,0,-0.0178859109601003,0.00422196839704682,0.133510363439181,0.00298687629520104,0.133966020562039,1.00341289703002,0.0224482213907181,0.134636911504197,0.949,0.00695693898205238,0.513907250335109,"09b_or_to_cor_CAT",1000
0.5,100,0.5,0.5,"CAT","digby (r)","own",1000,1000,1000,1000,0,-0.0300350879172754,0.00301161302027476,0.095235565750871,0.00213059755418101,0.0949561099412023,0.997065636062899,0.0223062213029812,0.0998140755460023,0.936,0.0077397674383666,0.371631945796861,"09b_or_to_cor_CAT",1000
0.75,100,0.5,0.5,"CAT","digby (r)","own",1000,1000,1000,1000,0,-0.0248017641372559,0.00144608367076487,0.0457291808679404,0.00102304722131652,0.0456115574116333,0.997427824988888,0.0223143241460082,0.0520018685163334,0.893,0.00977501918156686,0.188859301082932,"09b_or_to_cor_CAT",1000
0,300,0.5,0.5,"CAT","digby (r)","own",1000,1000,1000,1000,0,-0.0022569285035747,0.00271841007559862,0.0859636745324214,0.00192316802302941,0.0863992512857658,1.00506698620916,0.0224852264563329,0.0859503188594854,0.949,0.00695693898205238,0.335487858045487,"09b_or_to_cor_CAT",1000
0.1,300,0.5,0.5,"CAT","digby (r)","own",1000,1000,1000,1000,0,-0.00363273433788574,0.00265350806152355,0.0839112926403261,0.00187725240521303,0.0848700656327758,1.01142603054108,0.0226274901599576,0.0839479641582065,0.96,0.00619677335393187,0.329666257459436,"09b_or_to_cor_CAT",1000
0.25,300,0.5,0.5,"CAT","digby (r)","own",1000,1000,1000,1000,0,-0.0157939845425895,0.00239971162669593,0.0758855446794686,0.00169770142716132,0.0773675114841034,1.01952897367864,0.022808768138352,0.0774745585540174,0.955,0.00655553201502365,0.301084116937605,"09b_or_to_cor_CAT",1000
0.5,300,0.5,0.5,"CAT","digby (r)","own",1000,1000,1000,1000,0,-0.0318877046955798,0.00174437464362631,0.0551619696650365,0.00123407633194072,0.0545484941741408,0.988878651458225,0.0221230631599355,0.0636916459606877,0.913,0.00891240708226459,0.213695288628009,"09b_or_to_cor_CAT",1000
0.75,300,0.5,0.5,"CAT","digby (r)","own",1000,1000,1000,1000,0,-0.0268154458496107,0.000833522230182137,0.026358287277587,0.000589684137047443,0.0259200687687484,0.983374545385912,0.0219999260226364,0.0375916571198052,0.777,0.0131632442809514,0.103288862576778,"09b_or_to_cor_CAT",1000
0,25,0.3,0.1,"CAT","digby (z)","own",1000,1000,1000,1000,0,0.085168065584813,0.0137882041181225,0.436021298565803,0.00975461115782402,0.575635626855254,1.32020070750828,0.0295353566314008,0.444047359665234,0.986,0.00371537346709587,2.22893200991145,"09b_or_to_cor_CAT",1000
0.1,25,0.3,0.1,"CAT","digby (z)","own",1000,1000,1000,1000,0,0.0779416711463271,0.0143808261526953,0.454761652774337,0.0101738678979545,0.569238078930266,1.25172840642466,0.0280035033151771,0.461168360552081,0.995,0.00223047080231955,2.20154287117008,"09b_or_to_cor_CAT",1000
0.25,25,0.3,0.1,"CAT","digby (z)","own",1000,1000,1000,1000,0,0.046509393413325,0.0138497968024353,0.437969030262127,0.00979818555522137,0.57447985430194,1.31169058679357,0.0293449693297913,0.44021378700917,0.998,0.00141279864099595,2.22026299851689,"09b_or_to_cor_CAT",1000
0.5,25,0.3,0.1,"CAT","digby (z)","own",1000,1000,1000,1000,0,-0.500420561205591,0.00995287984791425,0.314737695973993,0.00704127034856853,0.62108724574797,1.97334877166824,0.0441474992384765,0.591085015481758,0.995,0.00223047080231955,2.42648546777534,"09b_or_to_cor_CAT",1000
0,50,0.3,0.1,"CAT","digby (z)","own",1000,1000,1000,1000,0,-0.014572430748767,0.0125496854650447,0.396855899882507,0.00887840800845185,0.453713156315154,1.14326927343018,0.0255770698534267,0.396925013578397,0.987,0.00358203852575597,1.73478347600009,"09b_or_to_cor_CAT",1000
0.1,50,0.3,0.1,"CAT","digby (z)","own",1000,1000,1000,1000,0,0.0266538097936908,0.0125125581852178,0.395681832206714,0.00885214192079052,0.436169213417518,1.10232307352856,0.024661026853361,0.396381096676723,0.988,0.00344325427466518,1.66242683976509,"09b_or_to_cor_CAT",1000
0.25,50,0.3,0.1,"CAT","digby (z)","own",1000,1000,1000,1000,0,0.10380193401325,0.0124766936532559,0.394547696124558,0.00882676917749134,0.448251546802517,1.13611497723967,0.0254170148797916,0.407783101829356,0.993,0.00263647491928143,1.71213162621801,"09b_or_to_cor_CAT",1000
0.5,50,0.3,0.1,"CAT","digby (z)","own",1000,1000,1000,1000,0,-0.264231161850319,0.00716548347337628,0.226592483121635,0.00506929723710224,0.570048964551812,2.51574525641175,0.05628192207389,0.348009936850359,0.999,0.000999499874937461,2.23071323646671,"09b_or_to_cor_CAT",1000
0,100,0.3,0.1,"CAT","digby (z)","own",1000,1000,1000,1000,0,-0.0338361782876364,0.0099990535688545,0.316197837236155,0.00707393643688746,0.322662685431968,1.02044558005938,0.0228292743357746,0.317845840245962,0.975,0.00493710441453288,1.22323310603422,"09b_or_to_cor_CAT",1000
0.1,100,0.3,0.1,"CAT","digby (z)","own",1000,1000,1000,1000,0,0.0232871994075557,0.00895845566367931,0.28329124214862,0.00633775441857162,0.286299937511947,1.01062050256304,0.0226094689939542,0.284105557155218,0.972,0.0052168956286282,1.09745781833626,"09b_or_to_cor_CAT",1000
0.25,100,0.3,0.1,"CAT","digby (z)","own",1000,1000,1000,1000,0,0.11425477289073,0.00993469542293105,0.314162653965119,0.00702840558435993,0.309408132585958,0.984866051648235,0.0220332938046147,0.334146117890921,0.982,0.00420428352992517,1.17417871216982,"09b_or_to_cor_CAT",1000
0.5,100,0.3,0.1,"CAT","digby (z)","own",1000,1000,1000,1000,0,-0.0351199701050349,0.00558632962918707,0.17665525388715,0.00395210811105771,0.534583785870745,3.02614144842953,0.0677004385682538,0.180025786895616,0.997,0.00172945077987204,2.084812050166,"09b_or_to_cor_CAT",1000
0,300,0.3,0.1,"CAT","digby (z)","own",1000,1000,1000,1000,0,-0.00824976754791927,0.00540211029738821,0.170829727111963,0.00382178019205844,0.165268676009921,0.967446818559882,0.021643593012467,0.170943474675336,0.956,0.00648567652600714,0.641490009538988,"09b_or_to_cor_CAT",1000
0.1,300,0.3,0.1,"CAT","digby (z)","own",1000,1000,1000,1000,0,0.0338111808969824,0.00475965387738685,0.150513471265942,0.00336726758771398,0.151294331914551,1.00518797847157,0.0224879332793179,0.154190942279823,0.953,0.00669260786241059,0.590859391433826,"09b_or_to_cor_CAT",1000
0.25,300,0.3,0.1,"CAT","digby (z)","own",1000,1000,1000,1000,0,0.083138182275642,0.00493502138444301,0.156059078764774,0.00349133318947,0.15762837806768,1.01005580268273,0.0225968356024858,0.176754176700136,0.945,0.00720936890441875,0.614294488957546,"09b_or_to_cor_CAT",1000
0.5,300,0.3,0.1,"CAT","digby (z)","own",1000,1000,1000,1000,0,0.313296498486448,0.00580013013872465,0.183416219637583,0.00410336354780764,0.488639096100455,2.66409970211997,0.0596008882257232,0.362991134988701,1,0,1.88601849016117,"09b_or_to_cor_CAT",1000
0,25,0.5,0.1,"CAT","digby (z)","own",1000,1000,1000,1000,0,0.0134503678551984,0.0138441413412703,0.437790188877126,0.00979418453927249,0.56007055902831,1.27931272389821,0.0286206160385545,0.437777913585225,0.99,0.00314642654451046,2.15824068466065,"09b_or_to_cor_CAT",1000
0.1,25,0.5,0.1,"CAT","digby (z)","own",1000,1000,1000,1000,0,-0.0283743568862046,0.0134503205247623,0.4253364811756,0.00951557182814765,0.567591925671058,1.33445389895142,0.0298542271561737,0.426069613121293,0.992,0.00281709069786544,2.19417073811672,"09b_or_to_cor_CAT",1000
0.25,25,0.5,0.1,"CAT","digby (z)","own",1000,1000,1000,1000,0,-0.130066299950835,0.0114834228287809,0.363137714737213,0.00812406920408211,0.591641983523109,1.62924961939372,0.0364493582503747,0.385557224348865,0.992,0.00281709069786544,2.30070241845984,"09b_or_to_cor_CAT",1000
0,50,0.5,0.1,"CAT","digby (z)","own",1000,1000,1000,1000,0,-0.006140881214983,0.0124549004736351,0.393858535273968,0.00881135136156168,0.429896513674168,1.0914998030324,0.0244188900690038,0.393709450844711,0.993,0.00263647491928143,1.63815007485939,"09b_or_to_cor_CAT",1000
0.1,50,0.5,0.1,"CAT","digby (z)","own",1000,1000,1000,1000,0,0.0514398633808471,0.0123322972011795,0.389981479378469,0.00872461437687276,0.446562061473001,1.14508530555017,0.0256176978852199,0.393166031402258,0.995,0.00223047080231955,1.70504653164249,"09b_or_to_cor_CAT",1000
0.25,50,0.5,0.1,"CAT","digby (z)","own",1000,1000,1000,1000,0,0.058734551695456,0.0102865965505133,0.325290744708533,0.00727736176720705,0.504110061208567,1.54972150117661,0.0346701656470017,0.330390680993434,0.99,0.00314642654451046,1.94448550196022,"09b_or_to_cor_CAT",1000
0,100,0.5,0.1,"CAT","digby (z)","own",1000,1000,1000,1000,0,0.0183816469816236,0.00942248448007167,0.297965121746139,0.00666603652341684,0.285676431495059,0.958757957377474,0.0214492069526174,0.298382833804445,0.971,0.00530650544143696,1.09205294025083,"09b_or_to_cor_CAT",1000
0.1,100,0.5,0.1,"CAT","digby (z)","own",1000,1000,1000,1000,0,0.0581116718090173,0.00934696928293981,0.295577121537206,0.00661261249674758,0.302561121896964,1.02362835230087,0.0229004788978494,0.301090410577758,0.985,0.00384382621875652,1.15328582210024,"09b_or_to_cor_CAT",1000
0.25,100,0.5,0.1,"CAT","digby (z)","own",1000,1000,1000,1000,0,0.185420238694732,0.00947706865220407,0.29969122482747,0.00670465267458213,0.422295688675411,1.40910261526184,0.0315242584216967,0.352286361254537,0.993,0.00263647491928143,1.60101326217484,"09b_or_to_cor_CAT",1000
0,300,0.5,0.1,"CAT","digby (z)","own",1000,1000,1000,1000,0,-0.00261419608567502,0.00486992944246208,0.154000690824941,0.0034452832051434,0.149454876564033,0.970481857993252,0.0217114925155843,0.153945869002578,0.958,0.00634318531969546,0.583405563514032,"09b_or_to_cor_CAT",1000
0.1,300,0.5,0.1,"CAT","digby (z)","own",1000,1000,1000,1000,0,0.0481709750449729,0.00494520829079715,0.156381217028673,0.00349854002435108,0.15652149660272,1.00089703595299,0.0223919368775207,0.163557551923208,0.958,0.00634318531969546,0.609823837898613,"09b_or_to_cor_CAT",1000
0.25,300,0.5,0.1,"CAT","digby (z)","own",1000,1000,1000,1000,0,0.207763692874143,0.00781441837721315,0.247113606614704,0.00552839311350783,0.249844714422593,1.01105203329474,0.0226191231427406,0.32275349961891,0.983,0.00408790900094413,0.932568999099237,"09b_or_to_cor_CAT",1000
0,25,0.3,0.3,"CAT","digby (z)","own",1000,1000,1000,1000,0,0.0116715879792928,0.0134806751763172,0.426296379540544,0.00953704654814839,0.419995249050518,0.98521889747969,0.0220411876251593,0.426243006478844,0.965,0.00581162627841812,1.61541035428897,"09b_or_to_cor_CAT",1000
0.1,25,0.3,0.3,"CAT","digby (z)","own",1000,1000,1000,1000,0,0.00667952435465736,0.0135188073388974,0.427502224399155,0.00956402355076525,0.406090501999374,0.949914360258885,0.0212513591607502,0.42734062498195,0.971,0.00530650544143696,1.56421744480838,"09b_or_to_cor_CAT",1000
0.25,25,0.3,0.3,"CAT","digby (z)","own",1000,1000,1000,1000,0,0.0454074048414727,0.0130935879733318,0.414055607395164,0.00926319760328617,0.407274752842589,0.983623323941358,0.0220054916637663,0.416332122690287,0.968,0.00556560868189635,1.57238173708892,"09b_or_to_cor_CAT",1000
0.5,25,0.3,0.3,"CAT","digby (z)","own",1000,1000,1000,1000,0,0.0408304294158327,0.0131224266644151,0.414967566880777,0.00928359984098214,0.44945651706577,1.08311239946832,0.0242312481793519,0.416764930683558,0.973,0.00512552436341883,1.73029019496781,"09b_or_to_cor_CAT",1000
0.75,25,0.3,0.3,"CAT","digby (z)","own",1000,1000,1000,1000,0,-0.109950158104027,0.012580986051962,0.397845711350094,0.00890055194045155,0.560261934751621,1.40823922130608,0.0315049426856487,0.412567529135199,0.948,0.00702111102319284,2.16063395077087,"09b_or_to_cor_CAT",1000
0,50,0.3,0.3,"CAT","digby (z)","own",1000,1000,1000,1000,0,-0.0157573995338305,0.00869788379729948,0.275051236229407,0.00615341008964897,0.277709405302712,1.00966426877314,0.0225880762573444,0.275364894292723,0.979,0.00453420334788814,1.07490045668205,"09b_or_to_cor_CAT",1000
0.1,50,0.3,0.3,"CAT","digby (z)","own",1000,1000,1000,1000,0,0.000348911248891173,0.00869480056485555,0.274953735858621,0.00615122882417437,0.266753856934564,0.970177241278609,0.0217046776704992,0.274816446095952,0.967,0.00564898220921256,1.03483544450362,"09b_or_to_cor_CAT",1000
0.25,50,0.3,0.3,"CAT","digby (z)","own",1000,1000,1000,1000,0,0.0128425740061867,0.00814360852357248,0.257523513072501,0.00576128217195322,0.262714261101107,1.0201564042315,0.022822804932178,0.257714906694435,0.97,0.00539444158370447,1.02385798952065,"09b_or_to_cor_CAT",1000
0.5,50,0.3,0.3,"CAT","digby (z)","own",1000,1000,1000,1000,0,0.0327911274610074,0.0102037056917822,0.322669505600558,0.00721871975055767,0.30045238298026,0.931145886937947,0.0208314733435345,0.324170868948504,0.958,0.00634318531969546,1.16061039742287,"09b_or_to_cor_CAT",1000
0.75,50,0.3,0.3,"CAT","digby (z)","own",1000,1000,1000,1000,0,-0.0108435186432359,0.0115533708231518,0.365349664536942,0.00817355465414603,0.42356431184246,1.15933953950472,0.0259365917329209,0.365327905991925,0.952,0.00675988165576884,1.61754247827687,"09b_or_to_cor_CAT",1000
0,100,0.3,0.3,"CAT","digby (z)","own",1000,1000,1000,1000,0,-0.0113433027711093,0.00618356061933731,0.195541356068273,0.00437462550566611,0.186651453982281,0.954536972307341,0.0213547756296578,0.195772459832437,0.953,0.00669260786241059,0.72724288364947,"09b_or_to_cor_CAT",1000
0.1,100,0.3,0.3,"CAT","digby (z)","own",1000,1000,1000,1000,0,0.00669899840840984,0.0057333010151794,0.181302897193225,0.00405608457596929,0.179856352602547,0.992021392856527,0.0221933721572503,0.181336004063734,0.952,0.00675988165576884,0.703228765918456,"09b_or_to_cor_CAT",1000
0.25,100,0.3,0.3,"CAT","digby (z)","own",1000,1000,1000,1000,0,0.00276860142982489,0.00550755728027417,0.174164253495087,0.00389637977783527,0.179074487393137,1.02819312114577,0.023002601306213,0.174099164737177,0.965,0.00581162627841812,0.700893090919718,"09b_or_to_cor_CAT",1000
0.5,100,0.3,0.3,"CAT","digby (z)","own",1000,1000,1000,1000,0,0.0107125241216785,0.00680150604584188,0.215082506242659,0.00481179754784563,0.200896421838696,0.934043522870433,0.0208962988735977,0.215241683184716,0.941,0.00745110730026082,0.783889884718502,"09b_or_to_cor_CAT",1000
0.75,100,0.3,0.3,"CAT","digby (z)","own",1000,1000,1000,1000,0,-0.0529760458856152,0.00910373104950193,0.287885253220212,0.0064405310301856,0.279963379450373,0.972482530170523,0.02175625129046,0.292577344543829,0.931,0.00801492358042171,1.07432177839696,"09b_or_to_cor_CAT",1000
0,300,0.3,0.3,"CAT","digby (z)","own",1000,1000,1000,1000,0,0.00557094789046826,0.00317355903567446,0.100356748417388,0.00224516797939736,0.103842459080608,1.03473319650337,0.0231489150121399,0.100461141424714,0.959,0.00627048642451286,0.406689805750311,"09b_or_to_cor_CAT",1000
0.1,300,0.3,0.3,"CAT","digby (z)","own",1000,1000,1000,1000,0,0.00413598397133129,0.00320146197577001,0.10123911685856,0.0022649082101381,0.101354088467884,1.0011356441353,0.0223972749884,0.101272976587686,0.952,0.00675988165576884,0.397067072615556,"09b_or_to_cor_CAT",1000
0.25,300,0.3,0.3,"CAT","digby (z)","own",1000,1000,1000,1000,0,-0.000708547500089989,0.00324695404571866,0.102677702423695,0.00229709205723755,0.101536811329445,0.98888861878169,0.0221232861475855,0.102628796660556,0.944,0.00727076337120113,0.397839605643307,"09b_or_to_cor_CAT",1000
0.5,300,0.3,0.3,"CAT","digby (z)","own",1000,1000,1000,1000,0,-0.0250768759090476,0.00357335767356556,0.112999491429076,0.00252800976362432,0.111388073605342,0.985739601095944,0.0220528367379933,0.11569341331089,0.932,0.00796090447122687,0.436259558914848,"09b_or_to_cor_CAT",1000
0.75,300,0.3,0.3,"CAT","digby (z)","own",1000,1000,1000,1000,0,-0.0988747551916644,0.00461589152196238,0.145967306416623,0.00326556138549324,0.147946364006157,1.01355822504449,0.0226751913350197,0.176242348208917,0.869,0.0106695360723885,0.578079274997515,"09b_or_to_cor_CAT",1000
0,25,0.5,0.3,"CAT","digby (z)","own",1000,1000,1000,1000,0,-0.00303097637414435,0.0122428544431377,0.387153051022274,0.00866133714960612,0.373262981203132,0.964122535564511,0.021569222590414,0.386971296414502,0.975,0.00493710441453288,1.44124532824206,"09b_or_to_cor_CAT",1000
0.1,25,0.5,0.3,"CAT","digby (z)","own",1000,1000,1000,1000,0,0.0254464210569251,0.0124301220879301,0.39307497391827,0.00879382162994473,0.378546063050534,0.963037812550344,0.0215449553097744,0.393701597063479,0.966,0.00573096850453743,1.4612893092828,"09b_or_to_cor_CAT",1000
0.25,25,0.5,0.3,"CAT","digby (z)","own",1000,1000,1000,1000,0,0.0382593022590259,0.0118840391169559,0.375806314121167,0.0084074894436695,0.402690728749272,1.07153795350931,0.0239723061963139,0.377561822165525,0.971,0.00530650544143696,1.55028037787264,"09b_or_to_cor_CAT",1000
0.5,25,0.5,0.3,"CAT","digby (z)","own",1000,1000,1000,1000,0,-0.00031251475310727,0.0107971560823824,0.341436054726691,0.00763856251994019,0.496720773909437,1.4547988328504,0.0325465681928615,0.341265437091616,0.973,0.00512552436341883,1.91674041516594,"09b_or_to_cor_CAT",1000
0,50,0.5,0.3,"CAT","digby (z)","own",1000,1000,1000,1000,0,0.00176207489408849,0.00845039679215316,0.267225009953845,0.00597832278450503,0.247188394917444,0.925019686443789,0.0206944187916309,0.267097176411171,0.944,0.00727076337120113,0.962579069139435,"09b_or_to_cor_CAT",1000
0.1,50,0.5,0.3,"CAT","digby (z)","own",1000,1000,1000,1000,0,0.00610741351933521,0.00786915495861929,0.24884452930045,0.00556711708822936,0.247658337480672,0.995233201135211,0.0222652263097311,0.248795049514447,0.972,0.0052168956286282,0.965618577335937,"09b_or_to_cor_CAT",1000
0.25,50,0.5,0.3,"CAT","digby (z)","own",1000,1000,1000,1000,0,0.0440777706260784,0.00888110031401085,0.280845051207109,0.0062830285564848,0.271749153943141,0.96761239970271,0.0216472973720215,0.284144186475988,0.966,0.00573096850453743,1.04871064493771,"09b_or_to_cor_CAT",1000
0.5,50,0.5,0.3,"CAT","digby (z)","own",1000,1000,1000,1000,0,0.0840100704068526,0.00986093856880321,0.311830257444192,0.00697622551608724,0.389759247730964,1.24990836657575,0.0279627856229994,0.32279802241962,0.98,0.00442718872423573,1.47657309696861,"09b_or_to_cor_CAT",1000
0,100,0.5,0.3,"CAT","digby (z)","own",1000,1000,1000,1000,0,-0.00399091857666863,0.00562244359537768,0.177797277772196,0.00397765731924598,0.167894337975342,0.944302073007314,0.0211258018083338,0.177753164647794,0.951,0.00682634602111555,0.657180522212658,"09b_or_to_cor_CAT",1000
0.1,100,0.5,0.3,"CAT","digby (z)","own",1000,1000,1000,1000,0,-0.000728397580861434,0.00544177697448602,0.172084097580358,0.00384984280323661,0.169478417489135,0.984858100615564,0.0220331159251573,0.171999576355414,0.959,0.00627048642451286,0.663096024185306,"09b_or_to_cor_CAT",1000
0.25,100,0.5,0.3,"CAT","digby (z)","own",1000,1000,1000,1000,0,0.0213176137104491,0.00565238286941625,0.178744040746734,0.00399883817601977,0.180527412754133,1.00997723896108,0.0225950779852356,0.179921992331887,0.959,0.00627048642451286,0.70458904498082,"09b_or_to_cor_CAT",1000
0.5,100,0.5,0.3,"CAT","digby (z)","own",1000,1000,1000,1000,0,0.0755505127803065,0.008665386364016,0.274023577156555,0.00613041943600097,0.274947511075371,1.00337173147071,0.0224473004402383,0.284115666407546,0.971,0.00530650544143696,1.03291073872585,"09b_or_to_cor_CAT",1000
0,300,0.5,0.3,"CAT","digby (z)","own",1000,1000,1000,1000,0,0.00477890784662275,0.00306904955008011,0.0970518683016815,0.00217123163601692,0.0952357940619757,0.981287591145999,0.0219532369568007,0.097120976292007,0.949,0.00695693898205238,0.37318276575959,"09b_or_to_cor_CAT",1000
0.1,300,0.5,0.3,"CAT","digby (z)","own",1000,1000,1000,1000,0,0.00122343622163359,0.00300198039079144,0.0949309552606331,0.00212378284834752,0.0961060540402098,1.01237845733618,0.0226487977269804,0.0948913651320183,0.959,0.00627048642451286,0.376566934086457,"09b_or_to_cor_CAT",1000
0.25,300,0.5,0.3,"CAT","digby (z)","own",1000,1000,1000,1000,0,-0.0031771459600315,0.0031860363426833,0.10075131550952,0.00225399518249976,0.101406299146468,1.00650099339782,0.0225173078765959,0.100751034762791,0.957,0.00641490451994416,0.397113068656845,"09b_or_to_cor_CAT",1000
0.5,300,0.5,0.3,"CAT","digby (z)","own",1000,1000,1000,1000,0,0.0278104421987527,0.00447507361851803,0.141514253314484,0.00316593826703692,0.139846683215664,0.988216239284996,0.0221082437618986,0.144151580992215,0.962,0.00604615580348373,0.542994482056191,"09b_or_to_cor_CAT",1000
0,25,0.3,0.5,"CAT","digby (z)","own",1000,1000,1000,1000,0,-0.00229668774483393,0.0115864442156879,0.366395537040571,0.00819695277627245,0.371660803946345,1.0143704449795,0.0226933622126044,0.3662194951778,0.976,0.00483983470792134,1.43590998835094,"09b_or_to_cor_CAT",1000
0.1,25,0.3,0.5,"CAT","digby (z)","own",1000,1000,1000,1000,0,0.00271471347109223,0.0125390322456092,0.39651901550421,0.00887087127543847,0.385048154824394,0.971071095631493,0.0217246748625464,0.396330003905838,0.972,0.0052168956286282,1.48353650951062,"09b_or_to_cor_CAT",1000
0.25,25,0.3,0.5,"CAT","digby (z)","own",1000,1000,1000,1000,0,0.0423369689590203,0.0121771627156078,0.385075696198018,0.00861486284063519,0.406124666228398,1.05466190216158,0.0235947573946429,0.387204632528102,0.976,0.00483983470792134,1.55995910974004,"09b_or_to_cor_CAT",1000
0.5,25,0.3,0.5,"CAT","digby (z)","own",1000,1000,1000,1000,0,0.00691181109438,0.010525115895124,0.332833388658337,0.00744610480584818,0.497365803866736,1.49433867158471,0.0334311482658186,0.332738725840245,0.98,0.00442718872423573,1.91927995248307,"09b_or_to_cor_CAT",1000
0,50,0.3,0.5,"CAT","digby (z)","own",1000,1000,1000,1000,0,6.53173451139434e-05,0.00814626334278223,0.257607465827288,0.00576316035194415,0.246311379148076,0.956150002706889,0.0213908621336545,0.257478638162204,0.956,0.00648567652600714,0.959458418998745,"09b_or_to_cor_CAT",1000
0.1,50,0.3,0.5,"CAT","digby (z)","own",1000,1000,1000,1000,0,0.0107288199290452,0.00840120335330795,0.265669376826974,0.00594352036474534,0.252128791684633,0.949032194436321,0.0212316234629663,0.265753165819185,0.958,0.00634318531969546,0.978518828156662,"09b_or_to_cor_CAT",1000
0.25,50,0.3,0.5,"CAT","digby (z)","own",1000,1000,1000,1000,0,0.0362380079767154,0.008387420597074,0.265233527805632,0.00593376960775091,0.268054114306278,1.01063435126012,0.0226097788151842,0.267566194931403,0.974,0.00503229569878401,1.03645991580371,"09b_or_to_cor_CAT",1000
0.5,50,0.3,0.5,"CAT","digby (z)","own",1000,1000,1000,1000,0,0.0698255458698769,0.00985798532490862,0.311736867672262,0.00697413621238973,0.385191753534787,1.23563105131264,0.0276433754032983,0.319309100477067,0.972,0.0052168956286282,1.45954893474874,"09b_or_to_cor_CAT",1000
0,100,0.3,0.5,"CAT","digby (z)","own",1000,1000,1000,1000,0,0.00975720555574086,0.00550227763599549,0.173997296483526,0.00389264463752628,0.168320901082458,0.967376531039344,0.0216420205492998,0.174183774171561,0.951,0.00682634602111555,0.658851124980276,"09b_or_to_cor_CAT",1000
0.1,100,0.3,0.5,"CAT","digby (z)","own",1000,1000,1000,1000,0,-0.00775946794265366,0.00555698060510434,0.175727156255104,0.00393134483287181,0.169438456928226,0.964213275506782,0.0215712526124708,0.175810587721028,0.947,0.00708456067798138,0.663054156927697,"09b_or_to_cor_CAT",1000
0.25,100,0.3,0.5,"CAT","digby (z)","own",1000,1000,1000,1000,0,0.00413337465701575,0.00573045280277321,0.18121282880859,0.00405406957791158,0.179719881705353,0.991761360864721,0.0221875547557219,0.181169357291849,0.96,0.00619677335393187,0.701495257495921,"09b_or_to_cor_CAT",1000
0.5,100,0.3,0.5,"CAT","digby (z)","own",1000,1000,1000,1000,0,0.0685494386127202,0.00877480527433086,0.277483706913441,0.00620782900393966,0.27217686427764,0.980875119858996,0.0219440092034049,0.285690804767919,0.969,0.00548078461536303,1.02400346642442,"09b_or_to_cor_CAT",1000
0,300,0.3,0.5,"CAT","digby (z)","own",1000,1000,1000,1000,0,-9.84268737699893e-05,0.00291980354243758,0.0923322951433087,0.002065645965908,0.0951099757238565,1.03008352144,0.0230448930930213,0.0922861699365301,0.956,0.00648567652600714,0.372693268637543,"09b_or_to_cor_CAT",1000
0.1,300,0.3,0.5,"CAT","digby (z)","own",1000,1000,1000,1000,0,-0.00152912026242832,0.0032137726378445,0.101628414175161,0.00227361751851526,0.0961323073390513,0.945919584786234,0.0211619885691606,0.101589096078109,0.94,0.00750999334220744,0.376663070514397,"09b_or_to_cor_CAT",1000
0.25,300,0.3,0.5,"CAT","digby (z)","own",1000,1000,1000,1000,0,0.000728717706847317,0.00323844170489885,0.102408518571592,0.00229106991149407,0.101308576876979,0.989259275400567,0.0221315784287243,0.10235989547107,0.941,0.00745110730026082,0.396754912655992,"09b_or_to_cor_CAT",1000
0.5,300,0.3,0.5,"CAT","digby (z)","own",1000,1000,1000,1000,0,0.0246439648606565,0.00456507462524345,0.144360335044089,0.00322961043325218,0.139890822891085,0.969039195208026,0.0216792174534531,0.146377564646229,0.955,0.00655553201502365,0.54314578266798,"09b_or_to_cor_CAT",1000
0,25,0.5,0.5,"CAT","digby (z)","own",1000,1000,1000,1000,0,0.00387042869489606,0.0117204075194198,0.370631828667307,0.00829172653550366,0.327934257573442,0.884797883529339,0.019794581905709,0.370466684989532,0.944,0.00727076337120113,1.27848209639274,"09b_or_to_cor_CAT",1000
0.1,25,0.5,0.5,"CAT","digby (z)","own",1000,1000,1000,1000,0,0.0196652111595048,0.0108673389244002,0.343655431061092,0.00768821411546124,0.328290070418871,0.955288468467449,0.0213715880029353,0.344046038739635,0.957,0.00641490451994416,1.28097072917265,"09b_or_to_cor_CAT",1000
0.25,25,0.5,0.5,"CAT","digby (z)","own",1000,1000,1000,1000,0,0.0290367552634057,0.0114469366996594,0.361983922026945,0.0080982567052835,0.34468624184933,0.952214230729489,0.021302811560502,0.362966197603069,0.961,0.00612200947402077,1.33832389375661,"09b_or_to_cor_CAT",1000
0.5,25,0.5,0.5,"CAT","digby (z)","own",1000,1000,1000,1000,0,0.040139126877926,0.0121839598474985,0.385290640381331,0.00861967154364065,0.406223548725062,1.05433017610553,0.0235873360629365,0.38718416573307,0.969,0.00548078461536303,1.56430186289904,"09b_or_to_cor_CAT",1000
0.75,25,0.5,0.5,"CAT","digby (z)","own",1000,1000,1000,1000,0,-0.0711986169963493,0.0119445619933209,0.377720215519749,0.0084503069940942,0.530174313071937,1.40361646342494,0.0314015229541914,0.384186324214263,0.947,0.00708456067798138,2.04251899314629,"09b_or_to_cor_CAT",1000
0,50,0.5,0.5,"CAT","digby (z)","own",1000,1000,1000,1000,0,0.0074144783049916,0.00713379320197949,0.225590348748808,0.00504687761868687,0.219752467193652,0.974121758366284,0.0217929238881088,0.225599399227248,0.957,0.00641490451994416,0.860946107469727,"09b_or_to_cor_CAT",1000
0.1,50,0.5,0.5,"CAT","digby (z)","own",1000,1000,1000,1000,0,0.00445594242032285,0.00714543653194144,0.225958543171094,0.00505511481588732,0.220913859253027,0.977674294375992,0.0218724007565848,0.225889489334109,0.955,0.00655553201502365,0.86528952637051,"09b_or_to_cor_CAT",1000
0.25,50,0.5,0.5,"CAT","digby (z)","own",1000,1000,1000,1000,0,-0.00894244727761768,0.00730651861203942,0.231052405804567,0.00516907404091678,0.227978483663761,0.986695995957702,0.0220742330780815,0.231109922714633,0.952,0.00675988165576884,0.891755727962704,"09b_or_to_cor_CAT",1000
0.5,50,0.5,0.5,"CAT","digby (z)","own",1000,1000,1000,1000,0,-0.0293220022253061,0.00848023998844033,0.268168734683114,0.00599943567005517,0.262214336204335,0.977796074975648,0.0218751252161471,0.269633706360651,0.944,0.00727076337120113,1.01861894029721,"09b_or_to_cor_CAT",1000
0.75,50,0.5,0.5,"CAT","digby (z)","own",1000,1000,1000,1000,0,-0.0331334050184864,0.0119139727727787,0.376752899432125,0.00842866632577704,0.385451263827998,1.02308771719868,0.022888383880433,0.378019347403544,0.927,0.00822623850857729,1.46816620244388,"09b_or_to_cor_CAT",1000
0,100,0.5,0.5,"CAT","digby (z)","own",1000,1000,1000,1000,0,-0.00308553855682012,0.00494366107519681,0.156332289775389,0.00349744543027419,0.152385383551575,0.974753096564476,0.0218070481032623,0.15628456606388,0.948,0.00702111102319284,0.59728608648995,"09b_or_to_cor_CAT",1000
0.1,100,0.5,0.5,"CAT","digby (z)","own",1000,1000,1000,1000,0,-0.0128794882500695,0.00497555739709091,0.157340940037061,0.00352001082129801,0.153196404631862,0.973658887482033,0.0217825686015506,0.157788771647155,0.955,0.00655553201502365,0.600401718006373,"09b_or_to_cor_CAT",1000
0.25,100,0.5,0.5,"CAT","digby (z)","own",1000,1000,1000,1000,0,-0.0117681246157032,0.0050011411405761,0.158149969041928,0.00353811031181335,0.157772633378091,0.997614064257348,0.0223184906664331,0.158508328021671,0.949,0.00695693898205238,0.618134812264144,"09b_or_to_cor_CAT",1000
0.5,100,0.5,0.5,"CAT","digby (z)","own",1000,1000,1000,1000,0,-0.0357793931678699,0.00577206944325746,0.182528862533536,0.00408351171135703,0.17892146272018,0.980236551286823,0.0219297232312755,0.185912973854946,0.936,0.0077397674383666,0.699487865616735,"09b_or_to_cor_CAT",1000
0.75,100,0.5,0.5,"CAT","digby (z)","own",1000,1000,1000,1000,0,-0.0922474039876621,0.00818867927918869,0.258948775508621,0.00579316795576226,0.249748527277173,0.964470779159405,0.0215770134503274,0.274767169457233,0.893,0.00977501918156686,0.963671550022828,"09b_or_to_cor_CAT",1000
0,300,0.5,0.5,"CAT","digby (z)","own",1000,1000,1000,1000,0,-0.00227968855669586,0.00273913623634588,0.0866190932835426,0.0019378309651466,0.087041604998753,1.00487781272228,0.0224809942919593,0.0866057817576708,0.949,0.00695693898205238,0.341193937016828,"09b_or_to_cor_CAT",1000
0.1,300,0.5,0.5,"CAT","digby (z)","own",1000,1000,1000,1000,0,-0.00256023694970018,0.00273864252489643,0.0866034807566711,0.00193748168374837,0.0875277483821599,1.01067240736069,0.0226106302012621,0.0865980226652465,0.96,0.00619677335393187,0.343091986110385,"09b_or_to_cor_CAT",1000
0.25,300,0.5,0.5,"CAT","digby (z)","own",1000,1000,1000,1000,0,-0.0155507624244043,0.00278610509482923,0.0881043790025977,0.00197105958194883,0.0899891806053983,1.02139282546609,0.0228504659854575,0.0894228462408472,0.955,0.00655553201502365,0.35270749897906,"09b_or_to_cor_CAT",1000
0.5,300,0.5,0.5,"CAT","digby (z)","own",1000,1000,1000,1000,0,-0.0541417948376632,0.00322474692802871,0.101975451702018,0.00228138139643316,0.100832579654349,0.988792674819337,0.0221211397018757,0.115411991167835,0.913,0.00891240708226459,0.395009921409476,"09b_or_to_cor_CAT",1000
0.75,300,0.5,0.5,"CAT","digby (z)","own",1000,1000,1000,1000,0,-0.141577473373242,0.00429650567988076,0.135867439282735,0.00303960848603438,0.133880469394924,0.985375672800634,0.0220446949820246,0.196177679828623,0.777,0.0131632442809514,0.523411237759138,"09b_or_to_cor_CAT",1000
0,25,0.3,0.1,"CAT","lipsey_cooper (r)","own",1000,1000,1000,1000,0,0.0444340848833281,0.00821852172489112,0.259892476502317,0.00581428031030328,0.340257698186119,1.3092248870201,0.0292898070186812,0.263535468471672,0.954,0.00662449998113065,1.37878305124692,"09b_or_to_cor_CAT",1000
0.1,25,0.3,0.1,"CAT","lipsey_cooper (r)","own",1000,1000,999,999,0,0.00681995650739296,0.00837292233462086,0.264775052490964,0.00592351265829739,0.323314957260601,1.22109297767634,0.02731813153156,0.264730493898859,0.966966966966967,0.00565454026312121,1.30316049286364,"09b_or_to_cor_CAT",1000
0.25,25,0.3,0.1,"CAT","lipsey_cooper (r)","own",1000,1000,1000,1000,0,-0.0443574211442505,0.0073667167580903,0.23295603832897,0.00521166185743861,0.296557214732738,1.2730179344566,0.0284797898368866,0.237027061933238,0.98,0.00442718872423573,1.1799001719344,"09b_or_to_cor_CAT",1000
0.5,25,0.3,0.1,"CAT","lipsey_cooper (r)","own",1000,1000,1000,1000,0,-0.136373954073804,0.00387698845222386,0.122601139711983,0.00274281657646126,0.239004666862376,1.94944898084839,0.0436128162609068,0.183340840428265,0.999,0.000999499874937461,0.938291086466998,"09b_or_to_cor_CAT",1000
0,50,0.3,0.1,"CAT","lipsey_cooper (r)","own",1000,1000,1000,1000,0,-0.0113036020179089,0.00774792986536359,0.245011055257907,0.00548135511102407,0.2718083562061,1.1093718033253,0.024818720109516,0.24514925698434,0.952,0.00675988165576884,1.0711960675983,"09b_or_to_cor_CAT",1000
0.1,50,0.3,0.1,"CAT","lipsey_cooper (r)","own",1000,1000,1000,1000,0,-0.014975647145581,0.00744866015614965,0.235547316099783,0.00526963358299271,0.255240023359385,1.08360404009553,0.0242422470988166,0.235905331841225,0.946,0.00714730718522718,0.998000249827548,"09b_or_to_cor_CAT",1000
0.25,50,0.3,0.1,"CAT","lipsey_cooper (r)","own",1000,1000,1000,1000,0,-0.00511515060909117,0.00651868567545896,0.206138940851635,0.00461171327893268,0.222812507449197,1.08088508909902,0.0241814190846452,0.206099331484244,0.971,0.00530650544143696,0.862470095897142,"09b_or_to_cor_CAT",1000
0.5,50,0.3,0.1,"CAT","lipsey_cooper (r)","own",1000,1000,1000,1000,0,-0.0462541721497436,0.00227165124992969,0.0718359199934625,0.00160710375618275,0.16917700566619,2.35504752610652,0.0526868135821067,0.0854089424074783,1,0,0.661288370582665,"09b_or_to_cor_CAT",1000
0,100,0.3,0.1,"CAT","lipsey_cooper (r)","own",1000,1000,1000,1000,0,-0.020352448173134,0.00626052524899093,0.197975191358041,0.00442907494873681,0.197544791236455,0.997825989617016,0.0223232318327129,0.198920095424016,0.939,0.00756828910652864,0.768798917307893,"09b_or_to_cor_CAT",1000
0.1,100,0.3,0.1,"CAT","lipsey_cooper (r)","own",1000,1000,1000,1000,0,-0.00921613365849611,0.00552080834551936,0.17458328897107,0.00390575438440379,0.175952906143133,1.0078450645542,0.0225473772597707,0.174739184451512,0.948,0.00702111102319284,0.683833220814373,"09b_or_to_cor_CAT",1000
0.25,100,0.3,0.1,"CAT","lipsey_cooper (r)","own",1000,1000,1000,1000,0,0.00966774413547661,0.00493982579963902,0.156211007713219,0.00349473212392705,0.151109121989029,0.967339780986776,0.0216411983819561,0.156431909559775,0.942,0.00739161687318817,0.586828820802864,"09b_or_to_cor_CAT",1000
0.5,100,0.3,0.1,"CAT","lipsey_cooper (r)","own",1000,1000,1000,1000,0,0.0184895876294078,0.00140253142151559,0.0443519378194296,0.000992235720932869,0.121738360825888,2.7448261972571,0.0614068907599728,0.0480311580607397,1,0,0.476946595183863,"09b_or_to_cor_CAT",1000
0,300,0.3,0.1,"CAT","lipsey_cooper (r)","own",1000,1000,1000,1000,0,-0.00521859227925091,0.00352916537670568,0.111602008297961,0.00249674545477408,0.108439059356534,0.971658673623665,0.021737820080125,0.111668200277694,0.948,0.00702111102319284,0.424100873237043,"09b_or_to_cor_CAT",1000
0.1,300,0.3,0.1,"CAT","lipsey_cooper (r)","own",1000,1000,1000,1000,0,0.00220786291496361,0.003038553615846,0.0960875021861365,0.00214965696408721,0.0965680697986528,1.00500135399071,0.022483758140972,0.096064821485004,0.949,0.00695693898205238,0.378123791537337,"09b_or_to_cor_CAT",1000
0.25,300,0.3,0.1,"CAT","lipsey_cooper (r)","own",1000,1000,1000,1000,0,0.00785882929219428,0.00259815057105545,0.0821607350860237,0.001838089161794,0.0826317457900505,1.00573279564178,0.0225001218574104,0.0824948313613025,0.946,0.00714730718522718,0.323532780357181,"09b_or_to_cor_CAT",1000
0.5,300,0.3,0.1,"CAT","lipsey_cooper (r)","own",1000,1000,1000,1000,0,0.0867503450260611,0.0010503430540938,0.0332147637547384,0.000743076327216532,0.0755613424076386,2.27493240552882,0.0508944886391092,0.0928856268369463,0.988,0.00344325427466518,0.296124128025595,"09b_or_to_cor_CAT",1000
0,25,0.5,0.1,"CAT","lipsey_cooper (r)","own",1000,1000,1000,1000,0,0.00791879935861668,0.00899115800011913,0.284325380828209,0.00636089003312954,0.358232518885308,1.25993858811273,0.0281871804203222,0.284293490330337,0.964,0.00589101010014412,1.4434498529051,"09b_or_to_cor_CAT",1000
0.1,25,0.5,0.1,"CAT","lipsey_cooper (r)","own",1000,1000,1000,1000,0,-0.0475672325130508,0.00871476810003719,0.275585164762956,0.00616535506859376,0.357585396957407,1.29754951528317,0.0290286071374107,0.279524377225563,0.973,0.00512552436341883,1.44511269964957,"09b_or_to_cor_CAT",1000
0.25,25,0.5,0.1,"CAT","lipsey_cooper (r)","own",1000,1000,1000,1000,0,-0.127615976390269,0.00698562335849676,0.220904806889247,0.00494205329232009,0.342045717964074,1.54838512923606,0.0346402685096711,0.255021513216258,0.983,0.00408790900094413,1.37436321035335,"09b_or_to_cor_CAT",1000
0,50,0.5,0.1,"CAT","lipsey_cooper (r)","own",1000,1000,1000,1000,0,-0.00382201123193769,0.00821522828044549,0.259788328644363,0.00581195032811983,0.276841155414773,1.06564123515246,0.0238403855886109,0.259686529288657,0.943,0.00733150734842434,1.08691033140548,"09b_or_to_cor_CAT",1000
0.1,50,0.5,0.1,"CAT","lipsey_cooper (r)","own",1000,1000,1000,1000,0,0.00536111097244588,0.00794552658332677,0.251259612127282,0.00562114700366509,0.274620317529986,1.09297437500966,0.0244518789993832,0.251191167847369,0.963,0.00596917079668525,1.079683179924,"09b_or_to_cor_CAT",1000
0.25,50,0.5,0.1,"CAT","lipsey_cooper (r)","own",1000,1000,1000,1000,0,-0.0184434636824817,0.00574645731907939,0.181718936052358,0.00406539214261968,0.252696950943354,1.39059228736924,0.0311101478000595,0.182562075198789,0.992,0.00281709069786544,0.99094663135193,"09b_or_to_cor_CAT",1000
0,100,0.5,0.1,"CAT","lipsey_cooper (r)","own",1000,1000,1000,1000,0,0.0121546485848959,0.00635606359020061,0.20099637897901,0.00449666456092851,0.191761288505572,0.954053448523055,0.0213439582991357,0.201263211493143,0.936,0.0077397674383666,0.750772625548646,"09b_or_to_cor_CAT",1000
0.1,100,0.5,0.1,"CAT","lipsey_cooper (r)","own",1000,1000,1000,1000,0,0.0147226762523793,0.00604321129418698,0.191103120712847,0.0042753338878908,0.191315186227472,1.00110969153112,0.0223966943801518,0.191574109783852,0.947,0.00708456067798138,0.749693682139364,"09b_or_to_cor_CAT",1000
0.25,100,0.5,0.1,"CAT","lipsey_cooper (r)","own",1000,1000,1000,1000,0,0.0471986752966182,0.00461621734627634,0.145977609886114,0.00326579189335787,0.181533715069922,1.24357232051921,0.0278210364337673,0.15334884438831,0.991,0.00298646948753876,0.710425770442276,"09b_or_to_cor_CAT",1000
0,300,0.5,0.1,"CAT","lipsey_cooper (r)","own",1000,1000,1000,1000,0,-0.00192826726819465,0.00349546227531896,0.110536222652025,0.0024729018384464,0.107439632971263,0.971985747237716,0.0217451373280107,0.110497766838599,0.94,0.00750999334220744,0.421517026936086,"09b_or_to_cor_CAT",1000
0.1,300,0.5,0.1,"CAT","lipsey_cooper (r)","own",1000,1000,1000,1000,0,0.0169413644307546,0.00335106185302837,0.105969880356741,0.00237074422905774,0.106199447526179,1.00216634357485,0.0224203336607319,0.107263207839663,0.947,0.00708456067798138,0.416513798960823,"09b_or_to_cor_CAT",1000
0.25,300,0.5,0.1,"CAT","lipsey_cooper (r)","own",1000,1000,1000,1000,0,0.0652092136525631,0.00326343490009747,0.103198872799921,0.00230875161236429,0.102689857104197,0.995067623493229,0.022261522028497,0.122031138997441,0.89,0.00989444288477123,0.402308949910612,"09b_or_to_cor_CAT",1000
0,25,0.3,0.3,"CAT","lipsey_cooper (r)","own",1000,1000,1000,1000,0,0.00581219688813543,0.00801444749194203,0.253439082623608,0.00566990583102406,0.242217532544978,0.955722890240667,0.0213813068297224,0.253379002415672,0.929,0.00812151463706124,0.99181296437027,"09b_or_to_cor_CAT",1000
0.1,25,0.3,0.3,"CAT","lipsey_cooper (r)","own",1000,1000,1000,1000,0,-0.0239600481392808,0.00787352121889819,0.248982602573835,0.00557020604534587,0.234270965604116,0.940912992242676,0.0210499817391073,0.250008855752936,0.924,0.00837997613361756,0.956760181345988,"09b_or_to_cor_CAT",1000
0.25,25,0.3,0.3,"CAT","lipsey_cooper (r)","own",1000,1000,1000,1000,0,-0.0322395155703883,0.00697474322252628,0.220560746780057,0.00493435602479874,0.214370600505221,0.971934506183874,0.021743990969892,0.222795382226314,0.938,0.00762600813007697,0.873615388196457,"09b_or_to_cor_CAT",1000
0.5,25,0.3,0.3,"CAT","lipsey_cooper (r)","own",1000,1000,1000,1000,0,-0.0457158920368654,0.00543185005324264,0.171770180767536,0.00384281989757798,0.174273485541209,1.01457357011844,0.0226979065015035,0.177666633869833,0.967,0.00564898220921256,0.703955274063013,"09b_or_to_cor_CAT",1000
0.75,25,0.3,0.3,"CAT","lipsey_cooper (r)","own",1000,1000,1000,1000,0,-0.0143856442400611,0.00348605385021345,0.110238702126739,0.00246624574837654,0.129682636106774,1.17638028754802,0.0263178251074089,0.111118700655394,0.983,0.00408790900094413,0.520825377461623,"09b_or_to_cor_CAT",1000
0,50,0.3,0.3,"CAT","lipsey_cooper (r)","own",1000,1000,1000,1000,0,-0.00950010871873728,0.00547397772289968,0.17310237465385,0.00387262356402861,0.173156640236698,1.0003134883791,0.0223788818279298,0.173276425818283,0.941,0.00745110730026082,0.692404050854636,"09b_or_to_cor_CAT",1000
0.1,50,0.3,0.3,"CAT","lipsey_cooper (r)","own",1000,1000,1000,1000,0,-0.0192901548451395,0.00539728888439409,0.170677260645945,0.00381836923232895,0.16525398024331,0.968224938799048,0.0216610010161403,0.171679080403676,0.95,0.00689202437604511,0.65986315541658,"09b_or_to_cor_CAT",1000
0.25,50,0.3,0.3,"CAT","lipsey_cooper (r)","own",1000,1000,1000,1000,0,-0.034561473712166,0.0046708920600574,0.147706576145774,0.00330447209917225,0.149455891037239,1.0118431754165,0.022636822470259,0.15162424235335,0.959,0.00627048642451286,0.596721549237081,"09b_or_to_cor_CAT",1000
0.5,50,0.3,0.3,"CAT","lipsey_cooper (r)","own",1000,1000,1000,1000,0,-0.0338713593841123,0.00399962830693466,0.126479352439966,0.00282957944165439,0.11838986575552,0.93604104916425,0.0209409872691825,0.130875125801533,0.93,0.00806845710157772,0.469912854947273,"09b_or_to_cor_CAT",1000
0.75,50,0.3,0.3,"CAT","lipsey_cooper (r)","own",1000,1000,1000,1000,0,0.0171702443787647,0.00263696046688822,0.083388011751878,0.00186554563398437,0.0854083344972022,1.02422797597496,0.0229138935998399,0.0850965583055738,0.945,0.00720936890441875,0.337717643133537,"09b_or_to_cor_CAT",1000
0,100,0.3,0.3,"CAT","lipsey_cooper (r)","own",1000,1000,1000,1000,0,-0.00680428804677855,0.00398657837745275,0.126066677435291,0.00282034713071363,0.120952277936866,0.959430996338817,0.0214642640917607,0.126187212855494,0.942,0.00739161687318817,0.478922338008798,"09b_or_to_cor_CAT",1000
0.1,100,0.3,0.3,"CAT","lipsey_cooper (r)","own",1000,1000,1000,1000,0,-0.0125373342893821,0.00370536048047616,0.117173786702805,0.00262139654859815,0.11548163520237,0.985558617263714,0.0220487877914968,0.117784342529336,0.946,0.00714730718522718,0.457124310110165,"09b_or_to_cor_CAT",1000
0.25,100,0.3,0.3,"CAT","lipsey_cooper (r)","own",1000,1000,1000,1000,0,-0.0333744423871902,0.00325320261517888,0.102875299539815,0.00230151267393678,0.105165192624265,1.02225892021402,0.022869842143273,0.108104566660281,0.956,0.00648567652600714,0.415925205648874,"09b_or_to_cor_CAT",1000
0.5,100,0.3,0.3,"CAT","lipsey_cooper (r)","own",1000,1000,1000,1000,0,-0.0310546876095244,0.00278134246061081,0.0879537712846732,0.00196769020588726,0.0821289923483301,0.933774540292418,0.0208902812307316,0.0932337044197995,0.93,0.00806845710157772,0.323791282397601,"09b_or_to_cor_CAT",1000
0.75,100,0.3,0.3,"CAT","lipsey_cooper (r)","own",1000,1000,1000,1000,0,0.0167728384552577,0.00192776774901799,0.0609613688671267,0.00136381972831026,0.0584660676132429,0.959067499627139,0.0214561319911243,0.0631973125655348,0.914,0.00886588969026797,0.230104840690261,"09b_or_to_cor_CAT",1000
0,300,0.3,0.3,"CAT","lipsey_cooper (r)","own",1000,1000,1000,1000,0,0.00368893275048028,0.0021193419072077,0.0670194756742156,0.00149935089720063,0.0693086586497335,1.03415698127281,0.0231360240007702,0.0670874558644512,0.954,0.00662449998113065,0.272645341892094,"09b_or_to_cor_CAT",1000
0.1,300,0.3,0.3,"CAT","lipsey_cooper (r)","own",1000,1000,1000,1000,0,-0.0121920275929857,0.00209694867819355,0.0663113395957108,0.00148350856996716,0.0663819818828503,1.0010653123217,0.0223957015343142,0.067390222599772,0.945,0.00720936890441875,0.26107727098257,"09b_or_to_cor_CAT",1000
0.25,300,0.3,0.3,"CAT","lipsey_cooper (r)","own",1000,1000,1000,1000,0,-0.031911468177547,0.00193741204098864,0.0612663481575959,0.00137064268489404,0.0603329511906474,0.984764932217805,0.0220310315740136,0.0690518186031171,0.934,0.00785136930732467,0.23717463618391,"09b_or_to_cor_CAT",1000
0.5,300,0.3,0.3,"CAT","lipsey_cooper (r)","own",1000,1000,1000,1000,0,-0.0377824521182335,0.00154937779895821,0.0489956280080642,0.00109612374722087,0.047319399341718,0.965788199182378,0.02160648659785,0.0618521194495977,0.896,0.00965318600255895,0.185837206591672,"09b_or_to_cor_CAT",1000
0.75,300,0.3,0.3,"CAT","lipsey_cooper (r)","own",1000,1000,1000,1000,0,0.0142171614943828,0.00107582061620118,0.0340204350096159,0.000761100698590629,0.0329520880328678,0.96859690428867,0.0216693225791633,0.0368559396733093,0.902,0.00940191469861325,0.129303225357611,"09b_or_to_cor_CAT",1000
0,25,0.5,0.3,"CAT","lipsey_cooper (r)","own",1000,1000,1000,1000,0,-0.00367379072319063,0.00792911791392099,0.250740724440333,0.00560953851656268,0.239908799815248,0.956800297800597,0.0214054104499817,0.25064224847429,0.918,0.00867617427210864,0.983481143349193,"09b_or_to_cor_CAT",1000
0.1,25,0.5,0.3,"CAT","lipsey_cooper (r)","own",1000,1000,1000,1000,0,-0.00734158410387704,0.00792694551799213,0.250672027249184,0.00560800163203548,0.236949872403588,0.94525853165118,0.0211471995753469,0.250654199320747,0.922,0.00848033018225116,0.970505694215483,"09b_or_to_cor_CAT",1000
0.25,25,0.5,0.3,"CAT","lipsey_cooper (r)","own",1000,1000,1000,1000,0,-0.0275203681943756,0.0069690943144695,0.220382112622534,0.00493035964491575,0.227413634893399,1.03190604803262,0.0230856664183023,0.221984409258761,0.934,0.00785136930732467,0.928129047331994,"09b_or_to_cor_CAT",1000
0.5,25,0.5,0.3,"CAT","lipsey_cooper (r)","own",1000,1000,1000,1000,0,-0.0456935988541168,0.00455174210547087,0.143938723749783,0.00322017820081486,0.189385095393387,1.31573415728352,0.0294354315570919,0.150948808590073,0.987,0.00358203852575597,0.765125049065837,"09b_or_to_cor_CAT",1000
0,50,0.5,0.3,"CAT","lipsey_cooper (r)","own",1000,1000,1000,1000,0,0.00138097462363416,0.00577964400004655,0.182768391050734,0.0040888704118475,0.169756270683574,0.928805411634071,0.020779112537792,0.182682203767685,0.923,0.00843036179532053,0.68005512708502,"09b_or_to_cor_CAT",1000
0.1,50,0.5,0.3,"CAT","lipsey_cooper (r)","own",1000,1000,1000,1000,0,-0.0124493906554139,0.00535780215524486,0.169428580631328,0.00379043392723445,0.168167399626821,0.992556267662707,0.0222053383060819,0.16980083986395,0.954,0.00662449998113065,0.673258353246313,"09b_or_to_cor_CAT",1000
0.25,50,0.5,0.3,"CAT","lipsey_cooper (r)","own",1000,1000,1000,1000,0,-0.012288779933061,0.00524959098023805,0.166006642818282,0.00371387878444139,0.158040740845298,0.95201455894928,0.0212983445296906,0.166378067564749,0.939,0.00756828910652864,0.631061850671008,"09b_or_to_cor_CAT",1000
0.5,50,0.5,0.3,"CAT","lipsey_cooper (r)","own",1000,1000,1000,1000,0,-0.0062623268918975,0.00364116264976486,0.115143673043909,0.00257597911276678,0.130183970546895,1.13062200558124,0.0252941268401357,0.115256340887179,0.982,0.00420428352992517,0.51617975584923,"09b_or_to_cor_CAT",1000
0,100,0.5,0.3,"CAT","lipsey_cooper (r)","own",1000,1000,1000,1000,0,-0.00272900651231551,0.00400647391161794,0.126695829467568,0.00283442243725073,0.119722292549568,0.944958433538764,0.0211404858198367,0.126661868168028,0.939,0.00756828910652864,0.47460541294274,"09b_or_to_cor_CAT",1000
0.1,100,0.5,0.3,"CAT","lipsey_cooper (r)","own",1000,1000,1000,1000,0,-0.0139158069051913,0.00380612093588349,0.120360112074435,0.00269268060083319,0.11854155777663,0.9848907227946,0.0220338457442571,0.121102104456589,0.942,0.00739161687318817,0.46973368360731,"09b_or_to_cor_CAT",1000
0.25,100,0.5,0.3,"CAT","lipsey_cooper (r)","own",1000,1000,1000,1000,0,-0.016309413454786,0.0034431454007443,0.108881817814852,0.0024358897109716,0.110918016146296,1.01870099500825,0.0227902447084113,0.110042682481186,0.948,0.00702111102319284,0.438792226979992,"09b_or_to_cor_CAT",1000
0.5,100,0.5,0.3,"CAT","lipsey_cooper (r)","own",1000,1000,1000,1000,0,-0.00275940179202196,0.00294442114231909,0.0931107720048313,0.00208306194788983,0.0907506642078721,0.974652687909872,0.0218048017740445,0.0931051048317017,0.944,0.00727076337120113,0.357766494566364,"09b_or_to_cor_CAT",1000
0,300,0.5,0.3,"CAT","lipsey_cooper (r)","own",1000,1000,1000,1000,0,0.00345944880355012,0.00223565221421929,0.0706975305293164,0.00158163585678097,0.0693662325577697,0.981169102207967,0.0219505861378595,0.0707468053564616,0.945,0.00720936890441875,0.272923115816954,"09b_or_to_cor_CAT",1000
0.1,300,0.5,0.3,"CAT","lipsey_cooper (r)","own",1000,1000,1000,1000,0,-0.010303583789864,0.00214112054701548,0.0677081767355456,0.00151475842678542,0.0684807468986296,1.01141029341407,0.0226271380910214,0.0684541937252187,0.954,0.00662449998113065,0.26941918596965,"09b_or_to_cor_CAT",1000
0.25,300,0.5,0.3,"CAT","lipsey_cooper (r)","own",1000,1000,1000,1000,0,-0.0264776082089243,0.00201934614040717,0.0638573318795685,0.00142860783202613,0.0643251590798846,1.00732613133913,0.0225357677541191,0.0690995283081431,0.935,0.0077958322198467,0.252913165501573,"09b_or_to_cor_CAT",1000
0.5,300,0.5,0.3,"CAT","lipsey_cooper (r)","own",1000,1000,1000,1000,0,-0.00930808823573919,0.00161376365543034,0.0510316875635902,0.00114167420386979,0.0513267952667555,1.00578283253513,0.0225012412762088,0.0518485236921613,0.954,0.00662449998113065,0.201581352324561,"09b_or_to_cor_CAT",1000
0,25,0.3,0.5,"CAT","lipsey_cooper (r)","own",1000,1000,999,999,0,-0.00184941149403643,0.00695846071146227,0.220045848570165,0.00492283678975248,0.219753943669358,0.998673436001163,0.0223421907917859,0.219943573719182,0.943943943943944,0.00727782531920581,0.906923852671987,"09b_or_to_cor_CAT",1000
0.1,25,0.3,0.5,"CAT","lipsey_cooper (r)","own",1000,1000,1000,1000,0,-0.0245878439690286,0.00726966620388473,0.229887030334257,0.00514300241413356,0.219292092323755,0.95391241517585,0.0213408031196369,0.231083882476111,0.942,0.00739161687318817,0.904033341106632,"09b_or_to_cor_CAT",1000
0.25,25,0.3,0.5,"CAT","lipsey_cooper (r)","own",1000,1000,1000,1000,0,-0.0318429442536791,0.00665014011550171,0.210295895242406,0.00470471211595317,0.210116203836007,0.999145530604903,0.0223527524301837,0.212589069076922,0.946,0.00714730718522718,0.863545893484227,"09b_or_to_cor_CAT",1000
0.5,25,0.3,0.5,"CAT","lipsey_cooper (r)","own",1000,1000,1000,1000,0,-0.0469701884861876,0.00446576783500783,0.141219978601438,0.00315935479185166,0.183129045244473,1.29676443133669,0.0290110433425931,0.148759328716764,0.981,0.00431729081716764,0.746055333349323,"09b_or_to_cor_CAT",1000
0,50,0.3,0.5,"CAT","lipsey_cooper (r)","own",1000,1000,1000,1000,0,8.14403162177519e-05,0.00512219093963009,0.161977899795091,0.00362374827527753,0.155372848220721,0.959222513795241,0.0214595999477098,0.161896911071619,0.927,0.00822623850857729,0.624349753467432,"09b_or_to_cor_CAT",1000
0.1,50,0.3,0.5,"CAT","lipsey_cooper (r)","own",1000,1000,1000,1000,0,-0.0134755093875571,0.00512744668122802,0.162144100937519,0.00362746650538166,0.154517370975813,0.952963259732495,0.0213195687388653,0.162622286641842,0.928,0.00817410545564467,0.620686200767098,"09b_or_to_cor_CAT",1000
0.25,50,0.3,0.5,"CAT","lipsey_cooper (r)","own",1000,1000,1000,1000,0,-0.0221242656776291,0.00461534300257179,0.145949960710472,0.00326517332963608,0.147569736536149,1.01109815869625,0.022620155054158,0.147545155027643,0.963,0.00596917079668525,0.591532046607967,"09b_or_to_cor_CAT",1000
0.5,50,0.3,0.5,"CAT","lipsey_cooper (r)","own",1000,1000,1000,1000,0,-0.0159554001085053,0.00376494121667047,0.119057895013242,0.00266354757197243,0.129745521057893,1.08976831014409,0.0243801533377853,0.120063243231397,0.966,0.00573096850453743,0.516445006753628,"09b_or_to_cor_CAT",1000
0,100,0.3,0.5,"CAT","lipsey_cooper (r)","own",1000,1000,1000,1000,0,0.00610663145201772,0.00360648663491795,0.114047121172969,0.00255144719849885,0.109867893220281,0.96335525255084,0.0215520570357244,0.114153537175528,0.937,0.00768316341099159,0.435990453218961,"09b_or_to_cor_CAT",1000
0.1,100,0.3,0.5,"CAT","lipsey_cooper (r)","own",1000,1000,1000,1000,0,-0.0216373549865485,0.00356453622553166,0.112720532748597,0.00252176893670572,0.108996322946212,0.966960679553468,0.0216327171745393,0.11472309146566,0.94,0.00750999334220744,0.432433934288455,"09b_or_to_cor_CAT",1000
0.25,100,0.3,0.5,"CAT","lipsey_cooper (r)","own",1000,1000,1000,1000,0,-0.0331302026135937,0.00334102758687694,0.105652568999872,0.00236364538110606,0.10422510786252,0.986489101487408,0.0220696044621972,0.110674808317676,0.936,0.0077397674383666,0.413087423388744,"09b_or_to_cor_CAT",1000
0.5,100,0.3,0.5,"CAT","lipsey_cooper (r)","own",1000,1000,1000,1000,0,-0.00898746198935594,0.00307124707338603,0.0971213600902617,0.00217278629717336,0.0908365824851928,0.935289439941656,0.0209241723664859,0.0974879505385492,0.944,0.00727076337120113,0.358482345383278,"09b_or_to_cor_CAT",1000
0,300,0.3,0.5,"CAT","lipsey_cooper (r)","own",1000,1000,1000,1000,0,-0.000106821057306469,0.00195769620650579,0.0619077897922963,0.00138499293280055,0.0635752032463373,1.02693382302349,0.02297442845421,0.0618769203602479,0.954,0.00662449998113065,0.250222561942361,"09b_or_to_cor_CAT",1000
0.1,300,0.3,0.5,"CAT","lipsey_cooper (r)","own",1000,1000,1000,1000,0,-0.015666768307829,0.00210592572043712,0.066595218597123,0.00148985947365869,0.0629913963546432,0.945884669824697,0.0211612074562321,0.0683808148976728,0.934,0.00785136930732467,0.247905343818683,"09b_or_to_cor_CAT",1000
0.25,300,0.3,0.5,"CAT","lipsey_cooper (r)","own",1000,1000,1000,1000,0,-0.0306437499443059,0.00193661450727975,0.0612411279272873,0.00137007846121785,0.060046066378515,0.980485964429145,0.0219353030692994,0.0684526455639643,0.915,0.00881901355027874,0.236228611885114,"09b_or_to_cor_CAT",1000
0.5,300,0.3,0.5,"CAT","lipsey_cooper (r)","own",1000,1000,1000,1000,0,-0.0142365964747801,0.00169782203716716,0.0536898469907529,0.00120114219704528,0.0515411204159193,0.959978902990659,0.0214765217873299,0.055519345722066,0.935,0.0077958322198467,0.202489528811481,"09b_or_to_cor_CAT",1000
0,25,0.5,0.5,"CAT","lipsey_cooper (r)","own",1000,1000,1000,1000,0,0.00277882113933603,0.00767587874607166,0.242732598808637,0.00543038178294177,0.21372152037264,0.880481325629987,0.0196980124399812,0.242627115666808,0.902,0.00940191469861325,0.881755268798601,"09b_or_to_cor_CAT",1000
0.1,25,0.5,0.5,"CAT","lipsey_cooper (r)","own",1000,1000,1000,1000,0,-0.00770493829647654,0.00703946268168345,0.222607355778766,0.00498014249220337,0.213229079552994,0.95787077119279,0.0214293589399523,0.222629393580721,0.917,0.00872416185085994,0.878492701412491,"09b_or_to_cor_CAT",1000
0.25,25,0.5,0.5,"CAT","lipsey_cooper (r)","own",1000,1000,1000,1000,0,-0.0309230854166252,0.00667040384833695,0.210936690738971,0.00471904790854228,0.201255608052697,0.954104320816079,0.0213450964073859,0.213086908148043,0.923,0.00843036179532053,0.825785370057227,"09b_or_to_cor_CAT",1000
0.5,25,0.5,0.5,"CAT","lipsey_cooper (r)","own",1000,1000,1000,1000,0,-0.0402000493366322,0.00518311336099328,0.163904435915893,0.00366684848804635,0.164835244766092,1.0056789729027,0.0224989177421689,0.168682670762179,0.956,0.00648567652600714,0.668576605338444,"09b_or_to_cor_CAT",1000
0.75,25,0.5,0.5,"CAT","lipsey_cooper (r)","own",1000,1000,1000,1000,0,-0.0116393245363791,0.00297306578843401,0.0940165952497577,0.00210332690641603,0.116095193390082,1.23483724422983,0.0276256164556217,0.0946876704636752,0.992,0.00281709069786544,0.468638377247439,"09b_or_to_cor_CAT",1000
0,50,0.5,0.5,"CAT","lipsey_cooper (r)","own",1000,1000,1000,1000,0,0.00503188613586726,0.00499614016504861,0.157991824310032,0.00353457231866627,0.153834818770035,0.973688476868021,0.0217832305714031,0.157992958736608,0.939,0.00756828910652864,0.61817278997469,"09b_or_to_cor_CAT",1000
0.1,50,0.5,0.5,"CAT","lipsey_cooper (r)","own",1000,1000,1000,1000,0,-0.0118854120670376,0.00489838104159283,0.154900409388213,0.00346541159053436,0.151883898269329,0.980526125587414,0.0219362015494513,0.155278477941441,0.94,0.00750999334220744,0.609979747554059,"09b_or_to_cor_CAT",1000
0.25,50,0.5,0.5,"CAT","lipsey_cooper (r)","own",1000,1000,1000,1000,0,-0.0388572441271963,0.00459607783310147,0.145340742560119,0.00325154398128421,0.143158530780483,0.984985546783392,0.0220359671340657,0.150375173940512,0.935,0.0077958322198467,0.573580327896749,"09b_or_to_cor_CAT",1000
0.5,50,0.5,0.5,"CAT","lipsey_cooper (r)","own",1000,1000,1000,1000,0,-0.0522732163340063,0.00372194015177597,0.117698081944449,0.00263312601280311,0.115726282262972,0.983246968439068,0.0219970718879571,0.128730240428621,0.945,0.00720936890441875,0.460345828267207,"09b_or_to_cor_CAT",1000
0.75,50,0.5,0.5,"CAT","lipsey_cooper (r)","own",1000,1000,1000,1000,0,0.00240407714847536,0.00255649833841874,0.0808435758383915,0.00180862184830302,0.0779975232306515,0.964795562563569,0.0215842794619387,0.0808388994081392,0.942,0.00739161687318817,0.308090934572961,"09b_or_to_cor_CAT",1000
0,100,0.5,0.5,"CAT","lipsey_cooper (r)","own",1000,1000,1000,1000,0,-0.00230190141440789,0.00354486090917903,0.11209834461501,0.00250784942559442,0.109373537122538,0.975692705348769,0.0218280689074326,0.112065925136421,0.945,0.00720936890441875,0.434005860285318,"09b_or_to_cor_CAT",1000
0.1,100,0.5,0.5,"CAT","lipsey_cooper (r)","own",1000,1000,1000,1000,0,-0.0214686160033691,0.00350225565570398,0.11075104820231,0.00247770788740937,0.108241237894052,0.977338270391142,0.0218648832721805,0.112758282872402,0.946,0.00714730718522718,0.429387601790609,"09b_or_to_cor_CAT",1000
0.25,100,0.5,0.5,"CAT","lipsey_cooper (r)","own",1000,1000,1000,1000,0,-0.0346289681191303,0.00319787139483858,0.101125572719895,0.00226236801559813,0.101293134282812,1.00165696528,0.0224089379164992,0.106842503290894,0.941,0.00745110730026082,0.401232388376571,"09b_or_to_cor_CAT",1000
0.5,100,0.5,0.5,"CAT","lipsey_cooper (r)","own",1000,1000,1000,1000,0,-0.0453200130605296,0.00256490048956161,0.0811092751869561,0.00181456603919154,0.0803857387545558,0.991079485906729,0.0221722999388234,0.0928764738275447,0.939,0.00756828910652864,0.317156145438083,"09b_or_to_cor_CAT",1000
0.75,100,0.5,0.5,"CAT","lipsey_cooper (r)","own",1000,1000,1000,1000,0,-0.000817068504051336,0.00175788223300691,0.0555891171464465,0.00124363241922798,0.0539846617091969,0.971137238373066,0.0217261545992636,0.0555673230965514,0.933,0.00790638982089803,0.212404638551337,"09b_or_to_cor_CAT",1000
0,300,0.5,0.5,"CAT","lipsey_cooper (r)","own",1000,1000,1000,1000,0,-0.00165811322701647,0.00199822813417295,0.0631895218861506,0.00141366767466564,0.063499713412536,1.00490890763415,0.0224816899432391,0.0631796810691357,0.948,0.00702111102319284,0.24992372205294,"09b_or_to_cor_CAT",1000
0.1,300,0.5,0.5,"CAT","lipsey_cooper (r)","own",1000,1000,1000,1000,0,-0.0123491862107665,0.00195935316188044,0.0619601873219478,0.00138616516344402,0.062651711591807,1.01116078404131,0.0226215561001428,0.0631484611706895,0.952,0.00675988165576884,0.246558701999198,"09b_or_to_cor_CAT",1000
0.25,300,0.5,0.5,"CAT","lipsey_cooper (r)","own",1000,1000,1000,1000,0,-0.0331463023598629,0.00181564888335289,0.057415859025365,0.00128450004833962,0.0585374936577184,1.01953527564323,0.0228089091250751,0.0662718767418309,0.931,0.00801492358042171,0.230253524362667,"09b_or_to_cor_CAT",1000
0.5,300,0.5,0.5,"CAT","lipsey_cooper (r)","own",1000,1000,1000,1000,0,-0.047544446029078,0.00147852249278023,0.0467549864897538,0.00104599640980161,0.0462242909027591,0.98864943342223,0.0221179351241748,0.0666657114347947,0.863,0.0108734079294396,0.181559520807891,"09b_or_to_cor_CAT",1000
0.75,300,0.5,0.5,"CAT","lipsey_cooper (r)","own",1000,1000,1000,1000,0,-0.00531321136797497,0.000993281141541458,0.031410307641631,0.000702707272327199,0.0307998648173356,0.980565525455524,0.0219370829981199,0.0318410275235668,0.945,0.00720936890441875,0.120852017129356,"09b_or_to_cor_CAT",1000
0,25,0.3,0.1,"CAT","lipsey_cooper (z)","own",1000,1000,1000,1000,0,0.0492514370542217,0.00875804290568948,0.27695363427458,0.00619597028856382,0.362786282662237,1.30991703218655,0.0293052915993329,0.281162437523695,0.971,0.00530650544143696,1.40088264448206,"09b_or_to_cor_CAT",1000
0.1,25,0.3,0.1,"CAT","lipsey_cooper (z)","own",1000,1000,1000,1000,0,0.0194620142936324,0.00904648405693301,0.286074944363087,0.00640003103847669,0.353329344438467,1.23509364032252,0.027631352515293,0.286593448841589,0.992,0.00281709069786544,1.36216539172724,"09b_or_to_cor_CAT",1000
0.25,25,0.3,0.1,"CAT","lipsey_cooper (z)","own",1000,1000,1000,1000,0,-0.0299195941647723,0.00840648349877255,0.265836349687425,0.00594725585962361,0.342601518776716,1.28876851935242,0.0288321598510863,0.267382643350882,0.994,0.00244213021765835,1.3192671150598,"09b_or_to_cor_CAT",1000
0.5,25,0.3,0.1,"CAT","lipsey_cooper (z)","own",1000,1000,1000,1000,0,-0.212210264144505,0.00534930141941816,0.169159763761331,0.00378441999156636,0.334876756907344,1.97964781613094,0.0442884206329167,0.271329332838147,0.996,0.00199599599197994,1.29752891560873,"09b_or_to_cor_CAT",1000
0,50,0.3,0.1,"CAT","lipsey_cooper (z)","own",1000,1000,1000,1000,0,-0.0107681240613946,0.00817667883682321,0.258569288200576,0.00578467811560656,0.290902250985487,1.12504564254294,0.0251693731794949,0.25866420552437,0.977,0.00474035863622153,1.11609637104756,"09b_or_to_cor_CAT",1000
0.1,50,0.3,0.1,"CAT","lipsey_cooper (z)","own",1000,1000,1000,1000,0,-0.00634155866079236,0.00804277019992034,0.254334725290761,0.00568994303100298,0.275874840545531,1.08469199489038,0.0242665866804285,0.254286613297842,0.974,0.00503229569878401,1.05543245051223,"09b_or_to_cor_CAT",1000
0.25,50,0.3,0.1,"CAT","lipsey_cooper (z)","own",1000,1000,1000,1000,0,0.0134808742326854,0.00761366845960512,0.240765336817379,0.00538637045635426,0.266376442374467,1.10637372428953,0.0247516474795537,0.241022226019615,0.986,0.00371537346709587,1.02059153986638,"09b_or_to_cor_CAT",1000
0.5,50,0.3,0.1,"CAT","lipsey_cooper (z)","own",1000,1000,1000,1000,0,-0.0759735877518744,0.00370103381618892,0.117036965564619,0.00261833560408565,0.286646948956907,2.44920011018776,0.054793182812779,0.139484550015968,0.999,0.000999499874937461,1.11749879154479,"09b_or_to_cor_CAT",1000
0,100,0.3,0.1,"CAT","lipsey_cooper (z)","own",1000,1000,1000,1000,0,-0.0218215722300069,0.0065331453029547,0.206596194421676,0.00462194289567606,0.208552483320263,1.0094691429533,0.0225837109281607,0.207642689677626,0.968,0.00556560868189635,0.79629841260274,"09b_or_to_cor_CAT",1000
0.1,100,0.3,0.1,"CAT","lipsey_cooper (z)","own",1000,1000,1000,1000,0,-0.00468740931252554,0.00583965983635931,0.184666258435016,0.00413132925141263,0.185685910110172,1.00552159167461,0.0224953968300286,0.184633412965928,0.963,0.00596917079668525,0.713833950553768,"09b_or_to_cor_CAT",1000
0.25,100,0.3,0.1,"CAT","lipsey_cooper (z)","own",1000,1000,1000,1000,0,0.0246660389967959,0.00599372048828916,0.189538084014103,0.00424032109265766,0.183371415044928,0.967464749887855,0.0216439941697785,0.19104233584794,0.98,0.00442718872423573,0.704286907456305,"09b_or_to_cor_CAT",1000
0.5,100,0.3,0.1,"CAT","lipsey_cooper (z)","own",1000,1000,1000,1000,0,0.0422758283007838,0.00272583387400635,0.0861984356510052,0.00192842006790495,0.248538160835113,2.88332565385965,0.0645053823913946,0.0959686709134244,1,0,0.969464899219864,"09b_or_to_cor_CAT",1000
0,300,0.3,0.1,"CAT","lipsey_cooper (z)","own",1000,1000,1000,1000,0,-0.00545613006533285,0.00359373750747492,0.113643958363971,0.00254242769314899,0.110140137951011,0.969168440950128,0.0216821089222005,0.11371808861676,0.954,0.00662449998113065,0.42829026013718,"09b_or_to_cor_CAT",1000
0.1,300,0.3,0.1,"CAT","lipsey_cooper (z)","own",1000,1000,1000,1000,0,0.00378603641030448,0.00314058510347079,0.0993140211256328,0.0022218402215374,0.0999007781496355,1.00590809854794,0.0225040437109759,0.0993365269628984,0.951,0.00682634602111555,0.390132158619942,"09b_or_to_cor_CAT",1000
0.25,300,0.3,0.1,"CAT","lipsey_cooper (z)","own",1000,1000,1000,1000,0,0.0126508715489537,0.00305793891540674,0.0967005191835026,0.00216337129974492,0.0972055674130969,1.00522280783866,0.0224887124773387,0.0974765816537322,0.956,0.00648567652600714,0.379444760751787,"09b_or_to_cor_CAT",1000
0.5,300,0.3,0.1,"CAT","lipsey_cooper (z)","own",1000,1000,1000,1000,0,0.198737228337633,0.00253624171903616,0.0802030052889508,0.00179429108820139,0.20029529866891,2.49735403239938,0.0558704760286003,0.214295532997416,1,0,0.77775794956272,"09b_or_to_cor_CAT",1000
0,25,0.5,0.1,"CAT","lipsey_cooper (z)","own",1000,1000,1000,1000,0,0.00919621383182171,0.00959490397720076,0.303417504985627,0.00678801652430116,0.385795160969164,1.27149935198182,0.0284458163094435,0.303405158984174,0.98,0.00442718872423573,1.48416434431047,"09b_or_to_cor_CAT",1000
0.1,25,0.5,0.1,"CAT","lipsey_cooper (z)","own",1000,1000,1000,1000,0,-0.041149988269456,0.0093364691982985,0.295245079706295,0.00660518410056758,0.389103348771449,1.31789951981087,0.0294838747628241,0.297952695856678,0.985,0.00384382621875652,1.50254215331926,"09b_or_to_cor_CAT",1000
0.25,25,0.5,0.1,"CAT","lipsey_cooper (z)","own",1000,1000,1000,1000,0,-0.134200044470296,0.00778755436844729,0.246264092066875,0.00550938788574891,0.392577122601699,1.59413059089058,0.035663679962604,0.28034801403668,0.982,0.00420428352992517,1.52147007784581,"09b_or_to_cor_CAT",1000
0,50,0.5,0.1,"CAT","lipsey_cooper (z)","own",1000,1000,1000,1000,0,-0.00431359266517065,0.00875050609579129,0.27671529941888,0.00619063829251144,0.298700756141505,1.07945154015262,0.0241493479161179,0.276610543286457,0.98,0.00442718872423573,1.14274772285593,"09b_or_to_cor_CAT",1000
0.1,50,0.5,0.1,"CAT","lipsey_cooper (z)","own",1000,1000,1000,1000,0,0.0159655902774969,0.00859271890479348,0.271725630327349,0.0060790100717016,0.305031312317043,1.12257099909777,0.0251140107817374,0.272058602936072,0.985,0.00384382621875652,1.17012031110375,"09b_or_to_cor_CAT",1000
0.25,50,0.5,0.1,"CAT","lipsey_cooper (z)","own",1000,1000,1000,1000,0,-0.00538798287537275,0.00680654489116303,0.21524184852258,0.00481536233237966,0.320098450698121,1.48715713461521,0.0332704838650578,0.215201660452533,0.988,0.00344325427466518,1.23824978765125,"09b_or_to_cor_CAT",1000
0,100,0.5,0.1,"CAT","lipsey_cooper (z)","own",1000,1000,1000,1000,0,0.0129986863994137,0.00669398817913048,0.211682492762955,0.00473573289335521,0.202223499190398,0.955315182426781,0.0213721856441208,0.211975550742784,0.955,0.00655553201502365,0.777924367526124,"09b_or_to_cor_CAT",1000
0.1,100,0.5,0.1,"CAT","lipsey_cooper (z)","own",1000,1000,1000,1000,0,0.0231929872229926,0.00653619127446161,0.206692516498174,0.00462409780050581,0.209367748678009,1.01294305292305,0.0226614287852096,0.207886962641474,0.975,0.00493710441453288,0.80533867194746,"09b_or_to_cor_CAT",1000
0.25,100,0.5,0.1,"CAT","lipsey_cooper (z)","own",1000,1000,1000,1000,0,0.0778852916776479,0.00599860119923732,0.189692425646074,0.00424377400335329,0.254733495480014,1.34287647286082,0.0300426558721665,0.204971587764881,0.987,0.00358203852575597,0.979270775764829,"09b_or_to_cor_CAT",1000
0,300,0.5,0.1,"CAT","lipsey_cooper (z)","own",1000,1000,1000,1000,0,-0.00192515843830981,0.0035466498436637,0.112154915690574,0.00250911502625823,0.108894882832923,0.970932768861913,0.0217215802342464,0.112115354093268,0.952,0.00675988165576884,0.425273296891763,"09b_or_to_cor_CAT",1000
0.1,300,0.5,0.1,"CAT","lipsey_cooper (z)","own",1000,1000,1000,1000,0,0.0198817583041854,0.00352979907523727,0.111622047605058,0.00249719377151743,0.111745581826669,1.00110671882716,0.0223966278752098,0.113323900141587,0.958,0.00634318531969546,0.436064237129809,"09b_or_to_cor_CAT",1000
0.25,300,0.5,0.1,"CAT","lipsey_cooper (z)","own",1000,1000,1000,1000,0,0.0961845712994096,0.00470190032388506,0.148687143545602,0.00332640922410359,0.148223410665258,0.996881150116371,0.0223020940076441,0.177023248600702,0.964,0.00589101010014412,0.567855076281413,"09b_or_to_cor_CAT",1000
0,25,0.3,0.3,"CAT","lipsey_cooper (z)","own",1000,1000,1000,1000,0,0.00668678023485047,0.00853562870462716,0.269920279681344,0.0060386210044399,0.259802840188567,0.962516934612245,0.021533302297035,0.269868140868427,0.947,0.00708456067798138,1.00778144818491,"09b_or_to_cor_CAT",1000
0.1,25,0.3,0.3,"CAT","lipsey_cooper (z)","own",1000,1000,1000,1000,0,-0.0176736539713107,0.00843832017230472,0.266843113702274,0.00596977905178152,0.252203385942538,0.9451373222392,0.0211444878943203,0.267294594273232,0.955,0.00655553201502365,0.978829446663859,"09b_or_to_cor_CAT",1000
0.25,25,0.3,0.3,"CAT","lipsey_cooper (z)","own",1000,1000,1000,1000,0,-0.019186416964444,0.00791147809774052,0.250182904473963,0.00559705904162439,0.242435040757132,0.96903120245917,0.0216790386407266,0.250792768638313,0.948,0.00702111102319284,0.94492367351679,"09b_or_to_cor_CAT",1000
0.5,25,0.3,0.3,"CAT","lipsey_cooper (z)","own",1000,1000,1000,1000,0,-0.0371095859469802,0.00736032522696924,0.232753920368186,0.00520714010099702,0.239681770949034,1.02976469985936,0.023037760458542,0.235578722359362,0.959,0.00627048642451286,0.935255869758281,"09b_or_to_cor_CAT",1000
0.75,25,0.3,0.3,"CAT","lipsey_cooper (z)","own",1000,1000,1000,1000,0,0.000148771174484021,0.00641351054757609,0.202813011278541,0.00453730601985944,0.24975796785277,1.23146915613691,0.0275502660316864,0.202711634000588,0.984,0.00396787096564392,0.976273827407391,"09b_or_to_cor_CAT",1000
0,50,0.3,0.3,"CAT","lipsey_cooper (z)","own",1000,1000,1000,1000,0,-0.0102351405861778,0.00564694858649843,0.178572193632034,0.00399499363496636,0.17923183075406,1.0036939520572,0.0224545091168295,0.178776112534748,0.969,0.00548078461536303,0.697389688208474,"09b_or_to_cor_CAT",1000
0.1,50,0.3,0.3,"CAT","lipsey_cooper (z)","own",1000,1000,1000,1000,0,-0.0165066640501009,0.00563196293074325,0.178098305587858,0.00398439187395496,0.172158597785583,0.966649273935146,0.0216257504489938,0.178772921341225,0.959,0.00627048642451286,0.670798789906251,"09b_or_to_cor_CAT",1000
0.25,50,0.3,0.3,"CAT","lipsey_cooper (z)","own",1000,1000,1000,1000,0,-0.0308452784117452,0.00514284537028715,0.162631050241594,0.00363836047118208,0.164379595446455,1.01075160740992,0.0226124020543492,0.165450418084934,0.953,0.00669260786241059,0.642687751499564,"09b_or_to_cor_CAT",1000
0.5,50,0.3,0.3,"CAT","lipsey_cooper (z)","own",1000,1000,1000,1000,0,-0.0312161100905141,0.00563156436112452,0.178085701709845,0.00398410990165336,0.163906803603997,0.920381602960191,0.0205906561978107,0.180713165446011,0.935,0.0077958322198467,0.640869034255078,"09b_or_to_cor_CAT",1000
0.75,50,0.3,0.3,"CAT","lipsey_cooper (z)","own",1000,1000,1000,1000,0,0.0563673948544502,0.00547145843900183,0.173022707901952,0.00387084126993076,0.182899275197825,1.05708249174709,0.0236489105065596,0.181890636908424,0.961,0.00612200947402077,0.711996462144069,"09b_or_to_cor_CAT",1000
0,100,0.3,0.3,"CAT","lipsey_cooper (z)","own",1000,1000,1000,1000,0,-0.0071921492771637,0.00406870898335272,0.128663875237827,0.00287845129843898,0.123163244657114,0.957248057618773,0.0214154276737568,0.128800486837779,0.946,0.00714730718522718,0.48117890883467,"09b_or_to_cor_CAT",1000
0.1,100,0.3,0.3,"CAT","lipsey_cooper (z)","own",1000,1000,1000,1000,0,-0.011219070611134,0.00379902787874106,0.120135809912997,0.00268766254237164,0.118521174059702,0.986559912032349,0.0220711886263975,0.12059870544913,0.952,0.00675988165576884,0.463823966702122,"09b_or_to_cor_CAT",1000
0.25,100,0.3,0.3,"CAT","lipsey_cooper (z)","own",1000,1000,1000,1000,0,-0.0330763724669315,0.00354371593067177,0.112062137215461,0.00250703939841273,0.114508277804376,1.02182843063408,0.0228602112869969,0.116787889313365,0.955,0.00655553201502365,0.448521187823744,"09b_or_to_cor_CAT",1000
0.5,100,0.3,0.3,"CAT","lipsey_cooper (z)","own",1000,1000,1000,1000,0,-0.0356744122271609,0.00388412411896478,0.122826789307235,0.00274786477953493,0.112927243956702,0.919402392536933,0.0205687494309808,0.127843644500248,0.922,0.00848033018225116,0.442380460648129,"09b_or_to_cor_CAT",1000
0.75,100,0.3,0.3,"CAT","lipsey_cooper (z)","own",1000,1000,1000,1000,0,0.0461445137502919,0.00411314090548812,0.130068935985498,0.00290988513273042,0.124266793618092,0.955391790334526,0.0213738995061595,0.137950448819647,0.946,0.00714730718522718,0.484490749285723,"09b_or_to_cor_CAT",1000
0,300,0.3,0.3,"CAT","lipsey_cooper (z)","own",1000,1000,1000,1000,0,0.00369950581577922,0.00212856724672334,0.0673112065247935,0.00150587746142923,0.0696230468642445,1.03434554896293,0.0231402426123381,0.0673791812697406,0.958,0.00634318531969546,0.272769829369771,"09b_or_to_cor_CAT",1000
0.1,300,0.3,0.3,"CAT","lipsey_cooper (z)","own",1000,1000,1000,1000,0,-0.0118560378945721,0.00213349360289634,0.0674669915855123,0.00150936266432301,0.0675513532644176,1.00125041411989,0.0223998426074039,0.0684675747577167,0.944,0.00727076337120113,0.264694917565209,"09b_or_to_cor_CAT",1000
0.25,300,0.3,0.3,"CAT","lipsey_cooper (z)","own",1000,1000,1000,1000,0,-0.0336389591683073,0.00210379287429442,0.0665277720800268,0.00148835056904695,0.0654138534100632,0.983256335885956,0.0219972814552471,0.0745191122290189,0.93,0.00806845710157772,0.256363921986675,"09b_or_to_cor_CAT",1000
0.5,300,0.3,0.3,"CAT","lipsey_cooper (z)","own",1000,1000,1000,1000,0,-0.050300231745306,0.00210284023944257,0.0664976471209237,0.00148767661742311,0.064121883892904,0.964272973091823,0.0215725881589936,0.0833524351724517,0.871,0.0105999528300837,0.251333933306747,"09b_or_to_cor_CAT",1000
0.75,300,0.3,0.3,"CAT","lipsey_cooper (z)","own",1000,1000,1000,1000,0,0.0324102663385159,0.0022346760932482,0.0706666628739114,0.00158094528965312,0.0683976092910873,0.967890749463114,0.0216535245762603,0.0777123466936036,0.922,0.00848033018225116,0.267983287845868,"09b_or_to_cor_CAT",1000
0,25,0.5,0.3,"CAT","lipsey_cooper (z)","own",1000,1000,1000,1000,0,-0.00275514747448211,0.00849037275547841,0.268489160911516,0.00600660420350322,0.257269544395243,0.958212031807232,0.0214369935775452,0.268369025662518,0.946,0.00714730718522718,0.998827839359839,"09b_or_to_cor_CAT",1000
0.1,25,0.5,0.3,"CAT","lipsey_cooper (z)","own",1000,1000,1000,1000,0,0.000642443411212255,0.00855705065734368,0.270597701306471,0.00605377619196112,0.257975181021778,0.953353187319218,0.0213282921475628,0.270463131627825,0.948,0.00702111102319284,1.00193525941872,"09b_or_to_cor_CAT",1000
0.25,25,0.5,0.3,"CAT","lipsey_cooper (z)","own",1000,1000,1000,1000,0,-0.0132656017570022,0.00793423722218672,0.250902611181975,0.00561316022545975,0.263830610784471,1.05152596675496,0.0235246006600792,0.251127745117123,0.958,0.00634318531969546,1.02433407547883,"09b_or_to_cor_CAT",1000
0.5,25,0.5,0.3,"CAT","lipsey_cooper (z)","own",1000,1000,1000,1000,0,-0.0471696209573209,0.00643135240619436,0.203377220387786,0.00454992843186198,0.283002497686652,1.39151522056916,0.031130795540249,0.208676555032295,0.972,0.0052168956286282,1.10051779912836,"09b_or_to_cor_CAT",1000
0,50,0.5,0.3,"CAT","lipsey_cooper (z)","own",1000,1000,1000,1000,0,0.00138303930879555,0.00600965708878675,0.190042043571429,0.00425159560960706,0.175971684140922,0.9259618599859,0.0207154969742259,0.189952033798561,0.935,0.0077958322198467,0.686881452856141,"09b_or_to_cor_CAT",1000
0.1,50,0.5,0.3,"CAT","lipsey_cooper (z)","own",1000,1000,1000,1000,0,-0.00895136817040795,0.00559255734651939,0.176852191601088,0.00395651397569804,0.175771228237681,0.993887758169006,0.0222351262366073,0.17699024823011,0.963,0.00596917079668525,0.686325104094829,"09b_or_to_cor_CAT",1000
0.25,50,0.5,0.3,"CAT","lipsey_cooper (z)","own",1000,1000,1000,1000,0,-0.00276110550297862,0.0059962344772604,0.18961758332572,0.00424209964080356,0.181642848956523,0.95794306504003,0.0214309762883966,0.189542862651113,0.951,0.00682634602111555,0.706991950362063,"09b_or_to_cor_CAT",1000
0.5,50,0.5,0.3,"CAT","lipsey_cooper (z)","own",1000,1000,1000,1000,0,0.00902698778263183,0.00564917634872356,0.178642641659201,0.00399656968896672,0.213769260126575,1.19663064843379,0.0267708635183675,0.178781337767638,0.976,0.00483983470792134,0.824703228751981,"09b_or_to_cor_CAT",1000
0,100,0.5,0.3,"CAT","lipsey_cooper (z)","own",1000,1000,1000,1000,0,-0.00284085365152346,0.00407468852140291,0.12885296483377,0.00288268158601547,0.121707209808681,0.944543340276978,0.0211311994079658,0.128819850602986,0.945,0.00720936890441875,0.476514358290937,"09b_or_to_cor_CAT",1000
0.1,100,0.5,0.3,"CAT","lipsey_cooper (z)","own",1000,1000,1000,1000,0,-0.0123427544773158,0.00391992084005008,0.123958781021188,0.00277318954931066,0.122016730121447,0.984333091340986,0.0220213704867014,0.124510068672995,0.95,0.00689202437604511,0.477630109851096,"09b_or_to_cor_CAT",1000
0.25,100,0.5,0.3,"CAT","lipsey_cooper (z)","own",1000,1000,1000,1000,0,-0.0134655165055387,0.00387937151736374,0.122676498848529,0.00274450250115488,0.124143346691862,1.01195704032232,0.0226393698409597,0.123352316480576,0.954,0.00662449998113065,0.485565217223318,"09b_or_to_cor_CAT",1000
0.5,100,0.5,0.3,"CAT","lipsey_cooper (z)","own",1000,1000,1000,1000,0,0.00957552478784134,0.00484379221143007,0.153174159007029,0.00342679214399611,0.150667490130066,0.983635171276845,0.0220057567107979,0.153396712283822,0.963,0.00596917079668525,0.580295627459217,"09b_or_to_cor_CAT",1000
0,300,0.5,0.3,"CAT","lipsey_cooper (z)","own",1000,1000,1000,1000,0,0.00349220956914888,0.00224678251136574,0.0710495014294888,0.00158951010347796,0.0697154551599862,0.981223706814796,0.0219518077449434,0.0710997830474919,0.948,0.00702111102319284,0.273185908428645,"09b_or_to_cor_CAT",1000
0.1,300,0.5,0.3,"CAT","lipsey_cooper (z)","own",1000,1000,1000,1000,0,-0.00990320801630045,0.00218166667761802,0.0689903579656525,0.00154344321666769,0.0698234364768664,1.01207528900819,0.0226420152850111,0.069663357310359,0.954,0.00662449998113065,0.273607749910405,"09b_or_to_cor_CAT",1000
0.25,300,0.5,0.3,"CAT","lipsey_cooper (z)","own",1000,1000,1000,1000,0,-0.0278212856529218,0.00222501637516439,0.0703611957669119,0.00157411141970208,0.070824870566885,1.0065899221143,0.0225192973781476,0.0756291683628838,0.927,0.00822623850857729,0.277475037362692,"09b_or_to_cor_CAT",1000
0.5,300,0.5,0.3,"CAT","lipsey_cooper (z)","own",1000,1000,1000,1000,0,-0.0106829047049568,0.00258011850822206,0.0815905111913758,0.00182533218780332,0.0809913610212142,0.992656619484142,0.0222075833638355,0.0822464525550418,0.948,0.00702111102319284,0.316217546401846,"09b_or_to_cor_CAT",1000
0,25,0.3,0.5,"CAT","lipsey_cooper (z)","own",1000,1000,1000,1000,0,-0.00169373403162053,0.00734262827867861,0.23219429372586,0.00519462020734182,0.231522214210159,0.997105529576477,0.0223071137954213,0.232084347993961,0.958,0.00634318531969546,0.904524456906773,"09b_or_to_cor_CAT",1000
0.1,25,0.3,0.5,"CAT","lipsey_cooper (z)","own",1000,1000,1000,1000,0,-0.0191651990203523,0.00776402621034941,0.245520066379497,0.00549274264090495,0.234941951831945,0.956915478626496,0.0214079872602733,0.246144526133504,0.956,0.00648567652600714,0.917481104219505,"09b_or_to_cor_CAT",1000
0.25,25,0.3,0.5,"CAT","lipsey_cooper (z)","own",1000,1000,1000,1000,0,-0.020436534028094,0.00746776303464127,0.236151402158773,0.00528314811687142,0.240002451529791,1.01630754395618,0.0227366987361961,0.236916375921747,0.958,0.00634318531969546,0.936035793637804,"09b_or_to_cor_CAT",1000
0.5,25,0.3,0.5,"CAT","lipsey_cooper (z)","own",1000,1000,1000,1000,0,-0.0480550373770715,0.00622411868628225,0.196823914758669,0.00440331874004033,0.262315526070557,1.33274214361699,0.0298159319909154,0.202509753801684,0.969,0.00548078461536303,1.02235209334997,"09b_or_to_cor_CAT",1000
0,50,0.3,0.5,"CAT","lipsey_cooper (z)","own",1000,1000,1000,1000,0,6.58851579612261e-05,0.00526469235086107,0.166484190087873,0.00372456240916262,0.15969882366268,0.959243178456696,0.0214600622547986,0.166400940215252,0.942,0.00739161687318817,0.625483630957064,"09b_or_to_cor_CAT",1000
0.1,50,0.3,0.5,"CAT","lipsey_cooper (z)","own",1000,1000,1000,1000,0,-0.0105175755688922,0.00534554115805768,0.169040853856364,0.00378175975480826,0.161213603734742,0.953696103970977,0.0213359638338048,0.169283356707219,0.945,0.00720936890441875,0.63071058693713,"09b_or_to_cor_CAT",1000
0.25,50,0.3,0.5,"CAT","lipsey_cooper (z)","own",1000,1000,1000,1000,0,-0.0164676228862047,0.00519982136040264,0.164432789248676,0.00367866873933268,0.16534839804606,1.00556828599434,0.0224964414692097,0.165173504659318,0.961,0.00612200947402077,0.645729392841241,"09b_or_to_cor_CAT",1000
0.5,50,0.3,0.5,"CAT","lipsey_cooper (z)","own",1000,1000,1000,1000,0,-0.00699784392583189,0.00550047846624706,0.173940401740503,0.00389137179581662,0.198761324054852,1.14269785550673,0.0255642861667807,0.173994189310736,0.965,0.00581162627841812,0.768058142095331,"09b_or_to_cor_CAT",1000
0,100,0.3,0.5,"CAT","lipsey_cooper (z)","own",1000,1000,1000,1000,0,0.00623589536315961,0.00365300793254091,0.11551825377492,0.00258435918362626,0.111328726949314,0.963732772192277,0.0215605028555015,0.115628754551936,0.945,0.00720936890441875,0.436347493033292,"09b_or_to_cor_CAT",1000
0.1,100,0.3,0.5,"CAT","lipsey_cooper (z)","own",1000,1000,1000,1000,0,-0.0204488449373882,0.00366136115279142,0.115782405792806,0.00259026875783631,0.111617628789164,0.964029275647497,0.0215671361918136,0.117517297386182,0.943,0.00733150734842434,0.437447746843545,"09b_or_to_cor_CAT",1000
0.25,100,0.3,0.5,"CAT","lipsey_cooper (z)","own",1000,1000,1000,1000,0,-0.0324878486840882,0.00366974495041584,0.116047524752157,0.00259619996433366,0.114200577980935,0.984084565567715,0.0220158105007812,0.120453398811414,0.935,0.0077958322198467,0.447208493736409,"09b_or_to_cor_CAT",1000
0.5,100,0.3,0.5,"CAT","lipsey_cooper (z)","own",1000,1000,1000,1000,0,-0.000850303825339814,0.00472846310198632,0.149527132343418,0.0033452013430358,0.141161471257006,0.944052554507643,0.0211202196132691,0.149454768944101,0.952,0.00675988165576884,0.543976139588806,"09b_or_to_cor_CAT",1000
0,300,0.3,0.5,"CAT","lipsey_cooper (z)","own",1000,1000,1000,1000,0,-0.000103767677111909,0.00196524337422938,0.062146452191195,0.00139033225660631,0.063819589361393,1.02692248891458,0.0229741748890159,0.0621154578680971,0.955,0.00655553201502365,0.250166044733788,"09b_or_to_cor_CAT",1000
0.1,300,0.3,0.5,"CAT","lipsey_cooper (z)","own",1000,1000,1000,1000,0,-0.0153862255243418,0.00214059569956039,0.0676915796017231,0.00151438711788995,0.0640397291353278,0.946051628756757,0.0211649426395063,0.06938518382849,0.929,0.00812151463706124,0.251022929324207,"09b_or_to_cor_CAT",1000
0.25,300,0.3,0.5,"CAT","lipsey_cooper (z)","own",1000,1000,1000,1000,0,-0.0322890261458334,0.0021012912655184,0.0664486642645578,0.00148658077940139,0.065283768707435,0.982469240427695,0.0219796726591523,0.0738484310395805,0.907,0.00918428004799505,0.255857028319861,"09b_or_to_cor_CAT",1000
0.5,300,0.3,0.5,"CAT","lipsey_cooper (z)","own",1000,1000,1000,1000,0,-0.0175082936060968,0.00254024947616949,0.0803297416974522,0.00179712641846745,0.0764952870858906,0.952266065711957,0.0213039712059139,0.0821763644777226,0.929,0.00812151463706124,0.298703453017195,"09b_or_to_cor_CAT",1000
0,25,0.5,0.5,"CAT","lipsey_cooper (z)","own",1000,1000,1000,1000,0,0.00285001383761602,0.00813997789270598,0.257408702443686,0.00575871364366217,0.227205391744549,0.882663987610346,0.0197468426668014,0.257295750902581,0.924,0.00837997613361756,0.889306533944191,"09b_or_to_cor_CAT",1000
0.1,25,0.5,0.5,"CAT","lipsey_cooper (z)","own",1000,1000,1000,1000,0,-0.00130058256019534,0.00752952515227348,0.238104491807103,0.00532684238166652,0.227190305663993,0.954162199712082,0.0213463912664366,0.237988963577507,0.933,0.00790638982089803,0.889331814572327,"09b_or_to_cor_CAT",1000
0.25,25,0.5,0.5,"CAT","lipsey_cooper (z)","own",1000,1000,1000,1000,0,-0.0184219954587187,0.00759424246524638,0.240151032937507,0.00537262733073034,0.227878050733732,0.9488947348939,0.0212285482361583,0.240736818993297,0.951,0.00682634602111555,0.891641713035751,"09b_or_to_cor_CAT",1000
0.5,25,0.5,0.5,"CAT","lipsey_cooper (z)","own",1000,1000,1000,1000,0,-0.0305386847200534,0.00725826102674735,0.229526366965539,0.00513493370067326,0.234209609619978,1.02040394189284,0.0228283428121879,0.231435265341516,0.959,0.00627048642451286,0.915228111692969,"09b_or_to_cor_CAT",1000
0.75,25,0.5,0.5,"CAT","lipsey_cooper (z)","own",1000,1000,1000,1000,0,0.000616266759394398,0.00593951613656036,0.187823991908544,0.00420197364946298,0.247786591690746,1.31924888387741,0.0295140625582888,0.18773106793827,0.987,0.00358203852575597,0.968460529578139,"09b_or_to_cor_CAT",1000
0,50,0.5,0.5,"CAT","lipsey_cooper (z)","own",1000,1000,1000,1000,0,0.0052423466665025,0.00511947752262884,0.161892094015433,0.00362182863965788,0.15770370408495,0.974128508523189,0.0217930749017315,0.161896026057371,0.941,0.00745110730026082,0.618061686075061,"09b_or_to_cor_CAT",1000
0.1,50,0.5,0.5,"CAT","lipsey_cooper (z)","own",1000,1000,1000,1000,0,-0.00918881991446628,0.00509372088170125,0.161077597513371,0.0036036068310142,0.157522525667112,0.97792944580041,0.0218781089707013,0.161259048861387,0.948,0.00702111102319284,0.617355271860396,"09b_or_to_cor_CAT",1000
0.25,50,0.5,0.5,"CAT","lipsey_cooper (z)","own",1000,1000,1000,1000,0,-0.0356678277837601,0.00505521865282208,0.159860050130857,0.00357636802107141,0.157239257679533,0.983605707309746,0.0220050975468003,0.163712779986855,0.934,0.00785136930732467,0.616126922008146,"09b_or_to_cor_CAT",1000
0.5,50,0.5,0.5,"CAT","lipsey_cooper (z)","own",1000,1000,1000,1000,0,-0.0602697467469281,0.00515647898108156,0.16306218287002,0.00364800571365435,0.158924936333756,0.974627798650521,0.0218042449548071,0.173767455467911,0.928,0.00817410545564467,0.62209691147268,"09b_or_to_cor_CAT",1000
0.75,50,0.5,0.5,"CAT","lipsey_cooper (z)","own",1000,1000,1000,1000,0,0.0285732797642382,0.00565208059770272,0.178734482075865,0.00399862433069197,0.176516950919898,0.987593154212818,0.022094304184595,0.180915730063281,0.961,0.00612200947402077,0.687573082646297,"09b_or_to_cor_CAT",1000
0,100,0.5,0.5,"CAT","lipsey_cooper (z)","own",1000,1000,1000,1000,0,-0.0022914205353031,0.00359179286544845,0.113582463383598,0.00254105193553423,0.110742554764693,0.974996944648808,0.0218125034405407,0.113548780796483,0.945,0.00720936890441875,0.434090734147215,"09b_or_to_cor_CAT",1000
0.1,100,0.5,0.5,"CAT","lipsey_cooper (z)","own",1000,1000,1000,1000,0,-0.020380413026405,0.00359120858901095,0.113563986940341,0.00254063858297522,0.110730316223672,0.975047805268069,0.021813641287627,0.115322346428535,0.95,0.00689202437604511,0.43403532188276,"09b_or_to_cor_CAT",1000
0.25,100,0.5,0.5,"CAT","lipsey_cooper (z)","own",1000,1000,1000,1000,0,-0.0344885569815743,0.00349256926871484,0.110444737750476,0.00247085515025856,0.110295830939053,0.998651752772877,0.0223417056974538,0.115651643392327,0.933,0.00790638982089803,0.432331877415559,"09b_or_to_cor_CAT",1000
0.5,100,0.5,0.5,"CAT","lipsey_cooper (z)","own",1000,1000,1000,1000,0,-0.0576660555131587,0.00355523951608614,0.112426544982671,0.00251519188106371,0.110462600103344,0.982531306288658,0.0219810611884326,0.126303057156865,0.92,0.00857904423581089,0.432924480633313,"09b_or_to_cor_CAT",1000
0.75,100,0.5,0.5,"CAT","lipsey_cooper (z)","own",1000,1000,1000,1000,0,0.00937394861873476,0.00392791590613296,0.124211607209843,0.0027788457435584,0.119365061527895,0.960981539561275,0.0214989526408482,0.124502874484862,0.949,0.00695693898205238,0.466325785369929,"09b_or_to_cor_CAT",1000
0,300,0.5,0.5,"CAT","lipsey_cooper (z)","own",1000,1000,1000,1000,0,-0.00166706330961338,0.00200640248442872,0.0634480175381526,0.00141945070540189,0.0637527922114954,1.00480353343049,0.0224793325254107,0.0634381933748941,0.948,0.00702111102319284,0.249905522675694,"09b_or_to_cor_CAT",1000
0.1,300,0.5,0.5,"CAT","lipsey_cooper (z)","own",1000,1000,1000,1000,0,-0.0120730909413727,0.00199271874618783,0.0630152997406852,0.00140976999973625,0.063692705758448,1.01074986583497,0.0226123630920634,0.0641304654457275,0.951,0.00682634602111555,0.249669707101491,"09b_or_to_cor_CAT",1000
0.25,300,0.5,0.5,"CAT","lipsey_cooper (z)","own",1000,1000,1000,1000,0,-0.0351243131056257,0.00196484052834803,0.0621337130858841,0.0013900472590174,0.0634038745423768,1.02044238777002,0.0228292029182968,0.0713474251440033,0.924,0.00837997613361756,0.24853708383366,"09b_or_to_cor_CAT",1000
0.5,300,0.5,0.5,"CAT","lipsey_cooper (z)","own",1000,1000,1000,1000,0,-0.0651099175202467,0.00201882238617596,0.0638407693165205,0.00142823729654348,0.0631199039514279,0.988708385365494,0.0221192539892977,0.0911639706385784,0.841,0.0115636931816786,0.247422164633497,"09b_or_to_cor_CAT",1000
0.75,300,0.5,0.5,"CAT","lipsey_cooper (z)","own",1000,1000,1000,1000,0,-0.00820324511941318,0.00213751714912104,0.0675942272889228,0.00151220916474912,0.0664148166381104,0.9825516068736,0.0219815153504495,0.0680566221150664,0.941,0.00745110730026082,0.260261723334882,"09b_or_to_cor_CAT",1000
0,25,0.3,0.1,"CAT","pearson (r)","own",1000,1000,1000,1000,0,0.068911906312594,0.0124289263458165,0.393037161232538,0.00879297568951162,0.521507952623117,1.32686678019886,0.0296844891330933,0.398839043639484,0.986,0.00371537346709587,1.54002245128606,"09b_or_to_cor_CAT",1000
0.1,25,0.3,0.1,"CAT","pearson (r)","own",1000,1000,1000,1000,0,0.0404920453235261,0.0125018896859942,0.39534446463909,0.00884459437792907,0.486197593881869,1.22980751564517,0.0275130920290991,0.397216004473045,0.995,0.00223047080231955,1.47490135975987,"09b_or_to_cor_CAT",1000
0.25,25,0.3,0.1,"CAT","pearson (r)","own",1000,1000,1000,1000,0,-0.00550230922630888,0.0105491140107117,0.333592275706428,0.00746308252709986,0.430439249155915,1.29031539547611,0.0288667663603223,0.333470835323578,0.996,0.00199599599197994,1.35674338604015,"09b_or_to_cor_CAT",1000
0.5,25,0.3,0.1,"CAT","pearson (r)","own",1000,1000,1000,1000,0,-0.126388239245573,0.00455199900898179,0.143946847752117,0.00322035994992682,0.289699950856484,2.01254807160043,0.0450244608221312,0.191504468100328,0.997,0.00172945077987204,1.10165929039917,"09b_or_to_cor_CAT",1000
0,50,0.3,0.1,"CAT","pearson (r)","own",1000,1000,1000,1000,0,-0.0176916854224224,0.0116598025759975,0.368715332080505,0.00824885092586936,0.408658357571728,1.10833025376472,0.0247954186997029,0.368955337199792,0.987,0.00358203852575597,1.32757059444975,"09b_or_to_cor_CAT",1000
0.1,50,0.3,0.1,"CAT","pearson (r)","own",1000,1000,1000,1000,0,0.00569635772936047,0.0110315766470354,0.348849083873551,0.00780440583325329,0.38432619615801,1.10169759338488,0.0246470336938326,0.348721143791823,0.987,0.00358203852575597,1.25124460267351,"09b_or_to_cor_CAT",1000
0.25,50,0.3,0.1,"CAT","pearson (r)","own",1000,1000,1000,1000,0,0.0452573412968647,0.0091060596339397,0.287958889525686,0.006442178411929,0.313003296338689,1.08697216069369,0.0243175982499546,0.291351383514941,0.993,0.00263647491928143,1.07797031016844,"09b_or_to_cor_CAT",1000
0.5,50,0.3,0.1,"CAT","pearson (r)","own",1000,1000,1000,1000,0,-0.0366813711474477,0.00215314468870047,0.0680884134818768,0.00152326503327593,0.160969270101982,2.36412132212226,0.0528898113534314,0.0773105362009949,0.999,0.000999499874937461,0.791728849036087,"09b_or_to_cor_CAT",1000
0,100,0.3,0.1,"CAT","pearson (r)","own",1000,1000,1000,1000,0,-0.0302738099774592,0.0095129487918537,0.300825854468047,0.00673003645970542,0.298872918560361,0.993508084898023,0.0222266322361132,0.302195635461973,0.975,0.00493710441453288,1.04830778318495,"09b_or_to_cor_CAT",1000
0.1,100,0.3,0.1,"CAT","pearson (r)","own",1000,1000,1000,1000,0,0.0172876886087573,0.0082771390834076,0.261746120135664,0.00585574978192762,0.26597443300268,1.01615425231451,0.0227332693157454,0.26218578251328,0.97,0.00539444158370447,0.940426961855632,"09b_or_to_cor_CAT",1000
0.25,100,0.3,0.1,"CAT","pearson (r)","own",1000,1000,1000,1000,0,0.0709831702967873,0.00667273393408905,0.211010374520173,0.00472069635240643,0.208328468655094,0.987290170584374,0.0220875258746997,0.222529690698502,0.98,0.00442718872423573,0.772159637856223,"09b_or_to_cor_CAT",1000
0.5,100,0.3,0.1,"CAT","pearson (r)","own",1000,1000,1000,1000,0,0.0136477695878747,0.00100841012480858,0.0318887280996979,0.000713410431906196,0.0859424030886091,2.69507152558472,0.0602937857877027,0.0346718286734399,1,0,0.517053838483989,"09b_or_to_cor_CAT",1000
0,300,0.3,0.1,"CAT","pearson (r)","own",1000,1000,1000,1000,0,-0.0078320935654618,0.00543338127894455,0.171818602375835,0.00384390317943174,0.167177687123516,0.972989448242819,0.0217675919949173,0.171911175261764,0.956,0.00648567652600714,0.631061980738393,"09b_or_to_cor_CAT",1000
0.1,300,0.3,0.1,"CAT","pearson (r)","own",1000,1000,1000,1000,0,0.0384821320671041,0.0046306911451717,0.14643531159516,0.00327603153580814,0.146927249018983,1.00335941801512,0.0224470249652289,0.151336484926536,0.95,0.00689202437604511,0.558370555080057,"09b_or_to_cor_CAT",1000
0.25,300,0.3,0.1,"CAT","pearson (r)","own",1000,1000,1000,1000,0,0.0763288804323943,0.0035547819910846,0.112412076771757,0.00251486820015161,0.113823699585533,1.01255757258753,0.0226528048698311,0.135830543388437,0.919,0.00862780389206894,0.439022750308393,"09b_or_to_cor_CAT",1000
0.5,300,0.3,0.1,"CAT","pearson (r)","own",1000,1000,1000,1000,0,0.0512959819439756,0.000537551980471755,0.016998886190251,0.000380296846616034,0.0334254666979318,1.96633275403076,0.0439905378144472,0.054036570331342,1,0,0.227738133237812,"09b_or_to_cor_CAT",1000
0,25,0.5,0.1,"CAT","pearson (r)","own",1000,1000,1000,1000,0,0.0104141461458279,0.0127030585958332,0.401705984134132,0.00898691345557771,0.504912000689162,1.25691929080292,0.0281196330979232,0.401640118055242,0.99,0.00314642654451046,1.50720837469411,"09b_or_to_cor_CAT",1000
0.1,25,0.5,0.1,"CAT","pearson (r)","own",1000,1000,1000,1000,0,-0.0398228469860215,0.0122641650153586,0.387826950486872,0.00867641353981513,0.501080663731172,1.2920212561353,0.0289049296506813,0.38967318732817,0.994,0.00244213021765835,1.51119664785302,"09b_or_to_cor_CAT",1000
0.25,25,0.5,0.1,"CAT","pearson (r)","own",1000,1000,1000,1000,0,-0.114024510551776,0.00963391733504538,0.304651215685229,0.00681561693784851,0.467817436339964,1.53558368473186,0.0343538762765217,0.325147873838722,0.992,0.00281709069786544,1.463922623425,"09b_or_to_cor_CAT",1000
0,50,0.5,0.1,"CAT","pearson (r)","own",1000,1000,1000,1000,0,-0.00504569298662082,0.0115124405430701,0.364055335433672,0.00814459809364273,0.386823205356194,1.06253958589949,0.0237709958993682,0.363908243913464,0.993,0.00263647491928143,1.27413805661835,"09b_or_to_cor_CAT",1000
0.1,50,0.5,0.1,"CAT","pearson (r)","own",1000,1000,1000,1000,0,0.0323742958364782,0.0110580175807237,0.349685219612719,0.00782311175206407,0.378524355131842,1.08247170283909,0.0242169145986098,0.351006507195647,0.996,0.00199599599197994,1.26777108302151,"09b_or_to_cor_CAT",1000
0.25,50,0.5,0.1,"CAT","pearson (r)","own",1000,1000,1000,1000,0,0.027643975213243,0.0076379014358826,0.241531650812595,0.00540351433229042,0.325220128755218,1.34649072972866,0.0301235135515646,0.242988456868847,0.995,0.00223047080231955,1.18330569288748,"09b_or_to_cor_CAT",1000
0,100,0.5,0.1,"CAT","pearson (r)","own",1000,1000,1000,1000,0,0.0168969348687673,0.00891464550642971,0.281905843333031,0.00630676045843933,0.269177868576131,0.954850262745836,0.0213617845221523,0.282271039975343,0.971,0.00530650544143696,0.96569309914881,"09b_or_to_cor_CAT",1000
0.1,100,0.5,0.1,"CAT","pearson (r)","own",1000,1000,1000,1000,0,0.0459480652789724,0.00838163820355265,0.265050672467084,0.00592967879216108,0.264424573034731,0.997637812322736,0.0223190219550292,0.268873263488876,0.985,0.00384382621875652,0.958875424953212,"09b_or_to_cor_CAT",1000
0.25,100,0.5,0.1,"CAT","pearson (r)","own",1000,1000,1000,1000,0,0.109037016361149,0.00580024103521459,0.18341972649251,0.00410344200270494,0.219015952204722,1.19406977860511,0.0267135720752964,0.213303127514488,0.997,0.00172945077987204,0.889791556551725,"09b_or_to_cor_CAT",1000
0,300,0.5,0.1,"CAT","pearson (r)","own",1000,1000,1000,1000,0,-0.00274641013788557,0.00496243696776599,0.156926035631601,0.00351072863449603,0.152596774519278,0.972412091499675,0.021754675445778,0.156871596049243,0.958,0.00634318531969546,0.580755753836698,"09b_or_to_cor_CAT",1000
0.1,300,0.5,0.1,"CAT","pearson (r)","own",1000,1000,1000,1000,0,0.051598176114442,0.00468879195936259,0.148272620662695,0.00331713557267398,0.148702111346154,1.00289662839666,0.0224366714967383,0.156924048655654,0.953,0.00669260786241059,0.567276196078065,"09b_or_to_cor_CAT",1000
0.25,300,0.5,0.1,"CAT","pearson (r)","own",1000,1000,1000,1000,0,0.133426704692643,0.0038247540085631,0.120949341569185,0.00270586276561027,0.121963792960315,1.00838740730597,0.0225595104804991,0.180046660640877,0.968,0.00556560868189635,0.492412559899721,"09b_or_to_cor_CAT",1000
0,25,0.3,0.3,"CAT","pearson (r)","own",1000,1000,1000,1000,0,0.00848064539650137,0.0122151105093434,0.386275710801846,0.00864170940955867,0.373323583770861,0.966469217015747,0.0216217222392692,0.386175655857612,0.965,0.00581162627841812,1.2536512790223,"09b_or_to_cor_CAT",1000
0.1,25,0.3,0.3,"CAT","pearson (r)","own",1000,1000,1000,1000,0,-0.0106142843061997,0.0119492968174765,0.377869943806271,0.00845365669563206,0.356259293510721,0.942809290207454,0.0210924054678256,0.377830083197533,0.97,0.00539444158370447,1.20530546671412,"09b_or_to_cor_CAT",1000
0.25,25,0.3,0.3,"CAT","pearson (r)","own",1000,1000,1000,1000,0,0.00485218336192689,0.0101700462319545,0.321605100021894,0.00719490700891354,0.319964844522723,0.994899783930479,0.0222577671438688,0.321480876885563,0.969,0.00548078461536303,1.10503026332376,"09b_or_to_cor_CAT",1000
0.5,25,0.3,0.3,"CAT","pearson (r)","own",1000,1000,1000,1000,0,-0.0079151560855438,0.00664756764201006,0.210214546487866,0.00470289219231337,0.222223711137542,1.05712813337763,0.0236499315951165,0.210258448333004,0.986,0.00371537346709587,0.847098615297302,"09b_or_to_cor_CAT",1000
0.75,25,0.3,0.3,"CAT","pearson (r)","own",1000,1000,1000,1000,0,-0.0194473550702912,0.00277952019719894,0.08789614625589,0.0019664010263206,0.113300887611721,1.28903134480857,0.0288380397476317,0.0899789220503344,0.977,0.00474035863622153,0.555895074161377,"09b_or_to_cor_CAT",1000
0,50,0.3,0.3,"CAT","pearson (r)","own",1000,1000,1000,1000,0,-0.0139947416626288,0.00847934952957462,0.268140575901331,0.0059988057054918,0.268353606311236,1.00079447285883,0.0223896423494644,0.268371611521145,0.979,0.00453420334788814,0.966277354309913,"09b_or_to_cor_CAT",1000
0.1,50,0.3,0.3,"CAT","pearson (r)","own",1000,1000,1000,1000,0,-0.00207980744882636,0.00826699381068092,0.261425298442665,0.00584857240119761,0.254037615081176,0.971740748100898,0.0217396562395375,0.261302830214667,0.966,0.00573096850453743,0.91816422606386,"09b_or_to_cor_CAT",1000
0.25,50,0.3,0.3,"CAT","pearson (r)","own",1000,1000,1000,1000,0,0.00828744992534575,0.00684933338516528,0.216594939509536,0.00484563350601802,0.221249003003028,1.02148740641878,0.0228525819380944,0.216645185221328,0.973,0.00512552436341883,0.814246935926323,"09b_or_to_cor_CAT",1000
0.5,50,0.3,0.3,"CAT","pearson (r)","own",1000,1000,1000,1000,0,0.0111083041468776,0.00464149775814547,0.14677704670305,0.00328367678870613,0.144880033825798,0.987075548119655,0.0220827243691403,0.14712359551904,0.957,0.00641490451994416,0.561249215277136,"09b_or_to_cor_CAT",1000
0.75,50,0.3,0.3,"CAT","pearson (r)","own",1000,1000,1000,1000,0,0.00306816018059997,0.00176516096749503,0.0558192909411073,0.00124878183709592,0.0622165049796532,1.11460579184525,0.024935814212452,0.0558756749831323,0.984,0.00396787096564392,0.291984717009769,"09b_or_to_cor_CAT",1000
0,100,0.3,0.3,"CAT","pearson (r)","own",1000,1000,1000,1000,0,-0.0104026294778996,0.00617263190002825,0.19519575961902,0.00436689386734689,0.187457761827576,0.960357756712816,0.0214849974529854,0.195375274507107,0.953,0.00669260786241059,0.704379239658334,"09b_or_to_cor_CAT",1000
0.1,100,0.3,0.3,"CAT","pearson (r)","own",1000,1000,1000,1000,0,0.00968438527933509,0.00568231963312815,0.179690724337773,0.00402001725683636,0.177732420557768,0.989101809304721,0.0221280556179337,0.179861766295284,0.954,0.00662449998113065,0.66945317599441,"09b_or_to_cor_CAT",1000
0.25,100,0.3,0.3,"CAT","pearson (r)","own",1000,1000,1000,1000,0,0.0109736640638106,0.00474872146355964,0.150167757985767,0.00335953333566873,0.154774523538106,1.03067746108838,0.0230581806327362,0.150493277211704,0.964,0.00589101010014412,0.58798778333318,"09b_or_to_cor_CAT",1000
0.5,100,0.3,0.3,"CAT","pearson (r)","own",1000,1000,1000,1000,0,0.0193788193777608,0.0032110380984867,0.101541940447941,0.00227168293966057,0.0983400619844013,0.968467428833697,0.0216664259713098,0.103324699586977,0.94,0.00750999334220744,0.383589503070917,"09b_or_to_cor_CAT",1000
0.75,100,0.3,0.3,"CAT","pearson (r)","own",1000,1000,1000,1000,0,0.00469241246399065,0.00126095173889049,0.0398747951444386,0.000892073673720292,0.0409075098408824,1.02589893421905,0.0229512760579575,0.0401301385900342,0.96,0.00619677335393187,0.173399988545856,"09b_or_to_cor_CAT",1000
0,300,0.3,0.3,"CAT","pearson (r)","own",1000,1000,1000,1000,0,0.00579934923815979,0.003291471479348,0.104085467282236,0.00232858638754179,0.107662394061482,1.03436528530488,0.0231406841511851,0.104194928698321,0.959,0.00627048642451286,0.416082895023887,"09b_or_to_cor_CAT",1000
0.1,300,0.3,0.3,"CAT","pearson (r)","own",1000,1000,1000,1000,0,0.010444399971295,0.00322656250232182,0.102032865202293,0.00228266584371184,0.102125237600421,1.00090532004512,0.0223921222081404,0.102515268943549,0.948,0.00702111102319284,0.395067311003309,"09b_or_to_cor_CAT",1000
0.25,300,0.3,0.3,"CAT","pearson (r)","own",1000,1000,1000,1000,0,0.0146748361677355,0.00282354312699061,0.0892882735300436,0.00199754551464316,0.0886677789743496,0.993050660168883,0.022216398790221,0.0904421041923273,0.945,0.00720936890441875,0.343903768716677,"09b_or_to_cor_CAT",1000
0.5,300,0.3,0.3,"CAT","pearson (r)","own",1000,1000,1000,1000,0,0.0135693834219045,0.00180732012777689,0.0571524806484151,0.00127860778192287,0.0566141752698382,0.99058124210061,0.0221611532939085,0.0587134380246452,0.944,0.00727076337120113,0.221563869814485,"09b_or_to_cor_CAT",1000
0.75,300,0.3,0.3,"CAT","pearson (r)","own",1000,1000,1000,1000,0,0.00635576494912675,0.000678936035364752,0.0214698425731724,0.000480320494915884,0.0221980250674773,1.03391652695278,0.0231306445883404,0.0223805481180698,0.954,0.00662449998113065,0.0892554455853845,"09b_or_to_cor_CAT",1000
0,25,0.5,0.3,"CAT","pearson (r)","own",1000,1000,1000,1000,0,-0.00591770011632754,0.0111680290229718,0.353164086874558,0.0079009405129997,0.338751678569826,0.959190617505084,0.0214588863681005,0.353037061171131,0.975,0.00493710441453288,1.17310199255405,"09b_or_to_cor_CAT",1000
0.1,25,0.5,0.3,"CAT","pearson (r)","own",1000,1000,1000,1000,0,0.0101786242300351,0.0111361480856113,0.352155923114554,0.00787838600592725,0.332478495483313,0.944122968436229,0.0211217949044205,0.352126944129096,0.964,0.00589101010014412,1.15815503020917,"09b_or_to_cor_CAT",1000
0.25,25,0.5,0.3,"CAT","pearson (r)","own",1000,1000,1000,1000,0,0.00697001492136681,0.00952495232805028,0.301205439611622,0.00673852848862474,0.309872030228232,1.0287730215888,0.0230155747626718,0.301135473238845,0.975,0.00493710441453288,1.10652606332217,"09b_or_to_cor_CAT",1000
0.5,25,0.5,0.3,"CAT","pearson (r)","own",1000,1000,1000,1000,0,-0.00862540403464116,0.00542102119405807,0.171427742172691,0.00383515890636235,0.220051268728298,1.28363861029345,0.0287173942001655,0.171558972106973,0.981,0.00431729081716764,0.913595671463174,"09b_or_to_cor_CAT",1000
0,50,0.5,0.3,"CAT","pearson (r)","own",1000,1000,1000,1000,0,0.00190225414110172,0.00819095521719087,0.259020746987623,0.00579477809222677,0.241027731602065,0.930534462606511,0.0208177946387896,0.258898192719597,0.944,0.00727076337120113,0.883975525486289,"09b_or_to_cor_CAT",1000
0.1,50,0.5,0.3,"CAT","pearson (r)","own",1000,1000,1000,1000,0,0.00382840629579783,0.00757525134064692,0.239550480846883,0.00535919185832723,0.23781242997012,0.992744531880633,0.02220955012841,0.239461281078726,0.971,0.00530650544143696,0.873079314088533,"09b_or_to_cor_CAT",1000
0.25,50,0.5,0.3,"CAT","pearson (r)","own",1000,1000,1000,1000,0,0.029387273204518,0.0071129214156749,0.22493032491322,0.00503211165222551,0.214510839358752,0.953676830554136,0.0213355326514576,0.226730388878284,0.965,0.00581162627841812,0.803411802705749,"09b_or_to_cor_CAT",1000
0.5,50,0.5,0.3,"CAT","pearson (r)","own",1000,1000,1000,1000,0,0.0334815512481217,0.00401837735184996,0.127072249298817,0.0028428436522189,0.140560110475488,1.10614324725577,0.0247464912776605,0.131347719657783,0.989,0.00329833291224522,0.605925942972241,"09b_or_to_cor_CAT",1000
0,100,0.5,0.3,"CAT","pearson (r)","own",1000,1000,1000,1000,0,-0.00387119647371498,0.00570231656459317,0.180323082834211,0.00403416429796802,0.170421872383677,0.945091830203252,0.0211434701524739,0.180274468382988,0.951,0.00682634602111555,0.645814510656142,"09b_or_to_cor_CAT",1000
0.1,100,0.5,0.3,"CAT","pearson (r)","own",1000,1000,1000,1000,0,0.00224874989121636,0.00538718027894294,0.170357598474009,0.00381121779225169,0.16795912881459,0.985920970470919,0.0220568943098015,0.170287247093102,0.961,0.00612200947402077,0.63697159314416,"09b_or_to_cor_CAT",1000
0.25,100,0.5,0.3,"CAT","pearson (r)","own",1000,1000,1000,1000,0,0.0260281807174288,0.00468433742568096,0.148131755939215,0.00331398416560302,0.151588229937024,1.02333378130768,0.0228938887943238,0.150328108788665,0.959,0.00627048642451286,0.579278292912395,"09b_or_to_cor_CAT",1000
0.5,100,0.5,0.3,"CAT","pearson (r)","own",1000,1000,1000,1000,0,0.0384646995531023,0.00309677401011932,0.0979285927079036,0.00219084559914991,0.0969399667476658,0.989904624043903,0.0221460160837143,0.105166308160889,0.982,0.00420428352992517,0.400841461179223,"09b_or_to_cor_CAT",1000
0,300,0.5,0.3,"CAT","pearson (r)","own",1000,1000,1000,1000,0,0.0049178681859278,0.0031844655959449,0.100701644136313,0.00225288394106982,0.0988061303405406,0.981176932988233,0.0219507613270459,0.1007713537575,0.949,0.00695693898205238,0.382858002132309,"09b_or_to_cor_CAT",1000
0.1,300,0.5,0.3,"CAT","pearson (r)","own",1000,1000,1000,1000,0,0.00754230856754137,0.00303547451001515,0.0959901323103146,0.00214747861802877,0.0970549734678937,1.01109323564777,0.0226200449163647,0.0962381307693512,0.96,0.00619677335393187,0.376235274668535,"09b_or_to_cor_CAT",1000
0.25,300,0.5,0.3,"CAT","pearson (r)","own",1000,1000,1000,1000,0,0.0127012306229044,0.00277131862656661,0.0876367898200011,0.00196059873824042,0.0883233187116069,1.00783379780359,0.0225471252015076,0.0885090276884867,0.959,0.00627048642451286,0.343102931506166,"09b_or_to_cor_CAT",1000
0.5,300,0.5,0.3,"CAT","pearson (r)","own",1000,1000,1000,1000,0,0.0360592064561747,0.00171966898711598,0.0543807082084126,0.00121659805336344,0.0556057661846278,1.02252743696386,0.0228758493646924,0.0652270690286808,0.932,0.00796090447122687,0.220573317961148,"09b_or_to_cor_CAT",1000
0,25,0.3,0.5,"CAT","pearson (r)","own",1000,1000,1000,1000,0,-0.00294509551795694,0.010692690162322,0.33813255227413,0.0075646569974585,0.342839984823716,1.01392185555022,0.0226833264288789,0.337976275605433,0.976,0.00483983470792134,1.17991896800568,"09b_or_to_cor_CAT",1000
0.1,25,0.3,0.5,"CAT","pearson (r)","own",1000,1000,1000,1000,0,-0.0113083657512523,0.0112096450527426,0.354480101287049,0.00793038221438946,0.339151869143853,0.956758554041418,0.0214044765640904,0.354483236842354,0.972,0.0052168956286282,1.17544593896066,"09b_or_to_cor_CAT",1000
0.25,25,0.3,0.5,"CAT","pearson (r)","own",1000,1000,1000,1000,0,0.00843096087343021,0.00975320316048322,0.308423364694797,0.00690000695947988,0.309343764797459,1.00298421004379,0.0224386308618315,0.308384383552442,0.982,0.00420428352992517,1.10513219815476,"09b_or_to_cor_CAT",1000
0.5,25,0.3,0.5,"CAT","pearson (r)","own",1000,1000,1000,1000,0,-0.0030699856042366,0.00513723039956069,0.162453489276686,0.00363438810062316,0.217440199719757,1.33847663529971,0.0299442232847964,0.162401261859637,0.987,0.00358203852575597,0.910245111173008,"09b_or_to_cor_CAT",1000
0,50,0.3,0.5,"CAT","pearson (r)","own",1000,1000,1000,1000,0,-8.4263776093342e-06,0.00798474048307914,0.252499664518833,0.00564888929271081,0.24108410748639,0.954789813070856,0.0213604321499724,0.252373383248996,0.956,0.00648567652600714,0.884387641014834,"09b_or_to_cor_CAT",1000
0.1,50,0.3,0.5,"CAT","pearson (r)","own",1000,1000,1000,1000,0,0.00698891965066969,0.00792724376026354,0.250681458497906,0.00560821262669175,0.237970952437267,0.949296185937321,0.0212375294461137,0.250653540647018,0.96,0.00619677335393187,0.87519633632704,"09b_or_to_cor_CAT",1000
0.25,50,0.3,0.5,"CAT","pearson (r)","own",1000,1000,1000,1000,0,0.0253287672315284,0.00664407621701421,0.210104137935201,0.00470042214669109,0.215117657388084,1.02386206907752,0.0229057075788446,0.211521042636862,0.975,0.00493710441453288,0.804388700578853,"09b_or_to_cor_CAT",1000
0.5,50,0.3,0.5,"CAT","pearson (r)","own",1000,1000,1000,1000,0,0.0278618150094876,0.00415500802963846,0.131392890699459,0.00293950447350055,0.141716760546259,1.07857251478251,0.0241296824761233,0.134250170838836,0.98,0.00442718872423573,0.608233662462606,"09b_or_to_cor_CAT",1000
0,100,0.3,0.5,"CAT","pearson (r)","own",1000,1000,1000,1000,0,0.00972346765971622,0.00559752528008559,0.177009291454424,0.00396002859295936,0.171112666228463,0.966687481897077,0.021626605232494,0.177187761415019,0.951,0.00682634602111555,0.648124083890401,"09b_or_to_cor_CAT",1000
0.1,100,0.3,0.5,"CAT","pearson (r)","own",1000,1000,1000,1000,0,-0.00525057527697776,0.00547700441462892,0.173198087050246,0.00387476482917528,0.168209495093421,0.971197187903251,0.02172749578227,0.173191074600413,0.953,0.00669260786241059,0.637739593321353,"09b_or_to_cor_CAT",1000
0.25,100,0.3,0.5,"CAT","pearson (r)","own",1000,1000,1000,1000,0,0.0111331842649337,0.00483569538644349,0.152918114919296,0.00342106395933331,0.153020074012068,1.00066675614479,0.0223867850879317,0.1532465781428,0.962,0.00604615580348373,0.584028316631252,"09b_or_to_cor_CAT",1000
0.5,100,0.3,0.5,"CAT","pearson (r)","own",1000,1000,1000,1000,0,0.0350888600977102,0.00317744729046242,0.100479705829919,0.00224791876646246,0.0976365296457452,0.971703975835816,0.0217388335752583,0.106382814473673,0.979,0.00453420334788814,0.401536473070386,"09b_or_to_cor_CAT",1000
0,300,0.3,0.5,"CAT","pearson (r)","own",1000,1000,1000,1000,0,-0.000114528786165369,0.00303205033749997,0.0958818504678213,0.0021450561508868,0.0987697192895736,1.03011903512147,0.0230456876004335,0.0958339659866343,0.956,0.00648567652600714,0.382711182322189,"09b_or_to_cor_CAT",1000
0.1,300,0.3,0.5,"CAT","pearson (r)","own",1000,1000,1000,1000,0,0.0045322522746458,0.00324613920772552,0.102651934983871,0.00229651559146205,0.0970544681670389,0.945471394984306,0.0211519617258456,0.102700650664239,0.939,0.00756828910652864,0.376209115695172,"09b_or_to_cor_CAT",1000
0.25,300,0.3,0.5,"CAT","pearson (r)","own",1000,1000,1000,1000,0,0.0160149415955823,0.0028228283947123,0.0892656717108768,0.00199703986971674,0.087943808779039,0.985191811067986,0.0220405816515183,0.0906469532866822,0.945,0.00720936890441875,0.34165950647122,"09b_or_to_cor_CAT",1000
0.5,300,0.3,0.5,"CAT","pearson (r)","own",1000,1000,1000,1000,0,0.0344947173533733,0.00177029502431964,0.0559816440731323,0.0012524139800173,0.0559921068802307,1.000186897103,0.0223760497445468,0.065732001749124,0.926,0.00827792244467173,0.221884115487241,"09b_or_to_cor_CAT",1000
0,25,0.5,0.5,"CAT","pearson (r)","own",1000,1000,1000,1000,0,0.00380111246622721,0.0108732783925783,0.34384325353642,0.00769241605518197,0.302731968341065,0.880435969667788,0.0196969977423589,0.343692309014166,0.944,0.00727076337120113,1.07743342190919,"09b_or_to_cor_CAT",1000
0.1,25,0.5,0.5,"CAT","pearson (r)","own",1000,1000,1000,1000,0,0.00869965186383953,0.00993084427868189,0.314040870090867,0.00702568105153887,0.30191680212887,0.961393343616426,0.0215081654670207,0.314004347679922,0.957,0.00641490451994416,1.0722025384188,"09b_or_to_cor_CAT",1000
0.25,25,0.5,0.5,"CAT","pearson (r)","own",1000,1000,1000,1000,0,0.00210650353089539,0.00913443676424776,0.288856253178014,0.00646225411356199,0.277994779370525,0.962398342815879,0.0215306491769607,0.288719473576284,0.966,0.00573096850453743,1.00471901256839,"09b_or_to_cor_CAT",1000
0.5,25,0.5,0.5,"CAT","pearson (r)","own",1000,1000,1000,1000,0,-0.000906619024259533,0.00622719640167341,0.196921240664927,0.00440549610241747,0.200692088908423,1.01914901729627,0.0228002678041271,0.196824843472679,0.972,0.0052168956286282,0.787916205918712,"09b_or_to_cor_CAT",1000
0.75,25,0.5,0.5,"CAT","pearson (r)","own",1000,1000,1000,1000,0,-0.0110170774117078,0.00256668101067781,0.0811655802084485,0.00181582568772866,0.0986126517136023,1.21495653034632,0.0271808477387917,0.0818696497724222,0.987,0.00358203852575597,0.500944727052289,"09b_or_to_cor_CAT",1000
0,50,0.5,0.5,"CAT","pearson (r)","own",1000,1000,1000,1000,0,0.00716891713873843,0.00712802383234779,0.225407905261812,0.00504279601698581,0.219325885007629,0.973017715385273,0.0217682243837114,0.225409202127388,0.957,0.00641490451994416,0.814760241354061,"09b_or_to_cor_CAT",1000
0.1,50,0.5,0.5,"CAT","pearson (r)","own",1000,1000,1000,1000,0,0.00409689487358848,0.00693548499105372,0.219319292496423,0.00490658237280766,0.215492767160365,0.982552718949155,0.0219815402296576,0.219247886322025,0.954,0.00662449998113065,0.801686500004997,"09b_or_to_cor_CAT",1000
0.25,50,0.5,0.5,"CAT","pearson (r)","own",1000,1000,1000,1000,0,-0.00708838053022528,0.00634045982715353,0.200502944666027,0.00448562551336154,0.198241899448961,0.988723132117428,0.0221195839016929,0.200527989386692,0.953,0.00669260786241059,0.743440760044784,"09b_or_to_cor_CAT",1000
0.5,50,0.5,0.5,"CAT","pearson (r)","own",1000,1000,1000,1000,0,-0.0114263979703868,0.00448356107729588,0.141782650327332,0.00317194280971606,0.141672208337834,0.99922104722092,0.0223544418779873,0.142171657458462,0.955,0.00655553201502365,0.550584278803862,"09b_or_to_cor_CAT",1000
0.75,50,0.5,0.5,"CAT","pearson (r)","own",1000,1000,1000,1000,0,-0.001942930306768,0.0019903873307545,0.0629415739112711,0.00140812061517502,0.0628237677760614,0.998128325558306,0.0223299956526364,0.0629400910618863,0.961,0.00612200947402077,0.27920433030551,"09b_or_to_cor_CAT",1000
0,100,0.5,0.5,"CAT","pearson (r)","own",1000,1000,1000,1000,0,-0.00326393903163381,0.00505023914015048,0.159702584114058,0.00357284521204924,0.155879685898447,0.976062389742668,0.0218363394380821,0.159656079606564,0.948,0.00702111102319284,0.594332184512104,"09b_or_to_cor_CAT",1000
0.1,100,0.5,0.5,"CAT","pearson (r)","own",1000,1000,1000,1000,0,-0.00946954918393771,0.00496658712528187,0.157057275135587,0.00351366470742215,0.153642923556282,0.97826046850515,0.0218855145671247,0.157264086959133,0.955,0.00655553201502365,0.586146402844862,"09b_or_to_cor_CAT",1000
0.25,100,0.5,0.5,"CAT","pearson (r)","own",1000,1000,1000,1000,0,-0.000777264791720509,0.00441463691262379,0.139603076865449,0.00312318167882517,0.140110171726352,1.00363240461664,0.0224531321855823,0.139535422713326,0.959,0.00627048642451286,0.536776957482239,"09b_or_to_cor_CAT",1000
0.5,100,0.5,0.5,"CAT","pearson (r)","own",1000,1000,1000,1000,0,-0.00101691475184272,0.00308199691946958,0.0974613000714641,0.00218039138973314,0.0974014499233224,0.999385908580146,0.0223581301346378,0.097417865005454,0.942,0.00739161687318817,0.380082217856644,"09b_or_to_cor_CAT",1000
0.75,100,0.5,0.5,"CAT","pearson (r)","own",1000,1000,1000,1000,0,-0.000116304249314891,0.00131123645454838,0.0414649374741674,0.000927648128828611,0.041930231489117,1.01122138469977,0.0226229118501054,0.041444363010852,0.968,0.00556560868189635,0.174440501847872,"09b_or_to_cor_CAT",1000
0,300,0.5,0.5,"CAT","pearson (r)","own",1000,1000,1000,1000,0,-0.00236355848602196,0.00284683538223418,0.0900248393141605,0.00201402386751228,0.0904808286821409,1.00506515059015,0.0224851853901058,0.0900108528487745,0.949,0.00695693898205238,0.351346509570388,"09b_or_to_cor_CAT",1000
0.1,300,0.5,0.5,"CAT","pearson (r)","own",1000,1000,1000,1000,0,0.00358985581133605,0.00277904466912432,0.0878811087378186,0.00196606460894363,0.0888845622317766,1.01141830716942,0.0226273173737026,0.0879104842920427,0.96,0.00619677335393187,0.345239619196023,"09b_or_to_cor_CAT",1000
0.25,300,0.5,0.5,"CAT","pearson (r)","own",1000,1000,1000,1000,0,0.00151039282321502,0.00251125491714611,0.0794128532347913,0.00177661391034509,0.0809619773172247,1.01950722105215,0.0228082814914525,0.0793875062217729,0.942,0.00739161687318817,0.314931824336365,"09b_or_to_cor_CAT",1000
0.5,300,0.5,0.5,"CAT","pearson (r)","own",1000,1000,1000,1000,0,-0.00232809082465554,0.0017893639114732,0.0565846552316322,0.00126590446636359,0.0559743967923898,0.98921512490013,0.022130590699534,0.0566042524141326,0.942,0.00739161687318817,0.219038354180491,"09b_or_to_cor_CAT",1000
0.75,300,0.5,0.5,"CAT","pearson (r)","own",1000,1000,1000,1000,0,-0.000918766172128355,0.000755824327966432,0.0239012638734003,0.000534715932530026,0.0235732920839751,0.986278056626529,0.0220648829943205,0.0239069712763915,0.946,0.00714730718522718,0.0940839302358722,"09b_or_to_cor_CAT",1000
0,25,0.3,0.1,"CAT","pearson (z)","own",1000,1000,1000,1000,0,0.0917183985976846,0.0146936026206338,0.464652513146219,0.0103951449256166,0.614133079427571,1.32170398750068,0.0295689878137202,0.473390241403906,0.986,0.00371537346709587,2.44911558643496,"09b_or_to_cor_CAT",1000
0.1,25,0.3,0.1,"CAT","pearson (z)","own",1000,1000,1000,1000,0,0.0984090648992969,0.0153918130742495,0.486731866341868,0.0108891013120323,0.612396754585407,1.25818093478859,0.0281478584312735,0.496341964634544,0.995,0.00223047080231955,2.42945209879136,"09b_or_to_cor_CAT",1000
0.25,25,0.3,0.1,"CAT","pearson (z)","own",1000,1000,1000,1000,0,0.0897442421859486,0.0150675672505798,0.476478313095933,0.0106597101670833,0.629139431323608,1.32039468330836,0.0295396962324937,0.484622100479772,0.996,0.00199599599197994,2.47854968068119,"09b_or_to_cor_CAT",1000
0.5,25,0.3,0.1,"CAT","pearson (z)","own",1000,1000,1000,1000,0,-0.403667446440096,0.0113504896801427,0.358933999474869,0.00803002423899152,0.710797956481434,1.98030266712363,0.0443030708732169,0.540048321614385,0.997,0.00172945077987204,2.79573281141553,"09b_or_to_cor_CAT",1000
0,50,0.3,0.1,"CAT","pearson (z)","own",1000,1000,1000,1000,0,-0.0149086982058136,0.0133225137173608,0.421294875056967,0.00942515354750398,0.483984191177682,1.14880151606933,0.0257008364582994,0.421348017272787,0.987,0.00358203852575597,1.88452687257779,"09b_or_to_cor_CAT",1000
0.1,50,0.3,0.1,"CAT","pearson (z)","own",1000,1000,1000,1000,0,0.0423375309367218,0.0133713657026877,0.422839710475509,0.00945971440235276,0.467446258527635,1.10549280719628,0.0247319397181779,0.424743562470434,0.987,0.00358203852575597,1.80986917724543,"09b_or_to_cor_CAT",1000
0.25,50,0.3,0.1,"CAT","pearson (z)","own",1000,1000,1000,1000,0,0.150823577442066,0.0136229750972395,0.430796298150307,0.00963771813557883,0.494985483500877,1.14900124635745,0.025705304798042,0.456231976698183,0.993,0.00263647491928143,1.90377311939112,"09b_or_to_cor_CAT",1000
0.5,50,0.3,0.1,"CAT","pearson (z)","own",1000,1000,1000,1000,0,-0.13236737537593,0.00839825487553466,0.265576137773034,0.00594143443289087,0.671297699357312,2.52770337345223,0.0565494474959126,0.296616379071351,0.999,0.000999499874937461,2.61775755802916,"09b_or_to_cor_CAT",1000
0,100,0.3,0.1,"CAT","pearson (z)","own",1000,1000,1000,1000,0,-0.0360355397008579,0.0105847233679356,0.334718342454848,0.00748827474432576,0.343089782566771,1.02501040143342,0.0229313979193132,0.336486095594569,0.975,0.00493710441453288,1.31138741540662,"09b_or_to_cor_CAT",1000
0.1,100,0.3,0.1,"CAT","pearson (z)","own",1000,1000,1000,1000,0,0.0368465652997906,0.00951857096077317,0.301003643059805,0.00673401392270229,0.304393094887568,1.01126050101357,0.0226237869551342,0.303101071124024,0.97,0.00539444158370447,1.17579098827567,"09b_or_to_cor_CAT",1000
0.25,100,0.3,0.1,"CAT","pearson (z)","own",1000,1000,1000,1000,0,0.15971448684937,0.0109359805638397,0.345826070290659,0.00773677537088155,0.342875970647958,0.99146941223887,0.0221810233194536,0.380768686384982,0.98,0.00442718872423573,1.29674683531919,"09b_or_to_cor_CAT",1000
0.5,100,0.3,0.1,"CAT","pearson (z)","own",1000,1000,1000,1000,0,0.139554067839836,0.00670817927246664,0.212131254537258,0.00474577253276095,0.646255832375107,3.04649040889729,0.0681556828360954,0.253830666652092,1,0,2.49851081581513,"09b_or_to_cor_CAT",1000
0,300,0.3,0.1,"CAT","pearson (z)","own",1000,1000,1000,1000,0,-0.0087317559199643,0.00568316894224742,0.179717581850318,0.00402061810957543,0.173791383494541,0.967024938268352,0.0216341547620591,0.179839801985949,0.956,0.00648567652600714,0.676379835263089,"09b_or_to_cor_CAT",1000
0.1,300,0.3,0.1,"CAT","pearson (z)","own",1000,1000,1000,1000,0,0.0466259451196829,0.00502392529716253,0.158870467335719,0.00355422920490165,0.159753026135441,1.00555520994256,0.0224961489334985,0.16549490724606,0.95,0.00689202437604511,0.625612785264772,"09b_or_to_cor_CAT",1000
0.25,300,0.3,0.1,"CAT","pearson (z)","own",1000,1000,1000,1000,0,0.121653139719078,0.00536965116110876,0.169803279096714,0.0037988166320319,0.171662005093885,1.01094634925225,0.0226167587932387,0.208815245712362,0.919,0.00862780389206894,0.669184960247941,"09b_or_to_cor_CAT",1000
0.5,300,0.3,0.1,"CAT","pearson (z)","own",1000,1000,1000,1000,0,0.56700500461026,0.00716564655641148,0.226597640260025,0.00506941261192416,0.610606955415895,2.69467481971662,0.0602849107361857,0.610565163871901,1,0,2.33148809226416,"09b_or_to_cor_CAT",1000
0,25,0.5,0.1,"CAT","pearson (z)","own",1000,1000,1000,1000,0,0.0145371003123313,0.0147155900968736,0.465347818195384,0.0104107001987489,0.597462519950686,1.2839052781372,0.028723360058101,0.465342208049942,0.99,0.00314642654451046,2.36888683745854,"09b_or_to_cor_CAT",1000
0.1,25,0.5,0.1,"CAT","pearson (z)","own",1000,1000,1000,1000,0,-0.0165921807858791,0.0143071666881568,0.452432335982634,0.010121756728979,0.606928084459324,1.34147813095884,0.0300113723510071,0.452510357988955,0.994,0.00244213021765835,2.412554949212,"09b_or_to_cor_CAT",1000
0.25,25,0.5,0.1,"CAT","pearson (z)","own",1000,1000,1000,1000,0,-0.0964139308601667,0.0123359741108537,0.390097753471681,0.00872721564559687,0.641053500213566,1.64331502683238,0.0367640276960916,0.401646271077297,0.992,0.00281709069786544,2.55485457342221,"09b_or_to_cor_CAT",1000
0,50,0.5,0.1,"CAT","pearson (z)","own",1000,1000,1000,1000,0,-0.0065943015164935,0.0132286148134202,0.418325530994512,0.0093587237725863,0.45883008085937,1.09682543106696,0.0245380343191107,0.418168313534693,0.993,0.00263647491928143,1.77653784588547,"09b_or_to_cor_CAT",1000
0.1,50,0.5,0.1,"CAT","pearson (z)","own",1000,1000,1000,1000,0,0.0683624068462671,0.0131440238903225,0.415650531130865,0.00929887902738017,0.480101410153117,1.15506025902794,0.0258408562327894,0.4210297107511,0.996,0.00199599599197994,1.85969304089736,"09b_or_to_cor_CAT",1000
0.25,50,0.5,0.1,"CAT","pearson (z)","own",1000,1000,1000,1000,0,0.108452004152257,0.0111942751729192,0.353994063010999,0.00791950862998822,0.557719029663238,1.57550390794523,0.0352469662610267,0.370065294313083,0.995,0.00223047080231955,2.17137685789685,"09b_or_to_cor_CAT",1000
0,100,0.5,0.1,"CAT","pearson (z)","own",1000,1000,1000,1000,0,0.019525234901441,0.00998359482987019,0.31570898898671,0.00706299998813095,0.303326209453264,0.960777868336311,0.0214943961349846,0.316154595663641,0.971,0.00530650544143696,1.16631441146016,"09b_or_to_cor_CAT",1000
0.1,100,0.5,0.1,"CAT","pearson (z)","own",1000,1000,1000,1000,0,0.0745333776134059,0.00996525413658124,0.315129005340114,0.007050024670253,0.324330981392595,1.02920066352683,0.0230251419118774,0.323669906069603,0.985,0.00384382621875652,1.24111466400622,"09b_or_to_cor_CAT",1000
0.25,100,0.5,0.1,"CAT","pearson (z)","own",1000,1000,1000,1000,0,0.248109630323781,0.0105010389090093,0.332072007505192,0.00742907128680621,0.476749141524538,1.43568000538884,0.0321188442988809,0.414391041179418,0.997,0.00172945077987204,1.8026569428965,"09b_or_to_cor_CAT",1000
0,300,0.5,0.1,"CAT","pearson (z)","own",1000,1000,1000,1000,0,-0.00273661132554589,0.00511478715885691,0.161743771689693,0.00361851039208974,0.156947868328781,0.970348760197623,0.0217085148692019,0.161686040443429,0.958,0.00634318531969546,0.614275426159914,"09b_or_to_cor_CAT",1000
0.1,300,0.5,0.1,"CAT","pearson (z)","own",1000,1000,1000,1000,0,0.0621548714036046,0.0052353203062275,0.165555364482091,0.00370378284484401,0.165712367866609,1.00094834368556,0.0223930847273671,0.176760850216579,0.953,0.00669260786241059,0.646890736048908,"09b_or_to_cor_CAT",1000
0.25,300,0.5,0.1,"CAT","pearson (z)","own",1000,1000,1000,1000,0,0.271388665645474,0.0088289898223265,0.279197172769971,0.0062461624367734,0.284199264386821,1.01791598234045,0.0227726825082308,0.389262017235555,0.968,0.00556560868189635,1.04878095763,"09b_or_to_cor_CAT",1000
0,25,0.3,0.3,"CAT","pearson (z)","own",1000,1000,1000,1000,0,0.0127373496655735,0.0143561761197083,0.453982150287963,0.0101564289708283,0.449211964632194,0.989492570021214,0.0221367976653008,0.453933842166241,0.965,0.00581162627841812,1.75225237369975,"09b_or_to_cor_CAT",1000
0.1,25,0.3,0.3,"CAT","pearson (z)","own",1000,1000,1000,1000,0,0.0184802228180018,0.0144575017272992,0.45718634734084,0.0102281128459662,0.435472174339728,0.952504765010131,0.0213093113552254,0.457331231684506,0.97,0.00539444158370447,1.69822063673468,"09b_or_to_cor_CAT",1000
0.25,25,0.3,0.3,"CAT","pearson (z)","own",1000,1000,1000,1000,0,0.0788148995749215,0.014225861797357,0.449861249584249,0.0100642367221539,0.444018634246892,0.987012405841231,0.0220813117583901,0.456491573995216,0.969,0.00548078461536303,1.72654210196529,"09b_or_to_cor_CAT",1000
0.5,25,0.3,0.3,"CAT","pearson (z)","own",1000,1000,1000,1000,0,0.125022900744304,0.0148901065327325,0.470866512459873,0.0105341637011651,0.515930363532803,1.09570408997129,0.0245129478235669,0.486954087152052,0.986,0.00371537346709587,1.97447739545439,"09b_or_to_cor_CAT",1000
0.75,25,0.3,0.3,"CAT","pearson (z)","own",1000,1000,1000,1000,0,0.0714437672731323,0.0151160005962125,0.478009909964948,0.0106939748508429,0.682341366256713,1.42746280366185,0.0319350101423479,0.483083007808027,0.977,0.00474035863622153,2.59277028320099,"09b_or_to_cor_CAT",1000
0,50,0.3,0.3,"CAT","pearson (z)","own",1000,1000,1000,1000,0,-0.0167939129654475,0.00918122207948606,0.290335734750034,0.00649535288074995,0.293637297101048,1.01137153286989,0.0226262709452239,0.290676073226987,0.979,0.00453420334788814,1.14515761178421,"09b_or_to_cor_CAT",1000
0.1,50,0.3,0.3,"CAT","pearson (z)","own",1000,1000,1000,1000,0,0.00980399093750375,0.0092049642048178,0.291086526675449,0.00651214949898155,0.282562102532253,0.970715153873471,0.0217167117803398,0.291106085275227,0.966,0.00573096850453743,1.10404055494718,"09b_or_to_cor_CAT",1000
0.25,50,0.3,0.3,"CAT","pearson (z)","own",1000,1000,1000,1000,0,0.0394267072844885,0.00874154442025154,0.27643190635531,0.00618429826015741,0.282404213827176,1.02160498601847,0.0228552124134379,0.279092546478182,0.973,0.00512552436341883,1.10579060367063,"09b_or_to_cor_CAT",1000
0.5,50,0.3,0.3,"CAT","pearson (z)","own",1000,1000,1000,1000,0,0.111776166178698,0.0116412475706182,0.368128571290553,0.00823572399063141,0.343307047585081,0.93257376459954,0.020863417634824,0.384547835361261,0.957,0.00641490451994416,1.31783573522179,"09b_or_to_cor_CAT",1000
0.75,50,0.3,0.3,"CAT","pearson (z)","own",1000,1000,1000,1000,0,0.189692461030512,0.0140893797162174,0.445545307222239,0.00996768102714661,0.521691308379692,1.17090518051281,0.0261953367327548,0.484040638726527,0.984,0.00396787096564392,1.96553183124183,"09b_or_to_cor_CAT",1000
0,100,0.3,0.3,"CAT","pearson (z)","own",1000,1000,1000,1000,0,-0.0120495813123261,0.0065107416576084,0.205887728949827,0.004606093199298,0.196444840377525,0.954135738829764,0.0213457992870568,0.206137234833951,0.953,0.00669260786241059,0.768121027269647,"09b_or_to_cor_CAT",1000
0.1,100,0.3,0.3,"CAT","pearson (z)","own",1000,1000,1000,1000,0,0.0158473999640104,0.00603965846747312,0.19099077046737,0.00427282040297225,0.189565081117938,0.992535297145808,0.0222048691564353,0.191551917283371,0.954,0.00662449998113065,0.744059857067248,"09b_or_to_cor_CAT",1000
0.25,100,0.3,0.3,"CAT","pearson (z)","own",1000,1000,1000,1000,0,0.0271880533296502,0.00588878640159056,0.186219776832532,0.00416608436072526,0.191540117442897,1.02857022331817,0.0230110377864277,0.188101881229642,0.964,0.00589101010014412,0.751702874455678,"09b_or_to_cor_CAT",1000
0.5,100,0.3,0.3,"CAT","pearson (z)","own",1000,1000,1000,1000,0,0.0831206030651044,0.00769817248949825,0.243437588876631,0.00544615372804177,0.227101272938602,0.932893206782835,0.0208705641533443,0.257121824185144,0.94,0.00750999334220744,0.884413464465611,"09b_or_to_cor_CAT",1000
0.75,100,0.3,0.3,"CAT","pearson (z)","own",1000,1000,1000,1000,0,0.135664191749148,0.0111167046862371,0.351541068839766,0.00786463056694064,0.342785704446704,0.975094334150037,0.0218146822256561,0.376646140138026,0.96,0.00619677335393187,1.30383584263631,"09b_or_to_cor_CAT",1000
0,300,0.3,0.3,"CAT","pearson (z)","own",1000,1000,1000,1000,0,0.00583747323090294,0.00332672612359732,0.105200317021504,0.00235352765931391,0.108859162075768,1.03477979114375,0.0231499574213077,0.105309618214316,0.959,0.00627048642451286,0.426932944190315,"09b_or_to_cor_CAT",1000
0.1,300,0.3,0.3,"CAT","pearson (z)","own",1000,1000,1000,1000,0,0.0127818343489765,0.00336619403245376,0.106448401886206,0.00238144964979278,0.106576846880987,1.00120664089366,0.0223988633185424,0.107160189861664,0.948,0.00702111102319284,0.418070120582529,"09b_or_to_cor_CAT",1000
0.25,300,0.3,0.3,"CAT","pearson (z)","own",1000,1000,1000,1000,0,0.0226493818865388,0.00346609008314188,0.109607392380507,0.00245212216974657,0.108368757565057,0.98869934966475,0.0221190518437888,0.111869393418541,0.945,0.00720936890441875,0.424993575981056,"09b_or_to_cor_CAT",1000
0.5,300,0.3,0.3,"CAT","pearson (z)","own",1000,1000,1000,1000,0,0.0407165278531003,0.00400429748840833,0.12662700492262,0.00283288270358109,0.124860896465186,0.986052671319884,0.0220598407038768,0.132951869553271,0.944,0.00727076337120113,0.488896158141817,"09b_or_to_cor_CAT",1000
0.75,300,0.3,0.3,"CAT","pearson (z)","own",1000,1000,1000,1000,0,0.076666480515679,0.00558748485779013,0.176691785423188,0.00395292538977833,0.179132717797064,1.01381463415535,0.0226809276859317,0.192526663825193,0.954,0.00662449998113065,0.698527863783684,"09b_or_to_cor_CAT",1000
0,25,0.5,0.3,"CAT","pearson (z)","own",1000,1000,1000,1000,0,-0.00281849329168872,0.013028990582962,0.412012858550449,0.00921749749473911,0.39837853115887,0.966908005154141,0.0216315387498038,0.411816445664493,0.975,0.00493710441453288,1.55451007242071,"09b_or_to_cor_CAT",1000
0.1,25,0.5,0.3,"CAT","pearson (z)","own",1000,1000,1000,1000,0,0.037566786124006,0.0132566106235643,0.419210836244483,0.00937852970522732,0.405749540142848,0.967888959593152,0.0216534845335249,0.420681888033299,0.964,0.00589101010014412,1.58138203500821,"09b_or_to_cor_CAT",1000
0.25,25,0.5,0.3,"CAT","pearson (z)","own",1000,1000,1000,1000,0,0.0699218983381693,0.0128450925449832,0.406197491977957,0.00908739687845853,0.439013834545846,1.08078913143479,0.0241792723323988,0.411971452838551,0.975,0.00493710441453288,1.69962419092206,"09b_or_to_cor_CAT",1000
0.5,25,0.5,0.3,"CAT","pearson (z)","own",1000,1000,1000,1000,0,0.0864521074177036,0.0122233238000566,0.386535437859233,0.00864751998913429,0.570222720488205,1.47521459777736,0.0330033070012799,0.39589670616623,0.981,0.00431729081716764,2.19378258180385,"09b_or_to_cor_CAT",1000
0,50,0.5,0.3,"CAT","pearson (z)","own",1000,1000,1000,1000,0,0.00184189461409129,0.00893039062357598,0.282403747655115,0.00631789950846212,0.261201726029591,0.924923016066286,0.0206922560946569,0.282268520010173,0.944,0.00727076337120113,1.02294916415484,"09b_or_to_cor_CAT",1000
0.1,50,0.5,0.3,"CAT","pearson (z)","own",1000,1000,1000,1000,0,0.0155812746802967,0.00831970657457185,0.263092222399245,0.00588586460476561,0.262057984952726,0.996068916682189,0.0222839228280575,0.2634218595526,0.971,0.00530650544143696,1.02791741440858,"09b_or_to_cor_CAT",1000
0.25,50,0.5,0.3,"CAT","pearson (z)","own",1000,1000,1000,1000,0,0.0737482502041076,0.00959095680014283,0.303292684287317,0.0067852240520516,0.294875217253736,0.972246389478995,0.02175096838196,0.311982804490939,0.965,0.00581162627841812,1.13833135281431,"09b_or_to_cor_CAT",1000
0.5,50,0.5,0.3,"CAT","pearson (z)","own",1000,1000,1000,1000,0,0.181560120277049,0.01131413801246,0.357784458808643,0.00800430686636311,0.454286352218206,1.26972075235156,0.0284060257123885,0.401055839654586,0.989,0.00329833291224522,1.70414485057604,"09b_or_to_cor_CAT",1000
0,100,0.5,0.3,"CAT","pearson (z)","own",1000,1000,1000,1000,0,-0.00421330588632125,0.00590816557482722,0.18683260009852,0.00417979436225006,0.176425844297807,0.944299036703309,0.0211257338805399,0.186786685782487,0.951,0.00682634602111555,0.692921370023568,"09b_or_to_cor_CAT",1000
0.1,100,0.5,0.3,"CAT","pearson (z)","own",1000,1000,1000,1000,0,0.0077717447337555,0.00573414407193419,0.181329556988644,0.00405668100540684,0.178582730497366,0.984851744321801,0.022032973722989,0.181405423969811,0.961,0.00612200947402077,0.700933351660343,"09b_or_to_cor_CAT",1000
0.25,100,0.5,0.3,"CAT","pearson (z)","own",1000,1000,1000,1000,0,0.0472439186871918,0.00606946478522458,0.191933328994944,0.0042939071984114,0.193760446207056,1.00951954109107,0.0225848384286718,0.197569107476913,0.959,0.00627048642451286,0.757410685377142,"09b_or_to_cor_CAT",1000
0.5,100,0.5,0.3,"CAT","pearson (z)","own",1000,1000,1000,1000,0,0.170381405368497,0.0100309372610463,0.317206088111574,0.00709649289289453,0.32092383962195,1.01172030313955,0.0226340735878358,0.359929029015522,0.982,0.00420428352992517,1.19119989841443,"09b_or_to_cor_CAT",1000
0,300,0.5,0.3,"CAT","pearson (z)","own",1000,1000,1000,1000,0,0.00501361987217773,0.00321702240121415,0.101731180716208,0.0022759165980585,0.0998294067290332,0.981305888973415,0.0219536463133896,0.10180383234931,0.949,0.00695693898205238,0.391643124341218,"09b_or_to_cor_CAT",1000
0.1,300,0.5,0.3,"CAT","pearson (z)","own",1000,1000,1000,1000,0,0.00945251607872722,0.00315535004218234,0.0997809294840458,0.0022322858339367,0.10103299616482,1.0125481561181,0.0226525942058152,0.100177980190409,0.96,0.00619677335393187,0.396308862384787,"09b_or_to_cor_CAT",1000
0.25,300,0.5,0.3,"CAT","pearson (z)","own",1000,1000,1000,1000,0,0.0200902568387236,0.00340088241869534,0.107545344974997,0.00240599031633501,0.108255692098866,1.00660509410272,0.0225196368038775,0.109352885853146,0.959,0.00627048642451286,0.424238781429983,"09b_or_to_cor_CAT",1000
0.5,300,0.5,0.3,"CAT","pearson (z)","own",1000,1000,1000,1000,0,0.112149751355977,0.00512610564119538,0.162101693528153,0.00362651777239559,0.160005395510767,0.987068006682967,0.0220825556531103,0.197048848803686,0.932,0.00796090447122687,0.61965782168034,"09b_or_to_cor_CAT",1000
0,25,0.3,0.5,"CAT","pearson (z)","own",1000,1000,1000,1000,0,-0.00231930864779606,0.012315334294561,0.389445065171957,0.0087126137887793,0.395720651715645,1.01611417656793,0.0227323727464126,0.389257203556474,0.976,0.00483983470792134,1.54665395927815,"09b_or_to_cor_CAT",1000
0.1,25,0.3,0.5,"CAT","pearson (z)","own",1000,1000,1000,1000,0,0.0135374702293851,0.0133810615885364,0.423146321307659,0.00946657385957249,0.412630611776433,0.975148762965185,0.0218158998999516,0.423151296260782,0.972,0.0052168956286282,1.60568985563489,"09b_or_to_cor_CAT",1000
0.25,25,0.3,0.5,"CAT","pearson (z)","own",1000,1000,1000,1000,0,0.0745645353145968,0.0131629581105046,0.416249283745808,0.00931227424215,0.443390526366193,1.06520429867444,0.0238306105031787,0.42267017008462,0.982,0.00420428352992517,1.71196600060165,"09b_or_to_cor_CAT",1000
0.5,25,0.3,0.5,"CAT","pearson (z)","own",1000,1000,1000,1000,0,0.0942858551193739,0.0119508393100107,0.37791872170309,0.00845474794832576,0.571168382180362,1.51135244003365,0.0338117780563691,0.38931935493766,0.987,0.00358203852575597,2.19751707993344,"09b_or_to_cor_CAT",1000
0,50,0.3,0.5,"CAT","pearson (z)","own",1000,1000,1000,1000,0,8.18406076118005e-05,0.00859345110708723,0.271748784596912,0.00607952807597563,0.260023162398859,0.956851243270709,0.0214065501953401,0.271612888548857,0.956,0.00648567652600714,1.01911481002018,"09b_or_to_cor_CAT",1000
0.1,50,0.3,0.5,"CAT","pearson (z)","own",1000,1000,1000,1000,0,0.0206385301636794,0.00890559359171825,0.281619596656293,0.00630035658542674,0.267573233921845,0.950122921482659,0.0212560250650242,0.282234364581901,0.96,0.00619677335393187,1.0432801618836,"09b_or_to_cor_CAT",1000
0.25,50,0.3,0.5,"CAT","pearson (z)","own",1000,1000,1000,1000,0,0.065026824362688,0.00906739516798448,0.28673621175636,0.00641482482564706,0.290184300863562,1.01202530048814,0.0226408969484137,0.293877398525221,0.975,0.00493710441453288,1.12328405658648,"09b_or_to_cor_CAT",1000
0.5,50,0.3,0.5,"CAT","pearson (z)","own",1000,1000,1000,1000,0,0.165288323328574,0.0112884355700939,0.35697167621558,0.00798612340106621,0.448285412790846,1.25580106955074,0.0280946163991076,0.393219504439075,0.98,0.00442718872423573,1.6821607292886,"09b_or_to_cor_CAT",1000
0,100,0.3,0.5,"CAT","pearson (z)","own",1000,1000,1000,1000,0,0.0102714055458847,0.00577988702062702,0.18277607603626,0.00408904233933316,0.176840816684277,0.967527154096438,0.0216453902685272,0.182973191066696,0.951,0.00682634602111555,0.694596260284128,"09b_or_to_cor_CAT",1000
0.1,100,0.3,0.5,"CAT","pearson (z)","own",1000,1000,1000,1000,0,0.000426175003339052,0.0058581791959723,0.185251892006864,0.00414443096867536,0.178518142180291,0.963650844514328,0.0215586699802633,0.185159733348706,0.953,0.00669260786241059,0.700806731988024,"09b_or_to_cor_CAT",1000
0.25,100,0.3,0.5,"CAT","pearson (z)","own",1000,1000,1000,1000,0,0.0288867537027969,0.00614314767472878,0.194263386549101,0.00434603493962707,0.192628534169544,0.991584351490011,0.0221835947252664,0.196303259345478,0.962,0.00604615580348373,0.753106074418232,"09b_or_to_cor_CAT",1000
0.5,100,0.3,0.5,"CAT","pearson (z)","own",1000,1000,1000,1000,0,0.162496324830235,0.0101482539564613,0.320915967762328,0.0071794898326185,0.317388427937901,0.989007901822325,0.0221259547320857,0.359567972558458,0.979,0.00453420334788814,1.18001483043615,"09b_or_to_cor_CAT",1000
0,300,0.3,0.5,"CAT","pearson (z)","own",1000,1000,1000,1000,0,-0.000101821536345345,0.00306031980402179,0.0967758094922896,0.00216505568463297,0.0996873123240126,1.03008502689874,0.0230449267729464,0.0967274630764723,0.956,0.00648567652600714,0.391090551043098,"09b_or_to_cor_CAT",1000
0.1,300,0.3,0.5,"CAT","pearson (z)","own",1000,1000,1000,1000,0,0.00658411455786418,0.0033783579613076,0.10683305909095,0.00239005515019763,0.101065059929565,0.946009229629246,0.0211639940918008,0.106982427420239,0.939,0.00756828910652864,0.396425941465844,"09b_or_to_cor_CAT",1000
0.25,300,0.3,0.5,"CAT","pearson (z)","own",1000,1000,1000,1000,0,0.0242682759917815,0.0034563748374455,0.10930016933622,0.00244524901619741,0.108188152063963,0.98982602425037,0.0221442576594686,0.111908577461796,0.945,0.00720936890441875,0.423996523652074,"09b_or_to_cor_CAT",1000
0.5,300,0.3,0.5,"CAT","pearson (z)","own",1000,1000,1000,1000,0,0.108599404406989,0.00522719845734774,0.165298529069374,0.00369803695676272,0.160010257762272,0.968007753384894,0.0216561421726132,0.19771219169879,0.926,0.00827792244467173,0.619603497857806,"09b_or_to_cor_CAT",1000
0,25,0.5,0.5,"CAT","pearson (z)","own",1000,1000,1000,1000,0,0.0040802723904457,0.0124463611035615,0.393588496681813,0.00880531009368612,0.349073697968261,0.886900153107017,0.0198416136042673,0.393412813007291,0.944,0.00727076337120113,1.37271770339843,"09b_or_to_cor_CAT",1000
0.1,25,0.5,0.5,"CAT","pearson (z)","own",1000,1000,1000,1000,0,0.030489334678009,0.0115657924859685,0.365742472005214,0.00818234249117483,0.349683608505625,0.956092429157749,0.0213895741057836,0.366828826296086,0.957,0.00641490451994416,1.37648621942379,"09b_or_to_cor_CAT",1000
0.25,25,0.5,0.5,"CAT","pearson (z)","own",1000,1000,1000,1000,0,0.0578361815157292,0.0123870451275708,0.391712760824148,0.00876334637772433,0.37413526706917,0.955126573568867,0.0213679661115523,0.395765678145294,0.966,0.00573096850453743,1.45782318201669,"09b_or_to_cor_CAT",1000
0.5,25,0.5,0.5,"CAT","pearson (z)","own",1000,1000,1000,1000,0,0.118593917613656,0.0137925173285813,0.436157694256579,0.00975766258428301,0.465026607657103,1.0661891645629,0.0238526437933324,0.451782932413245,0.972,0.0052168956286282,1.77794741748854,"09b_or_to_cor_CAT",1000
0.75,25,0.5,0.5,"CAT","pearson (z)","own",1000,1000,1000,1000,0,0.109834233952545,0.0143572633394313,0.45401653119438,0.0101571981359458,0.646412164818825,1.42376349847507,0.0318522497731415,0.466892320064404,0.987,0.00358203852575597,2.45391141580259,"09b_or_to_cor_CAT",1000
0,50,0.5,0.5,"CAT","pearson (z)","own",1000,1000,1000,1000,0,0.00783025004755659,0.007508747516616,0.237447445276396,0.00531214302307845,0.231376564188882,0.974432737819321,0.0217998810795406,0.237457829508369,0.957,0.00641490451994416,0.911578178794727,"09b_or_to_cor_CAT",1000
0.1,50,0.5,0.5,"CAT","pearson (z)","own",1000,1000,1000,1000,0,0.0131481313657858,0.00754631389298616,0.238635398404084,0.00533871975424374,0.233270870188636,0.977519981313233,0.0218689484850359,0.238878169526887,0.954,0.00662449998113065,0.918454720072801,"09b_or_to_cor_CAT",1000
0.25,50,0.5,0.5,"CAT","pearson (z)","own",1000,1000,1000,1000,0,0.0139433743523411,0.00781468983433872,0.247122190842743,0.00552858515872875,0.244026356886437,0.987472456658999,0.0220916039547918,0.247391846102574,0.953,0.00669260786241059,0.957852143022321,"09b_or_to_cor_CAT",1000
0.5,50,0.5,0.5,"CAT","pearson (z)","own",1000,1000,1000,1000,0,0.0359436551449242,0.00952834421754613,0.301312700575407,0.00674092811680248,0.295215257887311,0.979763738214648,0.0219191455193963,0.303299357944744,0.955,0.00655553201502365,1.14297121251866,"09b_or_to_cor_CAT",1000
0.75,50,0.5,0.5,"CAT","pearson (z)","own",1000,1000,1000,1000,0,0.155471101186908,0.014483507392576,0.458008718684267,0.0102465108295254,0.473092389369222,1.03293315185852,0.0231086446500384,0.48345990289649,0.961,0.00612200947402077,1.77750089894105,"09b_or_to_cor_CAT",1000
0,100,0.5,0.5,"CAT","pearson (z)","own",1000,1000,1000,1000,0,-0.0032273454293294,0.00519078061099015,0.164146895649693,0.00367227276532921,0.159986360419758,0.974653585658944,0.0218048218583687,0.164096541421811,0.948,0.00702111102319284,0.628899399701506,"09b_or_to_cor_CAT",1000
0.1,100,0.5,0.5,"CAT","pearson (z)","own",1000,1000,1000,1000,0,-0.00553015935038941,0.00523795804775778,0.165638777193236,0.00370564894304957,0.161201468652697,0.973210931547975,0.0217725469902968,0.165648274871793,0.955,0.00655553201502365,0.633515623147345,"09b_or_to_cor_CAT",1000
0.25,100,0.5,0.5,"CAT","pearson (z)","own",1000,1000,1000,1000,0,0.00982783782936247,0.00533400742545588,0.168676125206914,0.00377360009342197,0.168230923544775,0.997360612466095,0.0223128204762863,0.168877973625941,0.959,0.00627048642451286,0.660439808315706,"09b_or_to_cor_CAT",1000
0.5,100,0.5,0.5,"CAT","pearson (z)","own",1000,1000,1000,1000,0,0.0262571486004908,0.0064548664302194,0.204120799116536,0.00456656367740629,0.200069939950866,0.98015459873172,0.0219278897994889,0.205701417554594,0.942,0.00739161687318817,0.781477101327942,"09b_or_to_cor_CAT",1000
0.75,100,0.5,0.5,"CAT","pearson (z)","own",1000,1000,1000,1000,0,0.0798923080737574,0.00992382580890153,0.313818926588917,0.00702071576069723,0.303143248095896,0.96598140651024,0.0216108090067836,0.32367671719802,0.968,0.00556560868189635,1.16135508529369,"09b_or_to_cor_CAT",1000
0,300,0.5,0.5,"CAT","pearson (z)","own",1000,1000,1000,1000,0,-0.00238980054353861,0.00287069795791726,0.0907794402141273,0.0020309056996217,0.0912209179417799,1.00486319068074,0.0224806671695689,0.0907655055925026,0.949,0.00695693898205238,0.357930147926199,"09b_or_to_cor_CAT",1000
0.1,300,0.5,0.5,"CAT","pearson (z)","own",1000,1000,1000,1000,0,0.00502551384010844,0.00287743762511288,0.0909925672042241,0.00203567374861947,0.0919595597996248,1.01062716027377,0.0226096179393831,0.0910858025626713,0.96,0.00619677335393187,0.360803665256041,"09b_or_to_cor_CAT",1000
0.25,300,0.5,0.5,"CAT","pearson (z)","own",1000,1000,1000,1000,0,0.0051175261451913,0.00296318745927818,0.0937042150536648,0.00209633837774481,0.0957396918182232,1.02172236076459,0.0228578383058241,0.0937970602564459,0.942,0.00739161687318817,0.375515870931588,"09b_or_to_cor_CAT",1000
0.5,300,0.5,0.5,"CAT","pearson (z)","own",1000,1000,1000,1000,0,0.00431863265105404,0.00358651552368931,0.113415579184098,0.0025373184241671,0.112175778313854,0.989068513522014,0.0221273107290611,0.113441090862339,0.942,0.00739161687318817,0.439385051327044,"09b_or_to_cor_CAT",1000
0.75,300,0.5,0.5,"CAT","pearson (z)","own",1000,1000,1000,1000,0,0.0177865317518656,0.00515376760278646,0.162976441559912,0.00364608752033898,0.16078387301453,0.986546714823344,0.022070893380173,0.163863113282971,0.946,0.00714730718522718,0.627518313079921,"09b_or_to_cor_CAT",1000
0,25,0.3,0.1,"CAT","2x2_tetrachoric (r)","population",1000,1000,1000,1000,0,0.0637980666946704,0.0104515425981227,0.330506796723415,0.00739405459701036,0.414764943583747,1.25493620008923,0.0280752676532389,0.336445688412959,0.985,0.00384382621875652,1.34100191032287,"09b_or_to_cor_CAT",1000
0.1,25,0.3,0.1,"CAT","2x2_tetrachoric (r)","population",1000,1000,1000,1000,0,0.120211492062594,0.0107222636536217,0.339067748182834,0.00758557907735643,0.397596212054182,1.17261583912071,0.0262336073621912,0.35958694879519,0.99,0.00314642654451046,1.30847941156673,"09b_or_to_cor_CAT",1000
0.25,25,0.3,0.1,"CAT","2x2_tetrachoric (r)","population",1000,1000,1000,1000,0,0.175556058612982,0.00952758084494736,0.301288560614252,0.00674038806076576,0.365408609669983,1.2128193945532,0.0271330360178463,0.348574169547853,0.98,0.00442718872423573,1.2321496172428,"09b_or_to_cor_CAT",1000
0.5,25,0.3,0.1,"CAT","2x2_tetrachoric (r)","population",1000,1000,1000,1000,0,0.219507545400084,0.00522965005188289,0.165376055295677,0.00369977136330343,0.266402505427446,1.61088922426613,0.0360386019048412,0.274782555692794,0.992,0.00281709069786544,1.01770044125955,"09b_or_to_cor_CAT",1000
0,50,0.3,0.1,"CAT","2x2_tetrachoric (r)","population",1000,1000,1000,1000,0,-0.00388037239078282,0.00927221364230186,0.293213140613597,0.00655972582637122,0.313777960107954,1.07013607729627,0.0239409436060125,0.293092185451184,0.98,0.00442718872423573,1.09320548464879,"09b_or_to_cor_CAT",1000
0.1,50,0.3,0.1,"CAT","2x2_tetrachoric (r)","population",1000,1000,1000,1000,0,0.0868216985745926,0.00909612589588919,0.287644757146495,0.00643515068364791,0.305908305620069,1.06349341686166,0.0237923348802319,0.300324448140556,0.963,0.00596917079668525,1.0657425712247,"09b_or_to_cor_CAT",1000
0.25,50,0.3,0.1,"CAT","2x2_tetrachoric (r)","population",1000,1000,1000,1000,0,0.212092013443666,0.0081394840038767,0.257393084307572,0.00575836423677468,0.266964649067086,1.03718656538603,0.0232038014581823,0.33341861198215,0.919,0.00862780389206894,0.95760094703977,"09b_or_to_cor_CAT",1000
0.5,50,0.3,0.1,"CAT","2x2_tetrachoric (r)","population",1000,1000,1000,1000,0,0.299264993879456,0.00298138129538023,0.0942795546682476,0.0021092097999492,0.164017482377337,1.7396930114327,0.0389201832945525,0.31375035036743,0.908,0.00913980306133562,0.69165933510244,"09b_or_to_cor_CAT",1000
0,100,0.3,0.1,"CAT","2x2_tetrachoric (r)","population",1000,1000,1000,1000,0,-0.0145195095482663,0.00734285658743461,0.232201513482647,0.00519478172679131,0.228045933996361,0.982103564167351,0.0219714917979398,0.23253911816787,0.962,0.00604615580348373,0.835941054843997,"09b_or_to_cor_CAT",1000
0.1,100,0.3,0.1,"CAT","2x2_tetrachoric (r)","population",1000,1000,1000,1000,0,0.093099913668022,0.00679689587504369,0.214936719841413,0.00480853603364681,0.215667835973063,1.00340154131034,0.0224479673420507,0.234134981725591,0.933,0.00790638982089803,0.793698347335068,"09b_or_to_cor_CAT",1000
0.25,100,0.3,0.1,"CAT","2x2_tetrachoric (r)","population",1000,1000,1000,1000,0,0.230631799967018,0.00603525868817318,0.190851637229472,0.00426970773246901,0.185110528599983,0.969918473255822,0.0216988885463195,0.299297427723265,0.796,0.0127429980773757,0.695361439660542,"09b_or_to_cor_CAT",1000
0.5,100,0.3,0.1,"CAT","2x2_tetrachoric (r)","population",1000,1000,1000,1000,0,0.350660378469712,0.00167389096618931,0.0529330800793812,0.00118421190721352,0.100414904599252,1.89701608991324,0.0424397945194568,0.354629116238705,0.372,0.0152845019545944,0.440151348848176,"09b_or_to_cor_CAT",1000
0,300,0.3,0.1,"CAT","2x2_tetrachoric (r)","population",1000,1000,1000,1000,0,-0.00285028169840798,0.00423194381698869,0.13382581391551,0.002993933511778,0.130357485278378,0.974083261400359,0.0217920626390492,0.133789249296941,0.952,0.00675988165576884,0.499391623991866,"09b_or_to_cor_CAT",1000
0.1,300,0.3,0.1,"CAT","2x2_tetrachoric (r)","population",1000,1000,1000,1000,0,0.106051127440074,0.00388054562475264,0.122713627384194,0.00274533313587265,0.123200232711853,1.00396537318659,0.0224605813146463,0.162143200112592,0.866,0.0107723720693262,0.473093122542036,"09b_or_to_cor_CAT",1000
0.25,300,0.3,0.1,"CAT","2x2_tetrachoric (r)","population",1000,1000,1000,1000,0,0.233168209879668,0.00329184301109327,0.104097216147617,0.0023288492316132,0.104755868283083,1.0063272790555,0.0225134215621718,0.25532882382873,0.462,0.0157656588825206,0.40531216178048,"09b_or_to_cor_CAT",1000
0.5,300,0.3,0.1,"CAT","2x2_tetrachoric (r)","population",1000,1000,1000,1000,0,0.397684686332445,0.000880742197826816,0.0278515137655534,0.000623090403687597,0.0496798057990229,1.78373808394094,0.0399055538650941,0.398657799190671,0,0,0.214422529109229,"09b_or_to_cor_CAT",1000
0,25,0.5,0.1,"CAT","2x2_tetrachoric (r)","population",1000,1000,1000,1000,0,0.00936658542297005,0.0107451984989633,0.339793011673463,0.00760180457680181,0.40364585778097,1.18791689032401,0.0265759204677324,0.33975221031485,0.987,0.00358203852575597,1.31205463818462,"09b_or_to_cor_CAT",1000
0.1,25,0.5,0.1,"CAT","2x2_tetrachoric (r)","population",1000,1000,1000,1000,0,0.0486901171194828,0.0103240913740461,0.326476435136831,0.0073038878775591,0.400053983310201,1.22536863385724,0.0274137859494208,0.329925754287329,0.994,0.00244213021765835,1.3078309294509,"09b_or_to_cor_CAT",1000
0.25,25,0.5,0.1,"CAT","2x2_tetrachoric (r)","population",1000,1000,1000,1000,0,0.130427253586187,0.00836566920606114,0.264545688426857,0.00591838135561492,0.374646439500999,1.41618803817543,0.0316827725714369,0.294831655902161,0.999,0.000999499874937461,1.25420823389909,"09b_or_to_cor_CAT",1000
0,50,0.5,0.1,"CAT","2x2_tetrachoric (r)","population",1000,1000,1000,1000,0,-0.00399922460774356,0.00930430381651519,0.294227921023854,0.0065824283602731,0.304425081753817,1.03465735234943,0.023147218236701,0.2941079618745,0.978,0.00463853425124791,1.06361640408569,"09b_or_to_cor_CAT",1000
0.1,50,0.5,0.1,"CAT","2x2_tetrachoric (r)","population",1000,1000,1000,1000,0,0.102927983870758,0.0089485601141143,0.282978317395375,0.00633075370713939,0.298821726736741,1.05598806822796,0.0236244262074986,0.300983091304978,0.984,0.00396787096564392,1.05091340847701,"09b_or_to_cor_CAT",1000
0.25,50,0.5,0.1,"CAT","2x2_tetrachoric (r)","population",1000,1000,1000,1000,0,0.239342316123711,0.00656502582639564,0.207604345092394,0.00464449710991674,0.262878122983578,1.26624576603435,0.0283282837754359,0.316766805117902,0.966,0.00573096850453743,0.95922392698113,"09b_or_to_cor_CAT",1000
0,100,0.5,0.1,"CAT","2x2_tetrachoric (r)","population",1000,1000,1000,1000,0,0.0139439171734525,0.00714035232732537,0.225797766504323,0.0050515179414393,0.215181206572931,0.952981997582384,0.0213199879395791,0.226115190894205,0.954,0.00662449998113065,0.794134962807013,"09b_or_to_cor_CAT",1000
0.1,100,0.5,0.1,"CAT","2x2_tetrachoric (r)","population",1000,1000,1000,1000,0,0.11151467519706,0.00672155895818335,0.212554357349679,0.00475523813324541,0.21177661198823,0.99634095780888,0.0222900088963723,0.239936863065708,0.942,0.00739161687318817,0.784691499770415,"09b_or_to_cor_CAT",1000
0.25,100,0.5,0.1,"CAT","2x2_tetrachoric (r)","population",1000,1000,1000,1000,0,0.299225079953449,0.00493386237544275,0.156022427682079,0.00349051323626732,0.18293117962837,1.17246720452986,0.0262302821286692,0.337423033320219,0.79,0.0128802173894698,0.701557683597188,"09b_or_to_cor_CAT",1000
0,300,0.5,0.1,"CAT","2x2_tetrachoric (r)","population",1000,1000,1000,1000,0,-0.0023763041426621,0.00400889944966178,0.126772531715268,0.00283613840985046,0.123885022417877,0.977222910528631,0.0218623024565054,0.126731410250496,0.95,0.00689202437604511,0.475791309966004,"09b_or_to_cor_CAT",1000
0.1,300,0.5,0.1,"CAT","2x2_tetrachoric (r)","population",1000,1000,1000,1000,0,0.117553620378841,0.00380628056753541,0.120365160070502,0.00269279353393743,0.12068325026469,1.0026427098506,0.0224309908644144,0.168202668383149,0.851,0.0112605062053178,0.464122422605266,"09b_or_to_cor_CAT",1000
0.25,300,0.5,0.1,"CAT","2x2_tetrachoric (r)","population",1000,1000,1000,1000,0,0.318493747411121,0.00325740990971173,0.103008345874925,0.00230448916905121,0.103430627691607,1.00409949128972,0.0224635817872138,0.334721340431929,0.221,0.0131209374665075,0.403833787338572,"09b_or_to_cor_CAT",1000
0,25,0.3,0.3,"CAT","2x2_tetrachoric (r)","population",1000,1000,1000,1000,0,0.0162439779795388,0.011145152542388,0.352440669039624,0.00788475630432084,0.333234893169469,0.945506357360832,0.0211527438995359,0.352638735235516,0.962,0.00604615580348373,1.15291327911772,"09b_or_to_cor_CAT",1000
0.1,25,0.3,0.3,"CAT","2x2_tetrachoric (r)","population",1000,1000,1000,1000,0,0.0560056168576833,0.0110256234486979,0.34866082721246,0.00780019417998577,0.324458114293849,0.930583790808646,0.0208188982028415,0.352958123832919,0.964,0.00589101010014412,1.13033979018761,"09b_or_to_cor_CAT",1000
0.25,25,0.3,0.3,"CAT","2x2_tetrachoric (r)","population",1000,1000,1000,1000,0,0.140427458330406,0.00964317374779133,0.304943929157627,0.00682216548516326,0.299719033074816,0.982866043284599,0.0219885498804903,0.33558557803234,0.951,0.00682634602111555,1.06494873639054,"09b_or_to_cor_CAT",1000
0.5,25,0.3,0.3,"CAT","2x2_tetrachoric (r)","population",1000,1000,1000,1000,0,0.193334966954673,0.00667731739932028,0.211155316417241,0.00472393897346883,0.219161762774632,1.03791733257414,0.0232201500856241,0.286217383348703,0.958,0.00634318531969546,0.857722438483468,"09b_or_to_cor_CAT",1000
0.75,25,0.3,0.3,"CAT","2x2_tetrachoric (r)","population",1000,1000,1000,1000,0,0.146025502452223,0.00304801483615232,0.0963866922422626,0.00215635040468151,0.119096409274357,1.23561050290028,0.027642915696919,0.174941565710918,1,0,0.595768384666956,"09b_or_to_cor_CAT",1000
0,50,0.3,0.3,"CAT","2x2_tetrachoric (r)","population",1000,1000,1000,1000,0,-0.00769064994765583,0.00769749985196458,0.24341631821017,0.00544567786348865,0.242765511319195,0.997326362933428,0.022312054250245,0.243416101693461,0.97,0.00539444158370447,0.886472156693183,"09b_or_to_cor_CAT",1000
0.1,50,0.3,0.3,"CAT","2x2_tetrachoric (r)","population",1000,1000,1000,1000,0,0.0609579278084124,0.00766800729158888,0.242483681561998,0.0054248130390308,0.235610476165139,0.971654977553197,0.0217377373921225,0.249910796987109,0.951,0.00682634602111555,0.863081167969589,"09b_or_to_cor_CAT",1000
0.25,50,0.3,0.3,"CAT","2x2_tetrachoric (r)","population",1000,1000,1000,1000,0,0.143542888533163,0.00659543562855868,0.208565987472697,0.00466601084679977,0.213052761442926,1.02151249120049,0.0228531431315325,0.253102414464531,0.93,0.00806845710157772,0.792854083761406,"09b_or_to_cor_CAT",1000
0.5,50,0.3,0.3,"CAT","2x2_tetrachoric (r)","population",1000,1000,1000,1000,0,0.215383628081559,0.00474304830170816,0.149988356855913,0.00335551979718159,0.146922831196479,0.979561575820325,0.0219146227688934,0.262419736168451,0.794,0.0127892142057282,0.577597974936029,"09b_or_to_cor_CAT",1000
0.75,50,0.3,0.3,"CAT","2x2_tetrachoric (r)","population",1000,1000,1000,1000,0,0.172604968722906,0.00191886964428126,0.0606799860888587,0.00135752466979468,0.0667239446943849,1.09960382318934,0.0246001921423339,0.182950413716033,0.68,0.0147512711316686,0.312637818106292,"09b_or_to_cor_CAT",1000
0,100,0.3,0.3,"CAT","2x2_tetrachoric (r)","population",1000,1000,1000,1000,0,-0.00665653256295879,0.00564106336678205,0.178386086643691,0.0039908300738949,0.172026755989251,0.964350747448468,0.0215743281166737,0.178421085463305,0.945,0.00720936890441875,0.649852936035453,"09b_or_to_cor_CAT",1000
0.1,100,0.3,0.3,"CAT","2x2_tetrachoric (r)","population",1000,1000,1000,1000,0,0.069804958569598,0.00535703189500289,0.169404222863771,0.00378988899846153,0.16751302286093,0.988836169660531,0.0221221127627436,0.183144274205495,0.93,0.00806845710157772,0.633860228532456,"09b_or_to_cor_CAT",1000
0.25,100,0.3,0.3,"CAT","2x2_tetrachoric (r)","population",1000,1000,1000,1000,0,0.146302102603064,0.00464296384039801,0.146823408294602,0.00328471398413611,0.150991097202524,1.02838572511244,0.0230069102168293,0.207219355601975,0.861,0.0109397897603199,0.57610816216148,"09b_or_to_cor_CAT",1000
0.5,100,0.3,0.3,"CAT","2x2_tetrachoric (r)","population",1000,1000,1000,1000,0,0.225307200021262,0.0032854384510628,0.103894686176541,0.00232431825773154,0.100905554536313,0.971229215369604,0.0217282122965358,0.248085965123638,0.57,0.0156556698994326,0.397358237688204,"09b_or_to_cor_CAT",1000
0.75,100,0.3,0.3,"CAT","2x2_tetrachoric (r)","population",1000,1000,1000,1000,0,0.176379160050975,0.00134919024074747,0.0426651415763291,0.000954498937183896,0.0437723684769995,1.02595155810487,0.0229524533526115,0.181461020860432,0.292,0.0143783170086071,0.187741231909823,"09b_or_to_cor_CAT",1000
0,300,0.3,0.3,"CAT","2x2_tetrachoric (r)","population",1000,1000,1000,1000,0,0.00604460712883946,0.00305404765046326,0.0965774665814969,0.00216061838311339,0.0998653718887334,1.03404422815815,0.0231335015029151,0.0967182357138036,0.954,0.00662449998113065,0.386476199739102,"09b_or_to_cor_CAT",1000
0.1,300,0.3,0.3,"CAT","2x2_tetrachoric (r)","population",1000,1000,1000,1000,0,0.0696877742786623,0.00306751811227596,0.0970034399861213,0.00217014820410918,0.0971093648199613,1.00109196987092,0.0223962979135,0.119401187538842,0.893,0.00977501918156686,0.376069634535432,"09b_or_to_cor_CAT",1000
0.25,300,0.3,0.3,"CAT","2x2_tetrachoric (r)","population",1000,1000,1000,1000,0,0.150135591322157,0.00277971237191752,0.0879022233540843,0.00196653698236231,0.0871753631151122,0.991731036926744,0.0221868763525689,0.173953355389813,0.634,0.0152329905140127,0.338556310721588,"09b_or_to_cor_CAT",1000
0.5,300,0.3,0.3,"CAT","2x2_tetrachoric (r)","population",1000,1000,1000,1000,0,0.221055836486095,0.001864736269125,0.0589681384595972,0.00131922743972859,0.0583536796242808,0.98957981629796,0.0221387495275319,0.228778161013249,0.121,0.0103130499853341,0.229162437540636,"09b_or_to_cor_CAT",1000
0.75,300,0.3,0.3,"CAT","2x2_tetrachoric (r)","population",1000,1000,1000,1000,0,0.179295896520226,0.000731440014469455,0.0231301641750999,0.000517464991473761,0.0238397917933434,1.03067974843894,0.0230582318050421,0.180780220154927,0.005,0.00223047080231955,0.096545039322608,"09b_or_to_cor_CAT",1000
0,25,0.5,0.3,"CAT","2x2_tetrachoric (r)","population",1000,1000,1000,1000,0,-0.00588239777655876,0.0104808823923158,0.331434602480725,0.00741481134541306,0.316818248500766,0.955899734455731,0.0213852631652481,0.331321066987049,0.964,0.00589101010014412,1.10964299329752,"09b_or_to_cor_CAT",1000
0.1,25,0.5,0.3,"CAT","2x2_tetrachoric (r)","population",1000,1000,1000,1000,0,0.0651560930232713,0.010485901636358,0.331593324913778,0.00741836226281446,0.310590150821461,0.936659840490521,0.0209548307873672,0.337771365648873,0.961,0.00612200947402077,1.09364999435578,"09b_or_to_cor_CAT",1000
0.25,25,0.5,0.3,"CAT","2x2_tetrachoric (r)","population",1000,1000,1000,1000,0,0.139104786661227,0.00900572496039153,0.284786028558669,0.00637119558358349,0.289271473407999,1.01575022788875,0.0227242305344186,0.316815594079935,0.961,0.00612200947402077,1.04118093063792,"09b_or_to_cor_CAT",1000
0.5,25,0.5,0.3,"CAT","2x2_tetrachoric (r)","population",1000,1000,1000,1000,0,0.216840901193913,0.00537531324495576,0.169982329909308,0.00380282233326733,0.207102782992843,1.21837830498817,0.0272573992311404,0.275472457642327,0.959,0.00627048642451286,0.837399765184589,"09b_or_to_cor_CAT",1000
0,50,0.5,0.3,"CAT","2x2_tetrachoric (r)","population",1000,1000,1000,1000,0,0.00161151937389051,0.00776598410458778,0.245581980431607,0.0054941277739375,0.228457168800812,0.930268452104272,0.020811843486812,0.245464448746228,0.946,0.00714730718522718,0.841097551837405,"09b_or_to_cor_CAT",1000
0.1,50,0.5,0.3,"CAT","2x2_tetrachoric (r)","population",1000,1000,1000,1000,0,0.0611841599491859,0.00720429861477135,0.227819925666734,0.00509675742032125,0.225564053356792,0.990098002607365,0.0221503423235081,0.235782777235644,0.961,0.00612200947402077,0.831953316596587,"09b_or_to_cor_CAT",1000
0.25,50,0.5,0.3,"CAT","2x2_tetrachoric (r)","population",1000,1000,1000,1000,0,0.162912248427505,0.00675029687420619,0.213463130048067,0.00477556907655662,0.203345124514493,0.952600687850426,0.0213114573283953,0.268442437162482,0.896,0.00965318600255895,0.762749069110309,"09b_or_to_cor_CAT",1000
0.5,50,0.5,0.3,"CAT","2x2_tetrachoric (r)","population",1000,1000,1000,1000,0,0.258313544021427,0.00392601497415778,0.124151494462657,0.00277750090908275,0.13450023646402,1.08335575859279,0.0242366925776844,0.2865729697802,0.758,0.0135438546950268,0.549354628370189,"09b_or_to_cor_CAT",1000
0,100,0.5,0.3,"CAT","2x2_tetrachoric (r)","population",1000,1000,1000,1000,0,-0.00383808769790183,0.00544601504234321,0.172218117053429,0.00385284106926554,0.163116759623141,0.947152148763398,0.0211895633283843,0.172174770738235,0.949,0.00695693898205238,0.618637700764647,"09b_or_to_cor_CAT",1000
0.1,100,0.5,0.3,"CAT","2x2_tetrachoric (r)","population",1000,1000,1000,1000,0,0.0598868820811249,0.00514741133281458,0.162775438654571,0.00364159070977114,0.160623492041884,0.986779660184156,0.0220761048031545,0.173366046938717,0.937,0.00768316341099159,0.60988526308271,"09b_or_to_cor_CAT",1000
0.25,100,0.5,0.3,"CAT","2x2_tetrachoric (r)","population",1000,1000,1000,1000,0,0.162356306518332,0.00446382076776533,0.141158406929,0.00315797731849212,0.144665805097126,1.02484724958599,0.0229277479076359,0.215093794464557,0.829,0.0119062588582644,0.553933678957601,"09b_or_to_cor_CAT",1000
0.5,100,0.5,0.3,"CAT","2x2_tetrachoric (r)","population",1000,1000,1000,1000,0,0.263996282631647,0.00297030029269753,0.0939291425958899,0.0021013704271431,0.0930765464708329,0.990922986184116,0.0221687987476077,0.28019260944625,0.411,0.0155588881350821,0.372845512368311,"09b_or_to_cor_CAT",1000
0,300,0.5,0.3,"CAT","2x2_tetrachoric (r)","population",1000,1000,1000,1000,0,0.00470882145529047,0.00306173266879322,0.0968204881993251,0.00216605523079183,0.0950111139920288,0.981312073085489,0.0219537846635318,0.0968865611306248,0.95,0.00689202437604511,0.368172417557491,"09b_or_to_cor_CAT",1000
0.1,300,0.5,0.3,"CAT","2x2_tetrachoric (r)","population",1000,1000,1000,1000,0,0.065596666958388,0.0029133108916133,0.0921269794967397,0.0020610526712605,0.0932643176674965,1.01234533224653,0.0226480566568305,0.113056692357822,0.903,0.00935900635751467,0.36159916591708,"09b_or_to_cor_CAT",1000
0.25,300,0.5,0.3,"CAT","2x2_tetrachoric (r)","population",1000,1000,1000,1000,0,0.15060652646645,0.00265322950793671,0.0839024840024779,0.00187705533952536,0.0845534532378727,1.00775864079752,0.0225454437988503,0.172380140994414,0.61,0.0154240072614091,0.32870920411008,"09b_or_to_cor_CAT",1000
0.5,300,0.5,0.3,"CAT","2x2_tetrachoric (r)","population",1000,1000,1000,1000,0,0.263386728491638,0.00163764615662621,0.0517869185635966,0.00115857013249445,0.0532425913193261,1.02810888919644,0.0230007168801186,0.268424611008205,0.02,0.00442718872423573,0.21020317885147,"09b_or_to_cor_CAT",1000
0,25,0.3,0.5,"CAT","2x2_tetrachoric (r)","population",1000,1000,1000,1000,0,-0.00301699850378591,0.0100460623426174,0.317684385187177,0.00710719329217728,0.319728879458483,1.00643561461197,0.0225158452309957,0.317539836088537,0.968,0.00556560868189635,1.11574043772932,"09b_or_to_cor_CAT",1000
0.1,25,0.3,0.5,"CAT","2x2_tetrachoric (r)","population",1000,1000,1000,1000,0,0.044830075136819,0.0104625032432259,0.330853402754925,0.00740180882157108,0.314591461987499,0.95084850078005,0.0212722576296569,0.333712819318005,0.965,0.00581162627841812,1.10461280052526,"09b_or_to_cor_CAT",1000
0.25,25,0.3,0.5,"CAT","2x2_tetrachoric (r)","population",1000,1000,1000,1000,0,0.140978434532182,0.00919770371895359,0.290856929952945,0.00650701299129602,0.288437108654507,0.991680372550072,0.022185742895796,0.323091434351169,0.963,0.00596917079668525,1.03876397424701,"09b_or_to_cor_CAT",1000
0.5,25,0.3,0.5,"CAT","2x2_tetrachoric (r)","population",1000,1000,1000,1000,0,0.222128847596793,0.00511006900999731,0.161594570722332,0.00361517248766681,0.205022016345679,1.26874322218392,0.0283841565360163,0.274641434267168,0.969,0.00548078461536303,0.834535923354537,"09b_or_to_cor_CAT",1000
0,50,0.3,0.5,"CAT","2x2_tetrachoric (r)","population",1000,1000,1000,1000,0,-0.000221530667140173,0.00755194655835458,0.238813518922702,0.00534270464306467,0.228685444033754,0.957590027002507,0.0214230781678431,0.238694185097291,0.955,0.00655553201502365,0.842012287294079,"09b_or_to_cor_CAT",1000
0.1,50,0.3,0.5,"CAT","2x2_tetrachoric (r)","population",1000,1000,1000,1000,0,0.0630013130376588,0.00746465082478927,0.236052985441886,0.00528094635102232,0.225190653018709,0.953983499073977,0.0213423933992587,0.244201671510578,0.939,0.00756828910652864,0.831285569887436,"09b_or_to_cor_CAT",1000
0.25,50,0.3,0.5,"CAT","2x2_tetrachoric (r)","population",1000,1000,1000,1000,0,0.159836051353864,0.00630589576719855,0.199409933119623,0.00446117280276863,0.204174441818009,1.02389303593782,0.0229064003653713,0.255484090341729,0.914,0.00886588969026797,0.765257793669331,"09b_or_to_cor_CAT",1000
0.5,50,0.3,0.5,"CAT","2x2_tetrachoric (r)","population",1000,1000,1000,1000,0,0.253057257361011,0.0040372267790461,0.12766832052411,0.00285617887929205,0.135852098697424,1.06410187068897,0.023805947129249,0.283409379464509,0.787,0.0129472390879291,0.554174741407918,"09b_or_to_cor_CAT",1000
0,100,0.3,0.5,"CAT","2x2_tetrachoric (r)","population",1000,1000,1000,1000,0,0.00911878437201905,0.00535437694261733,0.169320265897595,0.00378801072425398,0.163507903885347,0.965672378427734,0.0216038954711568,0.169481076582644,0.947,0.00708456067798138,0.619966122922581,"09b_or_to_cor_CAT",1000
0.1,100,0.3,0.5,"CAT","2x2_tetrachoric (r)","population",1000,1000,1000,1000,0,0.0527852349465396,0.00524131269512651,0.165744860457555,0.00370802222388971,0.160860443513974,0.970530507370808,0.0217125808930619,0.173868250228981,0.937,0.00768316341099159,0.610592149130211,"09b_or_to_cor_CAT",1000
0.25,100,0.3,0.5,"CAT","2x2_tetrachoric (r)","population",1000,1000,1000,1000,0,0.148149336664764,0.00462485429167912,0.146250734081108,0.00327190219193438,0.145965264431285,0.998048080567824,0.022328200422261,0.208125236086961,0.846,0.0114142016803629,0.558381981409769,"09b_or_to_cor_CAT",1000
0.5,100,0.3,0.5,"CAT","2x2_tetrachoric (r)","population",1000,1000,1000,1000,0,0.261097835882345,0.00306765912250577,0.0970078991211172,0.00217024796329097,0.0937063614874741,0.965966301058422,0.0216104710696018,0.278519661535492,0.436,0.0156813264745046,0.374310818312648,"09b_or_to_cor_CAT",1000
0,300,0.3,0.5,"CAT","2x2_tetrachoric (r)","population",1000,1000,1000,1000,0,-0.000128574774597254,0.00292017327310077,0.0923439870534734,0.0020659075357848,0.0950165368579314,1.02894124338502,0.0230193381985768,0.0922978930662006,0.956,0.00648567652600714,0.368187038061437,"09b_or_to_cor_CAT",1000
0.1,300,0.3,0.5,"CAT","2x2_tetrachoric (r)","population",1000,1000,1000,1000,0,0.0626825845939093,0.00311777467568679,0.0985926920636304,0.00220570274261191,0.093260137455689,0.945913287320526,0.0211618476830858,0.116790003085872,0.884,0.0101264011376204,0.361566444179662,"09b_or_to_cor_CAT",1000
0.25,300,0.3,0.5,"CAT","2x2_tetrachoric (r)","population",1000,1000,1000,1000,0,0.154076922279125,0.00270695727126995,0.0856015050596733,0.00191506561520779,0.0842476936227888,0.98418472390245,0.0220180512298757,0.176238440840301,0.567,0.0156687906361659,0.327548038092194,"09b_or_to_cor_CAT",1000
0.5,300,0.3,0.5,"CAT","2x2_tetrachoric (r)","population",1000,1000,1000,1000,0,0.261476547180746,0.00169913139529244,0.0537312525302401,0.00120206851633015,0.0535697335921119,0.996993948018664,0.0223046175074821,0.266934720814912,0.025,0.00493710441453287,0.211312135586687,"09b_or_to_cor_CAT",1000
0,25,0.5,0.5,"CAT","2x2_tetrachoric (r)","population",1000,1000,1000,1000,0,0.00372160885436437,0.0106343245382658,0.336286869183384,0.0075233656180465,0.296926456128897,0.882955843176193,0.0197533720211436,0.336139286456139,0.94,0.00750999334220744,1.05571803643434,"09b_or_to_cor_CAT",1000
0.1,25,0.5,0.5,"CAT","2x2_tetrachoric (r)","population",1000,1000,1000,1000,0,0.0626110580926225,0.00974402192737834,0.308133028611394,0.0068935115987991,0.295830859669416,0.960075137036048,0.0214786747227393,0.31427879653802,0.954,0.00662449998113065,1.05147778317635,"09b_or_to_cor_CAT",1000
0.25,25,0.5,0.5,"CAT","2x2_tetrachoric (r)","population",1000,1000,1000,1000,0,0.128543343873499,0.00896693297852899,0.283559318382293,0.00634375178482125,0.272934365802099,0.962530053179667,0.0215335957839004,0.311205514746397,0.941,0.00745110730026082,0.989544697559392,"09b_or_to_cor_CAT",1000
0.5,25,0.5,0.5,"CAT","2x2_tetrachoric (r)","population",1000,1000,1000,1000,0,0.196889687760277,0.00617598278804426,0.195301724002168,0.00436926448859311,0.198089729614597,1.01427537635253,0.0226912353497828,0.277254702000093,0.922,0.00848033018225116,0.786386506845793,"09b_or_to_cor_CAT",1000
0.75,25,0.5,0.5,"CAT","2x2_tetrachoric (r)","population",1000,1000,1000,1000,0,0.156840459414321,0.00261055770958162,0.0825530832559027,0.00184686672345955,0.0990937813703342,1.20036438933671,0.0268543942788872,0.177220558211502,0.998,0.00141279864099595,0.512710548791856,"09b_or_to_cor_CAT",1000
0,50,0.5,0.5,"CAT","2x2_tetrachoric (r)","population",1000,1000,1000,1000,0,0.0069816259475058,0.0070532960981309,0.223044806816721,0.00498992908930283,0.217174820417112,0.973682478944992,0.0217830963866578,0.223042551910911,0.956,0.00648567652600714,0.804721241026371,"09b_or_to_cor_CAT",1000
0.1,50,0.5,0.5,"CAT","2x2_tetrachoric (r)","population",1000,1000,1000,1000,0,0.0591141999615008,0.00686799582092529,0.217185097546418,0.00485883644401757,0.213516505357373,0.983108453432164,0.0219939730484364,0.224981523389676,0.939,0.00756828910652864,0.792755471661475,"09b_or_to_cor_CAT",1000
0.25,50,0.5,0.5,"CAT","2x2_tetrachoric (r)","population",1000,1000,1000,1000,0,0.122628705630931,0.00628678680310097,0.198805654616876,0.00444765396356347,0.19663571478373,0.989085120152506,0.0221276822504148,0.233499387716659,0.93,0.00806845710157772,0.738258320060628,"09b_or_to_cor_CAT",1000
0.5,50,0.5,0.5,"CAT","2x2_tetrachoric (r)","population",1000,1000,1000,1000,0,0.191201021382606,0.0044621598183659,0.141105883097195,0.00315680226223348,0.141008628890466,0.999310771425021,0.0223564491760833,0.237589540914886,0.83,0.0118785521003193,0.554389517555913,"09b_or_to_cor_CAT",1000
0.75,50,0.5,0.5,"CAT","2x2_tetrachoric (r)","population",1000,1000,1000,1000,0,0.168737680488925,0.00200178745061877,0.0633020773549714,0.00141618575081386,0.0629903057115399,0.995074859207491,0.022261683904945,0.18020974075016,0.589,0.0155588881350821,0.282966773626868,"09b_or_to_cor_CAT",1000
0,100,0.5,0.5,"CAT","2x2_tetrachoric (r)","population",1000,1000,1000,1000,0,-0.00326529189290054,0.00502885329746133,0.15902630438826,0.00355771557094965,0.155199111378582,0.975933585173843,0.0218334578392052,0.158980307752395,0.948,0.00702111102319284,0.590512971205428,"09b_or_to_cor_CAT",1000
0.1,100,0.5,0.5,"CAT","2x2_tetrachoric (r)","population",1000,1000,1000,1000,0,0.0463388929026508,0.00494177058888117,0.156272507348961,0.0034961079856911,0.152953426684152,0.978760943168355,0.021896711120481,0.162923198016799,0.943,0.00733150734842434,0.582514770116564,"09b_or_to_cor_CAT",1000
0.25,100,0.5,0.5,"CAT","2x2_tetrachoric (r)","population",1000,1000,1000,1000,0,0.130425364448181,0.00439880340268145,0.139102377317722,0.00311198009438184,0.139570153719814,1.00336282104672,0.0224471010974043,0.190632886972598,0.861,0.0109397897603199,0.534954714217162,"09b_or_to_cor_CAT",1000
0.5,100,0.5,0.5,"CAT","2x2_tetrachoric (r)","population",1000,1000,1000,1000,0,0.203780154133091,0.00307252676211036,0.0971618274009107,0.00217369162652604,0.0971510553728148,0.999889133125796,0.0223693882080026,0.225737306402125,0.606,0.0154519901630826,0.382099791099677,"09b_or_to_cor_CAT",1000
0.75,100,0.5,0.5,"CAT","2x2_tetrachoric (r)","population",1000,1000,1000,1000,0,0.171976173260707,0.0013121846127438,0.0414949208689642,0.000928318913394403,0.0420011923238796,1.01220080540734,0.0226448233213884,0.176906502986353,0.257,0.0138185020895899,0.177330931808785,"09b_or_to_cor_CAT",1000
0,300,0.5,0.5,"CAT","2x2_tetrachoric (r)","population",1000,1000,1000,1000,0,-0.00235949908134964,0.00284297667462806,0.089902816265561,0.00201129398391417,0.0903497221212258,1.00497098838756,0.0224830788056911,0.0898888262912673,0.951,0.00682634602111555,0.350524975782301,"09b_or_to_cor_CAT",1000
0.1,300,0.5,0.5,"CAT","2x2_tetrachoric (r)","population",1000,1000,1000,1000,0,0.0597797088174602,0.00277425289526429,0.0877295795435171,0.00196267461773373,0.0887522148325956,1.01165667605384,0.0226326501310409,0.106124437497005,0.895,0.00969407035254026,0.344475275033822,"09b_or_to_cor_CAT",1000
0.25,300,0.5,0.5,"CAT","2x2_tetrachoric (r)","population",1000,1000,1000,1000,0,0.133691096837486,0.00250786587674605,0.0793056823673263,0.00177421629779037,0.0808610828708468,1.01961272455,0.0228106418018335,0.155423329130802,0.637,0.0152062815967613,0.31457172131734,"09b_or_to_cor_CAT",1000
0.5,300,0.5,0.5,"CAT","2x2_tetrachoric (r)","population",1000,1000,1000,1000,0,0.204060725607733,0.00178868218589755,0.0565630971760497,0.00126542217237884,0.0559315525674907,0.988834688337638,0.0221220796227826,0.211747406864263,0.127,0.0105295299040366,0.21952977530482,"09b_or_to_cor_CAT",1000
0.75,300,0.5,0.5,"CAT","2x2_tetrachoric (r)","population",1000,1000,1000,1000,0,0.172357385507478,0.000755304673143039,0.0238848309450101,0.000534348297216895,0.0235794368248237,0.987213888141408,0.0220858192939162,0.174002824698611,0.004,0.00199599599197994,0.0947989529858666,"09b_or_to_cor_CAT",1000
0,25,0.3,0.1,"CAT","2x2_tetrachoric (z)","population",1000,1000,1000,1000,0,0.0787029569143014,0.0118717160919058,0.375416625852952,0.00839877138897422,0.46572419058603,1.24055291778274,0.027753486752777,0.383393871561483,0.985,0.00384382621875652,1.81424560823383,"09b_or_to_cor_CAT",1000
0.1,25,0.3,0.1,"CAT","2x2_tetrachoric (z)","population",1000,1000,1000,1000,0,0.158337359550177,0.0125843345793263,0.397951601082881,0.00890292089162972,0.473067261475318,1.18875576876192,0.0265946877458388,0.428109601337025,0.99,0.00314642654451046,1.84095939765424,"09b_or_to_cor_CAT",1000
0.25,25,0.3,0.1,"CAT","2x2_tetrachoric (z)","population",1000,1000,1000,1000,0,0.269013231825007,0.0128450021151701,0.406194632336179,0.0090873329029287,0.492059099285692,1.21138749780043,0.0271010018119776,0.487028956178501,0.977,0.00474035863622153,1.9128837246619,"09b_or_to_cor_CAT",1000
0.5,25,0.3,0.1,"CAT","2x2_tetrachoric (z)","population",1000,1000,1000,1000,0,0.488613068407721,0.0110166140889864,0.34837592624298,0.00779382041295901,0.545045766658624,1.56453338362558,0.0350015351334931,0.599989292253184,0.989,0.00329833291224522,2.12272898316394,"09b_or_to_cor_CAT",1000
0,50,0.3,0.1,"CAT","2x2_tetrachoric (z)","population",1000,1000,1000,1000,0,-0.000874199236146867,0.0100582708457493,0.318070451954358,0.00711583032712763,0.344390409684232,1.08274882991536,0.0242231144491199,0.317912578892921,0.98,0.00442718872423573,1.33927432311854,"09b_or_to_cor_CAT",1000
0.1,50,0.3,0.1,"CAT","2x2_tetrachoric (z)","population",1000,1000,1000,1000,0,0.109485175654287,0.0103756415221229,0.328106593953248,0.00734035757624573,0.34691669529969,1.05732923901286,0.0236544307039439,0.345735862685166,0.963,0.00596917079668525,1.34564824148432,"09b_or_to_cor_CAT",1000
0.25,50,0.3,0.1,"CAT","2x2_tetrachoric (z)","population",1000,1000,1000,1000,0,0.301020273273781,0.0109024400204241,0.34476542517913,0.00771304675791368,0.366827776222996,1.0639923537356,0.0238034970303689,0.457556051344935,0.913,0.00891240708226459,1.42317069552699,"09b_or_to_cor_CAT",1000
0.5,50,0.3,0.1,"CAT","2x2_tetrachoric (z)","population",1000,1000,1000,1000,0,0.646871508322054,0.00807466899076592,0.255343453627534,0.0057125101687127,0.440936701994454,1.72683769930378,0.0386325859419863,0.695397603756279,0.848,0.0113532374237483,1.72303268604682,"09b_or_to_cor_CAT",1000
0,100,0.3,0.1,"CAT","2x2_tetrachoric (z)","population",1000,1000,1000,1000,0,-0.0154271174445493,0.00776232938335922,0.245466407998655,0.00549154220266444,0.242599541087006,0.988320736287207,0.0221105815550914,0.245828191326695,0.962,0.00604615580348373,0.943365109501515,"09b_or_to_cor_CAT",1000
0.1,100,0.3,0.1,"CAT","2x2_tetrachoric (z)","population",1000,1000,1000,1000,0,0.105917503852906,0.00744807426996239,0.23552878875177,0.00526921909159917,0.235500710161077,0.999880784889008,0.022369201442347,0.258141151587606,0.933,0.00790638982089803,0.916639517058724,"09b_or_to_cor_CAT",1000
0.25,100,0.3,0.1,"CAT","2x2_tetrachoric (z)","population",1000,1000,1000,1000,0,0.30599315560067,0.00834109021378777,0.263768432445101,0.0059009926869947,0.254809910799129,0.966036414733452,0.0216120396435201,0.403901006984443,0.785,0.012991343271579,0.988537500226817,"09b_or_to_cor_CAT",1000
0.5,100,0.3,0.1,"CAT","2x2_tetrachoric (z)","population",1000,1000,1000,1000,0,0.787554821746709,0.00584475951089096,0.184827524303471,0.0041349370702164,0.357250381917119,1.93288517640124,0.0432422530058372,0.808931177408129,0.269,0.0140228028582021,1.39701286747434,"09b_or_to_cor_CAT",1000
0,300,0.3,0.1,"CAT","2x2_tetrachoric (z)","population",1000,1000,1000,1000,0,-0.00299277618439384,0.00432875667133006,0.136887305180519,0.00306242479179451,0.132905541250557,0.97091210229677,0.0217211178845685,0.136851572495733,0.952,0.00675988165576884,0.5197855339053,"09b_or_to_cor_CAT",1000
0.1,300,0.3,0.1,"CAT","2x2_tetrachoric (z)","population",1000,1000,1000,1000,0,0.11240204517465,0.00410533312144199,0.129822032174853,0.00290436143314475,0.130626744090767,1.00619857740965,0.0225105422658742,0.1716715644404,0.865,0.0108062481925967,0.511338074642797,"09b_or_to_cor_CAT",1000
0.25,300,0.3,0.1,"CAT","2x2_tetrachoric (z)","population",1000,1000,1000,1000,0,0.286172352834059,0.00435615557014224,0.137753734436788,0.00308180843318651,0.138754889259263,1.00726771456736,0.0225344608617825,0.317571615209091,0.445,0.0157154382694216,0.542726907303231,"09b_or_to_cor_CAT",1000
0.5,300,0.3,0.1,"CAT","2x2_tetrachoric (z)","population",1000,1000,1000,1000,0,0.976801886520495,0.0042476401855595,0.134322176672283,0.00300503807410435,0.258988435691296,1.92811374940098,0.0431355072683962,0.985984954352161,0,0,1.01024093100676,"09b_or_to_cor_CAT",1000
0,25,0.5,0.1,"CAT","2x2_tetrachoric (z)","population",1000,1000,1000,1000,0,0.0120667695443777,0.0119641231744369,0.378338794380246,0.00846414575902253,0.451950300642542,1.19456504951568,0.026724652210983,0.378342054253822,0.987,0.00358203852575597,1.76007572715247,"09b_or_to_cor_CAT",1000
0.1,25,0.5,0.1,"CAT","2x2_tetrachoric (z)","population",1000,1000,1000,1000,0,0.0642905047145781,0.0115343178021613,0.364747155110571,0.00816007539248496,0.454210157855243,1.24527402473517,0.0278591067367249,0.370190107472565,0.994,0.00244213021765835,1.77091122211138,"09b_or_to_cor_CAT",1000
0.25,25,0.5,0.1,"CAT","2x2_tetrachoric (z)","population",1000,1000,1000,1000,0,0.184167483127625,0.0100964873459674,0.319278963803256,0.00714286699530048,0.465423346732526,1.45773257714318,0.0326122015344131,0.368449154581901,0.999,0.000999499874937461,1.81771173024827,"09b_or_to_cor_CAT",1000
0,50,0.5,0.1,"CAT","2x2_tetrachoric (z)","population",1000,1000,1000,1000,0,-0.00470939687262836,0.0101250950295116,0.320183618189063,0.00716310580426416,0.334371579164781,1.04431195154819,0.0233632096604648,0.320058135697543,0.978,0.00463853425124791,1.29754804091585,"09b_or_to_cor_CAT",1000
0.1,50,0.5,0.1,"CAT","2x2_tetrachoric (z)","population",1000,1000,1000,1000,0,0.122254824392636,0.00994232160409463,0.314403814988379,0.00703380080706134,0.340587052451105,1.08327900685204,0.0242349754978328,0.337190081715999,0.984,0.00396787096564392,1.32305839874458,"09b_or_to_cor_CAT",1000
0.25,50,0.5,0.1,"CAT","2x2_tetrachoric (z)","population",1000,1000,1000,1000,0,0.316922215329931,0.00846171812319321,0.267583021876158,0.005986332180155,0.361881442361925,1.35240808562739,0.0302558958596409,0.414691166402675,0.965,0.00581162627841812,1.41109736947923,"09b_or_to_cor_CAT",1000
0,100,0.5,0.1,"CAT","2x2_tetrachoric (z)","population",1000,1000,1000,1000,0,0.015158683209069,0.00759870717227873,0.240292219370583,0.00537578593504611,0.228280673760937,0.950012756796254,0.0212535604751458,0.240649944973987,0.954,0.00662449998113065,0.888003169606702,"09b_or_to_cor_CAT",1000
0.1,100,0.5,0.1,"CAT","2x2_tetrachoric (z)","population",1000,1000,1000,1000,0,0.126150848470163,0.00740252542237703,0.234088407720114,0.00523699507655879,0.234873832143272,1.00335524698044,0.0224469316513895,0.265813133264802,0.942,0.00739161687318817,0.913272539524831,"09b_or_to_cor_CAT",1000
0.25,100,0.5,0.1,"CAT","2x2_tetrachoric (z)","population",1000,1000,1000,1000,0,0.39295592027518,0.00696484020708175,0.220247585934971,0.00492735003155091,0.275571626047395,1.25119022248334,0.0279914631348092,0.450416302314188,0.785,0.012991343271579,1.07022375592972,"09b_or_to_cor_CAT",1000
0,300,0.5,0.1,"CAT","2x2_tetrachoric (z)","population",1000,1000,1000,1000,0,-0.00236961444060715,0.00408290447158135,0.129112775990833,0.00288849404705798,0.126004634620309,0.975926926311735,0.0218333088680177,0.129069957339933,0.95,0.00689202437604511,0.493165700555448,"09b_or_to_cor_CAT",1000
0.1,300,0.5,0.1,"CAT","2x2_tetrachoric (z)","population",1000,1000,1000,1000,0,0.124676379328308,0.00407050429937605,0.128720648115362,0.00287972141378997,0.128862426149683,1.00110143971769,0.0223965097716669,0.179155339882471,0.849,0.0113224997240009,0.504145819841087,"09b_or_to_cor_CAT",1000
0.25,300,0.5,0.1,"CAT","2x2_tetrachoric (z)","population",1000,1000,1000,1000,0,0.409700580240763,0.00508296359062253,0.160737422100749,0.00359599647141367,0.159600006051551,0.992923763275954,0.0222135598696184,0.440074138974728,0.213,0.0129472390879291,0.618830627627332,"09b_or_to_cor_CAT",1000
0,25,0.3,0.3,"CAT","2x2_tetrachoric (z)","population",1000,1000,1000,1000,0,0.0224222399629757,0.0127236931506976,0.402358506052885,0.00900151159014208,0.382323652281201,0.9502064614758,0.0212578940107658,0.402781866362767,0.962,0.00604615580348373,1.49041878514584,"09b_or_to_cor_CAT",1000
0.1,25,0.3,0.3,"CAT","2x2_tetrachoric (z)","population",1000,1000,1000,1000,0,0.083019711186497,0.013026404380678,0.411931075653375,0.00921566785851963,0.383484916468439,0.930944371847118,0.0208269650744203,0.420011662127788,0.964,0.00589101010014412,1.4912396130467,"09b_or_to_cor_CAT",1000
0.25,25,0.3,0.3,"CAT","2x2_tetrachoric (z)","population",1000,1000,1000,1000,0,0.223818542290763,0.0131278969025649,0.415140550999746,0.00928746981894554,0.402606603790346,0.969807942926279,0.021696415776321,0.471448910572981,0.951,0.00682634602111555,1.56087615238394,"09b_or_to_cor_CAT",1000
0.5,25,0.3,0.3,"CAT","2x2_tetrachoric (z)","population",1000,1000,1000,1000,0,0.478553852086531,0.0141557088726104,0.447642819317031,0.0100146062919234,0.473767576051257,1.05836071887422,0.0236775068357701,0.655131665346189,0.945,0.00720936890441875,1.82110653103749,"09b_or_to_cor_CAT",1000
0.75,25,0.3,0.3,"CAT","2x2_tetrachoric (z)","population",1000,1000,1000,1000,0,0.890475939006231,0.0150958237175887,0.477371861039707,0.0106797005041862,0.631742793578972,1.32337669045479,0.0296064093042609,1.01024918102804,0.928,0.00817410545564467,2.41921456399332,"09b_or_to_cor_CAT",1000
0,50,0.3,0.3,"CAT","2x2_tetrachoric (z)","population",1000,1000,1000,1000,0,-0.00863509483864046,0.00817659953950387,0.258566780599161,0.00578462201587744,0.258826939849475,1.00100615883336,0.0223943781602514,0.258581685570068,0.97,0.00539444158370447,1.0114781923328,"09b_or_to_cor_CAT",1000
0.1,50,0.3,0.3,"CAT","2x2_tetrachoric (z)","population",1000,1000,1000,1000,0,0.0730404488611757,0.00841997966601082,0.26626313596898,0.00595680386619521,0.257816570169425,0.968277374301867,0.0216621740963145,0.275971137418937,0.951,0.00682634602111555,1.00762910590828,"09b_or_to_cor_CAT",1000
0.25,50,0.3,0.3,"CAT","2x2_tetrachoric (z)","population",1000,1000,1000,1000,0,0.191356882600785,0.00822918257727634,0.260229602255678,0.00582182244332785,0.266531559466303,1.02421691135827,0.0229136460636904,0.322907390691122,0.925,0.00832916562447884,1.04095121189857,"09b_or_to_cor_CAT",1000
0.5,50,0.3,0.3,"CAT","2x2_tetrachoric (z)","population",1000,1000,1000,1000,0,0.476891616878006,0.0110830237143641,0.3504759829905,0.00784080260637205,0.324372893714816,0.925521032702571,0.0207056348442089,0.591723073309655,0.728,0.0140718158032288,1.25255459168023,"09b_or_to_cor_CAT",1000
0.75,50,0.3,0.3,"CAT","2x2_tetrachoric (z)","population",1000,1000,1000,1000,0,1.00833750869277,0.0135444368069057,0.428312699340402,0.00958215538957915,0.473539148487166,1.10559212747232,0.0247341616983334,1.09545097931609,0.334,0.0149145566477854,1.81565633759026,"09b_or_to_cor_CAT",1000
0,100,0.3,0.3,"CAT","2x2_tetrachoric (z)","population",1000,1000,1000,1000,0,-0.0074188682698575,0.00585978258619612,0.185302595657717,0.00414556530408509,0.177946361249985,0.960301503701975,0.0214837389680238,0.185358448720136,0.945,0.00720936890441875,0.696599196912954,"09b_or_to_cor_CAT",1000
0.1,100,0.3,0.3,"CAT","2x2_tetrachoric (z)","population",1000,1000,1000,1000,0,0.0765080786069514,0.00566051375922992,0.179001162058885,0.00400459046020559,0.177676719279097,0.992600926359613,0.0222063374045768,0.194583814061037,0.93,0.00806845710157772,0.695839979796847,"09b_or_to_cor_CAT",1000
0.25,100,0.3,0.3,"CAT","2x2_tetrachoric (z)","population",1000,1000,1000,1000,0,0.181664362323337,0.00565609259213038,0.178861352479378,0.00400146265867681,0.183890376129831,1.02811688260623,0.0230008957076311,0.254875131320586,0.852,0.0112292475259921,0.719826878841858,"09b_or_to_cor_CAT",1000
0.5,100,0.3,0.3,"CAT","2x2_tetrachoric (z)","population",1000,1000,1000,1000,0,0.456593044423585,0.00744950783960391,0.235574122204287,0.00527023328563785,0.220230618617466,0.934867618551436,0.0209147354338104,0.513728410837152,0.474,0.0157899968334386,0.858015145637777,"09b_or_to_cor_CAT",1000
0.75,100,0.3,0.3,"CAT","2x2_tetrachoric (z)","population",1000,1000,1000,1000,0,0.972986732398211,0.0105054921164235,0.33221283028841,0.00743222175559517,0.322450617323564,0.970614581753598,0.0217144617940985,1.02808471473248,0.047,0.00669260786241059,1.2427719913692,"09b_or_to_cor_CAT",1000
0,300,0.3,0.3,"CAT","2x2_tetrachoric (z)","population",1000,1000,1000,1000,0,0.00609464477644799,0.00308179850562448,0.097455025674766,0.00218025101975525,0.100811773173699,1.03444406766804,0.0231424466598544,0.0975967686052726,0.954,0.00662449998113065,0.395075676332455,"09b_or_to_cor_CAT",1000
0.1,300,0.3,0.3,"CAT","2x2_tetrachoric (z)","population",1000,1000,1000,1000,0,0.0730529834358008,0.00318658715971209,0.10076873387337,0.00225438486384542,0.10095199772645,1.00181865789155,0.0224125552823433,0.124422352403364,0.892,0.00981509042240569,0.395627616174477,"09b_or_to_cor_CAT",1000
0.25,300,0.3,0.3,"CAT","2x2_tetrachoric (z)","population",1000,1000,1000,1000,0,0.178281660032228,0.00335053733674443,0.10595329369547,0.00237037315445281,0.10476374447124,0.988772890556391,0.0221206970909465,0.207362543985939,0.609,0.0154311049507156,0.410475889449432,"09b_or_to_cor_CAT",1000
0.5,300,0.3,0.3,"CAT","2x2_tetrachoric (z)","population",1000,1000,1000,1000,0,0.420858354208757,0.00393323613698274,0.124379847681475,0.00278260959726733,0.12263384376486,0.985962324691966,0.022057819480997,0.438835539205819,0.054,0.00714730718522718,0.480040429700532,"09b_or_to_cor_CAT",1000
0.75,300,0.3,0.3,"CAT","2x2_tetrachoric (z)","population",1000,1000,1000,1000,0,0.930421234350872,0.00550666757159117,0.174136118436164,0.0038957503439966,0.176221296840325,1.01197441646734,0.0226397585777912,0.946560477564572,0,0,0.687979121064976,"09b_or_to_cor_CAT",1000
0,25,0.5,0.3,"CAT","2x2_tetrachoric (z)","population",1000,1000,1000,1000,0,-0.00353099537702643,0.0119094966424996,0.376611351764267,0.00842549963996422,0.358601820448147,0.952180062465582,0.0213020471525948,0.376439559684929,0.964,0.00589101010014412,1.39874939321715,"09b_or_to_cor_CAT",1000
0.1,25,0.5,0.3,"CAT","2x2_tetrachoric (z)","population",1000,1000,1000,1000,0,0.0880841403888153,0.0121503607138933,0.384228142485323,0.00859590148042205,0.362515465027116,0.943490142815251,0.02110763741284,0.394008185194522,0.961,0.00612200947402077,1.4140139323928,"09b_or_to_cor_CAT",1000
0.25,25,0.5,0.3,"CAT","2x2_tetrachoric (z)","population",1000,1000,1000,1000,0,0.209166054439591,0.0116669153167855,0.368940256693471,0.00825388290973465,0.381519933451896,1.03409678540143,0.0231346773066508,0.423947207121195,0.958,0.00634318531969546,1.48492027878052,"09b_or_to_cor_CAT",1000
0.5,25,0.5,0.3,"CAT","2x2_tetrachoric (z)","population",1000,1000,1000,1000,0,0.485825042214748,0.0112618996795134,0.356132537675828,0.00796735030399562,0.456238898902718,1.28109299386178,0.0286604440040865,0.602270309454148,0.947,0.00708456067798138,1.77139136848354,"09b_or_to_cor_CAT",1000
0,50,0.5,0.3,"CAT","2x2_tetrachoric (z)","population",1000,1000,1000,1000,0,0.00153151810262823,0.00833119138054189,0.26345540385275,0.00589398965248764,0.243736488753496,0.925152740042958,0.0206973954492559,0.263328096900226,0.946,0.00714730718522718,0.953567157001193,"09b_or_to_cor_CAT",1000
0.1,50,0.5,0.3,"CAT","2x2_tetrachoric (z)","population",1000,1000,1000,1000,0,0.0723944979931682,0.00781388953299418,0.24709688309211,0.00552801897705939,0.245110866197028,0.991962598353207,0.0221920568143531,0.257365063875976,0.962,0.00604615580348373,0.959018298584461,"09b_or_to_cor_CAT",1000
0.25,50,0.5,0.3,"CAT","2x2_tetrachoric (z)","population",1000,1000,1000,1000,0,0.218521361621504,0.00862800034142097,0.272841327316007,0.00610397029802565,0.262288248636735,0.961321553508463,0.0215065593881653,0.349456053011798,0.894,0.00973468027209934,1.02290684511339,"09b_or_to_cor_CAT",1000
0.5,50,0.5,0.3,"CAT","2x2_tetrachoric (z)","population",1000,1000,1000,1000,0,0.555712298588927,0.00933609205879859,0.295233153508142,0.0066049172892307,0.337051109154738,1.1416438335251,0.025540705725604,0.62919918238855,0.667,0.0149033888763596,1.30628168899567,"09b_or_to_cor_CAT",1000
0,100,0.5,0.3,"CAT","2x2_tetrachoric (z)","population",1000,1000,1000,1000,0,-0.00415052852392718,0.00562165394347885,0.177772306786606,0.00397709867163987,0.168198186476276,0.946143915869739,0.0211670072746628,0.177731868144683,0.949,0.00695693898205238,0.658973011842304,"09b_or_to_cor_CAT",1000
0.1,100,0.5,0.3,"CAT","2x2_tetrachoric (z)","population",1000,1000,1000,1000,0,0.0659495324015018,0.00543954548878031,0.172013531806397,0.00384826411502044,0.169595703295717,0.985943963330739,0.022057408703038,0.184142356054663,0.937,0.00768316341099159,0.664327165114906,"09b_or_to_cor_CAT",1000
0.25,100,0.5,0.3,"CAT","2x2_tetrachoric (z)","population",1000,1000,1000,1000,0,0.201319491124907,0.00560988827557736,0.177400243698988,0.00396877492516731,0.179281070906106,1.01060216811376,0.0226090588180656,0.268270224074136,0.823,0.0120694241784768,0.701462616763033,"09b_or_to_cor_CAT",1000
0.5,100,0.5,0.3,"CAT","2x2_tetrachoric (z)","population",1000,1000,1000,1000,0,0.547848625331597,0.00763813712499268,0.241539103956671,0.00540368107304964,0.235865057159199,0.976508785929383,0.0218463261548734,0.598682648720648,0.325,0.0148113132435986,0.913935758283127,"09b_or_to_cor_CAT",1000
0,300,0.5,0.3,"CAT","2x2_tetrachoric (z)","population",1000,1000,1000,1000,0,0.00479139926070033,0.00309055138663418,0.0977318160755568,0.00218644333820577,0.0959149298926219,0.981409470775308,0.0219559636318413,0.097800377670173,0.95,0.00689202437604511,0.375931998179123,"09b_or_to_cor_CAT",1000
0.1,300,0.5,0.3,"CAT","2x2_tetrachoric (z)","population",1000,1000,1000,1000,0,0.0686165862276698,0.00301768629206034,0.0954276194677876,0.00213489415468218,0.0967558042030494,1.01391824235656,0.0226832455949854,0.117497063930427,0.903,0.00935900635751467,0.379210196567959,"09b_or_to_cor_CAT",1000
0.25,300,0.5,0.3,"CAT","2x2_tetrachoric (z)","population",1000,1000,1000,1000,0,0.178444301854692,0.00319484688418413,0.10102992929514,0.00226022829347594,0.101659683149281,1.00623333955131,0.0225113199599363,0.205034651781537,0.588,0.0155645751628498,0.398309244961375,"09b_or_to_cor_CAT",1000
0.5,300,0.5,0.3,"CAT","2x2_tetrachoric (z)","population",1000,1000,1000,1000,0,0.516677795101237,0.00408376150719151,0.129139877836472,0.00288910036598493,0.129430935829747,1.00225381964232,0.0224222906638108,0.532556452303647,0.005,0.00223047080231955,0.505919003463086,"09b_or_to_cor_CAT",1000
0,25,0.3,0.5,"CAT","2x2_tetrachoric (z)","population",1000,1000,1000,1000,0,-0.00247084818214587,0.0113148009081352,0.357805421410489,0.00800477583893518,0.35746178207028,0.999039591577862,0.0223503823762009,0.357635009418661,0.968,0.00556560868189635,1.3947169268807,"09b_or_to_cor_CAT",1000
0.1,25,0.3,0.5,"CAT","2x2_tetrachoric (z)","population",1000,1000,1000,1000,0,0.0656669185779456,0.0121448251215755,0.3840530916861,0.00859198526695977,0.365070487126903,0.950572967722098,0.021266093440315,0.389437318001166,0.965,0.00581162627841812,1.42278283939492,"09b_or_to_cor_CAT",1000
0.25,25,0.3,0.5,"CAT","2x2_tetrachoric (z)","population",1000,1000,1000,1000,0,0.213227216588944,0.0119000928545036,0.37631397787726,0.00841884683046665,0.383044043857806,1.01788417751185,0.0227719709747874,0.432361473341612,0.96,0.00619677335393187,1.48994355027322,"09b_or_to_cor_CAT",1000
0.5,25,0.3,0.5,"CAT","2x2_tetrachoric (z)","population",1000,1000,1000,1000,0,0.493093974728745,0.0110680332579627,0.35000194313656,0.00783019744909257,0.457448737379376,1.30698913634572,0.0292397890985792,0.604582936207234,0.963,0.00596917079668525,1.77518179446269,"09b_or_to_cor_CAT",1000
0,50,0.3,0.5,"CAT","2x2_tetrachoric (z)","population",1000,1000,1000,1000,0,-0.000370795265179649,0.00803253014702845,0.254010906385771,0.00568269859704043,0.243145826822172,0.957225932861727,0.0214149327016014,0.253884139936875,0.955,0.00655553201502365,0.951264087667336,"09b_or_to_cor_CAT",1000
0.1,50,0.3,0.5,"CAT","2x2_tetrachoric (z)","population",1000,1000,1000,1000,0,0.0749888746622143,0.00818325043338476,0.258777100330558,0.00578932726125271,0.24659906120848,0.952940043355759,0.0213190493451378,0.26929900369467,0.939,0.00756828910652864,0.963892234613628,"09b_or_to_cor_CAT",1000
0.25,50,0.3,0.5,"CAT","2x2_tetrachoric (z)","population",1000,1000,1000,1000,0,0.212343835439483,0.00820161341967332,0.259357788943701,0.00580231835054953,0.2605175148857,1.00447152925972,0.0224719049717585,0.335095658987445,0.913,0.00891240708226459,1.01614173347338,"09b_or_to_cor_CAT",1000
0.5,50,0.3,0.5,"CAT","2x2_tetrachoric (z)","population",1000,1000,1000,1000,0,0.542857150456697,0.00931739037927168,0.294641754474386,0.00659168658781227,0.335100090659749,1.13731365487399,0.0254438315382091,0.617592774826771,0.699,0.0145051370210695,1.29868303825721,"09b_or_to_cor_CAT",1000
0,100,0.3,0.5,"CAT","2x2_tetrachoric (z)","population",1000,1000,1000,1000,0,0.00956866196909217,0.00551079187628263,0.174266540402059,0.00389866812706805,0.168391406955467,0.966286508970469,0.021617634718905,0.174442017783783,0.947,0.00708456067798138,0.65975737576752,"09b_or_to_cor_CAT",1000
0.1,100,0.3,0.5,"CAT","2x2_tetrachoric (z)","population",1000,1000,1000,1000,0,0.0590021043826963,0.00556691455628222,0.176041295373974,0.00393837271193211,0.169614771528465,0.963494225421044,0.0215551661185027,0.185582314515302,0.937,0.00768316341099159,0.664412180015454,"09b_or_to_cor_CAT",1000
0.25,100,0.3,0.5,"CAT","2x2_tetrachoric (z)","population",1000,1000,1000,1000,0,0.184227968362254,0.00569806417096907,0.180188610340613,0.00403115589702344,0.17858950362355,0.991125372940936,0.0221733265175189,0.257634259538728,0.839,0.0116223491601311,0.698815362290946,"09b_or_to_cor_CAT",1000
0.5,100,0.3,0.5,"CAT","2x2_tetrachoric (z)","population",1000,1000,1000,1000,0,0.542960970455103,0.00783992037319837,0.247920050536641,0.00554643477088779,0.235155952942021,0.948515267050843,0.0212200588314707,0.596832893316194,0.324,0.014799459449588,0.911181922173454,"09b_or_to_cor_CAT",1000
0,300,0.3,0.5,"CAT","2x2_tetrachoric (z)","population",1000,1000,1000,1000,0,-0.00011787875483973,0.00294535677850942,0.0931403594190584,0.00208372387363039,0.0958328604010315,1.02890799432992,0.0230185943550882,0.09309385222215,0.956,0.00648567652600714,0.375612798675843,"09b_or_to_cor_CAT",1000
0.1,300,0.3,0.5,"CAT","2x2_tetrachoric (z)","population",1000,1000,1000,1000,0,0.0658324100266491,0.00323409385881036,0.102271027606037,0.00228799398169176,0.0967812098365278,0.946320889718081,0.0211709665103271,0.121584579344686,0.882,0.0102017645532525,0.379304351596449,"09b_or_to_cor_CAT",1000
0.25,300,0.3,0.5,"CAT","2x2_tetrachoric (z)","population",1000,1000,1000,1000,0,0.182737226878951,0.00325311835748061,0.102872635077446,0.00230145306493501,0.101669473717998,0.988304359477695,0.0221102151752624,0.209678540523676,0.541,0.0157581407532742,0.398350142076341,"09b_or_to_cor_CAT",1000
0.5,300,0.3,0.5,"CAT","2x2_tetrachoric (z)","population",1000,1000,1000,1000,0,0.512874303895817,0.0042156597349794,0.133310866027967,0.00298241316534986,0.129368414463584,0.970426630012619,0.0217102569624636,0.529900053605153,0.004,0.00199599599197994,0.50563693449672,"09b_or_to_cor_CAT",1000
0,25,0.5,0.5,"CAT","2x2_tetrachoric (z)","population",1000,1000,1000,1000,0,0.00389808818153822,0.0120229565353968,0.380199268610606,0.00850576804386505,0.33692891855491,0.886190338519529,0.0198257337256516,0.380029113963205,0.94,0.00750999334220744,1.31723680717141,"09b_or_to_cor_CAT",1000
0.1,25,0.5,0.5,"CAT","2x2_tetrachoric (z)","population",1000,1000,1000,1000,0,0.084162878784577,0.0112512838050676,0.355796834249795,0.00795983999109102,0.338791825486912,0.952205845791914,0.0213026239737812,0.365442452432967,0.954,0.00662449998113065,1.32409902857984,"09b_or_to_cor_CAT",1000
0.25,25,0.5,0.5,"CAT","2x2_tetrachoric (z)","population",1000,1000,1000,1000,0,0.199062149726855,0.0119285790259797,0.377214789714087,0.0084389996744298,0.357755484853451,0.948413197490519,0.0212177753446885,0.426350144875477,0.941,0.00745110730026082,1.39196509264654,"09b_or_to_cor_CAT",1000
0.5,25,0.5,0.5,"CAT","2x2_tetrachoric (z)","population",1000,1000,1000,1000,0,0.471274580104742,0.0132377199101045,0.418613459432897,0.0093651652697493,0.432554470283898,1.0333028251645,0.0231169149326305,0.630207680882152,0.909,0.00909499862561837,1.66683891518738,"09b_or_to_cor_CAT",1000
0.75,25,0.5,0.5,"CAT","2x2_tetrachoric (z)","population",1000,1000,1000,1000,0,0.930349198131586,0.0142004135641231,0.449056505789786,0.0100462330998022,0.598572226591287,1.33295524922535,0.0298206995615637,1.03295678714592,0.844,0.0114744934528719,2.29560236589155,"09b_or_to_cor_CAT",1000
0,50,0.5,0.5,"CAT","2x2_tetrachoric (z)","population",1000,1000,1000,1000,0,0.00758501076205921,0.0074188703398691,0.234605279394538,0.00524855846169408,0.228720204287082,0.974914992865272,0.0218106700260155,0.234610591983675,0.956,0.00648567652600714,0.896234658959356,"09b_or_to_cor_CAT",1000
0.1,50,0.5,0.5,"CAT","2x2_tetrachoric (z)","population",1000,1000,1000,1000,0,0.0691079267142407,0.00745247948150924,0.235668093772399,0.00527233560520307,0.230551355624329,0.9782883713015,0.0218861388048156,0.245478749602964,0.939,0.00756828910652864,0.903107706272181,"09b_or_to_cor_CAT",1000
0.25,50,0.5,0.5,"CAT","2x2_tetrachoric (z)","population",1000,1000,1000,1000,0,0.16281119940708,0.00769013751558457,0.243183500691558,0.00544046930057611,0.240452409038356,0.988769420435862,0.0221206194578664,0.292551813267265,0.927,0.00822623850857729,0.940591520441104,"09b_or_to_cor_CAT",1000
0.5,50,0.5,0.5,"CAT","2x2_tetrachoric (z)","population",1000,1000,1000,1000,0,0.405469772592874,0.00924572255959077,0.292375419023087,0.00654098442910275,0.286328299298033,0.979317277268867,0.0219091573538237,0.499803600176903,0.754,0.0136192510807313,1.11264702345772,"09b_or_to_cor_CAT",1000
0.75,50,0.5,0.5,"CAT","2x2_tetrachoric (z)","population",1000,1000,1000,1000,0,0.987507166906934,0.0139772330156262,0.441998917162826,0.00988834165506242,0.4365962006283,0.98777662947863,0.0220984088691161,1.08182165093092,0.268,0.0140062843038402,1.66931256284801,"09b_or_to_cor_CAT",1000
0,100,0.5,0.5,"CAT","2x2_tetrachoric (z)","population",1000,1000,1000,1000,0,-0.00323202360247475,0.00516738220102562,0.16340697295855,0.00365571931217751,0.159247645721142,0.974546207165445,0.0218024196008316,0.163357224967958,0.948,0.00702111102319284,0.624186625022648,"09b_or_to_cor_CAT",1000
0.1,100,0.5,0.5,"CAT","2x2_tetrachoric (z)","population",1000,1000,1000,1000,0,0.0514867239711528,0.00520717069970736,0.164665195763679,0.00368386810732653,0.160377003245434,0.973958112408894,0.0217892628222683,0.172448238072984,0.943,0.00733150734842434,0.628523389166026,"09b_or_to_cor_CAT",1000
0.25,100,0.5,0.5,"CAT","2x2_tetrachoric (z)","population",1000,1000,1000,1000,0,0.161140207244953,0.0053055657154335,0.167776719364706,0.00375347870418556,0.167276788964749,0.997020263586923,0.0223052062359149,0.232566216214155,0.856,0.0111024321659716,0.655147982668893,"09b_or_to_cor_CAT",1000
0.5,100,0.5,0.5,"CAT","2x2_tetrachoric (z)","population",1000,1000,1000,1000,0,0.402304354507086,0.00637441532711499,0.201576711855706,0.00450964769173633,0.197751151515197,0.981021813952158,0.0219472910243679,0.449934807774592,0.469,0.0157809695519635,0.77224096509489,"09b_or_to_cor_CAT",1000
0.75,100,0.5,0.5,"CAT","2x2_tetrachoric (z)","population",1000,1000,1000,1000,0,0.927755566079609,0.00954278714932569,0.301769426180545,0.00675114592198448,0.290677425063,0.963243456244275,0.0215495559434543,0.975553233904975,0.031,0.00548078461536302,1.12440358672248,"09b_or_to_cor_CAT",1000
0,300,0.5,0.5,"CAT","2x2_tetrachoric (z)","population",1000,1000,1000,1000,0,-0.00238564326780299,0.00286674747962868,0.0906545151217379,0.00202811089188152,0.0910867795772635,1.00476826173462,0.0224785434316687,0.0906405768110875,0.951,0.00682634602111555,0.35705083470604,"09b_or_to_cor_CAT",1000
0.1,300,0.5,0.5,"CAT","2x2_tetrachoric (z)","population",1000,1000,1000,1000,0,0.0624966385201738,0.00287205420516272,0.0908223285177872,0.00203186519111168,0.0918114412930943,1.0108906344007,0.0226155123479058,0.110210146939185,0.895,0.00969407035254026,0.359876838492691,"09b_or_to_cor_CAT",1000
0.25,300,0.5,0.5,"CAT","2x2_tetrachoric (z)","population",1000,1000,1000,1000,0,0.157711091508025,0.00295779340853505,0.0935336401920368,0.00209252229936984,0.0955712448432712,1.02178472522882,0.0228592335154172,0.183337343960194,0.605,0.0154588162548107,0.374545114323758,"09b_or_to_cor_CAT",1000
0.5,300,0.5,0.5,"CAT","2x2_tetrachoric (z)","population",1000,1000,1000,1000,0,0.384213954775431,0.0035775069146783,0.113130701953851,0.00253094518823134,0.111849470709872,0.988674769785291,0.0221185019459576,0.400507328538472,0.055,0.00720936890441875,0.437966494709273,"09b_or_to_cor_CAT",1000
0.75,300,0.5,0.5,"CAT","2x2_tetrachoric (z)","population",1000,1000,1000,1000,0,0.878181492946896,0.00510471129412263,0.161425144870132,0.00361138211477968,0.159380895833183,0.987336241583713,0.0220885565690389,0.892880033304242,0,0,0.622639000198807,"09b_or_to_cor_CAT",1000
0,25,0.3,0.1,"CAT","bonett (r)","population",1000,1000,1000,1000,0,0.0542124152446508,0.0103975430399292,0.328799180758074,0.00735585203717307,0.423299911114473,1.28741169652102,0.0288018051891147,0.333076235016208,0.986,0.00371537346709587,1.40031165313537,"09b_or_to_cor_CAT",1000
0.1,25,0.3,0.1,"CAT","bonett (r)","population",1000,1000,999,999,0,0.109226877835537,0.0105543867528497,0.333759014453138,0.00746681278441629,0.400197356900828,1.19906081804726,0.0268252309534101,0.351018796492012,0.988988988988989,0.00330161616740093,1.34464134808151,"09b_or_to_cor_CAT",1000
0.25,25,0.3,0.1,"CAT","bonett (r)","population",1000,1000,1000,1000,0,0.16040880371498,0.00937040679658603,0.296318280795339,0.00662919361421339,0.359673727072555,1.21380876707021,0.0271551701297014,0.336819986519866,0.982,0.00420428352992517,1.25160866939348,"09b_or_to_cor_CAT",1000
0.5,25,0.3,0.1,"CAT","bonett (r)","population",1000,1000,1000,1000,0,0.196300403859277,0.00556578481733595,0.176005569891658,0.00393757346613939,0.267744904676422,1.52122972495265,0.0340327513757845,0.26359216837298,0.994,0.00244213021765835,1.0540826686132,"09b_or_to_cor_CAT",1000
0,50,0.3,0.1,"CAT","bonett (r)","population",1000,1000,1000,1000,0,-0.014622902878872,0.00959902589679606,0.303547851528159,0.00679093262001106,0.337700832663145,1.11251267621579,0.0248889873048195,0.303748228238123,0.987,0.00358203852575597,1.15807560704281,"09b_or_to_cor_CAT",1000
0.1,50,0.3,0.1,"CAT","bonett (r)","population",1000,1000,1000,1000,0,0.0809238501503972,0.00921062969889789,0.291265685329082,0.00651615761282253,0.316678290510783,1.08724888121644,0.0243237890051029,0.302158126274859,0.971,0.00530650544143696,1.09541590776074,"09b_or_to_cor_CAT",1000
0.25,50,0.3,0.1,"CAT","bonett (r)","population",1000,1000,1000,1000,0,0.206381356282802,0.00810985817940521,0.256456233478669,0.00573740513321968,0.272493768558594,1.06253517359428,0.0237708971878563,0.329085542240167,0.946,0.00714730718522718,0.978382081831236,"09b_or_to_cor_CAT",1000
0.5,50,0.3,0.1,"CAT","bonett (r)","population",1000,1000,1000,1000,0,0.299313952308574,0.00300000819639352,0.0948685889977725,0.00212238759851552,0.187670702054447,1.97821749049998,0.0442564215759784,0.313974347958283,0.979,0.00453420334788814,0.802605562231017,"09b_or_to_cor_CAT",1000
0,100,0.3,0.1,"CAT","bonett (r)","population",1000,1000,1000,1000,0,-0.0252566598810123,0.00778682412826663,0.246240999844777,0.00550887126959259,0.245832196013044,0.998339822239227,0.0223347272285717,0.247410376182762,0.975,0.00493710441453288,0.887057833191623,"09b_or_to_cor_CAT",1000
0.1,100,0.3,0.1,"CAT","bonett (r)","population",1000,1000,1000,1000,0,0.0878740336301894,0.00684334646692721,0.216405616531561,0.00484139799724938,0.218671174233841,1.01046903374594,0.022606080353495,0.23346606875942,0.942,0.00739161687318817,0.79849276184874,"09b_or_to_cor_CAT",1000
0.25,100,0.3,0.1,"CAT","bonett (r)","population",1000,1000,1000,1000,0,0.224715905671562,0.00606761433973571,0.191874812770635,0.00429259808113564,0.186035799902441,0.969568632881617,0.0216910619634694,0.295425737019951,0.835,0.0117377595817941,0.699807661394723,"09b_or_to_cor_CAT",1000
0.5,100,0.3,0.1,"CAT","bonett (r)","population",1000,1000,1000,1000,0,0.366882455744056,0.0016389607607983,0.0518284899976503,0.00115950016315075,0.122987126100222,2.37296371369873,0.0530876321750687,0.370521581714008,0.808,0.0124553602918583,0.582661094502258,"09b_or_to_cor_CAT",1000
0,300,0.3,0.1,"CAT","bonett (r)","population",1000,1000,1000,1000,0,-0.00637021237865695,0.00438676183255356,0.138721589435634,0.00310346115795466,0.134789574078204,0.971655346702505,0.0217377456506823,0.138798470099358,0.956,0.00648567652600714,0.514700314267303,"09b_or_to_cor_CAT",1000
0.1,300,0.3,0.1,"CAT","bonett (r)","population",1000,1000,1000,1000,0,0.102326888465343,0.00379604636376786,0.120041526131065,0.0026855532379999,0.120303302415239,1.00218071439618,0.0224206551628572,0.157690678642962,0.861,0.0109397897603199,0.462025024687423,"09b_or_to_cor_CAT",1000
0.25,300,0.3,0.1,"CAT","bonett (r)","population",1000,1000,1000,1000,0,0.22211936567113,0.00323885980823849,0.102421740160098,0.00229136570313358,0.102717733168302,1.00288994316774,0.0224365219356759,0.244574600583769,0.478,0.0157960754619621,0.397498071137449,"09b_or_to_cor_CAT",1000
0.5,300,0.3,0.1,"CAT","bonett (r)","population",1000,1000,1000,1000,0,0.428585244182529,0.000940740620775144,0.0297488304909017,0.000665536923983476,0.0604884429769733,2.03330490573311,0.045488829985972,0.429615432047847,0.001,0.000999499874937461,0.318037444243157,"09b_or_to_cor_CAT",1000
0,25,0.5,0.1,"CAT","bonett (r)","population",1000,1000,1000,1000,0,0.00976917160995965,0.0102415336824417,0.323865731698474,0.00724548156352504,0.396425094920451,1.22404149658394,0.0273840954088515,0.323851138442285,0.99,0.00314642654451046,1.36072922301825,"09b_or_to_cor_CAT",1000
0.1,25,0.5,0.1,"CAT","bonett (r)","population",1000,1000,1000,1000,0,0.0422004861739988,0.00985004468399507,0.311485762558579,0.00696851852180494,0.395139317508703,1.26856301316305,0.0283801249234977,0.31417708052903,0.998,0.00141279864099595,1.35431067415671,"09b_or_to_cor_CAT",1000
0.25,25,0.5,0.1,"CAT","bonett (r)","population",1000,1000,1000,1000,0,0.115708730796874,0.00813881076271732,0.25737179455279,0.00575788794518015,0.379826854026117,1.47579051809506,0.0330161914148981,0.282068273248367,1,0,1.32622440135783,"09b_or_to_cor_CAT",1000
0,50,0.5,0.1,"CAT","bonett (r)","population",1000,1000,1000,1000,0,-0.00381437753744336,0.00907033269073079,0.286829104381929,0.00641690300725158,0.304162745511138,1.06043194663443,0.0237238440708697,0.286711028147536,0.993,0.00263647491928143,1.07112225339364,"09b_or_to_cor_CAT",1000
0.1,50,0.5,0.1,"CAT","bonett (r)","population",1000,1000,1000,1000,0,0.0985423838047301,0.00882183074345588,0.278970782818171,0.00624109767054041,0.303477157794652,1.08784566874322,0.0243371402571787,0.295732098992375,0.997,0.00172945077987204,1.07375791864155,"09b_or_to_cor_CAT",1000
0.25,50,0.5,0.1,"CAT","bonett (r)","population",1000,1000,1000,1000,0,0.237058856886923,0.00671615050256159,0.212383326965792,0.00475141186398637,0.287769627561057,1.35495394893879,0.0303128515788807,0.318211364542532,0.998,0.00141279864099595,1.05293335338176,"09b_or_to_cor_CAT",1000
0,100,0.5,0.1,"CAT","bonett (r)","population",1000,1000,1000,1000,0,0.0134428156951435,0.00697381593370271,0.220531423332744,0.00493370000449128,0.210129663208332,0.952833206410148,0.0213166592030388,0.220830667848246,0.971,0.00530650544143696,0.777776464299992,"09b_or_to_cor_CAT",1000
0.1,100,0.5,0.1,"CAT","bonett (r)","population",1000,1000,1000,1000,0,0.10628952171094,0.0066797870172393,0.211233412592986,0.0047256861308435,0.211340867852859,1.00050870389563,0.0223832491637962,0.236373428004553,0.977,0.00474035863622153,0.784711429627067,"09b_or_to_cor_CAT",1000
0.25,100,0.5,0.1,"CAT","bonett (r)","population",1000,1000,1000,1000,0,0.308611519397385,0.00539916648334566,0.170736635538139,0.00381969755960972,0.211353509035672,1.23789196366389,0.0276939562371267,0.352651269132738,0.966,0.00573096850453743,0.816238982990017,"09b_or_to_cor_CAT",1000
0,300,0.5,0.1,"CAT","bonett (r)","population",1000,1000,1000,1000,0,-0.00217562099828939,0.0037879364094634,0.119785066857845,0.00267981576486199,0.116706995807277,0.974303382455667,0.0217969871583542,0.119744925181089,0.958,0.00634318531969546,0.449563529230359,"09b_or_to_cor_CAT",1000
0.1,300,0.5,0.1,"CAT","bonett (r)","population",1000,1000,1000,1000,0,0.10677929746379,0.00370047308707153,0.117019233753006,0.00261793891032785,0.117072411523285,1.00045443615185,0.0223820350929682,0.158371796523034,0.882,0.0102017645532525,0.451093537085047,"09b_or_to_cor_CAT",1000
0.25,300,0.5,0.1,"CAT","bonett (r)","population",1000,1000,1000,1000,0,0.327340952870369,0.00384463963331814,0.121578180238399,0.00271993106163012,0.120629941733691,0.992200586463387,0.0221973810530603,0.349168400749913,0.328,0.0148464137083674,0.47435245471079,"09b_or_to_cor_CAT",1000
0,25,0.3,0.3,"CAT","bonett (r)","population",1000,1000,1000,1000,0,0.00781569572458413,0.0113197834268307,0.35796298248611,0.00800830077460081,0.343569163286001,0.959789643330877,0.0214722876951076,0.357869311946666,0.965,0.00581162627841812,1.18299004421613,"09b_or_to_cor_CAT",1000
0.1,25,0.3,0.3,"CAT","bonett (r)","population",1000,1000,1000,1000,0,0.0488187870791437,0.0111142654556208,0.351463933594908,0.00786290490738542,0.330293269922351,0.939764335259052,0.0210242841361098,0.354664128004605,0.966,0.00573096850453743,1.14364222639749,"09b_or_to_cor_CAT",1000
0.25,25,0.3,0.3,"CAT","bonett (r)","population",1000,1000,1000,1000,0,0.133712995893756,0.0096025260443086,0.303658535911021,0.00679340883647024,0.299306435263314,0.985667780967689,0.0220512299875278,0.331655639475763,0.952,0.00675988165576884,1.05503003106566,"09b_or_to_cor_CAT",1000
0.5,25,0.3,0.3,"CAT","bonett (r)","population",1000,1000,1000,1000,0,0.186092267127529,0.00663920735445497,0.209950170982186,0.00469697761826379,0.218300072285018,1.03977087164907,0.0232616172180812,0.280473398214192,0.951,0.00682634602111555,0.835000725395267,"09b_or_to_cor_CAT",1000
0.75,25,0.3,0.3,"CAT","bonett (r)","population",1000,1000,1000,1000,0,0.140067280120099,0.0031082637840225,0.098291931261248,0.00219897416148891,0.121114813783307,1.23219487326379,0.0275665016798224,0.171086192919117,0.991,0.00298646948753876,0.572590198161957,"09b_or_to_cor_CAT",1000
0,50,0.3,0.3,"CAT","bonett (r)","population",1000,1000,1000,1000,0,-0.0136559944140846,0.00790177785344559,0.249876155815642,0.00559019650097571,0.249551349329277,0.998700130129244,0.0223427879893092,0.250124251793774,0.979,0.00453420334788814,0.909458811297159,"09b_or_to_cor_CAT",1000
0.1,50,0.3,0.3,"CAT","bonett (r)","population",1000,1000,1000,1000,0,0.0569885814773982,0.00772153304965738,0.244176314651834,0.00546268040394743,0.237357089988671,0.972072538350472,0.0217470790073729,0.25061953033058,0.953,0.00669260786241059,0.867931531739774,"09b_or_to_cor_CAT",1000
0.25,50,0.3,0.3,"CAT","bonett (r)","population",1000,1000,1000,1000,0,0.138571513095412,0.00652564636168617,0.206359057077192,0.00461663769018714,0.210173162563227,1.01848285963338,0.0227853646124879,0.248482475476445,0.918,0.00867617427210864,0.779914576246348,"09b_or_to_cor_CAT",1000
0.5,50,0.3,0.3,"CAT","bonett (r)","population",1000,1000,1000,1000,0,0.207455373502887,0.00472458620139264,0.149404533982037,0.00334245858861579,0.145124685359477,0.97135395755075,0.0217310030122097,0.255611277245034,0.78,0.0130996183150503,0.561932475536087,"09b_or_to_cor_CAT",1000
0.75,50,0.3,0.3,"CAT","bonett (r)","population",1000,1000,1000,1000,0,0.167721958499387,0.00201086756021379,0.0635892156322137,0.00142260957059568,0.0688392078582554,1.08256104708708,0.0242189133963776,0.179360531107726,0.716,0.0142598737722323,0.313870481028126,"09b_or_to_cor_CAT",1000
0,100,0.3,0.3,"CAT","bonett (r)","population",1000,1000,1000,1000,0,-0.00995133058061363,0.00580837299193942,0.183676881543354,0.00410919504168837,0.176184494116681,0.959208870687929,0.021459294725907,0.183854531075529,0.953,0.00669260786241059,0.665560449548449,"09b_or_to_cor_CAT",1000
0.1,100,0.3,0.3,"CAT","bonett (r)","population",1000,1000,1000,1000,0,0.0686644335473394,0.00536434599211707,0.169635514922856,0.00379506343399412,0.167474126931982,0.987258635128044,0.0220868203676173,0.182926860109707,0.924,0.00837997613361756,0.634103531145852,"09b_or_to_cor_CAT",1000
0.25,100,0.3,0.3,"CAT","bonett (r)","population",1000,1000,1000,1000,0,0.143231902558269,0.00456255733516679,0.144280731342353,0.00322782954970427,0.148176004664955,1.02699787619844,0.0229758614434176,0.203252282687573,0.846,0.0114142016803629,0.56495216324073,"09b_or_to_cor_CAT",1000
0.5,100,0.3,0.3,"CAT","bonett (r)","population",1000,1000,1000,1000,0,0.217126286010449,0.00326186286471913,0.103149160676341,0.00230763945927236,0.0994789372953985,0.964418291366818,0.0215758392003334,0.240360008478068,0.553,0.0157223089907303,0.387565282865042,"09b_or_to_cor_CAT",1000
0.75,100,0.3,0.3,"CAT","bonett (r)","population",1000,1000,1000,1000,0,0.171105131317814,0.00141083743058808,0.0446145968887805,0.000998111895094594,0.0451770744779932,1.01260747890685,0.0226539213674446,0.176820354474758,0.298,0.0144636095080032,0.189528217887852,"09b_or_to_cor_CAT",1000
0,300,0.3,0.3,"CAT","bonett (r)","population",1000,1000,1000,1000,0,0.00540562420100778,0.00312238630044634,0.0987385244431724,0.0022089652854311,0.102095190251679,1.03399550304641,0.0231324114311224,0.0988370764744095,0.959,0.00627048642451286,0.395191141501162,"09b_or_to_cor_CAT",1000
0.1,300,0.3,0.3,"CAT","bonett (r)","population",1000,1000,1000,1000,0,0.0707400853533741,0.00306823303557248,0.0970260478458147,0.00217065398417347,0.0971358075635505,1.00113123970493,0.0223971764530629,0.120036659327142,0.887,0.0100115433375679,0.376317417463485,"09b_or_to_cor_CAT",1000
0.25,300,0.3,0.3,"CAT","bonett (r)","population",1000,1000,1000,1000,0,0.149157323678819,0.00272812349378671,0.0862708397858222,0.00193003988368845,0.0855332827671565,0.991450679969075,0.0221806042435769,0.172287905398439,0.617,0.0153724103510152,0.332092909136898,"09b_or_to_cor_CAT",1000
0.5,300,0.3,0.3,"CAT","bonett (r)","population",1000,1000,1000,1000,0,0.214353653740486,0.00184073744547731,0.0582092290206831,0.00130224921755238,0.0573170011849973,0.984672055433533,0.0220289537468085,0.222109015802456,0.119,0.0102390917565964,0.224217776219585,"09b_or_to_cor_CAT",1000
0.75,300,0.3,0.3,"CAT","bonett (r)","population",1000,1000,1000,1000,0,0.173797429296887,0.000760405655812266,0.0240461381804081,0.000537957041476469,0.0245467258553071,1.02081779914693,0.0228376015722571,0.175451374958523,0.005,0.00223047080231955,0.0982961672462769,"09b_or_to_cor_CAT",1000
0,25,0.5,0.3,"CAT","bonett (r)","population",1000,1000,1000,1000,0,-0.00549221382453588,0.0102761324081343,0.324959839471752,0.00726995879876146,0.311126794255668,0.957431523727451,0.0214195321534156,0.324843751340444,0.975,0.00493710441453288,1.10142451679821,"09b_or_to_cor_CAT",1000
0.1,25,0.5,0.3,"CAT","bonett (r)","population",1000,1000,1000,1000,0,0.0621120714624706,0.0103413693826662,0.327022813743545,0.00731611138790361,0.306933480969483,0.938569017420859,0.0209975426426096,0.332708410187352,0.967,0.00564898220921256,1.0908033548452,"09b_or_to_cor_CAT",1000
0.25,25,0.5,0.3,"CAT","bonett (r)","population",1000,1000,1000,1000,0,0.132974439546416,0.00895248098709221,0.283102306285638,0.00633352757028872,0.290004828500436,1.02438172371451,0.0229173332240525,0.312648317572807,0.969,0.00548078461536303,1.04933444986325,"09b_or_to_cor_CAT",1000
0.5,25,0.5,0.3,"CAT","bonett (r)","population",1000,1000,1000,1000,0,0.214577332049379,0.00553166014661591,0.174926453052872,0.00391343160611824,0.221754597392258,1.26770190284046,0.0283608602765905,0.276788901770122,0.979,0.00453420334788814,0.894835571173695,"09b_or_to_cor_CAT",1000
0,50,0.5,0.3,"CAT","bonett (r)","population",1000,1000,1000,1000,0,0.00136702551725337,0.00755028298080291,0.238760911981426,0.00534152772749189,0.221272094267706,0.926751755266036,0.0207331684075675,0.238645417043522,0.944,0.00727076337120113,0.82140443816063,"09b_or_to_cor_CAT",1000
0.1,50,0.5,0.3,"CAT","bonett (r)","population",1000,1000,1000,1000,0,0.0565115958865672,0.00699990960457353,0.22135657765741,0.00495216024854079,0.218966040505558,0.989200514494981,0.0221302638374712,0.228349066578726,0.961,0.00612200947402077,0.813513466568798,"09b_or_to_cor_CAT",1000
0.25,50,0.5,0.3,"CAT","bonett (r)","population",1000,1000,1000,1000,0,0.154348585221574,0.00673861709413891,0.213093782972242,0.00476730609234279,0.202307132985308,0.949380738206055,0.0212394210383518,0.263034288907323,0.918,0.00867617427210864,0.762490972433748,"09b_or_to_cor_CAT",1000
0.5,50,0.5,0.3,"CAT","bonett (r)","population",1000,1000,1000,1000,0,0.261360477531227,0.00421530918856535,0.133299780777027,0.00298216516757346,0.146084471580817,1.09590931604887,0.0245175391143887,0.293360464171639,0.88,0.0102761860629321,0.611961437672555,"09b_or_to_cor_CAT",1000
0,100,0.5,0.3,"CAT","bonett (r)","population",1000,1000,1000,1000,0,-0.00381516571494738,0.00523990778140304,0.165700433184733,0.00370702830278401,0.156938820410664,0.947123778703094,0.0211889286371256,0.165661499490627,0.951,0.00682634602111555,0.59813749180811,"09b_or_to_cor_CAT",1000
0.1,100,0.5,0.3,"CAT","bonett (r)","population",1000,1000,1000,1000,0,0.0540200094243096,0.0049740885778113,0.157294491893114,0.00351897168952922,0.155182904692293,0.986575580775862,0.0220715391654671,0.166237712450982,0.938,0.00762600813007697,0.591851030682403,"09b_or_to_cor_CAT",1000
0.25,100,0.5,0.3,"CAT","bonett (r)","population",1000,1000,1000,1000,0,0.150964326939511,0.00444671560309202,0.140617494127801,0.00314587608842986,0.143309023637127,1.01914078704091,0.0228000836779365,0.206261325467056,0.849,0.0113224997240009,0.549562190255616,"09b_or_to_cor_CAT",1000
0.5,100,0.5,0.3,"CAT","bonett (r)","population",1000,1000,1000,1000,0,0.266548744265583,0.00327513310593737,0.103568802549836,0.00231702763208627,0.101505818148184,0.980081024875623,0.0219262438148547,0.28594405647662,0.499,0.0158113566780337,0.414047205797047,"09b_or_to_cor_CAT",1000
0,300,0.5,0.3,"CAT","bonett (r)","population",1000,1000,1000,1000,0,0.00451574947929984,0.00292860486588162,0.0926106174283785,0.00207187255547219,0.090863612511979,0.981136019120588,0.0219498460073788,0.092674385497638,0.949,0.00695693898205238,0.35278960556848,"09b_or_to_cor_CAT",1000
0.1,300,0.5,0.3,"CAT","bonett (r)","population",1000,1000,1000,1000,0,0.0587225702982561,0.00279989184158573,0.0885403542153425,0.00198081316208072,0.0896581430472898,1.01262462570715,0.0226543049734063,0.106206850968699,0.914,0.00886588969026797,0.348212599362341,"09b_or_to_cor_CAT",1000
0.25,300,0.5,0.3,"CAT","bonett (r)","population",1000,1000,1000,1000,0,0.137258015350046,0.00262510920260693,0.0830132418690632,0.0018571613314456,0.0833428825435206,1.0039709408648,0.0224607058740111,0.160387249820924,0.656,0.0150221170279026,0.32417761460628,"09b_or_to_cor_CAT",1000
0.5,300,0.5,0.3,"CAT","bonett (r)","population",1000,1000,1000,1000,0,0.263213281704798,0.0018212406783359,0.0575926871089154,0.00128845602297317,0.0583307726940065,1.0128156129214,0.02265857771425,0.269434282073805,0.028,0.0052168956286282,0.230443140116614,"09b_or_to_cor_CAT",1000
0,25,0.3,0.5,"CAT","bonett (r)","population",1000,1000,999,999,0,-0.0029299104102458,0.00985231880566573,0.311557676600136,0.00697012737328646,0.313265081445466,1.00548022075387,0.0224944712852297,0.311415641928337,0.975975975975976,0.0048446197615862,1.1059211200166,"09b_or_to_cor_CAT",1000
0.1,25,0.3,0.5,"CAT","bonett (r)","population",1000,1000,1000,1000,0,0.0413625851072783,0.0103129737067944,0.326124863628998,0.007296022566015,0.311251209853775,0.954392763527089,0.0213515494097884,0.328575611841647,0.973,0.00512552436341883,1.1023297956887,"09b_or_to_cor_CAT",1000
0.25,25,0.3,0.5,"CAT","bonett (r)","population",1000,1000,1000,1000,0,0.135020181422673,0.00914281029126994,0.289121047352405,0.00646817805401291,0.289523615320639,1.00139238554896,0.0224030187735468,0.31896369453833,0.966,0.00573096850453743,1.04820783706089,"09b_or_to_cor_CAT",1000
0.5,25,0.3,0.5,"CAT","bonett (r)","population",1000,1000,1000,1000,0,0.219895261745904,0.00526191847398609,0.166396472399135,0.00372260000056442,0.220195878154183,1.32332059075147,0.0296051542490749,0.275706409753471,0.982,0.00420428352992517,0.892461786455422,"09b_or_to_cor_CAT",1000
0,50,0.3,0.5,"CAT","bonett (r)","population",1000,1000,1000,1000,0,-5.74588199964347e-05,0.00731790399748387,0.231412443305001,0.00517712875253412,0.22176488720443,0.958310123851656,0.0214391880798647,0.231296715279292,0.956,0.00648567652600714,0.822780578035942,"09b_or_to_cor_CAT",1000
0.1,50,0.3,0.5,"CAT","bonett (r)","population",1000,1000,1000,1000,0,0.0583510883344686,0.00728846083654461,0.230481368804172,0.00515629887623122,0.219486143173034,0.952294514354087,0.0213046076551948,0.237641303679086,0.948,0.00702111102319284,0.8160842852932,"09b_or_to_cor_CAT",1000
0.25,50,0.3,0.5,"CAT","bonett (r)","population",1000,1000,1000,1000,0,0.150950880048512,0.00630314068959896,0.199322809916171,0.00445922369391707,0.203030607194202,1.01860197174418,0.0227880293729683,0.249952037714729,0.931,0.00801492358042171,0.763912048459776,"09b_or_to_cor_CAT",1000
0.5,50,0.3,0.5,"CAT","bonett (r)","population",1000,1000,1000,1000,0,0.255211444126615,0.00430861613079084,0.13625040536641,0.00304817615290105,0.147222423531024,1.08052833410006,0.0241734378087192,0.289272345727587,0.884,0.0101264011376204,0.614023850587359,"09b_or_to_cor_CAT",1000
0,100,0.3,0.5,"CAT","bonett (r)","population",1000,1000,1000,1000,0,0.00866854716040167,0.00515038491802414,0.162869471675359,0.00364369440414754,0.157089114692007,0.964509266691346,0.0215778744883312,0.16301865552408,0.951,0.00682634602111555,0.598659939887225,"09b_or_to_cor_CAT",1000
0.1,100,0.3,0.5,"CAT","bonett (r)","population",1000,1000,1000,1000,0,0.047187419667855,0.00506698412392757,0.16023210699524,0.00358469162831856,0.155194507489518,0.968560611227116,0.0216685106355625,0.166958996040741,0.937,0.00768316341099159,0.591824716060717,"09b_or_to_cor_CAT",1000
0.25,100,0.3,0.5,"CAT","bonett (r)","population",1000,1000,1000,1000,0,0.136762443132639,0.00459329398804031,0.145252709649656,0.00324957452058704,0.144181606473254,0.992625933251193,0.022206896855467,0.199452292948753,0.859,0.0110054077616415,0.552563282361192,"09b_or_to_cor_CAT",1000
0.5,100,0.3,0.5,"CAT","bonett (r)","population",1000,1000,1000,1000,0,0.26301062847251,0.00337002099628713,0.106569421108572,0.00238415707592237,0.101915379798592,0.956328548456337,0.0213948565356836,0.283760947213328,0.52,0.0157987341265052,0.414025015077379,"09b_or_to_cor_CAT",1000
0,300,0.3,0.5,"CAT","bonett (r)","population",1000,1000,1000,1000,0,-0.000115562113520425,0.00279706174781933,0.0884508587924057,0.00197881098224679,0.0909201075543191,1.02791661715472,0.0229964153952834,0.0884066978305098,0.956,0.00648567652600714,0.353003400261292,"09b_or_to_cor_CAT",1000
0.1,300,0.3,0.5,"CAT","bonett (r)","population",1000,1000,1000,1000,0,0.055910261045096,0.002998187609859,0.0948110169965073,0.00212109960527352,0.089639973986898,0.945459471130873,0.0211516949669645,0.110027710623728,0.895,0.00969407035254026,0.348132353404655,"09b_or_to_cor_CAT",1000
0.25,300,0.3,0.5,"CAT","bonett (r)","population",1000,1000,1000,1000,0,0.140778002276683,0.00267481645909115,0.0845851233363463,0.00189232725694046,0.0830926210044225,0.982355025646899,0.0219771174610948,0.164213076129,0.633,0.0152417518678136,0.323219432503899,"09b_or_to_cor_CAT",1000
0.5,300,0.3,0.5,"CAT","bonett (r)","population",1000,1000,1000,1000,0,0.26119304283106,0.00188284239099877,0.0595407043067342,0.00133203680757241,0.0586856029488244,0.985638373481366,0.0220505720871107,0.267886834311096,0.043,0.00641490451994416,0.231653853401735,"09b_or_to_cor_CAT",1000
0,25,0.5,0.5,"CAT","bonett (r)","population",1000,1000,1000,1000,0,0.00364408912010802,0.010502387235469,0.332114645331611,0.00743002517465228,0.293577632631501,0.883964729523955,0.0197759426938543,0.331968548045764,0.944,0.00727076337120113,1.05086404819029,"09b_or_to_cor_CAT",1000
0.1,25,0.5,0.5,"CAT","bonett (r)","population",1000,1000,1000,1000,0,0.0608041327871905,0.00962908269925395,0.304498331077646,0.0068121966235109,0.291926504642392,0.958712987388924,0.0214482008899468,0.310360527386208,0.951,0.00682634602111555,1.04427223878796,"09b_or_to_cor_CAT",1000
0.25,25,0.5,0.5,"CAT","bonett (r)","population",1000,1000,1000,1000,0,0.12463045431657,0.00892733446601821,0.282307103467406,0.00631573739740272,0.271247727591796,0.96082501736664,0.0214954509468913,0.308464509320996,0.947,0.00708456067798138,0.984933585410015,"09b_or_to_cor_CAT",1000
0.5,25,0.5,0.5,"CAT","bonett (r)","population",1000,1000,1000,1000,0,0.193816191878375,0.00623698731744652,0.197230856607147,0.00441242278956451,0.200122199115126,1.0146596864087,0.0226998330838253,0.276452214716081,0.928,0.00817410545564467,0.783638643796671,"09b_or_to_cor_CAT",1000
0.75,25,0.5,0.5,"CAT","bonett (r)","population",1000,1000,1000,1000,0,0.156199986843151,0.00266126497195875,0.0841565876861377,0.00188274011372338,0.10210700834943,1.21329786718823,0.0271437403447214,0.177408243352794,0.974,0.00503229569878401,0.508440452962631,"09b_or_to_cor_CAT",1000
0,50,0.5,0.5,"CAT","bonett (r)","population",1000,1000,1000,1000,0,0.00687079527092997,0.00695722354850823,0.22000672604245,0.00492196154570677,0.214257360739018,0.973867320300369,0.0217872316331549,0.220004009899976,0.957,0.00641490451994416,0.797964759875693,"09b_or_to_cor_CAT",1000
0.1,50,0.5,0.5,"CAT","bonett (r)","population",1000,1000,1000,1000,0,0.0570866001769973,0.00679112078880328,0.214754095579377,0.00480445038767033,0.210968432450265,0.982372102758279,0.0219774995079851,0.22210826676717,0.939,0.00756828910652864,0.786716288636209,"09b_or_to_cor_CAT",1000
0.25,50,0.5,0.5,"CAT","bonett (r)","population",1000,1000,1000,1000,0,0.119034456794437,0.0062485748732689,0.197597287296277,0.00442062052875872,0.19520217589661,0.987878824489753,0.022100695162467,0.230596715421636,0.916,0.00877177291087725,0.733275754660842,"09b_or_to_cor_CAT",1000
0.5,50,0.5,0.5,"CAT","bonett (r)","population",1000,1000,1000,1000,0,0.18766698415525,0.00449709236293684,0.14221054715029,0.00318151566117388,0.141615317794115,0.995814449996131,0.0222782299328176,0.235419864971057,0.805,0.0125289664378192,0.550080944688057,"09b_or_to_cor_CAT",1000
0.75,50,0.5,0.5,"CAT","bonett (r)","population",1000,1000,1000,1000,0,0.168475953348993,0.00204271879200654,0.0645964400196843,0.00144514306214935,0.064262502523923,0.994830404033728,0.0222562149859417,0.180423596627507,0.6,0.0154919333848297,0.284216838825973,"09b_or_to_cor_CAT",1000
0,100,0.5,0.5,"CAT","bonett (r)","population",1000,1000,1000,1000,0,-0.00322147653477924,0.00497821933248408,0.157425117825327,0.00352189403570832,0.153604033185601,0.975727605019381,0.0218288496782745,0.157379360037014,0.948,0.00702111102319284,0.586141600304027,"09b_or_to_cor_CAT",1000
0.1,100,0.5,0.5,"CAT","bonett (r)","population",1000,1000,1000,1000,0,0.0449098570743337,0.00489569405019231,0.154815439259424,0.00346351064998605,0.151499884589546,0.978583824160315,0.021892748637323,0.161123392700416,0.941,0.00745110730026082,0.578434081782851,"09b_or_to_cor_CAT",1000
0.25,100,0.5,0.5,"CAT","bonett (r)","population",1000,1000,1000,1000,0,0.127440388429833,0.00437813753680564,0.138448865257851,0.00309735980851057,0.138738699331529,1.0020934376973,0.0224187026200259,0.188122228367735,0.86,0.0109726933794762,0.531818498897394,"09b_or_to_cor_CAT",1000
0.5,100,0.5,0.5,"CAT","bonett (r)","population",1000,1000,1000,1000,0,0.200866388606679,0.00309099129339991,0.0977457271489349,0.00218675455491018,0.0975128806275819,0.997617834271178,0.0223185750086867,0.22336512489775,0.597,0.0155109960995418,0.380427801130109,"09b_or_to_cor_CAT",1000
0.75,100,0.5,0.5,"CAT","bonett (r)","population",1000,1000,1000,1000,0,0.171472291857275,0.00133758236171696,0.0422980682109279,0.00094628682012067,0.0426450110356765,1.00820233262234,0.022555370014013,0.176607146861582,0.262,0.0139052508067996,0.177111457741829,"09b_or_to_cor_CAT",1000
0,300,0.5,0.5,"CAT","bonett (r)","population",1000,1000,1000,1000,0,-0.00232913000400446,0.00282579963104878,0.089359630453776,0.00199914190235798,0.0897843225286094,1.0047526167317,0.0224781934237206,0.0893453035019531,0.949,0.00695693898205238,0.348691823979257,"09b_or_to_cor_CAT",1000
0.1,300,0.5,0.5,"CAT","bonett (r)","population",1000,1000,1000,1000,0,0.0588280057180227,0.00275813079628636,0.0872197540091879,0.00195126886791814,0.0882444777371635,1.01174875737287,0.0226347101622023,0.105168495571124,0.895,0.00969407035254026,0.342798881020998,"09b_or_to_cor_CAT",1000
0.25,300,0.5,0.5,"CAT","bonett (r)","population",1000,1000,1000,1000,0,0.131856741549387,0.00249774772784036,0.078985718404859,0.00176705810609503,0.0805743368482053,1.02011273019261,0.0228218278623227,0.153683783335268,0.631,0.0152590628807932,0.313448107351229,"09b_or_to_cor_CAT",1000
0.5,300,0.5,0.5,"CAT","bonett (r)","population",1000,1000,1000,1000,0,0.202227625000537,0.0017946851082103,0.0567529262473029,0.00126966900339974,0.0560191141078202,0.987070056330045,0.0220826015075453,0.210032583320665,0.128,0.0105648473723003,0.219204907252869,"09b_or_to_cor_CAT",1000
0.75,300,0.5,0.5,"CAT","bonett (r)","population",1000,1000,1000,1000,0,0.171821817465112,0.000762175158170583,0.0241020947581814,0.000539208894676521,0.0237811342848952,0.986683295518235,0.0220739489455197,0.173502354502107,0.004,0.00199599599197994,0.0948887980763415,"09b_or_to_cor_CAT",1000
0,25,0.3,0.1,"CAT","bonett (z)","population",1000,1000,1000,1000,0,0.0661040509431621,0.0117313221104828,0.370976978342191,0.00829944817864545,0.474629145121914,1.27940323208982,0.0286226408759159,0.376637810226932,0.986,0.00371537346709587,1.88449745753839,"09b_or_to_cor_CAT",1000
0.1,25,0.3,0.1,"CAT","bonett (z)","population",1000,1000,1000,1000,0,0.142837715056762,0.0122423035120776,0.38713562905244,0.00866094738758785,0.470354656247374,1.21496091020768,0.0271809457244742,0.412464221635263,0.988,0.00344325427466518,1.86256772619017,"09b_or_to_cor_CAT",1000
0.25,25,0.3,0.1,"CAT","bonett (z)","population",1000,1000,1000,1000,0,0.244084972128274,0.0123832302670645,0.39159212434259,0.00876064751422174,0.479722706275352,1.22505708479382,0.0274068160147404,0.461268382911896,0.982,0.00420428352992517,1.89056377729463,"09b_or_to_cor_CAT",1000
0.5,25,0.3,0.1,"CAT","bonett (z)","population",1000,1000,1000,1000,0,0.43744657662042,0.0108338562441316,0.34259661574293,0.00766452643839,0.545115215630925,1.59112843087731,0.0355965160335498,0.555530895697364,0.984,0.00396787096564392,2.13695991353677,"09b_or_to_cor_CAT",1000
0,50,0.3,0.1,"CAT","bonett (z)","population",1000,1000,1000,1000,0,-0.0137673148687103,0.0104625779009368,0.330855763639037,0.00740186163895999,0.377779095216078,1.14182413224705,0.0255447393449035,0.330976751080089,0.987,0.00358203852575597,1.4723527434061,"09b_or_to_cor_CAT",1000
0.1,50,0.3,0.1,"CAT","bonett (z)","population",1000,1000,1000,1000,0,0.102113724017233,0.0104790609181839,0.331377002411164,0.00741352272423084,0.361600846597894,1.09120682475493,0.0244123355975047,0.346595036955161,0.971,0.00530650544143696,1.40716257523231,"09b_or_to_cor_CAT",1000
0.25,50,0.3,0.1,"CAT","bonett (z)","population",1000,1000,1000,1000,0,0.292007773196047,0.010797722484076,0.341453965920914,0.00763896322682216,0.380564566884948,1.11454135803797,0.0249343727077883,0.449157833772485,0.946,0.00714730718522718,1.47527552098729,"09b_or_to_cor_CAT",1000
0.5,50,0.3,0.1,"CAT","bonett (z)","population",1000,1000,1000,1000,0,0.646805152763237,0.00802652482979825,0.253821001580578,0.00567845007170978,0.51994590031672,2.04847470098592,0.0458282066506478,0.694778800326837,0.962,0.00604615580348373,2.03536480954638,"09b_or_to_cor_CAT",1000
0,100,0.3,0.1,"CAT","bonett (z)","population",1000,1000,1000,1000,0,-0.0284167865997968,0.00834683152572947,0.263949988670034,0.00590505443898556,0.26959438282427,1.02138433186785,0.0228502759677947,0.265344004422656,0.975,0.00493710441453288,1.03303138855626,"09b_or_to_cor_CAT",1000
0.1,100,0.3,0.1,"CAT","bonett (z)","population",1000,1000,1000,1000,0,0.0998300661168016,0.00749716555793235,0.237081191584333,0.00530394924363937,0.239346622223502,1.00955550553812,0.0225856430205522,0.257132895625062,0.942,0.00739161687318817,0.927845662035591,"09b_or_to_cor_CAT",1000
0.25,100,0.3,0.1,"CAT","bonett (z)","population",1000,1000,1000,1000,0,0.299164131766514,0.00849726150940753,0.268707002438081,0.00601147772549092,0.265352426188096,0.987515858464621,0.0220925749342802,0.402032868608665,0.833,0.01179453263169,1.01263090493046,"09b_or_to_cor_CAT",1000
0.5,100,0.3,0.1,"CAT","bonett (z)","population",1000,1000,1000,1000,0,0.854563434735365,0.00625379875673564,0.197762480996139,0.00442431622049024,0.499398460358777,2.52524370569829,0.0564944201323502,0.877125733790523,0.687,0.0146639353517397,1.9415347364319,"09b_or_to_cor_CAT",1000
0,300,0.3,0.1,"CAT","bonett (z)","population",1000,1000,1000,1000,0,-0.0068305650807647,0.00451436266091271,0.142756681925025,0.00319373371654144,0.1382557831548,0.968471536956923,0.0216665178777024,0.142848687019976,0.956,0.00648567652600714,0.538504850309333,"09b_or_to_cor_CAT",1000
0.1,300,0.3,0.1,"CAT","bonett (z)","population",1000,1000,1000,1000,0,0.108256538839902,0.00400326396420171,0.126594322017522,0.00283215152592579,0.127077875870927,1.00381971201946,0.0224573226021686,0.166521993881602,0.86,0.0109726933794762,0.497840135529223,"09b_or_to_cor_CAT",1000
0.25,300,0.3,0.1,"CAT","bonett (z)","population",1000,1000,1000,1000,0,0.271231815792002,0.00424740186895772,0.134314640439624,0.00300486947449828,0.135057968734295,1.00553423135585,0.0224956796033152,0.302636878307346,0.458,0.0157555069737537,0.52752519046355,"09b_or_to_cor_CAT",1000
0.5,300,0.3,0.1,"CAT","bonett (z)","population",1000,1000,1000,1000,0,1.18319080546434,0.00595783970351563,0.188403433972917,0.00421493685113462,0.472100654464704,2.50579644176002,0.0560593485006999,1.19808215086204,0,0,1.80981625647641,"09b_or_to_cor_CAT",1000
0,25,0.5,0.1,"CAT","bonett (z)","population",1000,1000,1000,1000,0,0.0125906380722163,0.0113158726116929,0.357839311652678,0.00800553402697711,0.443136791223651,1.23836810767668,0.0277046084683711,0.35788189135267,0.99,0.00314642654451046,1.74794403943495,"09b_or_to_cor_CAT",1000
0.1,25,0.5,0.1,"CAT","bonett (z)","population",1000,1000,1000,1000,0,0.0561399900666091,0.0109261440686495,0.345515013000715,0.00772981643809274,0.448196466968445,1.29718376945756,0.0290204247198931,0.349875609423341,0.998,0.00141279864099595,1.77136717700129,"09b_or_to_cor_CAT",1000
0.25,25,0.5,0.1,"CAT","bonett (z)","population",1000,1000,1000,1000,0,0.16441348395257,0.00977480826634788,0.309106578131011,0.00691529172063716,0.474526010419895,1.53515338718794,0.0343442497164502,0.349975889844774,1,0,1.87753633493481,"09b_or_to_cor_CAT",1000
0,50,0.5,0.1,"CAT","bonett (z)","population",1000,1000,1000,1000,0,-0.00433734530607807,0.00986807961531699,0.312056077162799,0.00698127752513824,0.337545854396764,1.08168332264418,0.0241992770605555,0.311930166645108,0.993,0.00263647491928143,1.3114282081191,"09b_or_to_cor_CAT",1000
0.1,50,0.5,0.1,"CAT","bonett (z)","population",1000,1000,1000,1000,0,0.117422784790866,0.00983141914957072,0.310896771444391,0.00695534169004645,0.35247082463163,1.13372301357164,0.0253635021831367,0.33218707994155,0.997,0.00172945077987204,1.36960815422449,"09b_or_to_cor_CAT",1000
0.25,50,0.5,0.1,"CAT","bonett (z)","population",1000,1000,1000,1000,0,0.31631948366045,0.00876161684800451,0.277066652253995,0.00619849871193825,0.412883234949207,1.49019462136751,0.0333384381192726,0.420413105890692,0.998,0.00141279864099595,1.61048549582692,"09b_or_to_cor_CAT",1000
0,100,0.5,0.1,"CAT","bonett (z)","population",1000,1000,1000,1000,0,0.0146406509842582,0.0074531893714912,0.23569054246471,0.00527283782439561,0.225772351160395,0.957918585953443,0.0214304286454903,0.236027181563363,0.971,0.00530650544143696,0.872910116554029,"09b_or_to_cor_CAT",1000
0.1,100,0.5,0.1,"CAT","bonett (z)","population",1000,1000,1000,1000,0,0.120974582416908,0.00741901812821923,0.234609952872519,0.00524866301612893,0.239998448941266,1.02296789203856,0.0228857031677068,0.263859124814368,0.977,0.00474035863622153,0.923579745676028,"09b_or_to_cor_CAT",1000
0.25,100,0.5,0.1,"CAT","bonett (z)","population",1000,1000,1000,1000,0,0.414739666885786,0.00793405206180942,0.250896755896728,0.00561302923178813,0.349655868488329,1.39362450996477,0.0311779842852512,0.48465990573382,0.964,0.00589101010014412,1.33124104523828,"09b_or_to_cor_CAT",1000
0,300,0.5,0.1,"CAT","bonett (z)","population",1000,1000,1000,1000,0,-0.00217434175084605,0.00385351261452563,0.121858768540914,0.00272620834623863,0.118607142127881,0.973316434656557,0.0217749072919691,0.121817230607527,0.958,0.00634318531969546,0.464485716782673,"09b_or_to_cor_CAT",1000
0.1,300,0.5,0.1,"CAT","bonett (z)","population",1000,1000,1000,1000,0,0.113090172854,0.00395090026999543,0.124938436613598,0.00279510627540632,0.124911320818121,0.999782966745773,0.0223670130677089,0.168473708710452,0.882,0.0102017645532525,0.488147157426461,"09b_or_to_cor_CAT",1000
0.25,300,0.5,0.1,"CAT","bonett (z)","population",1000,1000,1000,1000,0,0.432045798193873,0.00652065272132328,0.206201144303568,0.00461310488638001,0.208918451269172,1.01317794319125,0.0226666837194034,0.478685663809947,0.31,0.0146253205093085,0.776201175373893,"09b_or_to_cor_CAT",1000
0,25,0.3,0.3,"CAT","bonett (z)","population",1000,1000,1000,1000,0,0.0105560598166028,0.0129735938459763,0.410261059912289,0.0091783064859552,0.402010683753085,0.979889936030079,0.021921968800329,0.410191727783394,0.965,0.00581162627841812,1.57319783389564,"09b_or_to_cor_CAT",1000
0.1,25,0.3,0.3,"CAT","bonett (z)","population",1000,1000,1000,1000,0,0.0726785629595644,0.0130641689692397,0.413125296800916,0.00924238481700086,0.391645135297154,0.948005697859473,0.0212086588165261,0.419266039478343,0.966,0.00573096850453743,1.53439369329585,"09b_or_to_cor_CAT",1000
0.25,25,0.3,0.3,"CAT","bonett (z)","population",1000,1000,1000,1000,0,0.212200497346159,0.012903630412644,0.408048621889733,0.0091288101134344,0.398715159617043,0.977126592832332,0.0218601476496689,0.459745826758918,0.952,0.00675988165576884,1.55821730799392,"09b_or_to_cor_CAT",1000
0.5,25,0.3,0.3,"CAT","bonett (z)","population",1000,1000,1000,1000,0,0.457516446915955,0.0137732071911911,0.43554705409574,0.00974400142289954,0.468839907425679,1.0764391654515,0.0240819554654102,0.631532132431712,0.94,0.00750999334220744,1.80275333603608,"09b_or_to_cor_CAT",1000
0.75,25,0.3,0.3,"CAT","bonett (z)","population",1000,1000,1000,1000,0,0.850095191048741,0.0146732693508593,0.464009518698557,0.0103807599383827,0.628764601422199,1.35506832529157,0.0303154103916054,0.968375630865223,0.887,0.0100115433375679,2.39248755933337,"09b_or_to_cor_CAT",1000
0,50,0.3,0.3,"CAT","bonett (z)","population",1000,1000,1000,1000,0,-0.0160439326185642,0.00846969471894548,0.267835263981674,0.00599197530737157,0.269746787259719,1.00713693652444,0.0225315351126028,0.268181656116465,0.979,0.00453420334788814,1.05357530311524,"09b_or_to_cor_CAT",1000
0.1,50,0.3,0.3,"CAT","bonett (z)","population",1000,1000,1000,1000,0,0.0680464650053512,0.00847631432652957,0.268044594353497,0.00599665841892454,0.26004702313126,0.970163281070725,0.0217043653545641,0.276417036481641,0.953,0.00669260786241059,1.0185919323246,"09b_or_to_cor_CAT",1000
0.25,50,0.3,0.3,"CAT","bonett (z)","population",1000,1000,1000,1000,0,0.184051592548609,0.00807603718140808,0.25538671961456,0.00571347810968527,0.260700105110264,1.02080525370984,0.0228373209073882,0.314693728724628,0.917,0.00872416185085994,1.02296925227566,"09b_or_to_cor_CAT",1000
0.5,50,0.3,0.3,"CAT","bonett (z)","population",1000,1000,1000,1000,0,0.456550280664327,0.010826184850091,0.342354024962961,0.00765909922935949,0.317175528955613,0.92645479774899,0.020726524913044,0.570549937257562,0.709,0.0143638086871136,1.22141149743123,"09b_or_to_cor_CAT",1000
0.75,50,0.3,0.3,"CAT","bonett (z)","population",1000,1000,1000,1000,0,0.973536386239724,0.0134284499756408,0.424644873686576,0.00950009927634466,0.48512059524269,1.14241481601106,0.0255579540444013,1.06203391697829,0.343,0.0150116954405557,1.83144571923439,"09b_or_to_cor_CAT",1000
0,100,0.3,0.3,"CAT","bonett (z)","population",1000,1000,1000,1000,0,-0.0113314908456398,0.00608932739770864,0.192561439952253,0.00430795921415621,0.183643713230481,0.95368892793914,0.0213358032925642,0.192798420463222,0.953,0.00669260786241059,0.71851628163843,"09b_or_to_cor_CAT",1000
0.1,100,0.3,0.3,"CAT","bonett (z)","population",1000,1000,1000,1000,0,0.0751599989494903,0.00566171704222322,0.179039213208171,0.00400544173551395,0.177325110891443,0.990426106739341,0.0221576826260053,0.194092787780541,0.924,0.00837997613361756,0.69637988265967,"09b_or_to_cor_CAT",1000
0.25,100,0.3,0.3,"CAT","bonett (z)","population",1000,1000,1000,1000,0,0.177368310490921,0.00552876965792511,0.174835047774734,0.00391138669925486,0.179341275258301,1.02577416565455,0.0229484847520389,0.248990450023423,0.839,0.0116223491601311,0.70422226034435,"09b_or_to_cor_CAT",1000
0.5,100,0.3,0.3,"CAT","bonett (z)","population",1000,1000,1000,1000,0,0.43692405563018,0.00722274803484242,0.228403347556072,0.00510980965811371,0.21214070992069,0.928798602080951,0.0207789601953651,0.492969118174729,0.444,0.0157119063133663,0.82712196164461,"09b_or_to_cor_CAT",1000
0.75,100,0.3,0.3,"CAT","bonett (z)","population",1000,1000,1000,1000,0,0.934155315414487,0.0103985556538593,0.32883120242217,0.0073565684216316,0.321214667829594,0.976837555145397,0.0218536813365432,0.990286818575237,0.045,0.00655553201502365,1.22412584971253,"09b_or_to_cor_CAT",1000
0,300,0.3,0.3,"CAT","bonett (z)","population",1000,1000,1000,1000,0,0.00543651153587955,0.00315233056026694,0.099685445081982,0.00223014966944924,0.103114439243125,1.03439814266088,0.023141419231633,0.0997837984389821,0.959,0.00627048642451286,0.404444674499384,"09b_or_to_cor_CAT",1000
0.1,300,0.3,0.3,"CAT","bonett (z)","population",1000,1000,1000,1000,0,0.0741392085695245,0.00318713783355412,0.100786147709256,0.00225477444389208,0.100944472493391,1.00157089826066,0.0224070124364597,0.12507722402507,0.887,0.0100115433375679,0.39602032982031,"09b_or_to_cor_CAT",1000
0.25,300,0.3,0.3,"CAT","bonett (z)","population",1000,1000,1000,1000,0,0.176925644251824,0.00328238372438219,0.103798087237141,0.00232215715896135,0.102556326246685,0.988036764226508,0.0221042285694897,0.205099859739342,0.594,0.0155294558822903,0.402264638312746,"09b_or_to_cor_CAT",1000
0.5,300,0.3,0.3,"CAT","bonett (z)","population",1000,1000,1000,1000,0,0.406224916676699,0.00380149514772181,0.120213831808792,0.00268940803796502,0.118053092190642,0.98202586519672,0.0219697535267857,0.423621997684003,0.053,0.00708456067798138,0.462355400197721,"09b_or_to_cor_CAT",1000
0.75,300,0.3,0.3,"CAT","bonett (z)","population",1000,1000,1000,1000,0,0.889721743227697,0.00533308077616203,0.168646821983306,0.00377294452555659,0.169384468990805,1.00437391584866,0.0224697211773616,0.905548501841086,0,0,0.660706741284215,"09b_or_to_cor_CAT",1000
0,25,0.5,0.3,"CAT","bonett (z)","population",1000,1000,1000,1000,0,-0.00325926888355756,0.0116667748263699,0.368935813996444,0.00825378351830094,0.355374133534664,0.96324108436404,0.0215495028800616,0.368765703459561,0.975,0.00493710441453288,1.39441593828236,"09b_or_to_cor_CAT",1000
0.1,25,0.5,0.3,"CAT","bonett (z)","population",1000,1000,1000,1000,0,0.0844830646730805,0.0120001542577826,0.379478197279603,0.0084896363308636,0.363073184937589,0.956769552349467,0.0214047226167919,0.388583435988879,0.967,0.00564898220921256,1.42237993794408,"09b_or_to_cor_CAT",1000
0.25,25,0.5,0.3,"CAT","bonett (z)","population",1000,1000,1000,1000,0,0.201374895426905,0.0116329697079298,0.36786680228802,0.0082298677289275,0.390782098605013,1.06229237369196,0.023765465300368,0.419216539212832,0.969,0.00548078461536303,1.52135498494163,"09b_or_to_cor_CAT",1000
0.5,25,0.5,0.3,"CAT","bonett (z)","population",1000,1000,1000,1000,0,0.486530365608659,0.0116441790954574,0.368221274245646,0.00823779792895296,0.50934917957775,1.38326928725459,0.0309463186044168,0.610051732691232,0.975,0.00493710441453288,1.96512026544648,"09b_or_to_cor_CAT",1000
0,50,0.5,0.3,"CAT","bonett (z)","population",1000,1000,1000,1000,0,0.00118179682282812,0.00811606946675858,0.256652651631054,0.00574179937429724,0.236766839946679,0.922518580821205,0.02063846438552,0.256527015437735,0.944,0.00727076337120113,0.929027969225976,"09b_or_to_cor_CAT",1000
0.1,50,0.5,0.3,"CAT","bonett (z)","population",1000,1000,1000,1000,0,0.0669285887087898,0.00757920738661294,0.239675582004693,0.00536199060497983,0.2377703771831,0.992050901449128,0.0221940323196038,0.248729524204967,0.961,0.00612200947402077,0.934498149328835,"09b_or_to_cor_CAT",1000
0.25,50,0.5,0.3,"CAT","bonett (z)","population",1000,1000,1000,1000,0,0.208281523589159,0.00868125522152951,0.274525394492629,0.00614164602745822,0.26580885532504,0.968248696322982,0.0216615325163418,0.344485153668099,0.917,0.00872416185085994,1.03079079616013,"09b_or_to_cor_CAT",1000
0.5,50,0.5,0.3,"CAT","bonett (z)","population",1000,1000,1000,1000,0,0.577706803847376,0.0104199185746761,0.329506757294718,0.00737168184640959,0.407902500344431,1.23791846848104,0.0276945491994107,0.664989683838274,0.822,0.0120961150788177,1.53823902500803,"09b_or_to_cor_CAT",1000
0,100,0.5,0.3,"CAT","bonett (z)","population",1000,1000,1000,1000,0,-0.00411204189870614,0.00539809730613275,0.170702825185987,0.00381894115885721,0.16153944993962,0.946319721209162,0.0211709403685992,0.170666997279872,0.951,0.00682634602111555,0.634740258868606,"09b_or_to_cor_CAT",1000
0.1,100,0.5,0.3,"CAT","bonett (z)","population",1000,1000,1000,1000,0,0.059475402300763,0.0052412382937844,0.165742507680534,0.00370796958787158,0.163428251973164,0.986037041795995,0.0220594910422235,0.176012589754873,0.939,0.00756828910652864,0.641920541130804,"09b_or_to_cor_CAT",1000
0.25,100,0.5,0.3,"CAT","bonett (z)","population",1000,1000,1000,1000,0,0.187134289639628,0.00555295636193884,0.175599898512491,0.00392849783938754,0.176885607619204,1.00732181007851,0.0225356710794447,0.256561359896941,0.841,0.0115636931816786,0.692411563148717,"09b_or_to_cor_CAT",1000
0.5,100,0.5,0.3,"CAT","bonett (z)","population",1000,1000,1000,1000,0,0.569160264513401,0.00908156589498053,0.28718432949044,0.00642485005666961,0.289303075266021,1.0073776510694,0.0225369203467504,0.637444719930076,0.394,0.0154519901630826,1.07881264925859,"09b_or_to_cor_CAT",1000
0,300,0.5,0.3,"CAT","bonett (z)","population",1000,1000,1000,1000,0,0.00458686258421529,0.00295392380776539,0.0934112726713602,0.00208978470928772,0.0916572419707678,0.981222494347514,0.0219517806197848,0.0934771603365635,0.949,0.00695693898205238,0.359619523163817,"09b_or_to_cor_CAT",1000
0.1,300,0.5,0.3,"CAT","bonett (z)","population",1000,1000,1000,1000,0,0.061381677260293,0.00289210814437196,0.0914564897573848,0.00204605256297627,0.0927601755958085,1.01425471108592,0.0226907730291555,0.110107381825701,0.913,0.00891240708226459,0.363910443674925,"09b_or_to_cor_CAT",1000
0.25,300,0.5,0.3,"CAT","bonett (z)","population",1000,1000,1000,1000,0,0.162342844575588,0.00312438486245248,0.0988017245230174,0.00221037918930704,0.0991051882979621,1.00307144208676,0.0224405824056265,0.190018994242279,0.64,0.0151789327688082,0.388508216838283,"09b_or_to_cor_CAT",1000
0.5,300,0.5,0.3,"CAT","bonett (z)","population",1000,1000,1000,1000,0,0.519765657579413,0.00466295358665923,0.147455539574945,0.00329885594201918,0.145440086057151,0.986331788391241,0.0220660850742953,0.540257097884096,0.008,0.00281709069786544,0.563988640709418,"09b_or_to_cor_CAT",1000
0,25,0.3,0.5,"CAT","bonett (z)","population",1000,1000,1000,1000,0,-0.00246398419766761,0.0110967451293426,0.350909892231023,0.00785050996684507,0.352876844917902,1.00560529278435,0.0224972693802495,0.350743048300674,0.976,0.00483983470792134,1.38571314774979,"09b_or_to_cor_CAT",1000
0.1,25,0.3,0.5,"CAT","bonett (z)","population",1000,1000,1000,1000,0,0.0612442255897123,0.0119687362614787,0.378484673001213,0.0084674093363488,0.365620963609466,0.966012601541449,0.0216115068979199,0.383220892198249,0.973,0.00512552436341883,1.43151816630436,"09b_or_to_cor_CAT",1000
0.25,25,0.3,0.5,"CAT","bonett (z)","population",1000,1000,1000,1000,0,0.205560357042891,0.0118497509361996,0.374722026641033,0.00838323190674002,0.393326415879149,1.04964850720115,0.0234825983818137,0.427236750573162,0.966,0.00573096850453743,1.5295592327217,"09b_or_to_cor_CAT",1000
0.5,25,0.3,0.5,"CAT","bonett (z)","population",1000,1000,1000,1000,0,0.493006294220631,0.0113869035667009,0.360085507674698,0.00805578562902299,0.509862493665375,1.41594838669816,0.0316774111200999,0.6103991459739,0.979,0.00453420334788814,1.96773750112283,"09b_or_to_cor_CAT",1000
0,50,0.3,0.5,"CAT","bonett (z)","population",1000,1000,1000,1000,0,-9.92263873863531e-05,0.00776281969560179,0.245481913033166,0.00549188907925774,0.235650926552263,0.959952298075929,0.0214759265856759,0.24535916144027,0.956,0.00648567652600714,0.926206561716955,"09b_or_to_cor_CAT",1000
0.1,50,0.3,0.5,"CAT","bonett (z)","population",1000,1000,1000,1000,0,0.0696730910247705,0.0079941595093081,0.252797520281076,0.00565555288265782,0.241435996746305,0.955056823650253,0.0213664056755447,0.262101162315139,0.948,0.00702111102319284,0.945500630034044,"09b_or_to_cor_CAT",1000
0.25,50,0.3,0.5,"CAT","bonett (z)","population",1000,1000,1000,1000,0,0.201513377002239,0.00822632800341971,0.260139332704317,0.0058198029447946,0.262420162330371,1.00876772305957,0.0225680188545299,0.32895659448972,0.927,0.00822623850857729,1.02028204761308,"09b_or_to_cor_CAT",1000
0.5,50,0.3,0.5,"CAT","bonett (z)","population",1000,1000,1000,1000,0,0.561665743815795,0.010364725765943,0.327761407434133,0.00733263510882964,0.401994251072901,1.22648439369326,0.0274387475817577,0.650221900922409,0.836,0.0117091417277271,1.51680993428982,"09b_or_to_cor_CAT",1000
0,100,0.3,0.5,"CAT","bonett (z)","population",1000,1000,1000,1000,0,0.00905763126142204,0.00529056431802492,0.167302333525742,0.00374286580657459,0.161506252082463,0.965355644950482,0.0215968095514519,0.167463791359276,0.951,0.00682634602111555,0.634655720159889,"09b_or_to_cor_CAT",1000
0.1,100,0.3,0.5,"CAT","bonett (z)","population",1000,1000,1000,1000,0,0.0527846266924165,0.00536457222382121,0.169642668997496,0.00379522348401127,0.163253088523107,0.962335062799071,0.0215292334847455,0.177583989493724,0.937,0.00768316341099159,0.641249164788314,"09b_or_to_cor_CAT",1000
0.25,100,0.3,0.5,"CAT","bonett (z)","population",1000,1000,1000,1000,0,0.170170440986149,0.00562781115842895,0.177967015019462,0.00398145465862257,0.175721245208346,0.987380977250924,0.0220895573895033,0.246167758168942,0.858,0.0110379345894058,0.687946770435683,"09b_or_to_cor_CAT",1000
0.5,100,0.3,0.5,"CAT","bonett (z)","population",1000,1000,1000,1000,0,0.562501804603186,0.00924836385794367,0.292458944210839,0.00654285304362017,0.286483188875622,0.979567199247944,0.0219147485754767,0.633920327798936,0.405,0.0155233694795943,1.06926907688869,"09b_or_to_cor_CAT",1000
0,300,0.3,0.5,"CAT","bonett (z)","population",1000,1000,1000,1000,0,-0.000105958143018094,0.00281924826267159,0.089152457995149,0.00199450706735527,0.0916401490151736,1.02790378499895,0.022996128315982,0.0891079336138949,0.956,0.00648567652600714,0.359555961492771,"09b_or_to_cor_CAT",1000
0.1,300,0.3,0.5,"CAT","bonett (z)","population",1000,1000,1000,1000,0,0.058687362164407,0.00310144949645928,0.0980764445679365,0.00219415332152111,0.092770200830217,0.945896858709596,0.0211614801443623,0.114252249290439,0.892,0.00981509042240569,0.363945606308302,"09b_or_to_cor_CAT",1000
0.25,300,0.3,0.5,"CAT","bonett (z)","population",1000,1000,1000,1000,0,0.166624504290481,0.00317825189456822,0.100505149645809,0.00224848799216588,0.0991589244875401,0.986605411135518,0.0220722065263508,0.194563381061981,0.601,0.0154854447788883,0.388723081624526,"09b_or_to_cor_CAT",1000
0.5,300,0.3,0.5,"CAT","bonett (z)","population",1000,1000,1000,1000,0,0.51569438320955,0.00477938566830728,0.15113744528217,0.00338122705235689,0.145319016284795,0.961502399445003,0.0215106052496776,0.53736429143825,0.009,0.00298646948753876,0.563431568292046,"09b_or_to_cor_CAT",1000
0,25,0.5,0.5,"CAT","bonett (z)","population",1000,1000,1000,1000,0,0.00384579771075611,0.0118581573063213,0.374987859405423,0.00838917908238983,0.334240295028348,0.891336310349662,0.0199408587307768,0.374820048779133,0.944,0.00727076337120113,1.31668950173369,"09b_or_to_cor_CAT",1000
0.1,25,0.5,0.5,"CAT","bonett (z)","population",1000,1000,1000,1000,0,0.0817833673099373,0.0111058003720218,0.351196244147341,0.00785691619426369,0.334894416384177,0.953581998569652,0.0213334110827704,0.360421950316358,0.951,0.00682634602111555,1.31982029303227,"09b_or_to_cor_CAT",1000
0.25,25,0.5,0.5,"CAT","bonett (z)","population",1000,1000,1000,1000,0,0.193881313767934,0.0118909385409623,0.376024493065203,0.00841237051431649,0.35865683517375,0.953812429212047,0.0213385662468021,0.422898319686822,0.947,0.00708456067798138,1.40067451568316,"09b_or_to_cor_CAT",1000
0.5,25,0.5,0.5,"CAT","bonett (z)","population",1000,1000,1000,1000,0,0.467322552075732,0.0134116466708652,0.424113506533487,0.00948821160026675,0.447544826783656,1.05524775770922,0.0236078640779188,0.630938001578825,0.924,0.00837997613361756,1.71397187746782,"09b_or_to_cor_CAT",1000
0.75,25,0.5,0.5,"CAT","bonett (z)","population",1000,1000,1000,1000,0,0.929727139851231,0.0142737546556003,0.451375754741293,0.0100981190323806,0.628137454832732,1.39160654562129,0.0311328386523066,1.03340644785692,0.763,0.0134473417447464,2.38502018826989,"09b_or_to_cor_CAT",1000
0,50,0.5,0.5,"CAT","bonett (z)","population",1000,1000,1000,1000,0,0.0074354270209811,0.00730960479406112,0.231149999449192,0.00517125739310144,0.225410038958173,0.975167810924956,0.021816326038403,0.23115401250703,0.957,0.00641490451994416,0.888082253901641,"09b_or_to_cor_CAT",1000
0.1,50,0.5,0.5,"CAT","bonett (z)","population",1000,1000,1000,1000,0,0.0667190615325862,0.00735747272010389,0.232663716180828,0.00520512206477866,0.227569803578933,0.97810611518843,0.0218820613950194,0.241929133413144,0.939,0.00756828910652864,0.896087458269214,"09b_or_to_cor_CAT",1000
0.25,50,0.5,0.5,"CAT","bonett (z)","population",1000,1000,1000,1000,0,0.158174656178246,0.00763276119027239,0.241369101973986,0.00539987781104706,0.238445583972991,0.987887770319045,0.0221008952973836,0.288478779464707,0.914,0.00886588969026797,0.936325821452481,"09b_or_to_cor_CAT",1000
0.5,50,0.5,0.5,"CAT","bonett (z)","population",1000,1000,1000,1000,0,0.399231568780764,0.00933983944036338,0.295351656118207,0.00660756841404082,0.28869844564356,0.977473596857083,0.0218679107780821,0.496519096996426,0.756,0.0135817524642441,1.11868621717238,"09b_or_to_cor_CAT",1000
0.75,50,0.5,0.5,"CAT","bonett (z)","population",1000,1000,1000,1000,0,0.993232672432955,0.014330061533717,0.453156334569115,0.0101379539301551,0.465040481178592,1.02622526863886,0.0229585767686871,1.09163018210604,0.27,0.0140392307481571,1.74811203428197,"09b_or_to_cor_CAT",1000
0,100,0.5,0.5,"CAT","bonett (z)","population",1000,1000,1000,1000,0,-0.00318833448786902,0.00511240182283946,0.161668340741693,0.00361682286083972,0.157536181951257,0.974440519575577,0.0218000551719683,0.161618938316587,0.948,0.00702111102319284,0.619233515663557,"09b_or_to_cor_CAT",1000
0.1,100,0.5,0.5,"CAT","bonett (z)","population",1000,1000,1000,1000,0,0.0499050577313737,0.00515357235293745,0.162970267217555,0.00364594938876365,0.158731137991343,0.973988327450226,0.0217899387892,0.170362153884412,0.941,0.00745110730026082,0.62379793940548,"09b_or_to_cor_CAT",1000
0.25,100,0.5,0.5,"CAT","bonett (z)","population",1000,1000,1000,1000,0,0.157430016441397,0.00526737263991664,0.166568948269905,0.00372645860806595,0.165869034506893,0.995798053777237,0.0222778631187644,0.22913244944781,0.857,0.0110702755159933,0.651171102297504,"09b_or_to_cor_CAT",1000
0.5,100,0.5,0.5,"CAT","bonett (z)","population",1000,1000,1000,1000,0,0.396431158092859,0.00637569919897983,0.201617311448873,0.00451055598049611,0.19740328254635,0.979098873642147,0.0219042712566053,0.444709516249025,0.47,0.0157829021412413,0.771199995535825,"09b_or_to_cor_CAT",1000
0.75,100,0.5,0.5,"CAT","bonett (z)","population",1000,1000,1000,1000,0,0.927683606191595,0.00981704813331672,0.310442320007852,0.00694517476226532,0.299717874137756,0.965454304458799,0.0215990167489989,0.978199842984269,0.023,0.00474035863622153,1.14871923357346,"09b_or_to_cor_CAT",1000
0,300,0.5,0.5,"CAT","bonett (z)","population",1000,1000,1000,1000,0,-0.00235418484064163,0.00284915381377344,0.0900981545567928,0.00201566406648002,0.0905083139611264,1.00455236188079,0.022473713348528,0.0900838607262649,0.949,0.00695693898205238,0.355127500049467,"09b_or_to_cor_CAT",1000
0.1,300,0.5,0.5,"CAT","bonett (z)","population",1000,1000,1000,1000,0,0.0614953732307076,0.00285405911749614,0.0902532738805793,0.00201913437559468,0.0912498167721048,1.01104162595635,0.0226188903111346,0.109175037080373,0.895,0.00969407035254026,0.358015134152913,"09b_or_to_cor_CAT",1000
0.25,300,0.5,0.5,"CAT","bonett (z)","population",1000,1000,1000,1000,0,0.155509456649043,0.00294120598152328,0.0930090996932469,0.00208078734830425,0.0950714715953241,1.02217387232947,0.0228679394631831,0.181177352448928,0.609,0.0154311049507156,0.372895542644055,"09b_or_to_cor_CAT",1000
0.5,300,0.5,0.5,"CAT","bonett (z)","population",1000,1000,1000,1000,0,0.380535300840531,0.00357144076039118,0.112938873311998,0.0025266536230799,0.111480911397703,0.987090698963618,0.0220830633218292,0.396925117751033,0.058,0.00739161687318817,0.436668134874316,"09b_or_to_cor_CAT",1000
0.75,300,0.5,0.5,"CAT","bonett (z)","population",1000,1000,1000,1000,0,0.874748794283865,0.00512461733818102,0.162054629254414,0.00362546485665212,0.159939971413833,0.986950956906881,0.022079937030911,0.88961839811292,0,0,0.624258418132073,"09b_or_to_cor_CAT",1000
0,25,0.3,0.1,"CAT","digby (r)","population",1000,1000,1000,1000,0,0.066142084092696,0.0118933341747788,0.376100249658201,0.00841406533085361,0.498766551552266,1.32615320517746,0.0296685251265446,0.381686679991972,0.986,0.00371537346709587,1.48896731358714,"09b_or_to_cor_CAT",1000
0.1,25,0.3,0.1,"CAT","digby (r)","population",1000,1000,1000,1000,0,0.140866796526907,0.0119740474383507,0.378652627160929,0.00847116678472518,0.465625075213061,1.22968927669732,0.0275104468029052,0.403829033883858,0.989,0.00329833291224522,1.42794950278615,"09b_or_to_cor_CAT",1000
0.25,25,0.3,0.1,"CAT","digby (r)","population",1000,1000,1000,1000,0,0.212736859768761,0.0101451742319074,0.320818578320766,0.0071773110488379,0.413593941506671,1.28918326261375,0.0288414384327931,0.384809832436537,0.98,0.00442718872423573,1.31885062601812,"09b_or_to_cor_CAT",1000
0.5,25,0.3,0.1,"CAT","digby (r)","population",1000,1000,1000,1000,0,0.263860283814548,0.00448814332584224,0.141927553749447,0.00317518457002184,0.28425473152335,2.00281569021588,0.0448067292655347,0.299575593894901,0.994,0.00244213021765835,1.08609341916872,"09b_or_to_cor_CAT",1000
0,50,0.3,0.1,"CAT","digby (r)","population",1000,1000,1000,1000,0,-0.0168082984905101,0.0111484769244177,0.352545795229888,0.00788710817362609,0.390846662734782,1.10864082914368,0.0248023668512427,0.352770134924551,0.987,0.00358203852575597,1.27800056248944,"09b_or_to_cor_CAT",1000
0.1,50,0.3,0.1,"CAT","digby (r)","population",1000,1000,1000,1000,0,0.10731328688809,0.0105616692050562,0.333989305812374,0.00747196483242345,0.36780554532602,1.10124946794746,0.0246370082904721,0.350647186047971,0.968,0.00556560868189635,1.20525097866906,"09b_or_to_cor_CAT",1000
0.25,50,0.3,0.1,"CAT","digby (r)","population",1000,1000,1000,1000,0,0.261343083651378,0.0087697530100111,0.277323940287525,0.00620425472599283,0.301431701753456,1.08692996876121,0.0243166543375893,0.380961765353366,0.928,0.00817410545564467,1.04641505636571,"09b_or_to_cor_CAT",1000
0.5,50,0.3,0.1,"CAT","digby (r)","population",1000,1000,1000,1000,0,0.354069258890879,0.00220088630493912,0.0695981359467952,0.00155704034574335,0.165211359509375,2.37379000546325,0.0531061178657731,0.360838047769741,0.957,0.00641490451994416,0.791972334868107,"09b_or_to_cor_CAT",1000
0,100,0.3,0.1,"CAT","digby (r)","population",1000,1000,1000,1000,0,-0.0289621316690469,0.00909153891617274,0.287499704111645,0.0064319055762257,0.285745552377271,0.993898596383625,0.0222353687077196,0.288811753319068,0.975,0.00493710441453288,1.00501355468138,"09b_or_to_cor_CAT",1000
0.1,100,0.3,0.1,"CAT","digby (r)","population",1000,1000,1000,1000,0,0.118057143000564,0.00791472727190662,0.250285652382757,0.00559935770432933,0.254255360771667,1.01586071095613,0.0227267022470744,0.276618426527101,0.935,0.0077958322198467,0.901414919221751,"09b_or_to_cor_CAT",1000
0.25,100,0.3,0.1,"CAT","digby (r)","population",1000,1000,1000,1000,0,0.285469787684246,0.00644383904288292,0.203772082510294,0.0045587622353452,0.200771799491551,0.985276280333485,0.022042471386819,0.350677256504411,0.769,0.0133281281506444,0.747788914714249,"09b_or_to_cor_CAT",1000
0.5,100,0.3,0.1,"CAT","digby (r)","population",1000,1000,1000,1000,0,0.407852281652449,0.00110187189241383,0.0348442486974771,0.000779530950089838,0.0951465243112904,2.73062349937192,0.0610891498704391,0.40933652560544,0.586,0.0155757503832079,0.531259850487626,"09b_or_to_cor_CAT",1000
0,300,0.3,0.1,"CAT","digby (r)","population",1000,1000,1000,1000,0,-0.0074848094800915,0.00518929332936567,0.164099863675138,0.00367122057217884,0.159653719815251,0.97290586500005,0.0217657220816007,0.164188485789638,0.956,0.00648567652600714,0.602806827549811,"09b_or_to_cor_CAT",1000
0.1,300,0.3,0.1,"CAT","digby (r)","population",1000,1000,1000,1000,0,0.138139182349073,0.00442264984789103,0.139856468127329,0.0031288505148168,0.14032703795318,1.00336466258695,0.0224471422961002,0.196526602640568,0.82,0.01214907403879,0.533605188722918,"09b_or_to_cor_CAT",1000
0.25,300,0.3,0.1,"CAT","digby (r)","population",1000,1000,1000,1000,0,0.289456631376048,0.00341930364117189,0.108127875178103,0.00241902260544033,0.10944234486121,1.0121566217864,0.0226438348512304,0.308974250060923,0.341,0.0149906304070243,0.423008755763087,"09b_or_to_cor_CAT",1000
0.5,300,0.3,0.1,"CAT","digby (r)","population",1000,1000,1000,1000,0,0.452470363181026,0.000650821249885483,0.0205807749927572,0.00046043039191288,0.0423772190811683,2.05906818844682,0.0460652027591552,0.452937715683043,0,0,0.253462011640781,"09b_or_to_cor_CAT",1000
0,25,0.5,0.1,"CAT","digby (r)","population",1000,1000,1000,1000,0,0.0100053716866792,0.0121487997997838,0.384178782047143,0.00859479719518964,0.482941760090397,1.25707556652917,0.0281231292779217,0.384116975283884,0.99,0.00314642654451046,1.45672349083939,"09b_or_to_cor_CAT",1000
0.1,25,0.5,0.1,"CAT","digby (r)","population",1000,1000,1000,1000,0,0.0678680087843519,0.0117301639923672,0.370940355431744,0.00829862885570858,0.479462707369636,1.29256011202011,0.0289169848636806,0.376915397877154,0.998,0.00141279864099595,1.46152684815072,"09b_or_to_cor_CAT",1000
0.25,25,0.5,0.1,"CAT","digby (r)","population",1000,1000,1000,1000,0,0.178716306646922,0.00923353272197937,0.291989942511491,0.00653236059927273,0.44885886981863,1.53724085822225,0.0343909503439422,0.342216870803957,1,0,1.42108425174281,"09b_or_to_cor_CAT",1000
0,50,0.5,0.1,"CAT","digby (r)","population",1000,1000,1000,1000,0,-0.00483570996535179,0.0110088276175509,0.34812969639626,0.00778831179120565,0.370018502932086,1.06287543625957,0.0237785094994619,0.347989188507787,0.993,0.00263647491928143,1.22583429228751,"09b_or_to_cor_CAT",1000
0.1,50,0.5,0.1,"CAT","digby (r)","population",1000,1000,1000,1000,0,0.136962025743905,0.010580542671337,0.334586137220273,0.00748531706620189,0.362562792524614,1.0836157036773,0.0242425080349341,0.361378654367739,0.997,0.00172945077987204,1.22202055612646,"09b_or_to_cor_CAT",1000
0.25,50,0.5,0.1,"CAT","digby (r)","population",1000,1000,1000,1000,0,0.315081710507953,0.00734873297551069,0.232387341190001,0.00519893903982523,0.314315890025004,1.35255168554133,0.0302591084580333,0.391441383562891,0.996,0.00199599599197994,1.15105603770483,"09b_or_to_cor_CAT",1000
0,100,0.5,0.1,"CAT","digby (r)","population",1000,1000,1000,1000,0,0.0161595643494265,0.0085215605306198,0.269475404957516,0.00602866832561627,0.257303692998396,0.954831826076897,0.0213613720594191,0.269824958821647,0.971,0.00530650544143696,0.924857887367721,"09b_or_to_cor_CAT",1000
0.1,100,0.5,0.1,"CAT","digby (r)","population",1000,1000,1000,1000,0,0.149807278462621,0.00801991327455389,0.253611925846096,0.00567377265686992,0.253098275340579,0.997974659496774,0.0223265578557138,0.294443391168509,0.976,0.00483983470792134,0.92029021622041,"09b_or_to_cor_CAT",1000
0.25,100,0.5,0.1,"CAT","digby (r)","population",1000,1000,1000,1000,0,0.394029574525618,0.00562654339871119,0.177926924937123,0.00398055776857203,0.213951181638768,1.20246658404497,0.0269014243024769,0.432302715961631,0.934,0.00785136930732467,0.869061985571127,"09b_or_to_cor_CAT",1000
0,300,0.5,0.1,"CAT","digby (r)","population",1000,1000,1000,1000,0,-0.00262259714121789,0.00473860869101207,0.149847964038672,0.00335237894753493,0.145714599296755,0.972416276934863,0.0217547690817837,0.149795981020766,0.958,0.00634318531969546,0.55464704032007,"09b_or_to_cor_CAT",1000
0.1,300,0.5,0.1,"CAT","digby (r)","population",1000,1000,1000,1000,0,0.154946732556005,0.00447973071789909,0.141661523727823,0.00316923298135913,0.142059698274718,1.00281074589922,0.0224347501447984,0.209896186833791,0.837,0.0116803681448831,0.542343900684872,"09b_or_to_cor_CAT",1000
0.25,300,0.5,0.1,"CAT","digby (r)","population",1000,1000,1000,1000,0,0.417157932926126,0.00375634087400052,0.118785928298292,0.00265746316838726,0.119343037603412,1.00469002779286,0.0224767931922109,0.433724253031951,0.169,0.0118506961820815,0.481931931506741,"09b_or_to_cor_CAT",1000
0,25,0.3,0.3,"CAT","digby (r)","population",1000,1000,1000,1000,0,0.0081905369254884,0.0116868192232735,0.369569673481842,0.00826796413936027,0.357198198623933,0.966524648136432,0.0216229623370124,0.369475637504079,0.965,0.00581162627841812,1.20612781656777,"09b_or_to_cor_CAT",1000
0.1,25,0.3,0.3,"CAT","digby (r)","population",1000,1000,1000,1000,0,0.0519018225296019,0.0114387294401508,0.361724385692991,0.00809245039254747,0.340948203407028,0.942563501086164,0.0210869067059237,0.365249895079603,0.962,0.00604615580348373,1.15992964201366,"09b_or_to_cor_CAT",1000
0.25,25,0.3,0.3,"CAT","digby (r)","population",1000,1000,1000,1000,0,0.141305709667576,0.00977283289051133,0.309044111262227,0.00691389422006268,0.30695180506924,0.993229749033427,0.0222204053427497,0.339676401929559,0.951,0.00682634602111555,1.06741425088921,"09b_or_to_cor_CAT",1000
0.5,25,0.3,0.3,"CAT","digby (r)","population",1000,1000,1000,1000,0,0.189175356405853,0.00650769228960304,0.205791299466617,0.00460393589157942,0.216718105555708,1.05309654060892,0.0235597373318206,0.279454869967414,0.951,0.00682634602111555,0.83208055214167,"09b_or_to_cor_CAT",1000
0.75,25,0.3,0.3,"CAT","digby (r)","population",1000,1000,1000,1000,0,0.13617530893945,0.00290585125527723,0.0918910850833543,0.00205577527246268,0.11757301064619,1.27948223203088,0.0286244082522093,0.164253591470729,1,0,0.566822760468423,"09b_or_to_cor_CAT",1000
0,50,0.3,0.3,"CAT","digby (r)","population",1000,1000,1000,1000,0,-0.0133896745297006,0.00810036528103753,0.256156041674285,0.00573068928164508,0.256382691150639,1.00088481019176,0.0223916633643979,0.256377817200637,0.979,0.00453420334788814,0.92484518903483,"09b_or_to_cor_CAT",1000
0.1,50,0.3,0.3,"CAT","digby (r)","population",1000,1000,1000,1000,0,0.0597198263550437,0.00790043593365968,0.249833720586035,0.00558924714559887,0.242748494469455,0.9716402329519,0.0217374075278411,0.256750713170958,0.952,0.00675988165576884,0.879106204751127,"09b_or_to_cor_CAT",1000
0.25,50,0.3,0.3,"CAT","digby (r)","population",1000,1000,1000,1000,0,0.143617461469111,0.00656164809668774,0.20749753190042,0.00464210749923107,0.211876318641134,1.02110283770901,0.0228439784174875,0.252266021806054,0.916,0.00877177291087725,0.782467570755635,"09b_or_to_cor_CAT",1000
0.5,50,0.3,0.3,"CAT","digby (r)","population",1000,1000,1000,1000,0,0.206372149975673,0.00457558121724446,0.144692582655782,0.00323704343313279,0.141741589638176,0.979605084355799,0.021915596136128,0.252000936144504,0.778,0.0131421459434904,0.552566256891433,"09b_or_to_cor_CAT",1000
0.75,50,0.3,0.3,"CAT","digby (r)","population",1000,1000,1000,1000,0,0.159839927684602,0.00193876958980631,0.061309277620583,0.00137160309719507,0.0673284851760164,1.09817776018637,0.0245682884483486,0.171183735141672,0.738,0.0139052508067996,0.310455735251047,"09b_or_to_cor_CAT",1000
0,100,0.3,0.3,"CAT","digby (r)","population",1000,1000,1000,1000,0,-0.00994650209549349,0.00589562221448783,0.186435944216673,0.0041709204290188,0.179028105139026,0.960266036097431,0.0214829454914387,0.186607973673694,0.953,0.00669260786241059,0.672987597292069,"09b_or_to_cor_CAT",1000
0.1,100,0.3,0.3,"CAT","digby (r)","population",1000,1000,1000,1000,0,0.070890693743586,0.00542655982519958,0.171602889067959,0.0038390772696727,0.169738016623889,0.989132627928361,0.0221287450881293,0.185589855445767,0.921,0.00852988862764339,0.639744566831946,"09b_or_to_cor_CAT",1000
0.25,100,0.3,0.3,"CAT","digby (r)","population",1000,1000,1000,1000,0,0.145910771257315,0.00454392998921236,0.143691682942554,0.00321465143635962,0.148075545672921,1.03050881331886,0.0230544076670123,0.204735452757994,0.842,0.0115341232870123,0.563572891750915,"09b_or_to_cor_CAT",1000
0.5,100,0.3,0.3,"CAT","digby (r)","population",1000,1000,1000,1000,0,0.21318393759377,0.00316229413418876,0.100000520954266,0.00223719850543376,0.0964626858371714,0.96462183313312,0.0215803928099649,0.235451683652757,0.55,0.0157321327225523,0.377683624831557,"09b_or_to_cor_CAT",1000
0.75,100,0.3,0.3,"CAT","digby (r)","population",1000,1000,1000,1000,0,0.160399442665387,0.00141463635974592,0.0447347295768644,0.00100079948779582,0.0450814725001533,1.00775109018359,0.0225452748775084,0.166514792260782,0.336,0.0149366662947259,0.189736502930019,"09b_or_to_cor_CAT",1000
0,300,0.3,0.3,"CAT","digby (r)","population",1000,1000,1000,1000,0,0.00553769313138747,0.00314296731923782,0.0993893534026505,0.00222352554533318,0.102804738713962,1.03436369384027,0.0231406485471481,0.0994938760499589,0.959,0.00627048642451286,0.39730196047059,"09b_or_to_cor_CAT",1000
0.1,300,0.3,0.3,"CAT","digby (r)","population",1000,1000,1000,1000,0,0.0716053441049239,0.0030808601098731,0.0974253509955559,0.00217958714173397,0.0975139938746219,1.00090985434654,0.0223922236489355,0.120869899569642,0.887,0.0100115433375679,0.377272486691623,"09b_or_to_cor_CAT",1000
0.25,300,0.3,0.3,"CAT","digby (r)","population",1000,1000,1000,1000,0,0.149318101695986,0.00269994165040661,0.0853796516483897,0.00191010233986269,0.0847779776557121,0.992952957981658,0.0222142130097355,0.171983402468894,0.613,0.015402305022301,0.329037741267548,"09b_or_to_cor_CAT",1000
0.5,300,0.3,0.3,"CAT","digby (r)","population",1000,1000,1000,1000,0,0.206602453173467,0.00177327004259928,0.0560757224115755,0.00125451868823432,0.0554987112550024,0.989710143146476,0.0221416651826499,0.214069885352029,0.123,0.0103860964755773,0.217493466692311,"09b_or_to_cor_CAT",1000
0.75,300,0.3,0.3,"CAT","digby (r)","population",1000,1000,1000,1000,0,0.160968616760313,0.00076774094292623,0.0242781003261222,0.000543146468099017,0.0249533570568106,1.02781340885892,0.0229941064328612,0.162787383758749,0.007,0.00263647491928143,0.100009179850586,"09b_or_to_cor_CAT",1000
0,25,0.5,0.3,"CAT","digby (r)","population",1000,1000,1000,1000,0,-0.00559453684127887,0.01068385638688,0.337853203766777,0.00755840744938434,0.324012231774334,0.95903258622938,0.0214553509131805,0.337730575090039,0.975,0.00493710441453288,1.12654820177771,"09b_or_to_cor_CAT",1000
0.1,25,0.5,0.3,"CAT","digby (r)","population",1000,1000,1000,1000,0,0.067248619398636,0.0106578112327474,0.337029583676089,0.00753998152901562,0.318206429010027,0.944149844471361,0.0211223961715444,0.343507973915639,0.966,0.00573096850453743,1.11337370721272,"09b_or_to_cor_CAT",1000
0.25,25,0.5,0.3,"CAT","digby (r)","population",1000,1000,1000,1000,0,0.144123925187229,0.00914290865047566,0.289124157743594,0.0064682476392756,0.297514130749628,1.02901858174534,0.0230210684022043,0.322925520242247,0.968,0.00556560868189635,1.06833724847576,"09b_or_to_cor_CAT",1000
0.5,25,0.5,0.3,"CAT","digby (r)","population",1000,1000,1000,1000,0,0.225691401476204,0.00531368641418421,0.168033518407149,0.00375922377859585,0.216683628906172,1.28952622643503,0.0288491111743053,0.281324788714522,0.979,0.00453420334788814,0.898967554824342,"09b_or_to_cor_CAT",1000
0,50,0.5,0.3,"CAT","digby (r)","population",1000,1000,1000,1000,0,0.00181581283729403,0.00782645918312974,0.247494370330308,0.00553691150928562,0.230250017304469,0.930324261506132,0.0208130920474119,0.24737725654981,0.944,0.00727076337120113,0.845542590176243,"09b_or_to_cor_CAT",1000
0.1,50,0.5,0.3,"CAT","digby (r)","population",1000,1000,1000,1000,0,0.0609364280028126,0.00723801649591331,0.228886178689569,0.00512061149274344,0.227211582371714,0.992683715865054,0.0222081895605063,0.236748267512267,0.962,0.00604615580348373,0.835481571686859,"09b_or_to_cor_CAT",1000
0.25,50,0.5,0.3,"CAT","digby (r)","population",1000,1000,1000,1000,0,0.165090324834754,0.00682488310992928,0.215821753917899,0.00482833589963029,0.205763802545582,0.953396952857019,0.0213292712644196,0.27163811549335,0.917,0.00872416185085994,0.773223460007082,"09b_or_to_cor_CAT",1000
0.5,50,0.5,0.3,"CAT","digby (r)","population",1000,1000,1000,1000,0,0.267134819852753,0.00399962077513512,0.126479114263551,0.00282957411320296,0.14035511872709,1.10970984849423,0.0248262828115846,0.295536768196971,0.877,0.0103860964755773,0.601971422047559,"09b_or_to_cor_CAT",1000
0,100,0.5,0.3,"CAT","digby (r)","population",1000,1000,1000,1000,0,-0.00369750868179508,0.00544519472982967,0.17219217649407,0.00385226073048256,0.16273660761653,0.945087116789737,0.0211433647046065,0.172145772735118,0.951,0.00682634602111555,0.616859064096978,"09b_or_to_cor_CAT",1000
0.1,100,0.5,0.3,"CAT","digby (r)","population",1000,1000,1000,1000,0,0.0593718338460604,0.00514512405863089,0.162703108694033,0.00363997255340486,0.160403608037317,0.985866891695106,0.02205568446654,0.17312089397692,0.939,0.00756828910652864,0.608634807772606,"09b_or_to_cor_CAT",1000
0.25,100,0.5,0.3,"CAT","digby (r)","population",1000,1000,1000,1000,0,0.161439138084759,0.00448682425656978,0.141885841116522,0.00317425138048296,0.14512174580589,1.02280639607098,0.0228820902011557,0.214881492043832,0.839,0.0116223491601311,0.555621407109764,"09b_or_to_cor_CAT",1000
0.5,100,0.5,0.3,"CAT","digby (r)","population",1000,1000,1000,1000,0,0.271355464290993,0.00311600434460295,0.0985367092792551,0.0022044503031212,0.0969969357846218,0.98437360547256,0.0220222768635257,0.288675529952037,0.463,0.0157680372906713,0.400557346190985,"09b_or_to_cor_CAT",1000
0,300,0.5,0.3,"CAT","digby (r)","population",1000,1000,1000,1000,0,0.00469579806942417,0.00304079261594503,0.0961583055860792,0.00215124096844059,0.0943482831330425,0.981176639480024,0.0219507547607189,0.0962248607843182,0.949,0.00695693898205238,0.365576529279352,"09b_or_to_cor_CAT",1000
0.1,300,0.5,0.3,"CAT","digby (r)","population",1000,1000,1000,1000,0,0.0644130301283362,0.00289838960086815,0.091655126852897,0.00205049644595771,0.0926718418704375,1.01109283301928,0.0226200359088131,0.111987946076603,0.904,0.00931579304192617,0.359278584847495,"09b_or_to_cor_CAT",1000
0.25,300,0.5,0.3,"CAT","digby (r)","population",1000,1000,1000,1000,0,0.148511972553202,0.00264993796715142,0.0837983963435494,0.0018747267041066,0.0844518533999434,1.00779796612951,0.0225463235800066,0.170502067583252,0.62,0.0153492670834799,0.328274037282087,"09b_or_to_cor_CAT",1000
0.5,300,0.5,0.3,"CAT","digby (r)","population",1000,1000,1000,1000,0,0.267493351724871,0.00172540184091597,0.0545619969634197,0.00122065382155228,0.0555452883519081,1.01802154325744,0.0227750441031852,0.272995838279871,0.021,0.00453420334788814,0.220386473540098,"09b_or_to_cor_CAT",1000
0,25,0.3,0.5,"CAT","digby (r)","population",1000,1000,1000,1000,0,-0.00279423300213037,0.0102263467291498,0.323385478067265,0.00723473739243757,0.327807733756712,1.0136748740725,0.0226778009917358,0.323235822574539,0.976,0.00483983470792134,1.13267190015002,"09b_or_to_cor_CAT",1000
0.1,25,0.3,0.5,"CAT","digby (r)","population",1000,1000,1000,1000,0,0.0467261861015306,0.0107290271822198,0.339281629736728,0.00759036400735626,0.324563822377986,0.956620677134323,0.0214013920000547,0.342316007104734,0.973,0.00512552436341883,1.12998736524282,"09b_or_to_cor_CAT",1000
0.25,25,0.3,0.5,"CAT","digby (r)","population",1000,1000,1000,1000,0,0.145583568489992,0.00936245823864288,0.296066925323198,0.00662357032264208,0.297106742157629,1.00351210062825,0.0224504407605732,0.329791667663605,0.966,0.00573096850453743,1.06728286476646,"09b_or_to_cor_CAT",1000
0.5,25,0.3,0.5,"CAT","digby (r)","population",1000,1000,1000,1000,0,0.231014515258939,0.00504238348126194,0.159454166367967,0.00356728764289885,0.21436478809128,1.34436617727879,0.0300759833435197,0.280656216395173,0.983,0.00408790900094413,0.895945816456048,"09b_or_to_cor_CAT",1000
0,50,0.3,0.5,"CAT","digby (r)","population",1000,1000,1000,1000,0,-2.27940196985502e-06,0.00762721241744307,0.241193634370391,0.00539595227289217,0.230296179615729,0.954818646921972,0.0213610772170981,0.241073007399693,0.956,0.00648567652600714,0.845866355763746,"09b_or_to_cor_CAT",1000
0.1,50,0.3,0.5,"CAT","digby (r)","population",1000,1000,1000,1000,0,0.0639896276023351,0.00757749782066628,0.239621520782675,0.00536078115442953,0.227435142223689,0.949143221697356,0.0212341073502509,0.247902656681338,0.947,0.00708456067798138,0.837829638205498,"09b_or_to_cor_CAT",1000
0.25,50,0.3,0.5,"CAT","digby (r)","population",1000,1000,1000,1000,0,0.161146615715307,0.00637658921923626,0.201645456360613,0.0045111856347607,0.206250709631905,1.02283836866155,0.0228828054877479,0.25804740056297,0.927,0.00822623850857729,0.773771896369146,"09b_or_to_cor_CAT",1000
0.5,50,0.3,0.5,"CAT","digby (r)","population",1000,1000,1000,1000,0,0.261503138528474,0.00412413429700652,0.130416577549579,0.00291766252408965,0.141310758650122,1.08353371408171,0.0242406737744828,0.292190634135128,0.877,0.0103860964755773,0.603726794585441,"09b_or_to_cor_CAT",1000
0,100,0.3,0.5,"CAT","digby (r)","population",1000,1000,1000,1000,0,0.00928514904543014,0.00534500790804759,0.169023991010422,0.00378138250143619,0.163394221448225,0.966692482359797,0.0216267171021885,0.169194427864366,0.951,0.00682634602111555,0.619048756805804,"09b_or_to_cor_CAT",1000
0.1,100,0.3,0.5,"CAT","digby (r)","population",1000,1000,1000,1000,0,0.0522148019375398,0.00523112112553282,0.165422574729073,0.00370081208995039,0.160647475777577,0.971133934051526,0.0217260806754166,0.173388722652721,0.935,0.0077958322198467,0.609370673615971,"09b_or_to_cor_CAT",1000
0.25,100,0.3,0.5,"CAT","digby (r)","population",1000,1000,1000,1000,0,0.147182459822323,0.0046299731007188,0.146412605035836,0.00327552354764868,0.146449342359775,1.00025091640115,0.022377481975867,0.207552139815074,0.853,0.0111978122863352,0.559963141766089,"09b_or_to_cor_CAT",1000
0.5,100,0.3,0.5,"CAT","digby (r)","population",1000,1000,1000,1000,0,0.268030580714999,0.00319353913843995,0.10098857474362,0.00225930311488716,0.0975400927001387,0.965852750647922,0.0216079307347491,0.286406853505531,0.495,0.0158105977116616,0.40095125187605,"09b_or_to_cor_CAT",1000
0,300,0.3,0.5,"CAT","digby (r)","population",1000,1000,1000,1000,0,-0.000109354564741806,0.00289526333935951,0.0915562657836108,0.00204828473911517,0.0943138449747121,1.03011895655092,0.0230456858426635,0.0915105415395176,0.956,0.00648567652600714,0.365435945727216,"09b_or_to_cor_CAT",1000
0.1,300,0.3,0.5,"CAT","digby (r)","population",1000,1000,1000,1000,0,0.0615389996411546,0.00309955733070684,0.0980166090330538,0.00219281468880266,0.092672274286405,0.945475212830036,0.0211520471381882,0.115692250680528,0.886,0.0100500746265886,0.359257428905294,"09b_or_to_cor_CAT",1000
0.25,300,0.3,0.5,"CAT","digby (r)","population",1000,1000,1000,1000,0,0.151681132236117,0.00269920466871798,0.0853563462410907,0.00190958095435509,0.0840943341473039,0.985214783090384,0.0220410955785828,0.174027543837795,0.583,0.0155920171882922,0.326916481300728,"09b_or_to_cor_CAT",1000
0.5,300,0.3,0.5,"CAT","digby (r)","population",1000,1000,1000,1000,0,0.26595439725006,0.00177438663850045,0.0561110322743124,0.00125530863584048,0.055892781559997,0.996110377844264,0.0222848503917236,0.271803312915035,0.024,0.00483983470792134,0.221585253158925,"09b_or_to_cor_CAT",1000
0,25,0.5,0.5,"CAT","digby (r)","population",1000,1000,1000,1000,0,0.00362972879158404,0.0103975353642059,0.328798938030391,0.00735584660690125,0.289447306625137,0.880317036177239,0.0196943369779472,0.328654541790256,0.944,0.00727076337120113,1.03338141505452,"09b_or_to_cor_CAT",1000
0.1,25,0.5,0.5,"CAT","digby (r)","population",1000,1000,1000,1000,0,0.0579122675027556,0.00949957207016281,0.300402845386353,0.00672057295615244,0.288685277451345,0.960993818417605,0.0214992273418074,0.305786622294063,0.951,0.00682634602111555,1.02860682251592,"09b_or_to_cor_CAT",1000
0.25,25,0.5,0.5,"CAT","digby (r)","population",1000,1000,1000,1000,0,0.118429677770086,0.008769003370867,0.277300234616339,0.00620372438583419,0.266539545866285,0.961194808345754,0.0215037238620512,0.301403572100407,0.947,0.00708456067798138,0.967922430308704,"09b_or_to_cor_CAT",1000
0.5,25,0.5,0.5,"CAT","digby (r)","population",1000,1000,1000,1000,0,0.179725933816464,0.00609487074784065,0.192736736075102,0.0043118809159664,0.195861669375103,1.01621348043781,0.0227345943595319,0.263461027990196,0.928,0.00817410545564467,0.77312415149316,"09b_or_to_cor_CAT",1000
0.75,25,0.5,0.5,"CAT","digby (r)","population",1000,1000,1000,1000,0,0.139384674133702,0.00269560915952766,0.0852426462571957,0.00190703727326613,0.103712882455731,1.21667835302539,0.0272193681293605,0.163361959511836,0.998,0.00141279864099595,0.513651672719696,"09b_or_to_cor_CAT",1000
0,50,0.5,0.5,"CAT","digby (r)","population",1000,1000,1000,1000,0,0.00684714169116031,0.00680727364755516,0.215264893823166,0.00481587789881406,0.209455607637953,0.97301331358756,0.0217681259072718,0.215266158249561,0.957,0.00641490451994416,0.77872235327552,"09b_or_to_cor_CAT",1000
0.1,50,0.5,0.5,"CAT","digby (r)","population",1000,1000,1000,1000,0,0.0533287407673333,0.00662561263452904,0.209520268191006,0.00468735988954866,0.205846114667309,0.982463970882537,0.021979554769581,0.216099048197528,0.94,0.00750999334220744,0.766646079697838,"09b_or_to_cor_CAT",1000
0.25,50,0.5,0.5,"CAT","digby (r)","population",1000,1000,1000,1000,0,0.108941427394866,0.00606899714870442,0.191918541029736,0.00429357636399828,0.189693254982508,0.988405049166754,0.0221124677917461,0.220599474766878,0.93,0.00806845710157772,0.713133453831089,"09b_or_to_cor_CAT",1000
0.5,50,0.5,0.5,"CAT","digby (r)","population",1000,1000,1000,1000,0,0.167782589661267,0.00438141689415879,0.138552567642827,0.00309967982463112,0.137953409457658,0.995675589450544,0.0222751233629509,0.217551406752199,0.843,0.0115043904662524,0.53870238489369,"09b_or_to_cor_CAT",1000
0.75,50,0.5,0.5,"CAT","digby (r)","population",1000,1000,1000,1000,0,0.148742657768702,0.00215634352223732,0.0681895694801989,0.0015255280819691,0.0671151105453756,0.984243060294796,0.0220193563239745,0.163614014707195,0.76,0.0135055544129073,0.295961825704493,"09b_or_to_cor_CAT",1000
0,100,0.5,0.5,"CAT","digby (r)","population",1000,1000,1000,1000,0,-0.00311643114862258,0.00482240007058195,0.152497680115957,0.0034116580471972,0.148846139877792,0.976055109589937,0.0218361765674625,0.15245326838547,0.948,0.00702111102319284,0.567594518031693,"09b_or_to_cor_CAT",1000
0.1,100,0.5,0.5,"CAT","digby (r)","population",1000,1000,1000,1000,0,0.0403389547499414,0.00474312633085115,0.14999082435407,0.00335557499972591,0.146720232769012,0.978194722249561,0.0218840437005398,0.155248128534102,0.943,0.00733150734842434,0.559917673602934,"09b_or_to_cor_CAT",1000
0.25,100,0.5,0.5,"CAT","digby (r)","population",1000,1000,1000,1000,0,0.114797521404988,0.00422196839704682,0.133510363439181,0.00298687629520104,0.133966020562039,1.00341289703002,0.0224482213907181,0.17602744970386,0.878,0.0103496859855746,0.513907250335109,"09b_or_to_cor_CAT",1000
0.5,100,0.5,0.5,"CAT","digby (r)","population",1000,1000,1000,1000,0,0.17707169326927,0.00301161302027476,0.095235565750871,0.00213059755418101,0.0949561099412023,0.997065636062899,0.0223062213029812,0.201035140530582,0.642,0.0151603430040352,0.371631945796861,"09b_or_to_cor_CAT",1000
0.75,100,0.5,0.5,"CAT","digby (r)","population",1000,1000,1000,1000,0,0.149077768510489,0.00144608367076487,0.0457291808679404,0.00102304722131652,0.0456115574116333,0.997427824988888,0.0223143241460082,0.155927059514816,0.354,0.0151223014121528,0.188859301082932,"09b_or_to_cor_CAT",1000
0,300,0.5,0.5,"CAT","digby (r)","population",1000,1000,1000,1000,0,-0.0022569285035747,0.00271841007559862,0.0859636745324214,0.00192316802302941,0.0863992512857658,1.00506698620916,0.0224852264563329,0.0859503188594854,0.949,0.00695693898205238,0.335487858045487,"09b_or_to_cor_CAT",1000
0.1,300,0.5,0.5,"CAT","digby (r)","population",1000,1000,1000,1000,0,0.0528017305259245,0.00265350806152355,0.0839112926403261,0.00187725240521303,0.0848700656327758,1.01142603054108,0.0226274901599576,0.0991064411331081,0.904,0.00931579304192617,0.329666257459436,"09b_or_to_cor_CAT",1000
0.25,300,0.5,0.5,"CAT","digby (r)","population",1000,1000,1000,1000,0,0.116889447822499,0.00239971162669593,0.0758855446794686,0.00169770142716132,0.0773675114841034,1.01952897367864,0.022808768138352,0.139341308619006,0.694,0.0145727142289966,0.301084116937605,"09b_or_to_cor_CAT",1000
0.5,300,0.5,0.5,"CAT","digby (r)","population",1000,1000,1000,1000,0,0.175219076490965,0.00174437464362631,0.0551619696650365,0.00123407633194072,0.0545484941741408,0.988878651458225,0.0221230631599355,0.183688662744264,0.182,0.0122014753206323,0.213695288628009,"09b_or_to_cor_CAT",1000
0.75,300,0.5,0.5,"CAT","digby (r)","population",1000,1000,1000,1000,0,0.147064086798134,0.000833522230182137,0.026358287277587,0.000589684137047443,0.0259200687687484,0.983374545385912,0.0219999260226364,0.149405187910824,0.016,0.00396787096564392,0.103288862576778,"09b_or_to_cor_CAT",1000
0,25,0.3,0.1,"CAT","digby (z)","population",1000,1000,1000,1000,0,0.0851680655847331,0.0137882041181225,0.436021298565803,0.00975461115782402,0.575635626855254,1.32020070750828,0.0295353566314008,0.444047359665218,0.986,0.00371537346709587,2.22893200991145,"09b_or_to_cor_CAT",1000
0.1,25,0.3,0.1,"CAT","digby (z)","population",1000,1000,1000,1000,0,0.192052544093926,0.0143808261526953,0.454761652774337,0.0101738678979545,0.569238078930266,1.25172840642466,0.0280035033151771,0.493442531979319,0.989,0.00329833291224522,2.20154287117008,"09b_or_to_cor_CAT",1000
0.25,25,0.3,0.1,"CAT","digby (z)","population",1000,1000,1000,1000,0,0.329690464817972,0.0138497968024353,0.437969030262127,0.00979818555522137,0.57447985430194,1.31169058679357,0.0293449693297913,0.548015380431216,0.98,0.00442718872423573,2.22026299851689,"09b_or_to_cor_CAT",1000
0.5,25,0.3,0.1,"CAT","digby (z)","population",1000,1000,1000,1000,0,0.579544332740046,0.00995287984791425,0.314737695973993,0.00704127034856853,0.62108724574797,1.97334877166824,0.0441474992384765,0.659418221662744,0.98,0.00442718872423573,2.42648546777534,"09b_or_to_cor_CAT",1000
0,50,0.3,0.1,"CAT","digby (z)","population",1000,1000,1000,1000,0,-0.0145724307488469,0.0125496854650447,0.396855899882507,0.00887840800845185,0.453713156315154,1.14326927343018,0.0255770698534267,0.3969250135784,0.987,0.00358203852575597,1.73478347600009,"09b_or_to_cor_CAT",1000
0.1,50,0.3,0.1,"CAT","digby (z)","population",1000,1000,1000,1000,0,0.14076468274129,0.0125125581852178,0.395681832206714,0.00885214192079052,0.436169213417518,1.10232307352856,0.024661026853361,0.419788332536029,0.968,0.00556560868189635,1.66242683976509,"09b_or_to_cor_CAT",1000
0.25,50,0.3,0.1,"CAT","digby (z)","population",1000,1000,1000,1000,0,0.386983005417898,0.0124766936532559,0.394547696124558,0.00882676917749134,0.448251546802517,1.13611497723967,0.0254170148797916,0.552510690498336,0.925,0.00832916562447884,1.71213162621801,"09b_or_to_cor_CAT",1000
0.5,50,0.3,0.1,"CAT","digby (z)","population",1000,1000,1000,1000,0,0.815733732095318,0.00716548347337628,0.226592483121635,0.00506929723710224,0.570048964551812,2.51574525641175,0.05628192207389,0.846589824491162,0.928,0.00817410545564467,2.23071323646671,"09b_or_to_cor_CAT",1000
0,100,0.3,0.1,"CAT","digby (z)","population",1000,1000,1000,1000,0,-0.0338361782877163,0.0099990535688545,0.316197837236155,0.00707393643688746,0.322662685431968,1.02044558005938,0.0228292743357746,0.317845840245971,0.975,0.00493710441453288,1.22323310603422,"09b_or_to_cor_CAT",1000
0.1,100,0.3,0.1,"CAT","digby (z)","population",1000,1000,1000,1000,0,0.137398072355155,0.00895845566367931,0.28329124214862,0.00633775441857162,0.286299937511947,1.01062050256304,0.0226094689939542,0.314725124890184,0.935,0.0077958322198467,1.09745781833626,"09b_or_to_cor_CAT",1000
0.25,100,0.3,0.1,"CAT","digby (z)","population",1000,1000,1000,1000,0,0.397435844295377,0.00993469542293105,0.314162653965119,0.00702840558435993,0.309408132585958,0.984866051648235,0.0220332938046147,0.506512315056643,0.762,0.0134668481835951,1.17417871216982,"09b_or_to_cor_CAT",1000
0.5,100,0.3,0.1,"CAT","digby (z)","population",1000,1000,1000,1000,0,1.0448449238406,0.00558632962918707,0.17665525388715,0.00395210811105771,0.534583785870745,3.02614144842953,0.0677004385682538,1.05965880665556,0.459,0.0157581407532742,2.084812050166,"09b_or_to_cor_CAT",1000
0,300,0.3,0.1,"CAT","digby (z)","population",1000,1000,1000,1000,0,-0.00824976754799913,0.00540211029738821,0.170829727111963,0.00382178019205844,0.165268676009921,0.967446818559882,0.021643593012467,0.17094347467534,0.956,0.00648567652600714,0.641490009538988,"09b_or_to_cor_CAT",1000
0.1,300,0.3,0.1,"CAT","digby (z)","population",1000,1000,1000,1000,0,0.147922053844581,0.00475965387738685,0.150513471265942,0.00336726758771398,0.151294331914551,1.00518797847157,0.0224879332793179,0.210980057685769,0.819,0.0121753439376471,0.590859391433826,"09b_or_to_cor_CAT",1000
0.25,300,0.3,0.1,"CAT","digby (z)","population",1000,1000,1000,1000,0,0.366319253680289,0.00493502138444301,0.156059078764774,0.00349133318947,0.15762837806768,1.01005580268273,0.0225968356024858,0.398145547816033,0.325,0.0148113132435986,0.614294488957546,"09b_or_to_cor_CAT",1000
0.5,300,0.3,0.1,"CAT","digby (z)","population",1000,1000,1000,1000,0,1.39326139243209,0.00580013013872465,0.183416219637583,0.00410336354780764,0.488639096100455,2.66409970211997,0.0596008882257232,1.40527049914182,0,0,1.88601849016117,"09b_or_to_cor_CAT",1000
0,25,0.5,0.1,"CAT","digby (z)","population",1000,1000,1000,1000,0,0.013450367855199,0.0138441413412703,0.437790188877126,0.00979418453927249,0.56007055902831,1.27931272389821,0.0286206160385545,0.437777913585225,0.99,0.00314642654451046,2.15824068466065,"09b_or_to_cor_CAT",1000
0.1,25,0.5,0.1,"CAT","digby (z)","population",1000,1000,1000,1000,0,0.090413918675675,0.0134503205247623,0.4253364811756,0.00951557182814765,0.567591925671058,1.33445389895142,0.0298542271561737,0.434631899182416,0.998,0.00141279864099595,2.19417073811672,"09b_or_to_cor_CAT",1000
0.25,25,0.5,0.1,"CAT","digby (z)","population",1000,1000,1000,1000,0,0.255506753684485,0.0114834228287809,0.363137714737213,0.00812406920408211,0.591641983523109,1.62924961939372,0.0364493582503747,0.443870287407352,1,0,2.30070241845984,"09b_or_to_cor_CAT",1000
0,50,0.5,0.1,"CAT","digby (z)","population",1000,1000,1000,1000,0,-0.00614088121498245,0.0124549004736351,0.393858535273968,0.00881135136156168,0.429896513674168,1.0914998030324,0.0244188900690038,0.393709450844711,0.993,0.00263647491928143,1.63815007485939,"09b_or_to_cor_CAT",1000
0.1,50,0.5,0.1,"CAT","digby (z)","population",1000,1000,1000,1000,0,0.170228138942727,0.0123322972011795,0.389981479378469,0.00872461437687276,0.446562061473001,1.14508530555017,0.0256176978852199,0.425336440940422,0.997,0.00172945077987204,1.70504653164249,"09b_or_to_cor_CAT",1000
0.25,50,0.5,0.1,"CAT","digby (z)","population",1000,1000,1000,1000,0,0.444307605330777,0.0102865965505133,0.325290744708533,0.00727736176720705,0.504110061208567,1.54972150117661,0.0346701656470017,0.550561079880523,0.996,0.00199599599197994,1.94448550196022,"09b_or_to_cor_CAT",1000
0,100,0.5,0.1,"CAT","digby (z)","population",1000,1000,1000,1000,0,0.0183816469816241,0.00942248448007167,0.297965121746139,0.00666603652341684,0.285676431495059,0.958757957377474,0.0214492069526174,0.298382833804445,0.971,0.00530650544143696,1.09205294025083,"09b_or_to_cor_CAT",1000
0.1,100,0.5,0.1,"CAT","digby (z)","population",1000,1000,1000,1000,0,0.176899947370897,0.00934696928293981,0.295577121537206,0.00661261249674758,0.302561121896964,1.02362835230087,0.0229004788978494,0.344342939990455,0.976,0.00483983470792134,1.15328582210024,"09b_or_to_cor_CAT",1000
0.25,100,0.5,0.1,"CAT","digby (z)","population",1000,1000,1000,1000,0,0.570993292330053,0.00947706865220407,0.29969122482747,0.00670465267458213,0.422295688675411,1.40910261526184,0.0315242584216967,0.644793265546612,0.926,0.00827792244467173,1.60101326217484,"09b_or_to_cor_CAT",1000
0,300,0.5,0.1,"CAT","digby (z)","population",1000,1000,1000,1000,0,-0.00261419608567447,0.00486992944246208,0.154000690824941,0.0034452832051434,0.149454876564033,0.970481857993252,0.0217114925155843,0.153945869002578,0.958,0.00634318531969546,0.583405563514032,"09b_or_to_cor_CAT",1000
0.1,300,0.5,0.1,"CAT","digby (z)","population",1000,1000,1000,1000,0,0.166959250606852,0.00494520829079715,0.156381217028673,0.00349854002435108,0.15652149660272,1.00089703595299,0.0223919368775207,0.228705096833305,0.836,0.0117091417277271,0.609823837898613,"09b_or_to_cor_CAT",1000
0.25,300,0.5,0.1,"CAT","digby (z)","population",1000,1000,1000,1000,0,0.593336746509463,0.00781441837721315,0.247113606614704,0.00552839311350783,0.249844714422593,1.01105203329474,0.0226191231427406,0.642691655615652,0.159,0.0115636931816786,0.932568999099237,"09b_or_to_cor_CAT",1000
0,25,0.3,0.3,"CAT","digby (z)","population",1000,1000,1000,1000,0,0.0116715879751486,0.0134806751763172,0.426296379540544,0.00953704654814839,0.419995249050518,0.98521889747969,0.0220411876251593,0.426243006478731,0.965,0.00581162627841812,1.61541035428897,"09b_or_to_cor_CAT",1000
0.1,25,0.3,0.3,"CAT","digby (z)","population",1000,1000,1000,1000,0,0.0775977655897541,0.0135188073388974,0.427502224399155,0.00956402355076525,0.406090501999374,0.949914360258885,0.0212513591607502,0.434277338735147,0.962,0.00604615580348373,1.56421744480838,"09b_or_to_cor_CAT",1000
0.25,25,0.3,0.3,"CAT","digby (z)","population",1000,1000,1000,1000,0,0.223141464477894,0.0130935879733318,0.414055607395164,0.00926319760328617,0.407274752842589,0.983623323941358,0.0220054916637663,0.47017307147337,0.951,0.00682634602111555,1.57238173708892,"09b_or_to_cor_CAT",1000
0.5,25,0.3,0.3,"CAT","digby (z)","population",1000,1000,1000,1000,0,0.455207039950703,0.0131224266644151,0.414967566880777,0.00928359984098214,0.44945651706577,1.08311239946832,0.0242312481793519,0.6158241085749,0.93,0.00806845710157772,1.73029019496781,"09b_or_to_cor_CAT",1000
0.75,25,0.3,0.3,"CAT","digby (z)","population",1000,1000,1000,1000,0,0.791015061245533,0.012580986051962,0.397845711350094,0.00890055194045155,0.560261934751621,1.40823922130608,0.0315049426856487,0.885340474589803,0.925,0.00832916562447884,2.16063395077087,"09b_or_to_cor_CAT",1000
0,50,0.3,0.3,"CAT","digby (z)","population",1000,1000,1000,1000,0,-0.0157573995379747,0.00869788379729948,0.275051236229407,0.00615341008964897,0.277709405302712,1.00966426877314,0.0225880762573444,0.27536489429296,0.979,0.00453420334788814,1.07490045668205,"09b_or_to_cor_CAT",1000
0.1,50,0.3,0.3,"CAT","digby (z)","population",1000,1000,1000,1000,0,0.0712671524839879,0.00869480056485555,0.274953735858621,0.00615122882417437,0.266753856934564,0.970177241278609,0.0217046776704992,0.283906611985219,0.952,0.00675988165576884,1.03483544450362,"09b_or_to_cor_CAT",1000
0.25,50,0.3,0.3,"CAT","digby (z)","population",1000,1000,1000,1000,0,0.190576633642608,0.00814360852357248,0.257523513072501,0.00576128217195322,0.262714261101107,1.0201564042315,0.022822804932178,0.32026784839563,0.914,0.00886588969026797,1.02385798952065,"09b_or_to_cor_CAT",1000
0.5,50,0.3,0.3,"CAT","digby (z)","population",1000,1000,1000,1000,0,0.447167737995877,0.0102037056917822,0.322669505600558,0.00721871975055767,0.30045238298026,0.931145886937947,0.0208314733435345,0.551335179486139,0.702,0.0144636095080032,1.16061039742287,"09b_or_to_cor_CAT",1000
0.75,50,0.3,0.3,"CAT","digby (z)","population",1000,1000,1000,1000,0,0.890121700706325,0.0115533708231518,0.365349664536942,0.00817355465414603,0.42356431184246,1.15933953950472,0.0259365917329209,0.962114098778413,0.338,0.0149584758581882,1.61754247827687,"09b_or_to_cor_CAT",1000
0,100,0.3,0.3,"CAT","digby (z)","population",1000,1000,1000,1000,0,-0.0113433027752535,0.00618356061933731,0.195541356068273,0.00437462550566611,0.186651453982281,0.954536972307341,0.0213547756296578,0.195772459832677,0.953,0.00669260786241059,0.72724288364947,"09b_or_to_cor_CAT",1000
0.1,100,0.3,0.3,"CAT","digby (z)","population",1000,1000,1000,1000,0,0.0776172396435066,0.0057333010151794,0.181302897193225,0.00405608457596929,0.179856352602547,0.992021392856527,0.0221933721572503,0.197135247178185,0.92,0.00857904423581089,0.703228765918456,"09b_or_to_cor_CAT",1000
0.25,100,0.3,0.3,"CAT","digby (z)","population",1000,1000,1000,1000,0,0.180502661066247,0.00550755728027417,0.174164253495087,0.00389637977783527,0.179074487393137,1.02819312114577,0.023002601306213,0.250766952887141,0.836,0.0117091417277271,0.700893090919718,"09b_or_to_cor_CAT",1000
0.5,100,0.3,0.3,"CAT","digby (z)","population",1000,1000,1000,1000,0,0.425089134656548,0.00680150604584188,0.215082506242659,0.00481179754784563,0.200896421838696,0.934043522870433,0.0208962988735977,0.476355955573335,0.445,0.0157154382694216,0.783889884718502,"09b_or_to_cor_CAT",1000
0.75,100,0.3,0.3,"CAT","digby (z)","population",1000,1000,1000,1000,0,0.847989173463945,0.00910373104950193,0.287885253220212,0.0064405310301856,0.279963379450373,0.972482530170523,0.02175625129046,0.895477905598295,0.046,0.00662449998113065,1.07432177839696,"09b_or_to_cor_CAT",1000
0,300,0.3,0.3,"CAT","digby (z)","population",1000,1000,1000,1000,0,0.00557094788632404,0.00317355903567446,0.100356748417388,0.00224516797939736,0.103842459080608,1.03473319650337,0.0231489150121399,0.100461141424484,0.959,0.00627048642451286,0.406689805750311,"09b_or_to_cor_CAT",1000
0.1,300,0.3,0.3,"CAT","digby (z)","population",1000,1000,1000,1000,0,0.075054225206428,0.00320146197577001,0.10123911685856,0.0022649082101381,0.101354088467884,1.0011356441353,0.0223972749884,0.125985102868776,0.887,0.0100115433375679,0.397067072615556,"09b_or_to_cor_CAT",1000
0.25,300,0.3,0.3,"CAT","digby (z)","population",1000,1000,1000,1000,0,0.177025512136332,0.00324695404571866,0.102677702423695,0.00229709205723755,0.101536811329445,0.98888861878169,0.0221232861475855,0.204622090233592,0.593,0.0155354755318271,0.397839605643307,"09b_or_to_cor_CAT",1000
0.5,300,0.3,0.3,"CAT","digby (z)","population",1000,1000,1000,1000,0,0.389299734625822,0.00357335767356556,0.112999491429076,0.00252800976362432,0.111388073605342,0.985739601095944,0.0220528367379933,0.405352191998393,0.052,0.00702111102319284,0.436259558914848,"09b_or_to_cor_CAT",1000
0.75,300,0.3,0.3,"CAT","digby (z)","population",1000,1000,1000,1000,0,0.802090464157896,0.00461589152196238,0.145967306416623,0.00326556138549324,0.147946364006157,1.01355822504449,0.0226751913350197,0.815251041570025,0,0,0.578079274997515,"09b_or_to_cor_CAT",1000
0,25,0.5,0.3,"CAT","digby (z)","population",1000,1000,1000,1000,0,-0.00303097637414446,0.0122428544431377,0.387153051022274,0.00866133714960612,0.373262981203132,0.964122535564511,0.021569222590414,0.386971296414502,0.975,0.00493710441453288,1.44124532824206,"09b_or_to_cor_CAT",1000
0.1,25,0.5,0.3,"CAT","digby (z)","population",1000,1000,1000,1000,0,0.0916014689716459,0.0124301220879301,0.39307497391827,0.00879382162994473,0.378546063050534,0.963037812550344,0.0215449553097744,0.40341573631118,0.966,0.00573096850453743,1.4612893092828,"09b_or_to_cor_CAT",1000
0.25,25,0.5,0.3,"CAT","digby (z)","population",1000,1000,1000,1000,0,0.21734727995004,0.0118840391169559,0.375806314121167,0.0084074894436695,0.402690728749272,1.07153795350931,0.0239723061963139,0.433968887651276,0.969,0.00548078461536303,1.55028037787264,"09b_or_to_cor_CAT",1000
0.5,25,0.5,0.3,"CAT","digby (z)","population",1000,1000,1000,1000,0,0.50082618548593,0.0107971560823824,0.341436054726691,0.00763856251994019,0.496720773909437,1.4547988328504,0.0325465681928615,0.606043619681164,0.974,0.00503229569878401,1.91674041516594,"09b_or_to_cor_CAT",1000
0,50,0.5,0.3,"CAT","digby (z)","population",1000,1000,1000,1000,0,0.00176207489408837,0.00845039679215316,0.267225009953845,0.00597832278450503,0.247188394917444,0.925019686443789,0.0206944187916309,0.267097176411171,0.944,0.00727076337120113,0.962579069139435,"09b_or_to_cor_CAT",1000
0.1,50,0.5,0.3,"CAT","digby (z)","population",1000,1000,1000,1000,0,0.072262461434056,0.00786915495861929,0.24884452930045,0.00556711708822936,0.247658337480672,0.995233201135211,0.0222652263097311,0.259004902454583,0.962,0.00604615580348373,0.965618577335937,"09b_or_to_cor_CAT",1000
0.25,50,0.5,0.3,"CAT","digby (z)","population",1000,1000,1000,1000,0,0.223165748317093,0.00888110031401085,0.280845051207109,0.0062830285564848,0.271749153943141,0.96761239970271,0.0216472973720215,0.358605660951782,0.906,0.00922843432007835,1.04871064493771,"09b_or_to_cor_CAT",1000
0.5,50,0.5,0.3,"CAT","digby (z)","population",1000,1000,1000,1000,0,0.58514877064589,0.00986093856880321,0.311830257444192,0.00697622551608724,0.389759247730964,1.24990836657575,0.0279627856229994,0.662978095517981,0.801,0.0126253316788115,1.47657309696861,"09b_or_to_cor_CAT",1000
0,100,0.5,0.3,"CAT","digby (z)","population",1000,1000,1000,1000,0,-0.00399091857666874,0.00562244359537768,0.177797277772196,0.00397765731924598,0.167894337975342,0.944302073007314,0.0211258018083338,0.177753164647794,0.951,0.00682634602111555,0.657180522212658,"09b_or_to_cor_CAT",1000
0.1,100,0.5,0.3,"CAT","digby (z)","population",1000,1000,1000,1000,0,0.0654266503338593,0.00544177697448602,0.172084097580358,0.00384984280323661,0.169478417489135,0.984858100615564,0.0220331159251573,0.184021657087733,0.938,0.00762600813007697,0.663096024185306,"09b_or_to_cor_CAT",1000
0.25,100,0.5,0.3,"CAT","digby (z)","population",1000,1000,1000,1000,0,0.200405591401464,0.00565238286941625,0.178744040746734,0.00399883817601977,0.180527412754133,1.00997723896108,0.0225950779852356,0.268476970586563,0.828,0.0119338174948337,0.70458904498082,"09b_or_to_cor_CAT",1000
0.5,100,0.5,0.3,"CAT","digby (z)","population",1000,1000,1000,1000,0,0.576689213019344,0.008665386364016,0.274023577156555,0.00613041943600097,0.274947511075371,1.00337173147071,0.0224473004402383,0.638423276776236,0.357,0.0151509405648626,1.03291073872585,"09b_or_to_cor_CAT",1000
0,300,0.5,0.3,"CAT","digby (z)","population",1000,1000,1000,1000,0,0.00477890784662263,0.00306904955008011,0.0970518683016815,0.00217123163601692,0.0952357940619757,0.981287591145999,0.0219532369568007,0.097120976292007,0.949,0.00695693898205238,0.37318276575959,"09b_or_to_cor_CAT",1000
0.1,300,0.5,0.3,"CAT","digby (z)","population",1000,1000,1000,1000,0,0.0673784841363544,0.00300198039079144,0.0949309552606331,0.00212378284834752,0.0961060540402098,1.01237845733618,0.0226487977269804,0.116373255110195,0.904,0.00931579304192617,0.376566934086457,"09b_or_to_cor_CAT",1000
0.25,300,0.5,0.3,"CAT","digby (z)","population",1000,1000,1000,1000,0,0.175910831730983,0.0031860363426833,0.10075131550952,0.00225399518249976,0.101406299146468,1.00650099339782,0.0225173078765959,0.202695084966578,0.595,0.0155233694795943,0.397113068656845,"09b_or_to_cor_CAT",1000
0.5,300,0.5,0.3,"CAT","digby (z)","population",1000,1000,1000,1000,0,0.52894914243779,0.00447507361851803,0.141514253314484,0.00316593826703692,0.139846683215664,0.988216239284996,0.0221082437618986,0.547533974190587,0.006,0.00244213021765835,0.542994482056191,"09b_or_to_cor_CAT",1000
0,25,0.3,0.5,"CAT","digby (z)","population",1000,1000,1000,1000,0,-0.00229668774483404,0.0115864442156879,0.366395537040571,0.00819695277627245,0.371660803946345,1.0143704449795,0.0226933622126044,0.3662194951778,0.976,0.00483983470792134,1.43590998835094,"09b_or_to_cor_CAT",1000
0.1,25,0.3,0.5,"CAT","digby (z)","population",1000,1000,1000,1000,0,0.068869761385813,0.0125390322456092,0.39651901550421,0.00887087127543847,0.385048154824394,0.971071095631493,0.0217246748625464,0.40226004817793,0.973,0.00512552436341883,1.48353650951062,"09b_or_to_cor_CAT",1000
0.25,25,0.3,0.5,"CAT","digby (z)","population",1000,1000,1000,1000,0,0.221424946650035,0.0121771627156078,0.385075696198018,0.00861486284063519,0.406124666228398,1.05466190216158,0.0235947573946429,0.44403154787645,0.967,0.00564898220921256,1.55995910974004,"09b_or_to_cor_CAT",1000
0.5,25,0.3,0.5,"CAT","digby (z)","population",1000,1000,1000,1000,0,0.508050511333417,0.010525115895124,0.332833388658337,0.00744610480584818,0.497365803866736,1.49433867158471,0.0334311482658186,0.60727473898338,0.976,0.00483983470792134,1.91927995248307,"09b_or_to_cor_CAT",1000
0,50,0.3,0.5,"CAT","digby (z)","population",1000,1000,1000,1000,0,6.53173451138324e-05,0.00814626334278223,0.257607465827288,0.00576316035194415,0.246311379148076,0.956150002706889,0.0213908621336545,0.257478638162204,0.956,0.00648567652600714,0.959458418998745,"09b_or_to_cor_CAT",1000
0.1,50,0.3,0.5,"CAT","digby (z)","population",1000,1000,1000,1000,0,0.076883867843766,0.00840120335330795,0.265669376826974,0.00594352036474534,0.252128791684633,0.949032194436321,0.0212316234629663,0.276443062312055,0.947,0.00708456067798138,0.978518828156662,"09b_or_to_cor_CAT",1000
0.25,50,0.3,0.5,"CAT","digby (z)","population",1000,1000,1000,1000,0,0.21532598566773,0.008387420597074,0.265233527805632,0.00593376960775091,0.268054114306278,1.01063435126012,0.0226097788151842,0.341531485447138,0.922,0.00848033018225116,1.03645991580371,"09b_or_to_cor_CAT",1000
0.5,50,0.3,0.5,"CAT","digby (z)","population",1000,1000,1000,1000,0,0.570964246108914,0.00985798532490862,0.311736867672262,0.00697413621238973,0.385191753534787,1.23563105131264,0.0276433754032983,0.650448203261542,0.819,0.0121753439376471,1.45954893474874,"09b_or_to_cor_CAT",1000
0,100,0.3,0.5,"CAT","digby (z)","population",1000,1000,1000,1000,0,0.00975720555574075,0.00550227763599549,0.173997296483526,0.00389264463752628,0.168320901082458,0.967376531039344,0.0216420205492998,0.174183774171561,0.951,0.00682634602111555,0.658851124980276,"09b_or_to_cor_CAT",1000
0.1,100,0.3,0.5,"CAT","digby (z)","population",1000,1000,1000,1000,0,0.0583955799720671,0.00555698060510434,0.175727156255104,0.00393134483287181,0.169438456928226,0.964213275506782,0.0215712526124708,0.18509240171421,0.936,0.0077397674383666,0.663054156927697,"09b_or_to_cor_CAT",1000
0.25,100,0.3,0.5,"CAT","digby (z)","population",1000,1000,1000,1000,0,0.18322135234803,0.00573045280277321,0.18121282880859,0.00405406957791158,0.179719881705353,0.991761360864721,0.0221875547557219,0.257634072264768,0.845,0.0114444309600784,0.701495257495921,"09b_or_to_cor_CAT",1000
0.5,100,0.3,0.5,"CAT","digby (z)","population",1000,1000,1000,1000,0,0.569688138851758,0.00877480527433086,0.277483706913441,0.00620782900393966,0.27217686427764,0.980875119858996,0.0219440092034049,0.633612488784116,0.354,0.0151223014121528,1.02400346642442,"09b_or_to_cor_CAT",1000
0,300,0.3,0.5,"CAT","digby (z)","population",1000,1000,1000,1000,0,-9.84268737701003e-05,0.00291980354243758,0.0923322951433087,0.002065645965908,0.0951099757238565,1.03008352144,0.0230448930930213,0.0922861699365301,0.956,0.00648567652600714,0.372693268637543,"09b_or_to_cor_CAT",1000
0.1,300,0.3,0.5,"CAT","digby (z)","population",1000,1000,1000,1000,0,0.0646259276522924,0.0032137726378445,0.101628414175161,0.00227361751851526,0.0961323073390513,0.945919584786234,0.0211619885691606,0.12039317571237,0.886,0.0100500746265886,0.376663070514397,"09b_or_to_cor_CAT",1000
0.25,300,0.3,0.5,"CAT","digby (z)","population",1000,1000,1000,1000,0,0.179816695397862,0.00323844170489885,0.102408518571592,0.00229106991149407,0.101308576876979,0.989259275400567,0.0221315784287243,0.206908339887883,0.556,0.0157119063133663,0.396754912655992,"09b_or_to_cor_CAT",1000
0.5,300,0.3,0.5,"CAT","digby (z)","population",1000,1000,1000,1000,0,0.525782665099694,0.00456507462524345,0.144360335044089,0.00322961043325218,0.139890822891085,0.969039195208026,0.0216792174534531,0.545221493841764,0.005,0.00223047080231955,0.54314578266798,"09b_or_to_cor_CAT",1000
0,25,0.5,0.5,"CAT","digby (z)","population",1000,1000,1000,1000,0,0.00387042869489606,0.0117204075194198,0.370631828667307,0.00829172653550366,0.327934257573442,0.884797883529339,0.019794581905709,0.370466684989532,0.944,0.00727076337120113,1.27848209639274,"09b_or_to_cor_CAT",1000
0.1,25,0.5,0.5,"CAT","digby (z)","population",1000,1000,1000,1000,0,0.0773948211697118,0.0108673389244002,0.343655431061092,0.00768821411546124,0.328290070418871,0.955288468467449,0.0213715880029353,0.352095036298978,0.951,0.00682634602111555,1.28097072917265,"09b_or_to_cor_CAT",1000
0.25,25,0.5,0.5,"CAT","digby (z)","population",1000,1000,1000,1000,0,0.182236474424915,0.0114469366996594,0.361983922026945,0.0080982567052835,0.34468624184933,0.952214230729489,0.021302811560502,0.405106726748675,0.947,0.00708456067798138,1.33832389375661,"09b_or_to_cor_CAT",1000
0.5,25,0.5,0.5,"CAT","digby (z)","population",1000,1000,1000,1000,0,0.421512713897464,0.0121839598474985,0.385290640381331,0.00861967154364065,0.406223548725062,1.05433017610553,0.0235873360629365,0.570940799615071,0.923,0.00843036179532053,1.56430186289904,"09b_or_to_cor_CAT",1000
0.75,25,0.5,0.5,"CAT","digby (z)","population",1000,1000,1000,1000,0,0.793692300108539,0.0119445619933209,0.377720215519749,0.0084503069940942,0.530174313071937,1.40361646342494,0.0314015229541914,0.878906909691042,0.871,0.0105999528300837,2.04251899314629,"09b_or_to_cor_CAT",1000
0,50,0.5,0.5,"CAT","digby (z)","population",1000,1000,1000,1000,0,0.0074144783049916,0.00713379320197949,0.225590348748808,0.00504687761868687,0.219752467193652,0.974121758366284,0.0217929238881088,0.225599399227248,0.957,0.00641490451994416,0.860946107469727,"09b_or_to_cor_CAT",1000
0.1,50,0.5,0.5,"CAT","digby (z)","population",1000,1000,1000,1000,0,0.0621855524305298,0.00714543653194144,0.225958543171094,0.00505511481588732,0.220913859253027,0.977674294375992,0.0218724007565848,0.234250397864895,0.94,0.00750999334220744,0.86528952637051,"09b_or_to_cor_CAT",1000
0.25,50,0.5,0.5,"CAT","digby (z)","population",1000,1000,1000,1000,0,0.144257271883892,0.00730651861203942,0.231052405804567,0.00516907404091678,0.227978483663761,0.986695995957702,0.0220742330780815,0.272290267004228,0.929,0.00812151463706124,0.891755727962704,"09b_or_to_cor_CAT",1000
0.5,50,0.5,0.5,"CAT","digby (z)","population",1000,1000,1000,1000,0,0.352051584794232,0.00848023998844033,0.268168734683114,0.00599943567005517,0.262214336204335,0.977796074975648,0.0218751252161471,0.442473585818873,0.764,0.0134277324965908,1.01861894029721,"09b_or_to_cor_CAT",1000
0.75,50,0.5,0.5,"CAT","digby (z)","population",1000,1000,1000,1000,0,0.831757512086402,0.0119139727727787,0.376752899432125,0.00842866632577704,0.385451263827998,1.02308771719868,0.022888383880433,0.913028676107954,0.293,0.0143927412260486,1.46816620244388,"09b_or_to_cor_CAT",1000
0,100,0.5,0.5,"CAT","digby (z)","population",1000,1000,1000,1000,0,-0.00308553855682012,0.00494366107519681,0.156332289775389,0.00349744543027419,0.152385383551575,0.974753096564476,0.0218070481032623,0.15628456606388,0.948,0.00702111102319284,0.59728608648995,"09b_or_to_cor_CAT",1000
0.1,100,0.5,0.5,"CAT","digby (z)","population",1000,1000,1000,1000,0,0.0448501217601375,0.00497555739709091,0.157340940037061,0.00352001082129801,0.153196404631862,0.973658887482033,0.0217825686015506,0.163532714348639,0.943,0.00733150734842434,0.600401718006373,"09b_or_to_cor_CAT",1000
0.25,100,0.5,0.5,"CAT","digby (z)","population",1000,1000,1000,1000,0,0.141431594545806,0.0050011411405761,0.158149969041928,0.00353811031181335,0.157772633378091,0.997614064257348,0.0223184906664331,0.212106806187411,0.867,0.0107382959542006,0.618134812264144,"09b_or_to_cor_CAT",1000
0.5,100,0.5,0.5,"CAT","digby (z)","population",1000,1000,1000,1000,0,0.345594193851668,0.00577206944325746,0.182528862533536,0.00408351171135703,0.17892146272018,0.980236551286823,0.0219297232312755,0.390792548158371,0.535,0.0157726028289563,0.699487865616735,"09b_or_to_cor_CAT",1000
0.75,100,0.5,0.5,"CAT","digby (z)","population",1000,1000,1000,1000,0,0.772643513117226,0.00818867927918869,0.258948775508621,0.00579316795576226,0.249748527277173,0.964470779159405,0.0215770134503274,0.814840728137227,0.045,0.00655553201502365,0.963671550022828,"09b_or_to_cor_CAT",1000
0,300,0.5,0.5,"CAT","digby (z)","population",1000,1000,1000,1000,0,-0.00227968855669586,0.00273913623634588,0.0866190932835426,0.0019378309651466,0.087041604998753,1.00487781272228,0.0224809942919593,0.0866057817576708,0.949,0.00695693898205238,0.341193937016828,"09b_or_to_cor_CAT",1000
0.1,300,0.5,0.5,"CAT","digby (z)","population",1000,1000,1000,1000,0,0.0551693730605068,0.00273864252489643,0.0866034807566711,0.00193748168374837,0.0875277483821599,1.01067240736069,0.0226106302012621,0.102646590007566,0.901,0.00944452222190196,0.343091986110385,"09b_or_to_cor_CAT",1000
0.25,300,0.5,0.5,"CAT","digby (z)","population",1000,1000,1000,1000,0,0.137648956737105,0.00278610509482923,0.0881043790025977,0.00197105958194883,0.0899891806053983,1.02139282546609,0.0228504659854575,0.163407020989453,0.66,0.0149799866488592,0.35270749897906,"09b_or_to_cor_CAT",1000
0.5,300,0.5,0.5,"CAT","digby (z)","population",1000,1000,1000,1000,0,0.327231792181875,0.00322474692802871,0.101975451702018,0.00228138139643316,0.100832579654349,0.988792674819337,0.0221211397018757,0.342737858386906,0.081,0.00862780389206894,0.395009921409476,"09b_or_to_cor_CAT",1000
0.75,300,0.5,0.5,"CAT","digby (z)","population",1000,1000,1000,1000,0,0.723313443731646,0.00429650567988076,0.135867439282735,0.00303960848603438,0.133880469394924,0.985375672800634,0.0220446949820246,0.735950975934623,0,0,0.523411237759138,"09b_or_to_cor_CAT",1000
0,25,0.3,0.1,"CAT","lipsey_cooper (r)","population",1000,1000,1000,1000,0,0.0444340848832675,0.00821852172489112,0.259892476502317,0.00581428031030328,0.340257698186119,1.3092248870201,0.0292898070186812,0.263535468471662,0.954,0.00662449998113065,1.37878305124692,"09b_or_to_cor_CAT",1000
0.1,25,0.3,0.1,"CAT","lipsey_cooper (r)","population",1000,1000,999,999,0,0.0668340022556819,0.00837292233462086,0.264775052490964,0.00592351265829739,0.323314957260601,1.22109297767634,0.02731813153156,0.272951472702903,0.947947947947948,0.00702794621188721,1.30316049286364,"09b_or_to_cor_CAT",1000
0.25,25,0.3,0.1,"CAT","lipsey_cooper (r)","population",1000,1000,1000,1000,0,0.0757566462423063,0.0073667167580903,0.23295603832897,0.00521166185743861,0.296557214732738,1.2730179344566,0.0284797898368866,0.244853663905641,0.948,0.00702111102319284,1.1799001719344,"09b_or_to_cor_CAT",1000
0.5,25,0.3,0.1,"CAT","lipsey_cooper (r)","population",1000,1000,1000,1000,0,0.060590391961381,0.00387698845222386,0.122601139711983,0.00274281657646126,0.239004666862376,1.94944898084839,0.0436128162609068,0.136701148558643,0.989,0.00329833291224522,0.938291086466998,"09b_or_to_cor_CAT",1000
0,50,0.3,0.1,"CAT","lipsey_cooper (r)","population",1000,1000,1000,1000,0,-0.0113036020179695,0.00774792986536359,0.245011055257907,0.00548135511102407,0.2718083562061,1.1093718033253,0.024818720109516,0.245149256984342,0.952,0.00675988165576884,1.0711960675983,"09b_or_to_cor_CAT",1000
0.1,50,0.3,0.1,"CAT","lipsey_cooper (r)","population",1000,1000,1000,1000,0,0.0450383986027079,0.00744866015614965,0.235547316099783,0.00526963358299271,0.255240023359385,1.08360404009553,0.0242422470988166,0.23969879626812,0.925,0.00832916562447884,0.998000249827548,"09b_or_to_cor_CAT",1000
0.25,50,0.3,0.1,"CAT","lipsey_cooper (r)","population",1000,1000,1000,1000,0,0.114998916777466,0.00651868567545896,0.206138940851635,0.00461171327893268,0.222812507449197,1.08088508909902,0.0241814190846452,0.235956607308397,0.858,0.0110379345894058,0.862470095897142,"09b_or_to_cor_CAT",1000
0.5,50,0.3,0.1,"CAT","lipsey_cooper (r)","population",1000,1000,1000,1000,0,0.150710173885442,0.00227165124992969,0.0718359199934625,0.00160710375618275,0.16917700566619,2.35504752610652,0.0526868135821067,0.166939496568325,0.947,0.00708456067798138,0.661288370582665,"09b_or_to_cor_CAT",1000
0,100,0.3,0.1,"CAT","lipsey_cooper (r)","population",1000,1000,1000,1000,0,-0.0203524481731946,0.00626052524899093,0.197975191358041,0.00442907494873681,0.197544791236455,0.997825989617016,0.0223232318327129,0.198920095424023,0.939,0.00756828910652864,0.768798917307893,"09b_or_to_cor_CAT",1000
0.1,100,0.3,0.1,"CAT","lipsey_cooper (r)","population",1000,1000,1000,1000,0,0.0507979120897928,0.00552080834551936,0.17458328897107,0.00390575438440379,0.175952906143133,1.0078450645542,0.0225473772597707,0.181739575590598,0.923,0.00843036179532053,0.683833220814373,"09b_or_to_cor_CAT",1000
0.25,100,0.3,0.1,"CAT","lipsey_cooper (r)","population",1000,1000,1000,1000,0,0.129781811522033,0.00493982579963902,0.156211007713219,0.00349473212392705,0.151109121989029,0.967339780986776,0.0216411983819561,0.203029051255699,0.791,0.0128576436410409,0.586828820802864,"09b_or_to_cor_CAT",1000
0.5,100,0.3,0.1,"CAT","lipsey_cooper (r)","population",1000,1000,1000,1000,0,0.215453933664593,0.00140253142151559,0.0443519378194296,0.000992235720932869,0.121738360825888,2.7448261972571,0.0614068907599728,0.21996709941602,0.562,0.0156893594515519,0.476946595183863,"09b_or_to_cor_CAT",1000
0,300,0.3,0.1,"CAT","lipsey_cooper (r)","population",1000,1000,1000,1000,0,-0.0052185922793115,0.00352916537670568,0.111602008297961,0.00249674545477408,0.108439059356534,0.971658673623665,0.021737820080125,0.111668200277696,0.948,0.00702111102319284,0.424100873237043,"09b_or_to_cor_CAT",1000
0.1,300,0.3,0.1,"CAT","lipsey_cooper (r)","population",1000,1000,1000,1000,0,0.0622219086632526,0.003038553615846,0.0960875021861365,0.00214965696408721,0.0965680697986528,1.00500135399071,0.022483758140972,0.114434003626512,0.874,0.010493998284734,0.378123791537337,"09b_or_to_cor_CAT",1000
0.25,300,0.3,0.1,"CAT","lipsey_cooper (r)","population",1000,1000,1000,1000,0,0.127972896678751,0.00259815057105545,0.0821607350860237,0.001838089161794,0.0826317457900505,1.00573279564178,0.0225001218574104,0.152054918657162,0.627,0.0152928414625929,0.323532780357181,"09b_or_to_cor_CAT",1000
0.5,300,0.3,0.1,"CAT","lipsey_cooper (r)","population",1000,1000,1000,1000,0,0.283714691061246,0.0010503430540938,0.0332147637547384,0.000743076327216532,0.0755613424076386,2.27493240552882,0.0508944886391092,0.28565038637245,0.002,0.00141279864099595,0.296124128025595,"09b_or_to_cor_CAT",1000
0,25,0.5,0.1,"CAT","lipsey_cooper (r)","population",1000,1000,1000,1000,0,0.00791879935861712,0.00899115800011913,0.284325380828209,0.00636089003312954,0.358232518885308,1.25993858811273,0.0281871804203222,0.284293490330337,0.964,0.00589101010014412,1.4434498529051,"09b_or_to_cor_CAT",1000
0.1,25,0.5,0.1,"CAT","lipsey_cooper (r)","population",1000,1000,1000,1000,0,0.024267452704116,0.00871476810003719,0.275585164762956,0.00616535506859376,0.357585396957407,1.29754951528317,0.0290286071374107,0.276514276512326,0.968,0.00556560868189635,1.44511269964957,"09b_or_to_cor_CAT",1000
0.25,25,0.5,0.1,"CAT","lipsey_cooper (r)","population",1000,1000,1000,1000,0,0.0706976124913105,0.00698562335849676,0.220904806889247,0.00494205329232009,0.342045717964074,1.54838512923606,0.0346402685096711,0.231836768406222,0.988,0.00344325427466518,1.37436321035335,"09b_or_to_cor_CAT",1000
0,50,0.5,0.1,"CAT","lipsey_cooper (r)","population",1000,1000,1000,1000,0,-0.00382201123193725,0.00821522828044549,0.259788328644363,0.00581195032811983,0.276841155414773,1.06564123515246,0.0238403855886109,0.259686529288657,0.943,0.00733150734842434,1.08691033140548,"09b_or_to_cor_CAT",1000
0.1,50,0.5,0.1,"CAT","lipsey_cooper (r)","population",1000,1000,1000,1000,0,0.0771957961896126,0.00794552658332677,0.251259612127282,0.00562114700366509,0.274620317529986,1.09297437500966,0.0244518789993832,0.262730759986367,0.948,0.00702111102319284,1.079683179924,"09b_or_to_cor_CAT",1000
0.25,50,0.5,0.1,"CAT","lipsey_cooper (r)","population",1000,1000,1000,1000,0,0.179870125199097,0.00574645731907939,0.181718936052358,0.00406539214261968,0.252696950943354,1.39059228736924,0.0311101478000595,0.255620836176201,0.929,0.00812151463706124,0.99094663135193,"09b_or_to_cor_CAT",1000
0,100,0.5,0.1,"CAT","lipsey_cooper (r)","population",1000,1000,1000,1000,0,0.0121546485848964,0.00635606359020061,0.20099637897901,0.00449666456092851,0.191761288505572,0.954053448523055,0.0213439582991357,0.201263211493143,0.936,0.0077397674383666,0.750772625548646,"09b_or_to_cor_CAT",1000
0.1,100,0.5,0.1,"CAT","lipsey_cooper (r)","population",1000,1000,1000,1000,0,0.0865573614695461,0.00604321129418698,0.191103120712847,0.0042753338878908,0.191315186227472,1.00110969153112,0.0223966943801518,0.209704695150139,0.911,0.00900438781928011,0.749693682139364,"09b_or_to_cor_CAT",1000
0.25,100,0.5,0.1,"CAT","lipsey_cooper (r)","population",1000,1000,1000,1000,0,0.245512264178197,0.00461621734627634,0.145977609886114,0.00326579189335787,0.181533715069922,1.24357232051921,0.0278210364337673,0.285594861626359,0.711,0.0143345387090063,0.710425770442276,"09b_or_to_cor_CAT",1000
0,300,0.5,0.1,"CAT","lipsey_cooper (r)","population",1000,1000,1000,1000,0,-0.00192826726819421,0.00349546227531896,0.110536222652025,0.0024729018384464,0.107439632971263,0.971985747237716,0.0217451373280107,0.110497766838599,0.94,0.00750999334220744,0.421517026936086,"09b_or_to_cor_CAT",1000
0.1,300,0.5,0.1,"CAT","lipsey_cooper (r)","population",1000,1000,1000,1000,0,0.0887760496479214,0.00335106185302837,0.105969880356741,0.00237074422905774,0.106199447526179,1.00216634357485,0.0224203336607319,0.138201204475103,0.859,0.0110054077616415,0.416513798960823,"09b_or_to_cor_CAT",1000
0.25,300,0.5,0.1,"CAT","lipsey_cooper (r)","population",1000,1000,1000,1000,0,0.263522802534142,0.00326343490009747,0.103198872799921,0.00230875161236429,0.102689857104197,0.995067623493229,0.022261522028497,0.282990503012514,0.282,0.0142294061717276,0.402308949910612,"09b_or_to_cor_CAT",1000
0,25,0.3,0.3,"CAT","lipsey_cooper (r)","population",1000,1000,1000,1000,0,0.0058121968849911,0.00801444749194203,0.253439082623608,0.00566990583102406,0.242217532544978,0.955722890240667,0.0213813068297224,0.2533790024156,0.929,0.00812151463706124,0.99181296437027,"09b_or_to_cor_CAT",1000
0.1,25,0.3,0.3,"CAT","lipsey_cooper (r)","population",1000,1000,1000,1000,0,0.004472116898795,0.00787352121889819,0.248982602573835,0.00557020604534587,0.234270965604116,0.940912992242676,0.0210499817391073,0.248898260093581,0.924,0.00837997613361756,0.956760181345988,"09b_or_to_cor_CAT",1000
0.25,25,0.3,0.3,"CAT","lipsey_cooper (r)","population",1000,1000,1000,1000,0,0.0238507974329195,0.00697474322252628,0.220560746780057,0.00493435602479874,0.214370600505221,0.971934506183874,0.021743990969892,0.221736908329088,0.923,0.00843036179532053,0.873615388196457,"09b_or_to_cor_CAT",1000
0.5,25,0.3,0.3,"CAT","lipsey_cooper (r)","population",1000,1000,1000,1000,0,0.00301575542233922,0.00543185005324264,0.171770180767536,0.00384281989757798,0.174273485541209,1.01457357011844,0.0226979065015035,0.171710759088295,0.947,0.00708456067798138,0.703955274063013,"09b_or_to_cor_CAT",1000
0.75,25,0.3,0.3,"CAT","lipsey_cooper (r)","population",1000,1000,1000,1000,0,-0.0595354311233992,0.00348605385021345,0.110238702126739,0.00246624574837654,0.129682636106774,1.17638028754802,0.0263178251074089,0.125239316646932,0.998,0.00141279864099595,0.520825377461623,"09b_or_to_cor_CAT",1000
0,50,0.3,0.3,"CAT","lipsey_cooper (r)","population",1000,1000,1000,1000,0,-0.00950010872188161,0.00547397772289968,0.17310237465385,0.00387262356402861,0.173156640236698,1.0003134883791,0.0223788818279298,0.173276425818456,0.941,0.00745110730026082,0.692404050854636,"09b_or_to_cor_CAT",1000
0.1,50,0.3,0.3,"CAT","lipsey_cooper (r)","population",1000,1000,1000,1000,0,0.00914201019293628,0.00539728888439409,0.170677260645945,0.00381836923232895,0.16525398024331,0.968224938799048,0.0216610010161403,0.170836684949896,0.945,0.00720936890441875,0.65986315541658,"09b_or_to_cor_CAT",1000
0.25,50,0.3,0.3,"CAT","lipsey_cooper (r)","population",1000,1000,1000,1000,0,0.0215288392911418,0.0046708920600574,0.147706576145774,0.00330447209917225,0.149455891037239,1.0118431754165,0.022636822470259,0.149194189985047,0.946,0.00714730718522718,0.596721549237081,"09b_or_to_cor_CAT",1000
0.5,50,0.3,0.3,"CAT","lipsey_cooper (r)","population",1000,1000,1000,1000,0,0.0148602880750924,0.00399962830693466,0.126479352439966,0.00282957944165439,0.11838986575552,0.93604104916425,0.0209409872691825,0.12728651825199,0.913,0.00891240708226459,0.469912854947273,"09b_or_to_cor_CAT",1000
0.75,50,0.3,0.3,"CAT","lipsey_cooper (r)","population",1000,1000,1000,1000,0,-0.0279795425045734,0.00263696046688822,0.083388011751878,0.00186554563398437,0.0854083344972022,1.02422797597496,0.0229138935998399,0.0879173574568336,0.962,0.00604615580348373,0.337717643133537,"09b_or_to_cor_CAT",1000
0,100,0.3,0.3,"CAT","lipsey_cooper (r)","population",1000,1000,1000,1000,0,-0.00680428804992289,0.00398657837745275,0.126066677435291,0.00282034713071363,0.120952277936866,0.959430996338817,0.0214642640917607,0.126187212855663,0.942,0.00739161687318817,0.478922338008798,"09b_or_to_cor_CAT",1000
0.1,100,0.3,0.3,"CAT","lipsey_cooper (r)","population",1000,1000,1000,1000,0,0.0158948307486937,0.00370536048047616,0.117173786702805,0.00262139654859815,0.11548163520237,0.985558617263714,0.0220487877914968,0.118188883734952,0.939,0.00756828910652864,0.457124310110165,"09b_or_to_cor_CAT",1000
0.25,100,0.3,0.3,"CAT","lipsey_cooper (r)","population",1000,1000,1000,1000,0,0.0227158706161175,0.00325320261517888,0.102875299539815,0.00230151267393678,0.105165192624265,1.02225892021402,0.022869842143273,0.105303156201509,0.938,0.00762600813007697,0.415925205648874,"09b_or_to_cor_CAT",1000
0.5,100,0.3,0.3,"CAT","lipsey_cooper (r)","population",1000,1000,1000,1000,0,0.0176769598496803,0.00278134246061081,0.0879537712846732,0.00196769020588726,0.0821289923483301,0.933774540292418,0.0208902812307316,0.0896694202436963,0.907,0.00918428004799505,0.323791282397601,"09b_or_to_cor_CAT",1000
0.75,100,0.3,0.3,"CAT","lipsey_cooper (r)","population",1000,1000,1000,1000,0,-0.0283769484280805,0.00192776774901799,0.0609613688671267,0.00136381972831026,0.0584660676132429,0.959067499627139,0.0214561319911243,0.0672147558780783,0.94,0.00750999334220744,0.230104840690261,"09b_or_to_cor_CAT",1000
0,300,0.3,0.3,"CAT","lipsey_cooper (r)","population",1000,1000,1000,1000,0,0.00368893274733595,0.0021193419072077,0.0670194756742156,0.00149935089720063,0.0693086586497335,1.03415698127281,0.0231360240007702,0.0670874558642783,0.954,0.00662449998113065,0.272645341892094,"09b_or_to_cor_CAT",1000
0.1,300,0.3,0.3,"CAT","lipsey_cooper (r)","population",1000,1000,1000,1000,0,0.01624013744509,0.00209694867819355,0.0663113395957108,0.00148350856996716,0.0663819818828503,1.0010653123217,0.0223957015343142,0.06823883520001,0.932,0.00796090447122687,0.26107727098257,"09b_or_to_cor_CAT",1000
0.25,300,0.3,0.3,"CAT","lipsey_cooper (r)","population",1000,1000,1000,1000,0,0.0241788448257608,0.00193741204098864,0.0612663481575959,0.00137064268489404,0.0603329511906474,0.984764932217805,0.0220310315740136,0.0658363758742795,0.917,0.00872416185085994,0.23717463618391,"09b_or_to_cor_CAT",1000
0.5,300,0.3,0.3,"CAT","lipsey_cooper (r)","population",1000,1000,1000,1000,0,0.0109491953409712,0.00154937779895821,0.0489956280080642,0.00109612374722087,0.047319399341718,0.965788199182378,0.02160648659785,0.050180233867086,0.922,0.00848033018225116,0.185837206591672,"09b_or_to_cor_CAT",1000
0.75,300,0.3,0.3,"CAT","lipsey_cooper (r)","population",1000,1000,1000,1000,0,-0.0309326253889553,0.00107582061620118,0.0340204350096159,0.000761100698590629,0.0329520880328678,0.96859690428867,0.0216693225791633,0.0459680315186402,0.863,0.0108734079294396,0.129303225357611,"09b_or_to_cor_CAT",1000
0,25,0.5,0.3,"CAT","lipsey_cooper (r)","population",1000,1000,1000,1000,0,-0.00367379072319072,0.00792911791392099,0.250740724440333,0.00560953851656268,0.239908799815248,0.956800297800597,0.0214054104499817,0.25064224847429,0.918,0.00867617427210864,0.983481143349193,"09b_or_to_cor_CAT",1000
0.1,25,0.5,0.3,"CAT","lipsey_cooper (r)","population",1000,1000,1000,1000,0,0.0240242880269803,0.00792694551799213,0.250672027249184,0.00560800163203548,0.236949872403588,0.94525853165118,0.0211471995753469,0.251695838652874,0.914,0.00886588969026797,0.970505694215483,"09b_or_to_cor_CAT",1000
0.25,25,0.5,0.3,"CAT","lipsey_cooper (r)","population",1000,1000,1000,1000,0,0.0452708815060127,0.0069690943144695,0.220382112622534,0.00493035964491575,0.227413634893399,1.03190604803262,0.0230856664183023,0.224875876875975,0.922,0.00848033018225116,0.928129047331994,"09b_or_to_cor_CAT",1000
0.5,25,0.5,0.3,"CAT","lipsey_cooper (r)","population",1000,1000,1000,1000,0,0.0623518572471924,0.00455174210547087,0.143938723749783,0.00322017820081486,0.189385095393387,1.31573415728352,0.0294354315570919,0.15679729570594,0.945,0.00720936890441875,0.765125049065837,"09b_or_to_cor_CAT",1000
0,50,0.5,0.3,"CAT","lipsey_cooper (r)","population",1000,1000,1000,1000,0,0.00138097462363407,0.00577964400004655,0.182768391050734,0.0040888704118475,0.169756270683574,0.928805411634071,0.020779112537792,0.182682203767685,0.923,0.00843036179532053,0.68005512708502,"09b_or_to_cor_CAT",1000
0.1,50,0.5,0.3,"CAT","lipsey_cooper (r)","population",1000,1000,1000,1000,0,0.0189164814754434,0.00535780215524486,0.169428580631328,0.00379043392723445,0.168167399626821,0.992556267662707,0.0222053383060819,0.170397098455996,0.944,0.00727076337120113,0.673258353246313,"09b_or_to_cor_CAT",1000
0.25,50,0.5,0.3,"CAT","lipsey_cooper (r)","population",1000,1000,1000,1000,0,0.0605024697673273,0.00524959098023805,0.166006642818282,0.00371387878444139,0.158040740845298,0.95201455894928,0.0212983445296906,0.176610294440282,0.889,0.00993373041711924,0.631061850671008,"09b_or_to_cor_CAT",1000
0.5,50,0.5,0.3,"CAT","lipsey_cooper (r)","population",1000,1000,1000,1000,0,0.101783129209412,0.00364116264976486,0.115143673043909,0.00257597911276678,0.130183970546895,1.13062200558124,0.0252941268401357,0.153637927505744,0.871,0.0105999528300837,0.51617975584923,"09b_or_to_cor_CAT",1000
0,100,0.5,0.3,"CAT","lipsey_cooper (r)","population",1000,1000,1000,1000,0,-0.0027290065123156,0.00400647391161794,0.126695829467568,0.00283442243725073,0.119722292549568,0.944958433538764,0.0211404858198367,0.126661868168028,0.939,0.00756828910652864,0.47460541294274,"09b_or_to_cor_CAT",1000
0.1,100,0.5,0.3,"CAT","lipsey_cooper (r)","population",1000,1000,1000,1000,0,0.0174500652256661,0.00380612093588349,0.120360112074435,0.00269268060083319,0.11854155777663,0.9848907227946,0.0220338457442571,0.121558935493743,0.939,0.00756828910652864,0.46973368360731,"09b_or_to_cor_CAT",1000
0.25,100,0.5,0.3,"CAT","lipsey_cooper (r)","population",1000,1000,1000,1000,0,0.0564818362456023,0.0034431454007443,0.108881817814852,0.0024358897109716,0.110918016146296,1.01870099500825,0.0227902447084113,0.122611552580052,0.909,0.00909499862561837,0.438792226979992,"09b_or_to_cor_CAT",1000
0.5,100,0.5,0.3,"CAT","lipsey_cooper (r)","population",1000,1000,1000,1000,0,0.105286054309287,0.00294442114231909,0.0931107720048313,0.00208306194788983,0.0907506642078721,0.974652687909872,0.0218048017740445,0.140520815111109,0.744,0.0138008695378226,0.357766494566364,"09b_or_to_cor_CAT",1000
0,300,0.5,0.3,"CAT","lipsey_cooper (r)","population",1000,1000,1000,1000,0,0.00345944880355003,0.00223565221421929,0.0706975305293164,0.00158163585678097,0.0693662325577697,0.981169102207967,0.0219505861378595,0.0707468053564616,0.945,0.00720936890441875,0.272923115816954,"09b_or_to_cor_CAT",1000
0.1,300,0.5,0.3,"CAT","lipsey_cooper (r)","population",1000,1000,1000,1000,0,0.0210622883409933,0.00214112054701548,0.0677081767355456,0.00151475842678542,0.0684807468986296,1.01141029341407,0.0226271380910214,0.0708761792834106,0.941,0.00745110730026082,0.26941918596965,"09b_or_to_cor_CAT",1000
0.25,300,0.5,0.3,"CAT","lipsey_cooper (r)","population",1000,1000,1000,1000,0,0.046313641491464,0.00201934614040717,0.0638573318795685,0.00142860783202613,0.0643251590798846,1.00732613133913,0.0225357677541191,0.0788583189279509,0.874,0.010493998284734,0.252913165501573,"09b_or_to_cor_CAT",1000
0.5,300,0.5,0.3,"CAT","lipsey_cooper (r)","population",1000,1000,1000,1000,0,0.09873736786557,0.00161376365543034,0.0510316875635902,0.00114167420386979,0.0513267952667555,1.00578283253513,0.0225012412762088,0.111133688481366,0.508,0.0158093643135959,0.201581352324561,"09b_or_to_cor_CAT",1000
0,25,0.3,0.5,"CAT","lipsey_cooper (r)","population",1000,1000,999,999,0,-0.00184941149403652,0.00695846071146227,0.220045848570165,0.00492283678975248,0.219753943669358,0.998673436001163,0.0223421907917859,0.219943573719182,0.943943943943944,0.00727782531920581,0.906923852671987,"09b_or_to_cor_CAT",1000
0.1,25,0.3,0.5,"CAT","lipsey_cooper (r)","population",1000,1000,1000,1000,0,0.000331101657889742,0.00726966620388473,0.229887030334257,0.00514300241413356,0.219292092323755,0.95391241517585,0.0213408031196369,0.229772296627543,0.936,0.0077397674383666,0.904033341106632,"09b_or_to_cor_CAT",1000
0.25,25,0.3,0.5,"CAT","lipsey_cooper (r)","population",1000,1000,1000,1000,0,0.0251069653088378,0.00665014011550171,0.210295895242406,0.00470471211595317,0.210116203836007,0.999145530604903,0.0223527524301837,0.211684904750595,0.929,0.00812151463706124,0.863545893484227,"09b_or_to_cor_CAT",1000
0.5,25,0.3,0.5,"CAT","lipsey_cooper (r)","population",1000,1000,1000,1000,0,0.0312347595520047,0.00446576783500783,0.141219978601438,0.00315935479185166,0.183129045244473,1.29676443133669,0.0290110433425931,0.144563997862905,0.965,0.00581162627841812,0.746055333349323,"09b_or_to_cor_CAT",1000
0,50,0.3,0.5,"CAT","lipsey_cooper (r)","population",1000,1000,1000,1000,0,8.14403162176647e-05,0.00512219093963009,0.161977899795091,0.00362374827527753,0.155372848220721,0.959222513795241,0.0214595999477098,0.161896911071619,0.927,0.00822623850857729,0.624349753467432,"09b_or_to_cor_CAT",1000
0.1,50,0.3,0.5,"CAT","lipsey_cooper (r)","population",1000,1000,1000,1000,0,0.0114434362393613,0.00512744668122802,0.162144100937519,0.00362746650538166,0.154517370975813,0.952963259732495,0.0213195687388653,0.162466522681849,0.931,0.00801492358042171,0.620686200767098,"09b_or_to_cor_CAT",1000
0.25,50,0.3,0.5,"CAT","lipsey_cooper (r)","population",1000,1000,1000,1000,0,0.0348256438848878,0.00461534300257179,0.145949960710472,0.00326517332963608,0.147569736536149,1.01109815869625,0.022620155054158,0.149976381848457,0.93,0.00806845710157772,0.591532046607967,"09b_or_to_cor_CAT",1000
0.5,50,0.3,0.5,"CAT","lipsey_cooper (r)","population",1000,1000,1000,1000,0,0.0622495479296871,0.00376494121667047,0.119057895013242,0.00266354757197243,0.129745521057893,1.08976831014409,0.0243801533377853,0.134296737860864,0.917,0.00872416185085994,0.516445006753628,"09b_or_to_cor_CAT",1000
0,100,0.3,0.5,"CAT","lipsey_cooper (r)","population",1000,1000,1000,1000,0,0.00610663145201764,0.00360648663491795,0.114047121172969,0.00255144719849885,0.109867893220281,0.96335525255084,0.0215520570357244,0.114153537175528,0.937,0.00768316341099159,0.435990453218961,"09b_or_to_cor_CAT",1000
0.1,100,0.3,0.5,"CAT","lipsey_cooper (r)","population",1000,1000,1000,1000,0,0.00328159064036985,0.00356453622553166,0.112720532748597,0.00252176893670572,0.108996322946212,0.966960679553468,0.0216327171745393,0.112711940014159,0.94,0.00750999334220744,0.432433934288455,"09b_or_to_cor_CAT",1000
0.25,100,0.3,0.5,"CAT","lipsey_cooper (r)","population",1000,1000,1000,1000,0,0.0238197069489231,0.00334102758687694,0.105652568999872,0.00236364538110606,0.10422510786252,0.986489101487408,0.0220696044621972,0.108252858207389,0.932,0.00796090447122687,0.413087423388744,"09b_or_to_cor_CAT",1000
0.5,100,0.3,0.5,"CAT","lipsey_cooper (r)","population",1000,1000,1000,1000,0,0.0692174860488364,0.00307124707338603,0.0971213600902617,0.00217278629717336,0.0908365824851928,0.935289439941656,0.0209241723664859,0.119223262839587,0.836,0.0117091417277271,0.358482345383278,"09b_or_to_cor_CAT",1000
0,300,0.3,0.5,"CAT","lipsey_cooper (r)","population",1000,1000,1000,1000,0,-0.000106821057306552,0.00195769620650579,0.0619077897922963,0.00138499293280055,0.0635752032463373,1.02693382302349,0.02297442845421,0.0618769203602479,0.954,0.00662449998113065,0.250222561942361,"09b_or_to_cor_CAT",1000
0.1,300,0.3,0.5,"CAT","lipsey_cooper (r)","population",1000,1000,1000,1000,0,0.00925217731908929,0.00210592572043712,0.066595218597123,0.00148985947365869,0.0629913963546432,0.945884669824697,0.0211612074562321,0.0672018675484727,0.93,0.00806845710157772,0.247905343818683,"09b_or_to_cor_CAT",1000
0.25,300,0.3,0.5,"CAT","lipsey_cooper (r)","population",1000,1000,1000,1000,0,0.0263061596182109,0.00193661450727975,0.0612411279272873,0.00137007846121785,0.060046066378515,0.980485964429145,0.0219353030692994,0.0666238644024449,0.923,0.00843036179532053,0.236228611885114,"09b_or_to_cor_CAT",1000
0.5,300,0.3,0.5,"CAT","lipsey_cooper (r)","population",1000,1000,1000,1000,0,0.0639683515634122,0.00169782203716716,0.0536898469907529,0.00120114219704528,0.0515411204159193,0.959978902990659,0.0214765217873299,0.083496509339977,0.744,0.0138008695378226,0.202489528811481,"09b_or_to_cor_CAT",1000
0,25,0.5,0.5,"CAT","lipsey_cooper (r)","population",1000,1000,1000,1000,0,0.00277882113933603,0.00767587874607166,0.242732598808637,0.00543038178294177,0.21372152037264,0.880481325629987,0.0196980124399812,0.242627115666808,0.902,0.00940191469861325,0.881755268798601,"09b_or_to_cor_CAT",1000
0.1,25,0.5,0.5,"CAT","lipsey_cooper (r)","population",1000,1000,1000,1000,0,0.017111705995816,0.00703946268168345,0.222607355778766,0.00498014249220337,0.213229079552994,0.95787077119279,0.0214293589399523,0.223153066960896,0.91,0.00904986187739901,0.878492701412491,"09b_or_to_cor_CAT",1000
0.25,25,0.5,0.5,"CAT","lipsey_cooper (r)","population",1000,1000,1000,1000,0,0.0244141169425262,0.00667040384833695,0.210936690738971,0.00471904790854228,0.201255608052697,0.954104320816079,0.0213450964073859,0.212240058232398,0.914,0.00886588969026797,0.825785370057227,"09b_or_to_cor_CAT",1000
0.5,25,0.5,0.5,"CAT","lipsey_cooper (r)","population",1000,1000,1000,1000,0,0.0239895342111222,0.00518311336099328,0.163904435915893,0.00366684848804635,0.164835244766092,1.0056789729027,0.0224989177421689,0.165569614363448,0.905,0.00927227048785787,0.668576605338444,"09b_or_to_cor_CAT",1000
0.75,25,0.5,0.5,"CAT","lipsey_cooper (r)","population",1000,1000,1000,1000,0,-0.0244901093949768,0.00297306578843401,0.0940165952497577,0.00210332690641603,0.116095193390082,1.23483724422983,0.0276256164556217,0.0971084266186634,0.997,0.00172945077987204,0.468638377247439,"09b_or_to_cor_CAT",1000
0,50,0.5,0.5,"CAT","lipsey_cooper (r)","population",1000,1000,1000,1000,0,0.00503188613586726,0.00499614016504861,0.157991824310032,0.00353457231866627,0.153834818770035,0.973688476868021,0.0217832305714031,0.157992958736608,0.939,0.00756828910652864,0.61817278997469,"09b_or_to_cor_CAT",1000
0.1,50,0.5,0.5,"CAT","lipsey_cooper (r)","population",1000,1000,1000,1000,0,0.012931232225255,0.00489838104159283,0.154900409388213,0.00346541159053436,0.151883898269329,0.980526125587414,0.0219362015494513,0.15536202708085,0.933,0.00790638982089803,0.609979747554059,"09b_or_to_cor_CAT",1000
0.25,50,0.5,0.5,"CAT","lipsey_cooper (r)","population",1000,1000,1000,1000,0,0.016479958231955,0.00459607783310147,0.145340742560119,0.00325154398128421,0.143158530780483,0.984985546783392,0.0220359671340657,0.146199851367249,0.924,0.00837997613361756,0.573580327896749,"09b_or_to_cor_CAT",1000
0.5,50,0.5,0.5,"CAT","lipsey_cooper (r)","population",1000,1000,1000,1000,0,0.0119163672137481,0.00372194015177597,0.117698081944449,0.00263312601280311,0.115726282262972,0.983246968439068,0.0219970718879571,0.118241217274188,0.921,0.00852988862764339,0.460345828267207,"09b_or_to_cor_CAT",1000
0.75,50,0.5,0.5,"CAT","lipsey_cooper (r)","population",1000,1000,1000,1000,0,-0.0104467077101223,0.00255649833841874,0.0808435758383915,0.00180862184830302,0.0779975232306515,0.964795562563569,0.0215842794619387,0.0814756514092655,0.954,0.00662449998113065,0.308090934572961,"09b_or_to_cor_CAT",1000
0,100,0.5,0.5,"CAT","lipsey_cooper (r)","population",1000,1000,1000,1000,0,-0.00230190141440789,0.00354486090917903,0.11209834461501,0.00250784942559442,0.109373537122538,0.975692705348769,0.0218280689074326,0.112065925136421,0.945,0.00720936890441875,0.434005860285318,"09b_or_to_cor_CAT",1000
0.1,100,0.5,0.5,"CAT","lipsey_cooper (r)","population",1000,1000,1000,1000,0,0.00334802828892348,0.00350225565570398,0.11075104820231,0.00247770788740937,0.108241237894052,0.977338270391142,0.0218648832721805,0.110746278387384,0.949,0.00695693898205238,0.429387601790609,"09b_or_to_cor_CAT",1000
0.25,100,0.5,0.5,"CAT","lipsey_cooper (r)","population",1000,1000,1000,1000,0,0.0207082342400211,0.00319787139483858,0.101125572719895,0.00226236801559813,0.101293134282812,1.00165696528,0.0224089379164992,0.103174541636048,0.943,0.00733150734842434,0.401232388376571,"09b_or_to_cor_CAT",1000
0.5,100,0.5,0.5,"CAT","lipsey_cooper (r)","population",1000,1000,1000,1000,0,0.0188695704872248,0.00256490048956161,0.0811092751869561,0.00181456603919154,0.0803857387545558,0.991079485906729,0.0221722999388234,0.083235788559996,0.919,0.00862780389206894,0.317156145438083,"09b_or_to_cor_CAT",1000
0.75,100,0.5,0.5,"CAT","lipsey_cooper (r)","population",1000,1000,1000,1000,0,-0.013667853362649,0.00175788223300691,0.0555891171464465,0.00124363241922798,0.0539846617091969,0.971137238373066,0.0217261545992636,0.0572177420973521,0.949,0.00695693898205238,0.212404638551337,"09b_or_to_cor_CAT",1000
0,300,0.5,0.5,"CAT","lipsey_cooper (r)","population",1000,1000,1000,1000,0,-0.00165811322701647,0.00199822813417295,0.0631895218861506,0.00141366767466564,0.063499713412536,1.00490890763415,0.0224816899432391,0.0631796810691357,0.948,0.00702111102319284,0.24992372205294,"09b_or_to_cor_CAT",1000
0.1,300,0.5,0.5,"CAT","lipsey_cooper (r)","population",1000,1000,1000,1000,0,0.012467458081526,0.00195935316188044,0.0619601873219478,0.00138616516344402,0.062651711591807,1.01116078404131,0.0226215561001428,0.0631716966621327,0.951,0.00682634602111555,0.246558701999198,"09b_or_to_cor_CAT",1000
0.25,300,0.5,0.5,"CAT","lipsey_cooper (r)","population",1000,1000,1000,1000,0,0.0221908999992884,0.00181564888335289,0.057415859025365,0.00128450004833962,0.0585374936577184,1.01953527564323,0.0228089091250751,0.0615282075923831,0.939,0.00756828910652864,0.230253524362667,"09b_or_to_cor_CAT",1000
0.5,300,0.5,0.5,"CAT","lipsey_cooper (r)","population",1000,1000,1000,1000,0,0.0166451375186764,0.00147852249278023,0.0467549864897538,0.00104599640980161,0.0462242909027591,0.98864943342223,0.0221179351241748,0.049607492739616,0.913,0.00891240708226459,0.181559520807891,"09b_or_to_cor_CAT",1000
0.75,300,0.5,0.5,"CAT","lipsey_cooper (r)","population",1000,1000,1000,1000,0,-0.0181639962265727,0.000993281141541458,0.031410307641631,0.000702707272327199,0.0307998648173356,0.980565525455524,0.0219370829981199,0.0362705331865235,0.931,0.00801492358042171,0.120852017129356,"09b_or_to_cor_CAT",1000
0,25,0.3,0.1,"CAT","lipsey_cooper (z)","population",1000,1000,1000,1000,0,0.0492514370541611,0.00875804290568948,0.27695363427458,0.00619597028856382,0.362786282662237,1.30991703218655,0.0293052915993329,0.281162437523685,0.971,0.00530650544143696,1.40088264448206,"09b_or_to_cor_CAT",1000
0.1,25,0.3,0.1,"CAT","lipsey_cooper (z)","population",1000,1000,1000,1000,0,0.0808631252247111,0.00904648405693301,0.286074944363087,0.00640003103847669,0.353329344438467,1.23509364032252,0.027631352515293,0.297146226527711,0.981,0.00431729081716764,1.36216539172724,"09b_or_to_cor_CAT",1000
0.25,25,0.3,0.1,"CAT","lipsey_cooper (z)","population",1000,1000,1000,1000,0,0.108635672122058,0.00840648349877255,0.265836349687425,0.00594725585962361,0.342601518776716,1.28876851935242,0.0288321598510863,0.287054010784959,0.977,0.00474035863622153,1.3192671150598,"09b_or_to_cor_CAT",1000
0.5,25,0.3,0.1,"CAT","lipsey_cooper (z)","population",1000,1000,1000,1000,0,0.149162629144934,0.00534930141941816,0.169159763761331,0.00378441999156636,0.334876756907344,1.97964781613094,0.0442884206329167,0.225468180867152,0.999,0.000999499874937461,1.29752891560873,"09b_or_to_cor_CAT",1000
0,50,0.3,0.1,"CAT","lipsey_cooper (z)","population",1000,1000,1000,1000,0,-0.0107681240614552,0.00817667883682321,0.258569288200576,0.00578467811560656,0.290902250985487,1.12504564254294,0.0251693731794949,0.258664205524373,0.977,0.00474035863622153,1.11609637104756,"09b_or_to_cor_CAT",1000
0.1,50,0.3,0.1,"CAT","lipsey_cooper (z)","population",1000,1000,1000,1000,0,0.0550595522702863,0.00804277019992034,0.254334725290761,0.00568994303100298,0.275874840545531,1.08469199489038,0.0242665866804285,0.26010194276945,0.961,0.00612200947402077,1.05543245051223,"09b_or_to_cor_CAT",1000
0.25,50,0.3,0.1,"CAT","lipsey_cooper (z)","population",1000,1000,1000,1000,0,0.152036140519516,0.00761366845960512,0.240765336817379,0.00538637045635426,0.266376442374467,1.10637372428953,0.0247516474795537,0.284648849443385,0.94,0.00750999334220744,1.02059153986638,"09b_or_to_cor_CAT",1000
0.5,50,0.3,0.1,"CAT","lipsey_cooper (z)","population",1000,1000,1000,1000,0,0.285399305537565,0.00370103381618892,0.117036965564619,0.00261833560408565,0.286646948956907,2.44920011018776,0.054793182812779,0.308442405091437,0.986,0.00371537346709587,1.11749879154479,"09b_or_to_cor_CAT",1000
0,100,0.3,0.1,"CAT","lipsey_cooper (z)","population",1000,1000,1000,1000,0,-0.0218215722300675,0.0065331453029547,0.206596194421676,0.00462194289567606,0.208552483320263,1.0094691429533,0.0225837109281607,0.207642689677632,0.968,0.00556560868189635,0.79629841260274,"09b_or_to_cor_CAT",1000
0.1,100,0.3,0.1,"CAT","lipsey_cooper (z)","population",1000,1000,1000,1000,0,0.0567137016185532,0.00583965983635931,0.184666258435016,0.00413132925141263,0.185685910110172,1.00552159167461,0.0224953968300286,0.19309057286326,0.936,0.0077397674383666,0.713833950553768,"09b_or_to_cor_CAT",1000
0.25,100,0.3,0.1,"CAT","lipsey_cooper (z)","population",1000,1000,1000,1000,0,0.163221305283627,0.00599372048828916,0.189538084014103,0.00424032109265766,0.183371415044928,0.967464749887855,0.0216439941697785,0.250059903033126,0.855,0.0111344061359374,0.704286907456305,"09b_or_to_cor_CAT",1000
0.5,100,0.3,0.1,"CAT","lipsey_cooper (z)","population",1000,1000,1000,1000,0,0.403648721590224,0.00272583387400635,0.0861984356510052,0.00192842006790495,0.248538160835113,2.88332565385965,0.0645053823913946,0.412740875828641,0.812,0.0123554036761249,0.969464899219864,"09b_or_to_cor_CAT",1000
0,300,0.3,0.1,"CAT","lipsey_cooper (z)","population",1000,1000,1000,1000,0,-0.00545613006539344,0.00359373750747492,0.113643958363971,0.00254242769314899,0.110140137951011,0.969168440950128,0.0216821089222005,0.113718088616763,0.954,0.00662449998113065,0.42829026013718,"09b_or_to_cor_CAT",1000
0.1,300,0.3,0.1,"CAT","lipsey_cooper (z)","population",1000,1000,1000,1000,0,0.0651871473413832,0.00314058510347079,0.0993140211256328,0.0022218402215374,0.0999007781496355,1.00590809854794,0.0225040437109759,0.118755108083222,0.89,0.00989444288477123,0.390132158619942,"09b_or_to_cor_CAT",1000
0.25,300,0.3,0.1,"CAT","lipsey_cooper (z)","population",1000,1000,1000,1000,0,0.151206137835784,0.00305793891540674,0.0967005191835026,0.00216337129974492,0.0972055674130969,1.00522280783866,0.0224887124773387,0.179457336264536,0.646,0.0151223014121528,0.379444760751787,"09b_or_to_cor_CAT",1000
0.5,300,0.3,0.1,"CAT","lipsey_cooper (z)","population",1000,1000,1000,1000,0,0.560110121627072,0.00253624171903616,0.0802030052889508,0.00179429108820139,0.20029529866891,2.49735403239938,0.0558704760286003,0.565817495208849,0.001,0.000999499874937461,0.77775794956272,"09b_or_to_cor_CAT",1000
0,25,0.5,0.1,"CAT","lipsey_cooper (z)","population",1000,1000,1000,1000,0,0.00919621383182216,0.00959490397720076,0.303417504985627,0.00678801652430116,0.385795160969164,1.27149935198182,0.0284458163094435,0.303405158984174,0.98,0.00442718872423573,1.48416434431047,"09b_or_to_cor_CAT",1000
0.1,25,0.5,0.1,"CAT","lipsey_cooper (z)","population",1000,1000,1000,1000,0,0.0324065700442584,0.0093364691982985,0.295245079706295,0.00660518410056758,0.389103348771449,1.31789951981087,0.0294838747628241,0.296871475921348,0.991,0.00298646948753876,1.50254215331926,"09b_or_to_cor_CAT",1000
0.25,25,0.5,0.1,"CAT","lipsey_cooper (z)","population",1000,1000,1000,1000,0,0.0983876192077177,0.00778755436844729,0.246264092066875,0.00550938788574891,0.392577122601699,1.59413059089058,0.035663679962604,0.265076367584596,0.998,0.00141279864099595,1.52147007784581,"09b_or_to_cor_CAT",1000
0,50,0.5,0.1,"CAT","lipsey_cooper (z)","population",1000,1000,1000,1000,0,-0.00431359266517021,0.00875050609579129,0.27671529941888,0.00619063829251144,0.298700756141505,1.07945154015262,0.0241493479161179,0.276610543286457,0.98,0.00442718872423573,1.14274772285593,"09b_or_to_cor_CAT",1000
0.1,50,0.5,0.1,"CAT","lipsey_cooper (z)","population",1000,1000,1000,1000,0,0.0895221485912113,0.00859271890479348,0.271725630327349,0.0060790100717016,0.305031312317043,1.12257099909777,0.0251140107817374,0.285963631336234,0.987,0.00358203852575597,1.17012031110375,"09b_or_to_cor_CAT",1000
0.25,50,0.5,0.1,"CAT","lipsey_cooper (z)","population",1000,1000,1000,1000,0,0.227199680802641,0.00680654489116303,0.21524184852258,0.00481536233237966,0.320098450698121,1.48715713461521,0.0332704838650578,0.31289362291182,0.992,0.00281709069786544,1.23824978765125,"09b_or_to_cor_CAT",1000
0,100,0.5,0.1,"CAT","lipsey_cooper (z)","population",1000,1000,1000,1000,0,0.0129986863994141,0.00669398817913048,0.211682492762955,0.00473573289335521,0.202223499190398,0.955315182426781,0.0213721856441208,0.211975550742784,0.955,0.00655553201502365,0.777924367526124,"09b_or_to_cor_CAT",1000
0.1,100,0.5,0.1,"CAT","lipsey_cooper (z)","population",1000,1000,1000,1000,0,0.096749545536707,0.00653619127446161,0.206692516498174,0.00462409780050581,0.209367748678009,1.01294305292305,0.0226614287852096,0.228121785767013,0.963,0.00596917079668525,0.80533867194746,"09b_or_to_cor_CAT",1000
0.25,100,0.5,0.1,"CAT","lipsey_cooper (z)","population",1000,1000,1000,1000,0,0.310472955355662,0.00599860119923732,0.189692425646074,0.00424377400335329,0.254733495480014,1.34287647286082,0.0300426558721665,0.363786598349118,0.905,0.00927227048785787,0.979270775764829,"09b_or_to_cor_CAT",1000
0,300,0.5,0.1,"CAT","lipsey_cooper (z)","population",1000,1000,1000,1000,0,-0.00192515843830936,0.0035466498436637,0.112154915690574,0.00250911502625823,0.108894882832923,0.970932768861913,0.0217215802342464,0.112115354093268,0.952,0.00675988165576884,0.425273296891763,"09b_or_to_cor_CAT",1000
0.1,300,0.5,0.1,"CAT","lipsey_cooper (z)","population",1000,1000,1000,1000,0,0.0934383166178998,0.00352979907523727,0.111622047605058,0.00249719377151743,0.111745581826669,1.00110671882716,0.0223966278752098,0.145525740136999,0.887,0.0100115433375679,0.436064237129809,"09b_or_to_cor_CAT",1000
0.25,300,0.5,0.1,"CAT","lipsey_cooper (z)","population",1000,1000,1000,1000,0,0.328772234977424,0.00470190032388506,0.148687143545602,0.00332640922410359,0.148223410665258,0.996881150116371,0.0223020940076441,0.360800417517975,0.329,0.0148579608291313,0.567855076281413,"09b_or_to_cor_CAT",1000
0,25,0.3,0.3,"CAT","lipsey_cooper (z)","population",1000,1000,1000,1000,0,0.00668678023170614,0.00853562870462716,0.269920279681344,0.0060386210044399,0.259802840188567,0.962516934612245,0.021533302297035,0.269868140868349,0.947,0.00708456067798138,1.00778144818491,"09b_or_to_cor_CAT",1000
0.1,25,0.3,0.3,"CAT","lipsey_cooper (z)","population",1000,1000,1000,1000,0,0.0114717384128523,0.00843832017230472,0.266843113702274,0.00596977905178152,0.252203385942538,0.9451373222392,0.0211444878943203,0.266956256463877,0.949,0.00695693898205238,0.978829446663859,"09b_or_to_cor_CAT",1000
0.25,25,0.3,0.3,"CAT","lipsey_cooper (z)","population",1000,1000,1000,1000,0,0.0470394039323281,0.00791147809774052,0.250182904473963,0.00559705904162439,0.242435040757132,0.96903120245917,0.0216790386407266,0.254443706402115,0.947,0.00708456067798138,0.94492367351679,"09b_or_to_cor_CAT",1000
0.5,25,0.3,0.3,"CAT","lipsey_cooper (z)","population",1000,1000,1000,1000,0,0.0794551159016597,0.00736032522696924,0.232753920368186,0.00520714010099702,0.239681770949034,1.02976469985936,0.023037760458542,0.245831911073927,0.962,0.00604615580348373,0.935255869758281,"09b_or_to_cor_CAT",1000
0.75,25,0.3,0.3,"CAT","lipsey_cooper (z)","population",1000,1000,1000,1000,0,0.127023548519353,0.00641351054757609,0.202813011278541,0.00453730601985944,0.24975796785277,1.23146915613691,0.0275502660316864,0.239221584111414,0.983,0.00408790900094413,0.976273827407391,"09b_or_to_cor_CAT",1000
0,50,0.3,0.3,"CAT","lipsey_cooper (z)","population",1000,1000,1000,1000,0,-0.0102351405893221,0.00564694858649843,0.178572193632034,0.00399499363496636,0.17923183075406,1.0036939520572,0.0224545091168295,0.178776112534928,0.969,0.00548078461536303,0.697389688208474,"09b_or_to_cor_CAT",1000
0.1,50,0.3,0.3,"CAT","lipsey_cooper (z)","population",1000,1000,1000,1000,0,0.0126387283340621,0.00563196293074325,0.178098305587858,0.00398439187395496,0.172158597785583,0.966649273935146,0.0216257504489938,0.178457347567185,0.956,0.00648567652600714,0.670798789906251,"09b_or_to_cor_CAT",1000
0.25,50,0.3,0.3,"CAT","lipsey_cooper (z)","population",1000,1000,1000,1000,0,0.0353805424850269,0.00514284537028715,0.162631050241594,0.00363836047118208,0.164379595446455,1.01075160740992,0.0226124020543492,0.166355620376097,0.958,0.00634318531969546,0.642687751499564,"09b_or_to_cor_CAT",1000
0.5,50,0.3,0.3,"CAT","lipsey_cooper (z)","population",1000,1000,1000,1000,0,0.0853485917581258,0.00563156436112452,0.178085701709845,0.00398410990165336,0.163906803603997,0.920381602960191,0.0205906561978107,0.197401075861885,0.906,0.00922843432007835,0.640869034255078,"09b_or_to_cor_CAT",1000
0.75,50,0.3,0.3,"CAT","lipsey_cooper (z)","population",1000,1000,1000,1000,0,0.183242172199319,0.00547145843900183,0.173022707901952,0.00387084126993076,0.182899275197825,1.05708249174709,0.0236489105065596,0.251961533303399,0.883,0.010164201887015,0.711996462144069,"09b_or_to_cor_CAT",1000
0,100,0.3,0.3,"CAT","lipsey_cooper (z)","population",1000,1000,1000,1000,0,-0.00719214928030803,0.00406870898335272,0.128663875237827,0.00287845129843898,0.123163244657114,0.957248057618773,0.0214154276737568,0.128800486837955,0.946,0.00714730718522718,0.48117890883467,"09b_or_to_cor_CAT",1000
0.1,100,0.3,0.3,"CAT","lipsey_cooper (z)","population",1000,1000,1000,1000,0,0.0179263217730289,0.00379902787874106,0.120135809912997,0.00268766254237164,0.118521174059702,0.986559912032349,0.0220711886263975,0.121406479328488,0.944,0.00727076337120113,0.463823966702122,"09b_or_to_cor_CAT",1000
0.25,100,0.3,0.3,"CAT","lipsey_cooper (z)","population",1000,1000,1000,1000,0,0.0331494484298406,0.00354371593067177,0.112062137215461,0.00250703939841273,0.114508277804376,1.02182843063408,0.0228602112869969,0.116808606728709,0.947,0.00708456067798138,0.448521187823744,"09b_or_to_cor_CAT",1000
0.5,100,0.3,0.3,"CAT","lipsey_cooper (z)","population",1000,1000,1000,1000,0,0.0808902896214789,0.00388412411896478,0.122826789307235,0.00274786477953493,0.112927243956702,0.919402392536933,0.0205687494309808,0.147018953561774,0.869,0.0106695360723885,0.442380460648129,"09b_or_to_cor_CAT",1000
0.75,100,0.3,0.3,"CAT","lipsey_cooper (z)","population",1000,1000,1000,1000,0,0.173019291095161,0.00411314090548812,0.130068935985498,0.00290988513273042,0.124266793618092,0.955391790334526,0.0213738995061595,0.216417848781849,0.722,0.0141674274305535,0.484490749285723,"09b_or_to_cor_CAT",1000
0,300,0.3,0.3,"CAT","lipsey_cooper (z)","population",1000,1000,1000,1000,0,0.00369950581263489,0.00212856724672334,0.0673112065247935,0.00150587746142923,0.0696230468642445,1.03434554896293,0.0231402426123381,0.0673791812695679,0.958,0.00634318531969546,0.272769829369771,"09b_or_to_cor_CAT",1000
0.1,300,0.3,0.3,"CAT","lipsey_cooper (z)","population",1000,1000,1000,1000,0,0.0172893544895909,0.00213349360289634,0.0674669915855123,0.00150936266432301,0.0675513532644176,1.00125041411989,0.0223998426074039,0.069614401795266,0.936,0.0077397674383666,0.264694917565209,"09b_or_to_cor_CAT",1000
0.25,300,0.3,0.3,"CAT","lipsey_cooper (z)","population",1000,1000,1000,1000,0,0.0325868617284648,0.00210379287429442,0.0665277720800268,0.00148835056904695,0.0654138534100632,0.983256335885956,0.0219972814552471,0.0740501321456225,0.915,0.00881901355027874,0.256363921986675,"09b_or_to_cor_CAT",1000
0.5,300,0.3,0.3,"CAT","lipsey_cooper (z)","population",1000,1000,1000,1000,0,0.0662644701033339,0.00210284023944257,0.0664976471209237,0.00148767661742311,0.064121883892904,0.964272973091823,0.0215725881589936,0.0938535834884418,0.822,0.0120961150788177,0.251333933306747,"09b_or_to_cor_CAT",1000
0.75,300,0.3,0.3,"CAT","lipsey_cooper (z)","population",1000,1000,1000,1000,0,0.159285043683385,0.0022346760932482,0.0706666628739114,0.00158094528965312,0.0683976092910873,0.967890749463114,0.0216535245762603,0.174242671598295,0.344,0.0150221170279026,0.267983287845868,"09b_or_to_cor_CAT",1000
0,25,0.5,0.3,"CAT","lipsey_cooper (z)","population",1000,1000,1000,1000,0,-0.0027551474744822,0.00849037275547841,0.268489160911516,0.00600660420350322,0.257269544395243,0.958212031807232,0.0214369935775452,0.268369025662518,0.946,0.00714730718522718,0.998827839359839,"09b_or_to_cor_CAT",1000
0.1,25,0.5,0.3,"CAT","lipsey_cooper (z)","population",1000,1000,1000,1000,0,0.0327718975015424,0.00855705065734368,0.270597701306471,0.00605377619196112,0.257975181021778,0.953353187319218,0.0213282921475628,0.272440617570591,0.951,0.00682634602111555,1.00193525941872,"09b_or_to_cor_CAT",1000
0.25,25,0.5,0.3,"CAT","lipsey_cooper (z)","population",1000,1000,1000,1000,0,0.0714942955600949,0.00793423722218672,0.250902611181975,0.00561316022545975,0.263830610784471,1.05152596675496,0.0235246006600792,0.260769251399143,0.953,0.00669260786241059,1.02433407547883,"09b_or_to_cor_CAT",1000
0.5,25,0.5,0.3,"CAT","lipsey_cooper (z)","population",1000,1000,1000,1000,0,0.158644801259953,0.00643135240619436,0.203377220387786,0.00454992843186198,0.283002497686652,1.39151522056916,0.031130795540249,0.257854812725493,0.984,0.00396787096564392,1.10051779912836,"09b_or_to_cor_CAT",1000
0,50,0.5,0.3,"CAT","lipsey_cooper (z)","population",1000,1000,1000,1000,0,0.00138303930879546,0.00600965708878675,0.190042043571429,0.00425159560960706,0.175971684140922,0.9259618599859,0.0207154969742259,0.189952033798561,0.935,0.0077958322198467,0.686881452856141,"09b_or_to_cor_CAT",1000
0.1,50,0.5,0.3,"CAT","lipsey_cooper (z)","population",1000,1000,1000,1000,0,0.0231780859199222,0.00559255734651939,0.176852191601088,0.00395651397569804,0.175771228237681,0.993887758169006,0.0222351262366073,0.17827687635626,0.958,0.00634318531969546,0.686325104094829,"09b_or_to_cor_CAT",1000
0.25,50,0.5,0.3,"CAT","lipsey_cooper (z)","population",1000,1000,1000,1000,0,0.0819987918141185,0.0059962344772604,0.18961758332572,0.00424209964080356,0.181642848956523,0.95794306504003,0.0214309762883966,0.206501028901444,0.933,0.00790638982089803,0.706991950362063,"09b_or_to_cor_CAT",1000
0.5,50,0.5,0.3,"CAT","lipsey_cooper (z)","population",1000,1000,1000,1000,0,0.214841409999905,0.00564917634872356,0.178642641659201,0.00399656968896672,0.213769260126575,1.19663064843379,0.0267708635183675,0.279353023388518,0.939,0.00756828910652864,0.824703228751981,"09b_or_to_cor_CAT",1000
0,100,0.5,0.3,"CAT","lipsey_cooper (z)","population",1000,1000,1000,1000,0,-0.00284085365152354,0.00407468852140291,0.12885296483377,0.00288268158601547,0.121707209808681,0.944543340276978,0.0211311994079658,0.128819850602986,0.945,0.00720936890441875,0.476514358290937,"09b_or_to_cor_CAT",1000
0.1,100,0.5,0.3,"CAT","lipsey_cooper (z)","population",1000,1000,1000,1000,0,0.0197866996130143,0.00391992084005008,0.123958781021188,0.00277318954931066,0.122016730121447,0.984333091340986,0.0220213704867014,0.125466836632005,0.953,0.00669260786241059,0.477630109851096,"09b_or_to_cor_CAT",1000
0.25,100,0.5,0.3,"CAT","lipsey_cooper (z)","population",1000,1000,1000,1000,0,0.0712943808115584,0.00387937151736374,0.122676498848529,0.00274450250115488,0.124143346691862,1.01195704032232,0.0226393698409597,0.141835688674137,0.918,0.00867617427210864,0.485565217223318,"09b_or_to_cor_CAT",1000
0.5,100,0.5,0.3,"CAT","lipsey_cooper (z)","population",1000,1000,1000,1000,0,0.215389947005115,0.00484379221143007,0.153174159007029,0.00342679214399611,0.150667490130066,0.983635171276845,0.0220057567107979,0.264256863553985,0.737,0.0139223202089307,0.580295627459217,"09b_or_to_cor_CAT",1000
0,300,0.5,0.3,"CAT","lipsey_cooper (z)","population",1000,1000,1000,1000,0,0.0034922095691488,0.00224678251136574,0.0710495014294888,0.00158951010347796,0.0697154551599862,0.981223706814796,0.0219518077449434,0.0710997830474919,0.948,0.00702111102319284,0.273185908428645,"09b_or_to_cor_CAT",1000
0.1,300,0.5,0.3,"CAT","lipsey_cooper (z)","population",1000,1000,1000,1000,0,0.0222262460740297,0.00218166667761802,0.0689903579656525,0.00154344321666769,0.0698234364768664,1.01207528900819,0.0226420152850111,0.0724494019111266,0.946,0.00714730718522718,0.273607749910405,"09b_or_to_cor_CAT",1000
0.25,300,0.5,0.3,"CAT","lipsey_cooper (z)","population",1000,1000,1000,1000,0,0.0569386116641753,0.00222501637516439,0.0703611957669119,0.00157411141970208,0.070824870566885,1.0065899221143,0.0225192973781476,0.0904862015454495,0.877,0.0103860964755773,0.277475037362692,"09b_or_to_cor_CAT",1000
0.5,300,0.5,0.3,"CAT","lipsey_cooper (z)","population",1000,1000,1000,1000,0,0.195131517512317,0.00258011850822206,0.0815905111913758,0.00182533218780332,0.0809913610212142,0.992656619484142,0.0222075833638355,0.211486793043001,0.305,0.0145593612497252,0.316217546401846,"09b_or_to_cor_CAT",1000
0,25,0.3,0.5,"CAT","lipsey_cooper (z)","population",1000,1000,1000,1000,0,-0.00169373403162062,0.00734262827867861,0.23219429372586,0.00519462020734182,0.231522214210159,0.997105529576477,0.0223071137954213,0.232084347993961,0.959,0.00627048642451286,0.904524456906773,"09b_or_to_cor_CAT",1000
0.1,25,0.3,0.5,"CAT","lipsey_cooper (z)","population",1000,1000,1000,1000,0,0.00640967501697774,0.00776402621034941,0.245520066379497,0.00549274264090495,0.234941951831945,0.956915478626496,0.0214079872602733,0.245480970394491,0.959,0.00627048642451286,0.917481104219505,"09b_or_to_cor_CAT",1000
0.25,25,0.3,0.5,"CAT","lipsey_cooper (z)","population",1000,1000,1000,1000,0,0.0467380214702515,0.00746776303464127,0.236151402158773,0.00528314811687142,0.240002451529791,1.01630754395618,0.0227366987361961,0.240616208738661,0.957,0.00641490451994416,0.936035793637804,"09b_or_to_cor_CAT",1000
0.5,25,0.3,0.5,"CAT","lipsey_cooper (z)","population",1000,1000,1000,1000,0,0.111706879681069,0.00622411868628225,0.196823914758669,0.00440331874004033,0.262315526070557,1.33274214361699,0.0298159319909154,0.226228514417586,0.981,0.00431729081716764,1.02235209334997,"09b_or_to_cor_CAT",1000
0,50,0.3,0.5,"CAT","lipsey_cooper (z)","population",1000,1000,1000,1000,0,6.58851579611387e-05,0.00526469235086107,0.166484190087873,0.00372456240916262,0.15969882366268,0.959243178456696,0.0214600622547986,0.166400940215252,0.942,0.00739161687318817,0.625483630957064,"09b_or_to_cor_CAT",1000
0.1,50,0.3,0.5,"CAT","lipsey_cooper (z)","population",1000,1000,1000,1000,0,0.0150572984684379,0.00534554115805768,0.169040853856364,0.00378175975480826,0.161213603734742,0.953696103970977,0.0213359638338048,0.169625934630833,0.945,0.00720936890441875,0.63071058693713,"09b_or_to_cor_CAT",1000
0.25,50,0.3,0.5,"CAT","lipsey_cooper (z)","population",1000,1000,1000,1000,0,0.0507069326121408,0.00519982136040264,0.164432789248676,0.00367866873933268,0.16534839804606,1.00556828599434,0.0224964414692097,0.171995049501001,0.953,0.00669260786241059,0.645729392841241,"09b_or_to_cor_CAT",1000
0.5,50,0.3,0.5,"CAT","lipsey_cooper (z)","population",1000,1000,1000,1000,0,0.152764073132308,0.00550047846624706,0.173940401740503,0.00389137179581662,0.198761324054852,1.14269785550673,0.0255642861667807,0.231434375437754,0.949,0.00695693898205238,0.768058142095331,"09b_or_to_cor_CAT",1000
0,100,0.3,0.5,"CAT","lipsey_cooper (z)","population",1000,1000,1000,1000,0,0.00623589536315953,0.00365300793254091,0.11551825377492,0.00258435918362626,0.111328726949314,0.963732772192277,0.0215605028555015,0.115628754551936,0.945,0.00720936890441875,0.436347493033292,"09b_or_to_cor_CAT",1000
0.1,100,0.3,0.5,"CAT","lipsey_cooper (z)","population",1000,1000,1000,1000,0,0.00512602909994186,0.00366136115279142,0.115782405792806,0.00259026875783631,0.111617628789164,0.964029275647497,0.0215671361918136,0.115837973480255,0.944,0.00727076337120113,0.437447746843545,"09b_or_to_cor_CAT",1000
0.25,100,0.3,0.5,"CAT","lipsey_cooper (z)","population",1000,1000,1000,1000,0,0.0346867068142572,0.00366974495041584,0.116047524752157,0.00259619996433366,0.114200577980935,0.984084565567715,0.0220158105007812,0.121064976779908,0.944,0.00727076337120113,0.447208493736409,"09b_or_to_cor_CAT",1000
0.5,100,0.3,0.5,"CAT","lipsey_cooper (z)","population",1000,1000,1000,1000,0,0.1589116132328,0.00472846310198632,0.149527132343418,0.0033452013430358,0.141161471257006,0.944052554507643,0.0211202196132691,0.218148815636919,0.828,0.0119338174948337,0.543976139588806,"09b_or_to_cor_CAT",1000
0,300,0.3,0.5,"CAT","lipsey_cooper (z)","population",1000,1000,1000,1000,0,-0.000103767677111992,0.00196524337422938,0.062146452191195,0.00139033225660631,0.063819589361393,1.02692248891458,0.0229741748890159,0.0621154578680971,0.955,0.00655553201502365,0.250166044733788,"09b_or_to_cor_CAT",1000
0.1,300,0.3,0.5,"CAT","lipsey_cooper (z)","population",1000,1000,1000,1000,0,0.0101886485129882,0.00214059569956039,0.0676915796017231,0.00151438711788995,0.0640397291353278,0.946051628756757,0.0211649426395063,0.0684205843116577,0.931,0.00801492358042171,0.251022929324207,"09b_or_to_cor_CAT",1000
0.25,300,0.3,0.5,"CAT","lipsey_cooper (z)","population",1000,1000,1000,1000,0,0.0348855293525121,0.0021012912655184,0.0664486642645578,0.00148658077940139,0.065283768707435,0.982469240427695,0.0219796726591523,0.0750200620885264,0.924,0.00837997613361756,0.255857028319861,"09b_or_to_cor_CAT",1000
0.5,300,0.3,0.5,"CAT","lipsey_cooper (z)","population",1000,1000,1000,1000,0,0.142253623452043,0.00254024947616949,0.0803297416974522,0.00179712641846745,0.0764952870858906,0.952266065711957,0.0213039712059139,0.163347812715732,0.558,0.0157046489932122,0.298703453017195,"09b_or_to_cor_CAT",1000
0,25,0.5,0.5,"CAT","lipsey_cooper (z)","population",1000,1000,1000,1000,0,0.00285001383761602,0.00813997789270598,0.257408702443686,0.00575871364366217,0.227205391744549,0.882663987610346,0.0197468426668014,0.257295750902581,0.924,0.00837997613361756,0.889306533944191,"09b_or_to_cor_CAT",1000
0.1,25,0.5,0.5,"CAT","lipsey_cooper (z)","population",1000,1000,1000,1000,0,0.0241703697991196,0.00752952515227348,0.238104491807103,0.00532684238166652,0.227190305663993,0.954162199712082,0.0213463912664366,0.239209661272129,0.943,0.00733150734842434,0.889331814572327,"09b_or_to_cor_CAT",1000
0.25,25,0.5,0.5,"CAT","lipsey_cooper (z)","population",1000,1000,1000,1000,0,0.0469730717496877,0.00759424246524638,0.240151032937507,0.00537262733073034,0.227878050733732,0.9488947348939,0.0212285482361583,0.244583964257536,0.934,0.00785136930732467,0.891641713035751,"09b_or_to_cor_CAT",1000
0.5,25,0.5,0.5,"CAT","lipsey_cooper (z)","population",1000,1000,1000,1000,0,0.108419218643263,0.00725826102674735,0.229526366965539,0.00513493370067326,0.234209609619978,1.02040394189284,0.0228283428121879,0.253740808208854,0.944,0.00727076337120113,0.915228111692969,"09b_or_to_cor_CAT",1000
0.75,25,0.5,0.5,"CAT","lipsey_cooper (z)","population",1000,1000,1000,1000,0,0.194823343395877,0.00593951613656036,0.187823991908544,0.00420197364946298,0.247786591690746,1.31924888387741,0.0295140625582888,0.270552599722258,0.966,0.00573096850453743,0.968460529578139,"09b_or_to_cor_CAT",1000
0,50,0.5,0.5,"CAT","lipsey_cooper (z)","population",1000,1000,1000,1000,0,0.0052423466665025,0.00511947752262884,0.161892094015433,0.00362182863965788,0.15770370408495,0.974128508523189,0.0217930749017315,0.161896026057371,0.941,0.00745110730026082,0.618061686075061,"09b_or_to_cor_CAT",1000
0.1,50,0.5,0.5,"CAT","lipsey_cooper (z)","population",1000,1000,1000,1000,0,0.0162821324448487,0.00509372088170125,0.161077597513371,0.0036036068310142,0.157522525667112,0.97792944580041,0.0218781089707013,0.161818275436399,0.94,0.00750999334220744,0.617355271860396,"09b_or_to_cor_CAT",1000
0.25,50,0.5,0.5,"CAT","lipsey_cooper (z)","population",1000,1000,1000,1000,0,0.0297272394246462,0.00505521865282208,0.159860050130857,0.00357636802107141,0.157239257679533,0.983605707309746,0.0220050975468003,0.1625219651494,0.935,0.0077958322198467,0.616126922008146,"09b_or_to_cor_CAT",1000
0.5,50,0.5,0.5,"CAT","lipsey_cooper (z)","population",1000,1000,1000,1000,0,0.0786881566163881,0.00515647898108156,0.16306218287002,0.00364800571365435,0.158924936333756,0.974627798650521,0.0218042449548071,0.18098207700913,0.919,0.00862780389206894,0.62209691147268,"09b_or_to_cor_CAT",1000
0.75,50,0.5,0.5,"CAT","lipsey_cooper (z)","population",1000,1000,1000,1000,0,0.222780356400721,0.00565208059770272,0.178734482075865,0.00399862433069197,0.176516950919898,0.987593154212818,0.022094304184595,0.285561125270715,0.767,0.0133682833602524,0.687573082646297,"09b_or_to_cor_CAT",1000
0,100,0.5,0.5,"CAT","lipsey_cooper (z)","population",1000,1000,1000,1000,0,-0.0022914205353031,0.00359179286544845,0.113582463383598,0.00254105193553423,0.110742554764693,0.974996944648808,0.0218125034405407,0.113548780796483,0.945,0.00720936890441875,0.434090734147215,"09b_or_to_cor_CAT",1000
0.1,100,0.5,0.5,"CAT","lipsey_cooper (z)","population",1000,1000,1000,1000,0,0.00509053933290996,0.00359120858901095,0.113563986940341,0.00254063858297522,0.110730316223672,0.975047805268069,0.021813641287627,0.113621282959471,0.957,0.00641490451994416,0.43403532188276,"09b_or_to_cor_CAT",1000
0.25,100,0.5,0.5,"CAT","lipsey_cooper (z)","population",1000,1000,1000,1000,0,0.030906510226832,0.00349256926871484,0.110444737750476,0.00247085515025856,0.110295830939053,0.998651752772877,0.0223417056974538,0.114634438242074,0.949,0.00695693898205238,0.432331877415559,"09b_or_to_cor_CAT",1000
0.5,100,0.5,0.5,"CAT","lipsey_cooper (z)","population",1000,1000,1000,1000,0,0.0812918478501575,0.00355523951608614,0.112426544982671,0.00251519188106371,0.110462600103344,0.982531306288658,0.0219810611884326,0.138691934933567,0.883,0.010164201887015,0.432924480633313,"09b_or_to_cor_CAT",1000
0.75,100,0.5,0.5,"CAT","lipsey_cooper (z)","population",1000,1000,1000,1000,0,0.203581025255217,0.00392791590613296,0.124211607209843,0.0027788457435584,0.119365061527895,0.960981539561275,0.0214989526408482,0.238449845221699,0.586,0.0155757503832079,0.466325785369929,"09b_or_to_cor_CAT",1000
0,300,0.5,0.5,"CAT","lipsey_cooper (z)","population",1000,1000,1000,1000,0,-0.00166706330961338,0.00200640248442872,0.0634480175381526,0.00141945070540189,0.0637527922114954,1.00480353343049,0.0224793325254107,0.0634381933748941,0.948,0.00702111102319284,0.249905522675694,"09b_or_to_cor_CAT",1000
0.1,300,0.5,0.5,"CAT","lipsey_cooper (z)","population",1000,1000,1000,1000,0,0.0133978614179423,0.00199271874618783,0.0630152997406852,0.00140976999973625,0.063692705758448,1.01074986583497,0.0226123630920634,0.0643930102105918,0.953,0.00669260786241059,0.249669707101491,"09b_or_to_cor_CAT",1000
0.25,300,0.5,0.5,"CAT","lipsey_cooper (z)","population",1000,1000,1000,1000,0,0.0302707541027806,0.00196484052834803,0.0621337130858841,0.0013900472590174,0.0634038745423768,1.02044238777002,0.0228292029182968,0.0690873089466375,0.935,0.0077958322198467,0.24853708383366,"09b_or_to_cor_CAT",1000
0.5,300,0.5,0.5,"CAT","lipsey_cooper (z)","population",1000,1000,1000,1000,0,0.0738479858430694,0.00201882238617596,0.0638407693165205,0.00142823729654348,0.0631199039514279,0.988708385365494,0.0221192539892977,0.0975965839370233,0.788,0.0129250145067617,0.247422164633497,"09b_or_to_cor_CAT",1000
0.75,300,0.5,0.5,"CAT","lipsey_cooper (z)","population",1000,1000,1000,1000,0,0.186003831517069,0.00213751714912104,0.0675942272889228,0.00151220916474912,0.0664148166381104,0.9825516068736,0.0219815153504495,0.197893496412222,0.192,0.0124553602918583,0.260261723334882,"09b_or_to_cor_CAT",1000
0,25,0.3,0.1,"CAT","pearson (r)","population",1000,1000,1000,1000,0,0.0689119063125142,0.0124289263458165,0.393037161232538,0.00879297568951162,0.521507952623117,1.32686678019886,0.0296844891330933,0.39883904363947,0.986,0.00371537346709587,1.54002245128606,"09b_or_to_cor_CAT",1000
0.1,25,0.3,0.1,"CAT","pearson (r)","population",1000,1000,1000,1000,0,0.151389961169305,0.0125018896859942,0.39534446463909,0.00884459437792907,0.486197593881869,1.22980751564517,0.0275130920290991,0.423154662999112,0.988,0.00344325427466518,1.47490135975987,"09b_or_to_cor_CAT",1000
0.25,25,0.3,0.1,"CAT","pearson (r)","population",1000,1000,1000,1000,0,0.232306651993358,0.0105491140107117,0.333592275706428,0.00746308252709986,0.430439249155915,1.29031539547611,0.0288667663603223,0.406372862239773,0.977,0.00474035863622153,1.35674338604015,"09b_or_to_cor_CAT",1000
0.5,25,0.3,0.1,"CAT","pearson (r)","population",1000,1000,1000,1000,0,0.292208170902432,0.00455199900898179,0.143946847752117,0.00322035994992682,0.289699950856484,2.01254807160043,0.0450244608221312,0.325707828313871,0.984,0.00396787096564392,1.10165929039917,"09b_or_to_cor_CAT",1000
0,50,0.3,0.1,"CAT","pearson (r)","population",1000,1000,1000,1000,0,-0.0176916854225022,0.0116598025759975,0.368715332080505,0.00824885092586936,0.408658357571728,1.10833025376472,0.0247954186997029,0.368955337199795,0.987,0.00358203852575597,1.32757059444975,"09b_or_to_cor_CAT",1000
0.1,50,0.3,0.1,"CAT","pearson (r)","population",1000,1000,1000,1000,0,0.11659427357514,0.0110315766470354,0.348849083873551,0.00780440583325329,0.38432619615801,1.10169759338488,0.0246470336938326,0.367652298057024,0.966,0.00573096850453743,1.25124460267351,"09b_or_to_cor_CAT",1000
0.25,50,0.3,0.1,"CAT","pearson (r)","population",1000,1000,1000,1000,0,0.283066302516531,0.0091060596339397,0.287958889525686,0.006442178411929,0.313003296338689,1.08697216069369,0.0243175982499546,0.403687915790391,0.921,0.00852988862764339,1.07797031016844,"09b_or_to_cor_CAT",1000
0.5,50,0.3,0.1,"CAT","pearson (r)","population",1000,1000,1000,1000,0,0.381915039000558,0.00215314468870047,0.0680884134818768,0.00152326503327593,0.160969270101982,2.36412132212226,0.0528898113534314,0.387931041595315,0.949,0.00695693898205238,0.791728849036087,"09b_or_to_cor_CAT",1000
0,100,0.3,0.1,"CAT","pearson (r)","population",1000,1000,1000,1000,0,-0.0302738099775391,0.0095129487918537,0.300825854468047,0.00673003645970542,0.298872918560361,0.993508084898023,0.0222266322361132,0.302195635461981,0.975,0.00493710441453288,1.04830778318495,"09b_or_to_cor_CAT",1000
0.1,100,0.3,0.1,"CAT","pearson (r)","population",1000,1000,1000,1000,0,0.128185604454536,0.0082771390834076,0.261746120135664,0.00585574978192762,0.26597443300268,1.01615425231451,0.0227332693157454,0.291331545775672,0.933,0.00790638982089803,0.940426961855632,"09b_or_to_cor_CAT",1000
0.25,100,0.3,0.1,"CAT","pearson (r)","population",1000,1000,1000,1000,0,0.308792131516454,0.00667273393408905,0.211010374520173,0.00472069635240643,0.208328468655094,0.987290170584374,0.0220875258746997,0.373943088268072,0.753,0.0136378517369856,0.772159637856223,"09b_or_to_cor_CAT",1000
0.5,100,0.3,0.1,"CAT","pearson (r)","population",1000,1000,1000,1000,0,0.43224417973588,0.00100841012480858,0.0318887280996979,0.000713410431906196,0.0859424030886091,2.69507152558472,0.0602937857877027,0.433417702689196,0.507,0.0158098387088547,0.517053838483989,"09b_or_to_cor_CAT",1000
0,300,0.3,0.1,"CAT","pearson (r)","population",1000,1000,1000,1000,0,-0.00783209356554166,0.00543338127894455,0.171818602375835,0.00384390317943174,0.167177687123516,0.972989448242819,0.0217675919949173,0.171911175261767,0.956,0.00648567652600714,0.631061980738393,"09b_or_to_cor_CAT",1000
0.1,300,0.3,0.1,"CAT","pearson (r)","population",1000,1000,1000,1000,0,0.149380047912883,0.0046306911451717,0.14643531159516,0.00327603153580814,0.146927249018983,1.00335941801512,0.0224470249652289,0.209132149360028,0.814,0.01230463327369,0.558370555080057,"09b_or_to_cor_CAT",1000
0.25,300,0.3,0.1,"CAT","pearson (r)","population",1000,1000,1000,1000,0,0.314137841652061,0.0035547819910846,0.112412076771757,0.00251486820015161,0.113823699585533,1.01255757258753,0.0226528048698311,0.333626171166098,0.312,0.0146511433000978,0.439022750308393,"09b_or_to_cor_CAT",1000
0.5,300,0.3,0.1,"CAT","pearson (r)","population",1000,1000,1000,1000,0,0.469892392091981,0.000537551980471755,0.016998886190251,0.000380296846616034,0.0334254666979318,1.96633275403076,0.0439905378144472,0.470199461202904,0,0,0.227738133237812,"09b_or_to_cor_CAT",1000
0,25,0.5,0.1,"CAT","pearson (r)","population",1000,1000,1000,1000,0,0.0104141461458285,0.0127030585958332,0.401705984134132,0.00898691345557771,0.504912000689162,1.25691929080292,0.0281196330979232,0.401640118055242,0.99,0.00314642654451046,1.50720837469411,"09b_or_to_cor_CAT",1000
0.1,25,0.5,0.1,"CAT","pearson (r)","population",1000,1000,1000,1000,0,0.0755399932778124,0.0122641650153586,0.387826950486872,0.00867641353981513,0.501080663731172,1.2920212561353,0.0289049296506813,0.394924833816303,0.998,0.00141279864099595,1.51119664785302,"09b_or_to_cor_CAT",1000
0.25,25,0.5,0.1,"CAT","pearson (r)","population",1000,1000,1000,1000,0,0.197853248344156,0.00963391733504538,0.304651215685229,0.00681561693784851,0.467817436339964,1.53558368473186,0.0343538762765217,0.363132838966133,1,0,1.463922623425,"09b_or_to_cor_CAT",1000
0,50,0.5,0.1,"CAT","pearson (r)","population",1000,1000,1000,1000,0,-0.00504569298662027,0.0115124405430701,0.364055335433672,0.00814459809364273,0.386823205356194,1.06253958589949,0.0237709958993682,0.363908243913464,0.993,0.00263647491928143,1.27413805661835,"09b_or_to_cor_CAT",1000
0.1,50,0.5,0.1,"CAT","pearson (r)","population",1000,1000,1000,1000,0,0.147737136100312,0.0110580175807237,0.349685219612719,0.00782311175206407,0.378524355131842,1.08247170283909,0.0242169145986098,0.37945188686565,0.997,0.00172945077987204,1.26777108302151,"09b_or_to_cor_CAT",1000
0.25,50,0.5,0.1,"CAT","pearson (r)","population",1000,1000,1000,1000,0,0.339521734109175,0.0076379014358826,0.241531650812595,0.00540351433229042,0.325220128755218,1.34649072972866,0.0301235135515646,0.416598378223457,0.995,0.00223047080231955,1.18330569288748,"09b_or_to_cor_CAT",1000
0,100,0.5,0.1,"CAT","pearson (r)","population",1000,1000,1000,1000,0,0.0168969348687678,0.00891464550642971,0.281905843333031,0.00630676045843933,0.269177868576131,0.954850262745836,0.0213617845221523,0.282271039975343,0.971,0.00530650544143696,0.96569309914881,"09b_or_to_cor_CAT",1000
0.1,100,0.5,0.1,"CAT","pearson (r)","population",1000,1000,1000,1000,0,0.161310905542806,0.00838163820355265,0.265050672467084,0.00592967879216108,0.264424573034731,0.997637812322736,0.0223190219550292,0.310165786900035,0.973,0.00512552436341883,0.958875424953212,"09b_or_to_cor_CAT",1000
0.25,100,0.5,0.1,"CAT","pearson (r)","population",1000,1000,1000,1000,0,0.420914775257081,0.00580024103521459,0.18341972649251,0.00410344200270494,0.219015952204722,1.19406977860511,0.0267135720752964,0.459106089373948,0.921,0.00852988862764339,0.889791556551725,"09b_or_to_cor_CAT",1000
0,300,0.5,0.1,"CAT","pearson (r)","population",1000,1000,1000,1000,0,-0.00274641013788502,0.00496243696776599,0.156926035631601,0.00351072863449603,0.152596774519278,0.972412091499675,0.021754675445778,0.156871596049243,0.958,0.00634318531969546,0.580755753836698,"09b_or_to_cor_CAT",1000
0.1,300,0.5,0.1,"CAT","pearson (r)","population",1000,1000,1000,1000,0,0.166961016378276,0.00468879195936259,0.148272620662695,0.00331713557267398,0.148702111346154,1.00289662839666,0.0224366714967383,0.223245977025818,0.83,0.0118785521003193,0.567276196078065,"09b_or_to_cor_CAT",1000
0.25,300,0.5,0.1,"CAT","pearson (r)","population",1000,1000,1000,1000,0,0.445304463588575,0.0038247540085631,0.120949341569185,0.00270586276561027,0.121963792960315,1.00838740730597,0.0225595104804991,0.46142191080908,0.146,0.0111661989951818,0.492412559899721,"09b_or_to_cor_CAT",1000
0,25,0.3,0.3,"CAT","pearson (r)","population",1000,1000,1000,1000,0,0.00848064539235714,0.0122151105093434,0.386275710801846,0.00864170940955867,0.373323583770861,0.966469217015747,0.0216217222392692,0.386175655857521,0.965,0.00581162627841812,1.2536512790223,"09b_or_to_cor_CAT",1000
0.1,25,0.3,0.3,"CAT","pearson (r)","population",1000,1000,1000,1000,0,0.0586588304846058,0.0119492968174765,0.377869943806271,0.00845365669563206,0.356259293510721,0.942809290207454,0.0210924054678256,0.382209062074075,0.962,0.00604615580348373,1.20530546671412,"09b_or_to_cor_CAT",1000
0.25,25,0.3,0.3,"CAT","pearson (r)","population",1000,1000,1000,1000,0,0.15827807495226,0.0101700462319545,0.321605100021894,0.00719490700891354,0.319964844522723,0.994899783930479,0.0222577671438688,0.358299259740131,0.943,0.00733150734842434,1.10503026332376,"09b_or_to_cor_CAT",1000
0.5,25,0.3,0.3,"CAT","pearson (r)","population",1000,1000,1000,1000,0,0.215311109874952,0.00664756764201006,0.210214546487866,0.00470289219231337,0.222223711137542,1.05712813337763,0.0236499315951165,0.300840222435644,0.94,0.00750999334220744,0.847098615297302,"09b_or_to_cor_CAT",1000
0.75,25,0.3,0.3,"CAT","pearson (r)","population",1000,1000,1000,1000,0,0.159542598496624,0.00277952019719894,0.08789614625589,0.0019664010263206,0.113300887611721,1.28903134480857,0.0288380397476317,0.182131401820678,0.984,0.00396787096564392,0.555895074161377,"09b_or_to_cor_CAT",1000
0,50,0.3,0.3,"CAT","pearson (r)","population",1000,1000,1000,1000,0,-0.013994741666773,0.00847934952957462,0.268140575901331,0.0059988057054918,0.268353606311236,1.00079447285883,0.0223896423494644,0.268371611521361,0.979,0.00453420334788814,0.966277354309913,"09b_or_to_cor_CAT",1000
0.1,50,0.3,0.3,"CAT","pearson (r)","population",1000,1000,1000,1000,0,0.0671933073419791,0.00826699381068092,0.261425298442665,0.00584857240119761,0.254037615081176,0.971740748100898,0.0217396562395375,0.269795819149824,0.948,0.00702111102319284,0.91816422606386,"09b_or_to_cor_CAT",1000
0.25,50,0.3,0.3,"CAT","pearson (r)","population",1000,1000,1000,1000,0,0.161713341515679,0.00684933338516528,0.216594939509536,0.00484563350601802,0.221249003003028,1.02148740641878,0.0228525819380944,0.270217799705136,0.912,0.00895857131466843,0.814246935926323,"09b_or_to_cor_CAT",1000
0.5,50,0.3,0.3,"CAT","pearson (r)","population",1000,1000,1000,1000,0,0.234334570107374,0.00464149775814547,0.14677704670305,0.00328367678870613,0.144880033825798,0.987075548119655,0.0220827243691403,0.276468169388156,0.741,0.0138534833164804,0.561249215277136,"09b_or_to_cor_CAT",1000
0.75,50,0.3,0.3,"CAT","pearson (r)","population",1000,1000,1000,1000,0,0.182058113747515,0.00176516096749503,0.0558192909411073,0.00124878183709592,0.0622165049796532,1.11460579184525,0.024935814212452,0.190414900229026,0.626,0.0153011110707687,0.291984717009769,"09b_or_to_cor_CAT",1000
0,100,0.3,0.3,"CAT","pearson (r)","population",1000,1000,1000,1000,0,-0.0104026294820438,0.00617263190002825,0.19519575961902,0.00436689386734689,0.187457761827576,0.960357756712816,0.0214849974529854,0.195375274507328,0.953,0.00669260786241059,0.704379239658334,"09b_or_to_cor_CAT",1000
0.1,100,0.3,0.3,"CAT","pearson (r)","population",1000,1000,1000,1000,0,0.0789575000701405,0.00568231963312815,0.179690724337773,0.00402001725683636,0.177732420557768,0.989101809304721,0.0221280556179337,0.196190607506952,0.919,0.00862780389206894,0.66945317599441,"09b_or_to_cor_CAT",1000
0.25,100,0.3,0.3,"CAT","pearson (r)","population",1000,1000,1000,1000,0,0.164399555654143,0.00474872146355964,0.150167757985767,0.00335953333566873,0.154774523538106,1.03067746108838,0.0230581806327362,0.222609566466074,0.824,0.0120425910833176,0.58798778333318,"09b_or_to_cor_CAT",1000
0.5,100,0.3,0.3,"CAT","pearson (r)","population",1000,1000,1000,1000,0,0.242605085338257,0.0032110380984867,0.101541940447941,0.00227168293966057,0.0983400619844013,0.968467428833697,0.0216664259713098,0.262978482648764,0.479,0.015797436500901,0.383589503070917,"09b_or_to_cor_CAT",1000
0.75,100,0.3,0.3,"CAT","pearson (r)","population",1000,1000,1000,1000,0,0.183682366030906,0.00126095173889049,0.0398747951444386,0.000892073673720292,0.0409075098408824,1.02589893421905,0.0229512760579575,0.187956433460615,0.214,0.0129693484801666,0.173399988545856,"09b_or_to_cor_CAT",1000
0,300,0.3,0.3,"CAT","pearson (r)","population",1000,1000,1000,1000,0,0.00579934923401557,0.003291471479348,0.104085467282236,0.00232858638754179,0.107662394061482,1.03436528530488,0.0231406841511851,0.10419492869809,0.959,0.00627048642451286,0.416082895023887,"09b_or_to_cor_CAT",1000
0.1,300,0.3,0.3,"CAT","pearson (r)","population",1000,1000,1000,1000,0,0.0797175147621004,0.00322656250232182,0.102032865202293,0.00228266584371184,0.102125237600421,1.00090532004512,0.0223921222081404,0.129441790143885,0.884,0.0101264011376204,0.395067311003309,"09b_or_to_cor_CAT",1000
0.25,300,0.3,0.3,"CAT","pearson (r)","population",1000,1000,1000,1000,0,0.168100727758068,0.00282354312699061,0.0892882735300436,0.00199754551464316,0.0886677789743496,0.993050660168883,0.022216398790221,0.190321512359949,0.571,0.0156511660907422,0.343903768716677,"09b_or_to_cor_CAT",1000
0.5,300,0.3,0.3,"CAT","pearson (r)","population",1000,1000,1000,1000,0,0.236795649382401,0.00180732012777689,0.0571524806484151,0.00127860778192287,0.0566141752698382,0.99058124210061,0.0221611532939085,0.243588421737685,0.071,0.00812151463706124,0.221563869814485,"09b_or_to_cor_CAT",1000
0.75,300,0.3,0.3,"CAT","pearson (r)","population",1000,1000,1000,1000,0,0.185345718516042,0.000678936035364752,0.0214698425731724,0.000480320494915884,0.0221980250674773,1.03391652695278,0.0231306445883404,0.186583837880467,0.001,0.000999499874937461,0.0892554455853845,"09b_or_to_cor_CAT",1000
0,25,0.5,0.3,"CAT","pearson (r)","population",1000,1000,1000,1000,0,-0.00591770011632765,0.0111680290229718,0.353164086874558,0.0079009405129997,0.338751678569826,0.959190617505084,0.0214588863681005,0.353037061171131,0.975,0.00493710441453288,1.17310199255405,"09b_or_to_cor_CAT",1000
0.1,25,0.5,0.3,"CAT","pearson (r)","population",1000,1000,1000,1000,0,0.0748213289324189,0.0111361480856113,0.352155923114554,0.00787838600592725,0.332478495483313,0.944122968436229,0.0211217949044205,0.359844427014915,0.967,0.00564898220921256,1.15815503020917,"09b_or_to_cor_CAT",1000
0.25,25,0.5,0.3,"CAT","pearson (r)","population",1000,1000,1000,1000,0,0.161528851572601,0.00952495232805028,0.301205439611622,0.00673852848862474,0.309872030228232,1.0287730215888,0.0230155747626718,0.341651228631103,0.968,0.00556560868189635,1.10652606332217,"09b_or_to_cor_CAT",1000
0.5,25,0.5,0.3,"CAT","pearson (r)","population",1000,1000,1000,1000,0,0.253446562227581,0.00542102119405807,0.171427742172691,0.00383515890636235,0.220051268728298,1.28363861029345,0.0287173942001655,0.305930128004124,0.975,0.00493710441453288,0.913595671463174,"09b_or_to_cor_CAT",1000
0,50,0.5,0.3,"CAT","pearson (r)","population",1000,1000,1000,1000,0,0.00190225414110161,0.00819095521719087,0.259020746987623,0.00579477809222677,0.241027731602065,0.930534462606511,0.0208177946387896,0.258898192719597,0.944,0.00727076337120113,0.883975525486289,"09b_or_to_cor_CAT",1000
0.1,50,0.5,0.3,"CAT","pearson (r)","population",1000,1000,1000,1000,0,0.0684711109981817,0.00757525134064692,0.239550480846883,0.00535919185832723,0.23781242997012,0.992744531880633,0.02220955012841,0.249028796492342,0.96,0.00619677335393187,0.873079314088533,"09b_or_to_cor_CAT",1000
0.25,50,0.5,0.3,"CAT","pearson (r)","population",1000,1000,1000,1000,0,0.183946109855752,0.0071129214156749,0.22493032491322,0.00503211165222551,0.214510839358752,0.953676830554136,0.0213355326514576,0.290481029923755,0.902,0.00940191469861325,0.803411802705749,"09b_or_to_cor_CAT",1000
0.5,50,0.5,0.3,"CAT","pearson (r)","population",1000,1000,1000,1000,0,0.295553517510344,0.00401837735184996,0.127072249298817,0.0028428436522189,0.140560110475488,1.10614324725577,0.0247464912776605,0.321687878071363,0.83,0.0118785521003193,0.605925942972241,"09b_or_to_cor_CAT",1000
0,100,0.5,0.3,"CAT","pearson (r)","population",1000,1000,1000,1000,0,-0.00387119647371509,0.00570231656459317,0.180323082834211,0.00403416429796802,0.170421872383677,0.945091830203252,0.0211434701524739,0.180274468382988,0.951,0.00682634602111555,0.645814510656142,"09b_or_to_cor_CAT",1000
0.1,100,0.5,0.3,"CAT","pearson (r)","population",1000,1000,1000,1000,0,0.0668914545936002,0.00538718027894294,0.170357598474009,0.00381121779225169,0.16795912881459,0.985920970470919,0.0220568943098015,0.18294030814482,0.937,0.00768316341099159,0.63697159314416,"09b_or_to_cor_CAT",1000
0.25,100,0.5,0.3,"CAT","pearson (r)","population",1000,1000,1000,1000,0,0.180587017368663,0.00468433742568096,0.148131755939215,0.00331398416560302,0.151588229937024,1.02333378130768,0.0228938887943238,0.233522472029198,0.82,0.01214907403879,0.579278292912395,"09b_or_to_cor_CAT",1000
0.5,100,0.5,0.3,"CAT","pearson (r)","population",1000,1000,1000,1000,0,0.300536665815325,0.00309677401011932,0.0979285927079036,0.00219084559914991,0.0969399667476658,0.989904624043903,0.0221460160837143,0.316073894461205,0.398,0.0154788888490098,0.400841461179223,"09b_or_to_cor_CAT",1000
0,300,0.5,0.3,"CAT","pearson (r)","population",1000,1000,1000,1000,0,0.00491786818592769,0.0031844655959449,0.100701644136313,0.00225288394106982,0.0988061303405406,0.981176932988233,0.0219507613270459,0.1007713537575,0.949,0.00695693898205238,0.382858002132309,"09b_or_to_cor_CAT",1000
0.1,300,0.5,0.3,"CAT","pearson (r)","population",1000,1000,1000,1000,0,0.0721850132699252,0.00303547451001515,0.0959901323103146,0.00214747861802877,0.0970549734678937,1.01109323564777,0.0226200449163647,0.120064847212788,0.895,0.00969407035254026,0.376235274668535,"09b_or_to_cor_CAT",1000
0.25,300,0.5,0.3,"CAT","pearson (r)","population",1000,1000,1000,1000,0,0.167260067274139,0.00277131862656661,0.0876367898200011,0.00196059873824042,0.0883233187116069,1.00783379780359,0.0225471252015076,0.188807989310767,0.568,0.0156644821171975,0.343102931506166,"09b_or_to_cor_CAT",1000
0.5,300,0.5,0.3,"CAT","pearson (r)","population",1000,1000,1000,1000,0,0.298131172718397,0.00171966898711598,0.0543807082084126,0.00121659805336344,0.0556057661846278,1.02252743696386,0.0228758493646924,0.303045376652193,0.009,0.00298646948753876,0.220573317961148,"09b_or_to_cor_CAT",1000
0,25,0.3,0.5,"CAT","pearson (r)","population",1000,1000,1000,1000,0,-0.00294509551795706,0.010692690162322,0.33813255227413,0.0075646569974585,0.342839984823716,1.01392185555022,0.0226833264288789,0.337976275605433,0.976,0.00483983470792134,1.17991896800568,"09b_or_to_cor_CAT",1000
0.1,25,0.3,0.5,"CAT","pearson (r)","population",1000,1000,1000,1000,0,0.0533343389511316,0.0112096450527426,0.354480101287049,0.00793038221438946,0.339151869143853,0.956758554041418,0.0214044765640904,0.358294624265593,0.974,0.00503229569878401,1.17544593896066,"09b_or_to_cor_CAT",1000
0.25,25,0.3,0.5,"CAT","pearson (r)","population",1000,1000,1000,1000,0,0.162989797524665,0.00975320316048322,0.308423364694797,0.00690000695947988,0.309343764797459,1.00298421004379,0.0224386308618315,0.348705493238781,0.965,0.00581162627841812,1.10513219815476,"09b_or_to_cor_CAT",1000
0.5,25,0.3,0.5,"CAT","pearson (r)","population",1000,1000,1000,1000,0,0.259001980657986,0.00513723039956069,0.162453489276686,0.00363438810062316,0.217440199719757,1.33847663529971,0.0299442232847964,0.305690645958871,0.979,0.00453420334788814,0.910245111173008,"09b_or_to_cor_CAT",1000
0,50,0.3,0.5,"CAT","pearson (r)","population",1000,1000,1000,1000,0,-8.42637760944522e-06,0.00798474048307914,0.252499664518833,0.00564888929271081,0.24108410748639,0.954789813070856,0.0213604321499724,0.252373383248996,0.956,0.00648567652600714,0.884387641014834,"09b_or_to_cor_CAT",1000
0.1,50,0.3,0.5,"CAT","pearson (r)","population",1000,1000,1000,1000,0,0.0716316243530535,0.00792724376026354,0.250681458497906,0.00560821262669175,0.237970952437267,0.949296185937321,0.0212375294461137,0.260594401414266,0.947,0.00708456067798138,0.87519633632704,"09b_or_to_cor_CAT",1000
0.25,50,0.3,0.5,"CAT","pearson (r)","population",1000,1000,1000,1000,0,0.179887603882763,0.00664407621701421,0.210104137935201,0.00470042214669109,0.215117657388084,1.02386206907752,0.0229057075788446,0.276512486263095,0.917,0.00872416185085994,0.804388700578853,"09b_or_to_cor_CAT",1000
0.5,50,0.3,0.5,"CAT","pearson (r)","population",1000,1000,1000,1000,0,0.28993378127171,0.00415500802963846,0.131392890699459,0.00293950447350055,0.141716760546259,1.07857251478251,0.0241296824761233,0.318289844571179,0.853,0.0111978122863352,0.608233662462606,"09b_or_to_cor_CAT",1000
0,100,0.3,0.5,"CAT","pearson (r)","population",1000,1000,1000,1000,0,0.0097234676597161,0.00559752528008559,0.177009291454424,0.00396002859295936,0.171112666228463,0.966687481897077,0.021626605232494,0.177187761415019,0.951,0.00682634602111555,0.648124083890401,"09b_or_to_cor_CAT",1000
0.1,100,0.3,0.5,"CAT","pearson (r)","population",1000,1000,1000,1000,0,0.0593921294254061,0.00547700441462892,0.173198087050246,0.00387476482917528,0.168209495093421,0.971197187903251,0.02172749578227,0.183016405871689,0.936,0.0077397674383666,0.637739593321353,"09b_or_to_cor_CAT",1000
0.25,100,0.3,0.5,"CAT","pearson (r)","population",1000,1000,1000,1000,0,0.165692020916168,0.00483569538644349,0.152918114919296,0.00342106395933331,0.153020074012068,1.00066675614479,0.0223867850879317,0.225420521949277,0.833,0.01179453263169,0.584028316631252,"09b_or_to_cor_CAT",1000
0.5,100,0.3,0.5,"CAT","pearson (r)","population",1000,1000,1000,1000,0,0.297160826359932,0.00317744729046242,0.100479705829919,0.00224791876646246,0.0976365296457452,0.971703975835816,0.0217388335752583,0.313672810162598,0.407,0.0155354755318271,0.401536473070386,"09b_or_to_cor_CAT",1000
0,300,0.3,0.5,"CAT","pearson (r)","population",1000,1000,1000,1000,0,-0.00011452878616548,0.00303205033749997,0.0958818504678213,0.0021450561508868,0.0987697192895736,1.03011903512147,0.0230456876004335,0.0958339659866343,0.956,0.00648567652600714,0.382711182322189,"09b_or_to_cor_CAT",1000
0.1,300,0.3,0.5,"CAT","pearson (r)","population",1000,1000,1000,1000,0,0.0691749569770296,0.00324613920772552,0.102651934983871,0.00229651559146205,0.0970544681670389,0.945471394984306,0.0211519617258456,0.123741896740558,0.877,0.0103860964755773,0.376209115695172,"09b_or_to_cor_CAT",1000
0.25,300,0.3,0.5,"CAT","pearson (r)","population",1000,1000,1000,1000,0,0.170573778246817,0.0028228283947123,0.0892656717108768,0.00199703986971674,0.087943808779039,0.985191811067986,0.0220405816515183,0.192498845740026,0.524,0.0157931630777371,0.34165950647122,"09b_or_to_cor_CAT",1000
0.5,300,0.3,0.5,"CAT","pearson (r)","population",1000,1000,1000,1000,0,0.296566683615595,0.00177029502431964,0.0559816440731323,0.0012524139800173,0.0559921068802307,1.000186897103,0.0223760497445468,0.301798953542603,0.01,0.00314642654451045,0.221884115487241,"09b_or_to_cor_CAT",1000
0,25,0.5,0.5,"CAT","pearson (r)","population",1000,1000,1000,1000,0,0.00380111246622721,0.0108732783925783,0.34384325353642,0.00769241605518197,0.302731968341065,0.880435969667788,0.0196969977423589,0.343692309014166,0.944,0.00727076337120113,1.07743342190919,"09b_or_to_cor_CAT",1000
0.1,25,0.5,0.5,"CAT","pearson (r)","population",1000,1000,1000,1000,0,0.0651341167276498,0.00993084427868189,0.314040870090867,0.00702568105153887,0.30191680212887,0.961393343616426,0.0215081654670207,0.320570584397933,0.951,0.00682634602111555,1.0722025384188,"09b_or_to_cor_CAT",1000
0.25,25,0.5,0.5,"CAT","pearson (r)","population",1000,1000,1000,1000,0,0.134789935895983,0.00913443676424776,0.288856253178014,0.00646225411356199,0.277994779370525,0.962398342815879,0.0215306491769607,0.318626464506457,0.942,0.00739161687318817,1.00471901256839,"09b_or_to_cor_CAT",1000
0.5,25,0.5,0.5,"CAT","pearson (r)","population",1000,1000,1000,1000,0,0.206200162162286,0.00622719640167341,0.196921240664927,0.00440549610241747,0.200692088908423,1.01914901729627,0.0228002678041271,0.285057369534173,0.924,0.00837997613361756,0.787916205918712,"09b_or_to_cor_CAT",1000
0.75,25,0.5,0.5,"CAT","pearson (r)","population",1000,1000,1000,1000,0,0.162862455236037,0.00256668101067781,0.0811655802084485,0.00181582568772866,0.0986126517136023,1.21495653034632,0.0271808477387917,0.181949011771632,0.968,0.00556560868189635,0.500944727052289,"09b_or_to_cor_CAT",1000
0,50,0.5,0.5,"CAT","pearson (r)","population",1000,1000,1000,1000,0,0.00716891713873843,0.00712802383234779,0.225407905261812,0.00504279601698581,0.219325885007629,0.973017715385273,0.0217682243837114,0.225409202127388,0.957,0.00641490451994416,0.814760241354061,"09b_or_to_cor_CAT",1000
0.1,50,0.5,0.5,"CAT","pearson (r)","population",1000,1000,1000,1000,0,0.0605313597373988,0.00693548499105372,0.219319292496423,0.00490658237280766,0.215492767160365,0.982552718949155,0.0219815402296576,0.227413492609231,0.937,0.00768316341099159,0.801686500004997,"09b_or_to_cor_CAT",1000
0.25,50,0.5,0.5,"CAT","pearson (r)","population",1000,1000,1000,1000,0,0.125595051834863,0.00634045982715353,0.200502944666027,0.00448562551336154,0.198241899448961,0.988723132117428,0.0221195839016929,0.23650654628219,0.912,0.00895857131466843,0.743440760044784,"09b_or_to_cor_CAT",1000
0.5,50,0.5,0.5,"CAT","pearson (r)","population",1000,1000,1000,1000,0,0.195680383216158,0.00448356107729588,0.141782650327332,0.00317194280971606,0.141672208337834,0.99922104722092,0.0223544418779873,0.241605111679226,0.795,0.0127661662216971,0.550584278803862,"09b_or_to_cor_CAT",1000
0.75,50,0.5,0.5,"CAT","pearson (r)","population",1000,1000,1000,1000,0,0.171936602340977,0.0019903873307545,0.0629415739112711,0.00140812061517502,0.0628237677760614,0.998128325558306,0.0223299956526364,0.183084339333709,0.588,0.0155645751628498,0.27920433030551,"09b_or_to_cor_CAT",1000
0,100,0.5,0.5,"CAT","pearson (r)","population",1000,1000,1000,1000,0,-0.00326393903163381,0.00505023914015048,0.159702584114058,0.00357284521204924,0.155879685898447,0.976062389742668,0.0218363394380821,0.159656079606564,0.948,0.00702111102319284,0.594332184512104,"09b_or_to_cor_CAT",1000
0.1,100,0.5,0.5,"CAT","pearson (r)","population",1000,1000,1000,1000,0,0.0469649156798726,0.00496658712528187,0.157057275135587,0.00351366470742215,0.153642923556282,0.97826046850515,0.0218855145671247,0.163853666392181,0.941,0.00745110730026082,0.586146402844862,"09b_or_to_cor_CAT",1000
0.25,100,0.5,0.5,"CAT","pearson (r)","population",1000,1000,1000,1000,0,0.131906167573368,0.00441463691262379,0.139603076865449,0.00312318167882517,0.140110171726352,1.00363240461664,0.0224531321855823,0.192012413908902,0.856,0.0111024321659716,0.536776957482239,"09b_or_to_cor_CAT",1000
0.5,100,0.5,0.5,"CAT","pearson (r)","population",1000,1000,1000,1000,0,0.206089866434702,0.00308199691946958,0.0974613000714641,0.00218039138973314,0.0974014499233224,0.999385908580146,0.0223581301346378,0.227952274289339,0.581,0.0156025318458255,0.380082217856644,"09b_or_to_cor_CAT",1000
0.75,100,0.5,0.5,"CAT","pearson (r)","population",1000,1000,1000,1000,0,0.17376322839843,0.00131123645454838,0.0414649374741674,0.000927648128828611,0.041930231489117,1.01122138469977,0.0226229118501054,0.178637289618214,0.245,0.0136005514594078,0.174440501847872,"09b_or_to_cor_CAT",1000
0,300,0.5,0.5,"CAT","pearson (r)","population",1000,1000,1000,1000,0,-0.00236355848602196,0.00284683538223418,0.0900248393141605,0.00201402386751228,0.0904808286821409,1.00506515059015,0.0224851853901058,0.0900108528487745,0.949,0.00695693898205238,0.351346509570388,"09b_or_to_cor_CAT",1000
0.1,300,0.5,0.5,"CAT","pearson (r)","population",1000,1000,1000,1000,0,0.0600243206751463,0.00277904466912432,0.0878811087378186,0.00196606460894363,0.0888845622317766,1.01141830716942,0.0226273173737026,0.10638742997285,0.895,0.00969407035254026,0.345239619196023,"09b_or_to_cor_CAT",1000
0.25,300,0.5,0.5,"CAT","pearson (r)","population",1000,1000,1000,1000,0,0.134193825188303,0.00251125491714611,0.0794128532347913,0.00177661391034509,0.0809619773172247,1.01950722105215,0.0228082814914525,0.155910479366528,0.62,0.0153492670834799,0.314931824336365,"09b_or_to_cor_CAT",1000
0.5,300,0.5,0.5,"CAT","pearson (r)","population",1000,1000,1000,1000,0,0.20477869036189,0.0017893639114732,0.0565846552316322,0.00126590446636359,0.0559743967923898,0.98921512490013,0.022130590699534,0.212445130353241,0.118,0.0102017645532525,0.219038354180491,"09b_or_to_cor_CAT",1000
0.75,300,0.5,0.5,"CAT","pearson (r)","population",1000,1000,1000,1000,0,0.172960766475616,0.000755824327966432,0.0239012638734003,0.000534715932530026,0.0235732920839751,0.986278056626529,0.0220648829943205,0.174602765969397,0.004,0.00199599599197994,0.0940839302358722,"09b_or_to_cor_CAT",1000
0,25,0.3,0.1,"CAT","pearson (z)","population",1000,1000,1000,1000,0,0.0917183985976047,0.0146936026206338,0.464652513146219,0.0103951449256166,0.614133079427571,1.32170398750068,0.0295689878137202,0.47339024140389,0.986,0.00371537346709587,2.44911558643496,"09b_or_to_cor_CAT",1000
0.1,25,0.3,0.1,"CAT","pearson (z)","population",1000,1000,1000,1000,0,0.212519937846896,0.0153918130742495,0.486731866341868,0.0108891013120323,0.612396754585407,1.25818093478859,0.0281478584312735,0.530882026240646,0.988,0.00344325427466518,2.42945209879136,"09b_or_to_cor_CAT",1000
0.25,25,0.3,0.1,"CAT","pearson (z)","population",1000,1000,1000,1000,0,0.372925313590596,0.0150675672505798,0.476478313095933,0.0106597101670833,0.629139431323608,1.32039468330836,0.0295396962324937,0.604878368587057,0.977,0.00474035863622153,2.47854968068119,"09b_or_to_cor_CAT",1000
0.5,25,0.3,0.1,"CAT","pearson (z)","population",1000,1000,1000,1000,0,0.676297447505541,0.0113504896801427,0.358933999474869,0.00803002423899152,0.710797956481434,1.98030266712363,0.0443030708732169,0.765560591896916,0.98,0.00442718872423573,2.79573281141553,"09b_or_to_cor_CAT",1000
0,50,0.3,0.1,"CAT","pearson (z)","population",1000,1000,1000,1000,0,-0.0149086982058935,0.0133225137173608,0.421294875056967,0.00942515354750398,0.483984191177682,1.14880151606933,0.0257008364582994,0.421348017272789,0.987,0.00358203852575597,1.88452687257779,"09b_or_to_cor_CAT",1000
0.1,50,0.3,0.1,"CAT","pearson (z)","population",1000,1000,1000,1000,0,0.156448403884321,0.0133713657026877,0.422839710475509,0.00945971440235276,0.467446258527635,1.10549280719628,0.0247319397181779,0.450655889135168,0.966,0.00573096850453743,1.80986917724543,"09b_or_to_cor_CAT",1000
0.25,50,0.3,0.1,"CAT","pearson (z)","population",1000,1000,1000,1000,0,0.434004648846713,0.0136229750972395,0.430796298150307,0.00963771813557883,0.494985483500877,1.14900124635745,0.025705304798042,0.611359060021251,0.916,0.00877177291087725,1.90377311939112,"09b_or_to_cor_CAT",1000
0.5,50,0.3,0.1,"CAT","pearson (z)","population",1000,1000,1000,1000,0,0.947597518569707,0.00839825487553466,0.265576137773034,0.00594143443289087,0.671297699357312,2.52770337345223,0.0565494474959126,0.984073783549259,0.908,0.00913980306133562,2.61775755802916,"09b_or_to_cor_CAT",1000
0,100,0.3,0.1,"CAT","pearson (z)","population",1000,1000,1000,1000,0,-0.0360355397009378,0.0105847233679356,0.334718342454848,0.00748827474432576,0.343089782566771,1.02501040143342,0.0229313979193132,0.336486095594577,0.975,0.00493710441453288,1.31138741540662,"09b_or_to_cor_CAT",1000
0.1,100,0.3,0.1,"CAT","pearson (z)","population",1000,1000,1000,1000,0,0.15095743824739,0.00951857096077317,0.301003643059805,0.00673401392270229,0.304393094887568,1.01126050101357,0.0226237869551342,0.336601750001918,0.933,0.00790638982089803,1.17579098827567,"09b_or_to_cor_CAT",1000
0.25,100,0.3,0.1,"CAT","pearson (z)","population",1000,1000,1000,1000,0,0.442895558254018,0.0109359805638397,0.345826070290659,0.00773677537088155,0.342875970647958,0.99146941223887,0.0221810233194536,0.561811846388918,0.743,0.0138185020895899,1.29674683531919,"09b_or_to_cor_CAT",1000
0.5,100,0.3,0.1,"CAT","pearson (z)","population",1000,1000,1000,1000,0,1.21951896178547,0.00670817927246664,0.212131254537258,0.00474577253276095,0.646255832375107,3.04649040889729,0.0681556828360954,1.23781305843682,0.385,0.0153874949228261,2.49851081581513,"09b_or_to_cor_CAT",1000
0,300,0.3,0.1,"CAT","pearson (z)","population",1000,1000,1000,1000,0,-0.00873175592004416,0.00568316894224742,0.179717581850318,0.00402061810957543,0.173791383494541,0.967024938268352,0.0216341547620591,0.179839801985953,0.956,0.00648567652600714,0.676379835263089,"09b_or_to_cor_CAT",1000
0.1,300,0.3,0.1,"CAT","pearson (z)","population",1000,1000,1000,1000,0,0.160736818067282,0.00502392529716253,0.158870467335719,0.00355422920490165,0.159753026135441,1.00555520994256,0.0224961489334985,0.225944484881735,0.814,0.01230463327369,0.625612785264772,"09b_or_to_cor_CAT",1000
0.25,300,0.3,0.1,"CAT","pearson (z)","population",1000,1000,1000,1000,0,0.404834211123725,0.00536965116110876,0.169803279096714,0.0037988166320319,0.171662005093885,1.01094634925225,0.0226167587932387,0.438970453373087,0.303,0.0145324120503102,0.669184960247941,"09b_or_to_cor_CAT",1000
0.5,300,0.3,0.1,"CAT","pearson (z)","population",1000,1000,1000,1000,0,1.6469698985559,0.00716564655641148,0.226597640260025,0.00506941261192416,0.610606955415895,2.69467481971662,0.0602849107361857,1.66246954583537,0,0,2.33148809226416,"09b_or_to_cor_CAT",1000
0,25,0.5,0.1,"CAT","pearson (z)","population",1000,1000,1000,1000,0,0.0145371003123319,0.0147155900968736,0.465347818195384,0.0104107001987489,0.597462519950686,1.2839052781372,0.028723360058101,0.465342208049942,0.99,0.00314642654451046,2.36888683745854,"09b_or_to_cor_CAT",1000
0.1,25,0.5,0.1,"CAT","pearson (z)","population",1000,1000,1000,1000,0,0.102196094776001,0.0143071666881568,0.452432335982634,0.010121756728979,0.606928084459324,1.34147813095884,0.0300113723510071,0.463610143775485,0.998,0.00141279864099595,2.412554949212,"09b_or_to_cor_CAT",1000
0.25,25,0.5,0.1,"CAT","pearson (z)","population",1000,1000,1000,1000,0,0.289159122775154,0.0123359741108537,0.390097753471681,0.00872721564559687,0.641053500213566,1.64331502683238,0.0367640276960916,0.485424638116449,1,0,2.55485457342221,"09b_or_to_cor_CAT",1000
0,50,0.5,0.1,"CAT","pearson (z)","population",1000,1000,1000,1000,0,-0.00659430151649294,0.0132286148134202,0.418325530994512,0.0093587237725863,0.45883008085937,1.09682543106696,0.0245380343191107,0.418168313534693,0.993,0.00263647491928143,1.77653784588547,"09b_or_to_cor_CAT",1000
0.1,50,0.5,0.1,"CAT","pearson (z)","population",1000,1000,1000,1000,0,0.187150682408147,0.0131440238903225,0.415650531130865,0.00929887902738017,0.480101410153117,1.15506025902794,0.0258408562327894,0.455651156688069,0.997,0.00172945077987204,1.85969304089736,"09b_or_to_cor_CAT",1000
0.25,50,0.5,0.1,"CAT","pearson (z)","population",1000,1000,1000,1000,0,0.494025057787578,0.0111942751729192,0.353994063010999,0.00791950862998822,0.557719029663238,1.57550390794523,0.0352469662610267,0.607657175200299,0.995,0.00223047080231955,2.17137685789685,"09b_or_to_cor_CAT",1000
0,100,0.5,0.1,"CAT","pearson (z)","population",1000,1000,1000,1000,0,0.0195252349014415,0.00998359482987019,0.31570898898671,0.00706299998813095,0.303326209453264,0.960777868336311,0.0214943961349846,0.316154595663641,0.971,0.00530650544143696,1.16631441146016,"09b_or_to_cor_CAT",1000
0.1,100,0.5,0.1,"CAT","pearson (z)","population",1000,1000,1000,1000,0,0.193321653175285,0.00996525413658124,0.315129005340114,0.007050024670253,0.324330981392595,1.02920066352683,0.0230251419118774,0.369567646450644,0.973,0.00512552436341883,1.24111466400622,"09b_or_to_cor_CAT",1000
0.25,100,0.5,0.1,"CAT","pearson (z)","population",1000,1000,1000,1000,0,0.633682683959101,0.0105010389090093,0.332072007505192,0.00742907128680621,0.476749141524538,1.43568000538884,0.0321188442988809,0.715342778183976,0.916,0.00877177291087725,1.8026569428965,"09b_or_to_cor_CAT",1000
0,300,0.5,0.1,"CAT","pearson (z)","population",1000,1000,1000,1000,0,-0.00273661132554534,0.00511478715885691,0.161743771689693,0.00361851039208974,0.156947868328781,0.970348760197623,0.0217085148692019,0.161686040443429,0.958,0.00634318531969546,0.614275426159914,"09b_or_to_cor_CAT",1000
0.1,300,0.5,0.1,"CAT","pearson (z)","population",1000,1000,1000,1000,0,0.180943146965484,0.0052353203062275,0.165555364482091,0.00370378284484401,0.165712367866609,1.00094834368556,0.0223930847273671,0.245197048440356,0.83,0.0118785521003193,0.646890736048908,"09b_or_to_cor_CAT",1000
0.25,300,0.5,0.1,"CAT","pearson (z)","population",1000,1000,1000,1000,0,0.656961719280795,0.0088289898223265,0.279197172769971,0.0062461624367734,0.284199264386821,1.01791598234045,0.0227726825082308,0.713772940662393,0.135,0.0108062481925967,1.04878095763,"09b_or_to_cor_CAT",1000
0,25,0.3,0.3,"CAT","pearson (z)","population",1000,1000,1000,1000,0,0.0127373496614292,0.0143561761197083,0.453982150287963,0.0101564289708283,0.449211964632194,0.989492570021214,0.0221367976653008,0.453933842166125,0.965,0.00581162627841812,1.75225237369975,"09b_or_to_cor_CAT",1000
0.1,25,0.3,0.3,"CAT","pearson (z)","population",1000,1000,1000,1000,0,0.0893984640530986,0.0144575017272992,0.45718634734084,0.0102281128459662,0.435472174339728,0.952504765010131,0.0213093113552254,0.465620470140347,0.962,0.00604615580348373,1.69822063673468,"09b_or_to_cor_CAT",1000
0.25,25,0.3,0.3,"CAT","pearson (z)","population",1000,1000,1000,1000,0,0.256548959211343,0.014225861797357,0.449861249584249,0.0100642367221539,0.444018634246892,0.987012405841231,0.0220813117583901,0.517677638309835,0.943,0.00733150734842434,1.72654210196529,"09b_or_to_cor_CAT",1000
0.5,25,0.3,0.3,"CAT","pearson (z)","population",1000,1000,1000,1000,0,0.539399511279174,0.0148901065327325,0.470866512459873,0.0105341637011651,0.515930363532803,1.09570408997129,0.0245129478235669,0.715852910905431,0.911,0.00900438781928011,1.97447739545439,"09b_or_to_cor_CAT",1000
0.75,25,0.3,0.3,"CAT","pearson (z)","population",1000,1000,1000,1000,0,0.972408986622693,0.0151160005962125,0.478009909964948,0.0106939748508429,0.682341366256713,1.42746280366185,0.0319350101423479,1.0834409157011,0.841,0.0115636931816786,2.59277028320099,"09b_or_to_cor_CAT",1000
0,50,0.3,0.3,"CAT","pearson (z)","population",1000,1000,1000,1000,0,-0.0167939129695917,0.00918122207948606,0.290335734750034,0.00649535288074995,0.293637297101048,1.01137153286989,0.0226262709452239,0.290676073227226,0.979,0.00453420334788814,1.14515761178421,"09b_or_to_cor_CAT",1000
0.1,50,0.3,0.3,"CAT","pearson (z)","population",1000,1000,1000,1000,0,0.0807222321726005,0.0092049642048178,0.291086526675449,0.00651214949898155,0.282562102532253,0.970715153873471,0.0217167117803398,0.301931636985746,0.948,0.00702111102319284,1.10404055494718,"09b_or_to_cor_CAT",1000
0.25,50,0.3,0.3,"CAT","pearson (z)","population",1000,1000,1000,1000,0,0.21716076692091,0.00874154442025154,0.27643190635531,0.00618429826015741,0.282404213827176,1.02160498601847,0.0228552124134379,0.351421375192314,0.901,0.00944452222190196,1.10579060367063,"09b_or_to_cor_CAT",1000
0.5,50,0.3,0.3,"CAT","pearson (z)","population",1000,1000,1000,1000,0,0.526152776713568,0.0116412475706182,0.368128571290553,0.00823572399063141,0.343307047585081,0.93257376459954,0.020863417634824,0.642043511608692,0.676,0.014799459449588,1.31783573522179,"09b_or_to_cor_CAT",1000
0.75,50,0.3,0.3,"CAT","pearson (z)","population",1000,1000,1000,1000,0,1.09065768038007,0.0140893797162174,0.445545307222239,0.00996768102714661,0.521691308379692,1.17090518051281,0.0261953367327548,1.17806887996374,0.262,0.0139052508067996,1.96553183124183,"09b_or_to_cor_CAT",1000
0,100,0.3,0.3,"CAT","pearson (z)","population",1000,1000,1000,1000,0,-0.0120495813164703,0.0065107416576084,0.205887728949827,0.004606093199298,0.196444840377525,0.954135738829764,0.0213457992870568,0.206137234834193,0.953,0.00669260786241059,0.768121027269647,"09b_or_to_cor_CAT",1000
0.1,100,0.3,0.3,"CAT","pearson (z)","population",1000,1000,1000,1000,0,0.0867656411991071,0.00603965846747312,0.19099077046737,0.00427282040297225,0.189565081117938,0.992535297145808,0.0222048691564353,0.20968851523631,0.917,0.00872416185085994,0.744059857067248,"09b_or_to_cor_CAT",1000
0.25,100,0.3,0.3,"CAT","pearson (z)","population",1000,1000,1000,1000,0,0.204922112966072,0.00588878640159056,0.186219776832532,0.00416608436072526,0.191540117442897,1.02857022331817,0.0230110377864277,0.27683244004407,0.815,0.0122790471943062,0.751702874455678,"09b_or_to_cor_CAT",1000
0.5,100,0.3,0.3,"CAT","pearson (z)","population",1000,1000,1000,1000,0,0.497497213599974,0.00769817248949825,0.243437588876631,0.00544615372804177,0.227101272938602,0.932893206782835,0.0208705641533443,0.55381050491854,0.386,0.015394934231753,0.884413464465611,"09b_or_to_cor_CAT",1000
0.75,100,0.3,0.3,"CAT","pearson (z)","population",1000,1000,1000,1000,0,1.03662941109871,0.0111167046862371,0.351541068839766,0.00786463056694064,0.342785704446704,0.975094334150037,0.0218146822256561,1.09455839401686,0.034,0.00573096850453743,1.30383584263631,"09b_or_to_cor_CAT",1000
0,300,0.3,0.3,"CAT","pearson (z)","population",1000,1000,1000,1000,0,0.00583747322675873,0.00332672612359732,0.105200317021504,0.00235352765931391,0.108859162075768,1.03477979114375,0.0231499574213077,0.105309618214086,0.959,0.00627048642451286,0.426932944190315,"09b_or_to_cor_CAT",1000
0.1,300,0.3,0.3,"CAT","pearson (z)","population",1000,1000,1000,1000,0,0.0837000755840733,0.00336619403245376,0.106448401886206,0.00238144964979278,0.106576846880987,1.00120664089366,0.0223988633185424,0.135372204143401,0.884,0.0101264011376204,0.418070120582529,"09b_or_to_cor_CAT",1000
0.25,300,0.3,0.3,"CAT","pearson (z)","population",1000,1000,1000,1000,0,0.20038344152296,0.00346609008314188,0.109607392380507,0.00245212216974657,0.108368757565057,0.98869934966475,0.0221190518437888,0.228375327740489,0.546,0.015744332313566,0.424993575981056,"09b_or_to_cor_CAT",1000
0.5,300,0.3,0.3,"CAT","pearson (z)","population",1000,1000,1000,1000,0,0.45509313838797,0.00400429748840833,0.12662700492262,0.00283288270358109,0.124860896465186,0.986052671319884,0.0220598407038768,0.472364402326329,0.035,0.00581162627841812,0.488896158141817,"09b_or_to_cor_CAT",1000
0.75,300,0.3,0.3,"CAT","pearson (z)","population",1000,1000,1000,1000,0,0.97763169986524,0.00558748485779013,0.176691785423188,0.00395292538977833,0.179132717797064,1.01381463415535,0.0226809276859317,0.993454834217639,0,0,0.698527863783684,"09b_or_to_cor_CAT",1000
0,25,0.5,0.3,"CAT","pearson (z)","population",1000,1000,1000,1000,0,-0.00281849329168883,0.013028990582962,0.412012858550449,0.00921749749473911,0.39837853115887,0.966908005154141,0.0216315387498038,0.411816445664493,0.975,0.00493710441453288,1.55451007242071,"09b_or_to_cor_CAT",1000
0.1,25,0.5,0.3,"CAT","pearson (z)","population",1000,1000,1000,1000,0,0.103721834038727,0.0132566106235643,0.419210836244483,0.00937852970522732,0.405749540142848,0.967888959593152,0.0216534845335249,0.431648243777189,0.967,0.00564898220921256,1.58138203500821,"09b_or_to_cor_CAT",1000
0.25,25,0.5,0.3,"CAT","pearson (z)","population",1000,1000,1000,1000,0,0.249009876029184,0.0128450925449832,0.406197491977957,0.00908739687845853,0.439013834545846,1.08078913143479,0.0241792723323988,0.476274421365207,0.969,0.00548078461536303,1.69962419092206,"09b_or_to_cor_CAT",1000
0.5,25,0.5,0.3,"CAT","pearson (z)","population",1000,1000,1000,1000,0,0.587590807656741,0.0122233238000566,0.386535437859233,0.00864751998913429,0.570222720488205,1.47521459777736,0.0330033070012799,0.703223429870627,0.972,0.0052168956286282,2.19378258180385,"09b_or_to_cor_CAT",1000
0,50,0.5,0.3,"CAT","pearson (z)","population",1000,1000,1000,1000,0,0.00184189461409118,0.00893039062357598,0.282403747655115,0.00631789950846212,0.261201726029591,0.924923016066286,0.0206922560946569,0.282268520010173,0.944,0.00727076337120113,1.02294916415484,"09b_or_to_cor_CAT",1000
0.1,50,0.5,0.3,"CAT","pearson (z)","population",1000,1000,1000,1000,0,0.0817363225950175,0.00831970657457185,0.263092222399245,0.00588586460476561,0.262057984952726,0.996068916682189,0.0222839228280575,0.275370888804252,0.96,0.00619677335393187,1.02791741440858,"09b_or_to_cor_CAT",1000
0.25,50,0.5,0.3,"CAT","pearson (z)","population",1000,1000,1000,1000,0,0.252836227895122,0.00959095680014283,0.303292684287317,0.0067852240520516,0.294875217253736,0.972246389478995,0.02175096838196,0.394741211461507,0.899,0.00952885092757778,1.13833135281431,"09b_or_to_cor_CAT",1000
0.5,50,0.5,0.3,"CAT","pearson (z)","population",1000,1000,1000,1000,0,0.682698820516087,0.01131413801246,0.357784458808643,0.00800430686636311,0.454286352218206,1.26972075235156,0.0284060257123885,0.770687607776383,0.75,0.0136930639376292,1.70414485057604,"09b_or_to_cor_CAT",1000
0,100,0.5,0.3,"CAT","pearson (z)","population",1000,1000,1000,1000,0,-0.00421330588632136,0.00590816557482722,0.18683260009852,0.00417979436225006,0.176425844297807,0.944299036703309,0.0211257338805399,0.186786685782487,0.951,0.00682634602111555,0.692921370023568,"09b_or_to_cor_CAT",1000
0.1,100,0.5,0.3,"CAT","pearson (z)","population",1000,1000,1000,1000,0,0.0739267926484763,0.00573414407193419,0.181329556988644,0.00405668100540684,0.178582730497366,0.984851744321801,0.022032973722989,0.195736298372967,0.934,0.00785136930732467,0.700933351660343,"09b_or_to_cor_CAT",1000
0.25,100,0.5,0.3,"CAT","pearson (z)","population",1000,1000,1000,1000,0,0.226331896378206,0.00606946478522458,0.191933328994944,0.0042939071984114,0.193760446207056,1.00951954109107,0.0225848384286718,0.296694610154039,0.809,0.0124305671632472,0.757410685377142,"09b_or_to_cor_CAT",1000
0.5,100,0.5,0.3,"CAT","pearson (z)","population",1000,1000,1000,1000,0,0.671520105607534,0.0100309372610463,0.317206088111574,0.00709649289289453,0.32092383962195,1.01172030313955,0.0226340735878358,0.742602406990353,0.301,0.0145051370210695,1.19119989841443,"09b_or_to_cor_CAT",1000
0,300,0.5,0.3,"CAT","pearson (z)","population",1000,1000,1000,1000,0,0.00501361987217762,0.00321702240121415,0.101731180716208,0.0022759165980585,0.0998294067290332,0.981305888973415,0.0219536463133896,0.10180383234931,0.949,0.00695693898205238,0.391643124341218,"09b_or_to_cor_CAT",1000
0.1,300,0.5,0.3,"CAT","pearson (z)","population",1000,1000,1000,1000,0,0.075607563993448,0.00315535004218234,0.0997809294840458,0.0022322858339367,0.10103299616482,1.0125481561181,0.0226525942058152,0.125151034305893,0.894,0.00973468027209934,0.396308862384787,"09b_or_to_cor_CAT",1000
0.25,300,0.5,0.3,"CAT","pearson (z)","population",1000,1000,1000,1000,0,0.199178234529738,0.00340088241869534,0.107545344974997,0.00240599031633501,0.108255692098866,1.00660509410272,0.0225196368038775,0.226332508347671,0.546,0.015744332313566,0.424238781429983,"09b_or_to_cor_CAT",1000
0.5,300,0.5,0.3,"CAT","pearson (z)","population",1000,1000,1000,1000,0,0.613288451595014,0.00512610564119538,0.162101693528153,0.00362651777239559,0.160005395510767,0.987068006682967,0.0220825556531103,0.634329099872819,0,0,0.61965782168034,"09b_or_to_cor_CAT",1000
0,25,0.3,0.5,"CAT","pearson (z)","population",1000,1000,1000,1000,0,-0.00231930864779617,0.012315334294561,0.389445065171957,0.0087126137887793,0.395720651715645,1.01611417656793,0.0227323727464126,0.389257203556474,0.976,0.00483983470792134,1.54665395927815,"09b_or_to_cor_CAT",1000
0.1,25,0.3,0.5,"CAT","pearson (z)","population",1000,1000,1000,1000,0,0.0796925181441059,0.0133810615885364,0.423146321307659,0.00946657385957249,0.412630611776433,0.975148762965185,0.0218158998999516,0.430377338942372,0.974,0.00503229569878401,1.60568985563489,"09b_or_to_cor_CAT",1000
0.25,25,0.3,0.5,"CAT","pearson (z)","population",1000,1000,1000,1000,0,0.253652513005611,0.0131629581105046,0.416249283745808,0.00931227424215,0.443390526366193,1.06520429867444,0.0238306105031787,0.487267688346705,0.965,0.00581162627841812,1.71196600060165,"09b_or_to_cor_CAT",1000
0.5,25,0.3,0.5,"CAT","pearson (z)","population",1000,1000,1000,1000,0,0.595424555358411,0.0119508393100107,0.37791872170309,0.00845474794832576,0.571168382180362,1.51135244003365,0.0338117780563691,0.705131291872121,0.972,0.0052168956286282,2.19751707993344,"09b_or_to_cor_CAT",1000
0,50,0.3,0.5,"CAT","pearson (z)","population",1000,1000,1000,1000,0,8.18406076116894e-05,0.00859345110708723,0.271748784596912,0.00607952807597563,0.260023162398859,0.956851243270709,0.0214065501953401,0.271612888548857,0.956,0.00648567652600714,1.01911481002018,"09b_or_to_cor_CAT",1000
0.1,50,0.3,0.5,"CAT","pearson (z)","population",1000,1000,1000,1000,0,0.0867935780784001,0.00890559359171825,0.281619596656293,0.00630035658542674,0.267573233921845,0.950122921482659,0.0212560250650242,0.294556298216968,0.947,0.00708456067798138,1.0432801618836,"09b_or_to_cor_CAT",1000
0.25,50,0.3,0.5,"CAT","pearson (z)","population",1000,1000,1000,1000,0,0.244114802053703,0.00906739516798448,0.28673621175636,0.00641482482564706,0.290184300863562,1.01202530048814,0.0226408969484137,0.376467095586021,0.914,0.00886588969026797,1.12328405658648,"09b_or_to_cor_CAT",1000
0.5,50,0.3,0.5,"CAT","pearson (z)","population",1000,1000,1000,1000,0,0.666427023567611,0.0112884355700939,0.35697167621558,0.00798612340106621,0.448285412790846,1.25580106955074,0.0280946163991076,0.755927461191698,0.776,0.0131842330076497,1.6821607292886,"09b_or_to_cor_CAT",1000
0,100,0.3,0.5,"CAT","pearson (z)","population",1000,1000,1000,1000,0,0.0102714055458845,0.00577988702062702,0.18277607603626,0.00408904233933316,0.176840816684277,0.967527154096438,0.0216453902685272,0.182973191066696,0.951,0.00682634602111555,0.694596260284128,"09b_or_to_cor_CAT",1000
0.1,100,0.3,0.5,"CAT","pearson (z)","population",1000,1000,1000,1000,0,0.0665812229180598,0.0058581791959723,0.185251892006864,0.00414443096867536,0.178518142180291,0.963650844514328,0.0215586699802633,0.196766370281852,0.936,0.0077397674383666,0.700806731988024,"09b_or_to_cor_CAT",1000
0.25,100,0.3,0.5,"CAT","pearson (z)","population",1000,1000,1000,1000,0,0.207974731393811,0.00614314767472878,0.194263386549101,0.00434603493962707,0.192628534169544,0.991584351490011,0.0221835947252664,0.284524188758179,0.825,0.0120156148406979,0.753106074418232,"09b_or_to_cor_CAT",1000
0.5,100,0.3,0.5,"CAT","pearson (z)","population",1000,1000,1000,1000,0,0.663635025069273,0.0101482539564613,0.320915967762328,0.0071794898326185,0.317388427937901,0.989007901822325,0.0221259547320857,0.737085827977421,0.301,0.0145051370210695,1.18001483043615,"09b_or_to_cor_CAT",1000
0,300,0.3,0.5,"CAT","pearson (z)","population",1000,1000,1000,1000,0,-0.000101821536345456,0.00306031980402179,0.0967758094922896,0.00216505568463297,0.0996873123240126,1.03008502689874,0.0230449267729464,0.0967274630764723,0.956,0.00648567652600714,0.391090551043098,"09b_or_to_cor_CAT",1000
0.1,300,0.3,0.5,"CAT","pearson (z)","population",1000,1000,1000,1000,0,0.0727391624725849,0.0033783579613076,0.10683305909095,0.00239005515019763,0.101065059929565,0.946009229629246,0.0211639940918008,0.129200909321215,0.877,0.0103860964755773,0.396425941465844,"09b_or_to_cor_CAT",1000
0.25,300,0.3,0.5,"CAT","pearson (z)","population",1000,1000,1000,1000,0,0.203356253682796,0.0034563748374455,0.10930016933622,0.00244524901619741,0.108188152063963,0.98982602425037,0.0221442576594686,0.230842687564088,0.5,0.0158113883008419,0.423996523652074,"09b_or_to_cor_CAT",1000
0.5,300,0.3,0.5,"CAT","pearson (z)","population",1000,1000,1000,1000,0,0.609738104646026,0.00522719845734774,0.165298529069374,0.00369803695676272,0.160010257762272,0.968007753384894,0.0216561421726132,0.631725285520625,0.003,0.00172945077987204,0.619603497857806,"09b_or_to_cor_CAT",1000
0,25,0.5,0.5,"CAT","pearson (z)","population",1000,1000,1000,1000,0,0.0040802723904457,0.0124463611035615,0.393588496681813,0.00880531009368612,0.349073697968261,0.886900153107017,0.0198416136042673,0.393412813007291,0.944,0.00727076337120113,1.37271770339843,"09b_or_to_cor_CAT",1000
0.1,25,0.5,0.5,"CAT","pearson (z)","population",1000,1000,1000,1000,0,0.088218944688216,0.0115657924859685,0.365742472005214,0.00818234249117483,0.349683608505625,0.956092429157749,0.0213895741057836,0.376053680309818,0.951,0.00682634602111555,1.37648621942379,"09b_or_to_cor_CAT",1000
0.25,25,0.5,0.5,"CAT","pearson (z)","population",1000,1000,1000,1000,0,0.211035900677239,0.0123870451275708,0.391712760824148,0.00876334637772433,0.37413526706917,0.955126573568867,0.0213679661115523,0.444771401373939,0.943,0.00733150734842434,1.45782318201669,"09b_or_to_cor_CAT",1000
0.5,25,0.5,0.5,"CAT","pearson (z)","population",1000,1000,1000,1000,0,0.499967504633194,0.0137925173285813,0.436157694256579,0.00975766258428301,0.465026607657103,1.0661891645629,0.0238526437933324,0.663333103662179,0.922,0.00848033018225116,1.77794741748854,"09b_or_to_cor_CAT",1000
0.75,25,0.5,0.5,"CAT","pearson (z)","population",1000,1000,1000,1000,0,0.974725151057434,0.0143572633394313,0.45401653119438,0.0101571981359458,0.646412164818825,1.42376349847507,0.0318522497731415,1.07518091486555,0.733,0.0139896747639107,2.45391141580259,"09b_or_to_cor_CAT",1000
0,50,0.5,0.5,"CAT","pearson (z)","population",1000,1000,1000,1000,0,0.00783025004755659,0.007508747516616,0.237447445276396,0.00531214302307845,0.231376564188882,0.974432737819321,0.0217998810795406,0.237457829508369,0.957,0.00641490451994416,0.911578178794727,"09b_or_to_cor_CAT",1000
0.1,50,0.5,0.5,"CAT","pearson (z)","population",1000,1000,1000,1000,0,0.0708777413759928,0.00754631389298616,0.238635398404084,0.00533871975424374,0.233270870188636,0.977519981313233,0.0218689484850359,0.248824357209391,0.937,0.00768316341099159,0.918454720072801,"09b_or_to_cor_CAT",1000
0.25,50,0.5,0.5,"CAT","pearson (z)","population",1000,1000,1000,1000,0,0.167143093513851,0.00781468983433872,0.247122190842743,0.00552858515872875,0.244026356886437,0.987472456658999,0.0220916039547918,0.298236687111244,0.912,0.00895857131466843,0.957852143022321,"09b_or_to_cor_CAT",1000
0.5,50,0.5,0.5,"CAT","pearson (z)","population",1000,1000,1000,1000,0,0.417317242164462,0.00952834421754613,0.301312700575407,0.00674092811680248,0.295215257887311,0.979763738214648,0.0219191455193963,0.514637964779387,0.745,0.0137831418769452,1.14297121251866,"09b_or_to_cor_CAT",1000
0.75,50,0.5,0.5,"CAT","pearson (z)","population",1000,1000,1000,1000,0,1.0203620182918,0.014483507392576,0.458008718684267,0.0102465108295254,0.473092389369222,1.03293315185852,0.0231086446500384,1.11834738018959,0.259,0.0138534833164804,1.77750089894105,"09b_or_to_cor_CAT",1000
0,100,0.5,0.5,"CAT","pearson (z)","population",1000,1000,1000,1000,0,-0.0032273454293294,0.00519078061099015,0.164146895649693,0.00367227276532921,0.159986360419758,0.974653585658944,0.0218048218583687,0.164096541421811,0.948,0.00702111102319284,0.628899399701506,"09b_or_to_cor_CAT",1000
0.1,100,0.5,0.5,"CAT","pearson (z)","population",1000,1000,1000,1000,0,0.0521994506598176,0.00523795804775778,0.165638777193236,0.00370564894304957,0.161201468652697,0.973210931547975,0.0217725469902968,0.173590181043592,0.941,0.00745110730026082,0.633515623147345,"09b_or_to_cor_CAT",1000
0.25,100,0.5,0.5,"CAT","pearson (z)","population",1000,1000,1000,1000,0,0.163027556990872,0.00533400742545588,0.168676125206914,0.00377360009342197,0.168230923544775,0.997360612466095,0.0223128204762863,0.234523277987529,0.853,0.0111978122863352,0.660439808315706,"09b_or_to_cor_CAT",1000
0.5,100,0.5,0.5,"CAT","pearson (z)","population",1000,1000,1000,1000,0,0.407630735620029,0.0064548664302194,0.204120799116536,0.00456656367740629,0.200069939950866,0.98015459873172,0.0219278897994889,0.455835992384835,0.456,0.0157500476189756,0.781477101327942,"09b_or_to_cor_CAT",1000
0.75,100,0.5,0.5,"CAT","pearson (z)","population",1000,1000,1000,1000,0,0.944783225178646,0.00992382580890153,0.313818926588917,0.00702071576069723,0.303143248095896,0.96598140651024,0.0216108090067836,0.995489416792413,0.021,0.00453420334788814,1.16135508529369,"09b_or_to_cor_CAT",1000
0,300,0.5,0.5,"CAT","pearson (z)","population",1000,1000,1000,1000,0,-0.00238980054353861,0.00287069795791726,0.0907794402141273,0.0020309056996217,0.0912209179417799,1.00486319068074,0.0224806671695689,0.0907655055925026,0.949,0.00695693898205238,0.357930147926199,"09b_or_to_cor_CAT",1000
0.1,300,0.5,0.5,"CAT","pearson (z)","population",1000,1000,1000,1000,0,0.0627551238503154,0.00287743762511288,0.0909925672042241,0.00203567374861947,0.0919595597996248,1.01062716027377,0.0226096179393831,0.110496937553026,0.895,0.00969407035254026,0.360803665256041,"09b_or_to_cor_CAT",1000
0.25,300,0.5,0.5,"CAT","pearson (z)","population",1000,1000,1000,1000,0,0.158317245306701,0.00296318745927818,0.0937042150536648,0.00209633837774481,0.0957396918182232,1.02172236076459,0.0228578383058241,0.183945778968713,0.604,0.0154655746740947,0.375515870931588,"09b_or_to_cor_CAT",1000
0.5,300,0.5,0.5,"CAT","pearson (z)","population",1000,1000,1000,1000,0,0.385692219670592,0.00358651552368931,0.113415579184098,0.0025373184241671,0.112175778313854,0.989068513522014,0.0221273107290611,0.402005869139359,0.055,0.00720936890441875,0.439385051327044,"09b_or_to_cor_CAT",1000
0.75,300,0.5,0.5,"CAT","pearson (z)","population",1000,1000,1000,1000,0,0.882677448856754,0.00515376760278646,0.162976441559912,0.00364608752033898,0.16078387301453,0.986546714823344,0.022070893380173,0.897582440728034,0,0,0.627518313079921,"09b_or_to_cor_CAT",1000
0,25,0.3,0.1,"CAT","2x2_tetrachoric (r)","sample",1000,935,935,935,0.0649999999999999,0.0506957656440562,0.0110292321468633,0.33724932058596,0.00780301869590043,0.404164933036101,1.19841585546822,0.0277280360696785,0.146909236494086,1,0,1.32335982871613,"09b_or_to_cor_CAT",1000
0.1,25,0.3,0.1,"CAT","2x2_tetrachoric (r)","sample",1000,940,940,940,0.0600000000000001,0.112461605056939,0.0113713360068087,0.348638560152144,0.00804502921113192,0.386347682214525,1.1081610767493,0.0255714348670927,0.174643747832153,1,0,1.29021086295495,"09b_or_to_cor_CAT",1000
0.25,25,0.3,0.1,"CAT","2x2_tetrachoric (r)","sample",1000,925,925,925,0.075,0.18161429189161,0.010159168277848,0.30897904069744,0.00718750296782587,0.347693092948041,1.12529669379261,0.0261767701396906,0.206556668209651,1,0,1.20294825856165,"09b_or_to_cor_CAT",1000
0.5,25,0.3,0.1,"CAT","2x2_tetrachoric (r)","sample",1000,930,930,930,0.07,0.232208629089544,0.00418012489123339,0.127476676372062,0.00295738507642153,0.23504994165209,1.84386625335335,0.0427766293864528,0.236087076717338,0.997849462365591,0.00151902374644015,0.974658949796249,"09b_or_to_cor_CAT",1000
0,50,0.3,0.1,"CAT","2x2_tetrachoric (r)","sample",1000,997,997,997,0.003,-0.00109879810412075,0.00928831282105506,0.29328132705065,0.0065711252572815,0.313081635245878,1.0675130203288,0.0239182011378036,0.150135627692219,1,0,1.09194764111461,"09b_or_to_cor_CAT",1000
0.1,50,0.3,0.1,"CAT","2x2_tetrachoric (r)","sample",1000,992,992,992,0.00800000000000001,0.0939110989902354,0.00916579335512912,0.288686116199407,0.00648446383941736,0.303935868705172,1.05282468276109,0.0236485345207757,0.169101639832182,1,0,1.06215497262051,"09b_or_to_cor_CAT",1000
0.25,50,0.3,0.1,"CAT","2x2_tetrachoric (r)","sample",1000,991,991,991,0.00900000000000001,0.215183033037629,0.00818320414742321,0.257608514314529,0.00578932083067385,0.264015173488573,1.02486974932134,0.0230322348011728,0.240968855534712,1,0,0.952568901919646,"09b_or_to_cor_CAT",1000
0.5,50,0.3,0.1,"CAT","2x2_tetrachoric (r)","sample",1000,996,996,996,0.004,0.30653069380158,0.00282104990421259,0.0890308332647158,0.00199578566937818,0.161427272733547,1.81316142749753,0.0406452625520127,0.308285786941221,1,0,0.688383839042451,"09b_or_to_cor_CAT",1000
0,100,0.3,0.1,"CAT","2x2_tetrachoric (r)","sample",1000,1000,1000,1000,0,-0.0149705125479263,0.00734285658743461,0.232201513482647,0.00519478172679131,0.228045933996361,0.982103564167351,0.0219714917979398,0.133341395935134,1,0,0.835941054843997,"09b_or_to_cor_CAT",1000
0.1,100,0.3,0.1,"CAT","2x2_tetrachoric (r)","sample",1000,1000,1000,1000,0,0.096667462322845,0.00679689587504369,0.214936719841413,0.00480853603364681,0.215667835973063,1.00340154131034,0.0224479673420507,0.148335853820037,1,0,0.793698347335068,"09b_or_to_cor_CAT",1000
0.25,100,0.3,0.1,"CAT","2x2_tetrachoric (r)","sample",1000,1000,1000,1000,0,0.232548622500007,0.00603525868817318,0.190851637229472,0.00426970773246901,0.185110528599983,0.969918473255822,0.0216988885463195,0.248281569461934,0.976,0.00483983470792134,0.695361439660542,"09b_or_to_cor_CAT",1000
0.5,100,0.3,0.1,"CAT","2x2_tetrachoric (r)","sample",1000,1000,1000,1000,0,0.356417005348562,0.00167389096618931,0.0529330800793812,0.00118421190721352,0.100414904599252,1.89701608991324,0.0424397945194568,0.357674589890259,0.219,0.0130781879478772,0.440151348848176,"09b_or_to_cor_CAT",1000
0,300,0.3,0.1,"CAT","2x2_tetrachoric (r)","sample",1000,1000,1000,1000,0,-0.0044223596544932,0.00423194381698869,0.13382581391551,0.002993933511778,0.130357485278378,0.974083261400359,0.0217920626390492,0.07626642374515,0.997,0.00172945077987204,0.499391623991866,"09b_or_to_cor_CAT",1000
0.1,300,0.3,0.1,"CAT","2x2_tetrachoric (r)","sample",1000,1000,1000,1000,0,0.106664045058077,0.00388054562475264,0.122713627384194,0.00274533313587265,0.123200232711853,1.00396537318659,0.0224605813146463,0.123448703726101,0.989,0.00329833291224522,0.473093122542036,"09b_or_to_cor_CAT",1000
0.25,300,0.3,0.1,"CAT","2x2_tetrachoric (r)","sample",1000,1000,1000,1000,0,0.23519939275604,0.00329184301109327,0.104097216147617,0.0023288492316132,0.104755868283083,1.0063272790555,0.0225134215621718,0.239476530245362,0.423,0.0156227718411299,0.40531216178048,"09b_or_to_cor_CAT",1000
0.5,300,0.3,0.1,"CAT","2x2_tetrachoric (r)","sample",1000,1000,1000,1000,0,0.39976980660292,0.000880742197826816,0.0278515137655534,0.000623090403687597,0.0496798057990229,1.78373808394094,0.0399055538650941,0.400542034111924,0,0,0.214422529109229,"09b_or_to_cor_CAT",1000
0,25,0.5,0.1,"CAT","2x2_tetrachoric (r)","sample",1000,919,919,919,0.081,0.00368490728735844,0.0116543425534452,0.353301543478721,0.00824535191649348,0.386787381202162,1.09477976629745,0.0255499717190526,0.14776279801034,1,0,1.28650284823933,"09b_or_to_cor_CAT",1000
0.1,25,0.5,0.1,"CAT","2x2_tetrachoric (r)","sample",1000,932,932,932,0.0679999999999999,0.065798541790001,0.0109834328879458,0.335309653514087,0.00777062978741698,0.385784067675765,1.15053075159841,0.0266629619398483,0.15385613935913,1,0,1.28638078191041,"09b_or_to_cor_CAT",1000
0.25,25,0.5,0.1,"CAT","2x2_tetrachoric (r)","sample",1000,935,935,935,0.0649999999999999,0.161365583266576,0.00844314639016692,0.2581725858859,0.00597340125381561,0.358290956810905,1.38779628976274,0.0321097767559765,0.189997837370925,1,0,1.23007482965238,"09b_or_to_cor_CAT",1000
0,50,0.5,0.1,"CAT","2x2_tetrachoric (r)","sample",1000,991,991,991,0.00900000000000001,-0.00168447146795024,0.00938777447415438,0.295528571869771,0.00664151075028526,0.301930181379569,1.02166155870918,0.0229601360788571,0.154993213210619,1,0,1.05945420478121,"09b_or_to_cor_CAT",1000
0.1,50,0.5,0.1,"CAT","2x2_tetrachoric (r)","sample",1000,994,994,994,0.00600000000000001,0.104970730422941,0.00899434851787698,0.283571711264487,0.00636316642271732,0.297112797828421,1.04775189493886,0.0235108771868823,0.180886234589093,1,0,1.04807567130819,"09b_or_to_cor_CAT",1000
0.25,50,0.5,0.1,"CAT","2x2_tetrachoric (r)","sample",1000,997,997,997,0.003,0.244638920630839,0.00654178462978355,0.206558856755272,0.0046280618489746,0.261791767141061,1.26739550776672,0.0283966753553754,0.262412757625075,1,0,0.95753235030233,"09b_or_to_cor_CAT",1000
0,100,0.5,0.1,"CAT","2x2_tetrachoric (r)","sample",1000,1000,1000,1000,0,0.00749270937185054,0.00714035232732537,0.225797766504323,0.0050515179414393,0.215181206572931,0.952981997582384,0.0213199879395791,0.125990004320279,1,0,0.794134962807013,"09b_or_to_cor_CAT",1000
0.1,100,0.5,0.1,"CAT","2x2_tetrachoric (r)","sample",1000,1000,1000,1000,0,0.116137696023688,0.00672155895818335,0.212554357349679,0.00475523813324541,0.21177661198823,0.99634095780888,0.0222900088963723,0.166645976982415,1,0,0.784691499770415,"09b_or_to_cor_CAT",1000
0.25,100,0.5,0.1,"CAT","2x2_tetrachoric (r)","sample",1000,1000,1000,1000,0,0.301247239635631,0.00493386237544275,0.156022427682079,0.00349051323626732,0.18293117962837,1.17246720452986,0.0262302821286692,0.312783689304696,0.964,0.00589101010014412,0.701557683597188,"09b_or_to_cor_CAT",1000
0,300,0.5,0.1,"CAT","2x2_tetrachoric (r)","sample",1000,1000,1000,1000,0,-0.00115733088606336,0.00400889944966178,0.126772531715268,0.00283613840985046,0.123885022417877,0.977222910528631,0.0218623024565054,0.0691968255582856,1,0,0.475791309966004,"09b_or_to_cor_CAT",1000
0.1,300,0.5,0.1,"CAT","2x2_tetrachoric (r)","sample",1000,1000,1000,1000,0,0.117391269544853,0.00380628056753541,0.120365160070502,0.00269279353393743,0.12068325026469,1.0026427098506,0.0224309908644144,0.134685251200256,0.972,0.0052168956286282,0.464122422605266,"09b_or_to_cor_CAT",1000
0.25,300,0.5,0.1,"CAT","2x2_tetrachoric (r)","sample",1000,1000,1000,1000,0,0.318772433157946,0.00325740990971173,0.103008345874925,0.00230448916905121,0.103430627691607,1.00409949128972,0.0224635817872138,0.325319502832986,0.108,0.0098150904224057,0.403833787338572,"09b_or_to_cor_CAT",1000
0,25,0.3,0.3,"CAT","2x2_tetrachoric (r)","sample",1000,1000,1000,1000,0,0.00355148567606402,0.011145152542388,0.352440669039624,0.00788475630432084,0.333234893169469,0.945506357360832,0.0211527438995359,0.137872353535308,1,0,1.15291327911772,"09b_or_to_cor_CAT",1000
0.1,25,0.3,0.3,"CAT","2x2_tetrachoric (r)","sample",1000,1000,1000,1000,0,0.0553788691811073,0.0110256234486979,0.34866082721246,0.00780019417998577,0.324458114293849,0.930583790808646,0.0208188982028415,0.143905504855251,0.999,0.000999499874937461,1.13033979018761,"09b_or_to_cor_CAT",1000
0.25,25,0.3,0.3,"CAT","2x2_tetrachoric (r)","sample",1000,1000,1000,1000,0,0.137090524647215,0.00964317374779133,0.304943929157627,0.00682216548516326,0.299719033074816,0.982866043284599,0.0219885498804903,0.170949885964706,1,0,1.06494873639054,"09b_or_to_cor_CAT",1000
0.5,25,0.3,0.3,"CAT","2x2_tetrachoric (r)","sample",1000,1000,1000,1000,0,0.200208646386076,0.00667731739932028,0.211155316417241,0.00472393897346883,0.219161762774632,1.03791733257414,0.0232201500856241,0.207351804712984,0.996,0.00199599599197994,0.857722438483468,"09b_or_to_cor_CAT",1000
0.75,25,0.3,0.3,"CAT","2x2_tetrachoric (r)","sample",1000,999,999,999,0.001,0.154997900362432,0.00301200237351958,0.0952002423305186,0.00213087407383257,0.118026818009416,1.23977434426739,0.0277499609552492,0.171660227479119,0.92992992992993,0.00807622936965493,0.594779161693963,"09b_or_to_cor_CAT",1000
0,50,0.3,0.3,"CAT","2x2_tetrachoric (r)","sample",1000,1000,1000,1000,0,-0.00842247754215733,0.00769749985196458,0.24341631821017,0.00544567786348865,0.242765511319195,0.997326362933428,0.022312054250245,0.106212173481265,1,0,0.886472156693183,"09b_or_to_cor_CAT",1000
0.1,50,0.3,0.3,"CAT","2x2_tetrachoric (r)","sample",1000,1000,1000,1000,0,0.060074193903868,0.00766800729158888,0.242483681561998,0.0054248130390308,0.235610476165139,0.971654977553197,0.0217377373921225,0.115018689097639,1,0,0.863081167969589,"09b_or_to_cor_CAT",1000
0.25,50,0.3,0.3,"CAT","2x2_tetrachoric (r)","sample",1000,1000,1000,1000,0,0.145004617742275,0.00659543562855868,0.208565987472697,0.00466601084679977,0.213052761442926,1.02151249120049,0.0228531431315325,0.161649802780153,1,0,0.792854083761406,"09b_or_to_cor_CAT",1000
0.5,50,0.3,0.3,"CAT","2x2_tetrachoric (r)","sample",1000,1000,1000,1000,0,0.213746379891386,0.00474304830170816,0.149988356855913,0.00335551979718159,0.146922831196479,0.979561575820325,0.0219146227688934,0.215613036130144,1,0,0.577597974936029,"09b_or_to_cor_CAT",1000
0.75,50,0.3,0.3,"CAT","2x2_tetrachoric (r)","sample",1000,1000,1000,1000,0,0.172681350998125,0.00191886964428126,0.0606799860888587,0.00135752466979468,0.0667239446943849,1.09960382318934,0.0246001921423339,0.179320598574036,0.995,0.00223047080231955,0.312637818106292,"09b_or_to_cor_CAT",1000
0,100,0.3,0.3,"CAT","2x2_tetrachoric (r)","sample",1000,1000,1000,1000,0,-0.00569821949401505,0.00564106336678205,0.178386086643691,0.0039908300738949,0.172026755989251,0.964350747448468,0.0215743281166737,0.0776067400668744,1,0,0.649852936035453,"09b_or_to_cor_CAT",1000
0.1,100,0.3,0.3,"CAT","2x2_tetrachoric (r)","sample",1000,1000,1000,1000,0,0.0669022851128619,0.00535703189500289,0.169404222863771,0.00378988899846153,0.16751302286093,0.988836169660531,0.0221221127627436,0.0948955505940867,1,0,0.633860228532456,"09b_or_to_cor_CAT",1000
0.25,100,0.3,0.3,"CAT","2x2_tetrachoric (r)","sample",1000,1000,1000,1000,0,0.148482378418554,0.00464296384039801,0.146823408294602,0.00328471398413611,0.150991097202524,1.02838572511244,0.0230069102168293,0.156127242306103,1,0,0.57610816216148,"09b_or_to_cor_CAT",1000
0.5,100,0.3,0.3,"CAT","2x2_tetrachoric (r)","sample",1000,1000,1000,1000,0,0.219433234800487,0.0032854384510628,0.103894686176541,0.00232431825773154,0.100905554536313,0.971229215369604,0.0217282122965358,0.220042223088339,0.764,0.0134277324965908,0.397358237688204,"09b_or_to_cor_CAT",1000
0.75,100,0.3,0.3,"CAT","2x2_tetrachoric (r)","sample",1000,1000,1000,1000,0,0.176900281795088,0.00134919024074747,0.0426651415763291,0.000954498937183896,0.0437723684769995,1.02595155810487,0.0229524533526115,0.179812078101852,0.02,0.00442718872423573,0.187741231909823,"09b_or_to_cor_CAT",1000
0,300,0.3,0.3,"CAT","2x2_tetrachoric (r)","sample",1000,1000,1000,1000,0,0.00189546578520781,0.00305404765046326,0.0965774665814969,0.00216061838311339,0.0998653718887334,1.03404422815815,0.0231335015029151,0.040919733217399,1,0,0.386476199739102,"09b_or_to_cor_CAT",1000
0.1,300,0.3,0.3,"CAT","2x2_tetrachoric (r)","sample",1000,1000,1000,1000,0,0.0685305611796291,0.00306751811227596,0.0970034399861213,0.00217014820410918,0.0971093648199613,1.00109196987092,0.0223962979135,0.0784186127044239,1,0,0.376069634535432,"09b_or_to_cor_CAT",1000
0.25,300,0.3,0.3,"CAT","2x2_tetrachoric (r)","sample",1000,1000,1000,1000,0,0.15145070529982,0.00277971237191752,0.0879022233540843,0.00196653698236231,0.0871753631151122,0.991731036926744,0.0221868763525689,0.154065167127108,0.797,0.0127197091161709,0.338556310721588,"09b_or_to_cor_CAT",1000
0.5,300,0.3,0.3,"CAT","2x2_tetrachoric (r)","sample",1000,1000,1000,1000,0,0.221678563293994,0.001864736269125,0.0589681384595972,0.00131922743972859,0.0583536796242808,0.98957981629796,0.0221387495275319,0.221774026816713,0,0,0.229162437540636,"09b_or_to_cor_CAT",1000
0.75,300,0.3,0.3,"CAT","2x2_tetrachoric (r)","sample",1000,1000,1000,1000,0,0.177524992567562,0.000731440014469455,0.0231301641750999,0.000517464991473761,0.0238397917933434,1.03067974843894,0.0230582318050421,0.1784727458667,0,0,0.096545039322608,"09b_or_to_cor_CAT",1000
0,25,0.5,0.3,"CAT","2x2_tetrachoric (r)","sample",1000,1000,1000,1000,0,-0.00259469495835461,0.0104808823923158,0.331434602480725,0.00741481134541306,0.316818248500766,0.955899734455731,0.0213852631652481,0.127525004368145,1,0,1.10964299329752,"09b_or_to_cor_CAT",1000
0.1,25,0.5,0.3,"CAT","2x2_tetrachoric (r)","sample",1000,1000,1000,1000,0,0.0620221465329827,0.010485901636358,0.331593324913778,0.00741836226281446,0.310590150821461,0.936659840490521,0.0209548307873672,0.139757974625531,1,0,1.09364999435578,"09b_or_to_cor_CAT",1000
0.25,25,0.5,0.3,"CAT","2x2_tetrachoric (r)","sample",1000,1000,1000,1000,0,0.142243356061974,0.00900572496039153,0.284786028558669,0.00637119558358349,0.289271473407999,1.01575022788875,0.0227242305344186,0.173982167010332,1,0,1.04118093063792,"09b_or_to_cor_CAT",1000
0.5,25,0.5,0.3,"CAT","2x2_tetrachoric (r)","sample",1000,1000,1000,1000,0,0.22091720432793,0.00537531324495576,0.169982329909308,0.00380282233326733,0.207102782992843,1.21837830498817,0.0272573992311404,0.225443481304934,1,0,0.837399765184589,"09b_or_to_cor_CAT",1000
0,50,0.5,0.3,"CAT","2x2_tetrachoric (r)","sample",1000,1000,1000,1000,0,0.000864900997508358,0.00776598410458778,0.245581980431607,0.0054941277739375,0.228457168800812,0.930268452104272,0.020811843486812,0.0970540777915485,1,0,0.841097551837405,"09b_or_to_cor_CAT",1000
0.1,50,0.5,0.3,"CAT","2x2_tetrachoric (r)","sample",1000,1000,1000,1000,0,0.0621145077313274,0.00720429861477135,0.227819925666734,0.00509675742032125,0.225564053356792,0.990098002607365,0.0221503423235081,0.108373088098651,1,0,0.831953316596587,"09b_or_to_cor_CAT",1000
0.25,50,0.5,0.3,"CAT","2x2_tetrachoric (r)","sample",1000,1000,1000,1000,0,0.156588986628333,0.00675029687420619,0.213463130048067,0.00477556907655662,0.203345124514493,0.952600687850426,0.0213114573283953,0.17512174344721,1,0,0.762749069110309,"09b_or_to_cor_CAT",1000
0.5,50,0.5,0.3,"CAT","2x2_tetrachoric (r)","sample",1000,1000,1000,1000,0,0.254729183331992,0.00392601497415778,0.124151494462657,0.00277750090908275,0.13450023646402,1.08335575859279,0.0242366925776844,0.257633035621144,1,0,0.549354628370189,"09b_or_to_cor_CAT",1000
0,100,0.5,0.3,"CAT","2x2_tetrachoric (r)","sample",1000,1000,1000,1000,0,-0.00134714885400078,0.00544601504234321,0.172218117053429,0.00385284106926554,0.163116759623141,0.947152148763398,0.0211895633283843,0.0680743817158436,1,0,0.618637700764647,"09b_or_to_cor_CAT",1000
0.1,100,0.5,0.3,"CAT","2x2_tetrachoric (r)","sample",1000,1000,1000,1000,0,0.0625176345090082,0.00514741133281458,0.162775438654571,0.00364159070977114,0.160623492041884,0.986779660184156,0.0220761048031545,0.0891348637031818,1,0,0.60988526308271,"09b_or_to_cor_CAT",1000
0.25,100,0.5,0.3,"CAT","2x2_tetrachoric (r)","sample",1000,1000,1000,1000,0,0.156557909630876,0.00446382076776533,0.141158406929,0.00315797731849212,0.144665805097126,1.02484724958599,0.0229277479076359,0.164585848125928,0.993,0.00263647491928143,0.553933678957601,"09b_or_to_cor_CAT",1000
0.5,100,0.5,0.3,"CAT","2x2_tetrachoric (r)","sample",1000,1000,1000,1000,0,0.263167942520485,0.00297030029269753,0.0939291425958899,0.0021013704271431,0.0930765464708329,0.990922986184116,0.0221687987476077,0.265101932263702,0.364,0.0152152555022911,0.372845512368311,"09b_or_to_cor_CAT",1000
0,300,0.5,0.3,"CAT","2x2_tetrachoric (r)","sample",1000,1000,1000,1000,0,0.00186584636875912,0.00306173266879322,0.0968204881993251,0.00216605523079183,0.0950111139920288,0.981312073085489,0.0219537846635318,0.0382149505228474,1,0,0.368172417557491,"09b_or_to_cor_CAT",1000
0.1,300,0.5,0.3,"CAT","2x2_tetrachoric (r)","sample",1000,1000,1000,1000,0,0.0649225279487674,0.0029133108916133,0.0921269794967397,0.0020610526712605,0.0932643176674965,1.01234533224653,0.0226480566568305,0.074199734178671,0.999,0.000999499874937461,0.36159916591708,"09b_or_to_cor_CAT",1000
0.25,300,0.5,0.3,"CAT","2x2_tetrachoric (r)","sample",1000,1000,1000,1000,0,0.153037657285593,0.00265322950793671,0.0839024840024779,0.00187705533952536,0.0845534532378727,1.00775864079752,0.0225454437988503,0.155975317928291,0.749,0.0137112727345057,0.32870920411008,"09b_or_to_cor_CAT",1000
0.5,300,0.5,0.3,"CAT","2x2_tetrachoric (r)","sample",1000,1000,1000,1000,0,0.261977708963304,0.00163764615662621,0.0517869185635966,0.00115857013249445,0.0532425913193261,1.02810888919644,0.0230007168801186,0.262554606473514,0,0,0.21020317885147,"09b_or_to_cor_CAT",1000
0,25,0.3,0.5,"CAT","2x2_tetrachoric (r)","sample",1000,999,999,999,0.001,-0.000882181473426494,0.0100559382392829,0.31783765034747,0.00711418366417508,0.319394696887221,1.00489887380569,0.0224927259069555,0.122766396562217,1,0,1.11525303785127,"09b_or_to_cor_CAT",1000
0.1,25,0.3,0.5,"CAT","2x2_tetrachoric (r)","sample",1000,1000,1000,1000,0,0.0545159517243806,0.0104625032432259,0.330853402754925,0.00740180882157108,0.314591461987499,0.95084850078005,0.0212722576296569,0.137801927177507,1,0,1.10461280052526,"09b_or_to_cor_CAT",1000
0.25,25,0.3,0.5,"CAT","2x2_tetrachoric (r)","sample",1000,1000,1000,1000,0,0.14155175222808,0.00919770371895359,0.290856929952945,0.00650701299129602,0.288437108654507,0.991680372550072,0.022185742895796,0.174296603836882,1,0,1.03876397424701,"09b_or_to_cor_CAT",1000
0.5,25,0.3,0.5,"CAT","2x2_tetrachoric (r)","sample",1000,1000,1000,1000,0,0.222319708416905,0.00511006900999731,0.161594570722332,0.00361517248766681,0.205022016345679,1.26874322218392,0.0283841565360163,0.226531172969672,0.999,0.000999499874937461,0.834535923354537,"09b_or_to_cor_CAT",1000
0,50,0.3,0.5,"CAT","2x2_tetrachoric (r)","sample",1000,1000,1000,1000,0,0.00019091897717408,0.00755194655835458,0.238813518922702,0.00534270464306467,0.228685444033754,0.957590027002507,0.0214230781678431,0.0951943569194948,1,0,0.842012287294079,"09b_or_to_cor_CAT",1000
0.1,50,0.3,0.5,"CAT","2x2_tetrachoric (r)","sample",1000,1000,1000,1000,0,0.0640243298419624,0.00746465082478927,0.236052985441886,0.00528094635102232,0.225190653018709,0.953983499073977,0.0213423933992587,0.113915929863131,1,0,0.831285569887436,"09b_or_to_cor_CAT",1000
0.25,50,0.3,0.5,"CAT","2x2_tetrachoric (r)","sample",1000,1000,1000,1000,0,0.155093862118499,0.00630589576719855,0.199409933119623,0.00446117280276863,0.204174441818009,1.02389303593782,0.0229064003653713,0.171301395457023,1,0,0.765257793669331,"09b_or_to_cor_CAT",1000
0.5,50,0.3,0.5,"CAT","2x2_tetrachoric (r)","sample",1000,1000,1000,1000,0,0.253754859585841,0.0040372267790461,0.12766832052411,0.00285617887929205,0.135852098697424,1.06410187068897,0.023805947129249,0.256850436071683,1,0,0.554174741407918,"09b_or_to_cor_CAT",1000
0,100,0.3,0.5,"CAT","2x2_tetrachoric (r)","sample",1000,1000,1000,1000,0,0.00372491649503009,0.00535437694261733,0.169320265897595,0.00378801072425398,0.163507903885347,0.965672378427734,0.0216038954711568,0.0668884212068973,1,0,0.619966122922581,"09b_or_to_cor_CAT",1000
0.1,100,0.3,0.5,"CAT","2x2_tetrachoric (r)","sample",1000,1000,1000,1000,0,0.059561635286122,0.00524131269512651,0.165744860457555,0.00370802222388971,0.160860443513974,0.970530507370808,0.0217125808930619,0.087593972837907,1,0,0.610592149130211,"09b_or_to_cor_CAT",1000
0.25,100,0.3,0.5,"CAT","2x2_tetrachoric (r)","sample",1000,1000,1000,1000,0,0.151371697624338,0.00462485429167912,0.146250734081108,0.00327190219193438,0.145965264431285,0.998048080567824,0.022328200422261,0.160264878206465,0.993,0.00263647491928143,0.558381981409769,"09b_or_to_cor_CAT",1000
0.5,100,0.3,0.5,"CAT","2x2_tetrachoric (r)","sample",1000,1000,1000,1000,0,0.261528639887099,0.00306765912250577,0.0970078991211172,0.00217024796329097,0.0937063614874741,0.965966301058422,0.0216104710696018,0.263475592271178,0.37,0.0152676127799994,0.374310818312648,"09b_or_to_cor_CAT",1000
0,300,0.3,0.5,"CAT","2x2_tetrachoric (r)","sample",1000,1000,1000,1000,0,-3.82900857184921e-05,0.00292017327310077,0.0923439870534734,0.0020659075357848,0.0950165368579314,1.02894124338502,0.0230193381985768,0.0362852235853402,1,0,0.368187038061437,"09b_or_to_cor_CAT",1000
0.1,300,0.3,0.5,"CAT","2x2_tetrachoric (r)","sample",1000,1000,1000,1000,0,0.0637477925392434,0.00311777467568679,0.0985926920636304,0.00220570274261191,0.093260137455689,0.945913287320526,0.0211618476830858,0.0743865845880002,1,0,0.361566444179662,"09b_or_to_cor_CAT",1000
0.25,300,0.3,0.5,"CAT","2x2_tetrachoric (r)","sample",1000,1000,1000,1000,0,0.153952016825796,0.00270695727126995,0.0856015050596733,0.00191506561520779,0.0842476936227888,0.98418472390245,0.0220180512298757,0.156965765759321,0.736,0.0139392969693597,0.327548038092194,"09b_or_to_cor_CAT",1000
0.5,300,0.3,0.5,"CAT","2x2_tetrachoric (r)","sample",1000,1000,1000,1000,0,0.262055136339348,0.00169913139529244,0.0537312525302401,0.00120206851633015,0.0535697335921119,0.996993948018664,0.0223046175074821,0.262630281470887,0,0,0.211312135586687,"09b_or_to_cor_CAT",1000
0,25,0.5,0.5,"CAT","2x2_tetrachoric (r)","sample",1000,1000,1000,1000,0,0.00141044033187694,0.0106343245382658,0.336286869183384,0.0075233656180465,0.296926456128897,0.882955843176193,0.0197533720211436,0.117897203339227,1,0,1.05571803643434,"09b_or_to_cor_CAT",1000
0.1,25,0.5,0.5,"CAT","2x2_tetrachoric (r)","sample",1000,1000,1000,1000,0,0.0555280114733082,0.00974402192737834,0.308133028611394,0.0068935115987991,0.295830859669416,0.960075137036048,0.0214786747227393,0.119419471248907,1,0,1.05147778317635,"09b_or_to_cor_CAT",1000
0.25,25,0.5,0.5,"CAT","2x2_tetrachoric (r)","sample",1000,1000,1000,1000,0,0.124533123749853,0.00896693297852899,0.283559318382293,0.00634375178482125,0.272934365802099,0.962530053179667,0.0215335957839004,0.152673437507598,1,0,0.989544697559392,"09b_or_to_cor_CAT",1000
0.5,25,0.5,0.5,"CAT","2x2_tetrachoric (r)","sample",1000,1000,1000,1000,0,0.193398330300323,0.00617598278804426,0.195301724002168,0.00436926448859311,0.198089729614597,1.01427537635253,0.0226912353497828,0.198547697723637,1,0,0.786386506845793,"09b_or_to_cor_CAT",1000
0.75,25,0.5,0.5,"CAT","2x2_tetrachoric (r)","sample",1000,1000,1000,1000,0,0.152898703314351,0.00261055770958162,0.0825530832559027,0.00184686672345955,0.0990937813703342,1.20036438933671,0.0268543942788872,0.165088901945082,0.964,0.00589101010014412,0.512710548791856,"09b_or_to_cor_CAT",1000
0,50,0.5,0.5,"CAT","2x2_tetrachoric (r)","sample",1000,1000,1000,1000,0,0.00254178128082513,0.0070532960981309,0.223044806816721,0.00498992908930283,0.217174820417112,0.973682478944992,0.0217830963866578,0.0798429083464222,1,0,0.804721241026371,"09b_or_to_cor_CAT",1000
0.1,50,0.5,0.5,"CAT","2x2_tetrachoric (r)","sample",1000,1000,1000,1000,0,0.0561585906207132,0.00686799582092529,0.217185097546418,0.00485883644401757,0.213516505357373,0.983108453432164,0.0219939730484364,0.0943394397074981,1,0,0.792755471661475,"09b_or_to_cor_CAT",1000
0.25,50,0.5,0.5,"CAT","2x2_tetrachoric (r)","sample",1000,1000,1000,1000,0,0.126599767227671,0.00628678680310097,0.198805654616876,0.00444765396356347,0.19663571478373,0.989085120152506,0.0221276822504148,0.141306284534087,1,0,0.738258320060628,"09b_or_to_cor_CAT",1000
0.5,50,0.5,0.5,"CAT","2x2_tetrachoric (r)","sample",1000,1000,1000,1000,0,0.199751958318007,0.0044621598183659,0.141105883097195,0.00315680226223348,0.141008628890466,0.999310771425021,0.0223564491760833,0.201349732610214,1,0,0.554389517555913,"09b_or_to_cor_CAT",1000
0.75,50,0.5,0.5,"CAT","2x2_tetrachoric (r)","sample",1000,1000,1000,1000,0,0.166429116666844,0.00200178745061877,0.0633020773549714,0.00141618575081386,0.0629903057115399,0.995074859207491,0.022261683904945,0.171668233277129,0.997,0.00172945077987204,0.282966773626868,"09b_or_to_cor_CAT",1000
0,100,0.5,0.5,"CAT","2x2_tetrachoric (r)","sample",1000,1000,1000,1000,0,-0.00119350083858584,0.00502885329746133,0.15902630438826,0.00355771557094965,0.155199111378582,0.975933585173843,0.0218334578392052,0.0570378881092587,1,0,0.590512971205428,"09b_or_to_cor_CAT",1000
0.1,100,0.5,0.5,"CAT","2x2_tetrachoric (r)","sample",1000,1000,1000,1000,0,0.0521591375437552,0.00494177058888117,0.156272507348961,0.0034961079856911,0.152953426684152,0.978760943168355,0.021896711120481,0.0758399616176208,1,0,0.582514770116564,"09b_or_to_cor_CAT",1000
0.25,100,0.5,0.5,"CAT","2x2_tetrachoric (r)","sample",1000,1000,1000,1000,0,0.130378576473608,0.00439880340268145,0.139102377317722,0.00311198009438184,0.139570153719814,1.00336282104672,0.0224471010974043,0.137328888309733,1,0,0.534954714217162,"09b_or_to_cor_CAT",1000
0.5,100,0.5,0.5,"CAT","2x2_tetrachoric (r)","sample",1000,1000,1000,1000,0,0.203903994249164,0.00307252676211036,0.0971618274009107,0.00217369162652604,0.0971510553728148,0.999889133125796,0.0223693882080026,0.204382692879902,0.803,0.0125774003673255,0.382099791099677,"09b_or_to_cor_CAT",1000
0.75,100,0.5,0.5,"CAT","2x2_tetrachoric (r)","sample",1000,1000,1000,1000,0,0.171615657455669,0.0013121846127438,0.0414949208689642,0.000928318913394403,0.0420011923238796,1.01220080540734,0.0226448233213884,0.173718514777965,0.01,0.00314642654451045,0.177330931808785,"09b_or_to_cor_CAT",1000
0,300,0.5,0.5,"CAT","2x2_tetrachoric (r)","sample",1000,1000,1000,1000,0,-0.000852569835964669,0.00284297667462806,0.089902816265561,0.00201129398391417,0.0903497221212258,1.00497098838756,0.0224830788056911,0.0325326767114278,1,0,0.350524975782301,"09b_or_to_cor_CAT",1000
0.1,300,0.5,0.5,"CAT","2x2_tetrachoric (r)","sample",1000,1000,1000,1000,0,0.0574191259710703,0.00277425289526429,0.0877295795435171,0.00196267461773373,0.0887522148325956,1.01165667605384,0.0226326501310409,0.0652721668901436,1,0,0.344475275033822,"09b_or_to_cor_CAT",1000
0.25,300,0.5,0.5,"CAT","2x2_tetrachoric (r)","sample",1000,1000,1000,1000,0,0.132493771009429,0.00250786587674605,0.0793056823673263,0.00177421629779037,0.0808610828708468,1.01961272455,0.0228106418018335,0.134775407557975,0.884,0.0101264011376204,0.31457172131734,"09b_or_to_cor_CAT",1000
0.5,300,0.5,0.5,"CAT","2x2_tetrachoric (r)","sample",1000,1000,1000,1000,0,0.205724346907275,0.00178868218589755,0.0565630971760497,0.00126542217237884,0.0559315525674907,0.988834688337638,0.0221220796227826,0.205840424183335,0.002,0.00141279864099595,0.21952977530482,"09b_or_to_cor_CAT",1000
0.75,300,0.5,0.5,"CAT","2x2_tetrachoric (r)","sample",1000,1000,1000,1000,0,0.173628028363212,0.000755304673143039,0.0238848309450101,0.000534348297216895,0.0235794368248237,0.987213888141408,0.0220858192939162,0.174291810582144,0,0,0.0947989529858666,"09b_or_to_cor_CAT",1000
0,25,0.3,0.1,"CAT","2x2_tetrachoric (z)","sample",1000,935,935,935,0.0649999999999999,0.0660861844358433,0.012568235800643,0.384308619883068,0.00889184102945857,0.456166972057099,1.18698084939103,0.0274634615820174,0.193376494395462,1,0,1.78070872626318,"09b_or_to_cor_CAT",1000
0.1,25,0.3,0.1,"CAT","2x2_tetrachoric (z)","sample",1000,940,940,940,0.0600000000000001,0.152468390105158,0.0133527578404357,0.409387803224032,0.00944685187485052,0.464820811441006,1.13540464024679,0.0262000952885245,0.243867281772873,1,0,1.81162204662826,"09b_or_to_cor_CAT",1000
0.25,25,0.3,0.1,"CAT","2x2_tetrachoric (z)","sample",1000,925,925,925,0.075,0.281594708243082,0.0136711479272661,0.415791731790692,0.00967219103113687,0.482623385442136,1.16073348395751,0.0270011044825817,0.342356260110124,1,0,1.87868924993691,"09b_or_to_cor_CAT",1000
0.5,25,0.3,0.1,"CAT","2x2_tetrachoric (z)","sample",1000,930,930,930,0.07,0.52003756606803,0.0101779018192953,0.310384289973236,0.0072007357992565,0.539902585917954,1.73946492576834,0.0403545790401029,0.545035218457035,1,0,2.10308150705446,"09b_or_to_cor_CAT",1000
0,50,0.3,0.1,"CAT","2x2_tetrachoric (z)","sample",1000,997,997,997,0.003,0.00189475006650446,0.0100772324322983,0.318191705822263,0.00712925563933042,0.343674511427414,1.08008632889817,0.0241999128524179,0.174902574726941,1,0,1.33703842193884,"09b_or_to_cor_CAT",1000
0.1,50,0.3,0.1,"CAT","2x2_tetrachoric (z)","sample",1000,992,992,992,0.00800000000000001,0.116698782754545,0.0104569011516064,0.329350888022047,0.00739787542253597,0.345018420484458,1.04757094342907,0.0235305250952837,0.214682440204375,1,0,1.33967782502443,"09b_or_to_cor_CAT",1000
0.25,50,0.3,0.1,"CAT","2x2_tetrachoric (z)","sample",1000,991,991,991,0.00900000000000001,0.304846853398358,0.0109608030379088,0.345047750908056,0.00775437154018209,0.364990086097142,1.05779587067762,0.0237721943508346,0.35983901701372,1,0,1.4171802468059,"09b_or_to_cor_CAT",1000
0.5,50,0.3,0.1,"CAT","2x2_tetrachoric (z)","sample",1000,996,996,996,0.004,0.655484154816029,0.00793246313233728,0.250344313817004,0.00561191640699044,0.440488644394105,1.75953125388776,0.0394430461061845,0.670135410772653,0.983935742971888,0.00398367611330918,1.72143822412655,"09b_or_to_cor_CAT",1000
0,100,0.3,0.1,"CAT","2x2_tetrachoric (z)","sample",1000,1000,1000,1000,0,-0.0158781204442093,0.00776232938335922,0.245466407998655,0.00549154220266444,0.242599541087006,0.988320736287207,0.0221105815550914,0.146705543968942,1,0,0.943365109501515,"09b_or_to_cor_CAT",1000
0.1,100,0.3,0.1,"CAT","2x2_tetrachoric (z)","sample",1000,1000,1000,1000,0,0.109485052507729,0.00744807426996239,0.23552878875177,0.00526921909159917,0.235500710161077,0.999880784889008,0.022369201442347,0.172184002283347,1,0,0.916639517058724,"09b_or_to_cor_CAT",1000
0.25,100,0.3,0.1,"CAT","2x2_tetrachoric (z)","sample",1000,1000,1000,1000,0,0.30790997813366,0.00834109021378777,0.263768432445101,0.0059009926869947,0.254809910799129,0.966036414733452,0.0216120396435201,0.346641323605052,0.948,0.00702111102319284,0.988537500226817,"09b_or_to_cor_CAT",1000
0.5,100,0.3,0.1,"CAT","2x2_tetrachoric (z)","sample",1000,1000,1000,1000,0,0.793311448625559,0.00584475951089096,0.184827524303471,0.0041349370702164,0.357250381917119,1.93288517640124,0.0432422530058372,0.80096235676929,0.147,0.0111978122863352,1.39701286747434,"09b_or_to_cor_CAT",1000
0,300,0.3,0.1,"CAT","2x2_tetrachoric (z)","sample",1000,1000,1000,1000,0,-0.00456485414047906,0.00432875667133006,0.136887305180519,0.00306242479179451,0.132905541250557,0.97091210229677,0.0217211178845685,0.0794398745423625,0.997,0.00172945077987204,0.5197855339053,"09b_or_to_cor_CAT",1000
0.1,300,0.3,0.1,"CAT","2x2_tetrachoric (z)","sample",1000,1000,1000,1000,0,0.113014962792652,0.00410533312144199,0.129822032174853,0.00290436143314475,0.130626744090767,1.00619857740965,0.0225105422658742,0.132473846468788,0.987,0.00358203852575597,0.511338074642797,"09b_or_to_cor_CAT",1000
0.25,300,0.3,0.1,"CAT","2x2_tetrachoric (z)","sample",1000,1000,1000,1000,0,0.288203535710431,0.00435615557014224,0.137753734436788,0.00308180843318651,0.138754889259263,1.00726771456736,0.0225344608617825,0.298603553139825,0.395,0.0154588162548107,0.542726907303231,"09b_or_to_cor_CAT",1000
0.5,300,0.3,0.1,"CAT","2x2_tetrachoric (z)","sample",1000,1000,1000,1000,0,0.97888700679097,0.0042476401855595,0.134322176672283,0.00300503807410435,0.258988435691296,1.92811374940098,0.0431355072683962,0.983885627525045,0,0,1.01024093100676,"09b_or_to_cor_CAT",1000
0,25,0.5,0.1,"CAT","2x2_tetrachoric (z)","sample",1000,919,919,919,0.081,0.00662117772750679,0.0129839820735583,0.393609582526999,0.00918606098825226,0.440514082764354,1.11916503642067,0.0261190751873391,0.187583627532824,1,0,1.71974904428808,"09b_or_to_cor_CAT",1000
0.1,25,0.5,0.1,"CAT","2x2_tetrachoric (z)","sample",1000,932,932,932,0.0679999999999999,0.0824970719066508,0.0122773101586939,0.3748100122608,0.00868603040614079,0.444933759936745,1.18709144735214,0.0275102373716625,0.196250087260177,1,0,1.73818458200488,"09b_or_to_cor_CAT",1000
0.25,25,0.5,0.1,"CAT","2x2_tetrachoric (z)","sample",1000,935,935,935,0.0649999999999999,0.218791544343481,0.0102429353863435,0.313206119324696,0.00724672536186205,0.457503256178835,1.4607098263765,0.033796794800647,0.267357012618566,1,0,1.78950532503759,"09b_or_to_cor_CAT",1000
0,50,0.5,0.1,"CAT","2x2_tetrachoric (z)","sample",1000,991,991,991,0.00900000000000001,-0.00240085381766435,0.0102161135811827,0.321604813262012,0.00722753069562551,0.332346947067274,1.03340165744507,0.0232239751772916,0.18087351300277,1,0,1.29116434397168,"09b_or_to_cor_CAT",1000
0.1,50,0.5,0.1,"CAT","2x2_tetrachoric (z)","sample",1000,994,994,994,0.00600000000000001,0.12441183173416,0.00999315093358837,0.315061719648689,0.00706978191376167,0.339290130857801,1.07690052360575,0.0241649536262222,0.217457522830534,1,0,1.31893182072411,"09b_or_to_cor_CAT",1000
0.25,50,0.5,0.1,"CAT","2x2_tetrachoric (z)","sample",1000,997,997,997,0.003,0.322451754196624,0.00844086762812547,0.266522985081193,0.00597159026974338,0.361338840950776,1.35575114034048,0.0303763306394919,0.356600715025515,1,0,1.40931318202362,"09b_or_to_cor_CAT",1000
0,100,0.5,0.1,"CAT","2x2_tetrachoric (z)","sample",1000,1000,1000,1000,0,0.00870747540746709,0.00759870717227873,0.240292219370583,0.00537578593504611,0.228280673760937,0.950012756796254,0.0212535604751458,0.140850390703077,1,0,0.888003169606702,"09b_or_to_cor_CAT",1000
0.1,100,0.5,0.1,"CAT","2x2_tetrachoric (z)","sample",1000,1000,1000,1000,0,0.130773869296792,0.00740252542237703,0.234088407720114,0.00523699507655879,0.234873832143272,1.00335524698044,0.0224469316513895,0.19262927228721,1,0,0.913272539524831,"09b_or_to_cor_CAT",1000
0.25,100,0.5,0.1,"CAT","2x2_tetrachoric (z)","sample",1000,1000,1000,1000,0,0.394978079957363,0.00696484020708175,0.220247585934971,0.00492735003155091,0.275571626047395,1.25119022248334,0.0279914631348092,0.421301023571174,0.93,0.00806845710157772,1.07022375592972,"09b_or_to_cor_CAT",1000
0,300,0.5,0.1,"CAT","2x2_tetrachoric (z)","sample",1000,1000,1000,1000,0,-0.0011506411840084,0.00408290447158135,0.129112775990833,0.00288849404705798,0.126004634620309,0.975926926311735,0.0218333088680177,0.0715846193931933,1,0,0.493165700555448,"09b_or_to_cor_CAT",1000
0.1,300,0.5,0.1,"CAT","2x2_tetrachoric (z)","sample",1000,1000,1000,1000,0,0.12451402849432,0.00407050429937605,0.128720648115362,0.00287972141378997,0.128862426149683,1.00110143971769,0.0223965097716669,0.145118981849219,0.971,0.00530650544143696,0.504145819841087,"09b_or_to_cor_CAT",1000
0.25,300,0.5,0.1,"CAT","2x2_tetrachoric (z)","sample",1000,1000,1000,1000,0,0.409979265987588,0.00508296359062253,0.160737422100749,0.00359599647141367,0.159600006051551,0.992923763275954,0.0222135598696184,0.427880990333108,0.101,0.00952885092757779,0.618830627627332,"09b_or_to_cor_CAT",1000
0,25,0.3,0.3,"CAT","2x2_tetrachoric (z)","sample",1000,1000,1000,1000,0,0.00972974765950089,0.0127236931506976,0.402358506052885,0.00900151159014208,0.382323652281201,0.9502064614758,0.0212578940107658,0.187108388829432,1,0,1.49041878514584,"09b_or_to_cor_CAT",1000
0.1,25,0.3,0.3,"CAT","2x2_tetrachoric (z)","sample",1000,1000,1000,1000,0,0.082392963509921,0.013026404380678,0.411931075653375,0.00921566785851963,0.383484916468439,0.930944371847118,0.0208269650744203,0.211384032240916,1,0,1.4912396130467,"09b_or_to_cor_CAT",1000
0.25,25,0.3,0.3,"CAT","2x2_tetrachoric (z)","sample",1000,1000,1000,1000,0,0.220481608607572,0.0131278969025649,0.415140550999746,0.00928746981894554,0.402606603790346,0.969807942926279,0.021696415776321,0.302961841548712,1,0,1.56087615238394,"09b_or_to_cor_CAT",1000
0.5,25,0.3,0.3,"CAT","2x2_tetrachoric (z)","sample",1000,1000,1000,1000,0,0.485427531517934,0.0141557088726104,0.447642819317031,0.0100146062919234,0.473767576051257,1.05836071887422,0.0236775068357701,0.550711031210622,1,0,1.82110653103749,"09b_or_to_cor_CAT",1000
0.75,25,0.3,0.3,"CAT","2x2_tetrachoric (z)","sample",1000,999,999,999,0.001,0.900167830505117,0.0150626687346778,0.476085187147456,0.0106562499988829,0.631752494647072,1.32697364190708,0.0297017492915826,0.957834170296532,1,0,2.4191956591135,"09b_or_to_cor_CAT",1000
0,50,0.3,0.3,"CAT","2x2_tetrachoric (z)","sample",1000,1000,1000,1000,0,-0.00936692243314196,0.00817659953950387,0.258566780599161,0.00578462201587744,0.258826939849475,1.00100615883336,0.0223943781602514,0.121558988340427,1,0,1.0114781923328,"09b_or_to_cor_CAT",1000
0.1,50,0.3,0.3,"CAT","2x2_tetrachoric (z)","sample",1000,1000,1000,1000,0,0.0721567149566312,0.00841997966601082,0.26626313596898,0.00595680386619521,0.257816570169425,0.968277374301867,0.0216621740963145,0.141097993644835,1,0,1.00762910590828,"09b_or_to_cor_CAT",1000
0.25,50,0.3,0.3,"CAT","2x2_tetrachoric (z)","sample",1000,1000,1000,1000,0,0.192818611809896,0.00822918257727634,0.260229602255678,0.00582182244332785,0.266531559466303,1.02421691135827,0.0229136460636904,0.22815625084321,1,0,1.04095121189857,"09b_or_to_cor_CAT",1000
0.5,50,0.3,0.3,"CAT","2x2_tetrachoric (z)","sample",1000,1000,1000,1000,0,0.475254368687833,0.0110830237143641,0.3504759829905,0.00784080260637205,0.324372893714816,0.925521032702571,0.0207056348442089,0.52222002814432,0.894,0.00973468027209934,1.25255459168023,"09b_or_to_cor_CAT",1000
0.75,50,0.3,0.3,"CAT","2x2_tetrachoric (z)","sample",1000,1000,1000,1000,0,1.00841389096799,0.0135444368069057,0.428312699340402,0.00958215538957915,0.473539148487166,1.10559212747232,0.0247341616983334,1.0606375813572,0.255,0.0137831418769452,1.81565633759026,"09b_or_to_cor_CAT",1000
0,100,0.3,0.3,"CAT","2x2_tetrachoric (z)","sample",1000,1000,1000,1000,0,-0.00646055520091376,0.00585978258619612,0.185302595657717,0.00414556530408509,0.177946361249985,0.960301503701975,0.0214837389680238,0.0848972939146774,1,0,0.696599196912954,"09b_or_to_cor_CAT",1000
0.1,100,0.3,0.3,"CAT","2x2_tetrachoric (z)","sample",1000,1000,1000,1000,0,0.0736054051502153,0.00566051375922992,0.179001162058885,0.00400459046020559,0.177676719279097,0.992600926359613,0.0222063374045768,0.106284472626712,1,0,0.695839979796847,"09b_or_to_cor_CAT",1000
0.25,100,0.3,0.3,"CAT","2x2_tetrachoric (z)","sample",1000,1000,1000,1000,0,0.183844638138827,0.00565609259213038,0.178861352479378,0.00400146265867681,0.183890376129831,1.02811688260623,0.0230008957076311,0.200400732966257,0.994,0.00244213021765835,0.719826878841858,"09b_or_to_cor_CAT",1000
0.5,100,0.3,0.3,"CAT","2x2_tetrachoric (z)","sample",1000,1000,1000,1000,0,0.45071907920281,0.00744950783960391,0.235574122204287,0.00527023328563785,0.220230618617466,0.934867618551436,0.0209147354338104,0.472001815931541,0.456,0.0157500476189756,0.858015145637777,"09b_or_to_cor_CAT",1000
0.75,100,0.3,0.3,"CAT","2x2_tetrachoric (z)","sample",1000,1000,1000,1000,0,0.973507854142323,0.0105054921164235,0.33221283028841,0.00743222175559517,0.322450617323564,0.970614581753598,0.0217144617940985,1.00826449789486,0.001,0.000999499874937461,1.2427719913692,"09b_or_to_cor_CAT",1000
0,300,0.3,0.3,"CAT","2x2_tetrachoric (z)","sample",1000,1000,1000,1000,0,0.00194550343281634,0.00308179850562448,0.097455025674766,0.00218025101975525,0.100811773173699,1.03444406766804,0.0231424466598544,0.041801423036651,1,0,0.395075676332455,"09b_or_to_cor_CAT",1000
0.1,300,0.3,0.3,"CAT","2x2_tetrachoric (z)","sample",1000,1000,1000,1000,0,0.0718957703367676,0.00318658715971209,0.10076873387337,0.00225438486384542,0.10095199772645,1.00181865789155,0.0224125552823433,0.0831864431915505,1,0,0.395627616174477,"09b_or_to_cor_CAT",1000
0.25,300,0.3,0.3,"CAT","2x2_tetrachoric (z)","sample",1000,1000,1000,1000,0,0.17959677400989,0.00335053733674443,0.10595329369547,0.00237037315445281,0.10476374447124,0.988772890556391,0.0221206970909465,0.185435445775903,0.738,0.0139052508067996,0.410475889449432,"09b_or_to_cor_CAT",1000
0.5,300,0.3,0.3,"CAT","2x2_tetrachoric (z)","sample",1000,1000,1000,1000,0,0.421481081016656,0.00393323613698274,0.124379847681475,0.00278260959726733,0.12263384376486,0.985962324691966,0.022057819480997,0.427195192575851,0,0,0.480040429700532,"09b_or_to_cor_CAT",1000
0.75,300,0.3,0.3,"CAT","2x2_tetrachoric (z)","sample",1000,1000,1000,1000,0,0.928650330398208,0.00550666757159117,0.174136118436164,0.0038957503439966,0.176221296840325,1.01197441646734,0.0226397585777912,0.938213053599565,0,0,0.687979121064976,"09b_or_to_cor_CAT",1000
0,25,0.5,0.3,"CAT","2x2_tetrachoric (z)","sample",1000,1000,1000,1000,0,-0.000243292558822276,0.0119094966424996,0.376611351764267,0.00842549963996422,0.358601820448147,0.952180062465582,0.0213020471525948,0.172554699292158,1,0,1.39874939321715,"09b_or_to_cor_CAT",1000
0.1,25,0.5,0.3,"CAT","2x2_tetrachoric (z)","sample",1000,1000,1000,1000,0,0.0849501938985266,0.0121503607138933,0.384228142485323,0.00859590148042205,0.362515465027116,0.943490142815251,0.02110763741284,0.196494248831262,1,0,1.4140139323928,"09b_or_to_cor_CAT",1000
0.25,25,0.5,0.3,"CAT","2x2_tetrachoric (z)","sample",1000,1000,1000,1000,0,0.212304623840339,0.0116669153167855,0.368940256693471,0.00825388290973465,0.381519933451896,1.03409678540143,0.0231346773066508,0.278995023760724,1,0,1.48492027878052,"09b_or_to_cor_CAT",1000
0.5,25,0.5,0.3,"CAT","2x2_tetrachoric (z)","sample",1000,1000,1000,1000,0,0.489901345348765,0.0112618996795134,0.356132537675828,0.00796735030399562,0.456238898902718,1.28109299386178,0.0286604440040865,0.529021308569081,1,0,1.77139136848354,"09b_or_to_cor_CAT",1000
0,50,0.5,0.3,"CAT","2x2_tetrachoric (z)","sample",1000,1000,1000,1000,0,0.000784899726246078,0.00833119138054189,0.26345540385275,0.00589398965248764,0.243736488753496,0.925152740042958,0.0206973954492559,0.115431817458293,1,0,0.953567157001193,"09b_or_to_cor_CAT",1000
0.1,50,0.5,0.3,"CAT","2x2_tetrachoric (z)","sample",1000,1000,1000,1000,0,0.0733248457753097,0.00781388953299418,0.24709688309211,0.00552801897705939,0.245110866197028,0.991962598353207,0.0221920568143531,0.130791348774541,1,0,0.959018298584461,"09b_or_to_cor_CAT",1000
0.25,50,0.5,0.3,"CAT","2x2_tetrachoric (z)","sample",1000,1000,1000,1000,0,0.212198099822332,0.00862800034142097,0.272841327316007,0.00610397029802565,0.262288248636735,0.961321553508463,0.0215065593881653,0.253418977837124,1,0,1.02290684511339,"09b_or_to_cor_CAT",1000
0.5,50,0.5,0.3,"CAT","2x2_tetrachoric (z)","sample",1000,1000,1000,1000,0,0.552127937899492,0.00933609205879859,0.295233153508142,0.0066049172892307,0.337051109154738,1.1416438335251,0.025540705725604,0.584176320606865,0.848,0.0113532374237483,1.30628168899567,"09b_or_to_cor_CAT",1000
0,100,0.5,0.3,"CAT","2x2_tetrachoric (z)","sample",1000,1000,1000,1000,0,-0.00165958968002613,0.00562165394347885,0.177772306786606,0.00397709867163987,0.168198186476276,0.946143915869739,0.0211670072746628,0.0736672276095146,1,0,0.658973011842304,"09b_or_to_cor_CAT",1000
0.1,100,0.5,0.3,"CAT","2x2_tetrachoric (z)","sample",1000,1000,1000,1000,0,0.0685802848293851,0.00543954548878031,0.172013531806397,0.00384826411502044,0.169595703295717,0.985943963330739,0.022057408703038,0.100089438752947,0.999,0.000999499874937461,0.664327165114906,"09b_or_to_cor_CAT",1000
0.25,100,0.5,0.3,"CAT","2x2_tetrachoric (z)","sample",1000,1000,1000,1000,0,0.195521094237451,0.00560988827557736,0.177400243698988,0.00396877492516731,0.179281070906106,1.01060216811376,0.0226090588180656,0.213992332458576,0.975,0.00493710441453288,0.701462616763033,"09b_or_to_cor_CAT",1000
0.5,100,0.5,0.3,"CAT","2x2_tetrachoric (z)","sample",1000,1000,1000,1000,0,0.547020285220435,0.00763813712499268,0.241539103956671,0.00540368107304964,0.235865057159199,0.976508785929383,0.0218463261548734,0.572937544640306,0.199,0.0126253316788115,0.913935758283127,"09b_or_to_cor_CAT",1000
0,300,0.5,0.3,"CAT","2x2_tetrachoric (z)","sample",1000,1000,1000,1000,0,0.00194842417416898,0.00309055138663418,0.0977318160755568,0.00218644333820577,0.0959149298926219,0.981409470775308,0.0219559636318413,0.0391298175377748,1,0,0.375931998179123,"09b_or_to_cor_CAT",1000
0.1,300,0.5,0.3,"CAT","2x2_tetrachoric (z)","sample",1000,1000,1000,1000,0,0.0679424472180492,0.00301768629206034,0.0954276194677876,0.00213489415468218,0.0967558042030494,1.01391824235656,0.0226832455949854,0.0784656399667916,0.999,0.000999499874937461,0.379210196567959,"09b_or_to_cor_CAT",1000
0.25,300,0.5,0.3,"CAT","2x2_tetrachoric (z)","sample",1000,1000,1000,1000,0,0.180875432673835,0.00319484688418413,0.10102992929514,0.00226022829347594,0.101659683149281,1.00623333955131,0.0225113199599363,0.186923577275307,0.678,0.0147755202954075,0.398309244961375,"09b_or_to_cor_CAT",1000
0.5,300,0.5,0.3,"CAT","2x2_tetrachoric (z)","sample",1000,1000,1000,1000,0,0.515268775572902,0.00408376150719151,0.129139877836472,0.00288910036598493,0.129430935829747,1.00225381964232,0.0224222906638108,0.522974724439901,0,0,0.505919003463086,"09b_or_to_cor_CAT",1000
0,25,0.3,0.5,"CAT","2x2_tetrachoric (z)","sample",1000,999,999,999,0.001,-0.000335397035306103,0.0113259647845876,0.357979330162255,0.00801267785603274,0.357195074089402,0.997809214089268,0.0223340375285207,0.16259874593295,1,0,1.39389965006782,"09b_or_to_cor_CAT",1000
0.1,25,0.3,0.5,"CAT","2x2_tetrachoric (z)","sample",1000,1000,1000,1000,0,0.0753527951655072,0.0121448251215755,0.3840530916861,0.00859198526695977,0.365070487126903,0.950572967722098,0.021266093440315,0.193890264212794,1,0,1.42278283939492,"09b_or_to_cor_CAT",1000
0.25,25,0.3,0.5,"CAT","2x2_tetrachoric (z)","sample",1000,1000,1000,1000,0,0.213800534284841,0.0119000928545036,0.37631397787726,0.00841884683046665,0.383044043857806,1.01788417751185,0.0227719709747874,0.282187578047485,1,0,1.48994355027322,"09b_or_to_cor_CAT",1000
0.5,25,0.3,0.5,"CAT","2x2_tetrachoric (z)","sample",1000,1000,1000,1000,0,0.493284835548857,0.0110680332579627,0.35000194313656,0.00783019744909257,0.457448737379376,1.30698913634572,0.0292397890985792,0.532345983509497,1,0,1.77518179446269,"09b_or_to_cor_CAT",1000
0,50,0.3,0.5,"CAT","2x2_tetrachoric (z)","sample",1000,1000,1000,1000,0,4.16543791346044e-05,0.00803253014702845,0.254010906385771,0.00568269859704043,0.243145826822172,0.957225932861727,0.0214149327016014,0.110619402101659,1,0,0.951264087667336,"09b_or_to_cor_CAT",1000
0.1,50,0.3,0.5,"CAT","2x2_tetrachoric (z)","sample",1000,1000,1000,1000,0,0.0760118914665179,0.00818325043338476,0.258777100330558,0.00578932726125271,0.24659906120848,0.952940043355759,0.0213190493451378,0.14016648811841,1,0,0.963892234613628,"09b_or_to_cor_CAT",1000
0.25,50,0.3,0.5,"CAT","2x2_tetrachoric (z)","sample",1000,1000,1000,1000,0,0.207601646204118,0.00820161341967332,0.259357788943701,0.00580231835054953,0.2605175148857,1.00447152925972,0.0224719049717585,0.246448462961409,0.996,0.00199599599197994,1.01614173347338,"09b_or_to_cor_CAT",1000
0.5,50,0.3,0.5,"CAT","2x2_tetrachoric (z)","sample",1000,1000,1000,1000,0,0.543554752681527,0.00931739037927168,0.294641754474386,0.00659168658781227,0.335100090659749,1.13731365487399,0.0254438315382091,0.575636254426765,0.866,0.0107723720693262,1.29868303825721,"09b_or_to_cor_CAT",1000
0,100,0.3,0.5,"CAT","2x2_tetrachoric (z)","sample",1000,1000,1000,1000,0,0.00417479409210321,0.00551079187628263,0.174266540402059,0.00389866812706805,0.168391406955467,0.966286508970469,0.021617634718905,0.071877116742567,1,0,0.65975737576752,"09b_or_to_cor_CAT",1000
0.1,100,0.3,0.5,"CAT","2x2_tetrachoric (z)","sample",1000,1000,1000,1000,0,0.0657785047222787,0.00556691455628222,0.176041295373974,0.00393837271193211,0.169614771528465,0.963494225421044,0.0215551661185027,0.0994591246524767,1,0,0.664412180015454,"09b_or_to_cor_CAT",1000
0.25,100,0.3,0.5,"CAT","2x2_tetrachoric (z)","sample",1000,1000,1000,1000,0,0.187450329321827,0.00569806417096907,0.180188610340613,0.00403115589702344,0.17858950362355,0.991125372940936,0.0221733265175189,0.206592599604153,0.985,0.00384382621875652,0.698815362290946,"09b_or_to_cor_CAT",1000
0.5,100,0.3,0.5,"CAT","2x2_tetrachoric (z)","sample",1000,1000,1000,1000,0,0.543391774459858,0.00783992037319837,0.247920050536641,0.00554643477088779,0.235155952942021,0.948515267050843,0.0212200588314707,0.570314625948988,0.209,0.0128576436410409,0.911181922173454,"09b_or_to_cor_CAT",1000
0,300,0.3,0.5,"CAT","2x2_tetrachoric (z)","sample",1000,1000,1000,1000,0,-2.75940659609684e-05,0.00294535677850942,0.0931403594190584,0.00208372387363039,0.0958328604010315,1.02890799432992,0.0230185943550882,0.0370816774979663,1,0,0.375612798675843,"09b_or_to_cor_CAT",1000
0.1,300,0.3,0.5,"CAT","2x2_tetrachoric (z)","sample",1000,1000,1000,1000,0,0.0668976179719833,0.00323409385881036,0.102271027606037,0.00228799398169176,0.0967812098365278,0.946320889718081,0.0211709665103271,0.0789991335713559,1,0,0.379304351596449,"09b_or_to_cor_CAT",1000
0.25,300,0.3,0.5,"CAT","2x2_tetrachoric (z)","sample",1000,1000,1000,1000,0,0.182612321425622,0.00325311835748061,0.102872635077446,0.00230145306493501,0.101669473717998,0.988304359477695,0.0221102151752624,0.188769716226534,0.664,0.0149366662947259,0.398350142076341,"09b_or_to_cor_CAT",1000
0.5,300,0.3,0.5,"CAT","2x2_tetrachoric (z)","sample",1000,1000,1000,1000,0,0.513452893054419,0.0042156597349794,0.133310866027967,0.00298241316534986,0.129368414463584,0.970426630012619,0.0217102569624636,0.521510595513192,0,0,0.50563693449672,"09b_or_to_cor_CAT",1000
0,25,0.5,0.5,"CAT","2x2_tetrachoric (z)","sample",1000,1000,1000,1000,0,0.0015869196590508,0.0120229565353968,0.380199268610606,0.00850576804386505,0.33692891855491,0.886190338519529,0.0198257337256516,0.162220801236034,1,0,1.31723680717141,"09b_or_to_cor_CAT",1000
0.1,25,0.5,0.5,"CAT","2x2_tetrachoric (z)","sample",1000,1000,1000,1000,0,0.0770798321652627,0.0112512838050676,0.355796834249795,0.00795983999109102,0.338791825486912,0.952205845791914,0.0213026239737812,0.171852555809923,1,0,1.32409902857984,"09b_or_to_cor_CAT",1000
0.25,25,0.5,0.5,"CAT","2x2_tetrachoric (z)","sample",1000,1000,1000,1000,0,0.195051929603209,0.0119285790259797,0.377214789714087,0.0084389996744298,0.357755484853451,0.948413197490519,0.0212177753446885,0.266551685851282,1,0,1.39196509264654,"09b_or_to_cor_CAT",1000
0.5,25,0.5,0.5,"CAT","2x2_tetrachoric (z)","sample",1000,1000,1000,1000,0,0.467783222644788,0.0132377199101045,0.418613459432897,0.0093651652697493,0.432554470283898,1.0333028251645,0.0231169149326305,0.529776348855023,1,0,1.66683891518738,"09b_or_to_cor_CAT",1000
0.75,25,0.5,0.5,"CAT","2x2_tetrachoric (z)","sample",1000,1000,1000,1000,0,0.926407442031617,0.0142004135641231,0.449056505789786,0.0100462330998022,0.598572226591287,1.33295524922535,0.0298206995615637,0.980343724648767,1,0,2.29560236589155,"09b_or_to_cor_CAT",1000
0,50,0.5,0.5,"CAT","2x2_tetrachoric (z)","sample",1000,1000,1000,1000,0,0.00314516609537854,0.0074188703398691,0.234605279394538,0.00524855846169408,0.228720204287082,0.974914992865272,0.0218106700260155,0.0914553359750775,1,0,0.896234658959356,"09b_or_to_cor_CAT",1000
0.1,50,0.5,0.5,"CAT","2x2_tetrachoric (z)","sample",1000,1000,1000,1000,0,0.0661523173734531,0.00745247948150924,0.235668093772399,0.00527233560520307,0.230551355624329,0.9782883713015,0.0218861388048156,0.115283411396836,1,0,0.903107706272181,"09b_or_to_cor_CAT",1000
0.25,50,0.5,0.5,"CAT","2x2_tetrachoric (z)","sample",1000,1000,1000,1000,0,0.16678226100382,0.00769013751558457,0.243183500691558,0.00544046930057611,0.240452409038356,0.988769420435862,0.0221206194578664,0.198370060210601,0.999,0.000999499874937461,0.940591520441104,"09b_or_to_cor_CAT",1000
0.5,50,0.5,0.5,"CAT","2x2_tetrachoric (z)","sample",1000,1000,1000,1000,0,0.414020709528275,0.00924572255959077,0.292375419023087,0.00654098442910275,0.286328299298033,0.979317277268867,0.0219091573538237,0.448308464174788,0.914,0.00886588969026797,1.11264702345772,"09b_or_to_cor_CAT",1000
0.75,50,0.5,0.5,"CAT","2x2_tetrachoric (z)","sample",1000,1000,1000,1000,0,0.985198603084852,0.0139772330156262,0.441998917162826,0.00988834165506242,0.4365962006283,0.98777662947863,0.0220984088691161,1.04433401666977,0.168,0.0118226900492231,1.66931256284801,"09b_or_to_cor_CAT",1000
0,100,0.5,0.5,"CAT","2x2_tetrachoric (z)","sample",1000,1000,1000,1000,0,-0.00116023254816005,0.00516738220102562,0.16340697295855,0.00365571931217751,0.159247645721142,0.974546207165445,0.0218024196008316,0.0614191526932078,1,0,0.624186625022648,"09b_or_to_cor_CAT",1000
0.1,100,0.5,0.5,"CAT","2x2_tetrachoric (z)","sample",1000,1000,1000,1000,0,0.0573069686122572,0.00520717069970736,0.164665195763679,0.00368386810732653,0.160377003245434,0.973958112408894,0.0217892628222683,0.0855306321624262,0.999,0.000999499874937461,0.628523389166026,"09b_or_to_cor_CAT",1000
0.25,100,0.5,0.5,"CAT","2x2_tetrachoric (z)","sample",1000,1000,1000,1000,0,0.16109341927038,0.0053055657154335,0.167776719364706,0.00375347870418556,0.167276788964749,0.997020263586923,0.0223052062359149,0.176346770761796,0.992,0.00281709069786544,0.655147982668893,"09b_or_to_cor_CAT",1000
0.5,100,0.5,0.5,"CAT","2x2_tetrachoric (z)","sample",1000,1000,1000,1000,0,0.402428194623159,0.00637441532711499,0.201576711855706,0.00450964769173633,0.197751151515197,0.981021813952158,0.0219472910243679,0.418726272979583,0.452,0.0157383607786834,0.77224096509489,"09b_or_to_cor_CAT",1000
0.75,100,0.5,0.5,"CAT","2x2_tetrachoric (z)","sample",1000,1000,1000,1000,0,0.927395050274571,0.00954278714932569,0.301769426180545,0.00675114592198448,0.290677425063,0.963243456244275,0.0215495559434543,0.957312170931885,0,0,1.12440358672248,"09b_or_to_cor_CAT",1000
0,300,0.5,0.5,"CAT","2x2_tetrachoric (z)","sample",1000,1000,1000,1000,0,-0.00087871402241802,0.00286674747962868,0.0906545151217379,0.00202811089188152,0.0910867795772635,1.00476826173462,0.0224785434316687,0.0332843115415275,1,0,0.35705083470604,"09b_or_to_cor_CAT",1000
0.1,300,0.5,0.5,"CAT","2x2_tetrachoric (z)","sample",1000,1000,1000,1000,0,0.0601360556737839,0.00287205420516272,0.0908223285177872,0.00203186519111168,0.0918114412930943,1.0108906344007,0.0226155123479058,0.0691478610135102,1,0,0.359876838492691,"09b_or_to_cor_CAT",1000
0.25,300,0.5,0.5,"CAT","2x2_tetrachoric (z)","sample",1000,1000,1000,1000,0,0.156513765679969,0.00295779340853505,0.0935336401920368,0.00209252229936984,0.0955712448432712,1.02178472522882,0.0228592335154172,0.16127587515315,0.811,0.012380589646701,0.374545114323758,"09b_or_to_cor_CAT",1000
0.5,300,0.5,0.5,"CAT","2x2_tetrachoric (z)","sample",1000,1000,1000,1000,0,0.385877576074973,0.0035775069146783,0.113130701953851,0.00253094518823134,0.111849470709872,0.988674769785291,0.0221185019459576,0.390944168505519,0.001,0.000999499874937461,0.437966494709273,"09b_or_to_cor_CAT",1000
0.75,300,0.5,0.5,"CAT","2x2_tetrachoric (z)","sample",1000,1000,1000,1000,0,0.87945213580263,0.00510471129412263,0.161425144870132,0.00361138211477968,0.159380895833183,0.987336241583713,0.0220885565690389,0.888010205120444,0,0,0.622639000198807,"09b_or_to_cor_CAT",1000
0,25,0.3,0.1,"CAT","bonett (r)","sample",1000,935,935,935,0.0649999999999999,0.0429936111113485,0.0110226005373364,0.337046540757087,0.00779832693019695,0.419702663048829,1.2452365246238,0.028811337160221,0.145694252731256,1,0,1.36302865326671,"09b_or_to_cor_CAT",1000
0.1,25,0.3,0.1,"CAT","bonett (r)","sample",1000,940,940,940,0.0600000000000001,0.103577109974957,0.0112132119593459,0.343790568658456,0.00793315910369165,0.395116394601268,1.14929387429998,0.0265205971103235,0.166262387925786,1,0,1.30694015759303,"09b_or_to_cor_CAT",1000
0.25,25,0.3,0.1,"CAT","bonett (r)","sample",1000,925,925,925,0.075,0.169701115970156,0.00996269984708864,0.303003686652393,0.00704850365306444,0.351741692888013,1.16084954864438,0.0270038043915447,0.193923950512782,1,0,1.2051478664207,"09b_or_to_cor_CAT",1000
0.5,25,0.3,0.1,"CAT","bonett (r)","sample",1000,930,930,930,0.07,0.213284529146886,0.00429872938983511,0.131093627462741,0.00304129624732859,0.25276812403113,1.92814958990262,0.0447319539901029,0.217227373372338,0.997849462365591,0.00151902374644015,1.00519388513052,"09b_or_to_cor_CAT",1000
0,50,0.3,0.1,"CAT","bonett (r)","sample",1000,997,997,997,0.003,-0.0118133928767064,0.00961762323263534,0.303679404331266,0.00680409974949666,0.33732198203493,1.11078320499788,0.0248876928072038,0.161266399983794,1,0,1.15619157082553,"09b_or_to_cor_CAT",1000
0.1,50,0.3,0.1,"CAT","bonett (r)","sample",1000,992,992,992,0.00800000000000001,0.0881283625364935,0.00928257624405374,0.292364313747176,0.00656708346555922,0.315521268914036,1.07920581985558,0.0242411072838308,0.169795323183319,1,0,1.09010502042676,"09b_or_to_cor_CAT",1000
0.25,50,0.3,0.1,"CAT","bonett (r)","sample",1000,991,991,991,0.00900000000000001,0.209615711625438,0.00815204467158714,0.256627609264094,0.00576727662900409,0.270298099364701,1.05326975589185,0.0236704774852993,0.236108875570198,1,0,0.970853624551792,"09b_or_to_cor_CAT",1000
0.5,50,0.3,0.1,"CAT","bonett (r)","sample",1000,996,996,996,0.004,0.306739535039315,0.0028143034146019,0.0888179176439201,0.00199101278419684,0.186217452739569,2.09662034057287,0.0469995020421813,0.308627059650185,1,0,0.79920648291548,"09b_or_to_cor_CAT",1000
0,100,0.3,0.1,"CAT","bonett (r)","sample",1000,1000,1000,1000,0,-0.0257076628806723,0.00778682412826663,0.246240999844777,0.00550887126959259,0.245832196013044,0.998339822239227,0.0223347272285717,0.149760874965135,1,0,0.887057833191623,"09b_or_to_cor_CAT",1000
0.1,100,0.3,0.1,"CAT","bonett (r)","sample",1000,1000,1000,1000,0,0.0914415822850123,0.00684334646692721,0.216405616531561,0.00484139799724938,0.218671174233841,1.01046903374594,0.022606080353495,0.146903679040388,1,0,0.79849276184874,"09b_or_to_cor_CAT",1000
0.25,100,0.3,0.1,"CAT","bonett (r)","sample",1000,1000,1000,1000,0,0.226632728204552,0.00606761433973571,0.191874812770635,0.00429259808113564,0.186035799902441,0.969568632881617,0.0216910619634694,0.243863673693043,1,0,0.699807661394723,"09b_or_to_cor_CAT",1000
0.5,100,0.3,0.1,"CAT","bonett (r)","sample",1000,1000,1000,1000,0,0.372639082622906,0.0016389607607983,0.0518284899976503,0.00115950016315075,0.122987126100222,2.37296371369873,0.0530876321750687,0.374279564710342,0.984,0.00396787096564392,0.582661094502258,"09b_or_to_cor_CAT",1000
0,300,0.3,0.1,"CAT","bonett (r)","sample",1000,1000,1000,1000,0,-0.00794229033474216,0.00438676183255356,0.138721589435634,0.00310346115795466,0.134789574078204,0.971655346702505,0.0217377456506823,0.0819320382364676,0.999,0.000999499874937461,0.514700314267303,"09b_or_to_cor_CAT",1000
0.1,300,0.3,0.1,"CAT","bonett (r)","sample",1000,1000,1000,1000,0,0.102939806083346,0.00379604636376786,0.120041526131065,0.0026855532379999,0.120303302415239,1.00218071439618,0.0224206551628572,0.119022959616221,0.992,0.00281709069786544,0.462025024687423,"09b_or_to_cor_CAT",1000
0.25,300,0.3,0.1,"CAT","bonett (r)","sample",1000,1000,1000,1000,0,0.224150548547502,0.00323885980823849,0.102421740160098,0.00229136570313358,0.102717733168302,1.00288994316774,0.0224365219356759,0.228519436883147,0.445,0.0157154382694216,0.397498071137449,"09b_or_to_cor_CAT",1000
0.5,300,0.3,0.1,"CAT","bonett (r)","sample",1000,1000,1000,1000,0,0.430670364453003,0.000940740620775144,0.0297488304909017,0.000665536923983476,0.0604884429769733,2.03330490573311,0.045488829985972,0.431817455035616,0,0,0.318037444243157,"09b_or_to_cor_CAT",1000
0,25,0.5,0.1,"CAT","bonett (r)","sample",1000,919,919,919,0.081,0.00413217235650397,0.0111074743776072,0.33672322773788,0.00785844716051635,0.380382741961821,1.12965994213481,0.0263640053115936,0.131309136619282,1,0,1.28150817291065,"09b_or_to_cor_CAT",1000
0.1,25,0.5,0.1,"CAT","bonett (r)","sample",1000,932,932,932,0.0679999999999999,0.0590364676966982,0.010479695302596,0.319931212463016,0.00741424227854833,0.38182163611384,1.19344915794354,0.0276575740641303,0.137234632275385,1,0,1.28856749684778,"09b_or_to_cor_CAT",1000
0.25,25,0.5,0.1,"CAT","bonett (r)","sample",1000,935,935,935,0.0649999999999999,0.145900826735121,0.00822387509082472,0.251467758592171,0.00581827005107561,0.366102268191927,1.45586165893206,0.0336846215836808,0.173158390271348,1,0,1.2633134032415,"09b_or_to_cor_CAT",1000
0,50,0.5,0.1,"CAT","bonett (r)","sample",1000,991,991,991,0.00900000000000001,-0.00148861794916943,0.009151456340112,0.288089240976943,0.00647432422145983,0.300978678162721,1.04474112654144,0.0234788107941311,0.147679903614174,1,0,1.06069222559591,"09b_or_to_cor_CAT",1000
0.1,50,0.5,0.1,"CAT","bonett (r)","sample",1000,994,994,994,0.00600000000000001,0.100541783490286,0.00886737645674689,0.279568565890937,0.00627333842078918,0.301461205244879,1.07830865850091,0.0241965512656468,0.175065673584602,1,0,1.06708598813663,"09b_or_to_cor_CAT",1000
0.25,50,0.5,0.1,"CAT","bonett (r)","sample",1000,997,997,997,0.003,0.242335724221096,0.00669554253564167,0.21141380980685,0.00473683967312375,0.286643871687769,1.35584270464474,0.0303783821867842,0.261918679955824,1,0,1.04950023424514,"09b_or_to_cor_CAT",1000
0,100,0.5,0.1,"CAT","bonett (r)","sample",1000,1000,1000,1000,0,0.00699160789354155,0.00697381593370271,0.220531423332744,0.00493370000449128,0.210129663208332,0.952833206410148,0.0213166592030388,0.121349855709401,1,0,0.777776464299992,"09b_or_to_cor_CAT",1000
0.1,100,0.5,0.1,"CAT","bonett (r)","sample",1000,1000,1000,1000,0,0.110912542537569,0.0066797870172393,0.211233412592986,0.0047256861308435,0.211340867852859,1.00050870389563,0.0223832491637962,0.162711935669704,1,0,0.784711429627067,"09b_or_to_cor_CAT",1000
0.25,100,0.5,0.1,"CAT","bonett (r)","sample",1000,1000,1000,1000,0,0.310633679079568,0.00539916648334566,0.170736635538139,0.00381969755960972,0.211353509035672,1.23789196366389,0.0276939562371267,0.326369964650857,1,0,0.816238982990017,"09b_or_to_cor_CAT",1000
0,300,0.5,0.1,"CAT","bonett (r)","sample",1000,1000,1000,1000,0,-0.000956647741690648,0.0037879364094634,0.119785066857845,0.00267981576486199,0.116706995807277,0.974303382455667,0.0217969871583542,0.0623312400538077,1,0,0.449563529230359,"09b_or_to_cor_CAT",1000
0.1,300,0.5,0.1,"CAT","bonett (r)","sample",1000,1000,1000,1000,0,0.106616946629802,0.00370047308707153,0.117019233753006,0.00261793891032785,0.117072411523285,1.00045443615185,0.0223820350929682,0.123845211890632,0.987,0.00358203852575597,0.451093537085047,"09b_or_to_cor_CAT",1000
0.25,300,0.5,0.1,"CAT","bonett (r)","sample",1000,1000,1000,1000,0,0.327619638617194,0.00384463963331814,0.121578180238399,0.00271993106163012,0.120629941733691,0.992200586463387,0.0221973810530603,0.338471062562377,0.222,0.0131421459434904,0.47435245471079,"09b_or_to_cor_CAT",1000
0,25,0.3,0.3,"CAT","bonett (r)","sample",1000,1000,1000,1000,0,-0.00487679657889067,0.0113197834268307,0.35796298248611,0.00800830077460081,0.343569163286001,0.959789643330877,0.0214722876951076,0.143810902567393,1,0,1.18299004421613,"09b_or_to_cor_CAT",1000
0.1,25,0.3,0.3,"CAT","bonett (r)","sample",1000,1000,1000,1000,0,0.0481920394025676,0.0111142654556208,0.351463933594908,0.00786290490738542,0.330293269922351,0.939764335259052,0.0210242841361098,0.144430097308513,0.999,0.000999499874937461,1.14364222639749,"09b_or_to_cor_CAT",1000
0.25,25,0.3,0.3,"CAT","bonett (r)","sample",1000,1000,1000,1000,0,0.130376062210565,0.0096025260443086,0.303658535911021,0.00679340883647024,0.299306435263314,0.985667780967689,0.0220512299875278,0.165016360103298,1,0,1.05503003106566,"09b_or_to_cor_CAT",1000
0.5,25,0.3,0.3,"CAT","bonett (r)","sample",1000,1000,1000,1000,0,0.192965946558932,0.00663920735445497,0.209950170982186,0.00469697761826379,0.218300072285018,1.03977087164907,0.0232616172180812,0.199808926553653,0.996,0.00199599599197994,0.835000725395267,"09b_or_to_cor_CAT",1000
0.75,25,0.3,0.3,"CAT","bonett (r)","sample",1000,999,999,999,0.001,0.149142734226568,0.00305495638246243,0.0965578880270752,0.00216126235799469,0.120632926209084,1.24933269227324,0.0279639061664769,0.16558755261678,0.92992992992993,0.00807622936965493,0.571664133985954,"09b_or_to_cor_CAT",1000
0,50,0.3,0.3,"CAT","bonett (r)","sample",1000,1000,1000,1000,0,-0.0143878220085861,0.00790177785344559,0.249876155815642,0.00559019650097571,0.249551349329277,0.998700130129244,0.0223427879893092,0.114245951125092,1,0,0.909458811297159,"09b_or_to_cor_CAT",1000
0.1,50,0.3,0.3,"CAT","bonett (r)","sample",1000,1000,1000,1000,0,0.0561048475728538,0.00772153304965738,0.244176314651834,0.00546268040394743,0.237357089988671,0.972072538350472,0.0217470790073729,0.115258684834542,1,0,0.867931531739774,"09b_or_to_cor_CAT",1000
0.25,50,0.3,0.3,"CAT","bonett (r)","sample",1000,1000,1000,1000,0,0.140033242304523,0.00652564636168617,0.206359057077192,0.00461663769018714,0.210173162563227,1.01848285963338,0.0227853646124879,0.156419657276698,1,0,0.779914576246348,"09b_or_to_cor_CAT",1000
0.5,50,0.3,0.3,"CAT","bonett (r)","sample",1000,1000,1000,1000,0,0.205818125312714,0.00472458620139264,0.149404533982037,0.00334245858861579,0.145124685359477,0.97135395755075,0.0217310030122097,0.207476558713797,1,0,0.561932475536087,"09b_or_to_cor_CAT",1000
0.75,50,0.3,0.3,"CAT","bonett (r)","sample",1000,1000,1000,1000,0,0.167798340774607,0.00201086756021379,0.0635892156322137,0.00142260957059568,0.0688392078582554,1.08256104708708,0.0242189133963776,0.173927565344908,0.995,0.00223047080231955,0.313870481028126,"09b_or_to_cor_CAT",1000
0,100,0.3,0.3,"CAT","bonett (r)","sample",1000,1000,1000,1000,0,-0.00899301751166989,0.00580837299193942,0.183676881543354,0.00410919504168837,0.176184494116681,0.959208870687929,0.021459294725907,0.083787911951082,1,0,0.665560449548449,"09b_or_to_cor_CAT",1000
0.1,100,0.3,0.3,"CAT","bonett (r)","sample",1000,1000,1000,1000,0,0.0657617600906033,0.00536434599211707,0.169635514922856,0.00379506343399412,0.167474126931982,0.987258635128044,0.0220868203676173,0.0944917018189531,1,0,0.634103531145852,"09b_or_to_cor_CAT",1000
0.25,100,0.3,0.3,"CAT","bonett (r)","sample",1000,1000,1000,1000,0,0.145412178373759,0.00456255733516679,0.144280731342353,0.00322782954970427,0.148176004664955,1.02699787619844,0.0229758614434176,0.152479957226436,1,0,0.56495216324073,"09b_or_to_cor_CAT",1000
0.5,100,0.3,0.3,"CAT","bonett (r)","sample",1000,1000,1000,1000,0,0.211252320789674,0.00326186286471913,0.103149160676341,0.00230763945927236,0.0994789372953985,0.964418291366818,0.0215758392003334,0.211747215481213,0.757,0.0135628536820243,0.387565282865042,"09b_or_to_cor_CAT",1000
0.75,100,0.3,0.3,"CAT","bonett (r)","sample",1000,1000,1000,1000,0,0.171626253061927,0.00141083743058808,0.0446145968887805,0.000998111895094594,0.0451770744779932,1.01260747890685,0.0226539213674446,0.174277649006569,0.023,0.00474035863622153,0.189528217887852,"09b_or_to_cor_CAT",1000
0,300,0.3,0.3,"CAT","bonett (r)","sample",1000,1000,1000,1000,0,0.00125648285737614,0.00312238630044634,0.0987385244431724,0.0022089652854311,0.102095190251679,1.03399550304641,0.0231324114311224,0.043106782715546,1,0,0.395191141501162,"09b_or_to_cor_CAT",1000
0.1,300,0.3,0.3,"CAT","bonett (r)","sample",1000,1000,1000,1000,0,0.0695828722543408,0.00306823303557248,0.0970260478458147,0.00217065398417347,0.0971358075635505,1.00113123970493,0.0223971764530629,0.0793854884831785,1,0,0.376317417463485,"09b_or_to_cor_CAT",1000
0.25,300,0.3,0.3,"CAT","bonett (r)","sample",1000,1000,1000,1000,0,0.150472437656481,0.00272812349378671,0.0862708397858222,0.00193003988368845,0.0855332827671565,0.991450679969075,0.0221806042435769,0.152835599026971,0.766,0.0133882037630147,0.332092909136898,"09b_or_to_cor_CAT",1000
0.5,300,0.3,0.3,"CAT","bonett (r)","sample",1000,1000,1000,1000,0,0.214976380548385,0.00184073744547731,0.0582092290206831,0.00130224921755238,0.0573170011849973,0.984672055433533,0.0220289537468085,0.215050776403941,0,0,0.224217776219585,"09b_or_to_cor_CAT",1000
0.75,300,0.3,0.3,"CAT","bonett (r)","sample",1000,1000,1000,1000,0,0.172026525344223,0.000760405655812266,0.0240461381804081,0.000537957041476469,0.0245467258553071,1.02081779914693,0.0228376015722571,0.172895937778199,0,0,0.0982961672462769,"09b_or_to_cor_CAT",1000
0,25,0.5,0.3,"CAT","bonett (r)","sample",1000,1000,1000,1000,0,-0.00220451100633173,0.0102761324081343,0.324959839471752,0.00726995879876146,0.311126794255668,0.957431523727451,0.0214195321534156,0.121081913522788,1,0,1.10142451679821,"09b_or_to_cor_CAT",1000
0.1,25,0.5,0.3,"CAT","bonett (r)","sample",1000,1000,1000,1000,0,0.0589781249721819,0.0103413693826662,0.327022813743545,0.00731611138790361,0.306933480969483,0.938569017420859,0.0209975426426096,0.134126974359592,1,0,1.0908033548452,"09b_or_to_cor_CAT",1000
0.25,25,0.5,0.3,"CAT","bonett (r)","sample",1000,1000,1000,1000,0,0.136113008947164,0.00895248098709221,0.283102306285638,0.00633352757028872,0.290004828500436,1.02438172371451,0.0229173332240525,0.16758294322024,1,0,1.04933444986325,"09b_or_to_cor_CAT",1000
0.5,25,0.5,0.3,"CAT","bonett (r)","sample",1000,1000,1000,1000,0,0.218653635183396,0.00553166014661591,0.174926453052872,0.00391343160611824,0.221754597392258,1.26770190284046,0.0283608602765905,0.223607593015441,1,0,0.894835571173695,"09b_or_to_cor_CAT",1000
0,50,0.5,0.3,"CAT","bonett (r)","sample",1000,1000,1000,1000,0,0.000620407140871213,0.00755028298080291,0.238760911981426,0.00534152772749189,0.221272094267706,0.926751755266036,0.0207331684075675,0.0904178685192446,1,0,0.82140443816063,"09b_or_to_cor_CAT",1000
0.1,50,0.5,0.3,"CAT","bonett (r)","sample",1000,1000,1000,1000,0,0.0574419436687088,0.00699990960457353,0.22135657765741,0.00495216024854079,0.218966040505558,0.989200514494981,0.0221302638374712,0.100339448985902,1,0,0.813513466568798,"09b_or_to_cor_CAT",1000
0.25,50,0.5,0.3,"CAT","bonett (r)","sample",1000,1000,1000,1000,0,0.148025323422402,0.00673861709413891,0.213093782972242,0.00476730609234279,0.202307132985308,0.949380738206055,0.0212394210383518,0.167402871977732,1,0,0.762490972433748,"09b_or_to_cor_CAT",1000
0.5,50,0.5,0.3,"CAT","bonett (r)","sample",1000,1000,1000,1000,0,0.257776116841792,0.00421530918856535,0.133299780777027,0.00298216516757346,0.146084471580817,1.09590931604887,0.0245175391143887,0.262429546236864,1,0,0.611961437672555,"09b_or_to_cor_CAT",1000
0,100,0.5,0.3,"CAT","bonett (r)","sample",1000,1000,1000,1000,0,-0.00132422687104633,0.00523990778140304,0.165700433184733,0.00370702830278401,0.156938820410664,0.947123778703094,0.0211889286371256,0.0615488085525313,1,0,0.59813749180811,"09b_or_to_cor_CAT",1000
0.1,100,0.5,0.3,"CAT","bonett (r)","sample",1000,1000,1000,1000,0,0.0566507618521929,0.0049740885778113,0.157294491893114,0.00351897168952922,0.155182904692293,0.986575580775862,0.0220715391654671,0.0810507371848802,1,0,0.591851030682403,"09b_or_to_cor_CAT",1000
0.25,100,0.5,0.3,"CAT","bonett (r)","sample",1000,1000,1000,1000,0,0.145165930052054,0.00444671560309202,0.140617494127801,0.00314587608842986,0.143309023637127,1.01914078704091,0.0228000836779365,0.153543109459812,0.998,0.00141279864099595,0.549562190255616,"09b_or_to_cor_CAT",1000
0.5,100,0.5,0.3,"CAT","bonett (r)","sample",1000,1000,1000,1000,0,0.265720404154421,0.00327513310593737,0.103568802549836,0.00231702763208627,0.101505818148184,0.980081024875623,0.0219262438148547,0.269218409976007,0.567,0.0156687906361659,0.414047205797047,"09b_or_to_cor_CAT",1000
0,300,0.5,0.3,"CAT","bonett (r)","sample",1000,1000,1000,1000,0,0.00167277439276849,0.00292860486588162,0.0926106174283785,0.00207187255547219,0.090863612511979,0.981136019120588,0.0219498460073788,0.0339951649715685,1,0,0.35278960556848,"09b_or_to_cor_CAT",1000
0.1,300,0.5,0.3,"CAT","bonett (r)","sample",1000,1000,1000,1000,0,0.0580484312886355,0.00279989184158573,0.0885403542153425,0.00198081316208072,0.0896581430472898,1.01262462570715,0.0226543049734063,0.0664311895154222,1,0,0.348212599362341,"09b_or_to_cor_CAT",1000
0.25,300,0.5,0.3,"CAT","bonett (r)","sample",1000,1000,1000,1000,0,0.139689146169189,0.00262510920260693,0.0830132418690632,0.0018571613314456,0.0833428825435206,1.0039709408648,0.0224607058740111,0.14268063238035,0.844,0.0114744934528719,0.32417761460628,"09b_or_to_cor_CAT",1000
0.5,300,0.5,0.3,"CAT","bonett (r)","sample",1000,1000,1000,1000,0,0.261804262176464,0.0018212406783359,0.0575926871089154,0.00128845602297317,0.0583307726940065,1.0128156129214,0.02265857771425,0.262904599374733,0,0,0.230443140116614,"09b_or_to_cor_CAT",1000
0,25,0.3,0.5,"CAT","bonett (r)","sample",1000,999,999,999,0.001,-0.00085900578714409,0.00986218549066126,0.311713714728045,0.00697711115971709,0.313265081445466,1.00497689592764,0.0224944722818888,0.116746343881097,1,0,1.1059211200166,"09b_or_to_cor_CAT",1000
0.1,25,0.3,0.5,"CAT","bonett (r)","sample",1000,1000,1000,1000,0,0.0510484616948398,0.0103129737067944,0.326124863628998,0.007296022566015,0.311251209853775,0.954392763527089,0.0213515494097884,0.131993647539142,1,0,1.1023297956887,"09b_or_to_cor_CAT",1000
0.25,25,0.3,0.5,"CAT","bonett (r)","sample",1000,1000,1000,1000,0,0.135593499118571,0.00914281029126994,0.289121047352405,0.00646817805401291,0.289523615320639,1.00139238554896,0.0224030187735468,0.168055797700575,1,0,1.04820783706089,"09b_or_to_cor_CAT",1000
0.5,25,0.3,0.5,"CAT","bonett (r)","sample",1000,1000,1000,1000,0,0.220086122566016,0.00526191847398609,0.166396472399135,0.00372260000056442,0.220195878154183,1.32332059075147,0.0296051542490749,0.224761357911649,0.999,0.000999499874937461,0.892461786455422,"09b_or_to_cor_CAT",1000
0,50,0.3,0.5,"CAT","bonett (r)","sample",1000,1000,1000,1000,0,0.000354990824317819,0.00731790399748387,0.231412443305001,0.00517712875253412,0.22176488720443,0.958310123851656,0.0214391880798647,0.0878927601951981,1,0,0.822780578035942,"09b_or_to_cor_CAT",1000
0.1,50,0.3,0.5,"CAT","bonett (r)","sample",1000,1000,1000,1000,0,0.0593741051387721,0.00728846083654461,0.230481368804172,0.00515629887623122,0.219486143173034,0.952294514354087,0.0213046076551948,0.106786127660144,1,0,0.8160842852932,"09b_or_to_cor_CAT",1000
0.25,50,0.3,0.5,"CAT","bonett (r)","sample",1000,1000,1000,1000,0,0.146208690813146,0.00630314068959896,0.199322809916171,0.00445922369391707,0.203030607194202,1.01860197174418,0.0227880293729683,0.16328961861246,1,0,0.763912048459776,"09b_or_to_cor_CAT",1000
0.5,50,0.3,0.5,"CAT","bonett (r)","sample",1000,1000,1000,1000,0,0.255909046351445,0.00430861613079084,0.13625040536641,0.00304817615290105,0.147222423531024,1.08052833410006,0.0241734378087192,0.260631057087039,1,0,0.614023850587359,"09b_or_to_cor_CAT",1000
0,100,0.3,0.5,"CAT","bonett (r)","sample",1000,1000,1000,1000,0,0.00327467928341272,0.00515038491802414,0.162869471675359,0.00364369440414754,0.157089114692007,0.964509266691346,0.0215778744883312,0.0604083180755226,1,0,0.598659939887225,"09b_or_to_cor_CAT",1000
0.1,100,0.3,0.5,"CAT","bonett (r)","sample",1000,1000,1000,1000,0,0.0539638200074374,0.00506698412392757,0.16023210699524,0.00358469162831856,0.155194507489518,0.968560611227116,0.0216685106355625,0.079690158027185,1,0,0.591824716060717,"09b_or_to_cor_CAT",1000
0.25,100,0.3,0.5,"CAT","bonett (r)","sample",1000,1000,1000,1000,0,0.139984804092213,0.00459329398804031,0.145252709649656,0.00324957452058704,0.144181606473254,0.992625933251193,0.022206896855467,0.149139657539955,0.998,0.00141279864099595,0.552563282361192,"09b_or_to_cor_CAT",1000
0.5,100,0.3,0.5,"CAT","bonett (r)","sample",1000,1000,1000,1000,0,0.263441432477264,0.00337002099628713,0.106569421108572,0.00238415707592237,0.101915379798592,0.956328548456337,0.0213948565356836,0.266920849716997,0.583,0.0155920171882922,0.414025015077379,"09b_or_to_cor_CAT",1000
0,300,0.3,0.5,"CAT","bonett (r)","sample",1000,1000,1000,1000,0,-2.52774246416628e-05,0.00279706174781933,0.0884508587924057,0.00197881098224679,0.0909201075543191,1.02791661715472,0.0229964153952834,0.0323883051138639,1,0,0.353003400261292,"09b_or_to_cor_CAT",1000
0.1,300,0.3,0.5,"CAT","bonett (r)","sample",1000,1000,1000,1000,0,0.0569754689904302,0.002998187609859,0.0948110169965073,0.00212109960527352,0.089639973986898,0.945459471130873,0.0211516949669645,0.0666128150122655,1,0,0.348132353404655,"09b_or_to_cor_CAT",1000
0.25,300,0.3,0.5,"CAT","bonett (r)","sample",1000,1000,1000,1000,0,0.140653096823353,0.00267481645909115,0.0845851233363463,0.00189232725694046,0.0830926210044225,0.982355025646899,0.0219771174610948,0.143701373334504,0.847,0.0113838042850358,0.323219432503899,"09b_or_to_cor_CAT",1000
0.5,300,0.3,0.5,"CAT","bonett (r)","sample",1000,1000,1000,1000,0,0.261771631989662,0.00188284239099877,0.0595407043067342,0.00133203680757241,0.0586856029488244,0.985638373481366,0.0220505720871107,0.262857245980939,0,0,0.231653853401735,"09b_or_to_cor_CAT",1000
0,25,0.5,0.5,"CAT","bonett (r)","sample",1000,1000,1000,1000,0,0.0013329205976206,0.010502387235469,0.332114645331611,0.00743002517465228,0.293577632631501,0.883964729523955,0.0197759426938543,0.113804967451592,1,0,1.05086404819029,"09b_or_to_cor_CAT",1000
0.1,25,0.5,0.5,"CAT","bonett (r)","sample",1000,1000,1000,1000,0,0.0537210861678762,0.00962908269925395,0.304498331077646,0.0068121966235109,0.291926504642392,0.958712987388924,0.0214482008899468,0.115245194212724,1,0,1.04427223878796,"09b_or_to_cor_CAT",1000
0.25,25,0.5,0.5,"CAT","bonett (r)","sample",1000,1000,1000,1000,0,0.120620234192925,0.00892733446601821,0.282307103467406,0.00631573739740272,0.271247727591796,0.96082501736664,0.0214954509468913,0.14851206600734,1,0,0.984933585410015,"09b_or_to_cor_CAT",1000
0.5,25,0.5,0.5,"CAT","bonett (r)","sample",1000,1000,1000,1000,0,0.190324834418422,0.00623698731744652,0.197230856607147,0.00441242278956451,0.200122199115126,1.0146596864087,0.0226998330838253,0.195576170092221,1,0,0.783638643796671,"09b_or_to_cor_CAT",1000
0.75,25,0.5,0.5,"CAT","bonett (r)","sample",1000,1000,1000,1000,0,0.152258230743181,0.00266126497195875,0.0841565876861377,0.00188274011372338,0.10210700834943,1.21329786718823,0.0271437403447214,0.164151453000091,0.964,0.00589101010014412,0.508440452962631,"09b_or_to_cor_CAT",1000
0,50,0.5,0.5,"CAT","bonett (r)","sample",1000,1000,1000,1000,0,0.0024309506042493,0.00695722354850823,0.22000672604245,0.00492196154570677,0.214257360739018,0.973867320300369,0.0217872316331549,0.076787013928664,1,0,0.797964759875693,"09b_or_to_cor_CAT",1000
0.1,50,0.5,0.5,"CAT","bonett (r)","sample",1000,1000,1000,1000,0,0.0541309908362097,0.00679112078880328,0.214754095579377,0.00480445038767033,0.210968432450265,0.982372102758279,0.0219774995079851,0.0911461745593574,1,0,0.786716288636209,"09b_or_to_cor_CAT",1000
0.25,50,0.5,0.5,"CAT","bonett (r)","sample",1000,1000,1000,1000,0,0.123005518391177,0.0062485748732689,0.197597287296277,0.00442062052875872,0.19520217589661,0.987878824489753,0.022100695162467,0.137497052222972,1,0,0.733275754660842,"09b_or_to_cor_CAT",1000
0.5,50,0.5,0.5,"CAT","bonett (r)","sample",1000,1000,1000,1000,0,0.196217921090651,0.00449709236293684,0.14221054715029,0.00318151566117388,0.141615317794115,0.995814449996131,0.0222782299328176,0.197883614037435,1,0,0.550080944688057,"09b_or_to_cor_CAT",1000
0.75,50,0.5,0.5,"CAT","bonett (r)","sample",1000,1000,1000,1000,0,0.166167389526911,0.00204271879200654,0.0645964400196843,0.00144514306214935,0.064262502523923,0.994830404033728,0.0222562149859417,0.171278366288423,0.997,0.00172945077987204,0.284216838825973,"09b_or_to_cor_CAT",1000
0,100,0.5,0.5,"CAT","bonett (r)","sample",1000,1000,1000,1000,0,-0.00114968548046454,0.00497821933248408,0.157425117825327,0.00352189403570832,0.153604033185601,0.975727605019381,0.0218288496782745,0.0554385197826438,1,0,0.586141600304027,"09b_or_to_cor_CAT",1000
0.1,100,0.5,0.5,"CAT","bonett (r)","sample",1000,1000,1000,1000,0,0.0507301017154381,0.00489569405019231,0.154815439259424,0.00346351064998605,0.151499884589546,0.978583824160315,0.021892748637323,0.0737927335814116,1,0,0.578434081782851,"09b_or_to_cor_CAT",1000
0.25,100,0.5,0.5,"CAT","bonett (r)","sample",1000,1000,1000,1000,0,0.127393600455261,0.00437813753680564,0.138448865257851,0.00309735980851057,0.138738699331529,1.0020934376973,0.0224187026200259,0.134271689930255,0.999,0.000999499874937461,0.531818498897394,"09b_or_to_cor_CAT",1000
0.5,100,0.5,0.5,"CAT","bonett (r)","sample",1000,1000,1000,1000,0,0.200990228722753,0.00309099129339991,0.0977457271489349,0.00218675455491018,0.0975128806275819,0.997617834271178,0.0223185750086867,0.201483662838762,0.788,0.0129250145067617,0.380427801130109,"09b_or_to_cor_CAT",1000
0.75,100,0.5,0.5,"CAT","bonett (r)","sample",1000,1000,1000,1000,0,0.171111776052237,0.00133758236171696,0.0422980682109279,0.00094628682012067,0.0426450110356765,1.00820233262234,0.022555370014013,0.173151245180006,0.007,0.00263647491928143,0.177111457741829,"09b_or_to_cor_CAT",1000
0,300,0.5,0.5,"CAT","bonett (r)","sample",1000,1000,1000,1000,0,-0.000822200758619484,0.00282579963104878,0.089359630453776,0.00199914190235798,0.0897843225286094,1.0047526167317,0.0224781934237206,0.0319899927921308,1,0,0.348691823979257,"09b_or_to_cor_CAT",1000
0.1,300,0.5,0.5,"CAT","bonett (r)","sample",1000,1000,1000,1000,0,0.0564674228716327,0.00275813079628636,0.0872197540091879,0.00195126886791814,0.0882444777371635,1.01174875737287,0.0226347101622023,0.0641937479588714,1,0,0.342798881020998,"09b_or_to_cor_CAT",1000
0.25,300,0.5,0.5,"CAT","bonett (r)","sample",1000,1000,1000,1000,0,0.130659415721331,0.00249774772784036,0.078985718404859,0.00176705810609503,0.0805743368482053,1.02011273019261,0.0228218278623227,0.132912910454488,0.889,0.00993373041711924,0.313448107351229,"09b_or_to_cor_CAT",1000
0.5,300,0.5,0.5,"CAT","bonett (r)","sample",1000,1000,1000,1000,0,0.203891246300079,0.0017946851082103,0.0567529262473029,0.00126966900339974,0.0560191141078202,0.987070056330045,0.0220826015075453,0.20401136702135,0.002,0.00141279864099595,0.219204907252869,"09b_or_to_cor_CAT",1000
0.75,300,0.5,0.5,"CAT","bonett (r)","sample",1000,1000,1000,1000,0,0.173092460320847,0.000762175158170583,0.0241020947581814,0.000539208894676521,0.0237811342848952,0.986683295518235,0.0220739489455197,0.173740963189816,0,0,0.0948887980763415,"09b_or_to_cor_CAT",1000
0,25,0.3,0.1,"CAT","bonett (z)","sample",1000,935,935,935,0.0649999999999999,0.055437425907334,0.0124662359862767,0.381189693049642,0.00881967766868417,0.473392195767508,1.24188089132268,0.0287336970649357,0.188215212409431,1,0,1.88211977638868,"09b_or_to_cor_CAT",1000
0.1,25,0.3,0.1,"CAT","bonett (z)","sample",1000,940,940,940,0.0600000000000001,0.139095041901991,0.013005905023107,0.398753497215855,0.00920145933296254,0.469096506283624,1.17640725299944,0.0271462534449369,0.227895679378205,1,0,1.86057480863316,"09b_or_to_cor_CAT",1000
0.25,25,0.3,0.1,"CAT","bonett (z)","sample",1000,925,925,925,0.075,0.259742960689804,0.0131368466493359,0.399541592824272,0.00929417858801101,0.480487672735384,1.20259738000973,0.0279749468391406,0.315629364250255,1,0,1.89562234305085,"09b_or_to_cor_CAT",1000
0.5,25,0.3,0.1,"CAT","bonett (z)","sample",1000,930,930,930,0.07,0.472093344060735,0.00976947143335477,0.297928837209551,0.00691177650747294,0.551891172398528,1.8524261617896,0.0429752143055561,0.495885496296471,1,0,2.16803100082907,"09b_or_to_cor_CAT",1000
0,50,0.3,0.1,"CAT","bonett (z)","sample",1000,997,997,997,0.003,-0.0109708331950006,0.0104842693152816,0.331044020284509,0.00741721863045123,0.37746088191142,1.14021356309961,0.0255470957477113,0.18840458542486,1,0,1.47123624644859,"09b_or_to_cor_CAT",1000
0.1,50,0.3,0.1,"CAT","bonett (z)","sample",1000,992,992,992,0.00800000000000001,0.10944444323681,0.0105622241580553,0.332668144750422,0.00747238760062199,0.360640508229118,1.08408488735728,0.0243507008354757,0.214206288698289,1,0,1.40380986746789,"09b_or_to_cor_CAT",1000
0.25,50,0.3,0.1,"CAT","bonett (z)","sample",1000,991,991,991,0.00900000000000001,0.29597691359892,0.0108534187460347,0.341667277026184,0.00767840103930812,0.379579978390369,1.11096380576499,0.0249670548349465,0.351182868271619,1,0,1.47180379161528,"09b_or_to_cor_CAT",1000
0.5,50,0.3,0.1,"CAT","bonett (z)","sample",1000,996,996,996,0.004,0.655598076232482,0.00786465250405013,0.248204246485478,0.00556394296278978,0.520230374454998,2.09597692957052,0.0469850788315821,0.669945178843834,0.996987951807229,0.00173638587360753,2.03659214858814,"09b_or_to_cor_CAT",1000
0,100,0.3,0.1,"CAT","bonett (z)","sample",1000,1000,1000,1000,0,-0.0288677895994568,0.00834683152572947,0.263949988670034,0.00590505443898556,0.26959438282427,1.02138433186785,0.0228502759677947,0.168201653438149,1,0,1.03303138855626,"09b_or_to_cor_CAT",1000
0.1,100,0.3,0.1,"CAT","bonett (z)","sample",1000,1000,1000,1000,0,0.103397614771625,0.00749716555793235,0.237081191584333,0.00530394924363937,0.239346622223502,1.00955550553812,0.0225856430205522,0.170447385964469,1,0,0.927845662035591,"09b_or_to_cor_CAT",1000
0.25,100,0.3,0.1,"CAT","bonett (z)","sample",1000,1000,1000,1000,0,0.301080954299504,0.00849726150940753,0.268707002438081,0.00601147772549092,0.265352426188096,0.987515858464621,0.0220925749342802,0.344409537405306,0.99,0.00314642654451046,1.01263090493046,"09b_or_to_cor_CAT",1000
0.5,100,0.3,0.1,"CAT","bonett (z)","sample",1000,1000,1000,1000,0,0.860320061614215,0.00625379875673564,0.197762480996139,0.00442431622049024,0.499398460358777,2.52524370569829,0.0564944201323502,0.869559125804642,0.839,0.0116223491601311,1.9415347364319,"09b_or_to_cor_CAT",1000
0,300,0.3,0.1,"CAT","bonett (z)","sample",1000,1000,1000,1000,0,-0.00840264303684991,0.00451436266091271,0.142756681925025,0.00319373371654144,0.1382557831548,0.968471536956923,0.0216665178777024,0.086317200102036,0.999,0.000999499874937461,0.538504850309333,"09b_or_to_cor_CAT",1000
0.1,300,0.3,0.1,"CAT","bonett (z)","sample",1000,1000,1000,1000,0,0.108869456457905,0.00400326396420171,0.126594322017522,0.00283215152592579,0.127077875870927,1.00381971201946,0.0224573226021686,0.127372696716782,0.988,0.00344325427466518,0.497840135529223,"09b_or_to_cor_CAT",1000
0.25,300,0.3,0.1,"CAT","bonett (z)","sample",1000,1000,1000,1000,0,0.273262998668374,0.00424740186895772,0.134314640439624,0.00300486947449828,0.135057968734295,1.00553423135585,0.0224956796033152,0.283600277740546,0.41,0.0155531347322654,0.52752519046355,"09b_or_to_cor_CAT",1000
0.5,300,0.3,0.1,"CAT","bonett (z)","sample",1000,1000,1000,1000,0,1.18527592573481,0.00595783970351563,0.188403433972917,0.00421493685113462,0.472100654464704,2.50579644176002,0.0560593485006999,1.19587587194346,0,0,1.80981625647641,"09b_or_to_cor_CAT",1000
0,25,0.5,0.1,"CAT","bonett (z)","sample",1000,919,919,919,0.081,0.00720127069594155,0.0122794376789576,0.372251310198875,0.00868760159874696,0.432357029408905,1.16146543360161,0.0271062819159882,0.16675176864818,1,0,1.71172957264004,"09b_or_to_cor_CAT",1000
0.1,25,0.5,0.1,"CAT","bonett (z)","sample",1000,932,932,932,0.0679999999999999,0.0739684058832016,0.0116300871381768,0.355051150985821,0.00822812889814756,0.439837074418552,1.2387991792093,0.0287085376209935,0.175314243221013,1,0,1.74339352750984,"09b_or_to_cor_CAT",1000
0.25,25,0.5,0.1,"CAT","bonett (z)","sample",1000,935,935,935,0.0649999999999999,0.197952981689397,0.00993011097074407,0.30364064638707,0.00702540671239008,0.4691561677036,1.54510330973784,0.0357494271360852,0.245417985949372,1,0,1.85937795744513,"09b_or_to_cor_CAT",1000
0,50,0.5,0.1,"CAT","bonett (z)","sample",1000,991,991,991,0.00900000000000001,-0.00201603472206896,0.0099565575520928,0.313433949889834,0.00704390419690122,0.334948125489663,1.06864022103346,0.0240159030014483,0.173099208296672,1,0,1.30363616847614,"09b_or_to_cor_CAT",1000
0.1,50,0.5,0.1,"CAT","bonett (z)","sample",1000,994,994,994,0.00600000000000001,0.119533603458655,0.00988217807541998,0.311562993394956,0.00699127275175549,0.350975086875243,1.12649799339399,0.0252778888798869,0.212190996401986,1,0,1.36495245809529,"09b_or_to_cor_CAT",1000
0.25,50,0.5,0.1,"CAT","bonett (z)","sample",1000,997,997,997,0.003,0.321834227633591,0.00874407544005118,0.276096864769237,0.00618609817333525,0.412405866000227,1.49369992428171,0.033467147049399,0.360488427702357,1,0,1.6088563096948,"09b_or_to_cor_CAT",1000
0,100,0.5,0.1,"CAT","bonett (z)","sample",1000,1000,1000,1000,0,0.00818944318265625,0.0074531893714912,0.23569054246471,0.00527283782439561,0.225772351160395,0.957918585953443,0.0214304286454903,0.137247441054168,1,0,0.872910116554029,"09b_or_to_cor_CAT",1000
0.1,100,0.5,0.1,"CAT","bonett (z)","sample",1000,1000,1000,1000,0,0.125597603243537,0.00741901812821923,0.234609952872519,0.00524866301612893,0.239998448941266,1.02296789203856,0.0228857031677068,0.190636974918888,1,0,0.923579745676028,"09b_or_to_cor_CAT",1000
0.25,100,0.5,0.1,"CAT","bonett (z)","sample",1000,1000,1000,1000,0,0.416761826567969,0.00793405206180942,0.250896755896728,0.00561302923178813,0.349655868488329,1.39362450996477,0.0311779842852512,0.45357874170325,1,0,1.33124104523828,"09b_or_to_cor_CAT",1000
0,300,0.5,0.1,"CAT","bonett (z)","sample",1000,1000,1000,1000,0,-0.000955368494247301,0.00385351261452563,0.121858768540914,0.00272620834623863,0.118607142127881,0.973316434656557,0.0217749072919691,0.0644797090353108,1,0,0.464485716782673,"09b_or_to_cor_CAT",1000
0.1,300,0.5,0.1,"CAT","bonett (z)","sample",1000,1000,1000,1000,0,0.112927822020012,0.00395090026999543,0.124938436613598,0.00279510627540632,0.124911320818121,0.999782966745773,0.0223670130677089,0.133516073084596,0.986,0.00371537346709587,0.488147157426461,"09b_or_to_cor_CAT",1000
0.25,300,0.5,0.1,"CAT","bonett (z)","sample",1000,1000,1000,1000,0,0.432324483940698,0.00652065272132328,0.206201144303568,0.00461310488638001,0.208918451269172,1.01317794319125,0.0226666837194034,0.464659465951117,0.207,0.0128121426779442,0.776201175373893,"09b_or_to_cor_CAT",1000
0,25,0.3,0.3,"CAT","bonett (z)","sample",1000,1000,1000,1000,0,-0.00213643248687202,0.0129735938459763,0.410261059912289,0.0091783064859552,0.402010683753085,0.979889936030079,0.021921968800329,0.195220598271239,1,0,1.57319783389564,"09b_or_to_cor_CAT",1000
0.1,25,0.3,0.3,"CAT","bonett (z)","sample",1000,1000,1000,1000,0,0.0720518152829884,0.0130641689692397,0.413125296800916,0.00924238481700086,0.391645135297154,0.948005697859473,0.0212086588165261,0.208566709209173,1,0,1.53439369329585,"09b_or_to_cor_CAT",1000
0.25,25,0.3,0.3,"CAT","bonett (z)","sample",1000,1000,1000,1000,0,0.208863563662968,0.012903630412644,0.408048621889733,0.0091288101134344,0.398715159617043,0.977126592832332,0.0218601476496689,0.289475722325072,1,0,1.55821730799392,"09b_or_to_cor_CAT",1000
0.5,25,0.3,0.3,"CAT","bonett (z)","sample",1000,1000,1000,1000,0,0.464390126347358,0.0137732071911911,0.43554705409574,0.00974400142289954,0.468839907425679,1.0764391654515,0.0240819554654102,0.526488667119784,1,0,1.80275333603608,"09b_or_to_cor_CAT",1000
0.75,25,0.3,0.3,"CAT","bonett (z)","sample",1000,999,999,999,0.001,0.859871714299432,0.0146310647786825,0.462443497631273,0.0103509070522506,0.628953066319565,1.36006467717935,0.0304424283845322,0.915802204887376,0.994994994994995,0.00223269789039508,2.39332004730518,"09b_or_to_cor_CAT",1000
0,50,0.3,0.3,"CAT","bonett (z)","sample",1000,1000,1000,1000,0,-0.0167757602130657,0.00846969471894548,0.267835263981674,0.00599197530737157,0.269746787259719,1.00713693652444,0.0225315351126028,0.133078628962272,1,0,1.05357530311524,"09b_or_to_cor_CAT",1000
0.1,50,0.3,0.3,"CAT","bonett (z)","sample",1000,1000,1000,1000,0,0.0671627311008068,0.00847631432652957,0.268044594353497,0.00599665841892454,0.26004702313126,0.970163281070725,0.0217043653545641,0.140933864528133,1,0,1.0185919323246,"09b_or_to_cor_CAT",1000
0.25,50,0.3,0.3,"CAT","bonett (z)","sample",1000,1000,1000,1000,0,0.18551332175772,0.00807603718140808,0.25538671961456,0.00571347810968527,0.260700105110264,1.02080525370984,0.0228373209073882,0.21946589692942,1,0,1.02296925227566,"09b_or_to_cor_CAT",1000
0.5,50,0.3,0.3,"CAT","bonett (z)","sample",1000,1000,1000,1000,0,0.454913032474155,0.010826184850091,0.342354024962961,0.00765909922935949,0.317175528955613,0.92645479774899,0.020726524913044,0.500477983972304,0.897,0.00961202372032029,1.22141149743123,"09b_or_to_cor_CAT",1000
0.75,50,0.3,0.3,"CAT","bonett (z)","sample",1000,1000,1000,1000,0,0.973612768514944,0.0134284499756408,0.424644873686576,0.00950009927634466,0.48512059524269,1.14241481601106,0.0255579540444013,1.02650378233557,0.253,0.0137473997541353,1.83144571923439,"09b_or_to_cor_CAT",1000
0,100,0.3,0.3,"CAT","bonett (z)","sample",1000,1000,1000,1000,0,-0.010373177776696,0.00608932739770864,0.192561439952253,0.00430795921415621,0.183643713230481,0.95368892793914,0.0213358032925642,0.0936879616584019,1,0,0.71851628163843,"09b_or_to_cor_CAT",1000
0.1,100,0.3,0.3,"CAT","bonett (z)","sample",1000,1000,1000,1000,0,0.0722573254927542,0.00566171704222322,0.179039213208171,0.00400544173551395,0.177325110891443,0.990426106739341,0.0221576826260053,0.105553471759017,1,0,0.69637988265967,"09b_or_to_cor_CAT",1000
0.25,100,0.3,0.3,"CAT","bonett (z)","sample",1000,1000,1000,1000,0,0.179548586306411,0.00552876965792511,0.174835047774734,0.00391138669925486,0.179341275258301,1.02577416565455,0.0229484847520389,0.194871484170891,0.995,0.00223047080231955,0.70422226034435,"09b_or_to_cor_CAT",1000
0.5,100,0.3,0.3,"CAT","bonett (z)","sample",1000,1000,1000,1000,0,0.431050090409405,0.00722274803484242,0.228403347556072,0.00510980965811371,0.21214070992069,0.928798602080951,0.0207789601953651,0.45107489024506,0.421,0.0156127832240123,0.82712196164461,"09b_or_to_cor_CAT",1000
0.75,100,0.3,0.3,"CAT","bonett (z)","sample",1000,1000,1000,1000,0,0.9346764371586,0.0103985556538593,0.32883120242217,0.0073565684216316,0.321214667829594,0.976837555145397,0.0218536813365432,0.970050902042024,0,0,1.22412584971253,"09b_or_to_cor_CAT",1000
0,300,0.3,0.3,"CAT","bonett (z)","sample",1000,1000,1000,1000,0,0.00128737019224791,0.00315233056026694,0.099685445081982,0.00223014966944924,0.103114439243125,1.03439814266088,0.023141419231633,0.0440614283050135,1,0,0.404444674499384,"09b_or_to_cor_CAT",1000
0.1,300,0.3,0.3,"CAT","bonett (z)","sample",1000,1000,1000,1000,0,0.0729819954704912,0.00318713783355412,0.100786147709256,0.00225477444389208,0.100944472493391,1.00157089826066,0.0224070124364597,0.0841596723122029,1,0,0.39602032982031,"09b_or_to_cor_CAT",1000
0.25,300,0.3,0.3,"CAT","bonett (z)","sample",1000,1000,1000,1000,0,0.178240758229486,0.00328238372438219,0.103798087237141,0.00232215715896135,0.102556326246685,0.988036764226508,0.0221042285694897,0.183613154367547,0.699,0.0145051370210695,0.402264638312746,"09b_or_to_cor_CAT",1000
0.5,300,0.3,0.3,"CAT","bonett (z)","sample",1000,1000,1000,1000,0,0.406847643484598,0.00380149514772181,0.120213831808792,0.00268940803796502,0.118053092190642,0.98202586519672,0.0219697535267857,0.412070379406895,0,0,0.462355400197721,"09b_or_to_cor_CAT",1000
0.75,300,0.3,0.3,"CAT","bonett (z)","sample",1000,1000,1000,1000,0,0.887950839275033,0.00533308077616203,0.168646821983306,0.00377294452555659,0.169384468990805,1.00437391584866,0.0224697211773616,0.897134645094971,0,0,0.660706741284215,"09b_or_to_cor_CAT",1000
0,25,0.5,0.3,"CAT","bonett (z)","sample",1000,1000,1000,1000,0,2.84339346465862e-05,0.0116667748263699,0.368935813996444,0.00825378351830094,0.355374133534664,0.96324108436404,0.0215495028800616,0.165476146733977,1,0,1.39441593828236,"09b_or_to_cor_CAT",1000
0.1,25,0.5,0.3,"CAT","bonett (z)","sample",1000,1000,1000,1000,0,0.0813491181827918,0.0120001542577826,0.379478197279603,0.0084896363308636,0.363073184937589,0.956769552349467,0.0214047226167919,0.191213727645675,1,0,1.42237993794408,"09b_or_to_cor_CAT",1000
0.25,25,0.5,0.3,"CAT","bonett (z)","sample",1000,1000,1000,1000,0,0.204513464827652,0.0116329697079298,0.36786680228802,0.0082298677289275,0.390782098605013,1.06229237369196,0.023765465300368,0.272862865567207,1,0,1.52135498494163,"09b_or_to_cor_CAT",1000
0.5,25,0.5,0.3,"CAT","bonett (z)","sample",1000,1000,1000,1000,0,0.490606668742676,0.0116441790954574,0.368221274245646,0.00823779792895296,0.50934917957775,1.38326928725459,0.0309463186044168,0.534580526888236,1,0,1.96512026544648,"09b_or_to_cor_CAT",1000
0,50,0.5,0.3,"CAT","bonett (z)","sample",1000,1000,1000,1000,0,0.000435178446445965,0.00811606946675858,0.256652651631054,0.00574179937429724,0.236766839946679,0.922518580821205,0.02063846438552,0.109564701005855,1,0,0.929027969225976,"09b_or_to_cor_CAT",1000
0.1,50,0.5,0.3,"CAT","bonett (z)","sample",1000,1000,1000,1000,0,0.0678589364909313,0.00757920738661294,0.239675582004693,0.00536199060497983,0.2377703771831,0.992050901449128,0.0221940323196038,0.121839470373886,1,0,0.934498149328835,"09b_or_to_cor_CAT",1000
0.25,50,0.5,0.3,"CAT","bonett (z)","sample",1000,1000,1000,1000,0,0.201958261789988,0.00868125522152951,0.274525394492629,0.00614164602745822,0.26580885532504,0.968248696322982,0.0216615325163418,0.246987736995861,1,0,1.03079079616013,"09b_or_to_cor_CAT",1000
0.5,50,0.5,0.3,"CAT","bonett (z)","sample",1000,1000,1000,1000,0,0.574122443157941,0.0104199185746761,0.329506757294718,0.00737168184640959,0.407902500344431,1.23791846848104,0.0276945491994107,0.618162752668797,0.969,0.00548078461536303,1.53823902500803,"09b_or_to_cor_CAT",1000
0,100,0.5,0.3,"CAT","bonett (z)","sample",1000,1000,1000,1000,0,-0.00162110305480509,0.00539809730613275,0.170702825185987,0.00381894115885721,0.16153944993962,0.946319721209162,0.0211709403685992,0.0666211534053924,1,0,0.634740258868606,"09b_or_to_cor_CAT",1000
0.1,100,0.5,0.3,"CAT","bonett (z)","sample",1000,1000,1000,1000,0,0.0621061547286463,0.0052412382937844,0.165742507680534,0.00370796958787158,0.163428251973164,0.986037041795995,0.0220594910422235,0.0910915708836779,1,0,0.641920541130804,"09b_or_to_cor_CAT",1000
0.25,100,0.5,0.3,"CAT","bonett (z)","sample",1000,1000,1000,1000,0,0.181335892752172,0.00555295636193884,0.175599898512491,0.00392849783938754,0.176885607619204,1.00732181007851,0.0225356710794447,0.200461705824235,0.989,0.00329833291224522,0.692411563148717,"09b_or_to_cor_CAT",1000
0.5,100,0.5,0.3,"CAT","bonett (z)","sample",1000,1000,1000,1000,0,0.568331924402239,0.00908156589498053,0.28718432949044,0.00642485005666961,0.289303075266021,1.0073776510694,0.0225369203467504,0.609573270193215,0.323,0.0147875285291356,1.07881264925859,"09b_or_to_cor_CAT",1000
0,300,0.5,0.3,"CAT","bonett (z)","sample",1000,1000,1000,1000,0,0.00174388749768394,0.00295392380776539,0.0934112726713602,0.00208978470928772,0.0916572419707678,0.981222494347514,0.0219517806197848,0.0348007032718998,1,0,0.359619523163817,"09b_or_to_cor_CAT",1000
0.1,300,0.5,0.3,"CAT","bonett (z)","sample",1000,1000,1000,1000,0,0.0607075382506724,0.00289210814437196,0.0914564897573848,0.00204605256297627,0.0927601755958085,1.01425471108592,0.0226907730291555,0.070199624817697,1,0,0.363910443674925,"09b_or_to_cor_CAT",1000
0.25,300,0.5,0.3,"CAT","bonett (z)","sample",1000,1000,1000,1000,0,0.164773975394731,0.00312438486245248,0.0988017245230174,0.00221037918930704,0.0991051882979621,1.00307144208676,0.0224405824056265,0.170770611638727,0.782,0.0130566458173606,0.388508216838283,"09b_or_to_cor_CAT",1000
0.5,300,0.5,0.3,"CAT","bonett (z)","sample",1000,1000,1000,1000,0,0.518356638051078,0.00466295358665923,0.147455539574945,0.00329885594201918,0.145440086057151,0.986331788391241,0.0220660850742953,0.52983340433657,0,0,0.563988640709418,"09b_or_to_cor_CAT",1000
0,25,0.3,0.5,"CAT","bonett (z)","sample",1000,999,999,999,0.001,-0.00039261318196071,0.0111078582729992,0.35108564610024,0.007858376015183,0.353053415779548,1.00560481381442,0.022508527014447,0.156384063602713,1,0,1.38710024799779,"09b_or_to_cor_CAT",1000
0.1,25,0.3,0.5,"CAT","bonett (z)","sample",1000,1000,1000,1000,0,0.0709301021772739,0.0119687362614787,0.378484673001213,0.0084674093363488,0.365620963609466,0.966012601541449,0.0216115068979199,0.187532661442073,1,0,1.43151816630436,"09b_or_to_cor_CAT",1000
0.25,25,0.3,0.5,"CAT","bonett (z)","sample",1000,1000,1000,1000,0,0.206133674738789,0.0118497509361996,0.374722026641033,0.00838323190674002,0.393326415879149,1.04964850720115,0.0234825983818137,0.275809459548385,1,0,1.5295592327217,"09b_or_to_cor_CAT",1000
0.5,25,0.3,0.5,"CAT","bonett (z)","sample",1000,1000,1000,1000,0,0.493197155040742,0.0113869035667009,0.360085507674698,0.00805578562902299,0.509862493665375,1.41594838669816,0.0316774111200999,0.536288288182167,1,0,1.96773750112283,"09b_or_to_cor_CAT",1000
0,50,0.3,0.5,"CAT","bonett (z)","sample",1000,1000,1000,1000,0,0.0003132232569279,0.00776281969560179,0.245481913033166,0.00549188907925774,0.235650926552263,0.959952298075929,0.0214759265856759,0.102337475582615,1,0,0.926206561716955,"09b_or_to_cor_CAT",1000
0.1,50,0.3,0.5,"CAT","bonett (z)","sample",1000,1000,1000,1000,0,0.0706961078290741,0.0079941595093081,0.252797520281076,0.00565555288265782,0.241435996746305,0.955056823650253,0.0213664056755447,0.132874896146485,1,0,0.945500630034044,"09b_or_to_cor_CAT",1000
0.25,50,0.3,0.5,"CAT","bonett (z)","sample",1000,1000,1000,1000,0,0.196771187766874,0.00822632800341971,0.260139332704317,0.0058198029447946,0.262420162330371,1.00876772305957,0.0225680188545299,0.238598912946471,0.999,0.000999499874937461,1.02028204761308,"09b_or_to_cor_CAT",1000
0.5,50,0.3,0.5,"CAT","bonett (z)","sample",1000,1000,1000,1000,0,0.562363346040625,0.010364725765943,0.327761407434133,0.00733263510882964,0.401994251072901,1.22648439369326,0.0274387475817577,0.606254494992474,0.963,0.00596917079668525,1.51680993428982,"09b_or_to_cor_CAT",1000
0,100,0.3,0.5,"CAT","bonett (z)","sample",1000,1000,1000,1000,0,0.00366376338443308,0.00529056431802492,0.167302333525742,0.00374286580657459,0.161506252082463,0.965355644950482,0.0215968095514519,0.0649004240958182,1,0,0.634655720159889,"09b_or_to_cor_CAT",1000
0.1,100,0.3,0.5,"CAT","bonett (z)","sample",1000,1000,1000,1000,0,0.059561027031999,0.00536457222382121,0.169642668997496,0.00379522348401127,0.163253088523107,0.962335062799071,0.0215292334847455,0.0905614339529539,1,0,0.641249164788314,"09b_or_to_cor_CAT",1000
0.25,100,0.3,0.5,"CAT","bonett (z)","sample",1000,1000,1000,1000,0,0.173392801945722,0.00562781115842895,0.177967015019462,0.00398145465862257,0.175721245208346,0.987380977250924,0.0220895573895033,0.193088536710323,0.994,0.00244213021765835,0.687946770435683,"09b_or_to_cor_CAT",1000
0.5,100,0.3,0.5,"CAT","bonett (z)","sample",1000,1000,1000,1000,0,0.56293260860794,0.00924836385794367,0.292458944210839,0.00654285304362017,0.286483188875622,0.979567199247944,0.0219147485754767,0.605153034620984,0.313,0.0146639353517397,1.06926907688869,"09b_or_to_cor_CAT",1000
0,300,0.3,0.5,"CAT","bonett (z)","sample",1000,1000,1000,1000,0,-1.5673454139332e-05,0.00281924826267159,0.089152457995149,0.00199450706735527,0.0916401490151736,1.02790378499895,0.022996128315982,0.0330911386281445,1,0,0.359555961492771,"09b_or_to_cor_CAT",1000
0.1,300,0.3,0.5,"CAT","bonett (z)","sample",1000,1000,1000,1000,0,0.0597525701097412,0.00310144949645928,0.0980764445679365,0.00219415332152111,0.092770200830217,0.945896858709596,0.0211614801443623,0.0707030274846839,1,0,0.363945606308302,"09b_or_to_cor_CAT",1000
0.25,300,0.3,0.5,"CAT","bonett (z)","sample",1000,1000,1000,1000,0,0.166499598837151,0.00317825189456822,0.100505149645809,0.00224848799216588,0.0991589244875401,0.986605411135518,0.0220722065263508,0.172577617450012,0.77,0.0133078923951165,0.388723081624526,"09b_or_to_cor_CAT",1000
0.5,300,0.3,0.5,"CAT","bonett (z)","sample",1000,1000,1000,1000,0,0.516272972368151,0.00477938566830728,0.15113744528217,0.00338122705235689,0.145319016284795,0.961502399445003,0.0215106052496776,0.5280578848612,0,0,0.563431568292046,"09b_or_to_cor_CAT",1000
0,25,0.5,0.5,"CAT","bonett (z)","sample",1000,1000,1000,1000,0,0.00153462918826869,0.0118581573063213,0.374987859405423,0.00838917908238983,0.334240295028348,0.891336310349662,0.0199408587307768,0.157428040151026,1,0,1.31668950173369,"09b_or_to_cor_CAT",1000
0.1,25,0.5,0.5,"CAT","bonett (z)","sample",1000,1000,1000,1000,0,0.074700320690623,0.0111058003720218,0.351196244147341,0.00785691619426369,0.334894416384177,0.953581998569652,0.0213334110827704,0.166906910365063,1,0,1.31982029303227,"09b_or_to_cor_CAT",1000
0.25,25,0.5,0.5,"CAT","bonett (z)","sample",1000,1000,1000,1000,0,0.189871093644288,0.0118909385409623,0.376024493065203,0.00841237051431649,0.35865683517375,0.953812429212047,0.0213385662468021,0.262348607497869,1,0,1.40067451568316,"09b_or_to_cor_CAT",1000
0.5,25,0.5,0.5,"CAT","bonett (z)","sample",1000,1000,1000,1000,0,0.463831194615779,0.0134116466708652,0.424113506533487,0.00948821160026675,0.447544826783656,1.05524775770922,0.0236078640779188,0.529112020869203,1,0,1.71397187746782,"09b_or_to_cor_CAT",1000
0.75,25,0.5,0.5,"CAT","bonett (z)","sample",1000,1000,1000,1000,0,0.925785383751261,0.0142737546556003,0.451375754741293,0.0100981190323806,0.628137454832732,1.39160654562129,0.0311328386523066,0.980339017983761,0.982,0.00420428352992517,2.38502018826989,"09b_or_to_cor_CAT",1000
0,50,0.5,0.5,"CAT","bonett (z)","sample",1000,1000,1000,1000,0,0.00299558235430043,0.00730960479406112,0.231149999449192,0.00517125739310144,0.225410038958173,0.975167810924956,0.021816326038403,0.088014165405258,1,0,0.888082253901641,"09b_or_to_cor_CAT",1000
0.1,50,0.5,0.5,"CAT","bonett (z)","sample",1000,1000,1000,1000,0,0.0637634521917986,0.00735747272010389,0.232663716180828,0.00520512206477866,0.227569803578933,0.97810611518843,0.0218820613950194,0.111464026248496,1,0,0.896087458269214,"09b_or_to_cor_CAT",1000
0.25,50,0.5,0.5,"CAT","bonett (z)","sample",1000,1000,1000,1000,0,0.162145717774986,0.00763276119027239,0.241369101973986,0.00539987781104706,0.238445583972991,0.987887770319045,0.0221008952973836,0.193624986127953,1,0,0.936325821452481,"09b_or_to_cor_CAT",1000
0.5,50,0.5,0.5,"CAT","bonett (z)","sample",1000,1000,1000,1000,0,0.407782505716166,0.00933983944036338,0.295351656118207,0.00660756841404082,0.28869844564356,0.977473596857083,0.0218679107780821,0.444043929449904,0.92,0.00857904423581089,1.11868621717238,"09b_or_to_cor_CAT",1000
0.75,50,0.5,0.5,"CAT","bonett (z)","sample",1000,1000,1000,1000,0,0.990924108610873,0.014330061533717,0.453156334569115,0.0101379539301551,0.465040481178592,1.02622526863886,0.0229585767686871,1.05359395535761,0.173,0.011961229033841,1.74811203428197,"09b_or_to_cor_CAT",1000
0,100,0.5,0.5,"CAT","bonett (z)","sample",1000,1000,1000,1000,0,-0.00111654343355432,0.00511240182283946,0.161668340741693,0.00361682286083972,0.157536181951257,0.974440519575577,0.0218000551719683,0.0596816894882934,1,0,0.619233515663557,"09b_or_to_cor_CAT",1000
0.1,100,0.5,0.5,"CAT","bonett (z)","sample",1000,1000,1000,1000,0,0.0557253023724781,0.00515357235293745,0.162970267217555,0.00364594938876365,0.158731137991343,0.973988327450226,0.0217899387892,0.0832097059009961,0.999,0.000999499874937461,0.62379793940548,"09b_or_to_cor_CAT",1000
0.25,100,0.5,0.5,"CAT","bonett (z)","sample",1000,1000,1000,1000,0,0.157383228466824,0.00526737263991664,0.166568948269905,0.00372645860806595,0.165869034506893,0.995798053777237,0.0222778631187644,0.172467321992912,0.992,0.00281709069786544,0.651171102297504,"09b_or_to_cor_CAT",1000
0.5,100,0.5,0.5,"CAT","bonett (z)","sample",1000,1000,1000,1000,0,0.396554998208932,0.00637569919897983,0.201617311448873,0.00451055598049611,0.19740328254635,0.979098873642147,0.0219042712566053,0.413111271336004,0.449,0.0157289224042844,0.771199995535825,"09b_or_to_cor_CAT",1000
0.75,100,0.5,0.5,"CAT","bonett (z)","sample",1000,1000,1000,1000,0,0.927323090386557,0.00981704813331672,0.310442320007852,0.00694517476226532,0.299717874137756,0.965454304458799,0.0215990167489989,0.959614900921071,0,0,1.14871923357346,"09b_or_to_cor_CAT",1000
0,300,0.5,0.5,"CAT","bonett (z)","sample",1000,1000,1000,1000,0,-0.000847255595256659,0.00284915381377344,0.0900981545567928,0.00201566406648002,0.0905083139611264,1.00455236188079,0.022473713348528,0.0327286571321572,1,0,0.355127500049467,"09b_or_to_cor_CAT",1000
0.1,300,0.5,0.5,"CAT","bonett (z)","sample",1000,1000,1000,1000,0,0.0591347903843177,0.00285405911749614,0.0902532738805793,0.00201913437559468,0.0912498167721048,1.01104162595635,0.0226188903111346,0.067996648564217,1,0,0.358015134152913,"09b_or_to_cor_CAT",1000
0.25,300,0.5,0.5,"CAT","bonett (z)","sample",1000,1000,1000,1000,0,0.154312130820987,0.00294120598152328,0.0930090996932469,0.00208078734830425,0.0950714715953241,1.02217387232947,0.0228679394631831,0.159013648202483,0.81,0.0124056438768812,0.372895542644055,"09b_or_to_cor_CAT",1000
0.5,300,0.5,0.5,"CAT","bonett (z)","sample",1000,1000,1000,1000,0,0.382198922140072,0.00357144076039118,0.112938873311998,0.0025266536230799,0.111480911397703,0.987090698963618,0.0220830633218292,0.387280154072637,0,0,0.436668134874316,"09b_or_to_cor_CAT",1000
0.75,300,0.5,0.5,"CAT","bonett (z)","sample",1000,1000,1000,1000,0,0.8760194371396,0.00512461733818102,0.162054629254414,0.00362546485665212,0.159939971413833,0.986950956906881,0.022079937030911,0.884703879165863,0,0,0.624258418132073,"09b_or_to_cor_CAT",1000
0,25,0.3,0.1,"CAT","digby (r)","sample",1000,935,935,935,0.0649999999999999,0.0479735463490098,0.0124691029316036,0.3812773578436,0.00882170599012018,0.483610127460057,1.2683945624131,0.0293471502539771,0.188782352834266,1,0,1.46961052462417,"09b_or_to_cor_CAT",1000
0.1,25,0.3,0.1,"CAT","digby (r)","sample",1000,940,940,940,0.0600000000000001,0.129518528475176,0.0126733347751822,0.38855708649362,0.00896617146901175,0.448563196939648,1.1544331902103,0.0266391896911491,0.21808685038327,1,0,1.40638702150336,"09b_or_to_cor_CAT",1000
0.25,25,0.3,0.1,"CAT","digby (r)","sample",1000,925,925,925,0.075,0.214698255148325,0.0108623142353458,0.330364390115432,0.00768497121700825,0.387811049862614,1.17388877695659,0.027307124293052,0.24966290344633,1,0,1.28385617658253,"09b_or_to_cor_CAT",1000
0.5,25,0.3,0.1,"CAT","digby (r)","sample",1000,930,930,930,0.07,0.272598293175696,0.00346061171822668,0.105534473617984,0.00244833867816645,0.240742670767343,2.28117564350385,0.0529219540138019,0.279681473307516,0.997849462365591,0.00151902374644015,1.03772497846177,"09b_or_to_cor_CAT",1000
0,50,0.3,0.1,"CAT","digby (r)","sample",1000,997,997,997,0.003,-0.014402264198009,0.0111607111387484,0.352402878398028,0.00789577528943756,0.389798774819283,1.10611688698813,0.0247831414522276,0.2103468617123,1,0,1.27658012070616,"09b_or_to_cor_CAT",1000
0.1,50,0.3,0.1,"CAT","digby (r)","sample",1000,992,992,992,0.00800000000000001,0.113617173524818,0.010633327094529,0.334907605077059,0.00752269032975586,0.364722416759555,1.08902399118597,0.0244616429223274,0.220790057962859,1,0,1.2008763333985,"09b_or_to_cor_CAT",1000
0.25,50,0.3,0.1,"CAT","digby (r)","sample",1000,991,991,991,0.00900000000000001,0.263908472379129,0.00882964399113414,0.277958539162012,0.00624665362911707,0.296247340782516,1.06579686911451,0.0239520034190253,0.297161537060229,1,0,1.04002594999729,"09b_or_to_cor_CAT",1000
0.5,50,0.3,0.1,"CAT","digby (r)","sample",1000,996,996,996,0.004,0.361039255869065,0.00203473548050319,0.0642151686263928,0.00143949807725824,0.160912138999978,2.50582755510888,0.0561726150484234,0.365436503565137,1,0,0.78822187364083,"09b_or_to_cor_CAT",1000
0,100,0.3,0.1,"CAT","digby (r)","sample",1000,1000,1000,1000,0,-0.0294131346687069,0.00909153891617274,0.287499704111645,0.0064319055762257,0.285745552377271,0.993898596383625,0.0222353687077196,0.191126008838357,1,0,1.00501355468138,"09b_or_to_cor_CAT",1000
0.1,100,0.3,0.1,"CAT","digby (r)","sample",1000,1000,1000,1000,0,0.121624691655386,0.00791472727190662,0.250285652382757,0.00559935770432933,0.254255360771667,1.01586071095613,0.0227267022470744,0.192895275702033,1,0,0.901414919221751,"09b_or_to_cor_CAT",1000
0.25,100,0.3,0.1,"CAT","digby (r)","sample",1000,1000,1000,1000,0,0.287386610217236,0.00644383904288292,0.203772082510294,0.0045587622353452,0.200771799491551,0.985276280333485,0.022042471386819,0.306232901282802,0.973,0.00512552436341883,0.747788914714249,"09b_or_to_cor_CAT",1000
0.5,100,0.3,0.1,"CAT","digby (r)","sample",1000,1000,1000,1000,0,0.413608908531299,0.00110187189241383,0.0348442486974771,0.000779530950089838,0.0951465243112904,2.73062349937192,0.0610891498704391,0.416711112954741,0.813,0.0123300851578568,0.531259850487626,"09b_or_to_cor_CAT",1000
0,300,0.3,0.1,"CAT","digby (r)","sample",1000,1000,1000,1000,0,-0.00905688743617671,0.00518929332936567,0.164099863675138,0.00367122057217884,0.159653719815251,0.97290586500005,0.0217657220816007,0.107225165045686,0.998,0.00141279864099595,0.602806827549811,"09b_or_to_cor_CAT",1000
0.1,300,0.3,0.1,"CAT","digby (r)","sample",1000,1000,1000,1000,0,0.138752099967076,0.00442264984789103,0.139856468127329,0.0031288505148168,0.14032703795318,1.00336466258695,0.0224471422961002,0.160148488608276,0.961,0.00612200947402077,0.533605188722918,"09b_or_to_cor_CAT",1000
0.25,300,0.3,0.1,"CAT","digby (r)","sample",1000,1000,1000,1000,0,0.29148781425242,0.00341930364117189,0.108127875178103,0.00241902260544033,0.10944234486121,1.0121566217864,0.0226438348512304,0.29619211119002,0.244,0.0135817524642441,0.423008755763087,"09b_or_to_cor_CAT",1000
0.5,300,0.3,0.1,"CAT","digby (r)","sample",1000,1000,1000,1000,0,0.454555483451501,0.000650821249885483,0.0205807749927572,0.00046043039191288,0.0423772190811683,2.05906818844682,0.0460652027591552,0.455944971191185,0,0,0.253462011640781,"09b_or_to_cor_CAT",1000
0,25,0.5,0.1,"CAT","digby (r)","sample",1000,919,919,919,0.081,0.00437263903695165,0.0131584779248855,0.398899426490467,0.00930951537407993,0.451610151119337,1.13214038709612,0.0264218939395743,0.193515831984914,1,0,1.42609792236592,"09b_or_to_cor_CAT",1000
0.1,25,0.5,0.1,"CAT","digby (r)","sample",1000,932,932,932,0.0679999999999999,0.0857908027810039,0.0124691396591721,0.380666312744931,0.00882174717572714,0.453352028121731,1.19094338779986,0.0275995041221684,0.203397710845388,1,0,1.43658795043276,"09b_or_to_cor_CAT",1000
0.25,25,0.5,0.1,"CAT","digby (r)","sample",1000,935,935,935,0.0649999999999999,0.211514221827803,0.00931435251663966,0.284812126184888,0.00658976670902847,0.420444605425367,1.47621736144911,0.0341555963718071,0.247747178100653,1,0,1.39464178970619,"09b_or_to_cor_CAT",1000
0,50,0.5,0.1,"CAT","digby (r)","sample",1000,991,991,991,0.00900000000000001,-0.0024704285906949,0.0111068520710282,0.349645396739832,0.00785769594643001,0.364691170940565,1.04303152376958,0.0234403903290092,0.209974505218677,1,0,1.22059355107207,"09b_or_to_cor_CAT",1000
0.1,50,0.5,0.1,"CAT","digby (r)","sample",1000,994,994,994,0.00600000000000001,0.139037123746798,0.0106356900335748,0.335319541743901,0.00752435438426246,0.359017110035892,1.07067159930121,0.0240251805797236,0.243910845032185,1,0,1.21853847715468,"09b_or_to_cor_CAT",1000
0.25,50,0.5,0.1,"CAT","digby (r)","sample",1000,997,997,997,0.003,0.320519619872478,0.00732321018863314,0.231232608523321,0.00518089047623638,0.312099522060039,1.34972106249695,0.0302412235148091,0.343820203260537,1,0,1.14910154920513,"09b_or_to_cor_CAT",1000
0,100,0.5,0.1,"CAT","digby (r)","sample",1000,1000,1000,1000,0,0.00970835654782453,0.0085215605306198,0.269475404957516,0.00602866832561627,0.257303692998396,0.954831826076897,0.0213613720594191,0.17067937151171,1,0,0.924857887367721,"09b_or_to_cor_CAT",1000
0.1,100,0.5,0.1,"CAT","digby (r)","sample",1000,1000,1000,1000,0,0.15443029928925,0.00801991327455389,0.253611925846096,0.00567377265686992,0.253098275340579,0.997974659496774,0.0223265578557138,0.223863707718025,1,0,0.92029021622041,"09b_or_to_cor_CAT",1000
0.25,100,0.5,0.1,"CAT","digby (r)","sample",1000,1000,1000,1000,0,0.396051734207801,0.00562654339871119,0.177926924937123,0.00398055776857203,0.213951181638768,1.20246658404497,0.0269014243024769,0.411458658470932,0.999,0.000999499874937461,0.869061985571127,"09b_or_to_cor_CAT",1000
0,300,0.5,0.1,"CAT","digby (r)","sample",1000,1000,1000,1000,0,-0.00140362388461914,0.00473860869101207,0.149847964038672,0.00335237894753493,0.145714599296755,0.972416276934863,0.0217547690817837,0.0924475968805015,1,0,0.55464704032007,"09b_or_to_cor_CAT",1000
0.1,300,0.5,0.1,"CAT","digby (r)","sample",1000,1000,1000,1000,0,0.154784381722016,0.00447973071789909,0.141661523727823,0.00316923298135913,0.142059698274718,1.00281074589922,0.0224347501447984,0.178041611675783,0.958,0.00634318531969546,0.542343900684872,"09b_or_to_cor_CAT",1000
0.25,300,0.5,0.1,"CAT","digby (r)","sample",1000,1000,1000,1000,0,0.417436618672951,0.00375634087400052,0.118785928298292,0.00265746316838726,0.119343037603412,1.00469002779286,0.0224767931922109,0.425812425261357,0.073,0.0082262385085773,0.481931931506741,"09b_or_to_cor_CAT",1000
0,25,0.3,0.3,"CAT","digby (r)","sample",1000,1000,1000,1000,0,-0.0045019553779864,0.0116868192232735,0.369569673481842,0.00826796413936027,0.357198198623933,0.966524648136432,0.0216229623370124,0.156459649286023,1,0,1.20612781656777,"09b_or_to_cor_CAT",1000
0.1,25,0.3,0.3,"CAT","digby (r)","sample",1000,1000,1000,1000,0,0.0512750748530258,0.0114387294401508,0.361724385692991,0.00809245039254747,0.340948203407028,0.942563501086164,0.0210869067059237,0.156462196326312,0.999,0.000999499874937461,1.15992964201366,"09b_or_to_cor_CAT",1000
0.25,25,0.3,0.3,"CAT","digby (r)","sample",1000,1000,1000,1000,0,0.137968775984385,0.00977283289051133,0.309044111262227,0.00691389422006268,0.30695180506924,0.993229749033427,0.0222204053427497,0.176849842187155,1,0,1.06741425088921,"09b_or_to_cor_CAT",1000
0.5,25,0.3,0.3,"CAT","digby (r)","sample",1000,1000,1000,1000,0,0.196049035837256,0.00650769228960304,0.205791299466617,0.00460393589157942,0.216718105555708,1.05309654060892,0.0235597373318206,0.204726024718999,0.996,0.00199599599197994,0.83208055214167,"09b_or_to_cor_CAT",1000
0.75,25,0.3,0.3,"CAT","digby (r)","sample",1000,999,999,999,0.001,0.145020684507995,0.00288645692283682,0.0912321321346005,0.00204205556947166,0.116293231051639,1.27469596874119,0.0285316142618552,0.16396890681268,0.92992992992993,0.00807622936965493,0.565686150477555,"09b_or_to_cor_CAT",1000
0,50,0.3,0.3,"CAT","digby (r)","sample",1000,1000,1000,1000,0,-0.0141215021242021,0.00810036528103753,0.256156041674285,0.00573068928164508,0.256382691150639,1.00088481019176,0.0223916633643979,0.120880527159461,1,0,0.92484518903483,"09b_or_to_cor_CAT",1000
0.1,50,0.3,0.3,"CAT","digby (r)","sample",1000,1000,1000,1000,0,0.0588360924504993,0.00790043593365968,0.249833720586035,0.00558924714559887,0.242748494469455,0.9716402329519,0.0217374075278411,0.122358848440299,1,0,0.879106204751127,"09b_or_to_cor_CAT",1000
0.25,50,0.3,0.3,"CAT","digby (r)","sample",1000,1000,1000,1000,0,0.145079190678222,0.00656164809668774,0.20749753190042,0.00464210749923107,0.211876318641134,1.02110283770901,0.0228439784174875,0.162479490053952,1,0,0.782467570755635,"09b_or_to_cor_CAT",1000
0.5,50,0.3,0.3,"CAT","digby (r)","sample",1000,1000,1000,1000,0,0.2047349017855,0.00457558121724446,0.144692582655782,0.00323704343313279,0.141741589638176,0.979605084355799,0.021915596136128,0.207148114829792,1,0,0.552566256891433,"09b_or_to_cor_CAT",1000
0.75,50,0.3,0.3,"CAT","digby (r)","sample",1000,1000,1000,1000,0,0.159916309959822,0.00193876958980631,0.061309277620583,0.00137160309719507,0.0673284851760164,1.09817776018637,0.0245682884483486,0.167154882359996,0.995,0.00223047080231955,0.310455735251047,"09b_or_to_cor_CAT",1000
0,100,0.3,0.3,"CAT","digby (r)","sample",1000,1000,1000,1000,0,-0.00898818902654975,0.00589562221448783,0.186435944216673,0.0041709204290188,0.179028105139026,0.960266036097431,0.0214829454914387,0.0866327336399817,1,0,0.672987597292069,"09b_or_to_cor_CAT",1000
0.1,100,0.3,0.3,"CAT","digby (r)","sample",1000,1000,1000,1000,0,0.0679880202868499,0.00542655982519958,0.171602889067959,0.0038390772696727,0.169738016623889,0.989132627928361,0.0221287450881293,0.0977354513505228,1,0,0.639744566831946,"09b_or_to_cor_CAT",1000
0.25,100,0.3,0.3,"CAT","digby (r)","sample",1000,1000,1000,1000,0,0.148091047072805,0.00454392998921236,0.143691682942554,0.00321465143635962,0.148075545672921,1.03050881331886,0.0230544076670123,0.155262169760835,1,0,0.563572891750915,"09b_or_to_cor_CAT",1000
0.5,100,0.3,0.3,"CAT","digby (r)","sample",1000,1000,1000,1000,0,0.207309972372995,0.00316229413418876,0.100000520954266,0.00223719850543376,0.0964626858371714,0.96462183313312,0.0215803928099649,0.208205849165395,0.734,0.0139729739139526,0.377683624831557,"09b_or_to_cor_CAT",1000
0.75,100,0.3,0.3,"CAT","digby (r)","sample",1000,1000,1000,1000,0,0.160920564409499,0.00141463635974592,0.0447347295768644,0.00100079948779582,0.0450814725001533,1.00775109018359,0.0225452748775084,0.163904111596356,0.029,0.00530650544143695,0.189736502930019,"09b_or_to_cor_CAT",1000
0,300,0.3,0.3,"CAT","digby (r)","sample",1000,1000,1000,1000,0,0.00138855178775582,0.00314296731923782,0.0993893534026505,0.00222352554533318,0.102804738713962,1.03436369384027,0.0231406485471481,0.0437921040816712,1,0,0.39730196047059,"09b_or_to_cor_CAT",1000
0.1,300,0.3,0.3,"CAT","digby (r)","sample",1000,1000,1000,1000,0,0.0704481310058907,0.0030808601098731,0.0974253509955559,0.00217958714173397,0.0975139938746219,1.00090985434654,0.0223922236489355,0.0803912923679154,1,0,0.377272486691623,"09b_or_to_cor_CAT",1000
0.25,300,0.3,0.3,"CAT","digby (r)","sample",1000,1000,1000,1000,0,0.150633215673648,0.00269994165040661,0.0853796516483897,0.00191010233986269,0.0847779776557121,0.992952957981658,0.0222142130097355,0.152950844142051,0.758,0.0135438546950268,0.329037741267548,"09b_or_to_cor_CAT",1000
0.5,300,0.3,0.3,"CAT","digby (r)","sample",1000,1000,1000,1000,0,0.207225179981366,0.00177327004259928,0.0560757224115755,0.00125451868823432,0.0554987112550024,0.989710143146476,0.0221416651826499,0.207387882293434,0,0,0.217493466692311,"09b_or_to_cor_CAT",1000
0.75,300,0.3,0.3,"CAT","digby (r)","sample",1000,1000,1000,1000,0,0.159197712807649,0.00076774094292623,0.0242781003261222,0.000543146468099017,0.0249533570568106,1.02781340885892,0.0229941064328612,0.160174456491764,0,0,0.100009179850586,"09b_or_to_cor_CAT",1000
0,25,0.5,0.3,"CAT","digby (r)","sample",1000,1000,1000,1000,0,-0.00230683402307472,0.01068385638688,0.337853203766777,0.00755840744938434,0.324012231774334,0.95903258622938,0.0214553509131805,0.135378274573531,1,0,1.12654820177771,"09b_or_to_cor_CAT",1000
0.1,25,0.5,0.3,"CAT","digby (r)","sample",1000,1000,1000,1000,0,0.0641146729083473,0.0106578112327474,0.337029583676089,0.00753998152901562,0.318206429010027,0.944149844471361,0.0211223961715444,0.147390056129778,1,0,1.11337370721272,"09b_or_to_cor_CAT",1000
0.25,25,0.5,0.3,"CAT","digby (r)","sample",1000,1000,1000,1000,0,0.147262494587976,0.00914290865047566,0.289124157743594,0.0064682476392756,0.297514130749628,1.02901858174534,0.0230210684022043,0.182726569713386,1,0,1.06833724847576,"09b_or_to_cor_CAT",1000
0.5,25,0.5,0.3,"CAT","digby (r)","sample",1000,1000,1000,1000,0,0.229767704610221,0.00531368641418421,0.168033518407149,0.00375922377859585,0.216683628906172,1.28952622643503,0.0288491111743053,0.236730428750886,1,0,0.898967554824342,"09b_or_to_cor_CAT",1000
0,50,0.5,0.3,"CAT","digby (r)","sample",1000,1000,1000,1000,0,0.00106919446091188,0.00782645918312974,0.247494370330308,0.00553691150928562,0.230250017304469,0.930324261506132,0.0208130920474119,0.0998424831234641,1,0,0.845542590176243,"09b_or_to_cor_CAT",1000
0.1,50,0.5,0.3,"CAT","digby (r)","sample",1000,1000,1000,1000,0,0.0618667757849541,0.00723801649591331,0.228886178689569,0.00512061149274344,0.227211582371714,0.992683715865054,0.0222081895605063,0.110017606933059,1,0,0.835481571686859,"09b_or_to_cor_CAT",1000
0.25,50,0.5,0.3,"CAT","digby (r)","sample",1000,1000,1000,1000,0,0.158767063035583,0.00682488310992928,0.215821753917899,0.00482833589963029,0.205763802545582,0.953396952857019,0.0213292712644196,0.179656080802199,1,0,0.773223460007082,"09b_or_to_cor_CAT",1000
0.5,50,0.5,0.3,"CAT","digby (r)","sample",1000,1000,1000,1000,0,0.263550459163318,0.00399962077513512,0.126479114263551,0.00282957411320296,0.14035511872709,1.10970984849423,0.0248262828115846,0.269220542171604,1,0,0.601971422047559,"09b_or_to_cor_CAT",1000
0,100,0.5,0.3,"CAT","digby (r)","sample",1000,1000,1000,1000,0,-0.00120656983789403,0.00544519472982967,0.17219217649407,0.00385226073048256,0.16273660761653,0.945087116789737,0.0211433647046065,0.0682618739575571,1,0,0.616859064096978,"09b_or_to_cor_CAT",1000
0.1,100,0.5,0.3,"CAT","digby (r)","sample",1000,1000,1000,1000,0,0.0620025862739437,0.00514512405863089,0.162703108694033,0.00363997255340486,0.160403608037317,0.985866891695106,0.02205568446654,0.0890257395938692,1,0,0.608634807772606,"09b_or_to_cor_CAT",1000
0.25,100,0.5,0.3,"CAT","digby (r)","sample",1000,1000,1000,1000,0,0.155640741197303,0.00448682425656978,0.141885841116522,0.00317425138048296,0.14512174580589,1.02280639607098,0.0228820902011557,0.164596716175204,0.996,0.00199599599197994,0.555621407109764,"09b_or_to_cor_CAT",1000
0.5,100,0.5,0.3,"CAT","digby (r)","sample",1000,1000,1000,1000,0,0.270527124179831,0.00311600434460295,0.0985367092792551,0.0022044503031212,0.0969969357846218,0.98437360547256,0.0220222768635257,0.274338559913678,0.456,0.0157500476189756,0.400557346190985,"09b_or_to_cor_CAT",1000
0,300,0.5,0.3,"CAT","digby (r)","sample",1000,1000,1000,1000,0,0.00185282298289282,0.00304079261594503,0.0961583055860792,0.00215124096844059,0.0943482831330425,0.981176639480024,0.0219507547607189,0.0375872503127377,1,0,0.365576529279352,"09b_or_to_cor_CAT",1000
0.1,300,0.5,0.3,"CAT","digby (r)","sample",1000,1000,1000,1000,0,0.0637388911187156,0.00289838960086815,0.091655126852897,0.00205049644595771,0.0926718418704375,1.01109283301928,0.0226200359088131,0.0730014140552079,0.999,0.000999499874937461,0.359278584847495,"09b_or_to_cor_CAT",1000
0.25,300,0.5,0.3,"CAT","digby (r)","sample",1000,1000,1000,1000,0,0.150943103372344,0.00264993796715142,0.0837983963435494,0.0018747267041066,0.0844518533999434,1.00779796612951,0.0225463235800066,0.154083275383235,0.771,0.0132875505643441,0.328274037282087,"09b_or_to_cor_CAT",1000
0.5,300,0.5,0.3,"CAT","digby (r)","sample",1000,1000,1000,1000,0,0.266084332196537,0.00172540184091597,0.0545619969634197,0.00122065382155228,0.0555452883519081,1.01802154325744,0.0227750441031852,0.267308485196344,0,0,0.220386473540098,"09b_or_to_cor_CAT",1000
0,25,0.3,0.5,"CAT","digby (r)","sample",1000,999,999,999,0.001,-0.000636398445095714,0.0102362431223604,0.323536539801629,0.0072417423288405,0.327092078157167,1.01098960370201,0.0226290551652541,0.129996215955716,1,0,1.13199667907104,"09b_or_to_cor_CAT",1000
0.1,25,0.3,0.5,"CAT","digby (r)","sample",1000,1000,1000,1000,0,0.0564120626890922,0.0107290271822198,0.339281629736728,0.00759036400735626,0.324563822377986,0.956620677134323,0.0214013920000547,0.148247176966907,1,0,1.12998736524282,"09b_or_to_cor_CAT",1000
0.25,25,0.3,0.5,"CAT","digby (r)","sample",1000,1000,1000,1000,0,0.14615688618589,0.00936245823864288,0.296066925323198,0.00662357032264208,0.297106742157629,1.00351210062825,0.0224504407605732,0.18341834062702,1,0,1.06728286476646,"09b_or_to_cor_CAT",1000
0.5,25,0.3,0.5,"CAT","digby (r)","sample",1000,1000,1000,1000,0,0.231205376079051,0.00504238348126194,0.159454166367967,0.00356728764289885,0.21436478809128,1.34436617727879,0.0300759833435197,0.237808413781266,0.999,0.000999499874937461,0.895945816456048,"09b_or_to_cor_CAT",1000
0,50,0.3,0.5,"CAT","digby (r)","sample",1000,1000,1000,1000,0,0.000410170242344398,0.00762721241744307,0.241193634370391,0.00539595227289217,0.230296179615729,0.954818646921972,0.0213610772170981,0.0985717032247096,1,0,0.845866355763746,"09b_or_to_cor_CAT",1000
0.1,50,0.3,0.5,"CAT","digby (r)","sample",1000,1000,1000,1000,0,0.0650126444066386,0.00757749782066628,0.239621520782675,0.00536078115442953,0.227435142223689,0.949143221697356,0.0212341073502509,0.118610777909875,1,0,0.837829638205498,"09b_or_to_cor_CAT",1000
0.25,50,0.3,0.5,"CAT","digby (r)","sample",1000,1000,1000,1000,0,0.156404426479942,0.00637658921923626,0.201645456360613,0.0045111856347607,0.206250709631905,1.02283836866155,0.0228828054877479,0.174981466472996,1,0,0.773771896369146,"09b_or_to_cor_CAT",1000
0.5,50,0.3,0.5,"CAT","digby (r)","sample",1000,1000,1000,1000,0,0.262200740753304,0.00412413429700652,0.130416577549579,0.00291766252408965,0.141310758650122,1.08353371408171,0.0242406737744828,0.268038734865394,1,0,0.603726794585441,"09b_or_to_cor_CAT",1000
0,100,0.3,0.5,"CAT","digby (r)","sample",1000,1000,1000,1000,0,0.00389128116844118,0.00534500790804759,0.169023991010422,0.00378138250143619,0.163394221448225,0.966692482359797,0.0216267171021885,0.0668512863139327,1,0,0.619048756805804,"09b_or_to_cor_CAT",1000
0.1,100,0.3,0.5,"CAT","digby (r)","sample",1000,1000,1000,1000,0,0.0589912022771222,0.00523112112553282,0.165422574729073,0.00370081208995039,0.160647475777577,0.971133934051526,0.0217260806754166,0.0872424055357616,1,0,0.609370673615971,"09b_or_to_cor_CAT",1000
0.25,100,0.3,0.5,"CAT","digby (r)","sample",1000,1000,1000,1000,0,0.150404820781896,0.0046299731007188,0.146412605035836,0.00327552354764868,0.146449342359775,1.00025091640115,0.022377481975867,0.160044883536642,0.994,0.00244213021765835,0.559963141766089,"09b_or_to_cor_CAT",1000
0.5,100,0.3,0.5,"CAT","digby (r)","sample",1000,1000,1000,1000,0,0.268461384719754,0.00319353913843995,0.10098857474362,0.00225930311488716,0.0975400927001387,0.965852750647922,0.0216079307347491,0.272251432956619,0.464,0.0157703519301251,0.40095125187605,"09b_or_to_cor_CAT",1000
0,300,0.3,0.5,"CAT","digby (r)","sample",1000,1000,1000,1000,0,-1.90698758630437e-05,0.00289526333935951,0.0915562657836108,0.00204828473911517,0.0943138449747121,1.03011895655092,0.0230456858426635,0.0355279081738817,1,0,0.365435945727216,"09b_or_to_cor_CAT",1000
0.1,300,0.3,0.5,"CAT","digby (r)","sample",1000,1000,1000,1000,0,0.0626042075864888,0.00309955733070684,0.0980166090330538,0.00219281468880266,0.092672274286405,0.945475212830036,0.0211520471381882,0.0731801267640093,1,0,0.359257428905294,"09b_or_to_cor_CAT",1000
0.25,300,0.3,0.5,"CAT","digby (r)","sample",1000,1000,1000,1000,0,0.151556226782788,0.00269920466871798,0.0853563462410907,0.00190958095435509,0.0840943341473039,0.985214783090384,0.0220410955785828,0.154730428183506,0.758,0.0135438546950268,0.326916481300728,"09b_or_to_cor_CAT",1000
0.5,300,0.3,0.5,"CAT","digby (r)","sample",1000,1000,1000,1000,0,0.266532986408661,0.00177438663850045,0.0561110322743124,0.00125530863584048,0.055892781559997,0.996110377844264,0.0222848503917236,0.267747344589775,0,0,0.221585253158925,"09b_or_to_cor_CAT",1000
0,25,0.5,0.5,"CAT","digby (r)","sample",1000,1000,1000,1000,0,0.00131856026909661,0.0103975353642059,0.328798938030391,0.00735584660690125,0.289447306625137,0.880317036177239,0.0196943369779472,0.111051896632729,1,0,1.03338141505452,"09b_or_to_cor_CAT",1000
0.1,25,0.5,0.5,"CAT","digby (r)","sample",1000,1000,1000,1000,0,0.0508292208834413,0.00949957207016281,0.300402845386353,0.00672057295615244,0.288685277451345,0.960993818417605,0.0214992273418074,0.111064275412431,1,0,1.02860682251592,"09b_or_to_cor_CAT",1000
0.25,25,0.5,0.5,"CAT","digby (r)","sample",1000,1000,1000,1000,0,0.114419457646441,0.008769003370867,0.277300234616339,0.00620372438583419,0.266539545866285,0.961194808345754,0.0215037238620512,0.14144117956598,1,0,0.967922430308704,"09b_or_to_cor_CAT",1000
0.5,25,0.5,0.5,"CAT","digby (r)","sample",1000,1000,1000,1000,0,0.176234576356511,0.00609487074784065,0.192736736075102,0.0043118809159664,0.195861669375103,1.01621348043781,0.0227345943595319,0.18187111224753,1,0,0.77312415149316,"09b_or_to_cor_CAT",1000
0.75,25,0.5,0.5,"CAT","digby (r)","sample",1000,1000,1000,1000,0,0.135442918033732,0.00269560915952766,0.0852426462571957,0.00190703727326613,0.103712882455731,1.21667835302539,0.0272193681293605,0.14783793015037,0.964,0.00589101010014412,0.513651672719696,"09b_or_to_cor_CAT",1000
0,50,0.5,0.5,"CAT","digby (r)","sample",1000,1000,1000,1000,0,0.00240729702447964,0.00680727364755516,0.215264893823166,0.00481587789881406,0.209455607637953,0.97301331358756,0.0217681259072718,0.0721718157554528,1,0,0.77872235327552,"09b_or_to_cor_CAT",1000
0.1,50,0.5,0.5,"CAT","digby (r)","sample",1000,1000,1000,1000,0,0.0503731314265457,0.00662561263452904,0.209520268191006,0.00468735988954866,0.205846114667309,0.982463970882537,0.021979554769581,0.0848411069944811,1,0,0.766646079697838,"09b_or_to_cor_CAT",1000
0.25,50,0.5,0.5,"CAT","digby (r)","sample",1000,1000,1000,1000,0,0.112912488991606,0.00606899714870442,0.191918541029736,0.00429357636399828,0.189693254982508,0.988405049166754,0.0221124677917461,0.126164182155853,1,0,0.713133453831089,"09b_or_to_cor_CAT",1000
0.5,50,0.5,0.5,"CAT","digby (r)","sample",1000,1000,1000,1000,0,0.176333526596668,0.00438141689415879,0.138552567642827,0.00309967982463112,0.137953409457658,0.995675589450544,0.0222751233629509,0.177984607543124,1,0,0.53870238489369,"09b_or_to_cor_CAT",1000
0.75,50,0.5,0.5,"CAT","digby (r)","sample",1000,1000,1000,1000,0,0.14643409394662,0.00215634352223732,0.0681895694801989,0.0015255280819691,0.0671151105453756,0.984243060294796,0.0220193563239745,0.151239049744408,0.997,0.00172945077987204,0.295961825704493,"09b_or_to_cor_CAT",1000
0,100,0.5,0.5,"CAT","digby (r)","sample",1000,1000,1000,1000,0,-0.00104464009430788,0.00482240007058195,0.152497680115957,0.0034116580471972,0.148846139877792,0.976055109589937,0.0218361765674625,0.0505228048663176,1,0,0.567594518031693,"09b_or_to_cor_CAT",1000
0.1,100,0.5,0.5,"CAT","digby (r)","sample",1000,1000,1000,1000,0,0.0461591993910458,0.00474312633085115,0.14999082435407,0.00335557499972591,0.146720232769012,0.978194722249561,0.0218840437005398,0.0671740715040788,1,0,0.559917673602934,"09b_or_to_cor_CAT",1000
0.25,100,0.5,0.5,"CAT","digby (r)","sample",1000,1000,1000,1000,0,0.114750733430415,0.00422196839704682,0.133510363439181,0.00298687629520104,0.133966020562039,1.00341289703002,0.0224482213907181,0.120770742630927,1,0,0.513907250335109,"09b_or_to_cor_CAT",1000
0.5,100,0.5,0.5,"CAT","digby (r)","sample",1000,1000,1000,1000,0,0.177195533385343,0.00301161302027476,0.095235565750871,0.00213059755418101,0.0949561099412023,0.997065636062899,0.0223062213029812,0.177659951065016,0.93,0.00806845710157772,0.371631945796861,"09b_or_to_cor_CAT",1000
0.75,100,0.5,0.5,"CAT","digby (r)","sample",1000,1000,1000,1000,0,0.148717252705451,0.00144608367076487,0.0457291808679404,0.00102304722131652,0.0456115574116333,0.997427824988888,0.0223143241460082,0.150542689844722,0.056,0.00727076337120113,0.188859301082932,"09b_or_to_cor_CAT",1000
0,300,0.5,0.5,"CAT","digby (r)","sample",1000,1000,1000,1000,0,-0.000749999258189731,0.00271841007559862,0.0859636745324214,0.00192316802302941,0.0863992512857658,1.00506698620916,0.0224852264563329,0.0285950060981119,1,0,0.335487858045487,"09b_or_to_cor_CAT",1000
0.1,300,0.5,0.5,"CAT","digby (r)","sample",1000,1000,1000,1000,0,0.0504411476795346,0.00265350806152355,0.0839112926403261,0.00187725240521303,0.0848700656327758,1.01142603054108,0.0226274901599576,0.0573207206963802,1,0,0.329666257459436,"09b_or_to_cor_CAT",1000
0.25,300,0.5,0.5,"CAT","digby (r)","sample",1000,1000,1000,1000,0,0.115692121994442,0.00239971162669593,0.0758855446794686,0.00169770142716132,0.0773675114841034,1.01952897367864,0.022808768138352,0.11763615655313,0.959,0.00627048642451286,0.301084116937605,"09b_or_to_cor_CAT",1000
0.5,300,0.5,0.5,"CAT","digby (r)","sample",1000,1000,1000,1000,0,0.176882697790507,0.00174437464362631,0.0551619696650365,0.00123407633194072,0.0545484941741408,0.988878651458225,0.0221230631599355,0.176975959205256,0.002,0.00141279864099595,0.213695288628009,"09b_or_to_cor_CAT",1000
0.75,300,0.5,0.5,"CAT","digby (r)","sample",1000,1000,1000,1000,0,0.148334729653869,0.000833522230182137,0.026358287277587,0.000589684137047443,0.0259200687687484,0.983374545385912,0.0219999260226364,0.148890196100176,0,0,0.103288862576778,"09b_or_to_cor_CAT",1000
0,25,0.3,0.1,"CAT","digby (z)","sample",1000,935,935,935,0.0649999999999999,0.0670280462096449,0.0145172804288908,0.443906057666189,0.0102707612907106,0.559794444325676,1.26106511649957,0.0291775670999043,0.25015046314511,1,0,2.17455377276191,"09b_or_to_cor_CAT",1000
0.1,25,0.3,0.1,"CAT","digby (z)","sample",1000,940,940,940,0.0600000000000001,0.182689848329287,0.0152386803004969,0.467209090946128,0.0107811103359528,0.554098534857709,1.18597549918308,0.0273670460618325,0.308373183108059,1,0,2.14980471953522,"09b_or_to_cor_CAT",1000
0.25,25,0.3,0.1,"CAT","digby (z)","sample",1000,925,925,925,0.075,0.338734351689769,0.0147934215484352,0.44992435144864,0.0104661876224183,0.555605067498319,1.23488552177586,0.0287260369915529,0.409307248728902,1,0,2.15552145260223,"09b_or_to_cor_CAT",1000
0.5,25,0.3,0.1,"CAT","digby (z)","sample",1000,930,930,930,0.07,0.608634993778926,0.00894069657808181,0.272654600970222,0.0063254288617751,0.608140716817373,2.23044362594047,0.0517450005827225,0.621417310127286,1,0,2.38113295177646,"09b_or_to_cor_CAT",1000
0,50,0.3,0.1,"CAT","digby (z)","sample",1000,997,997,997,0.003,-0.012227160210338,0.0125662570330319,0.396783421242322,0.0088901451286249,0.452480211818676,1.14037076045659,0.0255506178387126,0.254350616583475,1,0,1.7310425301299,"09b_or_to_cor_CAT",1000
0.1,50,0.3,0.1,"CAT","digby (z)","sample",1000,992,992,992,0.00800000000000001,0.147154878997328,0.0126029573168829,0.396943140595883,0.00891613173291928,0.432576314037651,1.08976896133858,0.0244783764323404,0.289828054376587,1,0,1.65181467242195,"09b_or_to_cor_CAT",1000
0.25,50,0.3,0.1,"CAT","digby (z)","sample",1000,991,991,991,0.00900000000000001,0.390471129457548,0.0125580452777717,0.395329180162276,0.00888436262977043,0.444422099477087,1.1241823821218,0.025264120247004,0.461773936488924,1,0,1.70063120915746,"09b_or_to_cor_CAT",1000
0.5,50,0.3,0.1,"CAT","digby (z)","sample",1000,996,996,996,0.004,0.824408856233289,0.00698728163344392,0.220514888854613,0.00494323639263271,0.569153176730006,2.58101926670925,0.057858172006223,0.831840230510545,0.995983935742972,0.0020039958789486,2.22769245962707,"09b_or_to_cor_CAT",1000
0,100,0.3,0.1,"CAT","digby (z)","sample",1000,1000,1000,1000,0,-0.0342871812873763,0.0099990535688545,0.316197837236155,0.00707393643688746,0.322662685431968,1.02044558005938,0.0228292743357746,0.220713641146339,1,0,1.22323310603422,"09b_or_to_cor_CAT",1000
0.1,100,0.3,0.1,"CAT","digby (z)","sample",1000,1000,1000,1000,0,0.140965621009978,0.00895845566367931,0.28329124214862,0.00633775441857162,0.286299937511947,1.01062050256304,0.0226094689939542,0.230615467736668,1,0,1.09745781833626,"09b_or_to_cor_CAT",1000
0.25,100,0.3,0.1,"CAT","digby (z)","sample",1000,1000,1000,1000,0,0.399352666828367,0.00993469542293105,0.314162653965119,0.00702840558435993,0.309408132585958,0.984866051648235,0.0220332938046147,0.453795004464203,0.943,0.00733150734842434,1.17417871216982,"09b_or_to_cor_CAT",1000
0.5,100,0.3,0.1,"CAT","digby (z)","sample",1000,1000,1000,1000,0,1.05060155071945,0.00558632962918707,0.17665525388715,0.00395210811105771,0.534583785870745,3.02614144842953,0.0677004385682538,1.05654344425753,0.42,0.0156076904121013,2.084812050166,"09b_or_to_cor_CAT",1000
0,300,0.3,0.1,"CAT","digby (z)","sample",1000,1000,1000,1000,0,-0.00982184550408434,0.00540211029738821,0.170829727111963,0.00382178019205844,0.165268676009921,0.967446818559882,0.021643593012467,0.114394625371812,0.998,0.00141279864099595,0.641490009538988,"09b_or_to_cor_CAT",1000
0.1,300,0.3,0.1,"CAT","digby (z)","sample",1000,1000,1000,1000,0,0.148534971462584,0.00475965387738685,0.150513471265942,0.00336726758771398,0.151294331914551,1.00518797847157,0.0224879332793179,0.173868963465461,0.961,0.00612200947402077,0.590859391433826,"09b_or_to_cor_CAT",1000
0.25,300,0.3,0.1,"CAT","digby (z)","sample",1000,1000,1000,1000,0,0.368350436556662,0.00493502138444301,0.156059078764774,0.00349133318947,0.15762837806768,1.01005580268273,0.0225968356024858,0.381556423538761,0.231,0.0133281281506444,0.614294488957546,"09b_or_to_cor_CAT",1000
0.5,300,0.3,0.1,"CAT","digby (z)","sample",1000,1000,1000,1000,0,1.39534651270256,0.00580013013872465,0.183416219637583,0.00410336354780764,0.488639096100455,2.66409970211997,0.0596008882257232,1.40445211017646,0,0,1.88601849016117,"09b_or_to_cor_CAT",1000
0,25,0.5,0.1,"CAT","digby (z)","sample",1000,919,919,919,0.081,0.00811671942503946,0.0150092523915192,0.455005678103897,0.0106189231528091,0.53831338889502,1.18309158500677,0.0276109930677685,0.248383636893296,1,0,2.08425191475041,"09b_or_to_cor_CAT",1000
0.1,25,0.5,0.1,"CAT","digby (z)","sample",1000,932,932,932,0.0679999999999999,0.109885433784382,0.014308811323106,0.436829051162567,0.0101232899243992,0.550442674976995,1.26008715196954,0.0292018755058734,0.263271753211616,1,0,2.13551959026927,"09b_or_to_cor_CAT",1000
0.25,25,0.5,0.1,"CAT","digby (z)","sample",1000,935,935,935,0.0649999999999999,0.293519940584144,0.0116385481994337,0.355880846517703,0.00823410079541644,0.577662304237825,1.62319020506514,0.0375561424263785,0.35265549594861,1,0,2.25218384686205,"09b_or_to_cor_CAT",1000
0,50,0.5,0.1,"CAT","digby (z)","sample",1000,991,991,991,0.00900000000000001,-0.00378666970108954,0.0125663003193511,0.395589050129903,0.00889020277298484,0.425769738759974,1.07629303344003,0.0241878871705139,0.255678294849676,1,0,1.62606467634609,"09b_or_to_cor_CAT",1000
0.1,50,0.5,0.1,"CAT","digby (z)","sample",1000,994,994,994,0.00600000000000001,0.172496294418603,0.0123965804488536,0.390836481899975,0.00877011873754679,0.44402402820441,1.1360864422018,0.0254930474908348,0.308136587408236,1,0,1.69741379599371,"09b_or_to_cor_CAT",1000
0.25,50,0.5,0.1,"CAT","digby (z)","sample",1000,997,997,997,0.003,0.450132707940648,0.0102630478558776,0.324058884831382,0.00726071292835568,0.503155186564322,1.55266592004145,0.0347883117752755,0.497620630402723,1,0,1.94140195957201,"09b_or_to_cor_CAT",1000
0,100,0.5,0.1,"CAT","digby (z)","sample",1000,1000,1000,1000,0,0.0119304391800222,0.00942248448007167,0.297965121746139,0.00666603652341684,0.285676431495059,0.958757957377474,0.0214492069526174,0.200126178447769,1,0,1.09205294025083,"09b_or_to_cor_CAT",1000
0.1,100,0.5,0.1,"CAT","digby (z)","sample",1000,1000,1000,1000,0,0.181522968197526,0.00934696928293981,0.295577121537206,0.00661261249674758,0.302561121896964,1.02362835230087,0.0229004788978494,0.273940008157965,1,0,1.15328582210024,"09b_or_to_cor_CAT",1000
0.25,100,0.5,0.1,"CAT","digby (z)","sample",1000,1000,1000,1000,0,0.573015452012236,0.00947706865220407,0.29969122482747,0.00670465267458213,0.422295688675411,1.40910261526184,0.0315242584216967,0.617622405621029,0.998,0.00141279864099595,1.60101326217484,"09b_or_to_cor_CAT",1000
0,300,0.5,0.1,"CAT","digby (z)","sample",1000,1000,1000,1000,0,-0.00139522282907572,0.00486992944246208,0.154000690824941,0.0034452832051434,0.149454876564033,0.970481857993252,0.0217114925155843,0.09670702299508,1,0,0.583405563514032,"09b_or_to_cor_CAT",1000
0.1,300,0.5,0.1,"CAT","digby (z)","sample",1000,1000,1000,1000,0,0.166796899772864,0.00494520829079715,0.156381217028673,0.00349854002435108,0.15652149660272,1.00089703595299,0.0223919368775207,0.196065607615486,0.952,0.00675988165576884,0.609823837898613,"09b_or_to_cor_CAT",1000
0.25,300,0.5,0.1,"CAT","digby (z)","sample",1000,1000,1000,1000,0,0.593615432256288,0.00781441837721315,0.247113606614704,0.00552839311350783,0.249844714422593,1.01105203329474,0.0226191231427406,0.630530823816258,0.073,0.0082262385085773,0.932568999099237,"09b_or_to_cor_CAT",1000
0,25,0.3,0.3,"CAT","digby (z)","sample",1000,1000,1000,1000,0,-0.0010209043283262,0.0134806751763172,0.426296379540544,0.00953704654814839,0.419995249050518,0.98521889747969,0.0220411876251593,0.211966045254785,1,0,1.61541035428897,"09b_or_to_cor_CAT",1000
0.1,25,0.3,0.3,"CAT","digby (z)","sample",1000,1000,1000,1000,0,0.0769710179131781,0.0135188073388974,0.427502224399155,0.00956402355076525,0.406090501999374,0.949914360258885,0.0212513591607502,0.224608496621809,1,0,1.56421744480838,"09b_or_to_cor_CAT",1000
0.25,25,0.3,0.3,"CAT","digby (z)","sample",1000,1000,1000,1000,0,0.219804530794704,0.0130935879733318,0.414055607395164,0.00926319760328617,0.407274752842589,0.983623323941358,0.0220054916637663,0.30250557497005,1,0,1.57238173708892,"09b_or_to_cor_CAT",1000
0.5,25,0.3,0.3,"CAT","digby (z)","sample",1000,1000,1000,1000,0,0.462080719382106,0.0131224266644151,0.414967566880777,0.00928359984098214,0.44945651706577,1.08311239946832,0.0242312481793519,0.515668389510686,1,0,1.73029019496781,"09b_or_to_cor_CAT",1000
0.75,25,0.3,0.3,"CAT","digby (z)","sample",1000,999,999,999,0.001,0.800456749133282,0.0125572144931632,0.396895392000814,0.00888373894996934,0.560006028168931,1.41096631368243,0.0315817634837381,0.837661145989254,1,0,2.15975660876711,"09b_or_to_cor_CAT",1000
0,50,0.3,0.3,"CAT","digby (z)","sample",1000,1000,1000,1000,0,-0.0164892271324762,0.00869788379729948,0.275051236229407,0.00615341008964897,0.277709405302712,1.00966426877314,0.0225880762573444,0.140528645901064,1,0,1.07490045668205,"09b_or_to_cor_CAT",1000
0.1,50,0.3,0.3,"CAT","digby (z)","sample",1000,1000,1000,1000,0,0.0703834185794435,0.00869480056485555,0.274953735858621,0.00615122882417437,0.266753856934564,0.970177241278609,0.0217046776704992,0.14926316036929,1,0,1.03483544450362,"09b_or_to_cor_CAT",1000
0.25,50,0.3,0.3,"CAT","digby (z)","sample",1000,1000,1000,1000,0,0.192038362851719,0.00814360852357248,0.257523513072501,0.00576128217195322,0.262714261101107,1.0201564042315,0.022822804932178,0.227044954956688,1,0,1.02385798952065,"09b_or_to_cor_CAT",1000
0.5,50,0.3,0.3,"CAT","digby (z)","sample",1000,1000,1000,1000,0,0.445530489805704,0.0102037056917822,0.322669505600558,0.00721871975055767,0.30045238298026,0.931145886937947,0.0208314733435345,0.484656182333433,0.899,0.00952885092757778,1.16061039742287,"09b_or_to_cor_CAT",1000
0.75,50,0.3,0.3,"CAT","digby (z)","sample",1000,1000,1000,1000,0,0.890198082981544,0.0115533708231518,0.365349664536942,0.00817355465414603,0.42356431184246,1.15933953950472,0.0259365917329209,0.929454018738751,0.236,0.0134277324965908,1.61754247827687,"09b_or_to_cor_CAT",1000
0,100,0.3,0.3,"CAT","digby (z)","sample",1000,1000,1000,1000,0,-0.0103849897063098,0.00618356061933731,0.195541356068273,0.00437462550566611,0.186651453982281,0.954536972307341,0.0213547756296578,0.0966774384106379,1,0,0.72724288364947,"09b_or_to_cor_CAT",1000
0.1,100,0.3,0.3,"CAT","digby (z)","sample",1000,1000,1000,1000,0,0.0747145661867705,0.0057333010151794,0.181302897193225,0.00405608457596929,0.179856352602547,0.992021392856527,0.0221933721572503,0.109149511626831,1,0,0.703228765918456,"09b_or_to_cor_CAT",1000
0.25,100,0.3,0.3,"CAT","digby (z)","sample",1000,1000,1000,1000,0,0.182682936881736,0.00550755728027417,0.174164253495087,0.00389637977783527,0.179074487393137,1.02819312114577,0.023002601306213,0.197854115115271,0.994,0.00244213021765835,0.700893090919718,"09b_or_to_cor_CAT",1000
0.5,100,0.3,0.3,"CAT","digby (z)","sample",1000,1000,1000,1000,0,0.419215169435773,0.00680150604584188,0.215082506242659,0.00481179754784563,0.200896421838696,0.934043522870433,0.0208962988735977,0.436296331344086,0.401,0.0154983547513922,0.783889884718502,"09b_or_to_cor_CAT",1000
0.75,100,0.3,0.3,"CAT","digby (z)","sample",1000,1000,1000,1000,0,0.848510295208058,0.00910373104950193,0.287885253220212,0.0064405310301856,0.279963379450373,0.972482530170523,0.02175625129046,0.876537455182048,0,0,1.07432177839696,"09b_or_to_cor_CAT",1000
0,300,0.3,0.3,"CAT","digby (z)","sample",1000,1000,1000,1000,0,0.00142180654269239,0.00317355903567446,0.100356748417388,0.00224516797939736,0.103842459080608,1.03473319650337,0.0231489150121399,0.0447682644042106,1,0,0.406689805750311,"09b_or_to_cor_CAT",1000
0.1,300,0.3,0.3,"CAT","digby (z)","sample",1000,1000,1000,1000,0,0.0738970121073947,0.00320146197577001,0.10123911685856,0.0022649082101381,0.101354088467884,1.0011356441353,0.0223972749884,0.0852345091894035,0.999,0.000999499874937461,0.397067072615556,"09b_or_to_cor_CAT",1000
0.25,300,0.3,0.3,"CAT","digby (z)","sample",1000,1000,1000,1000,0,0.178340626113994,0.00324695404571866,0.102677702423695,0.00229709205723755,0.101536811329445,0.98888861878169,0.0221232861475855,0.183553271030608,0.693,0.0145859864253331,0.397839605643307,"09b_or_to_cor_CAT",1000
0.5,300,0.3,0.3,"CAT","digby (z)","sample",1000,1000,1000,1000,0,0.389922461433721,0.00357335767356556,0.112999491429076,0.00252800976362432,0.111388073605342,0.985739601095944,0.0220528367379933,0.394356122746163,0,0,0.436259558914848,"09b_or_to_cor_CAT",1000
0.75,300,0.3,0.3,"CAT","digby (z)","sample",1000,1000,1000,1000,0,0.800319560205232,0.00461589152196238,0.145967306416623,0.00326556138549324,0.147946364006157,1.01355822504449,0.0226751913350197,0.807306993565079,0,0,0.578079274997515,"09b_or_to_cor_CAT",1000
0,25,0.5,0.3,"CAT","digby (z)","sample",1000,1000,1000,1000,0,0.00025672644405969,0.0122428544431377,0.387153051022274,0.00866133714960612,0.373262981203132,0.964122535564511,0.021569222590414,0.184817354885805,1,0,1.44124532824206,"09b_or_to_cor_CAT",1000
0.1,25,0.5,0.3,"CAT","digby (z)","sample",1000,1000,1000,1000,0,0.0884675224813572,0.0124301220879301,0.39307497391827,0.00879382162994473,0.378546063050534,0.963037812550344,0.0215449553097744,0.208016883175533,1,0,1.4612893092828,"09b_or_to_cor_CAT",1000
0.25,25,0.5,0.3,"CAT","digby (z)","sample",1000,1000,1000,1000,0,0.220485849350788,0.0118840391169559,0.375806314121167,0.0084074894436695,0.402690728749272,1.07153795350931,0.0239723061963139,0.291471544760466,1,0,1.55028037787264,"09b_or_to_cor_CAT",1000
0.5,25,0.5,0.3,"CAT","digby (z)","sample",1000,1000,1000,1000,0,0.504902488619947,0.0107971560823824,0.341436054726691,0.00763856251994019,0.496720773909437,1.4547988328504,0.0325465681928615,0.538789192172827,1,0,1.91674041516594,"09b_or_to_cor_CAT",1000
0,50,0.5,0.3,"CAT","digby (z)","sample",1000,1000,1000,1000,0,0.00101545651770622,0.00845039679215316,0.267225009953845,0.00597832278450503,0.247188394917444,0.925019686443789,0.0206944187916309,0.120708868532626,1,0,0.962579069139435,"09b_or_to_cor_CAT",1000
0.1,50,0.5,0.3,"CAT","digby (z)","sample",1000,1000,1000,1000,0,0.0731928092161975,0.00786915495861929,0.24884452930045,0.00556711708822936,0.247658337480672,0.995233201135211,0.0222652263097311,0.133314872281433,1,0,0.965618577335937,"09b_or_to_cor_CAT",1000
0.25,50,0.5,0.3,"CAT","digby (z)","sample",1000,1000,1000,1000,0,0.216842486517922,0.00888110031401085,0.280845051207109,0.0062830285564848,0.271749153943141,0.96761239970271,0.0216472973720215,0.26427966881058,1,0,1.04871064493771,"09b_or_to_cor_CAT",1000
0.5,50,0.5,0.3,"CAT","digby (z)","sample",1000,1000,1000,1000,0,0.581564409956455,0.00986093856880321,0.311830257444192,0.00697622551608724,0.389759247730964,1.24990836657575,0.0279627856229994,0.620918803024965,0.979,0.00453420334788814,1.47657309696861,"09b_or_to_cor_CAT",1000
0,100,0.5,0.3,"CAT","digby (z)","sample",1000,1000,1000,1000,0,-0.00149997973276769,0.00562244359537768,0.177797277772196,0.00397765731924598,0.167894337975342,0.944302073007314,0.0211258018083338,0.0739301001869763,1,0,0.657180522212658,"09b_or_to_cor_CAT",1000
0.1,100,0.5,0.3,"CAT","digby (z)","sample",1000,1000,1000,1000,0,0.0680574027617427,0.00544177697448602,0.172084097580358,0.00384984280323661,0.169478417489135,0.984858100615564,0.0220331159251573,0.100154348282185,0.999,0.000999499874937461,0.663096024185306,"09b_or_to_cor_CAT",1000
0.25,100,0.5,0.3,"CAT","digby (z)","sample",1000,1000,1000,1000,0,0.194607194514007,0.00565238286941625,0.178744040746734,0.00399883817601977,0.180527412754133,1.00997723896108,0.0225950779852356,0.214516356718489,0.983,0.00408790900094413,0.70458904498082,"09b_or_to_cor_CAT",1000
0.5,100,0.5,0.3,"CAT","digby (z)","sample",1000,1000,1000,1000,0,0.575860872908182,0.008665386364016,0.274023577156555,0.00613041943600097,0.274947511075371,1.00337173147071,0.0224473004402383,0.613219225540246,0.239,0.0134862522592453,1.03291073872585,"09b_or_to_cor_CAT",1000
0,300,0.5,0.3,"CAT","digby (z)","sample",1000,1000,1000,1000,0,0.00193593276009129,0.00306904955008011,0.0970518683016815,0.00217123163601692,0.0952357940619757,0.981287591145999,0.0219532369568007,0.038485061454372,1,0,0.37318276575959,"09b_or_to_cor_CAT",1000
0.1,300,0.5,0.3,"CAT","digby (z)","sample",1000,1000,1000,1000,0,0.0667043451267337,0.00300198039079144,0.0949309552606331,0.00212378284834752,0.0961060540402098,1.01237845733618,0.0226487977269804,0.0772210179889491,0.999,0.000999499874937461,0.376566934086457,"09b_or_to_cor_CAT",1000
0.25,300,0.5,0.3,"CAT","digby (z)","sample",1000,1000,1000,1000,0,0.178341962550126,0.0031860363426833,0.10075131550952,0.00225399518249976,0.101406299146468,1.00650099339782,0.0225173078765959,0.184600380570731,0.703,0.0144496020706454,0.397113068656845,"09b_or_to_cor_CAT",1000
0.5,300,0.5,0.3,"CAT","digby (z)","sample",1000,1000,1000,1000,0,0.527540122909455,0.00447507361851803,0.141514253314484,0.00316593826703692,0.139846683215664,0.988216239284996,0.0221082437618986,0.538089676933515,0,0,0.542994482056191,"09b_or_to_cor_CAT",1000
0,25,0.3,0.5,"CAT","digby (z)","sample",1000,999,999,999,0.001,-0.000138136647321009,0.0115977380648291,0.366569257701959,0.00820494684025346,0.371059310171537,1.0122488516842,0.0226572410060891,0.172892545053997,1,0,1.4343476374887,"09b_or_to_cor_CAT",1000
0.1,25,0.3,0.5,"CAT","digby (z)","sample",1000,1000,1000,1000,0,0.0785556379733746,0.0125390322456092,0.39651901550421,0.00887087127543847,0.385048154824394,0.971071095631493,0.0217246748625464,0.208510647432428,1,0,1.48353650951062,"09b_or_to_cor_CAT",1000
0.25,25,0.3,0.5,"CAT","digby (z)","sample",1000,1000,1000,1000,0,0.221998264345933,0.0121771627156078,0.385075696198018,0.00861486284063519,0.406124666228398,1.05466190216158,0.0235947573946429,0.296234603994037,1,0,1.55995910974004,"09b_or_to_cor_CAT",1000
0.5,25,0.3,0.5,"CAT","digby (z)","sample",1000,1000,1000,1000,0,0.508241372153529,0.010525115895124,0.332833388658337,0.00744610480584818,0.497365803866736,1.49433867158471,0.0334311482658186,0.541161575256903,1,0,1.91927995248307,"09b_or_to_cor_CAT",1000
0,50,0.3,0.5,"CAT","digby (z)","sample",1000,1000,1000,1000,0,0.000477766989428085,0.00814626334278223,0.257607465827288,0.00576316035194415,0.246311379148076,0.956150002706889,0.0213908621336545,0.115583079928835,1,0,0.959458418998745,"09b_or_to_cor_CAT",1000
0.1,50,0.3,0.5,"CAT","digby (z)","sample",1000,1000,1000,1000,0,0.0779068846480695,0.00840120335330795,0.265669376826974,0.00594352036474534,0.252128791684633,0.949032194436321,0.0212316234629663,0.149061433071119,1,0,0.978518828156662,"09b_or_to_cor_CAT",1000
0.25,50,0.3,0.5,"CAT","digby (z)","sample",1000,1000,1000,1000,0,0.210583796432365,0.008387420597074,0.265233527805632,0.00593376960775091,0.268054114306278,1.01063435126012,0.0226097788151842,0.25438745594571,0.999,0.000999499874937461,1.03645991580371,"09b_or_to_cor_CAT",1000
0.5,50,0.3,0.5,"CAT","digby (z)","sample",1000,1000,1000,1000,0,0.571661848333744,0.00985798532490862,0.311736867672262,0.00697413621238973,0.385191753534787,1.23563105131264,0.0276433754032983,0.611206562509435,0.972,0.0052168956286282,1.45954893474874,"09b_or_to_cor_CAT",1000
0,100,0.3,0.5,"CAT","digby (z)","sample",1000,1000,1000,1000,0,0.00436333767875179,0.00550227763599549,0.173997296483526,0.00389264463752628,0.168320901082458,0.967376531039344,0.0216420205492998,0.071898048293364,1,0,0.658851124980276,"09b_or_to_cor_CAT",1000
0.1,100,0.3,0.5,"CAT","digby (z)","sample",1000,1000,1000,1000,0,0.0651719803116495,0.00555698060510434,0.175727156255104,0.00393134483287181,0.169438456928226,0.964213275506782,0.0215712526124708,0.0991414563889647,1,0,0.663054156927697,"09b_or_to_cor_CAT",1000
0.25,100,0.3,0.5,"CAT","digby (z)","sample",1000,1000,1000,1000,0,0.186443713307604,0.00573045280277321,0.18121282880859,0.00405406957791158,0.179719881705353,0.991761360864721,0.0221875547557219,0.206975170105534,0.989,0.00329833291224522,0.701495257495921,"09b_or_to_cor_CAT",1000
0.5,100,0.3,0.5,"CAT","digby (z)","sample",1000,1000,1000,1000,0,0.570118942856512,0.00877480527433086,0.277483706913441,0.00620782900393966,0.27217686427764,0.980875119858996,0.0219440092034049,0.607799635415432,0.241,0.0135247550809617,1.02400346642442,"09b_or_to_cor_CAT",1000
0,300,0.3,0.5,"CAT","digby (z)","sample",1000,1000,1000,1000,0,-8.14218489133822e-06,0.00291980354243758,0.0923322951433087,0.002065645965908,0.0951099757238565,1.03008352144,0.0230448930930213,0.0363042204409256,1,0,0.372693268637543,"09b_or_to_cor_CAT",1000
0.1,300,0.3,0.5,"CAT","digby (z)","sample",1000,1000,1000,1000,0,0.0656911355976266,0.0032137726378445,0.101628414175161,0.00227361751851526,0.0961323073390513,0.945919584786234,0.0211619885691606,0.0777087389769916,1,0,0.376663070514397,"09b_or_to_cor_CAT",1000
0.25,300,0.3,0.5,"CAT","digby (z)","sample",1000,1000,1000,1000,0,0.179691789944532,0.00323844170489885,0.102408518571592,0.00229106991149407,0.101308576876979,0.989259275400567,0.0221315784287243,0.186005795890788,0.688,0.0146511433000978,0.396754912655992,"09b_or_to_cor_CAT",1000
0.5,300,0.3,0.5,"CAT","digby (z)","sample",1000,1000,1000,1000,0,0.526361254258295,0.00456507462524345,0.144360335044089,0.00322961043325218,0.139890822891085,0.969039195208026,0.0216792174534531,0.537040110663124,0,0,0.54314578266798,"09b_or_to_cor_CAT",1000
0,25,0.5,0.5,"CAT","digby (z)","sample",1000,1000,1000,1000,0,0.00155926017240863,0.0117204075194198,0.370631828667307,0.00829172653550366,0.327934257573442,0.884797883529339,0.019794581905709,0.15384131588709,1,0,1.27848209639274,"09b_or_to_cor_CAT",1000
0.1,25,0.5,0.5,"CAT","digby (z)","sample",1000,1000,1000,1000,0,0.0703117745503974,0.0108673389244002,0.343655431061092,0.00768821411546124,0.328290070418871,0.955288468467449,0.0213715880029353,0.158602253874841,1,0,1.28097072917265,"09b_or_to_cor_CAT",1000
0.25,25,0.5,0.5,"CAT","digby (z)","sample",1000,1000,1000,1000,0,0.17822625430127,0.0114469366996594,0.361983922026945,0.0080982567052835,0.34468624184933,0.952214230729489,0.021302811560502,0.244478557329944,1,0,1.33832389375661,"09b_or_to_cor_CAT",1000
0.5,25,0.5,0.5,"CAT","digby (z)","sample",1000,1000,1000,1000,0,0.418021356437511,0.0121839598474985,0.385290640381331,0.00861967154364065,0.406223548725062,1.05433017610553,0.0235873360629365,0.470525557390685,1,0,1.56430186289904,"09b_or_to_cor_CAT",1000
0.75,25,0.5,0.5,"CAT","digby (z)","sample",1000,1000,1000,1000,0,0.789750544008569,0.0119445619933209,0.377720215519749,0.0084503069940942,0.530174313071937,1.40361646342494,0.0314015229541914,0.827777398748896,1,0,2.04251899314629,"09b_or_to_cor_CAT",1000
0,50,0.5,0.5,"CAT","digby (z)","sample",1000,1000,1000,1000,0,0.00297463363831093,0.00713379320197949,0.225590348748808,0.00504687761868687,0.219752467193652,0.974121758366284,0.0217929238881088,0.0825555927352874,1,0,0.860946107469727,"09b_or_to_cor_CAT",1000
0.1,50,0.5,0.5,"CAT","digby (z)","sample",1000,1000,1000,1000,0,0.0592299430897422,0.00714543653194144,0.225958543171094,0.00505511481588732,0.220913859253027,0.977674294375992,0.0218724007565848,0.103486704677594,1,0,0.86528952637051,"09b_or_to_cor_CAT",1000
0.25,50,0.5,0.5,"CAT","digby (z)","sample",1000,1000,1000,1000,0,0.148228333480632,0.00730651861203942,0.231052405804567,0.00516907404091678,0.227978483663761,0.986695995957702,0.0220742330780815,0.176513552785074,1,0,0.891755727962704,"09b_or_to_cor_CAT",1000
0.5,50,0.5,0.5,"CAT","digby (z)","sample",1000,1000,1000,1000,0,0.360602521729633,0.00848023998844033,0.268168734683114,0.00599943567005517,0.262214336204335,0.977796074975648,0.0218751252161471,0.390138450313422,0.946,0.00714730718522718,1.01861894029721,"09b_or_to_cor_CAT",1000
0.75,50,0.5,0.5,"CAT","digby (z)","sample",1000,1000,1000,1000,0,0.82944894826432,0.0119139727727787,0.376752899432125,0.00842866632577704,0.385451263827998,1.02308771719868,0.022888383880433,0.875990874516872,0.234,0.0133882037630147,1.46816620244388,"09b_or_to_cor_CAT",1000
0,100,0.5,0.5,"CAT","digby (z)","sample",1000,1000,1000,1000,0,-0.00101374750250542,0.00494366107519681,0.156332289775389,0.00349744543027419,0.152385383551575,0.974753096564476,0.0218070481032623,0.0543532028370958,1,0,0.59728608648995,"09b_or_to_cor_CAT",1000
0.1,100,0.5,0.5,"CAT","digby (z)","sample",1000,1000,1000,1000,0,0.0506703664012418,0.00497555739709091,0.157340940037061,0.00352001082129801,0.153196404631862,0.973658887482033,0.0217825686015506,0.0756644384786998,1,0,0.600401718006373,"09b_or_to_cor_CAT",1000
0.25,100,0.5,0.5,"CAT","digby (z)","sample",1000,1000,1000,1000,0,0.141384806571233,0.0050011411405761,0.158149969041928,0.00353811031181335,0.157772633378091,0.997614064257348,0.0223184906664331,0.154434493845331,0.996,0.00199599599197994,0.618134812264144,"09b_or_to_cor_CAT",1000
0.5,100,0.5,0.5,"CAT","digby (z)","sample",1000,1000,1000,1000,0,0.345718033967742,0.00577206944325746,0.182528862533536,0.00408351171135703,0.17892146272018,0.980236551286823,0.0219297232312755,0.3590335728412,0.57,0.0156556698994326,0.699487865616735,"09b_or_to_cor_CAT",1000
0.75,100,0.5,0.5,"CAT","digby (z)","sample",1000,1000,1000,1000,0,0.772282997312188,0.00818867927918869,0.258948775508621,0.00579316795576226,0.249748527277173,0.964470779159405,0.0215770134503274,0.796679481020983,0,0,0.963671550022828,"09b_or_to_cor_CAT",1000
0,300,0.5,0.5,"CAT","digby (z)","sample",1000,1000,1000,1000,0,-0.000772759311310891,0.00273913623634588,0.0866190932835426,0.0019378309651466,0.087041604998753,1.00487781272228,0.0224809942919593,0.0292499581306074,1,0,0.341193937016828,"09b_or_to_cor_CAT",1000
0.1,300,0.5,0.5,"CAT","digby (z)","sample",1000,1000,1000,1000,0,0.0528087902141169,0.00273864252489643,0.0866034807566711,0.00193748168374837,0.0875277483821599,1.01067240736069,0.0226106302012621,0.0606952959984261,1,0,0.343091986110385,"09b_or_to_cor_CAT",1000
0.25,300,0.5,0.5,"CAT","digby (z)","sample",1000,1000,1000,1000,0,0.136451630909049,0.00278610509482923,0.0881043790025977,0.00197105958194883,0.0899891806053983,1.02139282546609,0.0228504659854575,0.140498819976905,0.903,0.00935900635751467,0.35270749897906,"09b_or_to_cor_CAT",1000
0.5,300,0.5,0.5,"CAT","digby (z)","sample",1000,1000,1000,1000,0,0.328895413481416,0.00322474692802871,0.101975451702018,0.00228138139643316,0.100832579654349,0.988792674819337,0.0221211397018757,0.332919182982478,0.002,0.00141279864099595,0.395009921409476,"09b_or_to_cor_CAT",1000
0.75,300,0.5,0.5,"CAT","digby (z)","sample",1000,1000,1000,1000,0,0.724584086587381,0.00429650567988076,0.135867439282735,0.00303960848603438,0.133880469394924,0.985375672800634,0.0220446949820246,0.731124277692561,0,0,0.523411237759138,"09b_or_to_cor_CAT",1000
0,25,0.3,0.1,"CAT","lipsey_cooper (r)","sample",1000,935,935,935,0.0649999999999999,0.0325355037729707,0.00865211458277277,0.264562367154621,0.00612124316085315,0.329142526621212,1.2441018356509,0.0287850835883705,0.0822889470839067,1,0,1.34000341060526,"09b_or_to_cor_CAT",1000
0.1,25,0.3,0.1,"CAT","lipsey_cooper (r)","sample",1000,940,940,940,0.0600000000000001,0.0584783061665996,0.00888443081374223,0.272391490746539,0.00628558556162969,0.31144858843974,1.1433858950078,0.0263842671932782,0.091884013734134,1,0,1.2628557167817,"09b_or_to_cor_CAT",1000
0.25,25,0.3,0.1,"CAT","lipsey_cooper (r)","sample",1000,925,925,925,0.075,0.0781852700537526,0.0078900073789207,0.239965206241377,0.00558209588631534,0.280971372574314,1.17088380009429,0.0272372222049775,0.0976452985995766,1,0,1.12762516646493,"09b_or_to_cor_CAT",1000
0.5,25,0.3,0.1,"CAT","lipsey_cooper (r)","sample",1000,930,930,930,0.07,0.0673597851706539,0.00298436994787028,0.0910110515637999,0.00211140369630159,0.219616480498747,2.41307485986791,0.0559819394571646,0.104134321296028,0.997849462365591,0.00151902374644015,0.880686807553962,"09b_or_to_cor_CAT",1000
0,50,0.3,0.1,"CAT","lipsey_cooper (r)","sample",1000,997,997,997,0.003,-0.00848410414962264,0.00775881271226229,0.244986891853117,0.00548906256306214,0.271114737574616,1.10664997430623,0.0247950855591898,0.104466560458968,1,0,1.06905060849403,"09b_or_to_cor_CAT",1000
0.1,50,0.3,0.1,"CAT","lipsey_cooper (r)","sample",1000,992,992,992,0.00800000000000001,0.0519535121860002,0.00750246060864054,0.236297735627596,0.00530771670694046,0.253244215478021,1.0717166408955,0.0240728854420848,0.106760373101278,1,0,0.991903752348944,"09b_or_to_cor_CAT",1000
0.25,50,0.3,0.1,"CAT","lipsey_cooper (r)","sample",1000,991,991,991,0.00900000000000001,0.117403360964149,0.00656245709114316,0.206587149855545,0.00464270093397605,0.219613623949978,1.06305558745324,0.0238903976950586,0.137928788527011,1,0,0.853888956606187,"09b_or_to_cor_CAT",1000
0.5,50,0.3,0.1,"CAT","lipsey_cooper (r)","sample",1000,996,996,996,0.004,0.157538954293198,0.00214502342414059,0.0676957974186829,0.00151752260886544,0.167484335965302,2.47407287234464,0.0554607769304078,0.168573601028185,1,0,0.657321752344846,"09b_or_to_cor_CAT",1000
0,100,0.3,0.1,"CAT","lipsey_cooper (r)","sample",1000,1000,1000,1000,0,-0.0208034511728546,0.00626052524899093,0.197975191358041,0.00442907494873681,0.197544791236455,0.997825989617016,0.0223232318327129,0.102342340835073,1,0,0.768798917307893,"09b_or_to_cor_CAT",1000
0.1,100,0.3,0.1,"CAT","lipsey_cooper (r)","sample",1000,1000,1000,1000,0,0.0543654607446158,0.00552080834551936,0.17458328897107,0.00390575438440379,0.175952906143133,1.0078450645542,0.0225473772597707,0.0928733244869801,0.999,0.000999499874937461,0.683833220814373,"09b_or_to_cor_CAT",1000
0.25,100,0.3,0.1,"CAT","lipsey_cooper (r)","sample",1000,1000,1000,1000,0,0.131698634055023,0.00493982579963902,0.156211007713219,0.00349473212392705,0.151109121989029,0.967339780986776,0.0216411983819561,0.146483222145947,0.986,0.00371537346709587,0.586828820802864,"09b_or_to_cor_CAT",1000
0.5,100,0.3,0.1,"CAT","lipsey_cooper (r)","sample",1000,1000,1000,1000,0,0.221210560543443,0.00140253142151559,0.0443519378194296,0.000992235720932869,0.121738360825888,2.7448261972571,0.0614068907599728,0.226614420401004,0.684,0.0147018366199601,0.476946595183863,"09b_or_to_cor_CAT",1000
0,300,0.3,0.1,"CAT","lipsey_cooper (r)","sample",1000,1000,1000,1000,0,-0.00679067023539672,0.00352916537670568,0.111602008297961,0.00249674545477408,0.108439059356534,0.971658673623665,0.021737820080125,0.0552446930905642,0.997,0.00172945077987204,0.424100873237043,"09b_or_to_cor_CAT",1000
0.1,300,0.3,0.1,"CAT","lipsey_cooper (r)","sample",1000,1000,1000,1000,0,0.0628348262812554,0.003038553615846,0.0960875021861365,0.00214965696408721,0.0965680697986528,1.00500135399071,0.022483758140972,0.0727908624862999,0.998,0.00141279864099595,0.378123791537337,"09b_or_to_cor_CAT",1000
0.25,300,0.3,0.1,"CAT","lipsey_cooper (r)","sample",1000,1000,1000,1000,0,0.130004079555123,0.00259815057105545,0.0821607350860237,0.001838089161794,0.0826317457900505,1.00573279564178,0.0225001218574104,0.133677969017767,0.835,0.0117377595817941,0.323532780357181,"09b_or_to_cor_CAT",1000
0.5,300,0.3,0.1,"CAT","lipsey_cooper (r)","sample",1000,1000,1000,1000,0,0.285799811331721,0.0010503430540938,0.0332147637547384,0.000743076327216532,0.0755613424076386,2.27493240552882,0.0508944886391092,0.288120704673103,0,0,0.296124128025595,"09b_or_to_cor_CAT",1000
0,25,0.5,0.1,"CAT","lipsey_cooper (r)","sample",1000,919,919,919,0.081,0.00211870962381351,0.00974180394647474,0.295322911161486,0.00689224651427671,0.336642738896011,1.13991406075477,0.0266033159463067,0.0915510351155513,1,0,1.3715197397081,"09b_or_to_cor_CAT",1000
0.1,25,0.5,0.1,"CAT","lipsey_cooper (r)","sample",1000,932,932,932,0.0679999999999999,0.0397950154757939,0.00926796692489617,0.282938750577477,0.00655696088737723,0.33979043951739,1.20093284791807,0.0278310047531262,0.0966672427559214,1,0,1.38599456282725,"09b_or_to_cor_CAT",1000
0.25,25,0.5,0.1,"CAT","lipsey_cooper (r)","sample",1000,935,935,935,0.0649999999999999,0.0977605932532347,0.00705113566743869,0.21560800258243,0.00498857424594169,0.323823577624816,1.5019088983073,0.034750027643255,0.115670284938005,1,0,1.31479876045596,"09b_or_to_cor_CAT",1000
0,50,0.5,0.1,"CAT","lipsey_cooper (r)","sample",1000,991,991,991,0.00900000000000001,-0.00149632097085852,0.00828844772846648,0.260921598293038,0.00586377685609518,0.273075175111311,1.04657942039978,0.0235201233763463,0.121686644867939,1,0,1.07662368675822,"09b_or_to_cor_CAT",1000
0.1,50,0.5,0.1,"CAT","lipsey_cooper (r)","sample",1000,994,994,994,0.00600000000000001,0.079066343233629,0.00798696266720263,0.251811086355237,0.00565047847127861,0.272205979336158,1.08099283187298,0.0242567823860139,0.141526580229894,1,0,1.07304701558376,"09b_or_to_cor_CAT",1000
0.25,50,0.5,0.1,"CAT","lipsey_cooper (r)","sample",1000,997,997,997,0.003,0.18497491009088,0.00572792925128018,0.180861123481936,0.00405229036749144,0.251300739559543,1.38946797809006,0.0311317744529798,0.199515484927802,1,0,0.987326992490043,"09b_or_to_cor_CAT",1000
0,100,0.5,0.1,"CAT","lipsey_cooper (r)","sample",1000,1000,1000,1000,0,0.00570344078329441,0.00635606359020061,0.20099637897901,0.00449666456092851,0.191761288505572,0.954053448523055,0.0213439582991357,0.10276408338035,0.999,0.000999499874937461,0.750772625548646,"09b_or_to_cor_CAT",1000
0.1,100,0.5,0.1,"CAT","lipsey_cooper (r)","sample",1000,1000,1000,1000,0,0.0911803822961748,0.00604321129418698,0.191103120712847,0.0042753338878908,0.191315186227472,1.00110969153112,0.0223966943801518,0.13571986834877,0.999,0.000999499874937461,0.749693682139364,"09b_or_to_cor_CAT",1000
0.25,100,0.5,0.1,"CAT","lipsey_cooper (r)","sample",1000,1000,1000,1000,0,0.24753442386038,0.00461621734627634,0.145977609886114,0.00326579189335787,0.181533715069922,1.24357232051921,0.0278210364337673,0.2603517162166,0.904,0.00931579304192617,0.710425770442276,"09b_or_to_cor_CAT",1000
0,300,0.5,0.1,"CAT","lipsey_cooper (r)","sample",1000,1000,1000,1000,0,-0.000709294011595466,0.00349546227531896,0.110536222652025,0.0024729018384464,0.107439632971263,0.971985747237716,0.0217451373280107,0.0532770463343415,1,0,0.421517026936086,"09b_or_to_cor_CAT",1000
0.1,300,0.5,0.1,"CAT","lipsey_cooper (r)","sample",1000,1000,1000,1000,0,0.0886136988139331,0.00335106185302837,0.105969880356741,0.00237074422905774,0.106199447526179,1.00216634357485,0.0224203336607319,0.103120583770613,0.982,0.00420428352992517,0.416513798960823,"09b_or_to_cor_CAT",1000
0.25,300,0.5,0.1,"CAT","lipsey_cooper (r)","sample",1000,1000,1000,1000,0,0.263801488280967,0.00326343490009747,0.103198872799921,0.00230875161236429,0.102689857104197,0.995067623493229,0.022261522028497,0.272830746973395,0.166,0.0117662228433767,0.402308949910612,"09b_or_to_cor_CAT",1000
0,25,0.3,0.3,"CAT","lipsey_cooper (r)","sample",1000,1000,1000,1000,0,-0.00688029541848371,0.00801444749194203,0.253439082623608,0.00566990583102406,0.242217532544978,0.955722890240667,0.0213813068297224,0.0456836653860487,1,0,0.99181296437027,"09b_or_to_cor_CAT",1000
0.1,25,0.3,0.3,"CAT","lipsey_cooper (r)","sample",1000,1000,1000,1000,0,0.00384536922221898,0.00787352121889819,0.248982602573835,0.00557020604534587,0.234270965604116,0.940912992242676,0.0210499817391073,0.0412224895329249,1,0,0.956760181345988,"09b_or_to_cor_CAT",1000
0.25,25,0.3,0.3,"CAT","lipsey_cooper (r)","sample",1000,1000,1000,1000,0,0.0205138637497286,0.00697474322252628,0.220560746780057,0.00493435602479874,0.214370600505221,0.971934506183874,0.021743990969892,0.0383895708802512,1,0,0.873615388196457,"09b_or_to_cor_CAT",1000
0.5,25,0.3,0.3,"CAT","lipsey_cooper (r)","sample",1000,1000,1000,1000,0,0.00988943485374239,0.00543185005324264,0.171770180767536,0.00384281989757798,0.174273485541209,1.01457357011844,0.0226979065015035,0.043108871567825,0.999,0.000999499874937461,0.703955274063013,"09b_or_to_cor_CAT",1000
0.75,25,0.3,0.3,"CAT","lipsey_cooper (r)","sample",1000,999,999,999,0.001,-0.050659779530688,0.00346770171443808,0.10960351374448,0.00245326356447934,0.12924102218155,1.17916860295967,0.0263934181595948,0.0809516676736593,0.990990990990991,0.00298944535812814,0.519847496648283,"09b_or_to_cor_CAT",1000
0,50,0.3,0.3,"CAT","lipsey_cooper (r)","sample",1000,1000,1000,1000,0,-0.0102319363163831,0.00547397772289968,0.17310237465385,0.00387262356402861,0.173156640236698,1.0003134883791,0.0223788818279298,0.0404091852148335,1,0,0.692404050854636,"09b_or_to_cor_CAT",1000
0.1,50,0.3,0.3,"CAT","lipsey_cooper (r)","sample",1000,1000,1000,1000,0,0.00825827628839185,0.00539728888439409,0.170677260645945,0.00381836923232895,0.16525398024331,0.968224938799048,0.0216610010161403,0.0318079428375841,1,0,0.65986315541658,"09b_or_to_cor_CAT",1000
0.25,50,0.3,0.3,"CAT","lipsey_cooper (r)","sample",1000,1000,1000,1000,0,0.0229905685002528,0.0046708920600574,0.147706576145774,0.00330447209917225,0.149455891037239,1.0118431754165,0.022636822470259,0.0295956344301095,1,0,0.596721549237081,"09b_or_to_cor_CAT",1000
0.5,50,0.3,0.3,"CAT","lipsey_cooper (r)","sample",1000,1000,1000,1000,0,0.0132230398849195,0.00399962830693466,0.126479352439966,0.00282957944165439,0.11838986575552,0.93604104916425,0.0209409872691825,0.0265347035089837,1,0,0.469912854947273,"09b_or_to_cor_CAT",1000
0.75,50,0.3,0.3,"CAT","lipsey_cooper (r)","sample",1000,1000,1000,1000,0,-0.0279031602293536,0.00263696046688822,0.083388011751878,0.00186554563398437,0.0854083344972022,1.02422797597496,0.0229138935998399,0.0410978062767347,0.995,0.00223047080231955,0.337717643133537,"09b_or_to_cor_CAT",1000
0,100,0.3,0.3,"CAT","lipsey_cooper (r)","sample",1000,1000,1000,1000,0,-0.00584597498097914,0.00398657837745275,0.126066677435291,0.00282034713071363,0.120952277936866,0.959430996338817,0.0214642640917607,0.0276387347092079,1,0,0.478922338008798,"09b_or_to_cor_CAT",1000
0.1,100,0.3,0.3,"CAT","lipsey_cooper (r)","sample",1000,1000,1000,1000,0,0.0129921572919576,0.00370536048047616,0.117173786702805,0.00262139654859815,0.11548163520237,0.985558617263714,0.0220487877914968,0.0211441983280947,1,0,0.457124310110165,"09b_or_to_cor_CAT",1000
0.25,100,0.3,0.3,"CAT","lipsey_cooper (r)","sample",1000,1000,1000,1000,0,0.0248961464316074,0.00325320261517888,0.102875299539815,0.00230151267393678,0.105165192624265,1.02225892021402,0.022869842143273,0.0266467144060191,1,0,0.415925205648874,"09b_or_to_cor_CAT",1000
0.5,100,0.3,0.3,"CAT","lipsey_cooper (r)","sample",1000,1000,1000,1000,0,0.0118029946289052,0.00278134246061081,0.0879537712846732,0.00196769020588726,0.0821289923483301,0.933774540292418,0.0208902812307316,0.020064247727597,1,0,0.323791282397601,"09b_or_to_cor_CAT",1000
0.75,100,0.3,0.3,"CAT","lipsey_cooper (r)","sample",1000,1000,1000,1000,0,-0.0278558266839678,0.00192776774901799,0.0609613688671267,0.00136381972831026,0.0584660676132429,0.959067499627139,0.0214561319911243,0.0334126783935145,1,0,0.230104840690261,"09b_or_to_cor_CAT",1000
0,300,0.3,0.3,"CAT","lipsey_cooper (r)","sample",1000,1000,1000,1000,0,-0.000460208596295701,0.0021193419072077,0.0670194756742156,0.00149935089720063,0.0693086586497335,1.03415698127281,0.0231360240007702,0.0115166408164959,1,0,0.272645341892094,"09b_or_to_cor_CAT",1000
0.1,300,0.3,0.3,"CAT","lipsey_cooper (r)","sample",1000,1000,1000,1000,0,0.0150829243460568,0.00209694867819355,0.0663113395957108,0.00148350856996716,0.0663819818828503,1.0010653123217,0.0223957015343142,0.0170153638525567,1,0,0.26107727098257,"09b_or_to_cor_CAT",1000
0.25,300,0.3,0.3,"CAT","lipsey_cooper (r)","sample",1000,1000,1000,1000,0,0.0254939588034231,0.00193741204098864,0.0612663481575959,0.00137064268489404,0.0603329511906474,0.984764932217805,0.0220310315740136,0.0259109774784879,1,0,0.23717463618391,"09b_or_to_cor_CAT",1000
0.5,300,0.3,0.3,"CAT","lipsey_cooper (r)","sample",1000,1000,1000,1000,0,0.0115719221488699,0.00154937779895821,0.0489956280080642,0.00109612374722087,0.047319399341718,0.965788199182378,0.02160648659785,0.0143758493239704,1,0,0.185837206591672,"09b_or_to_cor_CAT",1000
0.75,300,0.3,0.3,"CAT","lipsey_cooper (r)","sample",1000,1000,1000,1000,0,-0.0327035293416195,0.00107582061620118,0.0340204350096159,0.000761100698590629,0.0329520880328678,0.96859690428867,0.0216693225791633,0.0341440325387601,0.994,0.00244213021765835,0.129303225357611,"09b_or_to_cor_CAT",1000
0,25,0.5,0.3,"CAT","lipsey_cooper (r)","sample",1000,1000,1000,1000,0,-0.000386087904986575,0.00792911791392099,0.250740724440333,0.00560953851656268,0.239908799815248,0.956800297800597,0.0214054104499817,0.0508675458449545,1,0,0.983481143349193,"09b_or_to_cor_CAT",1000
0.1,25,0.5,0.3,"CAT","lipsey_cooper (r)","sample",1000,1000,1000,1000,0,0.0208903415366916,0.00792694551799213,0.250672027249184,0.00560800163203548,0.236949872403588,0.94525853165118,0.0211471995753469,0.0537418182793397,1,0,0.970505694215483,"09b_or_to_cor_CAT",1000
0.25,25,0.5,0.3,"CAT","lipsey_cooper (r)","sample",1000,1000,1000,1000,0,0.0484094509067603,0.0069690943144695,0.220382112622534,0.00493035964491575,0.227413634893399,1.03190604803262,0.0230856664183023,0.0661195282528398,1,0,0.928129047331994,"09b_or_to_cor_CAT",1000
0.5,25,0.5,0.3,"CAT","lipsey_cooper (r)","sample",1000,1000,1000,1000,0,0.0664281603812094,0.00455174210547087,0.143938723749783,0.00322017820081486,0.189385095393387,1.31573415728352,0.0294354315570919,0.0795940501515605,1,0,0.765125049065837,"09b_or_to_cor_CAT",1000
0,50,0.5,0.3,"CAT","lipsey_cooper (r)","sample",1000,1000,1000,1000,0,0.00063435624725191,0.00577964400004655,0.182768391050734,0.0040888704118475,0.169756270683574,0.928805411634071,0.020779112537792,0.0367478947724114,1,0,0.68005512708502,"09b_or_to_cor_CAT",1000
0.1,50,0.5,0.3,"CAT","lipsey_cooper (r)","sample",1000,1000,1000,1000,0,0.0198468292575849,0.00535780215524486,0.169428580631328,0.00379043392723445,0.168167399626821,0.992556267662707,0.0222053383060819,0.0390470694641877,1,0,0.673258353246313,"09b_or_to_cor_CAT",1000
0.25,50,0.5,0.3,"CAT","lipsey_cooper (r)","sample",1000,1000,1000,1000,0,0.0541792079681559,0.00524959098023805,0.166006642818282,0.00371387878444139,0.158040740845298,0.95201455894928,0.0212983445296906,0.0672786863833406,1,0,0.631061850671008,"09b_or_to_cor_CAT",1000
0.5,50,0.5,0.3,"CAT","lipsey_cooper (r)","sample",1000,1000,1000,1000,0,0.0981987685199769,0.00364116264976486,0.115143673043909,0.00257597911276678,0.130183970546895,1.13062200558124,0.0252941268401357,0.109619869706466,1,0,0.51617975584923,"09b_or_to_cor_CAT",1000
0,100,0.5,0.3,"CAT","lipsey_cooper (r)","sample",1000,1000,1000,1000,0,-0.000238067668414547,0.00400647391161794,0.126695829467568,0.00283442243725073,0.119722292549568,0.944958433538764,0.0211404858198367,0.0231944475395206,1,0,0.47460541294274,"09b_or_to_cor_CAT",1000
0.1,100,0.5,0.3,"CAT","lipsey_cooper (r)","sample",1000,1000,1000,1000,0,0.0200808176535494,0.00380612093588349,0.120360112074435,0.00269268060083319,0.11854155777663,0.9848907227946,0.0220338457442571,0.03005402694578,1,0,0.46973368360731,"09b_or_to_cor_CAT",1000
0.25,100,0.5,0.3,"CAT","lipsey_cooper (r)","sample",1000,1000,1000,1000,0,0.050683439358146,0.0034431454007443,0.108881817814852,0.0024358897109716,0.110918016146296,1.01870099500825,0.0227902447084113,0.0560445434044852,1,0,0.438792226979992,"09b_or_to_cor_CAT",1000
0.5,100,0.5,0.3,"CAT","lipsey_cooper (r)","sample",1000,1000,1000,1000,0,0.104457714198125,0.00294442114231909,0.0931107720048313,0.00208306194788983,0.0907506642078721,0.974652687909872,0.0218048017740445,0.112872894931036,0.938,0.00762600813007697,0.357766494566364,"09b_or_to_cor_CAT",1000
0,300,0.5,0.3,"CAT","lipsey_cooper (r)","sample",1000,1000,1000,1000,0,0.00061647371701868,0.00223565221421929,0.0706975305293164,0.00158163585678097,0.0693662325577697,0.981169102207967,0.0219505861378595,0.012174817026542,1,0,0.272923115816954,"09b_or_to_cor_CAT",1000
0.1,300,0.5,0.3,"CAT","lipsey_cooper (r)","sample",1000,1000,1000,1000,0,0.0203881493313727,0.00214112054701548,0.0677081767355456,0.00151475842678542,0.0684807468986296,1.01141029341407,0.0226271380910214,0.0236186038869101,1,0,0.26941918596965,"09b_or_to_cor_CAT",1000
0.25,300,0.5,0.3,"CAT","lipsey_cooper (r)","sample",1000,1000,1000,1000,0,0.0487447723106068,0.00201934614040717,0.0638573318795685,0.00142860783202613,0.0643251590798846,1.00732613133913,0.0225357677541191,0.0503593295287733,1,0,0.252913165501573,"09b_or_to_cor_CAT",1000
0.5,300,0.5,0.3,"CAT","lipsey_cooper (r)","sample",1000,1000,1000,1000,0,0.0973283483372354,0.00161376365543034,0.0510316875635902,0.00114167420386979,0.0513267952667555,1.00578283253513,0.0225012412762088,0.100216499110987,0.626,0.0153011110707687,0.201581352324561,"09b_or_to_cor_CAT",1000
0,25,0.3,0.5,"CAT","lipsey_cooper (r)","sample",1000,999,999,999,0.001,0.000222574709561901,0.00696542938078534,0.220156056587705,0.00492776931755318,0.219753943669358,0.998173509625038,0.0223421915824746,0.0274450607795916,1,0,0.906923852671987,"09b_or_to_cor_CAT",1000
0.1,25,0.3,0.5,"CAT","lipsey_cooper (r)","sample",1000,1000,1000,1000,0,0.0100169782454513,0.00726966620388473,0.229887030334257,0.00514300241413356,0.219292092323755,0.95391241517585,0.0213408031196369,0.0311913739744958,1,0,0.904033341106632,"09b_or_to_cor_CAT",1000
0.25,25,0.3,0.5,"CAT","lipsey_cooper (r)","sample",1000,1000,1000,1000,0,0.0256802830047355,0.00665014011550171,0.210295895242406,0.00470471211595317,0.210116203836007,0.999145530604903,0.0223527524301837,0.0377821194517168,1,0,0.863545893484227,"09b_or_to_cor_CAT",1000
0.5,25,0.3,0.5,"CAT","lipsey_cooper (r)","sample",1000,1000,1000,1000,0,0.0314256203721166,0.00446576783500783,0.141219978601438,0.00315935479185166,0.183129045244473,1.29676443133669,0.0290110433425931,0.0486897736216903,1,0,0.746055333349323,"09b_or_to_cor_CAT",1000
0,50,0.3,0.5,"CAT","lipsey_cooper (r)","sample",1000,1000,1000,1000,0,0.000493889960531918,0.00512219093963009,0.161977899795091,0.00362374827527753,0.155372848220721,0.959222513795241,0.0214595999477098,0.0190948277589878,1,0,0.624349753467432,"09b_or_to_cor_CAT",1000
0.1,50,0.3,0.5,"CAT","lipsey_cooper (r)","sample",1000,1000,1000,1000,0,0.0124664530436648,0.00512744668122802,0.162144100937519,0.00362746650538166,0.154517370975813,0.952963259732495,0.0213195687388653,0.0251633556676003,1,0,0.620686200767098,"09b_or_to_cor_CAT",1000
0.25,50,0.3,0.5,"CAT","lipsey_cooper (r)","sample",1000,1000,1000,1000,0,0.0300834546495227,0.00461534300257179,0.145949960710472,0.00326517332963608,0.147569736536149,1.01109815869625,0.022620155054158,0.0385224746079874,1,0,0.591532046607967,"09b_or_to_cor_CAT",1000
0.5,50,0.3,0.5,"CAT","lipsey_cooper (r)","sample",1000,1000,1000,1000,0,0.0629471501545171,0.00376494121667047,0.119057895013242,0.00266354757197243,0.129745521057893,1.08976831014409,0.0243801533377853,0.073331221737005,1,0,0.516445006753628,"09b_or_to_cor_CAT",1000
0,100,0.3,0.5,"CAT","lipsey_cooper (r)","sample",1000,1000,1000,1000,0,0.000712763575028682,0.00360648663491795,0.114047121172969,0.00255144719849885,0.109867893220281,0.96335525255084,0.0215520570357244,0.0116202345513559,1,0,0.435990453218961,"09b_or_to_cor_CAT",1000
0.1,100,0.3,0.5,"CAT","lipsey_cooper (r)","sample",1000,1000,1000,1000,0,0.0100579909799523,0.00356453622553166,0.112720532748597,0.00252176893670572,0.108996322946212,0.966960679553468,0.0216327171745393,0.0152619646852819,1,0,0.432433934288455,"09b_or_to_cor_CAT",1000
0.25,100,0.3,0.5,"CAT","lipsey_cooper (r)","sample",1000,1000,1000,1000,0,0.0270420679084967,0.00334102758687694,0.105652568999872,0.00236364538110606,0.10422510786252,0.986489101487408,0.0220696044621972,0.0305141479891872,1,0,0.413087423388744,"09b_or_to_cor_CAT",1000
0.5,100,0.3,0.5,"CAT","lipsey_cooper (r)","sample",1000,1000,1000,1000,0,0.0696482900535909,0.00307124707338603,0.0971213600902617,0.00217278629717336,0.0908365824851928,0.935289439941656,0.0209241723664859,0.0789909927189403,1,0,0.358482345383278,"09b_or_to_cor_CAT",1000
0,300,0.3,0.5,"CAT","lipsey_cooper (r)","sample",1000,1000,1000,1000,0,-1.65363684277902e-05,0.00195769620650579,0.0619077897922963,0.00138499293280055,0.0635752032463373,1.02693382302349,0.02297442845421,0.00585818163848332,1,0,0.250222561942361,"09b_or_to_cor_CAT",1000
0.1,300,0.3,0.5,"CAT","lipsey_cooper (r)","sample",1000,1000,1000,1000,0,0.0103173852644234,0.00210592572043712,0.066595218597123,0.00148985947365869,0.0629913963546432,0.945884669824697,0.0211612074562321,0.0121232354881603,1,0,0.247905343818683,"09b_or_to_cor_CAT",1000
0.25,300,0.3,0.5,"CAT","lipsey_cooper (r)","sample",1000,1000,1000,1000,0,0.0261812541648816,0.00193661450727975,0.0612411279272873,0.00137007846121785,0.060046066378515,0.980485964429145,0.0219353030692994,0.0271177171688255,1,0,0.236228611885114,"09b_or_to_cor_CAT",1000
0.5,300,0.3,0.5,"CAT","lipsey_cooper (r)","sample",1000,1000,1000,1000,0,0.0645469407220139,0.00169782203716716,0.0536898469907529,0.00120114219704528,0.0515411204159193,0.959978902990659,0.0214765217873299,0.0676996620890627,0.954,0.00662449998113065,0.202489528811481,"09b_or_to_cor_CAT",1000
0,25,0.5,0.5,"CAT","lipsey_cooper (r)","sample",1000,1000,1000,1000,0,0.000467652616848608,0.00767587874607166,0.242732598808637,0.00543038178294177,0.21372152037264,0.880481325629987,0.0196980124399812,0.0264205061404064,1,0,0.881755268798601,"09b_or_to_cor_CAT",1000
0.1,25,0.5,0.5,"CAT","lipsey_cooper (r)","sample",1000,1000,1000,1000,0,0.0100286593765017,0.00703946268168345,0.222607355778766,0.00498014249220337,0.213229079552994,0.95787077119279,0.0214293589399523,0.0247606687409184,1,0,0.878492701412491,"09b_or_to_cor_CAT",1000
0.25,25,0.5,0.5,"CAT","lipsey_cooper (r)","sample",1000,1000,1000,1000,0,0.0204038968188808,0.00667040384833695,0.210936690738971,0.00471904790854228,0.201255608052697,0.954104320816079,0.0213450964073859,0.0287881783739221,1,0,0.825785370057227,"09b_or_to_cor_CAT",1000
0.5,25,0.5,0.5,"CAT","lipsey_cooper (r)","sample",1000,1000,1000,1000,0,0.0204981767511686,0.00518311336099328,0.163904435915893,0.00366684848804635,0.164835244766092,1.0056789729027,0.0224989177421689,0.0329477701186492,1,0,0.668576605338444,"09b_or_to_cor_CAT",1000
0.75,25,0.5,0.5,"CAT","lipsey_cooper (r)","sample",1000,1000,1000,1000,0,-0.0284318654949467,0.00297306578843401,0.0940165952497577,0.00210332690641603,0.116095193390082,1.23483724422983,0.0276256164556217,0.053334970363021,1,0,0.468638377247439,"09b_or_to_cor_CAT",1000
0,50,0.5,0.5,"CAT","lipsey_cooper (r)","sample",1000,1000,1000,1000,0,0.000592041469186587,0.00499614016504861,0.157991824310032,0.00353457231866627,0.153834818770035,0.973688476868021,0.0217832305714031,0.0151516737025662,1,0,0.61817278997469,"09b_or_to_cor_CAT",1000
0.1,50,0.5,0.5,"CAT","lipsey_cooper (r)","sample",1000,1000,1000,1000,0,0.00997562288446736,0.00489838104159283,0.154900409388213,0.00346541159053436,0.151883898269329,0.980526125587414,0.0219362015494513,0.0172223289893848,1,0,0.609979747554059,"09b_or_to_cor_CAT",1000
0.25,50,0.5,0.5,"CAT","lipsey_cooper (r)","sample",1000,1000,1000,1000,0,0.0204510198286949,0.00459607783310147,0.145340742560119,0.00325154398128421,0.143158530780483,0.984985546783392,0.0220359671340657,0.0234490048361281,1,0,0.573580327896749,"09b_or_to_cor_CAT",1000
0.5,50,0.5,0.5,"CAT","lipsey_cooper (r)","sample",1000,1000,1000,1000,0,0.0204673041491494,0.00372194015177597,0.117698081944449,0.00263312601280311,0.115726282262972,0.983246968439068,0.0219970718879571,0.0246889214748004,1,0,0.460345828267207,"09b_or_to_cor_CAT",1000
0.75,50,0.5,0.5,"CAT","lipsey_cooper (r)","sample",1000,1000,1000,1000,0,-0.0127552715322041,0.00255649833841874,0.0808435758383915,0.00180862184830302,0.0779975232306515,0.964795562563569,0.0215842794619387,0.0268571828010508,0.997,0.00172945077987204,0.308090934572961,"09b_or_to_cor_CAT",1000
0,100,0.5,0.5,"CAT","lipsey_cooper (r)","sample",1000,1000,1000,1000,0,-0.000230110360093192,0.00354486090917903,0.11209834461501,0.00250784942559442,0.109373537122538,0.975692705348769,0.0218280689074326,0.0101551260954202,1,0,0.434005860285318,"09b_or_to_cor_CAT",1000
0.1,100,0.5,0.5,"CAT","lipsey_cooper (r)","sample",1000,1000,1000,1000,0,0.00916827293002787,0.00350225565570398,0.11075104820231,0.00247770788740937,0.108241237894052,0.977338270391142,0.0218648832721805,0.0133294611902281,1,0,0.429387601790609,"09b_or_to_cor_CAT",1000
0.25,100,0.5,0.5,"CAT","lipsey_cooper (r)","sample",1000,1000,1000,1000,0,0.0206614462654484,0.00319787139483858,0.101125572719895,0.00226236801559813,0.101293134282812,1.00165696528,0.0224089379164992,0.0214960547190358,1,0,0.401232388376571,"09b_or_to_cor_CAT",1000
0.5,100,0.5,0.5,"CAT","lipsey_cooper (r)","sample",1000,1000,1000,1000,0,0.0189934106032982,0.00256490048956161,0.0811092751869561,0.00181456603919154,0.0803857387545558,0.991079485906729,0.0221722999388234,0.0207167944805422,1,0,0.317156145438083,"09b_or_to_cor_CAT",1000
0.75,100,0.5,0.5,"CAT","lipsey_cooper (r)","sample",1000,1000,1000,1000,0,-0.0140283691676871,0.00175788223300691,0.0555891171464465,0.00124363241922798,0.0539846617091969,0.971137238373066,0.0217261545992636,0.0204145170154331,1,0,0.212404638551337,"09b_or_to_cor_CAT",1000
0,300,0.5,0.5,"CAT","lipsey_cooper (r)","sample",1000,1000,1000,1000,0,-0.000151183981631496,0.00199822813417295,0.0631895218861506,0.00141366767466564,0.063499713412536,1.00490890763415,0.0224816899432391,0.00582585753009731,1,0,0.24992372205294,"09b_or_to_cor_CAT",1000
0.1,300,0.5,0.5,"CAT","lipsey_cooper (r)","sample",1000,1000,1000,1000,0,0.0101068752351361,0.00195935316188044,0.0619601873219478,0.00138616516344402,0.062651711591807,1.01116078404131,0.0226215561001428,0.0114124073751222,1,0,0.246558701999198,"09b_or_to_cor_CAT",1000
0.25,300,0.5,0.5,"CAT","lipsey_cooper (r)","sample",1000,1000,1000,1000,0,0.020993574171232,0.00181564888335289,0.057415859025365,0.00128450004833962,0.0585374936577184,1.01953527564323,0.0228089091250751,0.0212019390359672,1,0,0.230253524362667,"09b_or_to_cor_CAT",1000
0.5,300,0.5,0.5,"CAT","lipsey_cooper (r)","sample",1000,1000,1000,1000,0,0.0183087588182177,0.00147852249278023,0.0467549864897538,0.00104599640980161,0.0462242909027591,0.98864943342223,0.0221179351241748,0.0188085380486535,1,0,0.181559520807891,"09b_or_to_cor_CAT",1000
0.75,300,0.5,0.5,"CAT","lipsey_cooper (r)","sample",1000,1000,1000,1000,0,-0.0168933533708379,0.000993281141541458,0.031410307641631,0.000702707272327199,0.0307998648173356,0.980565525455524,0.0219370829981199,0.0186655383804177,1,0,0.120852017129356,"09b_or_to_cor_CAT",1000
0,25,0.3,0.1,"CAT","lipsey_cooper (z)","sample",1000,935,935,935,0.0649999999999999,0.0374132399297928,0.00923712783226988,0.282450767570854,0.00653513138646944,0.352037190224257,1.24636655531816,0.02883748295236,0.096414107834127,1,0,1.36488468221078,"09b_or_to_cor_CAT",1000
0.1,25,0.3,0.1,"CAT","lipsey_cooper (z)","sample",1000,940,940,940,0.0600000000000001,0.0731646271870426,0.00960345753112654,0.294436432458726,0.00679428488609583,0.342792914446098,1.16423403035951,0.0268653495435178,0.113016049892544,1,0,1.32823189963005,"09b_or_to_cor_CAT",1000
0.25,25,0.3,0.1,"CAT","lipsey_cooper (z)","sample",1000,925,925,925,0.075,0.113311285007408,0.00898998274675425,0.273419650999921,0.00636031670170218,0.330102685299558,1.20731148654583,0.0280846068815901,0.133571636903362,1,0,1.27800432982401,"09b_or_to_cor_CAT",1000
0.5,25,0.3,0.1,"CAT","lipsey_cooper (z)","sample",1000,930,930,930,0.07,0.162110604839783,0.00442759056081333,0.135023365022536,0.00313246388320006,0.325039020889674,2.4072798129081,0.0558474977233209,0.17420366603314,0.997849462365591,0.00151902374644015,1.26541702456236,"09b_or_to_cor_CAT",1000
0,50,0.3,0.1,"CAT","lipsey_cooper (z)","sample",1000,997,997,997,0.003,-0.00796261774138469,0.0081890246668269,0.258570966310833,0.00579342102891998,0.290187851286844,1.12227546436132,0.0251451830351898,0.117874155388682,1,0,1.11390788901776,"09b_or_to_cor_CAT",1000
0.1,50,0.3,0.1,"CAT","lipsey_cooper (z)","sample",1000,992,992,992,0.00800000000000001,0.062010802362872,0.00810224484487679,0.255188558822926,0.00573204213526251,0.273811285215475,1.07297633749118,0.0241011807308602,0.127079529406905,1,0,1.04924320948394,"09b_or_to_cor_CAT",1000
0.25,50,0.3,0.1,"CAT","lipsey_cooper (z)","sample",1000,991,991,991,0.00900000000000001,0.15473409556004,0.00766338336916389,0.241244476954008,0.00542156643941363,0.263698852102222,1.09307726100811,0.0245650846344456,0.184439088166506,1,0,1.01299049078691,"09b_or_to_cor_CAT",1000
0.5,50,0.3,0.1,"CAT","lipsey_cooper (z)","sample",1000,996,996,996,0.004,0.292740799901487,0.00356979563802968,0.112660850048748,0.00252549484018325,0.285843741586414,2.53720561723731,0.0568760105399895,0.296795469010351,1,0,1.11503992167891,"09b_or_to_cor_CAT",1000
0,100,0.3,0.1,"CAT","lipsey_cooper (z)","sample",1000,1000,1000,1000,0,-0.0222725752297275,0.0065331453029547,0.206596194421676,0.00462194289567606,0.208552483320263,1.0094691429533,0.0225837109281607,0.111355573171774,1,0,0.79629841260274,"09b_or_to_cor_CAT",1000
0.1,100,0.3,0.1,"CAT","lipsey_cooper (z)","sample",1000,1000,1000,1000,0,0.0602812502733761,0.00583965983635931,0.184666258435016,0.00413132925141263,0.185685910110172,1.00552159167461,0.0224953968300286,0.104358504840365,1,0,0.713833950553768,"09b_or_to_cor_CAT",1000
0.25,100,0.3,0.1,"CAT","lipsey_cooper (z)","sample",1000,1000,1000,1000,0,0.165138127816616,0.00599372048828916,0.189538084014103,0.00424032109265766,0.183371415044928,0.967464749887855,0.0216439941697785,0.190804218169735,1,0,0.704286907456305,"09b_or_to_cor_CAT",1000
0.5,100,0.3,0.1,"CAT","lipsey_cooper (z)","sample",1000,1000,1000,1000,0,0.409405348469074,0.00272583387400635,0.0861984356510052,0.00192842006790495,0.248538160835113,2.88332565385965,0.0645053823913946,0.412509586335296,0.999,0.000999499874937461,0.969464899219864,"09b_or_to_cor_CAT",1000
0,300,0.3,0.1,"CAT","lipsey_cooper (z)","sample",1000,1000,1000,1000,0,-0.00702820802147866,0.00359373750747492,0.113643958363971,0.00254242769314899,0.110140137951011,0.969168440950128,0.0216821089222005,0.0575329379892759,1,0,0.42829026013718,"09b_or_to_cor_CAT",1000
0.1,300,0.3,0.1,"CAT","lipsey_cooper (z)","sample",1000,1000,1000,1000,0,0.065800064959386,0.00314058510347079,0.0993140211256328,0.0022218402215374,0.0999007781496355,1.00590809854794,0.0225040437109759,0.0768833545802091,0.999,0.000999499874937461,0.390132158619942,"09b_or_to_cor_CAT",1000
0.25,300,0.3,0.1,"CAT","lipsey_cooper (z)","sample",1000,1000,1000,1000,0,0.153237320712157,0.00305793891540674,0.0967005191835026,0.00216337129974492,0.0972055674130969,1.00522280783866,0.0224887124773387,0.159368937403818,0.849,0.0113224997240009,0.379444760751787,"09b_or_to_cor_CAT",1000
0.5,300,0.3,0.1,"CAT","lipsey_cooper (z)","sample",1000,1000,1000,1000,0,0.562195241897547,0.00253624171903616,0.0802030052889508,0.00179429108820139,0.20029529866891,2.49735403239938,0.0558704760286003,0.565962096787175,0,0,0.77775794956272,"09b_or_to_cor_CAT",1000
0,25,0.5,0.1,"CAT","lipsey_cooper (z)","sample",1000,919,919,919,0.081,0.0035076643407793,0.0104008820975558,0.315302873736142,0.0073585389088253,0.367710249716797,1.16621280789376,0.0272170761438668,0.110239966708376,1,0,1.42470052462645,"09b_or_to_cor_CAT",1000
0.1,25,0.5,0.1,"CAT","lipsey_cooper (z)","sample",1000,932,932,932,0.0679999999999999,0.0485033629407653,0.00993287464822386,0.303237502397823,0.00702737408273113,0.374657128970752,1.23552372647903,0.0286326306786005,0.117546613564691,1,0,1.45495466089821,"09b_or_to_cor_CAT",1000
0.25,25,0.5,0.1,"CAT","lipsey_cooper (z)","sample",1000,935,935,935,0.0649999999999999,0.127337083566559,0.007878325564546,0.240901624756695,0.00557379886958187,0.379617573100679,1.57581989529578,0.0364601241686734,0.151860888403051,1,0,1.47855843114674,"09b_or_to_cor_CAT",1000
0,50,0.5,0.1,"CAT","lipsey_cooper (z)","sample",1000,991,991,991,0.00900000000000001,-0.00199206636595608,0.00882867757942963,0.277928116374198,0.00624596992780507,0.295382343765258,1.06280122939257,0.0238846814227411,0.138462719705802,1,0,1.13342377164146,"09b_or_to_cor_CAT",1000
0.1,50,0.5,0.1,"CAT","lipsey_cooper (z)","sample",1000,994,994,994,0.00600000000000001,0.0914645529559839,0.00863751460371059,0.272321535281619,0.00611071972503851,0.302991174335407,1.11262289272155,0.0249665405640869,0.165064423537718,1,0,1.164260463004,"09b_or_to_cor_CAT",1000
0.25,50,0.5,0.1,"CAT","lipsey_cooper (z)","sample",1000,997,997,997,0.003,0.232446260875509,0.00678862895658044,0.214353042107622,0.00480269474750864,0.319162040628601,1.48895503180382,0.0333608351913681,0.254790414587417,1,0,1.23550053419262,"09b_or_to_cor_CAT",1000
0,100,0.5,0.1,"CAT","lipsey_cooper (z)","sample",1000,1000,1000,1000,0,0.00654747859781216,0.00669398817913048,0.211682492762955,0.00473573289335521,0.202223499190398,0.955315182426781,0.0213721856441208,0.113963785901016,1,0,0.777924367526124,"09b_or_to_cor_CAT",1000
0.1,100,0.5,0.1,"CAT","lipsey_cooper (z)","sample",1000,1000,1000,1000,0,0.101372566363336,0.00653619127446161,0.206692516498174,0.00462409780050581,0.209367748678009,1.01294305292305,0.0226614287852096,0.154559410986701,1,0,0.80533867194746,"09b_or_to_cor_CAT",1000
0.25,100,0.5,0.1,"CAT","lipsey_cooper (z)","sample",1000,1000,1000,1000,0,0.312495115037845,0.00599860119923732,0.189692425646074,0.00424377400335329,0.254733495480014,1.34287647286082,0.0300426558721665,0.335492296665466,1,0,0.979270775764829,"09b_or_to_cor_CAT",1000
0,300,0.5,0.1,"CAT","lipsey_cooper (z)","sample",1000,1000,1000,1000,0,-0.00070618518171062,0.0035466498436637,0.112154915690574,0.00250911502625823,0.108894882832923,0.970932768861913,0.0217215802342464,0.0549633799695502,1,0,0.425273296891763,"09b_or_to_cor_CAT",1000
0.1,300,0.5,0.1,"CAT","lipsey_cooper (z)","sample",1000,1000,1000,1000,0,0.0932759657839115,0.00352979907523727,0.111622047605058,0.00249719377151743,0.111745581826669,1.00110671882716,0.0223966278752098,0.110142980691516,0.989,0.00329833291224522,0.436064237129809,"09b_or_to_cor_CAT",1000
0.25,300,0.5,0.1,"CAT","lipsey_cooper (z)","sample",1000,1000,1000,1000,0,0.329050920724249,0.00470190032388506,0.148687143545602,0.00332640922410359,0.148223410665258,0.996881150116371,0.0223020940076441,0.348460378738954,0.243,0.0135628536820243,0.567855076281413,"09b_or_to_cor_CAT",1000
0,25,0.3,0.3,"CAT","lipsey_cooper (z)","sample",1000,1000,1000,1000,0,-0.00600571207176867,0.00853562870462716,0.269920279681344,0.0060386210044399,0.259802840188567,0.962516934612245,0.021533302297035,0.060179475850682,1,0,1.00778144818491,"09b_or_to_cor_CAT",1000
0.1,25,0.3,0.3,"CAT","lipsey_cooper (z)","sample",1000,1000,1000,1000,0,0.0108449907362763,0.00843832017230472,0.266843113702274,0.00596977905178152,0.252203385942538,0.9451373222392,0.0211444878943203,0.0552321777569616,1,0,0.978829446663859,"09b_or_to_cor_CAT",1000
0.25,25,0.3,0.3,"CAT","lipsey_cooper (z)","sample",1000,1000,1000,1000,0,0.0437024702491373,0.00791147809774052,0.250182904473963,0.00559705904162439,0.242435040757132,0.96903120245917,0.0216790386407266,0.0654605529810336,1,0,0.94492367351679,"09b_or_to_cor_CAT",1000
0.5,25,0.3,0.3,"CAT","lipsey_cooper (z)","sample",1000,1000,1000,1000,0,0.0863287953330629,0.00736032522696924,0.232753920368186,0.00520714010099702,0.239681770949034,1.02976469985936,0.023037760458542,0.102860276478922,1,0,0.935255869758281,"09b_or_to_cor_CAT",1000
0.75,25,0.3,0.3,"CAT","lipsey_cooper (z)","sample",1000,999,999,999,0.001,0.136076276332077,0.00639483861910283,0.202121416488715,0.00452409863272005,0.249565179775616,1.23472902630063,0.0276370312295844,0.15603045597682,1,0,0.975688684015909,"09b_or_to_cor_CAT",1000
0,50,0.3,0.3,"CAT","lipsey_cooper (z)","sample",1000,1000,1000,1000,0,-0.0109669681838236,0.00564694858649843,0.178572193632034,0.00399499363496636,0.17923183075406,1.0036939520572,0.0224545091168295,0.0461655993516487,1,0,0.697389688208474,"09b_or_to_cor_CAT",1000
0.1,50,0.3,0.3,"CAT","lipsey_cooper (z)","sample",1000,1000,1000,1000,0,0.0117549944295177,0.00563196293074325,0.178098305587858,0.00398439187395496,0.172158597785583,0.966649273935146,0.0216257504489938,0.0387335887154011,1,0,0.670798789906251,"09b_or_to_cor_CAT",1000
0.25,50,0.3,0.3,"CAT","lipsey_cooper (z)","sample",1000,1000,1000,1000,0,0.0368422716941379,0.00514284537028715,0.162631050241594,0.00363836047118208,0.164379595446455,1.01075160740992,0.0226124020543492,0.0469303970096054,1,0,0.642687751499564,"09b_or_to_cor_CAT",1000
0.5,50,0.3,0.3,"CAT","lipsey_cooper (z)","sample",1000,1000,1000,1000,0,0.0837113435679529,0.00563156436112452,0.178085701709845,0.00398410990165336,0.163906803603997,0.920381602960191,0.0205906561978107,0.0962626852688593,1,0,0.640869034255078,"09b_or_to_cor_CAT",1000
0.75,50,0.3,0.3,"CAT","lipsey_cooper (z)","sample",1000,1000,1000,1000,0,0.183318554474539,0.00547145843900183,0.173022707901952,0.00387084126993076,0.182899275197825,1.05708249174709,0.0236489105065596,0.199310307270754,0.996,0.00199599599197994,0.711996462144069,"09b_or_to_cor_CAT",1000
0,100,0.3,0.3,"CAT","lipsey_cooper (z)","sample",1000,1000,1000,1000,0,-0.00623383621136429,0.00406870898335272,0.128663875237827,0.00287845129843898,0.123163244657114,0.957248057618773,0.0214154276737568,0.0307833077847102,1,0,0.48117890883467,"09b_or_to_cor_CAT",1000
0.1,100,0.3,0.3,"CAT","lipsey_cooper (z)","sample",1000,1000,1000,1000,0,0.0150236483162928,0.00379902787874106,0.120135809912997,0.00268766254237164,0.118521174059702,0.986559912032349,0.0220711886263975,0.0243054256589727,1,0,0.463823966702122,"09b_or_to_cor_CAT",1000
0.25,100,0.3,0.3,"CAT","lipsey_cooper (z)","sample",1000,1000,1000,1000,0,0.0353297242453305,0.00354371593067177,0.112062137215461,0.00250703939841273,0.114508277804376,1.02182843063408,0.0228602112869969,0.0383786253514889,1,0,0.448521187823744,"09b_or_to_cor_CAT",1000
0.5,100,0.3,0.3,"CAT","lipsey_cooper (z)","sample",1000,1000,1000,1000,0,0.0750163244007039,0.00388412411896478,0.122826789307235,0.00274786477953493,0.112927243956702,0.919402392536933,0.0205687494309808,0.0811006011144084,0.999,0.000999499874937461,0.442380460648129,"09b_or_to_cor_CAT",1000
0.75,100,0.3,0.3,"CAT","lipsey_cooper (z)","sample",1000,1000,1000,1000,0,0.173540412839274,0.00411314090548812,0.130068935985498,0.00290988513273042,0.124266793618092,0.955391790334526,0.0213738995061595,0.184574500004024,0.924,0.00837997613361756,0.484490749285723,"09b_or_to_cor_CAT",1000
0,300,0.3,0.3,"CAT","lipsey_cooper (z)","sample",1000,1000,1000,1000,0,-0.000449635530996761,0.00212856724672334,0.0673112065247935,0.00150587746142923,0.0696230468642445,1.03434554896293,0.0231402426123381,0.0118102240940625,1,0,0.272769829369771,"09b_or_to_cor_CAT",1000
0.1,300,0.3,0.3,"CAT","lipsey_cooper (z)","sample",1000,1000,1000,1000,0,0.0161321413905576,0.00213349360289634,0.0674669915855123,0.00150936266432301,0.0675513532644176,1.00125041411989,0.0223998426074039,0.0184197813920264,1,0,0.264694917565209,"09b_or_to_cor_CAT",1000
0.25,300,0.3,0.3,"CAT","lipsey_cooper (z)","sample",1000,1000,1000,1000,0,0.0339019757061271,0.00210379287429442,0.0665277720800268,0.00148835056904695,0.0654138534100632,0.983256335885956,0.0219972814552471,0.0348120134791078,1,0,0.256363921986675,"09b_or_to_cor_CAT",1000
0.5,300,0.3,0.3,"CAT","lipsey_cooper (z)","sample",1000,1000,1000,1000,0,0.0668871969112326,0.00210284023944257,0.0664976471209237,0.00148767661742311,0.064121883892904,0.964272973091823,0.0215725881589936,0.0682261933450015,1,0,0.251333933306747,"09b_or_to_cor_CAT",1000
0.75,300,0.3,0.3,"CAT","lipsey_cooper (z)","sample",1000,1000,1000,1000,0,0.157514139730721,0.0022346760932482,0.0706666628739114,0.00158094528965312,0.0683976092910873,0.967890749463114,0.0216535245762603,0.160621500940777,0.199,0.0126253316788115,0.267983287845868,"09b_or_to_cor_CAT",1000
0,25,0.5,0.3,"CAT","lipsey_cooper (z)","sample",1000,1000,1000,1000,0,0.00053255534372195,0.00849037275547841,0.268489160911516,0.00600660420350322,0.257269544395243,0.958212031807232,0.0214369935775452,0.068014969788998,1,0,0.998827839359839,"09b_or_to_cor_CAT",1000
0.1,25,0.5,0.3,"CAT","lipsey_cooper (z)","sample",1000,1000,1000,1000,0,0.0296379510112538,0.00855705065734368,0.270597701306471,0.00605377619196112,0.257975181021778,0.953353187319218,0.0213282921475628,0.0740021174414364,1,0,1.00193525941872,"09b_or_to_cor_CAT",1000
0.25,25,0.5,0.3,"CAT","lipsey_cooper (z)","sample",1000,1000,1000,1000,0,0.0746328649608425,0.00793423722218672,0.250902611181975,0.00561316022545975,0.263830610784471,1.05152596675496,0.0235246006600792,0.101688278713155,1,0,1.02433407547883,"09b_or_to_cor_CAT",1000
0.5,25,0.5,0.3,"CAT","lipsey_cooper (z)","sample",1000,1000,1000,1000,0,0.16272110439397,0.00643135240619436,0.203377220387786,0.00454992843186198,0.283002497686652,1.39151522056916,0.031130795540249,0.172641081169393,1,0,1.10051779912836,"09b_or_to_cor_CAT",1000
0,50,0.5,0.3,"CAT","lipsey_cooper (z)","sample",1000,1000,1000,1000,0,0.000636420932413303,0.00600965708878675,0.190042043571429,0.00425159560960706,0.175971684140922,0.9259618599859,0.0207154969742259,0.0446813311287125,1,0,0.686881452856141,"09b_or_to_cor_CAT",1000
0.1,50,0.5,0.3,"CAT","lipsey_cooper (z)","sample",1000,1000,1000,1000,0,0.0241084337020637,0.00559255734651939,0.176852191601088,0.00395651397569804,0.175771228237681,0.993887758169006,0.0222351262366073,0.0476108196438873,1,0,0.686325104094829,"09b_or_to_cor_CAT",1000
0.25,50,0.5,0.3,"CAT","lipsey_cooper (z)","sample",1000,1000,1000,1000,0,0.0756755300149471,0.0059962344772604,0.18961758332572,0.00424209964080356,0.181642848956523,0.95794306504003,0.0214309762883966,0.0983177519290111,1,0,0.706991950362063,"09b_or_to_cor_CAT",1000
0.5,50,0.5,0.3,"CAT","lipsey_cooper (z)","sample",1000,1000,1000,1000,0,0.211257049310471,0.00564917634872356,0.178642641659201,0.00399656968896672,0.213769260126575,1.19663064843379,0.0267708635183675,0.230188453424453,1,0,0.824703228751981,"09b_or_to_cor_CAT",1000
0,100,0.5,0.3,"CAT","lipsey_cooper (z)","sample",1000,1000,1000,1000,0,-0.000349914807622493,0.00407468852140291,0.12885296483377,0.00288268158601547,0.121707209808681,0.944543340276978,0.0211311994079658,0.0253738311936396,1,0,0.476514358290937,"09b_or_to_cor_CAT",1000
0.1,100,0.5,0.3,"CAT","lipsey_cooper (z)","sample",1000,1000,1000,1000,0,0.0224174520408977,0.00391992084005008,0.123958781021188,0.00277318954931066,0.122016730121447,0.984333091340986,0.0220213704867014,0.0343702012476114,1,0,0.477630109851096,"09b_or_to_cor_CAT",1000
0.25,100,0.5,0.3,"CAT","lipsey_cooper (z)","sample",1000,1000,1000,1000,0,0.0654959839241021,0.00387937151736374,0.122676498848529,0.00274450250115488,0.124143346691862,1.01195704032232,0.0226393698409597,0.074847317036561,1,0,0.485565217223318,"09b_or_to_cor_CAT",1000
0.5,100,0.5,0.3,"CAT","lipsey_cooper (z)","sample",1000,1000,1000,1000,0,0.214561606893953,0.00484379221143007,0.153174159007029,0.00342679214399611,0.150667490130066,0.983635171276845,0.0220057567107979,0.233875350773734,0.934,0.00785136930732467,0.580295627459217,"09b_or_to_cor_CAT",1000
0,300,0.5,0.3,"CAT","lipsey_cooper (z)","sample",1000,1000,1000,1000,0,0.000649234482617447,0.00224678251136574,0.0710495014294888,0.00158951010347796,0.0697154551599862,0.981223706814796,0.0219518077449434,0.0125278116990047,1,0,0.273185908428645,"09b_or_to_cor_CAT",1000
0.1,300,0.5,0.3,"CAT","lipsey_cooper (z)","sample",1000,1000,1000,1000,0,0.0215521070644091,0.00218166667761802,0.0689903579656525,0.00154344321666769,0.0698234364768664,1.01207528900819,0.0226420152850111,0.0252857995739466,1,0,0.273607749910405,"09b_or_to_cor_CAT",1000
0.25,300,0.5,0.3,"CAT","lipsey_cooper (z)","sample",1000,1000,1000,1000,0,0.0593697424833181,0.00222501637516439,0.0703611957669119,0.00157411141970208,0.070824870566885,1.0065899221143,0.0225192973781476,0.0621383511398214,1,0,0.277475037362692,"09b_or_to_cor_CAT",1000
0.5,300,0.5,0.3,"CAT","lipsey_cooper (z)","sample",1000,1000,1000,1000,0,0.193722497983982,0.00258011850822206,0.0815905111913758,0.00182533218780332,0.0809913610212142,0.992656619484142,0.0222075833638355,0.199680094719526,0.138,0.0109066951914867,0.316217546401846,"09b_or_to_cor_CAT",1000
0,25,0.3,0.5,"CAT","lipsey_cooper (z)","sample",1000,999,999,999,0.001,0.000378408005273507,0.00734998174335318,0.232310588213274,0.00519982509899313,0.231638062210509,0.997105056605737,0.0223182763194227,0.0389367372289694,1,0,0.905429886793566,"09b_or_to_cor_CAT",1000
0.1,25,0.3,0.5,"CAT","lipsey_cooper (z)","sample",1000,1000,1000,1000,0,0.0160955516045393,0.00776402621034941,0.245520066379497,0.00549274264090495,0.234941951831945,0.956915478626496,0.0214079872602733,0.0459491585584505,1,0,0.917481104219505,"09b_or_to_cor_CAT",1000
0.25,25,0.3,0.5,"CAT","lipsey_cooper (z)","sample",1000,1000,1000,1000,0,0.0473113391661492,0.00746776303464127,0.236151402158773,0.00528314811687142,0.240002451529791,1.01630754395618,0.0227366987361961,0.0677212470099568,1,0,0.936035793637804,"09b_or_to_cor_CAT",1000
0.5,25,0.3,0.5,"CAT","lipsey_cooper (z)","sample",1000,1000,1000,1000,0,0.111897740501181,0.00622411868628225,0.196823914758669,0.00440331874004033,0.262315526070557,1.33274214361699,0.0298159319909154,0.125628824172725,1,0,1.02235209334997,"09b_or_to_cor_CAT",1000
0,50,0.3,0.5,"CAT","lipsey_cooper (z)","sample",1000,1000,1000,1000,0,0.000478334802275392,0.00526469235086107,0.166484190087873,0.00372456240916262,0.15969882366268,0.959243178456696,0.0214600622547986,0.0238434508960758,1,0,0.625483630957064,"09b_or_to_cor_CAT",1000
0.1,50,0.3,0.5,"CAT","lipsey_cooper (z)","sample",1000,1000,1000,1000,0,0.0160803152727415,0.00534554115805768,0.169040853856364,0.00378175975480826,0.161213603734742,0.953696103970977,0.0213359638338048,0.0337380410098123,1,0,0.63071058693713,"09b_or_to_cor_CAT",1000
0.25,50,0.3,0.5,"CAT","lipsey_cooper (z)","sample",1000,1000,1000,1000,0,0.0459647433767756,0.00519982136040264,0.164432789248676,0.00367866873933268,0.16534839804606,1.00556828599434,0.0224964414692097,0.0617875709368385,1,0,0.645729392841241,"09b_or_to_cor_CAT",1000
0.5,50,0.3,0.5,"CAT","lipsey_cooper (z)","sample",1000,1000,1000,1000,0,0.153461675357138,0.00550047846624706,0.173940401740503,0.00389137179581662,0.198761324054852,1.14269785550673,0.0255642861667807,0.172116551272035,1,0,0.768058142095331,"09b_or_to_cor_CAT",1000
0,100,0.3,0.5,"CAT","lipsey_cooper (z)","sample",1000,1000,1000,1000,0,0.000842027486170571,0.00365300793254091,0.11551825377492,0.00258435918362626,0.111328726949314,0.963732772192277,0.0215605028555015,0.01313027857746,1,0,0.436347493033292,"09b_or_to_cor_CAT",1000
0.1,100,0.3,0.5,"CAT","lipsey_cooper (z)","sample",1000,1000,1000,1000,0,0.0119024294395243,0.00366136115279142,0.115782405792806,0.00259026875783631,0.111617628789164,0.964029275647497,0.0215671361918136,0.0188663169999366,1,0,0.437447746843545,"09b_or_to_cor_CAT",1000
0.25,100,0.3,0.5,"CAT","lipsey_cooper (z)","sample",1000,1000,1000,1000,0,0.0379090677738307,0.00366974495041584,0.116047524752157,0.00259619996433366,0.114200577980935,0.984084565567715,0.0220158105007812,0.0449637849375369,1,0,0.447208493736409,"09b_or_to_cor_CAT",1000
0.5,100,0.3,0.5,"CAT","lipsey_cooper (z)","sample",1000,1000,1000,1000,0,0.159342417237555,0.00472846310198632,0.149527132343418,0.0033452013430358,0.141161471257006,0.944052554507643,0.0211202196132691,0.179161304597417,0.999,0.000999499874937461,0.543976139588806,"09b_or_to_cor_CAT",1000
0,300,0.3,0.5,"CAT","lipsey_cooper (z)","sample",1000,1000,1000,1000,0,-1.348298823323e-05,0.00196524337422938,0.062146452191195,0.00139033225660631,0.063819589361393,1.02692248891458,0.0229741748890159,0.00609947003293029,1,0,0.250166044733788,"09b_or_to_cor_CAT",1000
0.1,300,0.3,0.5,"CAT","lipsey_cooper (z)","sample",1000,1000,1000,1000,0,0.0112538564583224,0.00214059569956039,0.0676915796017231,0.00151438711788995,0.0640397291353278,0.946051628756757,0.0211649426395063,0.0135126714178956,1,0,0.251022929324207,"09b_or_to_cor_CAT",1000
0.25,300,0.3,0.5,"CAT","lipsey_cooper (z)","sample",1000,1000,1000,1000,0,0.0347606238991827,0.0021012912655184,0.0664486642645578,0.00148658077940139,0.065283768707435,0.982469240427695,0.0219796726591523,0.03673313869543,1,0,0.255857028319861,"09b_or_to_cor_CAT",1000
0.5,300,0.3,0.5,"CAT","lipsey_cooper (z)","sample",1000,1000,1000,1000,0,0.142832212610645,0.00254024947616949,0.0803297416974522,0.00179712641846745,0.0764952870858906,0.952266065711957,0.0213039712059139,0.148918345117949,0.633,0.0152417518678136,0.298703453017195,"09b_or_to_cor_CAT",1000
0,25,0.5,0.5,"CAT","lipsey_cooper (z)","sample",1000,1000,1000,1000,0,0.000538845315128591,0.00813997789270598,0.257408702443686,0.00575871364366217,0.227205391744549,0.882663987610346,0.0197468426668014,0.0410368497595189,1,0,0.889306533944191,"09b_or_to_cor_CAT",1000
0.1,25,0.5,0.5,"CAT","lipsey_cooper (z)","sample",1000,1000,1000,1000,0,0.0170873231798053,0.00752952515227348,0.238104491807103,0.00532684238166652,0.227190305663993,0.954162199712082,0.0213463912664366,0.0409634630355133,1,0,0.889331814572327,"09b_or_to_cor_CAT",1000
0.25,25,0.5,0.5,"CAT","lipsey_cooper (z)","sample",1000,1000,1000,1000,0,0.0429628516260423,0.00759424246524638,0.240151032937507,0.00537262733073034,0.227878050733732,0.9488947348939,0.0212285482361583,0.0625946009112703,1,0,0.891641713035751,"09b_or_to_cor_CAT",1000
0.5,25,0.5,0.5,"CAT","lipsey_cooper (z)","sample",1000,1000,1000,1000,0,0.104927861183309,0.00725826102674735,0.229526366965539,0.00513493370067326,0.234209609619978,1.02040394189284,0.0228283428121879,0.12099251855379,1,0,0.915228111692969,"09b_or_to_cor_CAT",1000
0.75,25,0.5,0.5,"CAT","lipsey_cooper (z)","sample",1000,1000,1000,1000,0,0.190881587295907,0.00593951613656036,0.187823991908544,0.00420197364946298,0.247786591690746,1.31924888387741,0.0295140625582888,0.200210019346262,1,0,0.968460529578139,"09b_or_to_cor_CAT",1000
0,50,0.5,0.5,"CAT","lipsey_cooper (z)","sample",1000,1000,1000,1000,0,0.000802501999821829,0.00511947752262884,0.161892094015433,0.00362182863965788,0.15770370408495,0.974128508523189,0.0217930749017315,0.0190522093552482,1,0,0.618061686075061,"09b_or_to_cor_CAT",1000
0.1,50,0.5,0.5,"CAT","lipsey_cooper (z)","sample",1000,1000,1000,1000,0,0.0133265231040611,0.00509372088170125,0.161077597513371,0.0036036068310142,0.157522525667112,0.97792944580041,0.0218781089707013,0.0242467730661166,1,0,0.617355271860396,"09b_or_to_cor_CAT",1000
0.25,50,0.5,0.5,"CAT","lipsey_cooper (z)","sample",1000,1000,1000,1000,0,0.033698301021386,0.00505521865282208,0.159860050130857,0.00357636802107141,0.157239257679533,0.983605707309746,0.0220050975468003,0.0421506798378796,1,0,0.616126922008146,"09b_or_to_cor_CAT",1000
0.5,50,0.5,0.5,"CAT","lipsey_cooper (z)","sample",1000,1000,1000,1000,0,0.0872390935517893,0.00515647898108156,0.16306218287002,0.00364800571365435,0.158924936333756,0.974627798650521,0.0218042449548071,0.0978044906744804,1,0,0.62209691147268,"09b_or_to_cor_CAT",1000
0.75,50,0.5,0.5,"CAT","lipsey_cooper (z)","sample",1000,1000,1000,1000,0,0.220471792578639,0.00565208059770272,0.178734482075865,0.00399862433069197,0.176516950919898,0.987593154212818,0.022094304184595,0.235768825024516,0.978,0.00463853425124791,0.687573082646297,"09b_or_to_cor_CAT",1000
0,100,0.5,0.5,"CAT","lipsey_cooper (z)","sample",1000,1000,1000,1000,0,-0.000219629480988401,0.00359179286544845,0.113582463383598,0.00254105193553423,0.110742554764693,0.974996944648808,0.0218125034405407,0.0116230550878247,1,0,0.434090734147215,"09b_or_to_cor_CAT",1000
0.1,100,0.5,0.5,"CAT","lipsey_cooper (z)","sample",1000,1000,1000,1000,0,0.0109107839740143,0.00359120858901095,0.113563986940341,0.00254063858297522,0.110730316223672,0.975047805268069,0.021813641287627,0.0165749988430148,1,0,0.43403532188276,"09b_or_to_cor_CAT",1000
0.25,100,0.5,0.5,"CAT","lipsey_cooper (z)","sample",1000,1000,1000,1000,0,0.0308597222522593,0.00349256926871484,0.110444737750476,0.00247085515025856,0.110295830939053,0.998651752772877,0.0223417056974538,0.0340866785849674,1,0,0.432331877415559,"09b_or_to_cor_CAT",1000
0.5,100,0.5,0.5,"CAT","lipsey_cooper (z)","sample",1000,1000,1000,1000,0,0.0814156879662309,0.00355523951608614,0.112426544982671,0.00251519188106371,0.110462600103344,0.982531306288658,0.0219810611884326,0.0857644373748412,1,0,0.432924480633313,"09b_or_to_cor_CAT",1000
0.75,100,0.5,0.5,"CAT","lipsey_cooper (z)","sample",1000,1000,1000,1000,0,0.203220509450179,0.00392791590613296,0.124211607209843,0.0027788457435584,0.119365061527895,0.960981539561275,0.0214989526408482,0.212196219042812,0.771,0.0132875505643441,0.466325785369929,"09b_or_to_cor_CAT",1000
0,300,0.5,0.5,"CAT","lipsey_cooper (z)","sample",1000,1000,1000,1000,0,-0.000160134064228406,0.00200640248442872,0.0634480175381526,0.00141945070540189,0.0637527922114954,1.00480353343049,0.0224793325254107,0.00608323141657987,1,0,0.249905522675694,"09b_or_to_cor_CAT",1000
0.1,300,0.5,0.5,"CAT","lipsey_cooper (z)","sample",1000,1000,1000,1000,0,0.0110372785715524,0.00199271874618783,0.0630152997406852,0.00140976999973625,0.063692705758448,1.01074986583497,0.0226123630920634,0.0127327857913347,1,0,0.249669707101491,"09b_or_to_cor_CAT",1000
0.25,300,0.5,0.5,"CAT","lipsey_cooper (z)","sample",1000,1000,1000,1000,0,0.0290734282747242,0.00196484052834803,0.0621337130858841,0.0013900472590174,0.0634038745423768,1.02044238777002,0.0228292029182968,0.030033799997711,1,0,0.24853708383366,"09b_or_to_cor_CAT",1000
0.5,300,0.5,0.5,"CAT","lipsey_cooper (z)","sample",1000,1000,1000,1000,0,0.0755116071426107,0.00201882238617596,0.0638407693165205,0.00142823729654348,0.0631199039514279,0.988708385365494,0.0221192539892977,0.0767101066391076,0.997,0.00172945077987204,0.247422164633497,"09b_or_to_cor_CAT",1000
0.75,300,0.5,0.5,"CAT","lipsey_cooper (z)","sample",1000,1000,1000,1000,0,0.187274474372804,0.00213751714912104,0.0675942272889228,0.00151220916474912,0.0664148166381104,0.9825516068736,0.0219815153504495,0.189568584003055,0.007,0.00263647491928143,0.260261723334882,"09b_or_to_cor_CAT",1000
0,25,0.3,0.1,"CAT","pearson (r)","sample",1000,935,935,935,0.0649999999999999,0.04991574192357,0.0130291249256473,0.398401581405994,0.0092179132719554,0.505598783809386,1.26906821510367,0.0293627367184063,0.205452357075426,1,0,1.52084156734506,"09b_or_to_cor_CAT",1000
0.1,25,0.3,0.1,"CAT","pearson (r)","sample",1000,940,940,940,0.0600000000000001,0.139752515205471,0.0132313882479355,0.405666681981093,0.0093609849269015,0.46823327648929,1.15423153363902,0.0266345363533031,0.237628271684403,1,0,1.4532458432125,"09b_or_to_cor_CAT",1000
0.25,25,0.3,0.1,"CAT","pearson (r)","sample",1000,925,925,925,0.075,0.234436813049619,0.01129527224162,0.343532293804218,0.00799128437866982,0.403151261737081,1.17354690958644,0.0272991717383026,0.273164160037284,1,0,1.32097719136647,"09b_or_to_cor_CAT",1000
0.5,25,0.3,0.1,"CAT","pearson (r)","sample",1000,930,930,930,0.07,0.30157917579328,0.00346504074656266,0.105669540829256,0.00245147215925725,0.242246353616023,2.29248988606331,0.0531844378896657,0.308518548509295,0.997849462365591,0.00151902374644015,1.05100335199115,"09b_or_to_cor_CAT",1000
0,50,0.3,0.1,"CAT","pearson (r)","sample",1000,997,997,997,0.003,-0.0153405066650776,0.0116725355059546,0.368563889824216,0.00825787140866134,0.407560301967555,1.10580638315364,0.0247761844474643,0.22647330417574,1,0,1.32615370510956,"09b_or_to_cor_CAT",1000
0.1,50,0.3,0.1,"CAT","pearson (r)","sample",1000,992,992,992,0.00800000000000001,0.122825792616456,0.0111062814877326,0.349803791541592,0.00785728827906548,0.381091336451961,1.08944312688117,0.0244710575429371,0.238201277300059,1,0,1.24685168995271,"09b_or_to_cor_CAT",1000
0.25,50,0.3,0.1,"CAT","pearson (r)","sample",1000,991,991,991,0.00900000000000001,0.285677688119967,0.00916830730453734,0.288619711906444,0.00648624566905018,0.307515583423579,1.06546978857515,0.0239446528305368,0.321333261292597,1,0,1.07142866644071,"09b_or_to_cor_CAT",1000
0.5,50,0.3,0.1,"CAT","pearson (r)","sample",1000,996,996,996,0.004,0.388915008546172,0.00197538082737994,0.0623419673697225,0.00139750691434496,0.156090206234205,2.50377414797489,0.0561265842478441,0.3934253099617,1,0,0.787789319597788,"09b_or_to_cor_CAT",1000
0,100,0.3,0.1,"CAT","pearson (r)","sample",1000,1000,1000,1000,0,-0.0307248129771991,0.0095129487918537,0.300825854468047,0.00673003645970542,0.298872918560361,0.993508084898023,0.0222266322361132,0.204439117481598,1,0,1.04830778318495,"09b_or_to_cor_CAT",1000
0.1,100,0.3,0.1,"CAT","pearson (r)","sample",1000,1000,1000,1000,0,0.131753153109359,0.0082771390834076,0.261746120135664,0.00585574978192762,0.26597443300268,1.01615425231451,0.0227332693157454,0.208101377030542,1,0,0.940426961855632,"09b_or_to_cor_CAT",1000
0.25,100,0.3,0.1,"CAT","pearson (r)","sample",1000,1000,1000,1000,0,0.310708954049443,0.00667273393408905,0.211010374520173,0.00472069635240643,0.208328468655094,0.987290170584374,0.0220875258746997,0.330519921870536,0.946,0.00714730718522718,0.772159637856223,"09b_or_to_cor_CAT",1000
0.5,100,0.3,0.1,"CAT","pearson (r)","sample",1000,1000,1000,1000,0,0.43800080661473,0.00100841012480858,0.0318887280996979,0.000713410431906196,0.0859424030886091,2.69507152558472,0.0602937857877027,0.441223396285544,0.539,0.0157632166768081,0.517053838483989,"09b_or_to_cor_CAT",1000
0,300,0.3,0.1,"CAT","pearson (r)","sample",1000,1000,1000,1000,0,-0.00940417152162687,0.00543338127894455,0.171818602375835,0.00384390317943174,0.167177687123516,0.972989448242819,0.0217675919949173,0.114915446741253,0.998,0.00141279864099595,0.631061980738393,"09b_or_to_cor_CAT",1000
0.1,300,0.3,0.1,"CAT","pearson (r)","sample",1000,1000,1000,1000,0,0.149992965530886,0.0046306911451717,0.14643531159516,0.00327603153580814,0.146927249018983,1.00335941801512,0.0224470249652289,0.173151166541429,0.952,0.00675988165576884,0.558370555080057,"09b_or_to_cor_CAT",1000
0.25,300,0.3,0.1,"CAT","pearson (r)","sample",1000,1000,1000,1000,0,0.316169024528433,0.0035547819910846,0.112412076771757,0.00251486820015161,0.113823699585533,1.01255757258753,0.0226528048698311,0.32119222630943,0.205,0.0127661662216971,0.439022750308393,"09b_or_to_cor_CAT",1000
0.5,300,0.3,0.1,"CAT","pearson (r)","sample",1000,1000,1000,1000,0,0.471977512362456,0.000537551980471755,0.016998886190251,0.000380296846616034,0.0334254666979318,1.96633275403076,0.0439905378144472,0.473382235731565,0,0,0.227738133237812,"09b_or_to_cor_CAT",1000
0,25,0.5,0.1,"CAT","pearson (r)","sample",1000,919,919,919,0.081,0.00481581567264826,0.0137586027709898,0.417092218871184,0.00973409878813952,0.471957813617261,1.13154307911705,0.0264079539651222,0.211637810498646,1,0,1.47655045069655,"09b_or_to_cor_CAT",1000
0.1,25,0.5,0.1,"CAT","pearson (r)","sample",1000,932,932,932,0.0679999999999999,0.0939112266156015,0.0130366145647559,0.397990569733663,0.00922322797411952,0.473598337531292,1.18997376708756,0.0275770336578959,0.222462397986284,1,0,1.48617566778798,"09b_or_to_cor_CAT",1000
0.25,25,0.5,0.1,"CAT","pearson (r)","sample",1000,935,935,935,0.0649999999999999,0.231704513005137,0.00971704205592695,0.297125474178958,0.00687466360501011,0.437738493378904,1.47324457651603,0.0340868143313528,0.271373440482089,1,0,1.43693480262488,"09b_or_to_cor_CAT",1000
0,50,0.5,0.1,"CAT","pearson (r)","sample",1000,991,991,991,0.00900000000000001,-0.00267387999857482,0.0116149431138696,0.365640180240878,0.00821715197431449,0.381228217549845,1.04263217816679,0.0234314157039934,0.225933870797864,1,0,1.26886722444127,"09b_or_to_cor_CAT",1000
0.1,50,0.5,0.1,"CAT","pearson (r)","sample",1000,994,994,994,0.00600000000000001,0.149851831345805,0.0111156520896606,0.350451672916687,0.00786390965426264,0.374792393233473,1.0694552835608,0.0239978872384933,0.262477182449326,1,0,1.26425502364753,"09b_or_to_cor_CAT",1000
0.25,50,0.5,0.1,"CAT","pearson (r)","sample",1000,997,997,997,0.003,0.345020582274696,0.00761106388261715,0.240321677226595,0.00538453592997824,0.322858510376119,1.34344314712693,0.0301005634575668,0.369966149401439,1,0,1.18129332925543,"09b_or_to_cor_CAT",1000
0,100,0.5,0.1,"CAT","pearson (r)","sample",1000,1000,1000,1000,0,0.0104457270671659,0.00891464550642971,0.281905843333031,0.00630676045843933,0.269177868576131,0.954850262745836,0.0213617845221523,0.18306865451858,1,0,0.96569309914881,"09b_or_to_cor_CAT",1000
0.1,100,0.5,0.1,"CAT","pearson (r)","sample",1000,1000,1000,1000,0,0.165933926369435,0.00838163820355265,0.265050672467084,0.00592967879216108,0.264424573034731,0.997637812322736,0.0223190219550292,0.240014343285617,1,0,0.958875424953212,"09b_or_to_cor_CAT",1000
0.25,100,0.5,0.1,"CAT","pearson (r)","sample",1000,1000,1000,1000,0,0.422936934939264,0.00580024103521459,0.18341972649251,0.00410344200270494,0.219015952204722,1.19406977860511,0.0267135720752964,0.438826695011237,0.999,0.000999499874937461,0.889791556551725,"09b_or_to_cor_CAT",1000
0,300,0.5,0.1,"CAT","pearson (r)","sample",1000,1000,1000,1000,0,-0.00152743688128627,0.00496243696776599,0.156926035631601,0.00351072863449603,0.152596774519278,0.972412091499675,0.021754675445778,0.0995128008239028,1,0,0.580755753836698,"09b_or_to_cor_CAT",1000
0.1,300,0.5,0.1,"CAT","pearson (r)","sample",1000,1000,1000,1000,0,0.166798665544288,0.00468879195936259,0.148272620662695,0.00331713557267398,0.148702111346154,1.00289662839666,0.0224366714967383,0.191731867432215,0.943,0.00733150734842434,0.567276196078065,"09b_or_to_cor_CAT",1000
0.25,300,0.5,0.1,"CAT","pearson (r)","sample",1000,1000,1000,1000,0,0.4455831493354,0.0038247540085631,0.120949341569185,0.00270586276561027,0.121963792960315,1.00838740730597,0.0225595104804991,0.453816674595947,0.064,0.00773976743836661,0.492412559899721,"09b_or_to_cor_CAT",1000
0,25,0.3,0.3,"CAT","pearson (r)","sample",1000,1000,1000,1000,0,-0.00421184691111766,0.0122151105093434,0.386275710801846,0.00864170940955867,0.373323583770861,0.966469217015747,0.0216217222392692,0.173017309730818,1,0,1.2536512790223,"09b_or_to_cor_CAT",1000
0.1,25,0.3,0.3,"CAT","pearson (r)","sample",1000,1000,1000,1000,0,0.0580320828080298,0.0119492968174765,0.377869943806271,0.00845365669563206,0.356259293510721,0.942809290207454,0.0210924054678256,0.17381972859592,0.999,0.000999499874937461,1.20530546671412,"09b_or_to_cor_CAT",1000
0.25,25,0.3,0.3,"CAT","pearson (r)","sample",1000,1000,1000,1000,0,0.154941141269069,0.0101700462319545,0.321605100021894,0.00719490700891354,0.319964844522723,0.994899783930479,0.0222577671438688,0.197886966497364,1,0,1.10503026332376,"09b_or_to_cor_CAT",1000
0.5,25,0.3,0.3,"CAT","pearson (r)","sample",1000,1000,1000,1000,0,0.222184789306356,0.00664756764201006,0.210214546487866,0.00470289219231337,0.222223711137542,1.05712813337763,0.0236499315951165,0.231279125344136,0.996,0.00199599599197994,0.847098615297302,"09b_or_to_cor_CAT",1000
0.75,25,0.3,0.3,"CAT","pearson (r)","sample",1000,999,999,999,0.001,0.168386777447031,0.00275913303046472,0.0872078108011067,0.00195197888705586,0.111847646706106,1.28254161730071,0.0287072239945472,0.187424820496044,0.92992992992993,0.00807622936965493,0.554703219903899,"09b_or_to_cor_CAT",1000
0,50,0.3,0.3,"CAT","pearson (r)","sample",1000,1000,1000,1000,0,-0.0147265692612745,0.00847934952957462,0.268140575901331,0.0059988057054918,0.268353606311236,1.00079447285883,0.0223896423494644,0.132724754626685,1,0,0.966277354309913,"09b_or_to_cor_CAT",1000
0.1,50,0.3,0.3,"CAT","pearson (r)","sample",1000,1000,1000,1000,0,0.0663095734374347,0.00826699381068092,0.261425298442665,0.00584857240119761,0.254037615081176,0.971740748100898,0.0217396562395375,0.135969459246573,1,0,0.91816422606386,"09b_or_to_cor_CAT",1000
0.25,50,0.3,0.3,"CAT","pearson (r)","sample",1000,1000,1000,1000,0,0.16317507072479,0.00684933338516528,0.216594939509536,0.00484563350601802,0.221249003003028,1.02148740641878,0.0228525819380944,0.182608893932072,1,0,0.814246935926323,"09b_or_to_cor_CAT",1000
0.5,50,0.3,0.3,"CAT","pearson (r)","sample",1000,1000,1000,1000,0,0.232697321917201,0.00464149775814547,0.14677704670305,0.00328367678870613,0.144880033825798,0.987075548119655,0.0220827243691403,0.23520198131693,1,0,0.561249215277136,"09b_or_to_cor_CAT",1000
0.75,50,0.3,0.3,"CAT","pearson (r)","sample",1000,1000,1000,1000,0,0.182134496022735,0.00176516096749503,0.0558192909411073,0.00124878183709592,0.0622165049796532,1.11460579184525,0.024935814212452,0.190082197701341,0.995,0.00223047080231955,0.291984717009769,"09b_or_to_cor_CAT",1000
0,100,0.3,0.3,"CAT","pearson (r)","sample",1000,1000,1000,1000,0,-0.00944431641310007,0.00617263190002825,0.19519575961902,0.00436689386734689,0.187457761827576,0.960357756712816,0.0214849974529854,0.0953185709015083,1,0,0.704379239658334,"09b_or_to_cor_CAT",1000
0.1,100,0.3,0.3,"CAT","pearson (r)","sample",1000,1000,1000,1000,0,0.0760548266134044,0.00568231963312815,0.179690724337773,0.00402001725683636,0.177732420557768,0.989101809304721,0.0221280556179337,0.109102690748804,1,0,0.66945317599441,"09b_or_to_cor_CAT",1000
0.25,100,0.3,0.3,"CAT","pearson (r)","sample",1000,1000,1000,1000,0,0.166579831469633,0.00474872146355964,0.150167757985767,0.00335953333566873,0.154774523538106,1.03067746108838,0.0230581806327362,0.174788296318133,0.996,0.00199599599197994,0.58798778333318,"09b_or_to_cor_CAT",1000
0.5,100,0.3,0.3,"CAT","pearson (r)","sample",1000,1000,1000,1000,0,0.236731120117482,0.0032110380984867,0.101541940447941,0.00227168293966057,0.0983400619844013,0.968467428833697,0.0216664259713098,0.237640897924512,0.515,0.0158042715744826,0.383589503070917,"09b_or_to_cor_CAT",1000
0.75,100,0.3,0.3,"CAT","pearson (r)","sample",1000,1000,1000,1000,0,0.184203487775018,0.00126095173889049,0.0398747951444386,0.000892073673720292,0.0409075098408824,1.02589893421905,0.0229512760579575,0.187660934540152,0.001,0.000999499874937461,0.173399988545856,"09b_or_to_cor_CAT",1000
0,300,0.3,0.3,"CAT","pearson (r)","sample",1000,1000,1000,1000,0,0.00165020789038393,0.003291471479348,0.104085467282236,0.00232858638754179,0.107662394061482,1.03436528530488,0.0231406841511851,0.048484625363738,1,0,0.416082895023887,"09b_or_to_cor_CAT",1000
0.1,300,0.3,0.3,"CAT","pearson (r)","sample",1000,1000,1000,1000,0,0.0785603016630671,0.00322656250232182,0.102032865202293,0.00228266584371184,0.102125237600421,1.00090532004512,0.0223921222081404,0.0897094197138075,0.999,0.000999499874937461,0.395067311003309,"09b_or_to_cor_CAT",1000
0.25,300,0.3,0.3,"CAT","pearson (r)","sample",1000,1000,1000,1000,0,0.169415841735731,0.00282354312699061,0.0892882735300436,0.00199754551464316,0.0886677789743496,0.993050660168883,0.022216398790221,0.172109897579978,0.645,0.0151319199046255,0.343903768716677,"09b_or_to_cor_CAT",1000
0.5,300,0.3,0.3,"CAT","pearson (r)","sample",1000,1000,1000,1000,0,0.237418376190299,0.00180732012777689,0.0571524806484151,0.00127860778192287,0.0566141752698382,0.99058124210061,0.0221611532939085,0.237576687789719,0,0,0.221563869814485,"09b_or_to_cor_CAT",1000
0.75,300,0.3,0.3,"CAT","pearson (r)","sample",1000,1000,1000,1000,0,0.183574814563378,0.000678936035364752,0.0214698425731724,0.000480320494915884,0.0221980250674773,1.03391652695278,0.0231306445883404,0.184702102013285,0,0,0.0892554455853845,"09b_or_to_cor_CAT",1000
0,25,0.5,0.3,"CAT","pearson (r)","sample",1000,1000,1000,1000,0,-0.0026299972981235,0.0111680290229718,0.353164086874558,0.0079009405129997,0.338751678569826,0.959190617505084,0.0214588863681005,0.150561946812601,1,0,1.17310199255405,"09b_or_to_cor_CAT",1000
0.1,25,0.5,0.3,"CAT","pearson (r)","sample",1000,1000,1000,1000,0,0.0716873824421302,0.0111361480856113,0.352155923114554,0.00787838600592725,0.332478495483313,0.944122968436229,0.0211217949044205,0.16414209559067,1,0,1.15815503020917,"09b_or_to_cor_CAT",1000
0.25,25,0.5,0.3,"CAT","pearson (r)","sample",1000,1000,1000,1000,0,0.164667420973349,0.00952495232805028,0.301205439611622,0.00673852848862474,0.309872030228232,1.0287730215888,0.0230155747626718,0.203791361019263,1,0,1.10652606332217,"09b_or_to_cor_CAT",1000
0.5,25,0.5,0.3,"CAT","pearson (r)","sample",1000,1000,1000,1000,0,0.257522865361598,0.00542102119405807,0.171427742172691,0.00383515890636235,0.220051268728298,1.28363861029345,0.0287173942001655,0.264679836030359,1,0,0.913595671463174,"09b_or_to_cor_CAT",1000
0,50,0.5,0.3,"CAT","pearson (r)","sample",1000,1000,1000,1000,0,0.00115563576471945,0.00819095521719087,0.259020746987623,0.00579477809222677,0.241027731602065,0.930534462606511,0.0208177946387896,0.111269576597573,1,0,0.883975525486289,"09b_or_to_cor_CAT",1000
0.1,50,0.5,0.3,"CAT","pearson (r)","sample",1000,1000,1000,1000,0,0.0694014587803232,0.00757525134064692,0.239550480846883,0.00535919185832723,0.23781242997012,0.992744531880633,0.02220955012841,0.122968929816477,1,0,0.873079314088533,"09b_or_to_cor_CAT",1000
0.25,50,0.5,0.3,"CAT","pearson (r)","sample",1000,1000,1000,1000,0,0.177622848056581,0.0071129214156749,0.22493032491322,0.00503211165222551,0.214510839358752,0.953676830554136,0.0213355326514576,0.200400011148413,1,0,0.803411802705749,"09b_or_to_cor_CAT",1000
0.5,50,0.5,0.3,"CAT","pearson (r)","sample",1000,1000,1000,1000,0,0.291969156820909,0.00401837735184996,0.127072249298817,0.0028428436522189,0.140560110475488,1.10614324725577,0.0247464912776605,0.297306114405621,1,0,0.605925942972241,"09b_or_to_cor_CAT",1000
0,100,0.5,0.3,"CAT","pearson (r)","sample",1000,1000,1000,1000,0,-0.00138025762981404,0.00570231656459317,0.180323082834211,0.00403416429796802,0.170421872383677,0.945091830203252,0.0211434701524739,0.0763684555333503,1,0,0.645814510656142,"09b_or_to_cor_CAT",1000
0.1,100,0.5,0.3,"CAT","pearson (r)","sample",1000,1000,1000,1000,0,0.0695222070214835,0.00538718027894294,0.170357598474009,0.00381121779225169,0.16795912881459,0.985920970470919,0.0220568943098015,0.0997204982288223,0.999,0.000999499874937461,0.63697159314416,"09b_or_to_cor_CAT",1000
0.25,100,0.5,0.3,"CAT","pearson (r)","sample",1000,1000,1000,1000,0,0.174788620481207,0.00468433742568096,0.148131755939215,0.00331398416560302,0.151588229937024,1.02333378130768,0.0228938887943238,0.184659384815658,0.988,0.00344325427466518,0.579278292912395,"09b_or_to_cor_CAT",1000
0.5,100,0.5,0.3,"CAT","pearson (r)","sample",1000,1000,1000,1000,0,0.299708325704163,0.00309677401011932,0.0979285927079036,0.00219084559914991,0.0969399667476658,0.989904624043903,0.0221460160837143,0.303099463273746,0.288,0.0143197765345692,0.400841461179223,"09b_or_to_cor_CAT",1000
0,300,0.5,0.3,"CAT","pearson (r)","sample",1000,1000,1000,1000,0,0.00207489309939634,0.0031844655959449,0.100701644136313,0.00225288394106982,0.0988061303405406,0.981176932988233,0.0219507613270459,0.0421302994636989,1,0,0.382858002132309,"09b_or_to_cor_CAT",1000
0.1,300,0.5,0.3,"CAT","pearson (r)","sample",1000,1000,1000,1000,0,0.0715108742603046,0.00303547451001515,0.0959901323103146,0.00214747861802877,0.0970549734678937,1.01109323564777,0.0226200449163647,0.0818927977440803,0.999,0.000999499874937461,0.376235274668535,"09b_or_to_cor_CAT",1000
0.25,300,0.5,0.3,"CAT","pearson (r)","sample",1000,1000,1000,1000,0,0.169691198093282,0.00277131862656661,0.0876367898200011,0.00196059873824042,0.0883233187116069,1.00783379780359,0.0225471252015076,0.173198658820447,0.649,0.0150930116279025,0.343102931506166,"09b_or_to_cor_CAT",1000
0.5,300,0.5,0.3,"CAT","pearson (r)","sample",1000,1000,1000,1000,0,0.296722153190062,0.00171966898711598,0.0543807082084126,0.00121659805336344,0.0556057661846278,1.02252743696386,0.0228758493646924,0.297804042176867,0,0,0.220573317961148,"09b_or_to_cor_CAT",1000
0,25,0.3,0.5,"CAT","pearson (r)","sample",1000,999,999,999,0.001,-0.000783313923254826,0.0107030368931055,0.338290472429304,0.0075719806954009,0.342089054500923,1.01122875865921,0.0226344081883711,0.144614926540946,1,0,1.17923995507631,"09b_or_to_cor_CAT",1000
0.1,25,0.3,0.5,"CAT","pearson (r)","sample",1000,1000,1000,1000,0,0.0630202155386931,0.0112096450527426,0.354480101287049,0.00793038221438946,0.339151869143853,0.956758554041418,0.0214044765640904,0.164677473194102,1,0,1.17544593896066,"09b_or_to_cor_CAT",1000
0.25,25,0.3,0.5,"CAT","pearson (r)","sample",1000,1000,1000,1000,0,0.163563115220562,0.00975320316048322,0.308423364694797,0.00690000695947988,0.309343764797459,1.00298421004379,0.0224386308618315,0.204617846685195,1,0,1.10513219815476,"09b_or_to_cor_CAT",1000
0.5,25,0.3,0.5,"CAT","pearson (r)","sample",1000,1000,1000,1000,0,0.259192841478097,0.00513723039956069,0.162453489276686,0.00363438810062316,0.217440199719757,1.33847663529971,0.0299442232847964,0.265938211634119,0.999,0.000999499874937461,0.910245111173008,"09b_or_to_cor_CAT",1000
0,50,0.3,0.5,"CAT","pearson (r)","sample",1000,1000,1000,1000,0,0.000404023266704808,0.00798474048307914,0.252499664518833,0.00564888929271081,0.24108410748639,0.954789813070856,0.0213604321499724,0.109767360628227,1,0,0.884387641014834,"09b_or_to_cor_CAT",1000
0.1,50,0.3,0.5,"CAT","pearson (r)","sample",1000,1000,1000,1000,0,0.0726546411573571,0.00792724376026354,0.250681458497906,0.00560821262669175,0.237970952437267,0.949296185937321,0.0212375294461137,0.131913297625298,1,0,0.87519633632704,"09b_or_to_cor_CAT",1000
0.25,50,0.3,0.5,"CAT","pearson (r)","sample",1000,1000,1000,1000,0,0.175145414647398,0.00664407621701421,0.210104137935201,0.00470042214669109,0.215117657388084,1.02386206907752,0.0229057075788446,0.195359249290507,1,0,0.804388700578853,"09b_or_to_cor_CAT",1000
0.5,50,0.3,0.5,"CAT","pearson (r)","sample",1000,1000,1000,1000,0,0.29063138349654,0.00415500802963846,0.131392890699459,0.00293950447350055,0.141716760546259,1.07857251478251,0.0241296824761233,0.296179440547914,1,0,0.608233662462606,"09b_or_to_cor_CAT",1000
0,100,0.3,0.5,"CAT","pearson (r)","sample",1000,1000,1000,1000,0,0.00432959978272715,0.00559752528008559,0.177009291454424,0.00396002859295936,0.171112666228463,0.966687481897077,0.021626605232494,0.0748189431148699,1,0,0.648124083890401,"09b_or_to_cor_CAT",1000
0.1,100,0.3,0.5,"CAT","pearson (r)","sample",1000,1000,1000,1000,0,0.0661685297649885,0.00547700441462892,0.173198087050246,0.00387476482917528,0.168209495093421,0.971197187903251,0.02172749578227,0.0977911461050767,1,0,0.637739593321353,"09b_or_to_cor_CAT",1000
0.25,100,0.3,0.5,"CAT","pearson (r)","sample",1000,1000,1000,1000,0,0.168914381875742,0.00483569538644349,0.152918114919296,0.00342106395933331,0.153020074012068,1.00066675614479,0.0223867850879317,0.179585333994187,0.991,0.00298646948753876,0.584028316631252,"09b_or_to_cor_CAT",1000
0.5,100,0.3,0.5,"CAT","pearson (r)","sample",1000,1000,1000,1000,0,0.297591630364687,0.00317744729046242,0.100479705829919,0.00224791876646246,0.0976365296457452,0.971703975835816,0.0217388335752583,0.300979172534503,0.291,0.0143638086871136,0.401536473070386,"09b_or_to_cor_CAT",1000
0,300,0.3,0.5,"CAT","pearson (r)","sample",1000,1000,1000,1000,0,-2.42440972867179e-05,0.00303205033749997,0.0958818504678213,0.0021450561508868,0.0987697192895736,1.03011903512147,0.0230456876004335,0.039848251133202,1,0,0.382711182322189,"09b_or_to_cor_CAT",1000
0.1,300,0.3,0.5,"CAT","pearson (r)","sample",1000,1000,1000,1000,0,0.0702401649223638,0.00324613920772552,0.102651934983871,0.00229651559146205,0.0970544681670389,0.945471394984306,0.0211519617258456,0.0821041990277986,1,0,0.376209115695172,"09b_or_to_cor_CAT",1000
0.25,300,0.3,0.5,"CAT","pearson (r)","sample",1000,1000,1000,1000,0,0.170448872793487,0.0028228283947123,0.0892656717108768,0.00199703986971674,0.087943808779039,0.985191811067986,0.0220405816515183,0.174003795511989,0.634,0.0152329905140127,0.34165950647122,"09b_or_to_cor_CAT",1000
0.5,300,0.3,0.5,"CAT","pearson (r)","sample",1000,1000,1000,1000,0,0.297145272774197,0.00177029502431964,0.0559816440731323,0.0012524139800173,0.0559921068802307,1.000186897103,0.0223760497445468,0.298226405584726,0,0,0.221884115487241,"09b_or_to_cor_CAT",1000
0,25,0.5,0.5,"CAT","pearson (r)","sample",1000,1000,1000,1000,0,0.00148994394373979,0.0108732783925783,0.34384325353642,0.00769241605518197,0.302731968341065,0.880435969667788,0.0196969977423589,0.126005983134582,1,0,1.07743342190919,"09b_or_to_cor_CAT",1000
0.1,25,0.5,0.5,"CAT","pearson (r)","sample",1000,1000,1000,1000,0,0.0580510701083355,0.00993084427868189,0.314040870090867,0.00702568105153887,0.30191680212887,0.961393343616426,0.0215081654670207,0.126421285586904,1,0,1.0722025384188,"09b_or_to_cor_CAT",1000
0.25,25,0.5,0.5,"CAT","pearson (r)","sample",1000,1000,1000,1000,0,0.130779715772338,0.00913443676424776,0.288856253178014,0.00646225411356199,0.277994779370525,0.962398342815879,0.0215306491769607,0.161452394584576,1,0,1.00471901256839,"09b_or_to_cor_CAT",1000
0.5,25,0.5,0.5,"CAT","pearson (r)","sample",1000,1000,1000,1000,0,0.202708804702332,0.00622719640167341,0.196921240664927,0.00440549610241747,0.200692088908423,1.01914901729627,0.0228002678041271,0.208828311287018,1,0,0.787916205918712,"09b_or_to_cor_CAT",1000
0.75,25,0.5,0.5,"CAT","pearson (r)","sample",1000,1000,1000,1000,0,0.158920699136067,0.00256668101067781,0.0811655802084485,0.00181582568772866,0.0986126517136023,1.21495653034632,0.0271808477387917,0.171700909770897,0.964,0.00589101010014412,0.500944727052289,"09b_or_to_cor_CAT",1000
0,50,0.5,0.5,"CAT","pearson (r)","sample",1000,1000,1000,1000,0,0.00272907247205776,0.00712802383234779,0.225407905261812,0.00504279601698581,0.219325885007629,0.973017715385273,0.0217682243837114,0.0822989577256578,1,0,0.814760241354061,"09b_or_to_cor_CAT",1000
0.1,50,0.5,0.5,"CAT","pearson (r)","sample",1000,1000,1000,1000,0,0.0575757503966112,0.00693548499105372,0.219319292496423,0.00490658237280766,0.215492767160365,0.982552718949155,0.0219815402296576,0.0969802513579777,1,0,0.801686500004997,"09b_or_to_cor_CAT",1000
0.25,50,0.5,0.5,"CAT","pearson (r)","sample",1000,1000,1000,1000,0,0.129566113431603,0.00634045982715353,0.200502944666027,0.00448562551336154,0.198241899448961,0.988723132117428,0.0221195839016929,0.144864614986282,1,0,0.743440760044784,"09b_or_to_cor_CAT",1000
0.5,50,0.5,0.5,"CAT","pearson (r)","sample",1000,1000,1000,1000,0,0.20423132015156,0.00448356107729588,0.141782650327332,0.00317194280971606,0.141672208337834,0.99922104722092,0.0223544418779873,0.20609155008431,1,0,0.550584278803862,"09b_or_to_cor_CAT",1000
0.75,50,0.5,0.5,"CAT","pearson (r)","sample",1000,1000,1000,1000,0,0.169628038518895,0.0019903873307545,0.0629415739112711,0.00140812061517502,0.0628237677760614,0.998128325558306,0.0223299956526364,0.175165613177716,0.997,0.00172945077987204,0.27920433030551,"09b_or_to_cor_CAT",1000
0,100,0.5,0.5,"CAT","pearson (r)","sample",1000,1000,1000,1000,0,-0.00119214797731911,0.00505023914015048,0.159702584114058,0.00357284521204924,0.155879685898447,0.976062389742668,0.0218363394380821,0.0577228968548486,1,0,0.594332184512104,"09b_or_to_cor_CAT",1000
0.1,100,0.5,0.5,"CAT","pearson (r)","sample",1000,1000,1000,1000,0,0.052785160320977,0.00496658712528187,0.157057275135587,0.00351366470742215,0.153642923556282,0.97826046850515,0.0218855145671247,0.076853853184906,1,0,0.586146402844862,"09b_or_to_cor_CAT",1000
0.25,100,0.5,0.5,"CAT","pearson (r)","sample",1000,1000,1000,1000,0,0.131859379598795,0.00441463691262379,0.139603076865449,0.00312318167882517,0.140110171726352,1.00363240461664,0.0224531321855823,0.138918781889273,0.999,0.000999499874937461,0.536776957482239,"09b_or_to_cor_CAT",1000
0.5,100,0.5,0.5,"CAT","pearson (r)","sample",1000,1000,1000,1000,0,0.206213706550776,0.00308199691946958,0.0974613000714641,0.00218039138973314,0.0974014499233224,0.999385908580146,0.0223581301346378,0.206763613160876,0.747,0.0137473997541353,0.380082217856644,"09b_or_to_cor_CAT",1000
0.75,100,0.5,0.5,"CAT","pearson (r)","sample",1000,1000,1000,1000,0,0.173402712593392,0.00131123645454838,0.0414649374741674,0.000927648128828611,0.041930231489117,1.01122138469977,0.0226229118501054,0.175591408972916,0.004,0.00199599599197994,0.174440501847872,"09b_or_to_cor_CAT",1000
0,300,0.5,0.5,"CAT","pearson (r)","sample",1000,1000,1000,1000,0,-0.000856629240636989,0.00284683538223418,0.0900248393141605,0.00201402386751228,0.0904808286821409,1.00506515059015,0.0224851853901058,0.0326553612931156,1,0,0.351346509570388,"09b_or_to_cor_CAT",1000
0.1,300,0.5,0.5,"CAT","pearson (r)","sample",1000,1000,1000,1000,0,0.0576637378287564,0.00277904466912432,0.0878811087378186,0.00196606460894363,0.0888845622317766,1.01141830716942,0.0226273173737026,0.0655607223170644,1,0,0.345239619196023,"09b_or_to_cor_CAT",1000
0.25,300,0.5,0.5,"CAT","pearson (r)","sample",1000,1000,1000,1000,0,0.132996499360247,0.00251125491714611,0.0794128532347913,0.00177661391034509,0.0809619773172247,1.01950722105215,0.0228082814914525,0.135292245329606,0.879,0.0103130499853341,0.314931824336365,"09b_or_to_cor_CAT",1000
0.5,300,0.5,0.5,"CAT","pearson (r)","sample",1000,1000,1000,1000,0,0.206442311661431,0.0017893639114732,0.0565846552316322,0.00126590446636359,0.0559743967923898,0.98921512490013,0.022130590699534,0.206565271444086,0.002,0.00141279864099595,0.219038354180491,"09b_or_to_cor_CAT",1000
0.75,300,0.5,0.5,"CAT","pearson (r)","sample",1000,1000,1000,1000,0,0.174231409331351,0.000755824327966432,0.0239012638734003,0.000534715932530026,0.0235732920839751,0.986278056626529,0.0220648829943205,0.174903325980282,0,0,0.0940839302358722,"09b_or_to_cor_CAT",1000
0,25,0.3,0.1,"CAT","pearson (z)","sample",1000,935,935,935,0.0649999999999999,0.0727995750885258,0.0154777416829987,0.473274820702801,0.0109502734292435,0.597637102926753,1.26276969909212,0.0292170064375886,0.27955863067381,1,0,2.3859969627901,"09b_or_to_cor_CAT",1000
0.1,25,0.3,0.1,"CAT","pearson (z)","sample",1000,940,940,940,0.0600000000000001,0.203287142153386,0.0163116168723762,0.50010470332893,0.0115401949375592,0.597051655208568,1.1938533095856,0.0275488309303231,0.346769199161078,1,0,2.3701301838596,"09b_or_to_cor_CAT",1000
0.25,25,0.3,0.1,"CAT","pearson (z)","sample",1000,925,925,925,0.075,0.383643835563331,0.0160906887726687,0.489379193765397,0.0113839903174059,0.610882288902222,1.24828005907229,0.029037622128051,0.468428382455849,1,0,2.40604779278213,"09b_or_to_cor_CAT",1000
0.5,25,0.3,0.1,"CAT","pearson (z)","sample",1000,930,930,930,0.07,0.710565993534175,0.0103074079136498,0.314333695052702,0.00729235971019583,0.701029706835383,2.23020859000766,0.051739547885179,0.729865165873976,1,0,2.75074465538489,"09b_or_to_cor_CAT",1000
0,50,0.3,0.1,"CAT","pearson (z)","sample",1000,997,997,997,0.003,-0.01262764189209,0.0133404553608135,0.421228970972032,0.00943786076695904,0.482678113103714,1.14588061687657,0.0256740691236933,0.278794414542976,1,0,1.88020436743381,"09b_or_to_cor_CAT",1000
0.1,50,0.3,0.1,"CAT","pearson (z)","sample",1000,992,992,992,0.00800000000000001,0.162788229657713,0.0134685618983247,0.424206249756097,0.00952851534120264,0.46366629011693,1.09302088402403,0.0245514210779922,0.321199282526212,1,0,1.79767180524326,"09b_or_to_cor_CAT",1000
0.25,50,0.3,0.1,"CAT","pearson (z)","sample",1000,991,991,991,0.00900000000000001,0.437731591007695,0.0137116142791463,0.431643708218744,0.00970047095714004,0.491220683248142,1.138023499231,0.0255751762220494,0.521042832776809,0.998990918264379,0.00100857248414446,1.89089817216059,"09b_or_to_cor_CAT",1000
0.5,50,0.3,0.1,"CAT","pearson (z)","sample",1000,996,996,996,0.004,0.956695168327024,0.00820919407029457,0.259077794908449,0.0058076930359058,0.670657091303434,2.58863208072473,0.0580288268744141,0.968246850806709,0.988955823293173,0.00331150526743363,2.61487475637358,"09b_or_to_cor_CAT",1000
0,100,0.3,0.1,"CAT","pearson (z)","sample",1000,1000,1000,1000,0,-0.0364865427005978,0.0105847233679356,0.334718342454848,0.00748827474432576,0.343089782566771,1.02501040143342,0.0229313979193132,0.239384822423582,1,0,1.31138741540662,"09b_or_to_cor_CAT",1000
0.1,100,0.3,0.1,"CAT","pearson (z)","sample",1000,1000,1000,1000,0,0.154524986902213,0.00951857096077317,0.301003643059805,0.00673401392270229,0.304393094887568,1.01126050101357,0.0226237869551342,0.252926107392079,0.998,0.00141279864099595,1.17579098827567,"09b_or_to_cor_CAT",1000
0.25,100,0.3,0.1,"CAT","pearson (z)","sample",1000,1000,1000,1000,0,0.444812380787007,0.0109359805638397,0.345826070290659,0.00773677537088155,0.342875970647958,0.99146941223887,0.0221810233194536,0.508965579871759,0.907,0.00918428004799505,1.29674683531919,"09b_or_to_cor_CAT",1000
0.5,100,0.3,0.1,"CAT","pearson (z)","sample",1000,1000,1000,1000,0,1.22527558866432,0.00670817927246664,0.212131254537258,0.00474577253276095,0.646255832375107,3.04649040889729,0.0681556828360954,1.23394065302059,0.292,0.0143783170086071,2.49851081581513,"09b_or_to_cor_CAT",1000
0,300,0.3,0.1,"CAT","pearson (z)","sample",1000,1000,1000,1000,0,-0.0103038338761294,0.00568316894224742,0.179717581850318,0.00402061810957543,0.173791383494541,0.967024938268352,0.0216341547620591,0.123316704460585,0.997,0.00172945077987204,0.676379835263089,"09b_or_to_cor_CAT",1000
0.1,300,0.3,0.1,"CAT","pearson (z)","sample",1000,1000,1000,1000,0,0.161349735685285,0.00502392529716253,0.158870467335719,0.00355422920490165,0.159753026135441,1.00555520994256,0.0224961489334985,0.189138104844658,0.949,0.00695693898205238,0.625612785264772,"09b_or_to_cor_CAT",1000
0.25,300,0.3,0.1,"CAT","pearson (z)","sample",1000,1000,1000,1000,0,0.406865394000098,0.00536965116110876,0.169803279096714,0.0037988166320319,0.171662005093885,1.01094634925225,0.0226167587932387,0.422303171035046,0.196,0.0125532465920175,0.669184960247941,"09b_or_to_cor_CAT",1000
0.5,300,0.3,0.1,"CAT","pearson (z)","sample",1000,1000,1000,1000,0,1.64905501882637,0.00716564655641148,0.226597640260025,0.00506941261192416,0.610606955415895,2.69467481971662,0.0602849107361857,1.66137672905925,0,0,2.33148809226416,"09b_or_to_cor_CAT",1000
0,25,0.5,0.1,"CAT","pearson (z)","sample",1000,919,919,919,0.081,0.00929687284300762,0.0159555948889969,0.483694063011507,0.01128845271996,0.575930845113366,1.19069240074519,0.0277883809161165,0.277042297156354,1,0,2.28448371454578,"09b_or_to_cor_CAT",1000
0.1,25,0.5,0.1,"CAT","pearson (z)","sample",1000,932,932,932,0.0679999999999999,0.122400529574487,0.0152216472001925,0.464696721023511,0.0107691089256056,0.590121266330154,1.2699062412801,0.029429427880469,0.293781498642789,1,0,2.34581854029301,"09b_or_to_cor_CAT",1000
0.25,25,0.5,0.1,"CAT","pearson (z)","sample",1000,935,935,935,0.0649999999999999,0.329215728578831,0.0125105213101599,0.382543839484558,0.00885100888065008,0.628225443935674,1.64223124016884,0.0379966994381623,0.397103954462198,1,0,2.50105778878536,"09b_or_to_cor_CAT",1000
0,50,0.5,0.1,"CAT","pearson (z)","sample",1000,991,991,991,0.00900000000000001,-0.0042356522654588,0.0133469878731925,0.420165213362033,0.00944251096868405,0.454662603150055,1.08210434536449,0.0243184866938539,0.280269636081298,1,0,1.76278953140227,"09b_or_to_cor_CAT",1000
0.1,50,0.5,0.1,"CAT","pearson (z)","sample",1000,994,994,994,0.00600000000000001,0.18949435436381,0.0132125488502084,0.416562142346646,0.00934738597632226,0.477573465057317,1.14646391620461,0.025725911318587,0.338974892904155,1,0,1.85104319443432,"09b_or_to_cor_CAT",1000
0.25,50,0.5,0.1,"CAT","pearson (z)","sample",1000,997,997,997,0.003,0.499986912307831,0.0111701077420541,0.352699579030354,0.00790242302606143,0.556855843722463,1.57883898033952,0.0353747332134032,0.554871624518328,1,0,2.16800578510145,"09b_or_to_cor_CAT",1000
0,100,0.5,0.1,"CAT","pearson (z)","sample",1000,1000,1000,1000,0,0.0130740270998396,0.00998359482987019,0.31570898898671,0.00706299998813095,0.303326209453264,0.960777868336311,0.0214943961349846,0.217993938447205,1,0,1.16631441146016,"09b_or_to_cor_CAT",1000
0.1,100,0.5,0.1,"CAT","pearson (z)","sample",1000,1000,1000,1000,0,0.197944674001914,0.00996525413658124,0.315129005340114,0.007050024670253,0.324330981392595,1.02920066352683,0.0230251419118774,0.299562107482095,1,0,1.24111466400622,"09b_or_to_cor_CAT",1000
0.25,100,0.5,0.1,"CAT","pearson (z)","sample",1000,1000,1000,1000,0,0.635704843641284,0.0105010389090093,0.332072007505192,0.00742907128680621,0.476749141524538,1.43568000538884,0.0321188442988809,0.6878485259475,0.992,0.00281709069786544,1.8026569428965,"09b_or_to_cor_CAT",1000
0,300,0.5,0.1,"CAT","pearson (z)","sample",1000,1000,1000,1000,0,-0.0015176380689466,0.00511478715885691,0.161743771689693,0.00361851039208974,0.156947868328781,0.970348760197623,0.0217085148692019,0.104449051840961,1,0,0.614275426159914,"09b_or_to_cor_CAT",1000
0.1,300,0.5,0.1,"CAT","pearson (z)","sample",1000,1000,1000,1000,0,0.180780796131496,0.0052353203062275,0.165555364482091,0.00370378284484401,0.165712367866609,1.00094834368556,0.0223930847273671,0.212793179169586,0.943,0.00733150734842434,0.646890736048908,"09b_or_to_cor_CAT",1000
0.25,300,0.5,0.1,"CAT","pearson (z)","sample",1000,1000,1000,1000,0,0.65724040502762,0.0088289898223265,0.279197172769971,0.0062461624367734,0.284199264386821,1.01791598234045,0.0227726825082308,0.701328501964448,0.058,0.00739161687318817,1.04878095763,"09b_or_to_cor_CAT",1000
0,25,0.3,0.3,"CAT","pearson (z)","sample",1000,1000,1000,1000,0,4.48573579544343e-05,0.0143561761197083,0.453982150287963,0.0101564289708283,0.449211964632194,0.989492570021214,0.0221367976653008,0.239679585838492,1,0,1.75225237369975,"09b_or_to_cor_CAT",1000
0.1,25,0.3,0.3,"CAT","pearson (z)","sample",1000,1000,1000,1000,0,0.0887717163765225,0.0144575017272992,0.45718634734084,0.0102281128459662,0.435472174339728,0.952504765010131,0.0213093113552254,0.256763641467061,1,0,1.69822063673468,"09b_or_to_cor_CAT",1000
0.25,25,0.3,0.3,"CAT","pearson (z)","sample",1000,1000,1000,1000,0,0.253212025528152,0.014225861797357,0.449861249584249,0.0100642367221539,0.444018634246892,0.987012405841231,0.0220813117583901,0.35167099185723,1,0,1.72654210196529,"09b_or_to_cor_CAT",1000
0.5,25,0.3,0.3,"CAT","pearson (z)","sample",1000,1000,1000,1000,0,0.546273190710577,0.0148901065327325,0.470866512459873,0.0105341637011651,0.515930363532803,1.09570408997129,0.0245129478235669,0.616261282898662,1,0,1.97447739545439,"09b_or_to_cor_CAT",1000
0.75,25,0.3,0.3,"CAT","pearson (z)","sample",1000,999,999,999,0.001,0.981997553877201,0.0150908497432565,0.476975903193833,0.0106761869621081,0.682167546490002,1.43019289218219,0.032012113414061,1.03506765653715,0.990990990990991,0.00298944535812814,2.59194889531029,"09b_or_to_cor_CAT",1000
0,50,0.3,0.3,"CAT","pearson (z)","sample",1000,1000,1000,1000,0,-0.0175257405640932,0.00918122207948606,0.290335734750034,0.00649535288074995,0.293637297101048,1.01137153286989,0.0226262709452239,0.1558062515726,1,0,1.14515761178421,"09b_or_to_cor_CAT",1000
0.1,50,0.3,0.3,"CAT","pearson (z)","sample",1000,1000,1000,1000,0,0.0798384982680561,0.0092049642048178,0.291086526675449,0.00651214949898155,0.282562102532253,0.970715153873471,0.0217167117803398,0.167866516898649,1,0,1.10404055494718,"09b_or_to_cor_CAT",1000
0.25,50,0.3,0.3,"CAT","pearson (z)","sample",1000,1000,1000,1000,0,0.218622496130021,0.00874154442025154,0.27643190635531,0.00618429826015741,0.282404213827176,1.02160498601847,0.0228552124134379,0.259637604737468,1,0,1.10579060367063,"09b_or_to_cor_CAT",1000
0.5,50,0.3,0.3,"CAT","pearson (z)","sample",1000,1000,1000,1000,0,0.524515528523395,0.0116412475706182,0.368128571290553,0.00823572399063141,0.343307047585081,0.93257376459954,0.020863417634824,0.575460472806854,0.834,0.0117662228433767,1.31783573522179,"09b_or_to_cor_CAT",1000
0.75,50,0.3,0.3,"CAT","pearson (z)","sample",1000,1000,1000,1000,0,1.09073406265529,0.0140893797162174,0.445545307222239,0.00996768102714661,0.521691308379692,1.17090518051281,0.0261953367327548,1.14476832603076,0.139,0.0109397897603199,1.96553183124183,"09b_or_to_cor_CAT",1000
0,100,0.3,0.3,"CAT","pearson (z)","sample",1000,1000,1000,1000,0,-0.0110912682475266,0.0065107416576084,0.205887728949827,0.004606093199298,0.196444840377525,0.954135738829764,0.0213457992870568,0.1070702357593,1,0,0.768121027269647,"09b_or_to_cor_CAT",1000
0.1,100,0.3,0.3,"CAT","pearson (z)","sample",1000,1000,1000,1000,0,0.083862967742371,0.00603965846747312,0.19099077046737,0.00427282040297225,0.189565081117938,0.992535297145808,0.0222048691564353,0.122427788955554,1,0,0.744059857067248,"09b_or_to_cor_CAT",1000
0.25,100,0.3,0.3,"CAT","pearson (z)","sample",1000,1000,1000,1000,0,0.207102388781562,0.00588878640159056,0.186219776832532,0.00416608436072526,0.191540117442897,1.02857022331817,0.0230110377864277,0.225016948731557,0.985,0.00384382621875652,0.751702874455678,"09b_or_to_cor_CAT",1000
0.5,100,0.3,0.3,"CAT","pearson (z)","sample",1000,1000,1000,1000,0,0.491623248379199,0.00769817248949825,0.243437588876631,0.00544615372804177,0.227101272938602,0.932893206782835,0.0208705641533443,0.513809079544618,0.287,0.0143049292203771,0.884413464465611,"09b_or_to_cor_CAT",1000
0.75,100,0.3,0.3,"CAT","pearson (z)","sample",1000,1000,1000,1000,0,1.03715053284282,0.0111167046862371,0.351541068839766,0.00786463056694064,0.342785704446704,0.975094334150037,0.0218146822256561,1.07523190151263,0,0,1.30383584263631,"09b_or_to_cor_CAT",1000
0,300,0.3,0.3,"CAT","pearson (z)","sample",1000,1000,1000,1000,0,0.00168833188312708,0.00332672612359732,0.105200317021504,0.00235352765931391,0.108859162075768,1.03477979114375,0.0231499574213077,0.0496092745565962,1,0,0.426932944190315,"09b_or_to_cor_CAT",1000
0.1,300,0.3,0.3,"CAT","pearson (z)","sample",1000,1000,1000,1000,0,0.08254286248504,0.00336619403245376,0.106448401886206,0.00238144964979278,0.106576846880987,1.00120664089366,0.0223988633185424,0.0953175719643458,0.999,0.000999499874937461,0.418070120582529,"09b_or_to_cor_CAT",1000
0.25,300,0.3,0.3,"CAT","pearson (z)","sample",1000,1000,1000,1000,0,0.201698555500623,0.00346609008314188,0.109607392380507,0.00245212216974657,0.108368757565057,0.98869934966475,0.0221190518437888,0.20787900320553,0.598,0.0155047089621186,0.424993575981056,"09b_or_to_cor_CAT",1000
0.5,300,0.3,0.3,"CAT","pearson (z)","sample",1000,1000,1000,1000,0,0.455715865195869,0.00400429748840833,0.12662700492262,0.00283288270358109,0.124860896465186,0.986052671319884,0.0220598407038768,0.461452810309511,0,0,0.488896158141817,"09b_or_to_cor_CAT",1000
0.75,300,0.3,0.3,"CAT","pearson (z)","sample",1000,1000,1000,1000,0,0.975860795912575,0.00558748485779013,0.176691785423188,0.00395292538977833,0.179132717797064,1.01381463415535,0.0226809276859317,0.985387418112765,0,0,0.698527863783684,"09b_or_to_cor_CAT",1000
0,25,0.5,0.3,"CAT","pearson (z)","sample",1000,1000,1000,1000,0,0.000469209526515323,0.013028990582962,0.412012858550449,0.00921749749473911,0.39837853115887,0.966908005154141,0.0216315387498038,0.209800799899287,1,0,1.55451007242071,"09b_or_to_cor_CAT",1000
0.1,25,0.5,0.3,"CAT","pearson (z)","sample",1000,1000,1000,1000,0,0.100587887548438,0.0132566106235643,0.419210836244483,0.00937852970522732,0.405749540142848,0.967888959593152,0.0216534845335249,0.236923761082483,1,0,1.58138203500821,"09b_or_to_cor_CAT",1000
0.25,25,0.5,0.3,"CAT","pearson (z)","sample",1000,1000,1000,1000,0,0.252148445429931,0.0128450925449832,0.406197491977957,0.00908739687845853,0.439013834545846,1.08078913143479,0.0241792723323988,0.335415844804866,1,0,1.69962419092206,"09b_or_to_cor_CAT",1000
0.5,25,0.5,0.3,"CAT","pearson (z)","sample",1000,1000,1000,1000,0,0.591667110790758,0.0122233238000566,0.386535437859233,0.00864751998913429,0.570222720488205,1.47521459777736,0.0330033070012799,0.635835262290807,1,0,2.19378258180385,"09b_or_to_cor_CAT",1000
0,50,0.5,0.3,"CAT","pearson (z)","sample",1000,1000,1000,1000,0,0.00109527623770902,0.00893039062357598,0.282403747655115,0.00631789950846212,0.261201726029591,0.924923016066286,0.0206922560946569,0.13601236442287,1,0,1.02294916415484,"09b_or_to_cor_CAT",1000
0.1,50,0.5,0.3,"CAT","pearson (z)","sample",1000,1000,1000,1000,0,0.082666670377159,0.00831970657457185,0.263092222399245,0.00588586460476561,0.262057984952726,0.996068916682189,0.0222839228280575,0.150444367219889,1,0,1.02791741440858,"09b_or_to_cor_CAT",1000
0.25,50,0.5,0.3,"CAT","pearson (z)","sample",1000,1000,1000,1000,0,0.246512966095951,0.00959095680014283,0.303292684287317,0.0067852240520516,0.294875217253736,0.972246389478995,0.02175096838196,0.301615823124461,1,0,1.13833135281431,"09b_or_to_cor_CAT",1000
0.5,50,0.5,0.3,"CAT","pearson (z)","sample",1000,1000,1000,1000,0,0.679114459826652,0.01131413801246,0.357784458808643,0.00800430686636311,0.454286352218206,1.26972075235156,0.0284060257123885,0.728240557071319,0.941,0.00745110730026082,1.70414485057604,"09b_or_to_cor_CAT",1000
0,100,0.5,0.3,"CAT","pearson (z)","sample",1000,1000,1000,1000,0,-0.00172236704242031,0.00590816557482722,0.18683260009852,0.00417979436225006,0.176425844297807,0.944299036703309,0.0211257338805399,0.0829550622542341,1,0,0.692921370023568,"09b_or_to_cor_CAT",1000
0.1,100,0.5,0.3,"CAT","pearson (z)","sample",1000,1000,1000,1000,0,0.0765575450763596,0.00573414407193419,0.181329556988644,0.00405668100540684,0.178582730497366,0.984851744321801,0.022032973722989,0.11271533366625,0.999,0.000999499874937461,0.700933351660343,"09b_or_to_cor_CAT",1000
0.25,100,0.5,0.3,"CAT","pearson (z)","sample",1000,1000,1000,1000,0,0.22053349949075,0.00606946478522458,0.191933328994944,0.0042939071984114,0.193760446207056,1.00951954109107,0.0225848384286718,0.243572125207669,0.965,0.00581162627841812,0.757410685377142,"09b_or_to_cor_CAT",1000
0.5,100,0.5,0.3,"CAT","pearson (z)","sample",1000,1000,1000,1000,0,0.670691765496372,0.0100309372610463,0.317206088111574,0.00709649289289453,0.32092383962195,1.01172030313955,0.0226340735878358,0.717105462981913,0.165,0.0117377595817941,1.19119989841443,"09b_or_to_cor_CAT",1000
0,300,0.5,0.3,"CAT","pearson (z)","sample",1000,1000,1000,1000,0,0.00217064478564627,0.00321702240121415,0.101731180716208,0.0022759165980585,0.0998294067290332,0.981305888973415,0.0219536463133896,0.0431650648212022,1,0,0.391643124341218,"09b_or_to_cor_CAT",1000
0.1,300,0.5,0.3,"CAT","pearson (z)","sample",1000,1000,1000,1000,0,0.0749334249838274,0.00315535004218234,0.0997809294840458,0.0022322858339367,0.10103299616482,1.0125481561181,0.0226525942058152,0.0867679579622324,0.999,0.000999499874937461,0.396308862384787,"09b_or_to_cor_CAT",1000
0.25,300,0.5,0.3,"CAT","pearson (z)","sample",1000,1000,1000,1000,0,0.201609365348881,0.00340088241869534,0.107545344974997,0.00240599031633501,0.108255692098866,1.00660509410272,0.0225196368038775,0.208817821941318,0.59,0.0155531347322654,0.424238781429983,"09b_or_to_cor_CAT",1000
0.5,300,0.5,0.3,"CAT","pearson (z)","sample",1000,1000,1000,1000,0,0.61187943206668,0.00512610564119538,0.162101693528153,0.00362651777239559,0.160005395510767,0.987068006682967,0.0220825556531103,0.624798193793089,0,0,0.61965782168034,"09b_or_to_cor_CAT",1000
0,25,0.3,0.5,"CAT","pearson (z)","sample",1000,999,999,999,0.001,-0.000156649598633965,0.0123273475048864,0.38962999500773,0.00872111703105746,0.395106369473916,1.01405532052551,0.0226976753319364,0.196052278694495,1,0,1.54487473819612,"09b_or_to_cor_CAT",1000
0.1,25,0.3,0.5,"CAT","pearson (z)","sample",1000,1000,1000,1000,0,0.0893783947316674,0.0133810615885364,0.423146321307659,0.00946657385957249,0.412630611776433,0.975148762965185,0.0218158998999516,0.237361194059153,1,0,1.60568985563489,"09b_or_to_cor_CAT",1000
0.25,25,0.3,0.5,"CAT","pearson (z)","sample",1000,1000,1000,1000,0,0.254225830701509,0.0131629581105046,0.416249283745808,0.00931227424215,0.443390526366193,1.06520429867444,0.0238306105031787,0.341156483717482,1,0,1.71196600060165,"09b_or_to_cor_CAT",1000
0.5,25,0.3,0.5,"CAT","pearson (z)","sample",1000,1000,1000,1000,0,0.595615416178523,0.0119508393100107,0.37791872170309,0.00845474794832576,0.571168382180362,1.51135244003365,0.0338117780563691,0.638729524365935,0.999,0.000999499874937461,2.19751707993344,"09b_or_to_cor_CAT",1000
0,50,0.3,0.5,"CAT","pearson (z)","sample",1000,1000,1000,1000,0,0.000494290251925943,0.00859345110708723,0.271748784596912,0.00607952807597563,0.260023162398859,0.956851243270709,0.0214065501953401,0.129710772540643,1,0,1.01911481002018,"09b_or_to_cor_CAT",1000
0.1,50,0.3,0.5,"CAT","pearson (z)","sample",1000,1000,1000,1000,0,0.0878165948827037,0.00890559359171825,0.281619596656293,0.00630035658542674,0.267573233921845,0.950122921482659,0.0212560250650242,0.167968402594709,1,0,1.0432801618836,"09b_or_to_cor_CAT",1000
0.25,50,0.3,0.5,"CAT","pearson (z)","sample",1000,1000,1000,1000,0,0.239372612818337,0.00906739516798448,0.28673621175636,0.00641482482564706,0.290184300863562,1.01202530048814,0.0226408969484137,0.290377661746789,0.999,0.000999499874937461,1.12328405658648,"09b_or_to_cor_CAT",1000
0.5,50,0.3,0.5,"CAT","pearson (z)","sample",1000,1000,1000,1000,0,0.667124625792441,0.0112884355700939,0.35697167621558,0.00798612340106621,0.448285412790846,1.25580106955074,0.0280946163991076,0.716380885294101,0.938,0.00762600813007697,1.6821607292886,"09b_or_to_cor_CAT",1000
0,100,0.3,0.5,"CAT","pearson (z)","sample",1000,1000,1000,1000,0,0.00487753766889558,0.00577988702062702,0.18277607603626,0.00408904233933316,0.176840816684277,0.967527154096438,0.0216453902685272,0.0806730251570015,1,0,0.694596260284128,"09b_or_to_cor_CAT",1000
0.1,100,0.3,0.5,"CAT","pearson (z)","sample",1000,1000,1000,1000,0,0.0733576232576422,0.0058581791959723,0.185251892006864,0.00414443096867536,0.178518142180291,0.963650844514328,0.0215586699802633,0.111700237272037,1,0,0.700806731988024,"09b_or_to_cor_CAT",1000
0.25,100,0.3,0.5,"CAT","pearson (z)","sample",1000,1000,1000,1000,0,0.211197092353385,0.00614314767472878,0.194263386549101,0.00434603493962707,0.192628534169544,0.991584351490011,0.0221835947252664,0.234947291895716,0.981,0.00431729081716764,0.753106074418232,"09b_or_to_cor_CAT",1000
0.5,100,0.3,0.5,"CAT","pearson (z)","sample",1000,1000,1000,1000,0,0.664065829074027,0.0101482539564613,0.320915967762328,0.0071794898326185,0.317388427937901,0.989007901822325,0.0221259547320857,0.710968121325656,0.176,0.0120425910833176,1.18001483043615,"09b_or_to_cor_CAT",1000
0,300,0.3,0.5,"CAT","pearson (z)","sample",1000,1000,1000,1000,0,-1.1536847466694e-05,0.00306031980402179,0.0967758094922896,0.00216505568463297,0.0996873123240126,1.03008502689874,0.0230449267729464,0.0407429247671501,1,0,0.391090551043098,"09b_or_to_cor_CAT",1000
0.1,300,0.3,0.5,"CAT","pearson (z)","sample",1000,1000,1000,1000,0,0.0738043704179191,0.0033783579613076,0.10683305909095,0.00239005515019763,0.101065059929565,0.946009229629246,0.0211639940918008,0.0873417128903642,0.998,0.00141279864099595,0.396425941465844,"09b_or_to_cor_CAT",1000
0.25,300,0.3,0.5,"CAT","pearson (z)","sample",1000,1000,1000,1000,0,0.203231348229467,0.0034563748374455,0.10930016933622,0.00244524901619741,0.108188152063963,0.98982602425037,0.0221442576594686,0.210515098068115,0.56,0.0156971334962789,0.423996523652074,"09b_or_to_cor_CAT",1000
0.5,300,0.3,0.5,"CAT","pearson (z)","sample",1000,1000,1000,1000,0,0.610316693804628,0.00522719845734774,0.165298529069374,0.00369803695676272,0.160010257762272,0.968007753384894,0.0216561421726132,0.623446683651613,0,0,0.619603497857806,"09b_or_to_cor_CAT",1000
0,25,0.5,0.5,"CAT","pearson (z)","sample",1000,1000,1000,1000,0,0.00176910386795828,0.0124463611035615,0.393588496681813,0.00880531009368612,0.349073697968261,0.886900153107017,0.0198416136042673,0.176996358343293,1,0,1.37271770339843,"09b_or_to_cor_CAT",1000
0.1,25,0.5,0.5,"CAT","pearson (z)","sample",1000,1000,1000,1000,0,0.0811358980689017,0.0115657924859685,0.365742472005214,0.00818234249117483,0.349683608505625,0.956092429157749,0.0213895741057836,0.183448016229397,1,0,1.37648621942379,"09b_or_to_cor_CAT",1000
0.25,25,0.5,0.5,"CAT","pearson (z)","sample",1000,1000,1000,1000,0,0.207025680553593,0.0123870451275708,0.391712760824148,0.00876334637772433,0.37413526706917,0.955126573568867,0.0213679661115523,0.286315839209755,1,0,1.45782318201669,"09b_or_to_cor_CAT",1000
0.5,25,0.5,0.5,"CAT","pearson (z)","sample",1000,1000,1000,1000,0,0.496476147173241,0.0137925173285813,0.436157694256579,0.00975766258428301,0.465026607657103,1.0661891645629,0.0238526437933324,0.563970057556556,1,0,1.77794741748854,"09b_or_to_cor_CAT",1000
0.75,25,0.5,0.5,"CAT","pearson (z)","sample",1000,1000,1000,1000,0,0.970783394957464,0.0143572633394313,0.45401653119438,0.0101571981359458,0.646412164818825,1.42376349847507,0.0318522497731415,1.02360818894098,0.974,0.00503229569878401,2.45391141580259,"09b_or_to_cor_CAT",1000
0,50,0.5,0.5,"CAT","pearson (z)","sample",1000,1000,1000,1000,0,0.00339040538087592,0.007508747516616,0.237447445276396,0.00531214302307845,0.231376564188882,0.974432737819321,0.0217998810795406,0.0944290400753451,1,0,0.911578178794727,"09b_or_to_cor_CAT",1000
0.1,50,0.5,0.5,"CAT","pearson (z)","sample",1000,1000,1000,1000,0,0.0679221320352052,0.00754631389298616,0.238635398404084,0.00533871975424374,0.233270870188636,0.977519981313233,0.0218689484850359,0.118905918926391,1,0,0.918454720072801,"09b_or_to_cor_CAT",1000
0.25,50,0.5,0.5,"CAT","pearson (z)","sample",1000,1000,1000,1000,0,0.17111415511059,0.00781468983433872,0.247122190842743,0.00552858515872875,0.244026356886437,0.987472456658999,0.0220916039547918,0.204576639499512,1,0,0.957852143022321,"09b_or_to_cor_CAT",1000
0.5,50,0.5,0.5,"CAT","pearson (z)","sample",1000,1000,1000,1000,0,0.425868179099864,0.00952834421754613,0.301312700575407,0.00674092811680248,0.295215257887311,0.979763738214648,0.0219191455193963,0.463324379282578,0.899,0.00952885092757778,1.14297121251866,"09b_or_to_cor_CAT",1000
0.75,50,0.5,0.5,"CAT","pearson (z)","sample",1000,1000,1000,1000,0,1.01805345446971,0.014483507392576,0.458008718684267,0.0102465108295254,0.473092389369222,1.03293315185852,0.0231086446500384,1.08092186930683,0.15,0.0112915897906362,1.77750089894105,"09b_or_to_cor_CAT",1000
0,100,0.5,0.5,"CAT","pearson (z)","sample",1000,1000,1000,1000,0,-0.0011555543750147,0.00519078061099015,0.164146895649693,0.00367227276532921,0.159986360419758,0.974653585658944,0.0218048218583687,0.062169982272554,1,0,0.628899399701506,"09b_or_to_cor_CAT",1000
0.1,100,0.5,0.5,"CAT","pearson (z)","sample",1000,1000,1000,1000,0,0.058019695300922,0.00523795804775778,0.165638777193236,0.00370564894304957,0.161201468652697,0.973210931547975,0.0217725469902968,0.0867659252375482,0.999,0.000999499874937461,0.633515623147345,"09b_or_to_cor_CAT",1000
0.25,100,0.5,0.5,"CAT","pearson (z)","sample",1000,1000,1000,1000,0,0.162980769016299,0.00533400742545588,0.168676125206914,0.00377360009342197,0.168230923544775,0.997360612466095,0.0223128204762863,0.178467923946025,0.992,0.00281709069786544,0.660439808315706,"09b_or_to_cor_CAT",1000
0.5,100,0.5,0.5,"CAT","pearson (z)","sample",1000,1000,1000,1000,0,0.407754575736102,0.0064548664302194,0.204120799116536,0.00456656367740629,0.200069939950866,0.98015459873172,0.0219278897994889,0.424651468484926,0.422,0.015617810345884,0.781477101327942,"09b_or_to_cor_CAT",1000
0.75,100,0.5,0.5,"CAT","pearson (z)","sample",1000,1000,1000,1000,0,0.944422709373608,0.00992382580890153,0.313818926588917,0.00702071576069723,0.303143248095896,0.96598140651024,0.0216108090067836,0.977117655483479,0,0,1.16135508529369,"09b_or_to_cor_CAT",1000
0,300,0.5,0.5,"CAT","pearson (z)","sample",1000,1000,1000,1000,0,-0.000882871298153639,0.00287069795791726,0.0907794402141273,0.0020309056996217,0.0912209179417799,1.00486319068074,0.0224806671695689,0.0334098147747001,1,0,0.357930147926199,"09b_or_to_cor_CAT",1000
0.1,300,0.5,0.5,"CAT","pearson (z)","sample",1000,1000,1000,1000,0,0.0603945410039255,0.00287743762511288,0.0909925672042241,0.00203567374861947,0.0919595597996248,1.01062716027377,0.0226096179393831,0.0694588276655108,1,0,0.360803665256041,"09b_or_to_cor_CAT",1000
0.25,300,0.5,0.5,"CAT","pearson (z)","sample",1000,1000,1000,1000,0,0.157119919478644,0.00296318745927818,0.0937042150536648,0.00209633837774481,0.0957396918182232,1.02172236076459,0.0228578383058241,0.161908274104568,0.786,0.0129693484801666,0.375515870931588,"09b_or_to_cor_CAT",1000
0.5,300,0.5,0.5,"CAT","pearson (z)","sample",1000,1000,1000,1000,0,0.387355840970133,0.00358651552368931,0.113415579184098,0.0025373184241671,0.112175778313854,0.989068513522014,0.0221273107290611,0.392456534666517,0,0,0.439385051327044,"09b_or_to_cor_CAT",1000
0.75,300,0.5,0.5,"CAT","pearson (z)","sample",1000,1000,1000,1000,0,0.883948091712489,0.00515376760278646,0.162976441559912,0.00364608752033898,0.16078387301453,0.986546714823344,0.022070893380173,0.892699090474662,0,0,0.627518313079921,"09b_or_to_cor_CAT",1000
